checkpoint,env,sequence,pass,decision,base_force_n,force_cmd_mean_n,force_used_mean_n,force_used_max_n,force_action_mean,feed_cmd_mean_mm_s,feed_action_mean,fallback_steps,gu_before,gu_after,ra_before_um,ra_after_um,rz_before_um,rz_after_um,scratch_before_um,scratch_after_um,clearcoat_before_um,clearcoat_after_um,clearcoat_removed_um,clearcoat_budget_um,temperature_peak_c,thermal_damage_peak,shortfall_ratio,removal_per_force_um_n,desired_extra_force_n,max_extra_force_n,next_base_force_n,quality_ok,safety_ok,tile_gu_mean,tile_gu_min,tile_gu_fail_count,tile_rework_candidate_count,tile_stop_count,tile_optimistic_ceiling_gu_mean,tile_optimistic_ceiling_gu_min,tile_ceiling_blocked_count,tile_plausible_rework_count,tile_budget_stop_count,tile_fail_indices,tile_rework_indices,tile_stop_indices,tile_ceiling_blocked_indices,tile_plausible_rework_indices,tile_budget_stop_indices,tile_limiter_counts_json,tile_gu_map_json,tile_optimistic_ceiling_gu_map_json,tile_limiter_map_json,tile_cc_min_map_json
finish_rule,32,0,1,success,5.7779998779296875,5.777801513671875,5.659215450286865,6.929739952087402,0.0,5.945709068328142,0.0,0,63.60848644907397,73.44859029433134,0.11452442958641071,0.10878930360714552,1.4234138821280087,0.9014957428429464,1.0311235174833815,0.4735347279433031,48.75134409548239,47.50454447691033,1.2467996185720551,12.504544476910333,35.90277408011025,0.008118307720538688,0.0,0.22031315639500082,,,,True,True,73.44859029433134,66.6540051930306,5,5,0,76.55807645695415,76.06562359809638,0,5,0,1:4;2:3;2:4;3:2;3:3,1:4;2:3;2:4;3:2;3:3,,,1:4;2:3;2:4;3:2;3:3,,"{""q_clearcoat"": 0, ""q_ra"": 0, ""q_scratch"": 5, ""q_thermal"": 0, ""q_uniformity"": 0}","[[75.391, 72.956, 71.538, 74.564, 74.971], [74.635, 75.875, 75.797, 74.12, 69.138], [74.596, 73.387, 72.846, 69.748, 69.71], [75.153, 75.43, 69.068, 66.654, 74.97], [75.052, 75.667, 75.062, 75.023, 74.865]]","[[77.008, 76.804, 76.702, 76.561, 76.594], [76.75, 76.71, 76.617, 76.444, 76.467], [76.721, 76.669, 76.4, 76.433, 76.474], [76.772, 76.548, 76.51, 76.066, 76.146], [76.827, 76.572, 76.516, 76.16, 76.48]]","[[""q_uniformity"", ""q_scratch"", ""q_scratch"", ""q_clearcoat"", ""q_uniformity""], [""q_uniformity"", ""q_clearcoat"", ""q_clearcoat"", ""q_clearcoat"", ""q_scratch""], [""q_uniformity"", ""q_scratch"", ""q_uniformity"", ""q_scratch"", ""q_scratch""], [""q_uniformity"", ""q_clearcoat"", ""q_scratch"", ""q_scratch"", ""q_clearcoat""], [""q_uniformity"", ""q_clearcoat"", ""q_uniformity"", ""q_clearcoat"", ""q_uniformity""]]","[[48.908, 48.691, 48.584, 48.436, 48.471], [48.634, 48.592, 48.495, 48.315, 48.339], [48.603, 48.549, 48.269, 48.304, 48.328], [48.658, 48.422, 48.383, 47.897, 47.668], [48.627, 48.443, 48.378, 47.68, 47.505]]"
finish_rule,36,0,1,success,5.7779998779296875,5.777801513671875,5.659215927124023,6.92963981628418,0.0,5.945709068328142,0.0,0,61.51396877760567,70.82440901902471,0.1263882941401091,0.11107177413687677,2.068072394218118,1.5355539188079375,1.6263320341187917,1.0122584170872773,45.38696831443056,44.16246522426672,1.224503090163843,9.162465224266718,35.90281035846833,0.008118284153765847,0.0,0.21637327607432846,,,,True,True,70.82440901902471,55.014286372775445,6,6,0,75.98990072661772,75.36661099013172,0,6,0,0:4;1:4;2:2;2:3;3:1;3:2,0:4;1:4;2:2;2:3;3:1;3:2,,,0:4;1:4;2:2;2:3;3:1;3:2,,"{""q_clearcoat"": 0, ""q_ra"": 1, ""q_scratch"": 5, ""q_thermal"": 0, ""q_uniformity"": 0}","[[74.249, 74.318, 74.164, 74.139, 60.417], [76.114, 75.02, 74.592, 74.731, 60.299], [75.153, 74.93, 55.014, 66.153, 72.3], [75.397, 62.611, 63.19, 71.577, 72.13], [74.615, 74.867, 72.693, 71.802, 70.136]]","[[76.806, 76.064, 75.636, 75.576, 76.153], [76.926, 76.02, 75.539, 75.367, 75.878], [76.828, 75.891, 75.513, 75.404, 75.907], [76.72, 76.074, 75.527, 75.656, 75.932], [76.731, 76.107, 75.771, 75.743, 75.98]]","[[""q_uniformity"", ""q_clearcoat"", ""q_clearcoat"", ""q_clearcoat"", ""q_ra""], [""q_clearcoat"", ""q_clearcoat"", ""q_clearcoat"", ""q_clearcoat"", ""q_scratch""], [""q_uniformity"", ""q_clearcoat"", ""q_scratch"", ""q_scratch"", ""q_scratch""], [""q_uniformity"", ""q_scratch"", ""q_scratch"", ""q_scratch"", ""q_scratch""], [""q_uniformity"", ""q_clearcoat"", ""q_clearcoat"", ""q_scratch"", ""q_scratch""]]","[[48.693, 47.448, 45.668, 44.415, 44.166], [48.821, 47.427, 45.671, 44.407, 44.162], [48.717, 47.329, 45.781, 44.667, 44.489], [48.602, 47.526, 45.921, 45.102, 44.875], [48.614, 47.567, 46.214, 45.318, 45.085]]"
finish_rule,43,0,1,success,5.7779998779296875,5.777801513671875,5.659206867218018,6.928823947906494,0.0,5.945709068328142,0.0,0,63.13408533233336,71.75982488216773,0.10814429985433101,0.10236575799489868,1.6396451935553995,1.1690983806783133,1.6449862832610924,1.03101569876228,42.64540310134335,41.361664869654106,1.2837382316892416,6.361664869654106,35.90278522346493,0.008118131651768891,0.0,0.22684066191775534,,,,True,True,71.75982488216773,61.10443453389515,6,6,0,75.42185463518868,74.24780389256154,0,6,0,0:3;0:4;2:3;2:4;3:2;3:3,0:3;0:4;2:3;2:4;3:2;3:3,,,0:3;0:4;2:3;2:4;3:2;3:3,,"{""q_clearcoat"": 0, ""q_ra"": 0, ""q_scratch"": 6, ""q_thermal"": 0, ""q_uniformity"": 0}","[[75.1, 74.818, 74.704, 69.031, 69.682], [74.542, 74.592, 73.141, 72.938, 71.436], [73.606, 74.604, 74.378, 62.65, 68.517], [73.023, 74.049, 61.104, 61.828, 73.445], [71.543, 74.665, 73.922, 73.12, 73.556]]","[[76.674, 76.196, 76.108, 76.022, 76.085], [75.982, 75.859, 75.497, 75.565, 75.52], [75.66, 75.468, 74.965, 74.853, 74.791], [75.379, 74.928, 74.7, 74.459, 74.248], [75.714, 75.495, 75.305, 74.851, 75.223]]","[[""q_uniformity"", ""q_clearcoat"", ""q_clearcoat"", ""q_scratch"", ""q_scratch""], [""q_clearcoat"", ""q_clearcoat"", ""q_clearcoat"", ""q_clearcoat"", ""q_scratch""], [""q_clearcoat"", ""q_clearcoat"", ""q_clearcoat"", ""q_scratch"", ""q_scratch""], [""q_clearcoat"", ""q_clearcoat"", ""q_scratch"", ""q_scratch"", ""q_clearcoat""], [""q_scratch"", ""q_clearcoat"", ""q_clearcoat"", ""q_clearcoat"", ""q_clearcoat""]]","[[45.586, 45.583, 46.014, 46.31, 46.531], [44.593, 44.805, 44.91, 45.232, 45.305], [43.61, 43.651, 43.499, 43.516, 43.488], [42.628, 42.384, 42.229, 42.004, 41.839], [42.294, 42.097, 41.823, 41.362, 41.413]]"
finish_rule,81,0,1,success,5.7779998779296875,5.777801513671875,5.659209728240967,6.9276838302612305,0.0,5.945709068328142,0.0,0,52.10402729340643,70.04081675547121,0.1595739569722772,0.1346436797339971,1.765396396509424,1.4139328115433958,1.3547486330491514,0.8852512481522388,50.0,48.2211853746572,1.7788146253427968,13.221185374657203,35.902849926154694,0.008117871805722229,0.0,0.31432208926027905,,,,True,True,70.04081675547121,58.697082633484435,10,10,0,76.58385341223588,76.34582477344524,0,10,0,0:1;0:2;0:3;0:4;1:1;1:2;3:2;3:3;4:1;4:2,0:1;0:2;0:3;0:4;1:1;1:2;3:2;3:3;4:1;4:2,,,0:1;0:2;0:3;0:4;1:1;1:2;3:2;3:3;4:1;4:2,,"{""q_clearcoat"": 0, ""q_ra"": 0, ""q_scratch"": 10, ""q_thermal"": 0, ""q_uniformity"": 0}","[[75.041, 64.686, 58.697, 64.593, 61.871], [74.387, 65.027, 68.987, 71.711, 75.389], [73.921, 72.659, 70.212, 71.5, 71.734], [73.071, 74.03, 68.962, 67.912, 75.039], [75.291, 67.122, 59.659, 74.485, 75.034]]","[[76.925, 76.778, 76.658, 76.527, 76.53], [76.69, 76.587, 76.588, 76.463, 76.485], [76.709, 76.599, 76.556, 76.406, 76.486], [76.701, 76.569, 76.547, 76.346, 76.418], [76.74, 76.706, 76.675, 76.422, 76.483]]","[[""q_uniformity"", ""q_scratch"", ""q_scratch"", ""q_scratch"", ""q_scratch""], [""q_uniformity"", ""q_scratch"", ""q_scratch"", ""q_scratch"", ""q_clearcoat""], [""q_uniformity"", ""q_scratch"", ""q_scratch"", ""q_scratch"", ""q_scratch""], [""q_scratch"", ""q_scratch"", ""q_scratch"", ""q_scratch"", ""q_clearcoat""], [""q_uniformity"", ""q_scratch"", ""q_scratch"", ""q_uniformity"", ""q_uniformity""]]","[[48.819, 48.664, 48.538, 48.401, 48.404], [48.571, 48.463, 48.465, 48.335, 48.357], [48.591, 48.475, 48.431, 48.275, 48.358], [48.583, 48.445, 48.422, 48.221, 48.377], [48.624, 48.588, 48.555, 48.3, 48.423]]"
finish_rule,94,0,1,success,5.7779998779296875,5.777801513671875,5.65921688079834,6.930220127105713,0.0,5.945709068328142,0.0,0,61.968797195655746,70.46278638400504,0.14726296853067247,0.0948411052819858,1.6547217709001227,1.1125793798029804,1.3738245123481219,0.8133819427615774,41.53472591032409,40.48942464922554,1.045301261098551,5.4894246492255405,35.90282514394533,0.008118383859832162,0.0,0.1847077578251589,,,,True,True,70.46278638400504,60.857588943079655,10,10,0,75.11084041623607,74.12604527044283,0,10,0,0:0;0:1;0:2;0:3;2:3;2:4;3:4;4:2;4:3;4:4,0:0;0:1;0:2;0:3;2:3;2:4;3:4;4:2;4:3;4:4,,,0:0;0:1;0:2;0:3;2:3;2:4;3:4;4:2;4:3;4:4,,"{""q_clearcoat"": 1, ""q_ra"": 0, ""q_scratch"": 7, ""q_thermal"": 0, ""q_uniformity"": 2}","[[65.653, 63.625, 63.655, 60.858, 74.548], [74.017, 73.01, 74.277, 74.365, 70.356], [73.894, 71.559, 73.475, 69.958, 68.501], [73.225, 73.104, 73.441, 73.455, 67.884], [74.109, 73.194, 68.847, 67.951, 64.61]]","[[76.352, 76.215, 76.012, 75.871, 76.123], [75.652, 75.36, 75.387, 75.237, 75.52], [74.942, 74.428, 74.852, 74.548, 74.748], [74.283, 74.505, 74.126, 74.376, 74.389], [75.2, 74.646, 74.696, 75.12, 75.184]]","[[""q_scratch"", ""q_scratch"", ""q_scratch"", ""q_scratch"", ""q_clearcoat""], [""q_clearcoat"", ""q_clearcoat"", ""q_clearcoat"", ""q_clearcoat"", ""q_scratch""], [""q_clearcoat"", ""q_clearcoat"", ""q_clearcoat"", ""q_clearcoat"", ""q_uniformity""], [""q_clearcoat"", ""q_clearcoat"", ""q_clearcoat"", ""q_clearcoat"", ""q_uniformity""], [""q_clearcoat"", ""q_clearcoat"", ""q_scratch"", ""q_scratch"", ""q_scratch""]]","[[45.548, 45.56, 45.4, 45.058, 44.995], [44.196, 44.168, 44.296, 44.066, 44.078], [42.455, 42.408, 42.908, 42.729, 42.749], [40.861, 41.298, 41.441, 41.688, 41.688], [40.489, 40.623, 41.05, 41.428, 41.466]]"
finish_rule,0,0,1,continue,5.7779998779296875,5.777801513671875,5.659209728240967,6.9276838302612305,0.0,5.945709068328142,0.0,0,48.02341013137734,60.23826775895649,0.24843911861113557,0.1847416186020857,2.2405000130120296,1.9636401817011941,1.8293398482433674,1.4203657500605082,40.0,38.2689040664544,1.7310959335456033,3.2689040664543967,35.902849926154694,0.008117871805722229,0.139453317729193,0.30589004766990213,1.3676808264093885,4.148235864880836,7.145680826409388,False,True,60.23826775895649,44.8716091749008,22,22,0,73.33559789824974,72.65779143855735,0,22,0,0:0;0:1;0:2;0:3;1:0;1:1;1:2;1:3;1:4;2:0;2:1;2:2;2:3;2:4;3:0;3:1;3:2;3:3;3:4;4:2;4:3;4:4,0:0;0:1;0:2;0:3;1:0;1:1;1:2;1:3;1:4;2:0;2:1;2:2;2:3;2:4;3:0;3:1;3:2;3:3;3:4;4:2;4:3;4:4,,,0:0;0:1;0:2;0:3;1:0;1:1;1:2;1:3;1:4;2:0;2:1;2:2;2:3;2:4;3:0;3:1;3:2;3:3;3:4;4:2;4:3;4:4,,"{""q_clearcoat"": 2, ""q_ra"": 7, ""q_scratch"": 13, ""q_thermal"": 0, ""q_uniformity"": 0}","[[44.872, 54.157, 57.33, 58.839, 71.617], [50.929, 52.317, 59.292, 51.418, 63.768], [54.455, 49.462, 68.194, 67.715, 52.901], [66.099, 61.199, 63.429, 67.133, 60.87], [72.423, 72.371, 67.656, 53.545, 63.967]]","[[75.018, 73.836, 73.386, 73.436, 73.439], [73.906, 73.35, 72.799, 72.834, 72.773], [73.731, 73.367, 73.229, 72.808, 72.842], [73.596, 73.301, 72.658, 72.886, 72.885], [73.943, 73.593, 73.552, 73.114, 73.106]]","[[""q_ra"", ""q_scratch"", ""q_scratch"", ""q_scratch"", ""q_clearcoat""], [""q_ra"", ""q_ra"", ""q_scratch"", ""q_ra"", ""q_scratch""], [""q_scratch"", ""q_ra"", ""q_clearcoat"", ""q_clearcoat"", ""q_ra""], [""q_scratch"", ""q_scratch"", ""q_scratch"", ""q_scratch"", ""q_scratch""], [""q_clearcoat"", ""q_clearcoat"", ""q_scratch"", ""q_ra"", ""q_scratch""]]","[[38.966, 38.604, 38.473, 38.488, 38.489], [38.625, 38.463, 38.308, 38.318, 38.301], [38.573, 38.468, 38.428, 38.31, 38.32], [38.534, 38.449, 38.269, 38.334, 38.354], [38.636, 38.533, 38.521, 38.398, 38.411]]"
finish_rule,0,0,2,fail_finish_not_eligible,7.145680904388428,6.074046611785889,5.905892848968506,7.303058624267578,-0.4999999701976776,7.999825291335583,0.6908990144729614,0,60.23826775895649,62.42072278826585,0.1847416186020857,0.18186270417012465,1.9636401817011941,1.8182579582527358,1.4203657500605082,0.9947838384035228,38.2689040664544,37.11099539312904,1.157908673325359,2.1109953931290377,35.902849926154694,0.008117871805722229,0.1082753887390593,0.1960598850904641,,,,False,True,62.42072278826585,50.92711961198593,25,25,0,68.92121580630779,67.72235553587907,23,2,0,0:0;0:1;0:2;0:3;0:4;1:0;1:1;1:2;1:3;1:4;2:0;2:1;2:2;2:3;2:4;3:0;3:1;3:2;3:3;3:4;4:0;4:1;4:2;4:3;4:4,0:0;0:1;0:2;0:3;0:4;1:0;1:1;1:2;1:3;1:4;2:0;2:1;2:2;2:3;2:4;3:0;3:1;3:2;3:3;3:4;4:0;4:1;4:2;4:3;4:4,,0:1;0:2;0:3;0:4;1:1;1:2;1:3;1:4;2:0;2:1;2:2;2:3;2:4;3:0;3:1;3:2;3:3;3:4;4:0;4:1;4:2;4:3;4:4,0:0;1:0,,"{""q_clearcoat"": 24, ""q_ra"": 1, ""q_scratch"": 0, ""q_thermal"": 0, ""q_uniformity"": 0}","[[50.927, 60.1, 62.194, 61.964, 66.469], [56.906, 59.252, 61.82, 58.379, 63.003], [61.742, 56.087, 66.545, 65.693, 60.482], [66.411, 62.357, 62.931, 66.105, 62.687], [68.057, 68.105, 67.251, 61.428, 63.624]]","[[72.084, 69.826, 68.951, 68.951, 68.947], [70.087, 69.078, 67.879, 67.933, 67.787], [69.749, 69.094, 68.735, 67.872, 67.925], [69.517, 69.065, 67.722, 68.169, 68.125], [69.936, 69.379, 69.345, 68.426, 68.448]]","[[""q_ra"", ""q_clearcoat"", ""q_clearcoat"", ""q_clearcoat"", ""q_clearcoat""], [""q_clearcoat"", ""q_clearcoat"", ""q_clearcoat"", ""q_clearcoat"", ""q_clearcoat""], [""q_clearcoat"", ""q_clearcoat"", ""q_clearcoat"", ""q_clearcoat"", ""q_clearcoat""], [""q_clearcoat"", ""q_clearcoat"", ""q_clearcoat"", ""q_clearcoat"", ""q_clearcoat""], [""q_clearcoat"", ""q_clearcoat"", ""q_clearcoat"", ""q_clearcoat"", ""q_clearcoat""]]","[[38.114, 37.558, 37.364, 37.364, 37.364], [37.619, 37.392, 37.142, 37.153, 37.124], [37.541, 37.395, 37.318, 37.141, 37.151], [37.489, 37.389, 37.111, 37.202, 37.206], [37.584, 37.458, 37.451, 37.255, 37.27]]"
finish_rule,1,0,1,continue,5.7779998779296875,5.777801513671875,5.659209728240967,6.9276838302612305,0.0,5.945709068328142,0.0,0,55.020578814320324,66.77232853418253,0.17001379147716275,0.1451774688757548,1.856739630255628,1.45119193887395,1.7586347776790008,1.0627459189773363,40.0,38.27713693043762,1.7228630695623792,3.2771369304376208,35.902849926154694,0.008117871805722229,0.04610959236882094,0.3044352749403919,0.454378281667745,4.195101670421349,6.232378281667745,False,True,66.77232853418253,54.83303274681057,16,16,0,73.47052015197485,71.5839803091124,0,16,0,0:0;0:2;0:3;0:4;1:0;1:1;1:3;1:4;2:1;2:2;2:3;2:4;3:0;3:1;3:2;3:3,0:0;0:2;0:3;0:4;1:0;1:1;1:3;1:4;2:1;2:2;2:3;2:4;3:0;3:1;3:2;3:3,,,0:0;0:2;0:3;0:4;1:0;1:1;1:3;1:4;2:1;2:2;2:3;2:4;3:0;3:1;3:2;3:3,,"{""q_clearcoat"": 2, ""q_ra"": 1, ""q_scratch"": 13, ""q_thermal"": 0, ""q_uniformity"": 0}","[[60.477, 70.056, 67.08, 59.731, 67.417], [65.311, 64.491, 72.169, 63.798, 64.016], [73.22, 64.609, 63.922, 54.833, 57.542], [68.246, 67.39, 67.015, 65.616, 71.586], [73.496, 73.777, 71.489, 70.845, 71.178]]","[[75.711, 74.682, 73.46, 73.166, 73.482], [75.068, 73.922, 72.912, 72.222, 72.922], [74.582, 73.699, 72.874, 71.63, 72.791], [74.754, 73.617, 72.996, 71.584, 72.834], [75.436, 74.548, 72.953, 71.887, 73.031]]","[[""q_scratch"", ""q_scratch"", ""q_scratch"", ""q_ra"", ""q_scratch""], [""q_scratch"", ""q_scratch"", ""q_clearcoat"", ""q_scratch"", ""q_scratch""], [""q_clearcoat"", ""q_scratch"", ""q_scratch"", ""q_scratch"", ""q_scratch""], [""q_scratch"", ""q_scratch"", ""q_clearcoat"", ""q_clearcoat"", ""q_clearcoat""], [""q_clearcoat"", ""q_clearcoat"", ""q_clearcoat"", ""q_clearcoat"", ""q_clearcoat""]]","[[41.019, 40.27, 39.265, 38.566, 38.501], [41.094, 40.215, 39.221, 38.357, 38.342], [41.529, 40.589, 39.452, 38.277, 38.306], [42.401, 41.078, 39.751, 38.316, 38.34], [43.38, 41.941, 39.891, 38.414, 38.39]]"
finish_rule,1,0,2,fail_finish_not_eligible,6.2323784828186035,5.297545909881592,5.151121616363525,6.523346424102783,-0.4999999701976776,7.999825291335583,0.6908990144729614,0,66.77232853418253,66.79025018607447,0.1451774688757548,0.14804948593599185,1.45119193887395,1.2939120350305928,1.0627459189773363,0.6875209742764068,38.27713693043762,37.280853422657,0.9962835077806176,2.280853422657003,35.902849926154694,0.008117871805722229,0.045853568770364665,0.19341098540864032,,,,False,True,66.79025018607447,59.18095765218063,22,22,0,70.63745968868675,67.59098712764415,10,12,0,0:0;0:1;0:2;0:3;0:4;1:0;1:1;1:2;1:3;1:4;2:1;2:2;2:3;2:4;3:0;3:1;3:2;3:3;3:4;4:2;4:3;4:4,0:0;0:1;0:2;0:3;0:4;1:0;1:1;1:2;1:3;1:4;2:1;2:2;2:3;2:4;3:0;3:1;3:2;3:3;3:4;4:2;4:3;4:4,,0:3;0:4;1:3;1:4;2:3;2:4;3:3;3:4;4:3;4:4,0:0;0:1;0:2;1:0;1:1;1:2;2:1;2:2;3:0;3:1;3:2;4:2,,"{""q_clearcoat"": 21, ""q_ra"": 0, ""q_scratch"": 1, ""q_thermal"": 0, ""q_uniformity"": 0}","[[64.118, 69.954, 66.505, 64.416, 65.975], [67.739, 66.035, 69.176, 63.455, 64.008], [71.253, 66.262, 64.993, 59.181, 62.356], [69.457, 68.247, 67.333, 65.087, 67.541], [71.858, 72.227, 68.812, 67.012, 66.757]]","[[74.009, 72.462, 70.639, 69.528, 69.65], [73.313, 71.665, 70.037, 68.401, 68.865], [72.826, 71.607, 70.184, 67.591, 68.733], [73.206, 71.689, 70.506, 67.655, 68.865], [74.088, 72.961, 70.383, 68.052, 69.022]]","[[""q_scratch"", ""q_clearcoat"", ""q_clearcoat"", ""q_clearcoat"", ""q_clearcoat""], [""q_clearcoat"", ""q_clearcoat"", ""q_clearcoat"", ""q_clearcoat"", ""q_clearcoat""], [""q_clearcoat"", ""q_clearcoat"", ""q_clearcoat"", ""q_clearcoat"", ""q_clearcoat""], [""q_clearcoat"", ""q_clearcoat"", ""q_clearcoat"", ""q_clearcoat"", ""q_clearcoat""], [""q_clearcoat"", ""q_clearcoat"", ""q_clearcoat"", ""q_clearcoat"", ""q_clearcoat""]]","[[40.251, 39.389, 38.356, 37.604, 37.519], [40.283, 39.318, 38.295, 37.396, 37.346], [40.652, 39.689, 38.533, 37.281, 37.318], [41.522, 40.17, 38.839, 37.331, 37.362], [42.519, 41.093, 38.924, 37.426, 37.392]]"
finish_rule,3,0,1,continue,5.7779998779296875,5.777801513671875,5.659211158752441,6.929375648498535,0.0,5.945709068328142,0.0,0,49.702368148844236,63.80480964263643,0.2671390946084944,0.20061070838618406,2.2385700257400636,1.8694791636429613,1.6342579647181317,1.1128567539677283,44.75338184964393,44.10053976770914,0.6528420819347929,9.100539767709137,35.9027862073978,0.00811851081345387,0.08850271939090817,0.11535920177233858,2.3015776296433206,61.551568133438145,8.079577629643321,False,True,63.80480964263643,52.635485039123836,20,20,0,76.05908746586803,75.42637030994739,0,20,0,0:1;0:2;0:3;0:4;1:0;1:3;1:4;2:1;2:2;2:3;2:4;3:0;3:1;3:2;3:3;3:4;4:0;4:2;4:3;4:4,0:1;0:2;0:3;0:4;1:0;1:3;1:4;2:1;2:2;2:3;2:4;3:0;3:1;3:2;3:3;3:4;4:0;4:2;4:3;4:4,,,0:1;0:2;0:3;0:4;1:0;1:3;1:4;2:1;2:2;2:3;2:4;3:0;3:1;3:2;3:3;3:4;4:0;4:2;4:3;4:4,,"{""q_clearcoat"": 0, ""q_ra"": 6, ""q_scratch"": 14, ""q_thermal"": 0, ""q_uniformity"": 0}","[[70.941, 67.152, 52.635, 54.862, 68.951], [69.19, 70.955, 71.321, 57.408, 53.183], [74.127, 65.114, 53.962, 62.52, 66.07], [56.737, 57.419, 68.693, 60.312, 66.522], [65.759, 74.711, 63.683, 58.952, 63.942]]","[[76.604, 75.976, 75.792, 76.037, 76.402], [75.792, 75.426, 75.483, 75.574, 76.027], [75.867, 75.503, 75.466, 75.948, 76.413], [76.28, 75.937, 75.967, 76.373, 76.351], [76.661, 76.31, 76.362, 76.43, 76.494]]","[[""q_scratch"", ""q_scratch"", ""q_ra"", ""q_ra"", ""q_scratch""], [""q_scratch"", ""q_scratch"", ""q_scratch"", ""q_ra"", ""q_ra""], [""q_clearcoat"", ""q_scratch"", ""q_ra"", ""q_scratch"", ""q_scratch""], [""q_scratch"", ""q_scratch"", ""q_scratch"", ""q_ra"", ""q_scratch""], [""q_scratch"", ""q_clearcoat"", ""q_scratch"", ""q_scratch"", ""q_scratch""]]","[[44.101, 44.424, 45.337, 46.403, 47.178], [44.419, 44.778, 45.733, 46.591, 47.437], [45.675, 45.863, 46.585, 47.67, 48.28], [46.956, 47.022, 47.658, 48.25, 48.307], [47.739, 47.725, 48.204, 48.309, 48.434]]"
finish_rule,3,0,2,fail_quality_regression,8.079577445983887,6.867347240447998,6.67763090133667,8.094849586486816,-0.4999999701976776,7.999825291335583,0.6908990144729614,0,63.80480964263643,68.57748837683988,0.20061070838618406,0.20722307266322668,1.8694791636429613,1.6565132740722082,1.1128567539677283,0.6198437478413954,44.10053976770914,43.374680329176186,0.7258594385329502,8.374680329176186,36.034901257405494,0.014837231425536808,0.036115363316133325,0.10870014369731847,,,,False,True,68.57748837683988,62.82014646745865,18,18,0,74.70548097259264,73.96536179672333,0,18,0,0:1;0:2;0:3;0:4;1:0;1:3;1:4;2:1;2:2;2:3;2:4;3:0;3:1;3:3;3:4;4:2;4:3;4:4,0:1;0:2;0:3;0:4;1:0;1:3;1:4;2:1;2:2;2:3;2:4;3:0;3:1;3:3;3:4;4:2;4:3;4:4,,,0:1;0:2;0:3;0:4;1:0;1:3;1:4;2:1;2:2;2:3;2:4;3:0;3:1;3:3;3:4;4:2;4:3;4:4,,"{""q_clearcoat"": 3, ""q_ra"": 0, ""q_scratch"": 3, ""q_thermal"": 0, ""q_uniformity"": 12}","[[70.892, 69.757, 62.82, 65.776, 69.945], [69.374, 71.424, 71.52, 66.968, 64.421], [72.061, 67.832, 66.081, 68.005, 69.15], [66.542, 66.186, 70.447, 67.82, 69.068], [70.386, 72.076, 68.797, 67.987, 69.101]]","[[75.542, 74.672, 74.323, 74.536, 75.022], [74.458, 73.965, 74.082, 74.138, 74.647], [74.439, 74.108, 74.072, 74.545, 75.037], [74.993, 74.647, 74.703, 75.017, 74.897], [75.398, 75.037, 75.135, 75.085, 75.138]]","[[""q_uniformity"", ""q_clearcoat"", ""q_uniformity"", ""q_uniformity"", ""q_clearcoat""], [""q_clearcoat"", ""q_clearcoat"", ""q_clearcoat"", ""q_uniformity"", ""q_uniformity""], [""q_clearcoat"", ""q_scratch"", ""q_uniformity"", ""q_uniformity"", ""q_uniformity""], [""q_scratch"", ""q_scratch"", ""q_clearcoat"", ""q_uniformity"", ""q_uniformity""], [""q_scratch"", ""q_clearcoat"", ""q_uniformity"", ""q_uniformity"", ""q_uniformity""]]","[[43.375, 43.496, 44.192, 45.119, 45.922], [43.467, 43.693, 44.59, 45.329, 46.145], [44.526, 44.711, 45.357, 46.331, 46.914], [45.8, 45.85, 46.448, 46.926, 46.951], [46.537, 46.508, 46.987, 46.981, 47.113]]"
finish_rule,4,0,1,continue,5.7779998779296875,5.777801513671875,5.65921688079834,6.930220127105713,0.0,5.945709068328142,0.0,0,55.123352586070986,65.60072536885014,0.21899351422999247,0.16908567143640557,2.317362662835538,1.9889017442102812,1.7328878054683368,1.3217642492574295,40.0,38.5724207708994,1.4275792291006013,3.5724207708993987,35.90282514394533,0.008118383859832162,0.06284678044499807,0.2522573810423067,0.7474125853362984,6.233398461532763,6.525412585336298,False,True,65.60072536885014,52.18338954579632,18,18,0,74.45556307771804,71.74522447494164,0,18,0,0:1;0:2;0:3;0:4;1:2;1:3;1:4;2:0;2:1;2:2;2:3;2:4;3:0;3:1;3:3;3:4;4:2;4:3,0:1;0:2;0:3;0:4;1:2;1:3;1:4;2:0;2:1;2:2;2:3;2:4;3:0;3:1;3:3;3:4;4:2;4:3,,,0:1;0:2;0:3;0:4;1:2;1:3;1:4;2:0;2:1;2:2;2:3;2:4;3:0;3:1;3:3;3:4;4:2;4:3,,"{""q_clearcoat"": 2, ""q_ra"": 4, ""q_scratch"": 12, ""q_thermal"": 0, ""q_uniformity"": 0}","[[74.016, 68.831, 68.676, 68.25, 61.568], [75.029, 73.716, 57.425, 52.183, 63.893], [54.88, 61.298, 65.856, 64.633, 56.219], [52.674, 69.117, 73.563, 67.12, 62.499], [74.069, 74.711, 68.313, 60.954, 70.524]]","[[75.978, 74.891, 73.604, 72.3, 73.666], [75.986, 74.798, 73.032, 71.745, 72.198], [75.917, 74.912, 74.241, 73.232, 73.256], [76.046, 75.242, 74.434, 74.085, 74.307], [75.965, 75.699, 75.3, 75.336, 75.218]]","[[""q_uniformity"", ""q_scratch"", ""q_clearcoat"", ""q_clearcoat"", ""q_scratch""], [""q_clearcoat"", ""q_clearcoat"", ""q_scratch"", ""q_ra"", ""q_scratch""], [""q_scratch"", ""q_scratch"", ""q_scratch"", ""q_scratch"", ""q_ra""], [""q_scratch"", ""q_scratch"", ""q_clearcoat"", ""q_scratch"", ""q_ra""], [""q_clearcoat"", ""q_clearcoat"", ""q_scratch"", ""q_ra"", ""q_scratch""]]","[[43.559, 42.14, 40.326, 38.719, 38.572], [43.552, 42.203, 40.375, 39.005, 38.616], [43.615, 42.559, 41.533, 40.415, 40.046], [43.972, 43.185, 42.322, 41.793, 41.758], [44.16, 43.823, 43.345, 43.206, 43.079]]"
finish_rule,4,0,2,fail_quality_regression,6.525412559509277,5.546723365783691,5.393283367156982,6.774069786071777,-0.4999999701976776,7.999825291335583,0.6908990144729614,0,65.60072536885014,67.5149746932479,0.16908567143640557,0.17419201160554987,1.9889017442102812,1.8091967886799432,1.3217642492574295,0.9683075867679145,38.5724207708994,37.56357978663947,1.0088409842599262,2.5635797866394725,35.90282514394533,0.008118383859832162,0.0355003615250301,0.1870550674943911,,,,False,True,67.5149746932479,59.53065662979585,18,18,0,72.39043447146604,68.46797025667422,4,14,0,0:1;0:2;0:3;0:4;1:2;1:3;1:4;2:0;2:1;2:2;2:3;2:4;3:0;3:3;3:4;4:2;4:3;4:4,0:1;0:2;0:3;0:4;1:2;1:3;1:4;2:0;2:1;2:2;2:3;2:4;3:0;3:3;3:4;4:2;4:3;4:4,,0:3;0:4;1:3;1:4,0:1;0:2;1:2;2:0;2:1;2:2;2:3;2:4;3:0;3:3;3:4;4:2;4:3;4:4,,"{""q_clearcoat"": 15, ""q_ra"": 0, ""q_scratch"": 2, ""q_thermal"": 0, ""q_uniformity"": 1}","[[71.489, 69.008, 68.23, 66.16, 63.659], [73.084, 71.751, 62.589, 59.531, 63.906], [64.16, 66.998, 67.18, 65.817, 63.235], [60.677, 71.137, 71.542, 67.769, 66.942], [72.144, 73.151, 69.54, 68.234, 69.941]]","[[74.674, 73.175, 71.18, 68.73, 69.791], [74.607, 73.116, 70.576, 68.468, 68.485], [74.562, 73.284, 72.3, 70.85, 70.639], [74.771, 73.728, 72.622, 72.137, 72.331], [74.595, 74.228, 73.702, 73.715, 73.496]]","[[""q_uniformity"", ""q_clearcoat"", ""q_clearcoat"", ""q_clearcoat"", ""q_clearcoat""], [""q_clearcoat"", ""q_clearcoat"", ""q_clearcoat"", ""q_clearcoat"", ""q_clearcoat""], [""q_scratch"", ""q_clearcoat"", ""q_clearcoat"", ""q_clearcoat"", ""q_clearcoat""], [""q_scratch"", ""q_clearcoat"", ""q_clearcoat"", ""q_clearcoat"", ""q_clearcoat""], [""q_clearcoat"", ""q_clearcoat"", ""q_clearcoat"", ""q_uniformity"", ""q_clearcoat""]]","[[42.716, 41.207, 39.34, 37.717, 37.564], [42.663, 41.278, 39.357, 37.995, 37.606], [42.733, 41.62, 40.562, 39.422, 39.037], [43.108, 42.242, 41.306, 40.777, 40.738], [43.214, 42.843, 42.335, 42.199, 42.027]]"
finish_rule,6,0,1,continue,5.7779998779296875,5.777801513671875,5.659211158752441,6.929375648498535,0.0,5.945709068328142,0.0,0,59.38847384926092,69.41162070195622,0.11913804565857165,0.11511226283195865,1.7897708221853352,1.323665102396049,1.5363848000238132,0.9414663285914802,40.0,38.57505262789822,1.4249473721017765,3.5750526278982235,35.9027862073978,0.00811851081345387,0.008405418543482516,0.2517925788823018,0.10014693738148123,6.2553576236830555,5.878146937381481,False,True,69.41162070195622,58.50355088871314,12,12,0,73.90362974100658,71.52973961977406,0,12,0,0:0;0:3;0:4;1:0;1:1;1:4;2:1;2:2;2:4;3:2;4:2;4:3,0:0;0:3;0:4;1:0;1:1;1:4;2:1;2:2;2:4;3:2;4:2;4:3,,,0:0;0:3;0:4;1:0;1:1;1:4;2:1;2:2;2:4;3:2;4:2;4:3,,"{""q_clearcoat"": 5, ""q_ra"": 0, ""q_scratch"": 7, ""q_thermal"": 0, ""q_uniformity"": 0}","[[68.707, 73.88, 72.067, 69.834, 68.855], [64.793, 65.086, 70.195, 71.756, 58.504], [71.696, 64.541, 69.627, 70.3, 65.016], [72.138, 70.76, 68.96, 70.063, 73.113], [73.65, 71.611, 68.211, 68.307, 73.621]]","[[75.336, 75.115, 73.969, 73.653, 74.12], [74.829, 74.396, 74.149, 73.17, 72.883], [73.261, 73.113, 74.058, 74.24, 73.862], [73.637, 71.53, 73.431, 74.25, 74.512], [74.311, 72.465, 73.452, 74.62, 75.228]]","[[""q_scratch"", ""q_clearcoat"", ""q_clearcoat"", ""q_clearcoat"", ""q_clearcoat""], [""q_scratch"", ""q_scratch"", ""q_clearcoat"", ""q_clearcoat"", ""q_scratch""], [""q_clearcoat"", ""q_scratch"", ""q_clearcoat"", ""q_clearcoat"", ""q_scratch""], [""q_clearcoat"", ""q_clearcoat"", ""q_clearcoat"", ""q_clearcoat"", ""q_clearcoat""], [""q_clearcoat"", ""q_clearcoat"", ""q_clearcoat"", ""q_scratch"", ""q_clearcoat""]]","[[40.033, 40.082, 39.608, 39.196, 39.03], [39.683, 39.86, 40.058, 39.665, 39.423], [38.781, 39.343, 40.504, 41.087, 41.048], [38.575, 38.624, 40.524, 41.928, 42.59], [38.747, 38.733, 40.635, 42.589, 43.714]]"
finish_rule,6,0,2,fail_quality_regression,5.878147125244141,4.99627161026001,4.858375549316406,6.221770286560059,-0.4999999701976776,7.999825291335583,0.6908990144729614,0,69.41162070195622,68.75611905431192,0.11511226283195865,0.12302476107874118,1.323665102396049,1.108319013808755,0.9414663285914802,0.5007441050950581,38.57505262789822,37.73692196820558,0.838130659692645,2.7369219682055785,35.9027862073978,0.00811851081345387,0.017769727795543946,0.17251253040958792,,,,False,True,68.75611905431192,62.76043654273167,18,18,0,71.63706814926789,68.572709287585,2,16,0,0:0;0:2;0:3;0:4;1:0;1:1;1:3;1:4;2:0;2:1;2:2;2:4;3:0;3:1;3:2;4:1;4:2;4:3,0:0;0:2;0:3;0:4;1:0;1:1;1:3;1:4;2:0;2:1;2:2;2:4;3:0;3:1;3:2;4:1;4:2;4:3,,3:1;4:1,0:0;0:2;0:3;0:4;1:0;1:1;1:3;1:4;2:0;2:1;2:2;2:4;3:0;3:2;4:2;4:3,,"{""q_clearcoat"": 18, ""q_ra"": 0, ""q_scratch"": 0, ""q_thermal"": 0, ""q_uniformity"": 0}","[[67.245, 71.282, 69.227, 68.623, 67.647], [66.164, 67.153, 70.429, 69.511, 62.76], [68.451, 65.489, 69.482, 70.611, 66.54], [69.044, 67.796, 69.306, 70.577, 71.62], [70.406, 68.797, 69.36, 69.469, 71.915]]","[[73.318, 72.973, 71.404, 70.952, 71.32], [72.551, 72.181, 71.957, 70.832, 70.258], [70.289, 70.642, 72.055, 72.464, 71.996], [70.495, 68.573, 71.476, 72.675, 73.03], [71.252, 69.576, 71.59, 73.169, 73.899]]","[[""q_clearcoat"", ""q_clearcoat"", ""q_clearcoat"", ""q_clearcoat"", ""q_clearcoat""], [""q_clearcoat"", ""q_clearcoat"", ""q_clearcoat"", ""q_clearcoat"", ""q_clearcoat""], [""q_clearcoat"", ""q_clearcoat"", ""q_clearcoat"", ""q_clearcoat"", ""q_clearcoat""], [""q_clearcoat"", ""q_clearcoat"", ""q_clearcoat"", ""q_clearcoat"", ""q_clearcoat""], [""q_clearcoat"", ""q_clearcoat"", ""q_clearcoat"", ""q_clearcoat"", ""q_clearcoat""]]","[[39.274, 39.267, 38.716, 38.339, 38.187], [38.883, 39.045, 39.214, 38.824, 38.53], [37.932, 38.517, 39.659, 40.255, 40.176], [37.737, 37.787, 39.685, 41.083, 41.721], [37.9, 37.904, 39.817, 41.74, 42.828]]"
finish_rule,7,0,1,continue,5.7779998779296875,5.777801513671875,5.659212589263916,6.9297075271606445,0.0,5.945709068328142,0.0,0,60.546253284184225,68.19599400880416,0.1499052373540658,0.1388938657561189,2.115461447187254,1.7334842580108507,1.918805535884012,1.3630027217491358,40.58332885215803,39.56151333084178,1.021815521316256,4.561513330841777,35.90283727518009,0.008117695350295035,0.02577151415994052,0.18055789656227808,0.4281980680537791,14.186659124920958,6.206198068053778,False,True,68.19599400880416,49.646773005505274,11,11,0,74.84148288760339,73.39025760520823,0,11,0,1:0;1:3;1:4;2:0;2:1;2:2;2:3;2:4;3:1;4:1;4:2,1:0;1:3;1:4;2:0;2:1;2:2;2:3;2:4;3:1;4:1;4:2,,,1:0;1:3;1:4;2:0;2:1;2:2;2:3;2:4;3:1;4:1;4:2,,"{""q_clearcoat"": 0, ""q_ra"": 1, ""q_scratch"": 10, ""q_thermal"": 0, ""q_uniformity"": 0}","[[74.102, 73.962, 73.869, 73.827, 73.704], [62.971, 74.049, 73.854, 66.048, 67.172], [49.647, 68.252, 58.573, 61.713, 69.391], [73.281, 55.059, 72.202, 73.635, 70.913], [73.363, 60.828, 56.855, 73.377, 74.254]]","[[76.078, 75.301, 74.983, 75.338, 75.768], [75.444, 74.609, 74.863, 74.995, 75.621], [74.545, 73.701, 74.328, 74.888, 75.589], [74.398, 73.39, 74.028, 74.615, 75.465], [74.856, 73.928, 74.215, 74.648, 75.445]]","[[""q_uniformity"", ""q_clearcoat"", ""q_clearcoat"", ""q_clearcoat"", ""q_clearcoat""], [""q_scratch"", ""q_clearcoat"", ""q_clearcoat"", ""q_scratch"", ""q_scratch""], [""q_ra"", ""q_scratch"", ""q_scratch"", ""q_scratch"", ""q_scratch""], [""q_clearcoat"", ""q_scratch"", ""q_clearcoat"", ""q_clearcoat"", ""q_scratch""], [""q_clearcoat"", ""q_scratch"", ""q_scratch"", ""q_clearcoat"", ""q_clearcoat""]]","[[42.054, 42.1, 42.685, 43.722, 44.563], [41.372, 41.423, 42.36, 43.298, 44.305], [40.395, 40.519, 41.692, 43.001, 44.153], [39.767, 39.936, 41.219, 42.698, 44.125], [39.562, 39.865, 41.133, 42.676, 44.157]]"
finish_rule,7,0,2,fail_quality_regression,6.206198215484619,5.275376796722412,5.129490375518799,6.502415657043457,-0.4999999701976776,7.999825291335583,0.6908990144729614,0,68.19599400880416,68.9841499322944,0.1388938657561189,0.1527811811482307,1.7334842580108507,1.4924924869967557,1.3630027217491358,0.9277014824341396,39.56151333084178,38.69668698157884,0.864826349262934,3.696686981578843,35.90283727518009,0.008117695350295035,0.014512143824365711,0.16859888331020897,,,,False,True,68.9841499322944,56.727553681687716,10,10,0,73.1139119230335,71.05957545923113,0,10,0,1:0;1:3;1:4;2:0;2:1;2:2;2:3;3:1;4:1;4:2,1:0;1:3;1:4;2:0;2:1;2:2;2:3;3:1;4:1;4:2,,,1:0;1:3;1:4;2:0;2:1;2:2;2:3;3:1;4:1;4:2,,"{""q_clearcoat"": 7, ""q_ra"": 0, ""q_scratch"": 3, ""q_thermal"": 0, ""q_uniformity"": 0}","[[71.5, 71.953, 72.058, 72.222, 71.727], [66.031, 72.173, 72.144, 67.664, 69.625], [56.728, 68.97, 65.43, 66.161, 70.255], [70.767, 61.084, 71.392, 71.801, 72.004], [70.488, 64.255, 64.102, 71.609, 72.462]]","[[74.676, 73.785, 73.436, 73.956, 74.476], [73.881, 72.852, 73.331, 73.536, 74.307], [72.342, 71.583, 72.634, 73.392, 74.22], [72.032, 71.06, 72.147, 72.998, 74.084], [72.303, 71.525, 72.219, 72.997, 74.074]]","[[""q_uniformity"", ""q_clearcoat"", ""q_clearcoat"", ""q_clearcoat"", ""q_clearcoat""], [""q_scratch"", ""q_clearcoat"", ""q_clearcoat"", ""q_clearcoat"", ""q_clearcoat""], [""q_scratch"", ""q_clearcoat"", ""q_clearcoat"", ""q_clearcoat"", ""q_clearcoat""], [""q_clearcoat"", ""q_scratch"", ""q_clearcoat"", ""q_clearcoat"", ""q_clearcoat""], [""q_clearcoat"", ""q_clearcoat"", ""q_clearcoat"", ""q_clearcoat"", ""q_clearcoat""]]","[[41.311, 41.282, 41.777, 42.803, 43.626], [40.619, 40.56, 41.496, 42.371, 43.376], [39.498, 39.62, 40.819, 42.084, 43.202], [38.917, 39.052, 40.318, 41.742, 43.166], [38.697, 38.978, 40.197, 41.705, 43.201]]"
finish_rule,8,0,1,continue,5.7779998779296875,5.777801513671875,5.659209728240967,6.9276838302612305,0.0,5.945709068328142,0.0,0,60.874485077091805,67.44071424237003,0.15086253842507918,0.1369376807934779,1.9896241420350942,1.5679262174716473,1.7256661213717215,1.0113665721693588,40.0,38.262066091939595,1.7379339080604055,3.2620660919395945,35.902849926154694,0.008117871805722229,0.0365612251089995,0.30709833908216044,0.3571614084752635,4.109648055120037,6.1351614084752635,False,True,67.44071424237003,53.90063332789191,14,14,0,73.58047679979765,71.64215515766452,0,14,0,1:2;1:3;1:4;2:2;2:3;3:0;3:1;3:3;3:4;4:0;4:1;4:2;4:3;4:4,1:2;1:3;1:4;2:2;2:3;3:0;3:1;3:3;3:4;4:0;4:1;4:2;4:3;4:4,,,1:2;1:3;1:4;2:2;2:3;3:0;3:1;3:3;3:4;4:0;4:1;4:2;4:3;4:4,,"{""q_clearcoat"": 2, ""q_ra"": 1, ""q_scratch"": 11, ""q_thermal"": 0, ""q_uniformity"": 0}","[[73.956, 74.029, 73.06, 73.034, 72.161], [74.467, 73.425, 67.743, 59.903, 64.289], [73.177, 72.818, 67.073, 59.288, 71.583], [67.32, 65.855, 70.607, 63.57, 53.901], [65.59, 56.562, 57.936, 66.588, 68.082]]","[[75.947, 75.009, 74.304, 73.818, 74.06], [75.679, 74.496, 73.445, 72.339, 72.771], [75.243, 73.871, 71.71, 71.714, 72.551], [75.128, 73.134, 71.642, 72.749, 72.815], [75.181, 73.36, 72.309, 73.031, 73.206]]","[[""q_uniformity"", ""q_clearcoat"", ""q_clearcoat"", ""q_clearcoat"", ""q_clearcoat""], [""q_clearcoat"", ""q_clearcoat"", ""q_scratch"", ""q_scratch"", ""q_scratch""], [""q_clearcoat"", ""q_clearcoat"", ""q_clearcoat"", ""q_scratch"", ""q_clearcoat""], [""q_scratch"", ""q_scratch"", ""q_clearcoat"", ""q_scratch"", ""q_ra""], [""q_scratch"", ""q_scratch"", ""q_scratch"", ""q_scratch"", ""q_clearcoat""]]","[[42.093, 41.198, 40.303, 39.611, 39.421], [42.178, 41.023, 39.841, 38.863, 38.691], [42.112, 40.697, 38.944, 38.265, 38.262], [42.002, 40.174, 38.569, 38.311, 38.334], [41.895, 40.074, 38.518, 38.375, 38.439]]"
finish_rule,8,0,2,fail_quality_regression,6.135161399841309,5.214846134185791,5.070779800415039,6.440068244934082,-0.4999999701976776,7.999825291335583,0.6908990144729614,0,67.44071424237003,67.3669226949234,0.1369376807934779,0.14986749974601563,1.5679262174716473,1.437601021125853,1.0113665721693588,0.6320673923336333,38.262066091939595,37.27626725592765,0.985798836011945,2.2762672559276496,35.902849926154694,0.008117871805722229,0.03761539007252281,0.1944077390091477,,,,False,True,67.3669226949234,60.623598894256254,17,17,0,70.85192224921343,67.73209582734665,11,6,0,0:4;1:2;1:3;1:4;2:2;2:3;2:4;3:0;3:1;3:2;3:3;3:4;4:0;4:1;4:2;4:3;4:4,0:4;1:2;1:3;1:4;2:2;2:3;2:4;3:0;3:1;3:2;3:3;3:4;4:0;4:1;4:2;4:3;4:4,,1:3;1:4;2:2;2:3;2:4;3:2;3:3;3:4;4:2;4:3;4:4,0:4;1:2;3:0;3:1;4:0;4:1,,"{""q_clearcoat"": 17, ""q_ra"": 0, ""q_scratch"": 0, ""q_thermal"": 0, ""q_uniformity"": 0}","[[71.341, 71.795, 70.644, 70.32, 68.742], [72.412, 71.319, 69.614, 62.814, 63.985], [71.116, 70.755, 66.544, 60.624, 67.489], [69.173, 67.703, 67.195, 63.167, 60.826], [68.421, 63.978, 62.56, 65.623, 66.015]]","[[74.498, 73.21, 72.112, 71.223, 71.22], [74.206, 72.556, 71.013, 69.153, 69.258], [73.609, 71.874, 68.612, 67.732, 68.46], [73.507, 70.949, 68.447, 68.877, 68.897], [73.551, 71.039, 68.752, 69.077, 69.466]]","[[""q_clearcoat"", ""q_clearcoat"", ""q_clearcoat"", ""q_clearcoat"", ""q_clearcoat""], [""q_clearcoat"", ""q_clearcoat"", ""q_clearcoat"", ""q_clearcoat"", ""q_clearcoat""], [""q_clearcoat"", ""q_clearcoat"", ""q_clearcoat"", ""q_clearcoat"", ""q_clearcoat""], [""q_clearcoat"", ""q_clearcoat"", ""q_clearcoat"", ""q_clearcoat"", ""q_clearcoat""], [""q_clearcoat"", ""q_clearcoat"", ""q_clearcoat"", ""q_clearcoat"", ""q_clearcoat""]]","[[41.32, 40.353, 39.421, 38.706, 38.483], [41.379, 40.133, 38.94, 37.923, 37.719], [41.231, 39.821, 37.997, 37.286, 37.276], [41.14, 39.297, 37.687, 37.361, 37.369], [41.042, 39.168, 37.573, 37.393, 37.49]]"
finish_rule,9,0,1,continue,5.7779998779296875,5.777801513671875,5.659209728240967,6.9276838302612305,0.0,5.945709068328142,0.0,0,51.6686128279881,65.28406822904816,0.20163495668885265,0.14751078162965361,2.1005237938528607,1.7803717001066923,1.6800181920553958,1.2725504549488214,41.41919358113651,40.28062275477838,1.1385708263581336,5.280622754778378,35.902849926154694,0.008117871805722229,0.06737045387074057,0.20118901419686944,1.0045844820058103,16.306172421363875,6.782584482005809,False,True,65.28406822904816,48.39593292544208,20,20,0,75.18356271800317,73.64307248096088,0,20,0,0:1;0:2;0:3;0:4;1:0;1:1;1:2;2:0;2:1;2:3;2:4;3:1;3:2;3:3;3:4;4:0;4:1;4:2;4:3;4:4,0:1;0:2;0:3;0:4;1:0;1:1;1:2;2:0;2:1;2:3;2:4;3:1;3:2;3:3;3:4;4:0;4:1;4:2;4:3;4:4,,,0:1;0:2;0:3;0:4;1:0;1:1;1:2;2:0;2:1;2:3;2:4;3:1;3:2;3:3;3:4;4:0;4:1;4:2;4:3;4:4,,"{""q_clearcoat"": 2, ""q_ra"": 3, ""q_scratch"": 15, ""q_thermal"": 0, ""q_uniformity"": 0}","[[74.613, 69.821, 66.357, 58.802, 57.688], [66.609, 64.102, 60.235, 73.99, 70.556], [48.396, 57.002, 71.45, 69.879, 69.832], [74.615, 65.751, 64.698, 69.892, 68.593], [60.023, 59.704, 61.399, 61.646, 66.448]]","[[76.48, 75.704, 75.133, 75.071, 75.486], [76.297, 75.607, 74.57, 74.578, 74.872], [76.265, 75.651, 75.249, 74.644, 74.973], [76.167, 75.803, 74.864, 73.839, 73.835], [76.215, 75.77, 74.579, 73.643, 74.295]]","[[""q_uniformity"", ""q_scratch"", ""q_scratch"", ""q_ra"", ""q_ra""], [""q_scratch"", ""q_scratch"", ""q_scratch"", ""q_clearcoat"", ""q_clearcoat""], [""q_ra"", ""q_scratch"", ""q_scratch"", ""q_scratch"", ""q_scratch""], [""q_clearcoat"", ""q_scratch"", ""q_scratch"", ""q_clearcoat"", ""q_clearcoat""], [""q_scratch"", ""q_scratch"", ""q_scratch"", ""q_scratch"", ""q_scratch""]]","[[45.556, 44.255, 42.859, 41.963, 41.74], [45.588, 44.566, 43.062, 42.301, 42.003], [45.848, 45.043, 44.031, 42.703, 42.237], [46.055, 45.409, 43.771, 41.853, 40.946], [46.286, 45.44, 43.351, 41.183, 40.281]]"
finish_rule,9,0,2,fail_quality_regression,6.7825846672058105,5.765435218811035,5.605835914611816,6.992115020751953,-0.4999999701976776,7.999825291335583,0.6908990144729614,0,65.28406822904816,68.15700078224764,0.14751078162965361,0.15635081955564487,1.7803717001066923,1.4925790566938488,1.2725504549488214,0.8289773443759765,40.28062275477838,39.22382666447673,1.0567960903016456,4.223826664476732,35.902849926154694,0.008117871805722229,0.026328560253605207,0.18851712864928277,,,,False,True,68.15700078224764,58.42687838048504,17,17,0,73.53708828714647,71.41386327166572,0,17,0,0:1;0:2;0:3;0:4;1:1;1:2;2:0;2:1;2:4;3:1;3:2;3:4;4:0;4:1;4:2;4:3;4:4,0:1;0:2;0:3;0:4;1:1;1:2;2:0;2:1;2:4;3:1;3:2;3:4;4:0;4:1;4:2;4:3;4:4,,,0:1;0:2;0:3;0:4;1:1;1:2;2:0;2:1;2:4;3:1;3:2;3:4;4:0;4:1;4:2;4:3;4:4,,"{""q_clearcoat"": 10, ""q_ra"": 0, ""q_scratch"": 4, ""q_thermal"": 0, ""q_uniformity"": 3}","[[72.228, 69.122, 68.546, 66.684, 64.353], [70.647, 67.813, 65.221, 72.039, 70.238], [58.427, 64.922, 71.811, 70.533, 69.834], [73.201, 67.625, 66.818, 70.061, 68.587], [67.916, 67.474, 66.628, 65.763, 67.433]]","[[75.396, 74.399, 73.495, 73.12, 73.449], [75.135, 74.219, 72.894, 72.756, 72.835], [75.128, 74.349, 73.719, 72.85, 73.008], [74.977, 74.528, 73.368, 71.825, 71.561], [75.045, 74.483, 72.854, 71.414, 71.619]]","[[""q_uniformity"", ""q_scratch"", ""q_clearcoat"", ""q_clearcoat"", ""q_uniformity""], [""q_clearcoat"", ""q_clearcoat"", ""q_clearcoat"", ""q_clearcoat"", ""q_clearcoat""], [""q_scratch"", ""q_scratch"", ""q_clearcoat"", ""q_clearcoat"", ""q_clearcoat""], [""q_clearcoat"", ""q_scratch"", ""q_clearcoat"", ""q_clearcoat"", ""q_clearcoat""], [""q_uniformity"", ""q_uniformity"", ""q_clearcoat"", ""q_clearcoat"", ""q_clearcoat""]]","[[44.695, 43.338, 41.881, 40.94, 40.716], [44.661, 43.559, 42.026, 41.285, 40.927], [44.917, 44.05, 42.981, 41.648, 41.164], [45.062, 44.403, 42.765, 40.791, 39.914], [45.29, 44.421, 42.249, 40.125, 39.224]]"
finish_rule,10,0,1,continue,5.7779998779296875,5.777801513671875,5.659209728240967,6.9276838302612305,0.0,5.945709068328142,0.0,0,56.8805354304656,68.79798441457086,0.17076806401797168,0.12874058199193453,2.1458827089358326,1.5414392948725766,1.7914635559848202,1.216325870254911,44.11724931885256,42.79692828291018,1.3203210359423778,7.79692828291018,35.902849926154694,0.008117871805722229,0.01717165122041625,0.23330484278637412,0.2208053336827581,24.847012233767238,5.998805333682758,False,True,68.79798441457086,52.22089098259782,12,12,0,75.7160780196115,74.92754478370652,0,12,0,0:0;0:1;0:2;0:3;0:4;1:0;1:1;1:2;1:3;1:4;2:0;4:4,0:0;0:1;0:2;0:3;0:4;1:0;1:1;1:2;1:3;1:4;2:0;4:4,,,0:0;0:1;0:2;0:3;0:4;1:0;1:1;1:2;1:3;1:4;2:0;4:4,,"{""q_clearcoat"": 0, ""q_ra"": 2, ""q_scratch"": 10, ""q_thermal"": 0, ""q_uniformity"": 0}","[[65.809, 52.221, 53.087, 59.04, 67.15], [68.311, 66.671, 69.277, 69.894, 69.997], [66.775, 74.33, 71.688, 70.705, 71.053], [75.075, 75.031, 72.09, 74.663, 74.043], [75.301, 75.199, 72.56, 75.311, 54.668]]","[[76.493, 76.089, 75.79, 75.699, 75.707], [75.623, 75.268, 75.184, 74.961, 75.057], [75.828, 75.283, 75.317, 74.928, 75.092], [76.165, 75.924, 75.806, 75.558, 75.592], [76.59, 76.376, 76.283, 76.206, 76.083]]","[[""q_scratch"", ""q_ra"", ""q_ra"", ""q_scratch"", ""q_scratch""], [""q_scratch"", ""q_scratch"", ""q_scratch"", ""q_scratch"", ""q_scratch""], [""q_scratch"", ""q_clearcoat"", ""q_scratch"", ""q_clearcoat"", ""q_clearcoat""], [""q_clearcoat"", ""q_clearcoat"", ""q_scratch"", ""q_clearcoat"", ""q_clearcoat""], [""q_clearcoat"", ""q_clearcoat"", ""q_scratch"", ""q_clearcoat"", ""q_scratch""]]","[[43.851, 43.461, 43.099, 42.887, 42.797], [43.932, 43.604, 43.427, 43.161, 43.148], [45.105, 44.661, 44.648, 44.299, 44.377], [46.346, 46.202, 46.174, 45.996, 46.089], [47.306, 47.24, 47.319, 47.355, 47.32]]"
finish_rule,10,0,2,success,5.998805522918701,5.098914623260498,4.958096504211426,6.3269243240356445,-0.4999999701976776,7.999825291335583,0.6908990144729614,0,68.79798441457086,70.57529489296873,0.12874058199193453,0.12964168499718529,1.5414392948725766,1.3443763790526195,1.216325870254911,0.6711704743067282,42.79692828291018,41.85616630211359,0.9407619807965872,6.856166302113593,35.902849926154694,0.008117871805722229,0.0,0.18974257156904883,,,,True,True,70.57529489296873,60.8465966570953,8,8,0,74.52569809605183,73.4987126301532,0,8,0,0:0;0:1;0:2;0:3;0:4;1:1;2:0;4:4,0:0;0:1;0:2;0:3;0:4;1:1;2:0;4:4,,,0:0;0:1;0:2;0:3;0:4;1:1;2:0;4:4,,"{""q_clearcoat"": 2, ""q_ra"": 0, ""q_scratch"": 3, ""q_thermal"": 0, ""q_uniformity"": 3}","[[66.953, 60.847, 63.48, 65.451, 69.234], [70.582, 68.932, 70.131, 71.098, 70.928], [69.762, 73.044, 72.578, 71.234, 71.863], [74.081, 74.004, 72.833, 73.396, 72.884], [74.196, 74.318, 73.387, 74.163, 65.005]]","[[75.442, 74.768, 74.348, 74.14, 74.103], [74.398, 73.96, 73.846, 73.499, 73.581], [74.779, 74.101, 74.128, 73.595, 73.794], [75.191, 74.949, 74.78, 74.457, 74.507], [75.656, 75.466, 75.364, 75.226, 75.064]]","[[""q_scratch"", ""q_scratch"", ""q_scratch"", ""q_uniformity"", ""q_clearcoat""], [""q_clearcoat"", ""q_clearcoat"", ""q_clearcoat"", ""q_clearcoat"", ""q_clearcoat""], [""q_uniformity"", ""q_clearcoat"", ""q_clearcoat"", ""q_clearcoat"", ""q_clearcoat""], [""q_clearcoat"", ""q_clearcoat"", ""q_clearcoat"", ""q_clearcoat"", ""q_clearcoat""], [""q_clearcoat"", ""q_clearcoat"", ""q_clearcoat"", ""q_clearcoat"", ""q_uniformity""]]","[[43.15, 42.62, 42.218, 41.961, 41.856], [43.098, 42.743, 42.563, 42.246, 42.229], [44.296, 43.784, 43.768, 43.345, 43.442], [45.507, 45.368, 45.299, 45.068, 45.168], [46.439, 46.396, 46.46, 46.436, 46.366]]"
finish_rule,11,0,1,continue,5.7779998779296875,5.777801513671875,5.659209728240967,6.9276838302612305,0.0,5.945709068328142,0.0,0,50.62298733541841,64.87181867221605,0.24435969495115767,0.17594175933575362,2.102799813245601,1.8334079854209326,1.5659115524633131,0.9240680198572309,43.5855567413935,42.53785023014939,1.0477065112441153,7.537850230149388,35.902849926154694,0.008117871805722229,0.07325973325405641,0.1851330064718719,1.1871421738919434,29.912819629981968,6.965142173891943,False,True,64.87181867221605,56.23539352846474,20,20,0,75.69193724170049,74.53744831629018,0,20,0,0:2;0:3;1:0;1:1;1:2;1:3;1:4;2:0;2:1;2:2;2:3;2:4;3:0;3:1;3:2;3:3;4:0;4:1;4:2;4:3,0:2;0:3;1:0;1:1;1:2;1:3;1:4;2:0;2:1;2:2;2:3;2:4;3:0;3:1;3:2;3:3;4:0;4:1;4:2;4:3,,,0:2;0:3;1:0;1:1;1:2;1:3;1:4;2:0;2:1;2:2;2:3;2:4;3:0;3:1;3:2;3:3;4:0;4:1;4:2;4:3,,"{""q_clearcoat"": 0, ""q_ra"": 5, ""q_scratch"": 15, ""q_thermal"": 0, ""q_uniformity"": 0}","[[75.0, 74.479, 66.413, 63.345, 73.959], [67.084, 69.843, 59.243, 57.211, 64.605], [63.931, 67.463, 59.356, 65.822, 66.453], [56.617, 68.283, 56.235, 61.462, 73.487], [59.026, 59.901, 57.204, 61.172, 74.199]]","[[76.922, 76.042, 75.146, 74.696, 75.685], [76.561, 75.763, 75.243, 74.537, 75.019], [76.071, 75.776, 75.952, 74.846, 75.179], [75.904, 75.808, 76.04, 75.469, 75.241], [76.414, 76.031, 76.097, 75.958, 75.899]]","[[""q_uniformity"", ""q_clearcoat"", ""q_scratch"", ""q_scratch"", ""q_clearcoat""], [""q_scratch"", ""q_scratch"", ""q_scratch"", ""q_scratch"", ""q_scratch""], [""q_scratch"", ""q_scratch"", ""q_ra"", ""q_scratch"", ""q_scratch""], [""q_ra"", ""q_scratch"", ""q_ra"", ""q_scratch"", ""q_clearcoat""], [""q_ra"", ""q_ra"", ""q_scratch"", ""q_scratch"", ""q_clearcoat""]]","[[48.816, 47.727, 45.418, 43.232, 42.538], [48.417, 47.18, 45.407, 43.387, 42.675], [47.174, 46.503, 45.901, 44.16, 43.819], [45.832, 45.762, 45.938, 45.398, 45.214], [45.434, 45.438, 45.998, 46.394, 46.71]]"
finish_rule,11,0,2,fail_quality_regression,6.965142250061035,5.920107364654541,5.756696701049805,7.14921760559082,-0.4999999701976776,7.999825291335583,0.6908990144729614,0,64.87181867221605,68.8144792779966,0.17594175933575362,0.18208774229831434,1.8334079854209326,1.6938833288119637,0.9240680198572309,0.48539018042635984,42.53785023014939,41.53625120452013,1.001599025629261,6.536251204520127,35.902849926154694,0.008117871805722229,0.01693601031433433,0.17398850028812654,,,,False,True,68.8144792779966,64.7683606536724,18,18,0,74.34224069789016,72.88851029801853,0,18,0,0:2;0:3;1:0;1:2;1:3;1:4;2:0;2:1;2:2;2:3;2:4;3:0;3:2;3:3;4:0;4:1;4:2;4:3,0:2;0:3;1:0;1:2;1:3;1:4;2:0;2:1;2:2;2:3;2:4;3:0;3:2;3:3;4:0;4:1;4:2;4:3,,,0:2;0:3;1:0;1:2;1:3;1:4;2:0;2:1;2:2;2:3;2:4;3:0;3:2;3:3;4:0;4:1;4:2;4:3,,"{""q_clearcoat"": 6, ""q_ra"": 0, ""q_scratch"": 1, ""q_thermal"": 0, ""q_uniformity"": 11}","[[72.714, 72.762, 68.307, 67.754, 71.465], [69.75, 71.535, 66.341, 64.768, 67.818], [69.202, 69.846, 67.355, 68.558, 68.352], [66.963, 70.164, 66.078, 67.367, 71.626], [68.128, 66.885, 66.29, 68.095, 72.243]]","[[76.044, 75.007, 73.819, 72.967, 73.91], [75.621, 74.639, 73.904, 72.889, 73.198], [75.071, 74.539, 74.59, 73.307, 73.57], [74.656, 74.521, 74.707, 74.069, 73.763], [75.061, 74.631, 74.741, 74.684, 74.649]]","[[""q_uniformity"", ""q_clearcoat"", ""q_clearcoat"", ""q_clearcoat"", ""q_clearcoat""], [""q_scratch"", ""q_clearcoat"", ""q_uniformity"", ""q_uniformity"", ""q_clearcoat""], [""q_uniformity"", ""q_clearcoat"", ""q_uniformity"", ""q_clearcoat"", ""q_clearcoat""], [""q_uniformity"", ""q_clearcoat"", ""q_uniformity"", ""q_uniformity"", ""q_clearcoat""], [""q_uniformity"", ""q_uniformity"", ""q_uniformity"", ""q_uniformity"", ""q_clearcoat""]]","[[47.906, 46.725, 44.359, 42.145, 41.536], [47.465, 46.137, 44.341, 42.324, 41.617], [46.248, 45.422, 44.781, 43.08, 42.742], [44.808, 44.713, 44.84, 44.291, 44.065], [44.378, 44.338, 44.876, 45.296, 45.601]]"
finish_rule,12,0,1,continue,5.7779998779296875,5.777801513671875,5.659221649169922,6.9279022216796875,0.0,5.945709068328142,0.0,0,47.866484045454044,63.82875902362265,0.23168245652838954,0.18001642581450059,2.1942695266935357,1.8233206261779598,1.84262466577644,1.2112364466044234,41.86008418664599,41.252541544109874,0.6075426425361172,6.252541544109874,35.90277229768009,0.008119350859054776,0.08816058537681926,0.1073544526437182,2.4636309870462907,39.61215803710504,8.24163098704629,False,True,63.82875902362265,50.402685862432804,23,23,0,75.53398897469809,74.55100221011712,0,23,0,0:0;0:1;0:2;0:3;0:4;1:0;1:1;1:2;1:3;1:4;2:1;2:2;2:3;2:4;3:0;3:1;3:2;3:3;3:4;4:0;4:1;4:2;4:4,0:0;0:1;0:2;0:3;0:4;1:0;1:1;1:2;1:3;1:4;2:1;2:2;2:3;2:4;3:0;3:1;3:2;3:3;3:4;4:0;4:1;4:2;4:4,,,0:0;0:1;0:2;0:3;0:4;1:0;1:1;1:2;1:3;1:4;2:1;2:2;2:3;2:4;3:0;3:1;3:2;3:3;3:4;4:0;4:1;4:2;4:4,,"{""q_clearcoat"": 0, ""q_ra"": 3, ""q_scratch"": 20, ""q_thermal"": 0, ""q_uniformity"": 0}","[[53.996, 59.755, 63.716, 67.513, 67.556], [65.103, 60.226, 65.552, 61.077, 67.217], [73.898, 69.081, 59.92, 68.194, 69.721], [58.867, 67.439, 67.596, 61.592, 65.199], [57.952, 50.403, 56.802, 75.193, 62.152]]","[[75.928, 74.818, 75.086, 75.44, 76.033], [75.072, 74.551, 74.551, 75.275, 75.693], [75.467, 74.787, 75.159, 75.635, 75.91], [76.048, 75.425, 75.591, 75.936, 76.06], [76.227, 75.632, 75.845, 76.027, 76.152]]","[[""q_ra"", ""q_scratch"", ""q_scratch"", ""q_scratch"", ""q_scratch""], [""q_scratch"", ""q_scratch"", ""q_scratch"", ""q_scratch"", ""q_scratch""], [""q_clearcoat"", ""q_scratch"", ""q_scratch"", ""q_scratch"", ""q_scratch""], [""q_scratch"", ""q_scratch"", ""q_scratch"", ""q_scratch"", ""q_scratch""], [""q_scratch"", ""q_ra"", ""q_ra"", ""q_clearcoat"", ""q_scratch""]]","[[41.253, 41.533, 42.911, 44.291, 45.426], [41.9, 42.308, 43.306, 44.715, 45.556], [43.265, 43.449, 44.572, 45.637, 46.211], [44.04, 44.281, 45.284, 46.204, 46.645], [43.997, 44.34, 45.47, 46.293, 46.715]]"
finish_rule,12,0,2,fail_quality_regression,8.241630554199219,7.005700588226318,6.811537742614746,8.230634689331055,-0.4999999701976776,7.999825291335583,0.6908990144729614,0,63.82875902362265,67.80221173337742,0.18001642581450059,0.18715182481851858,1.8233206261779598,1.5851630504149674,1.2112364466044234,0.7329552320469443,41.252541544109874,40.46774504240206,0.7847965017078167,5.467745042402058,36.29594591108977,0.017485355452407227,0.031396975237465444,0.11521576057604824,,,,False,True,67.80221173337742,60.611183091969636,21,21,0,73.8248084509352,72.6667249476564,0,21,0,0:0;0:1;0:2;0:3;0:4;1:0;1:1;1:2;1:3;1:4;2:1;2:2;3:0;3:1;3:2;3:3;3:4;4:0;4:1;4:2;4:4,0:0;0:1;0:2;0:3;0:4;1:0;1:1;1:2;1:3;1:4;2:1;2:2;3:0;3:1;3:2;3:3;3:4;4:0;4:1;4:2;4:4,,,0:0;0:1;0:2;0:3;0:4;1:0;1:1;1:2;1:3;1:4;2:1;2:2;3:0;3:1;3:2;3:3;3:4;4:0;4:1;4:2;4:4,,"{""q_clearcoat"": 11, ""q_ra"": 1, ""q_scratch"": 3, ""q_thermal"": 0, ""q_uniformity"": 6}","[[60.611, 66.026, 67.829, 69.714, 68.59], [67.145, 66.259, 67.699, 67.362, 69.175], [71.557, 69.957, 67.066, 70.094, 70.867], [65.95, 69.1, 69.698, 67.726, 68.286], [66.004, 60.726, 66.333, 73.507, 67.775]]","[[74.249, 72.995, 73.225, 73.631, 74.345], [73.269, 72.667, 72.713, 73.572, 74.048], [73.646, 72.964, 73.486, 74.094, 74.348], [74.299, 73.702, 73.998, 74.365, 74.378], [74.478, 73.896, 74.289, 74.445, 74.519]]","[[""q_ra"", ""q_clearcoat"", ""q_clearcoat"", ""q_clearcoat"", ""q_clearcoat""], [""q_clearcoat"", ""q_clearcoat"", ""q_clearcoat"", ""q_uniformity"", ""q_clearcoat""], [""q_clearcoat"", ""q_clearcoat"", ""q_uniformity"", ""q_clearcoat"", ""q_clearcoat""], [""q_scratch"", ""q_clearcoat"", ""q_clearcoat"", ""q_uniformity"", ""q_uniformity""], [""q_scratch"", ""q_scratch"", ""q_uniformity"", ""q_clearcoat"", ""q_uniformity""]]","[[40.468, 40.628, 41.799, 43.028, 44.113], [40.959, 41.258, 42.141, 43.465, 44.251], [42.135, 42.278, 43.357, 44.4, 44.898], [42.865, 43.077, 44.049, 44.918, 45.311], [42.831, 43.123, 44.246, 44.973, 45.345]]"
finish_rule,13,0,1,continue,5.7779998779296875,5.777801513671875,5.659211158752441,6.929375648498535,0.0,5.945709068328142,0.0,0,61.59139281131878,68.5319782350861,0.14504780904855827,0.13822879245298383,2.1074383219752297,1.7631732427736886,1.6882125215199872,1.1739964533929546,40.0,38.54612712175811,1.4538728782418886,3.5461271217581114,35.9027862073978,0.00811851081345387,0.020971739498769994,0.25690380469252383,0.24489796315632723,6.018311498378153,6.022897963156327,False,True,68.5319782350861,48.217038893898945,11,11,0,74.54841912236311,71.94085094496442,0,11,0,1:3;2:0;2:1;2:2;2:3;3:0;3:1;3:2;3:3;4:1;4:2,1:3;2:0;2:1;2:2;2:3;3:0;3:1;3:2;3:3;4:1;4:2,,,1:3;2:0;2:1;2:2;2:3;3:0;3:1;3:2;3:3;4:1;4:2,,"{""q_clearcoat"": 1, ""q_ra"": 2, ""q_scratch"": 8, ""q_thermal"": 0, ""q_uniformity"": 0}","[[74.071, 73.6, 72.015, 70.005, 71.833], [74.693, 73.609, 71.331, 69.313, 70.972], [63.808, 65.164, 65.919, 66.233, 71.654], [68.192, 48.217, 67.217, 66.164, 73.627], [74.419, 62.936, 49.752, 74.303, 74.254]]","[[75.842, 74.845, 73.189, 72.477, 73.573], [75.779, 74.54, 73.119, 71.941, 72.049], [75.918, 74.985, 73.954, 73.283, 73.355], [75.789, 75.451, 75.306, 74.856, 74.613], [75.989, 75.786, 75.915, 75.515, 75.641]]","[[""q_clearcoat"", ""q_clearcoat"", ""q_clearcoat"", ""q_clearcoat"", ""q_clearcoat""], [""q_clearcoat"", ""q_clearcoat"", ""q_clearcoat"", ""q_clearcoat"", ""q_clearcoat""], [""q_scratch"", ""q_scratch"", ""q_scratch"", ""q_scratch"", ""q_clearcoat""], [""q_scratch"", ""q_ra"", ""q_scratch"", ""q_scratch"", ""q_clearcoat""], [""q_clearcoat"", ""q_scratch"", ""q_ra"", ""q_clearcoat"", ""q_clearcoat""]]","[[42.808, 41.518, 39.731, 38.577, 38.546], [42.941, 41.686, 40.251, 39.155, 38.837], [43.273, 42.413, 41.468, 40.849, 40.748], [43.392, 43.117, 43.008, 42.806, 42.795], [43.634, 43.564, 43.843, 43.865, 44.234]]"
finish_rule,13,0,2,fail_quality_regression,6.022898197174072,5.119314193725586,4.978001117706299,6.344300746917725,-0.4999999701976776,7.999825291335583,0.6908990144729614,0,68.5319782350861,68.47605667062959,0.13822879245298383,0.1544471711542485,1.7631732427736886,1.555238323125281,1.1739964533929546,0.8793212270251751,38.54612712175811,37.658336432832485,0.8877906889256266,2.6583364328324848,35.9027862073978,0.00811851081345387,0.02177061899100587,0.1783428062657189,,,,False,True,68.47605667062959,55.55900953162245,16,16,0,72.73177771325892,69.0772155288575,3,13,0,0:2;0:3;0:4;1:2;1:3;1:4;2:0;2:1;2:2;2:3;2:4;3:1;3:2;3:3;4:1;4:2,0:2;0:3;0:4;1:2;1:3;1:4;2:0;2:1;2:2;2:3;2:4;3:1;3:2;3:3;4:1;4:2,,0:3;1:3;1:4,0:2;0:4;1:2;2:0;2:1;2:2;2:3;2:4;3:1;3:2;3:3;4:1;4:2,,"{""q_clearcoat"": 11, ""q_ra"": 1, ""q_scratch"": 4, ""q_thermal"": 0, ""q_uniformity"": 0}","[[71.651, 71.46, 69.388, 67.828, 68.088], [72.792, 71.751, 69.751, 67.575, 67.897], [66.482, 66.195, 67.394, 67.191, 69.434], [70.176, 55.559, 69.122, 68.044, 72.04], [72.644, 65.256, 58.821, 72.849, 72.513]]","[[74.566, 73.263, 70.783, 69.23, 70.197], [74.478, 72.865, 70.957, 69.215, 69.077], [74.631, 73.46, 72.141, 71.285, 71.274], [74.414, 73.999, 73.826, 73.33, 73.086], [74.659, 74.414, 74.609, 74.169, 74.366]]","[[""q_clearcoat"", ""q_clearcoat"", ""q_clearcoat"", ""q_clearcoat"", ""q_clearcoat""], [""q_clearcoat"", ""q_clearcoat"", ""q_clearcoat"", ""q_clearcoat"", ""q_clearcoat""], [""q_scratch"", ""q_scratch"", ""q_clearcoat"", ""q_clearcoat"", ""q_clearcoat""], [""q_clearcoat"", ""q_ra"", ""q_clearcoat"", ""q_clearcoat"", ""q_clearcoat""], [""q_clearcoat"", ""q_scratch"", ""q_scratch"", ""q_clearcoat"", ""q_clearcoat""]]","[[42.053, 40.729, 38.855, 37.694, 37.658], [42.158, 40.826, 39.369, 38.27, 37.956], [42.468, 41.548, 40.562, 39.939, 39.821], [42.519, 42.222, 42.107, 41.893, 41.879], [42.768, 42.676, 42.971, 42.957, 43.338]]"
finish_rule,14,0,1,continue,5.7779998779296875,5.777801513671875,5.65921688079834,6.930220127105713,0.0,5.945709068328142,0.0,0,56.38650673002177,65.09779528026188,0.19343614469140458,0.14645512565431382,2.003143896669594,1.4830007101461158,1.660855537288437,1.1354227958136571,40.0,38.22050199390049,1.7794980060995087,3.2205019939004913,35.90282514394533,0.008118383859832162,0.0700314959962589,0.31444244735297666,0.668149258337681,3.8814797562315735,6.44614925833768,False,True,65.09779528026188,48.513463064280494,17,17,0,73.31172236700154,71.75178859080464,0,17,0,0:0;0:1;0:2;0:3;1:0;1:1;1:2;2:0;2:2;2:4;3:1;3:2;3:3;3:4;4:1;4:3;4:4,0:0;0:1;0:2;0:3;1:0;1:1;1:2;2:0;2:2;2:4;3:1;3:2;3:3;3:4;4:1;4:3;4:4,,,0:0;0:1;0:2;0:3;1:0;1:1;1:2;2:0;2:2;2:4;3:1;3:2;3:3;3:4;4:1;4:3;4:4,,"{""q_clearcoat"": 3, ""q_ra"": 3, ""q_scratch"": 11, ""q_thermal"": 0, ""q_uniformity"": 0}","[[53.897, 58.949, 67.574, 67.152, 72.508], [48.513, 62.156, 63.176, 71.124, 71.904], [62.232, 72.808, 67.371, 71.661, 66.077], [72.975, 64.941, 60.431, 54.31, 65.491], [72.575, 63.635, 70.629, 55.751, 69.604]]","[[74.786, 74.221, 73.376, 73.525, 73.73], [73.991, 73.415, 73.068, 73.066, 73.219], [74.089, 73.422, 72.75, 72.48, 73.068], [73.813, 73.449, 72.956, 72.868, 72.598], [74.062, 73.733, 73.166, 72.189, 71.752]]","[[""q_ra"", ""q_scratch"", ""q_clearcoat"", ""q_scratch"", ""q_clearcoat""], [""q_ra"", ""q_scratch"", ""q_scratch"", ""q_clearcoat"", ""q_clearcoat""], [""q_scratch"", ""q_clearcoat"", ""q_clearcoat"", ""q_clearcoat"", ""q_scratch""], [""q_clearcoat"", ""q_scratch"", ""q_scratch"", ""q_ra"", ""q_scratch""], [""q_clearcoat"", ""q_scratch"", ""q_clearcoat"", ""q_scratch"", ""q_clearcoat""]]","[[38.893, 38.719, 38.471, 38.514, 38.573], [38.65, 38.482, 38.383, 38.382, 38.426], [38.679, 38.484, 38.294, 38.221, 38.383], [38.598, 38.492, 38.352, 38.338, 38.404], [38.672, 38.574, 38.411, 38.442, 38.931]]"
finish_rule,14,0,2,fail_finish_not_eligible,6.4461493492126465,5.4791741371154785,5.327795028686523,6.705838203430176,-0.4999999701976776,7.999825291335583,0.6908990144729614,0,65.09779528026188,65.12770451632596,0.14645512565431382,0.1502931884353336,1.4830007101461158,1.278933962967825,1.1354227958136571,0.6912193790908312,38.22050199390049,37.16624676493971,1.054255228960784,2.1662467649397072,35.90282514394533,0.008118383859832162,0.06960422119534339,0.1978783386531093,,,,False,True,65.12770451632596,56.25488056570609,25,25,0,69.54832783574321,67.9991974947773,17,8,0,0:0;0:1;0:2;0:3;0:4;1:0;1:1;1:2;1:3;1:4;2:0;2:1;2:2;2:3;2:4;3:0;3:1;3:2;3:3;3:4;4:0;4:1;4:2;4:3;4:4,0:0;0:1;0:2;0:3;0:4;1:0;1:1;1:2;1:3;1:4;2:0;2:1;2:2;2:3;2:4;3:0;3:1;3:2;3:3;3:4;4:0;4:1;4:2;4:3;4:4,,0:2;0:3;1:1;1:2;1:3;1:4;2:1;2:2;2:3;2:4;3:1;3:2;3:3;3:4;4:2;4:3;4:4,0:0;0:1;0:4;1:0;2:0;3:0;4:0;4:1,,"{""q_clearcoat"": 24, ""q_ra"": 1, ""q_scratch"": 0, ""q_thermal"": 0, ""q_uniformity"": 0}","[[60.519, 62.949, 66.345, 66.655, 68.402], [56.255, 64.559, 63.709, 67.97, 67.808], [64.575, 69.031, 66.541, 67.043, 65.183], [69.563, 65.358, 63.042, 61.428, 63.741], [68.916, 63.771, 68.136, 61.105, 65.59]]","[[71.923, 70.908, 69.456, 69.72, 70.036], [70.619, 69.7, 69.004, 69.052, 69.257], [70.784, 69.758, 68.442, 67.999, 68.984], [70.391, 69.866, 68.861, 68.713, 68.66], [70.661, 70.083, 69.188, 68.375, 68.267]]","[[""q_clearcoat"", ""q_clearcoat"", ""q_clearcoat"", ""q_clearcoat"", ""q_clearcoat""], [""q_ra"", ""q_clearcoat"", ""q_clearcoat"", ""q_clearcoat"", ""q_clearcoat""], [""q_clearcoat"", ""q_clearcoat"", ""q_clearcoat"", ""q_clearcoat"", ""q_clearcoat""], [""q_clearcoat"", ""q_clearcoat"", ""q_clearcoat"", ""q_clearcoat"", ""q_clearcoat""], [""q_clearcoat"", ""q_clearcoat"", ""q_clearcoat"", ""q_clearcoat"", ""q_clearcoat""]]","[[38.072, 37.815, 37.475, 37.534, 37.607], [37.744, 37.53, 37.376, 37.386, 37.431], [37.784, 37.543, 37.257, 37.166, 37.372], [37.69, 37.568, 37.345, 37.321, 37.41], [37.755, 37.618, 37.416, 37.457, 37.883]]"
finish_rule,15,0,1,continue,5.7779998779296875,5.777801513671875,5.6592116355896,6.926451683044434,0.0,5.945709068328142,0.0,0,55.496839378213195,64.51792053258225,0.207544629666896,0.16427242494126285,1.9614564470028133,1.6321795318931551,1.558567655098691,0.9588105682614603,40.0,38.36244077626173,1.637559223738272,3.362440776261728,35.90276311019232,0.008118410924397511,0.07831542096311069,0.2893617219472769,0.8119465881950357,4.708434713109606,6.589946588195035,False,True,64.51792053258225,50.08699370384495,17,17,0,73.53064238987372,71.56063067718637,0,17,0,0:0;1:0;1:1;1:2;1:3;1:4;2:0;2:1;2:2;2:3;3:1;3:2;3:3;4:0;4:1;4:2;4:3,0:0;1:0;1:1;1:2;1:3;1:4;2:0;2:1;2:2;2:3;3:1;3:2;3:3;4:0;4:1;4:2;4:3,,,0:0;1:0;1:1;1:2;1:3;1:4;2:0;2:1;2:2;2:3;3:1;3:2;3:3;4:0;4:1;4:2;4:3,,"{""q_clearcoat"": 3, ""q_ra"": 3, ""q_scratch"": 11, ""q_thermal"": 0, ""q_uniformity"": 0}","[[61.282, 72.786, 71.938, 72.36, 71.765], [57.123, 53.011, 62.33, 69.367, 69.087], [55.632, 60.205, 58.115, 68.899, 71.628], [72.067, 58.458, 61.491, 62.116, 72.322], [54.743, 50.087, 68.222, 65.484, 72.431]]","[[74.816, 74.072, 73.585, 73.383, 73.52], [74.04, 73.06, 73.066, 73.006, 72.878], [73.595, 72.173, 71.561, 72.672, 72.612], [73.414, 73.152, 73.52, 73.658, 73.741], [74.673, 74.443, 74.586, 74.504, 74.537]]","[[""q_scratch"", ""q_clearcoat"", ""q_clearcoat"", ""q_clearcoat"", ""q_clearcoat""], [""q_scratch"", ""q_ra"", ""q_scratch"", ""q_clearcoat"", ""q_clearcoat""], [""q_scratch"", ""q_scratch"", ""q_scratch"", ""q_clearcoat"", ""q_clearcoat""], [""q_clearcoat"", ""q_scratch"", ""q_scratch"", ""q_scratch"", ""q_clearcoat""], [""q_ra"", ""q_ra"", ""q_scratch"", ""q_scratch"", ""q_clearcoat""]]","[[38.903, 38.674, 38.531, 38.473, 38.512], [38.665, 38.381, 38.383, 38.398, 38.408], [38.67, 38.362, 38.365, 38.847, 38.872], [39.519, 39.555, 39.824, 39.898, 39.916], [40.667, 40.669, 40.799, 40.702, 40.642]]"
finish_rule,15,0,2,fail_quality_regression,6.589946746826172,5.6015496253967285,5.446630954742432,6.827587127685547,-0.4999999701976776,7.999825291335583,0.6908990144729614,0,64.51792053258225,65.37597247577791,0.16427242494126285,0.17107099384806665,1.6321795318931551,1.4974127011476126,0.9588105682614603,0.5596436761575916,38.36244077626173,37.3299274018289,1.0325133744328312,2.329927401828897,35.90276311019232,0.008118410924397511,0.06605753606031552,0.18956918194242853,,,,False,True,65.37597247577791,59.48270190185675,25,25,0,70.23816282407354,67.47956464920391,11,14,0,0:0;0:1;0:2;0:3;0:4;1:0;1:1;1:2;1:3;1:4;2:0;2:1;2:2;2:3;2:4;3:0;3:1;3:2;3:3;3:4;4:0;4:1;4:2;4:3;4:4,0:0;0:1;0:2;0:3;0:4;1:0;1:1;1:2;1:3;1:4;2:0;2:1;2:2;2:3;2:4;3:0;3:1;3:2;3:3;3:4;4:0;4:1;4:2;4:3;4:4,,0:2;0:3;0:4;1:1;1:2;1:3;1:4;2:1;2:2;2:3;2:4,0:0;0:1;1:0;2:0;3:0;3:1;3:2;3:3;3:4;4:0;4:1;4:2;4:3;4:4,,"{""q_clearcoat"": 23, ""q_ra"": 0, ""q_scratch"": 0, ""q_thermal"": 0, ""q_uniformity"": 2}","[[63.834, 68.782, 67.698, 68.264, 67.363], [63.43, 59.483, 62.37, 67.289, 66.722], [62.305, 61.748, 61.317, 67.567, 67.964], [69.112, 63.07, 64.538, 64.514, 69.315], [62.444, 59.805, 69.288, 66.844, 69.335]]","[[71.934, 70.561, 69.716, 69.41, 69.627], [70.621, 68.907, 68.911, 68.907, 68.797], [70.156, 68.039, 67.48, 69.097, 69.072], [70.661, 70.436, 70.872, 70.875, 70.975], [72.361, 72.161, 72.233, 72.082, 72.064]]","[[""q_clearcoat"", ""q_clearcoat"", ""q_clearcoat"", ""q_clearcoat"", ""q_clearcoat""], [""q_clearcoat"", ""q_clearcoat"", ""q_clearcoat"", ""q_clearcoat"", ""q_clearcoat""], [""q_clearcoat"", ""q_clearcoat"", ""q_clearcoat"", ""q_clearcoat"", ""q_clearcoat""], [""q_clearcoat"", ""q_clearcoat"", ""q_clearcoat"", ""q_clearcoat"", ""q_clearcoat""], [""q_uniformity"", ""q_uniformity"", ""q_clearcoat"", ""q_clearcoat"", ""q_clearcoat""]]","[[38.075, 37.73, 37.533, 37.465, 37.513], [37.745, 37.355, 37.357, 37.378, 37.387], [37.737, 37.33, 37.331, 37.816, 37.843], [38.575, 38.611, 38.854, 38.87, 38.892], [39.683, 39.692, 39.774, 39.665, 39.597]]"
finish_rule,17,0,1,continue,5.7779998779296875,5.777801513671875,5.659212589263916,6.9297075271606445,0.0,5.945709068328142,0.0,0,52.03940023690197,64.34158367533382,0.23430338745378,0.173976135216694,2.2560661831984925,1.9295286394680118,1.8343369297890924,1.283973315478505,42.631620525585525,41.20101762741293,1.4306028981725945,6.201017627412931,35.90283727518009,0.008117695350295035,0.08083451892380253,0.2527918638162823,0.95930127303325,16.618484329329682,6.73730127303325,False,True,64.34158367533382,51.05856019086704,18,18,0,75.07258731895132,74.07536688798032,0,18,0,0:2;0:3;0:4;1:0;1:1;1:2;1:3;2:0;2:1;2:2;2:3;2:4;3:0;3:1;3:3;3:4;4:0;4:3,0:2;0:3;0:4;1:0;1:1;1:2;1:3;2:0;2:1;2:2;2:3;2:4;3:0;3:1;3:3;3:4;4:0;4:3,,,0:2;0:3;0:4;1:0;1:1;1:2;1:3;2:0;2:1;2:2;2:3;2:4;3:0;3:1;3:3;3:4;4:0;4:3,,"{""q_clearcoat"": 0, ""q_ra"": 3, ""q_scratch"": 15, ""q_thermal"": 0, ""q_uniformity"": 0}","[[74.298, 74.228, 68.746, 51.403, 54.554], [61.283, 57.013, 51.059, 61.037, 73.277], [60.272, 59.896, 61.14, 59.677, 61.744], [57.581, 61.854, 73.755, 65.792, 65.881], [68.84, 74.106, 74.284, 63.308, 73.513]]","[[76.289, 75.68, 75.687, 75.403, 75.651], [75.499, 74.919, 74.804, 74.487, 74.84], [75.044, 74.919, 74.075, 74.345, 74.755], [75.308, 74.568, 74.735, 74.611, 74.651], [75.705, 75.394, 75.26, 75.048, 75.137]]","[[""q_uniformity"", ""q_clearcoat"", ""q_scratch"", ""q_ra"", ""q_ra""], [""q_scratch"", ""q_scratch"", ""q_ra"", ""q_scratch"", ""q_clearcoat""], [""q_scratch"", ""q_scratch"", ""q_scratch"", ""q_scratch"", ""q_scratch""], [""q_scratch"", ""q_scratch"", ""q_clearcoat"", ""q_scratch"", ""q_scratch""], [""q_scratch"", ""q_clearcoat"", ""q_clearcoat"", ""q_scratch"", ""q_clearcoat""]]","[[46.828, 45.786, 45.096, 44.309, 44.197], [45.216, 44.33, 43.643, 42.932, 42.896], [43.606, 43.168, 42.155, 41.9, 41.905], [42.719, 42.019, 41.737, 41.353, 41.238], [42.391, 42.001, 41.627, 41.266, 41.201]]"
finish_rule,17,0,2,fail_quality_regression,6.737301349639893,5.72659969329834,5.568411350250244,6.9526214599609375,-0.4999999701976776,7.999825291335583,0.6908990144729614,0,64.34158367533382,67.40922826368224,0.173976135216694,0.17912745604885894,1.9295286394680118,1.8052902274389222,1.283973315478505,0.8547389239137075,41.20101762741293,40.120980050719496,1.0800375766934351,5.120980050719496,35.90283727518009,0.008117695350295035,0.037011024804539466,0.193957936790158,,,,False,True,67.40922826368224,60.0570798414416,16,16,0,73.32296550435868,72.05245852843323,0,16,0,0:3;0:4;1:0;1:1;1:2;1:3;2:0;2:1;2:2;2:3;2:4;3:0;3:1;3:3;3:4;4:3,0:3;0:4;1:0;1:1;1:2;1:3;2:0;2:1;2:2;2:3;2:4;3:0;3:1;3:3;3:4;4:3,,,0:3;0:4;1:0;1:1;1:2;1:3;2:0;2:1;2:2;2:3;2:4;3:0;3:1;3:3;3:4;4:3,,"{""q_clearcoat"": 8, ""q_ra"": 0, ""q_scratch"": 4, ""q_thermal"": 0, ""q_uniformity"": 4}","[[72.005, 72.376, 70.856, 61.704, 61.541], [66.582, 64.726, 60.057, 66.04, 71.135], [66.305, 64.189, 65.325, 65.679, 66.921], [65.879, 65.291, 71.455, 67.159, 67.404], [70.258, 72.025, 72.192, 67.504, 70.621]]","[[75.335, 74.483, 74.379, 73.923, 74.09], [74.299, 73.506, 73.28, 72.68, 72.996], [73.589, 73.352, 72.052, 72.338, 72.744], [73.743, 72.657, 72.731, 72.435, 72.354], [73.93, 73.453, 73.169, 72.762, 72.795]]","[[""q_uniformity"", ""q_clearcoat"", ""q_clearcoat"", ""q_uniformity"", ""q_uniformity""], [""q_scratch"", ""q_scratch"", ""q_scratch"", ""q_clearcoat"", ""q_clearcoat""], [""q_uniformity"", ""q_scratch"", ""q_clearcoat"", ""q_clearcoat"", ""q_clearcoat""], [""q_uniformity"", ""q_clearcoat"", ""q_clearcoat"", ""q_clearcoat"", ""q_clearcoat""], [""q_clearcoat"", ""q_clearcoat"", ""q_clearcoat"", ""q_clearcoat"", ""q_clearcoat""]]","[[45.973, 44.803, 44.094, 43.262, 43.114], [44.279, 43.318, 42.632, 41.836, 41.791], [42.648, 42.19, 41.047, 40.844, 40.855], [41.802, 40.997, 40.715, 40.31, 40.161], [41.409, 40.984, 40.591, 40.198, 40.121]]"
finish_rule,18,0,1,continue,5.7779998779296875,5.777801513671875,5.659209728240967,6.9276838302612305,0.0,5.945709068328142,0.0,0,55.38626611210081,67.94124279794534,0.17097407455744965,0.1237478993815916,1.9935701182292833,1.530592268803748,1.738487741128841,1.126914021338099,41.27772842028264,40.46452829072194,0.8132001295607054,5.464528290721937,35.902849926154694,0.008117871805722229,0.029410817172209492,0.1436949978196814,0.6140259080371662,24.11029154312992,6.392025908037166,False,True,67.94124279794534,52.04272533700233,12,12,0,75.06207994267031,74.24359372927036,0,12,0,0:1;0:4;2:4;3:0;3:1;3:2;3:3;3:4;4:0;4:1;4:2;4:4,0:1;0:4;2:4;3:0;3:1;3:2;3:3;3:4;4:0;4:1;4:2;4:4,,,0:1;0:4;2:4;3:0;3:1;3:2;3:3;3:4;4:0;4:1;4:2;4:4,,"{""q_clearcoat"": 0, ""q_ra"": 2, ""q_scratch"": 10, ""q_thermal"": 0, ""q_uniformity"": 0}","[[72.496, 68.858, 72.998, 72.688, 52.043], [71.823, 71.715, 71.834, 73.682, 74.33], [70.392, 70.761, 71.714, 73.612, 66.972], [55.955, 67.862, 69.925, 68.867, 64.266], [62.889, 53.886, 64.506, 72.507, 61.95]]","[[75.798, 75.327, 74.552, 74.706, 75.522], [75.225, 74.528, 74.353, 74.498, 75.265], [74.964, 74.325, 74.244, 74.681, 75.428], [75.152, 74.806, 74.904, 75.003, 75.447], [75.847, 75.43, 75.326, 75.475, 75.746]]","[[""q_clearcoat"", ""q_scratch"", ""q_clearcoat"", ""q_clearcoat"", ""q_ra""], [""q_clearcoat"", ""q_clearcoat"", ""q_clearcoat"", ""q_clearcoat"", ""q_clearcoat""], [""q_clearcoat"", ""q_clearcoat"", ""q_clearcoat"", ""q_clearcoat"", ""q_scratch""], [""q_scratch"", ""q_scratch"", ""q_scratch"", ""q_scratch"", ""q_scratch""], [""q_scratch"", ""q_ra"", ""q_scratch"", ""q_clearcoat"", ""q_scratch""]]","[[40.465, 40.789, 41.331, 42.419, 43.64], [40.636, 40.791, 41.538, 42.563, 43.722], [41.247, 41.338, 42.043, 43.189, 44.34], [42.166, 42.337, 43.106, 44.028, 45.027], [43.153, 43.24, 43.86, 44.817, 45.685]]"
finish_rule,18,0,2,fail_quality_regression,6.392025947570801,5.433401584625244,5.2830634117126465,6.659053802490234,-0.4999999701976776,7.999825291335583,0.6908990144729614,0,67.94124279794534,69.39920441889797,0.1237478993815916,0.13527283331990425,1.530592268803748,1.2526591555718745,1.126914021338099,0.6659198792790431,40.46452829072194,39.79386651365248,0.670661777069455,4.793866513652482,35.902849926154694,0.008117871805722229,0.00858279401574334,0.12694562317434724,,,,False,True,69.39920441889797,60.92778350725668,12,12,0,73.47062815716133,72.47511714184581,0,12,0,0:0;0:1;0:4;1:0;2:4;3:0;3:1;3:4;4:0;4:1;4:2;4:4,0:0;0:1;0:4;1:0;2:4;3:0;3:1;3:4;4:0;4:1;4:2;4:4,,,0:0;0:1;0:4;1:0;2:4;3:0;3:1;3:4;4:0;4:1;4:2;4:4,,"{""q_clearcoat"": 6, ""q_ra"": 0, ""q_scratch"": 2, ""q_thermal"": 0, ""q_uniformity"": 4}","[[69.999, 67.888, 70.767, 70.693, 60.928], [69.694, 70.496, 71.042, 71.871, 72.769], [70.001, 70.845, 70.438, 71.893, 69.26], [64.128, 69.543, 71.211, 70.185, 68.767], [66.087, 65.433, 69.22, 72.932, 68.89]]","[[74.162, 73.41, 72.627, 72.946, 73.994], [73.275, 72.616, 72.525, 72.831, 73.792], [73.187, 72.475, 72.512, 73.162, 74.105], [73.483, 73.231, 73.47, 73.638, 74.206], [74.407, 74.016, 73.95, 74.196, 74.549]]","[[""q_clearcoat"", ""q_clearcoat"", ""q_clearcoat"", ""q_clearcoat"", ""q_uniformity""], [""q_clearcoat"", ""q_clearcoat"", ""q_clearcoat"", ""q_clearcoat"", ""q_clearcoat""], [""q_clearcoat"", ""q_clearcoat"", ""q_clearcoat"", ""q_clearcoat"", ""q_clearcoat""], [""q_scratch"", ""q_clearcoat"", ""q_clearcoat"", ""q_clearcoat"", ""q_uniformity""], [""q_scratch"", ""q_uniformity"", ""q_clearcoat"", ""q_clearcoat"", ""q_uniformity""]]","[[39.794, 39.956, 40.403, 41.423, 42.641], [39.811, 39.947, 40.622, 41.594, 42.744], [40.405, 40.439, 41.103, 42.233, 43.398], [41.258, 41.452, 42.214, 43.082, 44.075], [42.267, 42.354, 42.93, 43.86, 44.712]]"
finish_rule,20,0,1,continue,5.7779998779296875,5.777801513671875,5.659215927124023,6.929166793823242,0.0,5.945709068328142,0.0,0,54.10967693528622,63.98486828213112,0.2169316737972161,0.17120032320251008,2.271207956833794,2.047429936928422,1.8298911538717595,1.241577432163177,40.53969099491192,39.73113522197081,0.8085557729411121,4.73113522197081,35.90275179419036,0.008116681465491077,0.08593045311241261,0.14287416902857333,1.8043244701964445,19.115668287278798,7.582324470196444,False,True,63.98486828213112,46.35326501244221,17,17,0,74.82945014484399,73.72853550266075,0,17,0,0:0;0:1;0:2;0:3;0:4;1:0;1:1;1:2;1:3;1:4;2:0;2:1;2:2;2:4;3:1;3:4;4:4,0:0;0:1;0:2;0:3;0:4;1:0;1:1;1:2;1:3;1:4;2:0;2:1;2:2;2:4;3:1;3:4;4:4,,,0:0;0:1;0:2;0:3;0:4;1:0;1:1;1:2;1:3;1:4;2:0;2:1;2:2;2:4;3:1;3:4;4:4,,"{""q_clearcoat"": 0, ""q_ra"": 7, ""q_scratch"": 10, ""q_thermal"": 0, ""q_uniformity"": 0}","[[63.637, 54.402, 68.565, 69.832, 57.044], [57.241, 49.523, 59.223, 67.031, 55.325], [66.144, 46.353, 61.255, 74.163, 55.778], [74.07, 54.014, 74.281, 74.297, 66.462], [74.075, 74.032, 74.647, 71.224, 57.005]]","[[75.257, 74.552, 74.323, 74.57, 75.295], [73.954, 73.729, 73.853, 74.284, 75.116], [74.177, 74.218, 74.486, 74.795, 75.449], [75.081, 74.894, 75.037, 75.098, 75.376], [75.802, 75.343, 75.206, 75.17, 75.673]]","[[""q_scratch"", ""q_ra"", ""q_scratch"", ""q_scratch"", ""q_ra""], [""q_scratch"", ""q_ra"", ""q_scratch"", ""q_scratch"", ""q_ra""], [""q_scratch"", ""q_ra"", ""q_scratch"", ""q_clearcoat"", ""q_ra""], [""q_clearcoat"", ""q_scratch"", ""q_clearcoat"", ""q_clearcoat"", ""q_scratch""], [""q_clearcoat"", ""q_clearcoat"", ""q_clearcoat"", ""q_clearcoat"", ""q_ra""]]","[[39.733, 39.731, 40.244, 41.202, 42.258], [40.296, 40.299, 40.668, 41.388, 42.274], [42.006, 41.892, 41.923, 42.109, 42.565], [44.141, 43.598, 43.098, 42.617, 42.537], [45.657, 44.686, 43.675, 42.795, 42.613]]"
finish_rule,20,0,2,fail_quality_regression,7.582324504852295,6.4451727867126465,6.266716003417969,7.671871185302734,-0.4999999701976776,7.999825291335583,0.6908990144729614,0,63.98486828213112,66.90268535003572,0.17120032320251008,0.18543601510513094,2.047429936928422,1.9249300575531731,1.241577432163177,0.8235237131905033,39.73113522197081,38.81091290127591,0.9202223206948972,3.8109129012759126,35.90275179419036,0.008703782910601724,0.04424735214234679,0.1468428312680825,,,,False,True,66.90268535003572,56.415125514694154,17,17,0,72.69544144904923,71.2573458617066,0,17,0,0:0;0:1;0:2;0:3;0:4;1:0;1:1;1:2;1:3;1:4;2:0;2:1;2:2;2:4;3:1;3:4;4:4,0:0;0:1;0:2;0:3;0:4;1:0;1:1;1:2;1:3;1:4;2:0;2:1;2:2;2:4;3:1;3:4;4:4,,,0:0;0:1;0:2;0:3;0:4;1:0;1:1;1:2;1:3;1:4;2:0;2:1;2:2;2:4;3:1;3:4;4:4,,"{""q_clearcoat"": 10, ""q_ra"": 1, ""q_scratch"": 2, ""q_thermal"": 0, ""q_uniformity"": 4}","[[61.671, 62.17, 67.448, 69.49, 63.447], [63.858, 58.648, 63.773, 68.931, 64.866], [67.586, 56.415, 65.384, 71.786, 66.099], [72.331, 61.909, 72.239, 71.951, 68.086], [72.184, 72.342, 72.871, 71.174, 65.908]]","[[72.747, 71.944, 71.728, 72.085, 73.145], [71.497, 71.257, 71.305, 71.885, 72.864], [72.18, 72.059, 72.334, 72.583, 73.289], [73.549, 73.216, 73.17, 72.962, 73.178], [74.443, 73.808, 73.454, 73.158, 73.546]]","[[""q_scratch"", ""q_clearcoat"", ""q_clearcoat"", ""q_clearcoat"", ""q_uniformity""], [""q_clearcoat"", ""q_clearcoat"", ""q_clearcoat"", ""q_clearcoat"", ""q_uniformity""], [""q_clearcoat"", ""q_ra"", ""q_clearcoat"", ""q_clearcoat"", ""q_uniformity""], [""q_clearcoat"", ""q_scratch"", ""q_clearcoat"", ""q_clearcoat"", ""q_clearcoat""], [""q_clearcoat"", ""q_clearcoat"", ""q_clearcoat"", ""q_clearcoat"", ""q_uniformity""]]","[[38.856, 38.811, 39.225, 40.049, 41.094], [39.31, 39.303, 39.575, 40.232, 41.052], [40.935, 40.76, 40.795, 40.928, 41.351], [43.072, 42.499, 41.956, 41.399, 41.307], [44.561, 43.557, 42.526, 41.618, 41.413]]"
finish_rule,21,0,1,continue,5.7779998779296875,5.777801513671875,5.659215927124023,6.929166793823242,0.0,5.945709068328142,0.0,0,60.93697200172417,68.23866960620448,0.19094030458987776,0.14836910359976854,2.0732778433801466,1.6655105435979898,1.745860744514099,1.1001739344431496,42.25813181988936,41.11391152918627,1.144220290703089,6.113911529186268,35.90275179419036,0.008116681465491077,0.0251618627685074,0.20218707068923844,0.3733452789448815,20.34705540350476,6.1513452789448815,False,True,68.23866960620448,50.47515805959063,12,12,0,75.2994185965884,73.86889438401772,0,12,0,0:1;1:1;2:0;2:1;2:2;3:1;3:2;3:3;4:1;4:2;4:3;4:4,0:1;1:1;2:0;2:1;2:2;3:1;3:2;3:3;4:1;4:2;4:3;4:4,,,0:1;1:1;2:0;2:1;2:2;3:1;3:2;3:3;4:1;4:2;4:3;4:4,,"{""q_clearcoat"": 0, ""q_ra"": 2, ""q_scratch"": 10, ""q_thermal"": 0, ""q_uniformity"": 0}","[[73.292, 69.848, 74.499, 74.523, 74.349], [75.16, 60.744, 74.416, 74.356, 74.104], [62.102, 61.122, 60.097, 73.724, 73.695], [74.421, 60.54, 50.475, 68.588, 73.04], [73.865, 66.991, 60.618, 54.412, 66.985]]","[[76.537, 75.913, 75.693, 75.504, 76.018], [76.229, 75.784, 75.348, 75.044, 75.427], [75.96, 75.523, 75.106, 74.559, 74.792], [75.608, 74.93, 74.559, 73.869, 73.957], [75.613, 75.456, 75.013, 74.909, 75.133]]","[[""q_uniformity"", ""q_scratch"", ""q_clearcoat"", ""q_clearcoat"", ""q_clearcoat""], [""q_clearcoat"", ""q_scratch"", ""q_clearcoat"", ""q_clearcoat"", ""q_clearcoat""], [""q_scratch"", ""q_scratch"", ""q_scratch"", ""q_clearcoat"", ""q_clearcoat""], [""q_clearcoat"", ""q_scratch"", ""q_ra"", ""q_scratch"", ""q_clearcoat""], [""q_clearcoat"", ""q_scratch"", ""q_scratch"", ""q_ra"", ""q_scratch""]]","[[43.909, 44.057, 44.908, 45.859, 47.066], [43.657, 43.791, 44.253, 44.868, 45.753], [43.33, 43.224, 43.303, 43.356, 43.809], [42.86, 42.344, 42.022, 41.599, 41.688], [42.664, 42.271, 41.598, 41.18, 41.114]]"
finish_rule,21,0,2,fail_quality_regression,6.151345252990723,5.228555679321289,5.08415412902832,6.452970504760742,-0.4999999701976776,7.999825291335583,0.6908990144729614,0,68.23866960620448,69.61030095292672,0.14836910359976854,0.161173303433113,1.6655105435979898,1.4559111785406111,1.1001739344431496,0.6810923162997167,41.11391152918627,40.19426121273441,0.9196503164518575,5.1942612127344105,35.90275179419036,0.008116681465491077,0.0055671292439039835,0.18088560911264512,,,,False,True,69.61030095292672,59.8742561020275,12,12,0,73.83557691772695,71.89839026470068,0,12,0,0:1;1:1;2:0;2:1;2:2;3:1;3:2;3:3;4:1;4:2;4:3;4:4,0:1;1:1;2:0;2:1;2:2;3:1;3:2;3:3;4:1;4:2;4:3;4:4,,,0:1;1:1;2:0;2:1;2:2;3:1;3:2;3:3;4:1;4:2;4:3;4:4,,"{""q_clearcoat"": 5, ""q_ra"": 0, ""q_scratch"": 6, ""q_thermal"": 0, ""q_uniformity"": 1}","[[72.39, 69.081, 73.076, 73.251, 72.786], [73.303, 66.778, 72.945, 72.994, 72.738], [67.768, 67.0, 65.751, 72.049, 72.169], [73.335, 66.647, 59.874, 69.411, 71.016], [71.855, 68.449, 65.468, 62.488, 67.634]]","[[75.563, 74.754, 74.557, 74.375, 75.016], [74.95, 74.478, 74.106, 73.783, 74.296], [74.6, 74.099, 73.617, 73.063, 73.447], [74.146, 73.326, 72.808, 71.898, 72.088], [74.03, 73.844, 73.101, 72.787, 73.158]]","[[""q_uniformity"", ""q_scratch"", ""q_clearcoat"", ""q_clearcoat"", ""q_clearcoat""], [""q_clearcoat"", ""q_scratch"", ""q_clearcoat"", ""q_clearcoat"", ""q_clearcoat""], [""q_scratch"", ""q_scratch"", ""q_scratch"", ""q_clearcoat"", ""q_clearcoat""], [""q_clearcoat"", ""q_clearcoat"", ""q_scratch"", ""q_clearcoat"", ""q_clearcoat""], [""q_clearcoat"", ""q_clearcoat"", ""q_clearcoat"", ""q_uniformity"", ""q_clearcoat""]]","[[43.254, 43.26, 44.049, 44.92, 46.146], [42.825, 42.921, 43.373, 43.911, 44.82], [42.475, 42.335, 42.359, 42.392, 42.895], [41.99, 41.445, 41.08, 40.597, 40.724], [41.749, 41.385, 40.645, 40.194, 40.206]]"
finish_rule,22,0,1,continue,5.7779998779296875,5.777801513671875,5.659215450286865,6.929074764251709,0.0,5.945709068328142,0.0,0,52.183350857391495,65.1408505909612,0.1976841613721932,0.13501471047203326,2.1588289503500744,1.735200315300035,1.816480181947768,1.2219386400886179,40.0,38.2920555718377,1.7079444281622997,3.2920555718377003,35.90280490188158,0.008118121813241223,0.06941642012912581,0.3017987993504867,0.6900268020799256,4.281181948431819,6.468026802079925,False,True,65.1408505909612,48.85893679758743,21,21,0,73.30156616931895,72.74195047757216,0,21,0,0:0;0:2;0:3;0:4;1:0;1:1;1:2;1:4;2:1;2:2;2:4;3:0;3:1;3:2;3:3;3:4;4:0;4:1;4:2;4:3;4:4,0:0;0:2;0:3;0:4;1:0;1:1;1:2;1:4;2:1;2:2;2:4;3:0;3:1;3:2;3:3;3:4;4:0;4:1;4:2;4:3;4:4,,,0:0;0:2;0:3;0:4;1:0;1:1;1:2;1:4;2:1;2:2;2:4;3:0;3:1;3:2;3:3;3:4;4:0;4:1;4:2;4:3;4:4,,"{""q_clearcoat"": 6, ""q_ra"": 2, ""q_scratch"": 13, ""q_thermal"": 0, ""q_uniformity"": 0}","[[64.833, 72.644, 69.129, 66.907, 67.427], [64.697, 66.915, 66.263, 71.006, 67.755], [71.08, 65.978, 54.11, 72.101, 68.422], [65.156, 67.026, 52.433, 67.289, 68.479], [62.541, 66.559, 48.859, 60.333, 60.579]]","[[74.989, 73.987, 73.6, 72.902, 73.011], [73.95, 73.385, 73.101, 72.931, 72.842], [73.73, 73.375, 73.235, 72.742, 72.773], [73.548, 73.283, 72.993, 73.048, 72.779], [73.766, 73.504, 72.991, 73.038, 73.036]]","[[""q_scratch"", ""q_clearcoat"", ""q_clearcoat"", ""q_clearcoat"", ""q_clearcoat""], [""q_scratch"", ""q_scratch"", ""q_scratch"", ""q_clearcoat"", ""q_clearcoat""], [""q_clearcoat"", ""q_scratch"", ""q_scratch"", ""q_clearcoat"", ""q_clearcoat""], [""q_scratch"", ""q_scratch"", ""q_ra"", ""q_scratch"", ""q_clearcoat""], [""q_scratch"", ""q_scratch"", ""q_ra"", ""q_scratch"", ""q_scratch""]]","[[38.957, 38.649, 38.535, 38.336, 38.367], [38.638, 38.473, 38.392, 38.344, 38.32], [38.573, 38.47, 38.43, 38.292, 38.301], [38.52, 38.444, 38.362, 38.379, 38.325], [38.584, 38.507, 38.361, 38.377, 38.391]]"
finish_rule,22,0,2,fail_quality_regression,6.468026638031006,5.497996807098389,5.345871448516846,6.724892616271973,-0.4999999701976776,7.999825291335583,0.6908990144729614,0,65.1408505909612,65.06225081530107,0.13501471047203326,0.14761759817199907,1.735200315300035,1.4948743988989004,1.2219386400886179,0.7486714132307415,38.2920555718377,37.265198296520445,1.026857275317255,2.2651982965204454,35.90280490188158,0.008118121813241223,0.07053927406712757,0.19208416910252216,,,,False,True,65.06225081530107,56.951132111726096,25,25,0,69.42524185021377,68.41921387978182,20,5,0,0:0;0:1;0:2;0:3;0:4;1:0;1:1;1:2;1:3;1:4;2:0;2:1;2:2;2:3;2:4;3:0;3:1;3:2;3:3;3:4;4:0;4:1;4:2;4:3;4:4,0:0;0:1;0:2;0:3;0:4;1:0;1:1;1:2;1:3;1:4;2:0;2:1;2:2;2:3;2:4;3:0;3:1;3:2;3:3;3:4;4:0;4:1;4:2;4:3;4:4,,0:2;0:3;0:4;1:1;1:2;1:3;1:4;2:1;2:2;2:3;2:4;3:0;3:1;3:2;3:3;3:4;4:1;4:2;4:3;4:4,0:0;0:1;1:0;2:0;4:0,,"{""q_clearcoat"": 25, ""q_ra"": 0, ""q_scratch"": 0, ""q_thermal"": 0, ""q_uniformity"": 0}","[[64.968, 68.746, 67.428, 65.228, 65.148], [65.431, 66.134, 65.383, 68.05, 65.294], [68.121, 65.168, 60.122, 67.755, 65.776], [66.451, 66.179, 58.34, 66.404, 66.214], [65.107, 65.741, 56.951, 63.471, 62.948]]","[[72.3, 70.52, 69.8, 68.803, 68.969], [70.562, 69.61, 69.118, 68.858, 68.708], [70.201, 69.621, 69.269, 68.482, 68.532], [69.939, 69.552, 68.895, 69.007, 68.419], [70.163, 69.846, 68.885, 68.803, 68.766]]","[[""q_clearcoat"", ""q_clearcoat"", ""q_clearcoat"", ""q_clearcoat"", ""q_clearcoat""], [""q_clearcoat"", ""q_clearcoat"", ""q_clearcoat"", ""q_clearcoat"", ""q_clearcoat""], [""q_clearcoat"", ""q_clearcoat"", ""q_clearcoat"", ""q_clearcoat"", ""q_clearcoat""], [""q_clearcoat"", ""q_clearcoat"", ""q_clearcoat"", ""q_clearcoat"", ""q_clearcoat""], [""q_clearcoat"", ""q_clearcoat"", ""q_clearcoat"", ""q_clearcoat"", ""q_clearcoat""]]","[[38.172, 37.721, 37.553, 37.333, 37.368], [37.731, 37.51, 37.401, 37.345, 37.313], [37.645, 37.512, 37.434, 37.265, 37.276], [37.584, 37.496, 37.353, 37.378, 37.267], [37.636, 37.563, 37.35, 37.334, 37.337]]"
finish_rule,23,0,1,continue,5.7779998779296875,5.777801513671875,5.659210205078125,6.929496765136719,0.0,5.945709068328142,0.0,0,56.27229387905223,64.95553521277822,0.19456617140759347,0.17357542332653217,2.326948305063237,2.004556904458817,1.9901485780928412,1.4217513015097027,40.0,38.504872238759546,1.4951277612404539,3.504872238759546,35.90276302003731,0.008118556522395612,0.07206378267459691,0.26419371379752693,0.8183061773736059,5.696094040726691,6.596306177373606,False,True,64.95553521277822,45.33277591576672,14,14,0,73.95919777749738,72.41698069603409,0,14,0,0:2;0:3;0:4;1:1;1:2;1:3;1:4;2:0;2:1;2:2;2:3;2:4;3:2;4:2,0:2;0:3;0:4;1:1;1:2;1:3;1:4;2:0;2:1;2:2;2:3;2:4;3:2;4:2,,,0:2;0:3;0:4;1:1;1:2;1:3;1:4;2:0;2:1;2:2;2:3;2:4;3:2;4:2,,"{""q_clearcoat"": 1, ""q_ra"": 5, ""q_scratch"": 8, ""q_thermal"": 0, ""q_uniformity"": 0}","[[72.495, 72.232, 68.265, 64.434, 60.863], [72.682, 55.728, 47.101, 45.557, 52.422], [58.459, 45.333, 55.316, 66.237, 68.31], [70.491, 73.645, 67.677, 70.009, 73.492], [74.201, 73.875, 67.453, 73.933, 73.679]]","[[74.513, 73.706, 73.464, 73.137, 73.923], [74.201, 72.972, 72.417, 72.493, 73.349], [72.866, 72.581, 72.976, 73.485, 73.666], [74.735, 74.335, 74.577, 74.522, 74.58], [75.62, 75.241, 75.128, 75.228, 75.262]]","[[""q_clearcoat"", ""q_clearcoat"", ""q_clearcoat"", ""q_scratch"", ""q_scratch""], [""q_clearcoat"", ""q_ra"", ""q_ra"", ""q_ra"", ""q_ra""], [""q_scratch"", ""q_ra"", ""q_scratch"", ""q_scratch"", ""q_scratch""], [""q_clearcoat"", ""q_clearcoat"", ""q_scratch"", ""q_scratch"", ""q_clearcoat""], [""q_clearcoat"", ""q_clearcoat"", ""q_scratch"", ""q_clearcoat"", ""q_clearcoat""]]","[[38.808, 38.566, 38.517, 38.638, 39.008], [38.737, 38.505, 38.679, 38.957, 39.299], [39.186, 39.342, 39.769, 40.081, 40.129], [40.978, 40.961, 41.243, 41.238, 41.246], [41.933, 41.864, 41.922, 41.987, 41.984]]"
finish_rule,23,0,2,fail_quality_regression,6.596306324005127,5.606818199157715,5.451887130737305,6.833833694458008,-0.4999999701976776,7.999825291335583,0.6908990144729614,0,64.95553521277822,65.7800072233762,0.17357542332653217,0.18843352427333038,2.004556904458817,1.8263101119564578,1.4217513015097027,1.013333669655176,38.504872238759546,37.51929817393576,0.985574064823787,2.519298173935759,35.90276302003731,0.008118556522395612,0.06028561109462568,0.1807766817598257,,,,False,True,65.7800072233762,51.94342275749098,17,17,0,71.22788106982236,69.07252731190502,6,11,0,0:0;0:1;0:2;0:3;0:4;1:0;1:1;1:2;1:3;1:4;2:0;2:1;2:2;2:3;2:4;3:2;4:2,0:0;0:1;0:2;0:3;0:4;1:0;1:1;1:2;1:3;1:4;2:0;2:1;2:2;2:3;2:4;3:2;4:2,,0:2;0:3;1:1;1:2;1:3;2:1,0:0;0:1;0:4;1:0;1:4;2:0;2:2;2:3;2:4;3:2;4:2,,"{""q_clearcoat"": 14, ""q_ra"": 2, ""q_scratch"": 1, ""q_thermal"": 0, ""q_uniformity"": 0}","[[68.334, 68.02, 66.62, 64.227, 63.174], [68.817, 61.069, 54.616, 52.077, 59.743], [60.749, 51.943, 61.293, 66.908, 68.03], [70.906, 71.467, 68.991, 70.408, 71.21], [72.089, 71.801, 69.03, 71.803, 71.175]]","[[71.474, 70.031, 69.586, 69.363, 70.36], [70.991, 69.208, 69.073, 69.078, 70.248], [70.115, 69.865, 70.297, 70.809, 70.959], [72.727, 72.295, 72.422, 72.352, 72.422], [73.849, 73.353, 73.244, 73.273, 73.305]]","[[""q_clearcoat"", ""q_clearcoat"", ""q_clearcoat"", ""q_clearcoat"", ""q_clearcoat""], [""q_clearcoat"", ""q_clearcoat"", ""q_clearcoat"", ""q_ra"", ""q_clearcoat""], [""q_scratch"", ""q_ra"", ""q_clearcoat"", ""q_clearcoat"", ""q_clearcoat""], [""q_clearcoat"", ""q_clearcoat"", ""q_clearcoat"", ""q_clearcoat"", ""q_clearcoat""], [""q_clearcoat"", ""q_clearcoat"", ""q_clearcoat"", ""q_clearcoat"", ""q_clearcoat""]]","[[37.956, 37.606, 37.519, 37.624, 37.962], [37.853, 37.528, 37.746, 37.936, 38.298], [38.303, 38.432, 38.79, 39.049, 39.08], [40.069, 40.034, 40.227, 40.214, 40.227], [41.013, 40.889, 40.939, 40.961, 40.958]]"
finish_rule,24,0,1,continue,5.7779998779296875,5.777801513671875,5.659211158752441,6.928067207336426,0.0,5.945709068328142,0.0,0,46.928313998490815,58.10629310136711,0.3547995368035139,0.24894646595871153,2.3148635114943765,2.1247236093343367,1.8757526608995623,1.188685240326781,40.0,38.34624629382444,1.6537537061755572,3.346246293824443,35.90279409289508,0.00811815670906694,0.2447323297935576,0.29222336113362535,2.512451388323282,4.606908525731599,8.290451388323282,False,True,58.10629310136711,45.51229130976827,23,23,0,73.72914042187848,71.35620150734066,0,23,0,0:0;0:1;0:2;1:0;1:1;1:2;1:3;1:4;2:0;2:1;2:2;2:3;2:4;3:0;3:1;3:2;3:3;3:4;4:0;4:1;4:2;4:3;4:4,0:0;0:1;0:2;1:0;1:1;1:2;1:3;1:4;2:0;2:1;2:2;2:3;2:4;3:0;3:1;3:2;3:3;3:4;4:0;4:1;4:2;4:3;4:4,,,0:0;0:1;0:2;1:0;1:1;1:2;1:3;1:4;2:0;2:1;2:2;2:3;2:4;3:0;3:1;3:2;3:3;3:4;4:0;4:1;4:2;4:3;4:4,,"{""q_clearcoat"": 0, ""q_ra"": 12, ""q_scratch"": 11, ""q_thermal"": 0, ""q_uniformity"": 0}","[[47.531, 63.015, 65.006, 71.506, 70.923], [56.736, 46.23, 63.964, 56.729, 63.045], [51.738, 45.512, 49.359, 55.732, 52.329], [67.01, 50.106, 51.39, 56.412, 63.459], [64.611, 63.076, 65.434, 59.154, 52.648]]","[[75.171, 74.372, 73.14, 72.914, 72.976], [74.808, 74.241, 72.624, 71.356, 71.41], [74.767, 74.296, 73.814, 73.098, 72.71], [74.555, 73.707, 73.598, 73.59, 74.102], [74.911, 73.949, 73.848, 74.24, 75.029]]","[[""q_ra"", ""q_scratch"", ""q_scratch"", ""q_clearcoat"", ""q_clearcoat""], [""q_ra"", ""q_ra"", ""q_scratch"", ""q_scratch"", ""q_scratch""], [""q_ra"", ""q_ra"", ""q_ra"", ""q_ra"", ""q_ra""], [""q_scratch"", ""q_ra"", ""q_ra"", ""q_scratch"", ""q_scratch""], [""q_scratch"", ""q_scratch"", ""q_scratch"", ""q_ra"", ""q_ra""]]","[[39.953, 39.522, 38.788, 38.382, 38.357], [39.819, 39.63, 39.003, 38.457, 38.346], [39.848, 39.93, 40.106, 40.11, 40.103], [39.847, 39.994, 40.71, 41.482, 42.311], [40.057, 40.294, 41.275, 42.593, 43.893]]"
finish_rule,24,0,2,fail_finish_not_eligible,8.290451049804688,7.046875476837158,6.851878643035889,8.274823188781738,-0.4999999701976776,7.999825291335583,0.6908990144729614,0,58.10629310136711,62.063298753372976,0.24894646595871153,0.2366737297006858,2.1247236093343367,2.0343126068206683,1.188685240326781,0.8079301790464235,38.34624629382444,36.95784930209288,1.388396991731561,1.9578493020928818,36.374767280166594,0.0183247149132195,0.18336864850342888,0.20263012000988953,,,,False,True,62.063298753372976,52.107640360923924,25,23,2,70.02793536784367,65.59001098276417,8,17,0,0:0;0:1;0:2;0:3;0:4;1:0;1:1;1:2;1:3;1:4;2:0;2:1;2:2;2:3;2:4;3:0;3:1;3:2;3:3;3:4;4:0;4:1;4:2;4:3;4:4,0:0;0:1;0:2;0:3;1:0;1:1;1:2;1:3;2:0;2:1;2:2;2:3;2:4;3:0;3:1;3:2;3:3;3:4;4:0;4:1;4:2;4:3;4:4,0:4;1:4,0:2;0:3;0:4;1:2;1:3;1:4;2:3;2:4,0:0;0:1;1:0;1:1;2:0;2:1;2:2;3:0;3:1;3:2;3:3;3:4;4:0;4:1;4:2;4:3;4:4,,"{""q_clearcoat"": 21, ""q_ra"": 3, ""q_scratch"": 0, ""q_thermal"": 0, ""q_uniformity"": 1}","[[52.108, 64.411, 63.543, 65.404, 64.215], [61.806, 54.642, 64.048, 59.863, 60.766], [60.25, 53.495, 58.667, 63.047, 61.746], [67.334, 58.344, 62.063, 63.741, 67.183], [66.259, 64.525, 66.916, 65.613, 61.592]]","[[72.217, 70.706, 68.256, 67.119, 67.021], [71.493, 70.617, 68.044, 65.915, 65.59], [71.257, 70.892, 70.534, 69.513, 69.123], [70.93, 70.362, 70.553, 70.781, 71.598], [71.638, 70.694, 71.076, 71.805, 72.964]]","[[""q_ra"", ""q_clearcoat"", ""q_clearcoat"", ""q_clearcoat"", ""q_clearcoat""], [""q_clearcoat"", ""q_ra"", ""q_clearcoat"", ""q_clearcoat"", ""q_clearcoat""], [""q_clearcoat"", ""q_ra"", ""q_clearcoat"", ""q_clearcoat"", ""q_clearcoat""], [""q_clearcoat"", ""q_clearcoat"", ""q_clearcoat"", ""q_clearcoat"", ""q_clearcoat""], [""q_clearcoat"", ""q_clearcoat"", ""q_clearcoat"", ""q_clearcoat"", ""q_uniformity""]]","[[38.886, 38.321, 37.469, 37.019, 36.976], [38.659, 38.41, 37.672, 37.098, 36.958], [38.618, 38.703, 38.866, 38.748, 38.733], [38.578, 38.757, 39.408, 40.129, 41.014], [38.856, 39.02, 39.967, 41.212, 42.561]]"
finish_rule,25,0,1,continue,5.7779998779296875,5.777801513671875,5.659200668334961,6.92984676361084,0.0,5.945709068328142,0.0,0,56.37235771495598,66.6515037839707,0.16655145543173927,0.1474384609754689,2.1019504301039778,1.8731409179509348,1.7808897122884826,1.1721555825118064,40.0,38.51459794288798,1.4854020571120188,3.514597942887981,35.9027766613262,0.008117378383492828,0.04783566022899005,0.26247559402219445,0.5467440933759177,5.770433432221929,6.324744093375918,False,True,66.6515037839707,49.55253344035826,15,15,0,74.44832579236288,71.68550618769561,0,15,0,0:0;1:0;1:3;1:4;2:0;2:2;2:3;3:0;3:1;3:2;3:3;4:0;4:1;4:3;4:4,0:0;1:0;1:3;1:4;2:0;2:2;2:3;3:0;3:1;3:2;3:3;4:0;4:1;4:3;4:4,,,0:0;1:0;1:3;1:4;2:0;2:2;2:3;3:0;3:1;3:2;3:3;4:0;4:1;4:3;4:4,,"{""q_clearcoat"": 0, ""q_ra"": 3, ""q_scratch"": 12, ""q_thermal"": 0, ""q_uniformity"": 0}","[[67.6, 74.268, 73.851, 73.985, 73.752], [67.757, 73.563, 74.348, 68.827, 68.49], [66.079, 74.335, 57.848, 57.533, 72.746], [69.311, 49.553, 62.334, 51.886, 70.875], [66.018, 62.589, 71.98, 54.194, 62.567]]","[[76.032, 75.719, 75.379, 74.98, 75.202], [75.423, 75.13, 75.534, 74.951, 74.568], [75.394, 74.937, 74.427, 73.623, 73.627], [75.638, 74.532, 73.081, 71.686, 72.036], [75.725, 74.501, 73.122, 72.65, 73.312]]","[[""q_scratch"", ""q_clearcoat"", ""q_clearcoat"", ""q_clearcoat"", ""q_clearcoat""], [""q_scratch"", ""q_clearcoat"", ""q_clearcoat"", ""q_scratch"", ""q_scratch""], [""q_scratch"", ""q_clearcoat"", ""q_scratch"", ""q_scratch"", ""q_clearcoat""], [""q_scratch"", ""q_ra"", ""q_scratch"", ""q_ra"", ""q_clearcoat""], [""q_scratch"", ""q_scratch"", ""q_clearcoat"", ""q_ra"", ""q_scratch""]]","[[42.343, 41.929, 41.981, 42.714, 43.817], [42.933, 42.313, 42.351, 42.444, 42.771], [43.914, 42.855, 41.753, 41.003, 41.01], [44.478, 42.695, 40.649, 39.215, 38.973], [44.473, 42.468, 40.217, 38.818, 38.515]]"
finish_rule,25,0,2,fail_quality_regression,6.32474422454834,5.376129627227783,5.2274556159973145,6.6048736572265625,-0.4999999701976776,7.999825291335583,0.6908990144729614,0,66.6515037839707,67.68838308663666,0.1474384609754689,0.16199878612679347,1.8731409179509348,1.6932563554088025,1.1721555825118064,0.8393787125940122,38.51459794288798,37.510942547813585,1.0036553950743965,2.5109425478135847,35.9027766613262,0.008117378383492828,0.0330230987623334,0.19199692332211513,,,,False,True,67.68838308663666,57.42915577533043,16,16,0,72.52387838149629,68.6550519956393,4,12,0,0:0;1:0;1:3;1:4;2:0;2:2;2:3;3:1;3:2;3:3;3:4;4:0;4:1;4:2;4:3;4:4,0:0;1:0;1:3;1:4;2:0;2:2;2:3;3:1;3:2;3:3;3:4;4:0;4:1;4:2;4:3;4:4,,3:3;3:4;4:3;4:4,0:0;1:0;1:3;1:4;2:0;2:2;2:3;3:1;3:2;4:0;4:1;4:2,,"{""q_clearcoat"": 12, ""q_ra"": 0, ""q_scratch"": 3, ""q_thermal"": 0, ""q_uniformity"": 1}","[[67.668, 72.111, 71.863, 72.284, 71.797], [69.231, 71.69, 72.505, 69.714, 68.715], [68.712, 72.698, 64.103, 62.62, 70.525], [71.395, 57.429, 63.362, 58.738, 67.486], [68.817, 64.897, 69.306, 61.252, 63.292]]","[[74.715, 74.11, 73.709, 73.411, 73.78], [74.132, 73.56, 73.889, 73.284, 72.923], [74.128, 73.418, 72.623, 71.484, 71.507], [74.369, 72.982, 70.943, 68.655, 68.773], [74.454, 72.896, 70.655, 69.279, 69.416]]","[[""q_scratch"", ""q_clearcoat"", ""q_clearcoat"", ""q_clearcoat"", ""q_clearcoat""], [""q_clearcoat"", ""q_clearcoat"", ""q_clearcoat"", ""q_clearcoat"", ""q_clearcoat""], [""q_uniformity"", ""q_clearcoat"", ""q_clearcoat"", ""q_clearcoat"", ""q_clearcoat""], [""q_clearcoat"", ""q_scratch"", ""q_clearcoat"", ""q_clearcoat"", ""q_clearcoat""], [""q_clearcoat"", ""q_scratch"", ""q_clearcoat"", ""q_clearcoat"", ""q_clearcoat""]]","[[41.613, 41.09, 41.1, 41.79, 42.86], [42.151, 41.439, 41.439, 41.499, 41.79], [43.052, 41.942, 40.819, 40.015, 40.029], [43.563, 41.776, 39.709, 38.223, 37.98], [43.559, 41.546, 39.227, 37.847, 37.511]]"
finish_rule,26,0,1,continue,5.7779998779296875,5.777801513671875,5.659210205078125,6.929496765136719,0.0,5.945709068328142,0.0,0,49.71429807692224,61.772841492071464,0.30164997540974153,0.1926235321515968,2.258964138433712,1.9243241743676958,1.885427331972248,1.1282207380127034,46.47603133099656,45.85434883124308,0.6216824997534829,10.85434883124308,35.90276302003731,0.008118556522395612,0.11753083582755051,0.10985322637346719,3.2096691114373415,80.6016274946811,8.987669111437341,False,True,61.772841492071464,50.460876851768845,19,19,0,76.37609237101576,75.6561077157128,0,19,0,0:2;0:3;0:4;1:1;1:2;1:3;2:0;2:1;2:2;2:3;2:4;3:0;3:3;3:4;4:0;4:1;4:2;4:3;4:4,0:2;0:3;0:4;1:1;1:2;1:3;2:0;2:1;2:2;2:3;2:4;3:0;3:3;3:4;4:0;4:1;4:2;4:3;4:4,,,0:2;0:3;0:4;1:1;1:2;1:3;2:0;2:1;2:2;2:3;2:4;3:0;3:3;3:4;4:0;4:1;4:2;4:3;4:4,,"{""q_clearcoat"": 0, ""q_ra"": 11, ""q_scratch"": 8, ""q_thermal"": 0, ""q_uniformity"": 0}","[[75.073, 74.452, 51.261, 50.461, 56.145], [74.367, 57.205, 56.495, 68.879, 74.802], [59.049, 60.972, 69.062, 50.787, 66.594], [58.703, 76.057, 75.652, 53.352, 55.634], [52.043, 52.382, 52.966, 66.903, 55.025]]","[[76.829, 76.297, 75.947, 76.527, 76.605], [76.012, 75.656, 75.825, 76.409, 76.459], [76.25, 76.174, 76.463, 76.413, 76.473], [76.598, 76.528, 76.431, 76.411, 76.355], [76.772, 76.604, 76.459, 76.502, 76.402]]","[[""q_uniformity"", ""q_uniformity"", ""q_ra"", ""q_ra"", ""q_ra""], [""q_clearcoat"", ""q_scratch"", ""q_scratch"", ""q_scratch"", ""q_uniformity""], [""q_ra"", ""q_scratch"", ""q_scratch"", ""q_ra"", ""q_scratch""], [""q_scratch"", ""q_clearcoat"", ""q_clearcoat"", ""q_ra"", ""q_ra""], [""q_ra"", ""q_ra"", ""q_ra"", ""q_scratch"", ""q_ra""]]","[[45.854, 46.159, 47.092, 48.4, 48.482], [46.323, 46.481, 47.412, 48.279, 48.33], [47.993, 47.987, 48.334, 48.282, 48.345], [48.475, 48.402, 48.301, 48.288, 48.312], [48.658, 48.481, 48.33, 48.382, 48.339]]"
finish_rule,26,0,2,fail_quality_regression,8.987668991088867,7.639225959777832,7.428009510040283,8.866788864135742,-0.4999999701976776,7.999825291335583,0.6908990144729614,0,61.772841492071464,68.47905868915608,0.1926235321515968,0.20326068160174499,1.9243241743676958,1.6637018651037527,1.1282207380127034,0.5436336329198417,45.85434883124308,45.00706323259913,0.8472855986439498,10.00706323259913,37.497439416592115,0.03226354684748015,0.02172773301205605,0.11406630504426413,,,,False,True,68.47905868915608,63.62813074064212,17,17,0,74.89981320761119,74.24014829518227,0,17,0,0:2;0:3;0:4;1:1;1:2;2:0;2:1;2:3;2:4;3:0;3:3;3:4;4:0;4:1;4:2;4:3;4:4,0:2;0:3;0:4;1:1;1:2;2:0;2:1;2:3;2:4;3:0;3:3;3:4;4:0;4:1;4:2;4:3;4:4,,,0:2;0:3;0:4;1:1;1:2;2:0;2:1;2:3;2:4;3:0;3:3;3:4;4:0;4:1;4:2;4:3;4:4,,"{""q_clearcoat"": 0, ""q_ra"": 0, ""q_scratch"": 1, ""q_thermal"": 0, ""q_uniformity"": 16}","[[72.344, 72.113, 63.816, 63.628, 65.245], [72.053, 66.416, 65.565, 71.672, 72.726], [68.139, 67.265, 72.1, 65.465, 69.845], [67.973, 74.393, 73.695, 65.943, 67.009], [66.237, 67.095, 66.928, 69.819, 64.493]]","[[75.787, 75.044, 74.51, 75.077, 75.166], [74.754, 74.292, 74.452, 74.894, 74.904], [74.925, 74.829, 74.981, 74.884, 74.857], [75.145, 75.11, 74.932, 74.647, 74.24], [75.337, 75.234, 74.992, 74.895, 74.606]]","[[""q_uniformity"", ""q_uniformity"", ""q_uniformity"", ""q_uniformity"", ""q_uniformity""], [""q_clearcoat"", ""q_scratch"", ""q_uniformity"", ""q_clearcoat"", ""q_clearcoat""], [""q_uniformity"", ""q_uniformity"", ""q_clearcoat"", ""q_uniformity"", ""q_uniformity""], [""q_uniformity"", ""q_clearcoat"", ""q_clearcoat"", ""q_uniformity"", ""q_uniformity""], [""q_uniformity"", ""q_uniformity"", ""q_uniformity"", ""q_uniformity"", ""q_uniformity""]]","[[45.007, 45.108, 45.785, 46.955, 47.043], [45.247, 45.293, 46.124, 46.781, 46.816], [46.701, 46.674, 46.863, 46.784, 46.832], [47.145, 47.016, 46.817, 46.791, 46.818], [47.315, 47.127, 46.874, 46.92, 46.85]]"
finish_rule,28,0,1,continue,5.7779998779296875,5.777801513671875,5.659215927124023,6.929166793823242,0.0,5.945709068328142,0.0,0,55.128993480746196,64.57901449908073,0.18884142761546013,0.15524260834287945,2.0953851018758405,1.7852358273389346,1.7972211281793269,1.2118735503632163,40.0,38.30423445820962,1.6957655417903794,3.3042344582096206,35.90275179419036,0.008116681465491077,0.07744265001313246,0.2996467290924092,0.7753395164468786,4.352573652847727,6.553339516446878,False,True,64.57901449908073,49.621632434426445,19,19,0,73.36061355032375,72.7860444239164,0,19,0,0:1;0:2;0:3;0:4;1:0;1:1;1:4;2:0;2:1;2:2;2:3;2:4;3:2;3:3;3:4;4:1;4:2;4:3;4:4,0:1;0:2;0:3;0:4;1:0;1:1;1:4;2:0;2:1;2:2;2:3;2:4;3:2;3:3;3:4;4:1;4:2;4:3;4:4,,,0:1;0:2;0:3;0:4;1:0;1:1;1:4;2:0;2:1;2:2;2:3;2:4;3:2;3:3;3:4;4:1;4:2;4:3;4:4,,"{""q_clearcoat"": 5, ""q_ra"": 2, ""q_scratch"": 12, ""q_thermal"": 0, ""q_uniformity"": 0}","[[73.177, 65.147, 59.513, 69.044, 69.58], [53.824, 61.404, 71.648, 70.112, 68.482], [61.903, 49.622, 64.071, 63.64, 63.461], [72.406, 71.367, 53.769, 53.168, 62.095], [72.652, 67.088, 66.297, 68.075, 62.93]]","[[74.799, 74.021, 73.433, 73.447, 73.383], [74.419, 73.324, 72.889, 72.877, 73.166], [73.631, 73.264, 73.195, 72.865, 73.144], [73.527, 72.9, 72.786, 72.833, 72.997], [74.167, 73.195, 73.172, 73.123, 73.459]]","[[""q_clearcoat"", ""q_scratch"", ""q_scratch"", ""q_clearcoat"", ""q_clearcoat""], [""q_scratch"", ""q_scratch"", ""q_clearcoat"", ""q_clearcoat"", ""q_clearcoat""], [""q_scratch"", ""q_ra"", ""q_scratch"", ""q_scratch"", ""q_scratch""], [""q_clearcoat"", ""q_clearcoat"", ""q_scratch"", ""q_ra"", ""q_scratch""], [""q_clearcoat"", ""q_clearcoat"", ""q_scratch"", ""q_clearcoat"", ""q_scratch""]]","[[38.897, 38.659, 38.487, 38.491, 38.472], [38.78, 38.456, 38.333, 38.33, 38.411], [38.544, 38.439, 38.419, 38.326, 38.404], [38.514, 38.336, 38.304, 38.319, 38.385], [38.703, 38.419, 38.412, 38.401, 38.512]]"
finish_rule,28,0,2,fail_quality_regression,6.55333948135376,5.570313453674316,5.416369438171387,6.800052642822266,-0.4999999701976776,7.999825291335583,0.6908990144729614,0,64.57901449908073,64.63167242122239,0.15524260834287945,0.16857667635536794,1.7852358273389346,1.5393819831147162,1.2118735503632163,0.8378236409512176,38.30423445820962,37.28203503128712,1.0221994269224979,2.2820350312871227,35.90275179419036,0.008116681465491077,0.07669039398253728,0.18872409620337885,,,,False,True,64.63167242122239,56.10956069933607,25,25,0,69.4407646309659,68.55604590620001,21,4,0,0:0;0:1;0:2;0:3;0:4;1:0;1:1;1:2;1:3;1:4;2:0;2:1;2:2;2:3;2:4;3:0;3:1;3:2;3:3;3:4;4:0;4:1;4:2;4:3;4:4,0:0;0:1;0:2;0:3;0:4;1:0;1:1;1:2;1:3;1:4;2:0;2:1;2:2;2:3;2:4;3:0;3:1;3:2;3:3;3:4;4:0;4:1;4:2;4:3;4:4,,0:2;0:3;0:4;1:1;1:2;1:3;1:4;2:0;2:1;2:2;2:3;2:4;3:0;3:1;3:2;3:3;3:4;4:1;4:2;4:3;4:4,0:0;0:1;1:0;4:0,,"{""q_clearcoat"": 25, ""q_ra"": 0, ""q_scratch"": 0, ""q_thermal"": 0, ""q_uniformity"": 0}","[[69.213, 65.39, 63.677, 66.617, 67.006], [61.787, 63.131, 67.232, 67.342, 66.039], [63.611, 56.11, 63.417, 63.67, 63.979], [68.606, 67.849, 59.434, 59.187, 62.146], [69.014, 65.829, 65.284, 66.433, 63.789]]","[[71.918, 70.472, 69.492, 69.567, 69.408], [71.273, 69.466, 68.696, 68.685, 68.921], [69.985, 69.365, 69.148, 68.6, 68.895], [69.824, 68.827, 68.583, 68.556, 68.771], [70.797, 69.258, 69.129, 68.827, 69.556]]","[[""q_clearcoat"", ""q_clearcoat"", ""q_clearcoat"", ""q_clearcoat"", ""q_clearcoat""], [""q_clearcoat"", ""q_clearcoat"", ""q_clearcoat"", ""q_clearcoat"", ""q_clearcoat""], [""q_clearcoat"", ""q_clearcoat"", ""q_clearcoat"", ""q_clearcoat"", ""q_clearcoat""], [""q_clearcoat"", ""q_clearcoat"", ""q_clearcoat"", ""q_clearcoat"", ""q_clearcoat""], [""q_clearcoat"", ""q_clearcoat"", ""q_clearcoat"", ""q_clearcoat"", ""q_clearcoat""]]","[[38.071, 37.709, 37.483, 37.5, 37.464], [37.905, 37.477, 37.31, 37.308, 37.358], [37.595, 37.455, 37.407, 37.29, 37.353], [37.558, 37.338, 37.286, 37.282, 37.342], [37.787, 37.431, 37.403, 37.339, 37.51]]"
finish_rule,29,0,1,continue,5.7779998779296875,5.777801513671875,5.659215927124023,6.929166793823242,0.0,5.945709068328142,0.0,0,57.01740619194502,64.36407608395783,0.2179168137077661,0.17703684358527294,2.2560399846258417,1.8805595157580555,1.8867678315486835,1.2637877285211516,40.47009098486221,39.11768859475807,1.3524023901041389,4.1176885947580715,35.90275179419036,0.008116681465491077,0.08051319880060248,0.23897345630906522,1.0107381804338278,8.86160591835462,6.788738180433827,False,True,64.36407608395783,51.94438769380178,14,14,0,74.32497822962337,73.09345129983078,0,14,0,0:1;0:2;1:1;1:2;2:1;2:2;3:1;3:2;3:3;3:4;4:0;4:1;4:2;4:3,0:1;0:2;1:1;1:2;2:1;2:2;3:1;3:2;3:3;3:4;4:0;4:1;4:2;4:3,,,0:1;0:2;1:1;1:2;2:1;2:2;3:1;3:2;3:3;3:4;4:0;4:1;4:2;4:3,,"{""q_clearcoat"": 0, ""q_ra"": 6, ""q_scratch"": 8, ""q_thermal"": 0, ""q_uniformity"": 0}","[[73.675, 51.944, 68.69, 72.683, 72.369], [72.635, 64.042, 55.62, 72.595, 73.045], [73.003, 52.991, 52.62, 72.467, 72.319], [73.851, 58.917, 52.923, 52.17, 53.517], [60.452, 63.767, 53.674, 65.55, 73.582]]","[[75.443, 74.856, 74.464, 73.922, 74.192], [74.349, 73.847, 73.283, 73.465, 73.784], [74.412, 73.586, 73.422, 73.093, 73.646], [75.077, 74.786, 74.084, 73.916, 74.48], [75.609, 75.448, 74.966, 74.831, 75.164]]","[[""q_clearcoat"", ""q_ra"", ""q_scratch"", ""q_clearcoat"", ""q_clearcoat""], [""q_clearcoat"", ""q_scratch"", ""q_scratch"", ""q_clearcoat"", ""q_clearcoat""], [""q_clearcoat"", ""q_scratch"", ""q_ra"", ""q_clearcoat"", ""q_clearcoat""], [""q_clearcoat"", ""q_scratch"", ""q_ra"", ""q_ra"", ""q_ra""], [""q_scratch"", ""q_scratch"", ""q_ra"", ""q_scratch"", ""q_clearcoat""]]","[[40.071, 39.738, 39.442, 39.118, 39.13], [40.379, 40.007, 39.543, 39.375, 39.342], [41.578, 40.912, 40.457, 39.944, 39.937], [43.137, 42.62, 41.699, 41.119, 41.122], [44.234, 43.737, 42.825, 42.173, 42.033]]"
finish_rule,29,0,2,fail_quality_regression,6.788738250732422,5.770291328430176,5.610912322998047,6.996417999267578,-0.4999999701976776,7.999825291335583,0.6908990144729614,0,64.36407608395783,66.68488446853956,0.17703684358527294,0.19001045062171348,1.8805595157580555,1.7086321806263305,1.2637877285211516,0.8771830067822743,39.11768859475807,38.07630803297077,1.0413805617872995,3.076308032970772,35.90275179419036,0.008116681465491077,0.04735879330657765,0.18559915069762925,,,,False,True,66.68488446853956,59.774221359323185,21,21,0,71.9402746584501,70.16825931078942,0,21,0,0:1;0:2;0:3;0:4;1:0;1:1;1:2;1:3;1:4;2:1;2:2;2:3;2:4;3:1;3:2;3:3;3:4;4:0;4:1;4:2;4:3,0:1;0:2;0:3;0:4;1:0;1:1;1:2;1:3;1:4;2:1;2:2;2:3;2:4;3:1;3:2;3:3;3:4;4:0;4:1;4:2;4:3,,,0:1;0:2;0:3;0:4;1:0;1:1;1:2;1:3;1:4;2:1;2:2;2:3;2:4;3:1;3:2;3:3;3:4;4:0;4:1;4:2;4:3,,"{""q_clearcoat"": 18, ""q_ra"": 0, ""q_scratch"": 2, ""q_thermal"": 0, ""q_uniformity"": 1}","[[70.399, 60.093, 68.375, 69.001, 68.315], [69.753, 65.775, 62.494, 69.256, 69.706], [70.672, 59.774, 61.309, 69.366, 69.135], [72.108, 65.432, 62.23, 61.327, 62.76], [68.06, 68.967, 64.153, 67.647, 71.016]]","[[73.371, 72.242, 71.335, 70.483, 70.786], [72.209, 71.325, 70.268, 70.312, 70.571], [72.555, 71.304, 70.898, 70.168, 70.691], [73.555, 73.047, 72.039, 71.606, 72.202], [74.192, 73.999, 73.252, 72.921, 73.178]]","[[""q_clearcoat"", ""q_scratch"", ""q_clearcoat"", ""q_clearcoat"", ""q_clearcoat""], [""q_clearcoat"", ""q_clearcoat"", ""q_clearcoat"", ""q_clearcoat"", ""q_clearcoat""], [""q_clearcoat"", ""q_scratch"", ""q_clearcoat"", ""q_clearcoat"", ""q_clearcoat""], [""q_clearcoat"", ""q_clearcoat"", ""q_clearcoat"", ""q_clearcoat"", ""q_clearcoat""], [""q_clearcoat"", ""q_clearcoat"", ""q_uniformity"", ""q_clearcoat"", ""q_clearcoat""]]","[[39.288, 38.82, 38.42, 38.076, 38.1], [39.505, 39.05, 38.51, 38.343, 38.306], [40.644, 39.877, 39.405, 38.847, 38.842], [42.192, 41.609, 40.65, 40.042, 40.07], [43.242, 42.776, 41.806, 41.135, 40.984]]"
finish_rule,30,0,1,continue,5.7779998779296875,5.777801513671875,5.659216403961182,6.930119514465332,0.0,5.945709068328142,0.0,0,50.05407738452413,67.22699579412603,0.18161723563484752,0.12409322819490955,1.8981135889896805,1.399961879943926,1.5221551399456243,0.8379470337720363,40.0,38.51679620771785,1.483203792282147,3.516796207717853,35.90278134283363,0.008116997792504327,0.039614345798199634,0.2620864244109794,0.45344980252865125,5.78738945035686,6.231449802528651,False,True,67.22699579412603,57.7670927573104,20,20,0,74.18731148382759,72.12085796192841,0,20,0,0:2;0:3;0:4;1:0;1:2;1:3;1:4;2:0;2:1;2:2;2:3;3:0;3:1;3:2;3:3;3:4;4:1;4:2;4:3;4:4,0:2;0:3;0:4;1:0;1:2;1:3;1:4;2:0;2:1;2:2;2:3;3:0;3:1;3:2;3:3;3:4;4:1;4:2;4:3;4:4,,,0:2;0:3;0:4;1:0;1:2;1:3;1:4;2:0;2:1;2:2;2:3;3:0;3:1;3:2;3:3;3:4;4:1;4:2;4:3;4:4,,"{""q_clearcoat"": 4, ""q_ra"": 1, ""q_scratch"": 15, ""q_thermal"": 0, ""q_uniformity"": 0}","[[73.012, 73.909, 69.5, 61.913, 57.767], [68.259, 71.233, 66.962, 63.988, 69.601], [69.893, 67.413, 62.087, 63.197, 70.145], [69.144, 62.252, 63.41, 68.428, 68.444], [71.915, 67.68, 65.309, 66.404, 68.809]]","[[75.392, 75.014, 75.129, 75.055, 75.603], [74.403, 73.815, 74.259, 74.578, 75.257], [73.585, 73.188, 73.608, 74.577, 75.101], [73.647, 72.135, 73.014, 74.314, 74.987], [73.57, 72.121, 73.207, 74.04, 75.084]]","[[""q_clearcoat"", ""q_clearcoat"", ""q_scratch"", ""q_scratch"", ""q_ra""], [""q_scratch"", ""q_clearcoat"", ""q_scratch"", ""q_scratch"", ""q_scratch""], [""q_clearcoat"", ""q_clearcoat"", ""q_scratch"", ""q_scratch"", ""q_scratch""], [""q_clearcoat"", ""q_scratch"", ""q_scratch"", ""q_scratch"", ""q_scratch""], [""q_clearcoat"", ""q_clearcoat"", ""q_scratch"", ""q_scratch"", ""q_scratch""]]","[[41.037, 41.201, 41.731, 42.053, 42.544], [40.056, 40.238, 41.083, 41.843, 42.58], [39.044, 39.456, 40.523, 41.953, 42.873], [38.6, 38.702, 40.09, 41.951, 43.247], [38.526, 38.517, 40.102, 41.899, 43.547]]"
finish_rule,30,0,2,fail_quality_regression,6.231449604034424,5.296834468841553,5.150351524353027,6.523149490356445,-0.4999999701976776,7.999825291335583,0.6908990144729614,0,67.22699579412603,67.82056374775891,0.12409322819490955,0.13455072547324873,1.399961879943926,1.2263035903966142,0.8379470337720363,0.475737633570962,38.51679620771785,37.611636383286104,0.9051598244317489,2.611636383286104,35.90278134283363,0.008116997792504327,0.031134803603444134,0.1757471932064778,,,,False,True,67.82056374775891,63.01478884467781,20,20,0,72.04905975015915,68.7425972768871,2,18,0,0:2;0:3;0:4;1:0;1:2;1:3;2:0;2:1;2:2;2:3;3:0;3:1;3:2;3:3;3:4;4:0;4:1;4:2;4:3;4:4,0:2;0:3;0:4;1:0;1:2;1:3;2:0;2:1;2:2;2:3;3:0;3:1;3:2;3:3;3:4;4:0;4:1;4:2;4:3;4:4,,3:1;4:1,0:2;0:3;0:4;1:0;1:2;1:3;2:0;2:1;2:2;2:3;3:0;3:2;3:3;3:4;4:0;4:2;4:3;4:4,,"{""q_clearcoat"": 19, ""q_ra"": 0, ""q_scratch"": 0, ""q_thermal"": 0, ""q_uniformity"": 1}","[[70.106, 71.638, 69.702, 66.28, 64.329], [66.582, 70.013, 68.004, 65.664, 70.33], [68.857, 68.017, 65.205, 66.204, 71.286], [67.994, 63.015, 64.91, 69.151, 69.579], [68.306, 66.119, 67.132, 67.463, 69.629]]","[[73.682, 73.243, 73.305, 73.287, 73.949], [72.371, 71.632, 72.335, 72.723, 73.639], [70.774, 70.671, 71.51, 72.835, 73.518], [70.302, 69.035, 70.747, 72.6, 73.456], [70.126, 68.743, 70.945, 72.197, 73.604]]","[[""q_clearcoat"", ""q_clearcoat"", ""q_clearcoat"", ""q_clearcoat"", ""q_uniformity""], [""q_clearcoat"", ""q_clearcoat"", ""q_clearcoat"", ""q_clearcoat"", ""q_clearcoat""], [""q_clearcoat"", ""q_clearcoat"", ""q_clearcoat"", ""q_clearcoat"", ""q_clearcoat""], [""q_clearcoat"", ""q_clearcoat"", ""q_clearcoat"", ""q_clearcoat"", ""q_clearcoat""], [""q_clearcoat"", ""q_clearcoat"", ""q_clearcoat"", ""q_clearcoat"", ""q_clearcoat""]]","[[40.258, 40.368, 40.803, 41.108, 41.605], [39.274, 39.361, 40.187, 40.875, 41.651], [38.187, 38.596, 39.629, 41.027, 41.925], [37.707, 37.82, 39.195, 41.034, 42.283], [37.628, 37.612, 39.209, 40.918, 42.581]]"
finish_rule,31,0,1,continue,5.7779998779296875,5.777801513671875,5.659216403961182,6.930119514465332,0.0,5.945709068328142,0.0,0,64.67021373919282,69.59756693439797,0.1301449481886751,0.11289289678445948,1.7000395383440319,1.1609734134456633,1.5781226225095841,0.8648396243793732,40.0,38.28147034004861,1.7185296599513933,3.2814703400486067,35.90278134283363,0.008116997792504327,0.0057490437943146485,0.3036691897395025,0.05679578951601612,4.219955080552935,5.834795789516016,False,True,69.59756693439797,56.1384843870603,9,9,0,73.57926971487586,71.50194678110722,0,9,0,0:3;1:1;1:2;1:3;2:2;2:3;2:4;3:4;4:4,0:3;1:1;1:2;1:3;2:2;2:3;2:4;3:4;4:4,,,0:3;1:1;1:2;1:3;2:2;2:3;2:4;3:4;4:4,,"{""q_clearcoat"": 4, ""q_ra"": 1, ""q_scratch"": 4, ""q_thermal"": 0, ""q_uniformity"": 0}","[[74.073, 72.343, 71.361, 69.11, 71.474], [74.16, 61.344, 65.277, 67.415, 71.722], [72.769, 72.765, 66.323, 64.667, 66.697], [73.312, 73.502, 71.017, 71.743, 61.491], [73.563, 73.244, 71.305, 73.125, 56.138]]","[[75.783, 74.295, 72.815, 72.002, 73.351], [74.985, 73.859, 73.154, 71.502, 73.006], [74.19, 73.68, 73.618, 71.534, 72.933], [74.147, 74.196, 73.846, 72.703, 72.546], [74.56, 74.48, 74.316, 74.098, 73.884]]","[[""q_clearcoat"", ""q_clearcoat"", ""q_clearcoat"", ""q_clearcoat"", ""q_clearcoat""], [""q_clearcoat"", ""q_scratch"", ""q_scratch"", ""q_clearcoat"", ""q_clearcoat""], [""q_clearcoat"", ""q_clearcoat"", ""q_scratch"", ""q_clearcoat"", ""q_clearcoat""], [""q_clearcoat"", ""q_clearcoat"", ""q_clearcoat"", ""q_clearcoat"", ""q_scratch""], [""q_clearcoat"", ""q_clearcoat"", ""q_clearcoat"", ""q_clearcoat"", ""q_ra""]]","[[44.138, 42.227, 40.047, 38.401, 38.463], [42.792, 41.426, 39.951, 38.281, 38.365], [41.144, 40.509, 39.817, 38.438, 38.468], [39.996, 39.952, 39.67, 39.073, 38.912], [39.463, 39.597, 39.747, 39.814, 39.81]]"
finish_rule,31,0,2,fail_quality_regression,5.834795951843262,4.95966911315918,4.822558879852295,6.183855056762695,-0.4999999701976776,7.999825291335583,0.6908990144729614,0,69.59756693439797,68.5843143133597,0.11289289678445948,0.12100371868580702,1.1609734134456633,0.981974698906393,0.8648396243793732,0.3797578992121071,38.28147034004861,37.38022525840114,0.9012450816474669,2.38022525840114,35.90278134283363,0.008116997792504327,0.020224081237718596,0.18688109447718557,,,,False,True,68.5843143133597,62.97390882329942,14,14,0,71.12818476922745,67.91494189810845,8,6,0,0:2;0:3;0:4;1:1;1:2;1:3;1:4;2:2;2:3;2:4;3:2;3:3;3:4;4:4,0:2;0:3;0:4;1:1;1:2;1:3;1:4;2:2;2:3;2:4;3:2;3:3;3:4;4:4,,0:3;0:4;1:3;1:4;2:3;2:4;3:3;3:4,0:2;1:1;1:2;2:2;3:2;4:4,,"{""q_clearcoat"": 14, ""q_ra"": 0, ""q_scratch"": 0, ""q_thermal"": 0, ""q_uniformity"": 0}","[[71.924, 70.275, 68.994, 67.017, 67.563], [72.602, 65.836, 66.456, 65.718, 68.146], [70.752, 70.811, 67.412, 63.829, 66.338], [71.133, 71.358, 69.965, 68.802, 62.974], [70.798, 70.724, 70.226, 71.024, 63.931]]","[[74.719, 72.797, 70.639, 68.573, 69.871], [73.661, 72.199, 70.96, 67.915, 69.478], [72.444, 71.764, 71.367, 68.152, 69.62], [71.952, 72.025, 71.469, 69.908, 69.464], [72.023, 71.952, 71.957, 71.802, 71.491]]","[[""q_clearcoat"", ""q_clearcoat"", ""q_clearcoat"", ""q_clearcoat"", ""q_clearcoat""], [""q_clearcoat"", ""q_clearcoat"", ""q_clearcoat"", ""q_clearcoat"", ""q_clearcoat""], [""q_clearcoat"", ""q_clearcoat"", ""q_clearcoat"", ""q_clearcoat"", ""q_clearcoat""], [""q_clearcoat"", ""q_clearcoat"", ""q_clearcoat"", ""q_clearcoat"", ""q_clearcoat""], [""q_clearcoat"", ""q_clearcoat"", ""q_clearcoat"", ""q_clearcoat"", ""q_clearcoat""]]","[[43.396, 41.388, 39.189, 37.512, 37.569], [41.998, 40.597, 39.108, 37.38, 37.48], [40.317, 39.692, 38.985, 37.543, 37.604], [39.161, 39.134, 38.825, 38.199, 37.992], [38.617, 38.727, 38.902, 38.975, 38.935]]"
finish_rule,33,0,1,continue,5.7779998779296875,5.777801513671875,5.659215927124023,6.92963981628418,0.0,5.945709068328142,0.0,0,52.41591369561465,68.99085424356292,0.17906861046550263,0.13281831563762997,1.9905620677571356,1.4918396810996168,1.5598445055110153,0.9777002282533556,50.0,48.26582828706498,1.734171712935023,13.265828287064977,35.90281035846833,0.008118284153765847,0.014416367949101122,0.3064332118206201,0.1411371293285942,36.76438405658121,5.919137129328594,False,True,68.99085424356292,56.023953128853805,13,13,0,76.58810154267043,76.39686714269538,0,13,0,0:3;0:4;1:1;1:4;2:1;3:0;3:1;3:4;4:0;4:1;4:2;4:3;4:4,0:3;0:4;1:1;1:4;2:1;3:0;3:1;3:4;4:0;4:1;4:2;4:3;4:4,,,0:3;0:4;1:1;1:4;2:1;3:0;3:1;3:4;4:0;4:1;4:2;4:3;4:4,,"{""q_clearcoat"": 0, ""q_ra"": 1, ""q_scratch"": 12, ""q_thermal"": 0, ""q_uniformity"": 0}","[[74.993, 71.337, 72.138, 69.256, 69.752], [75.429, 64.254, 75.686, 74.202, 69.532], [70.724, 64.15, 72.413, 73.005, 70.813], [66.874, 69.135, 71.481, 75.979, 67.028], [68.359, 59.252, 56.024, 56.965, 65.99]]","[[76.894, 76.757, 76.696, 76.655, 76.651], [76.864, 76.627, 76.535, 76.397, 76.501], [76.722, 76.581, 76.499, 76.429, 76.444], [76.732, 76.53, 76.452, 76.438, 76.433], [76.74, 76.493, 76.539, 76.478, 76.615]]","[[""q_uniformity"", ""q_scratch"", ""q_scratch"", ""q_scratch"", ""q_scratch""], [""q_uniformity"", ""q_scratch"", ""q_clearcoat"", ""q_clearcoat"", ""q_scratch""], [""q_scratch"", ""q_scratch"", ""q_scratch"", ""q_scratch"", ""q_scratch""], [""q_scratch"", ""q_scratch"", ""q_scratch"", ""q_clearcoat"", ""q_scratch""], [""q_scratch"", ""q_scratch"", ""q_ra"", ""q_scratch"", ""q_scratch""]]","[[48.787, 48.642, 48.577, 48.534, 48.53], [48.755, 48.505, 48.409, 48.266, 48.373], [48.605, 48.457, 48.371, 48.299, 48.314], [48.615, 48.404, 48.323, 48.316, 48.393], [48.623, 48.365, 48.414, 48.359, 48.561]]"
finish_rule,33,0,2,success,5.919137001037598,5.031250953674316,4.89224910736084,6.2556071281433105,-0.4999999701976776,7.999825291335583,0.6908990144729614,0,68.99085424356292,71.41307468117644,0.13281831563762997,0.1441536854867769,1.4918396810996168,1.3092107202959224,0.9777002282533556,0.5716324601187823,48.26582828706498,47.34503838452484,0.920789902540136,12.345038384524841,35.90281035846833,0.008118284153765847,0.0,0.18821402637791332,,,,True,True,71.41307468117644,66.18045434803825,7,7,0,75.71294903904283,75.48079269725149,0,7,0,1:1;2:1;3:4;4:1;4:2;4:3;4:4,1:1;2:1;3:4;4:1;4:2;4:3;4:4,,,1:1;2:1;3:4;4:1;4:2;4:3;4:4,,"{""q_clearcoat"": 0, ""q_ra"": 0, ""q_scratch"": 3, ""q_thermal"": 0, ""q_uniformity"": 4}","[[73.036, 72.01, 72.751, 71.096, 71.88], [73.954, 68.827, 74.652, 74.29, 71.557], [73.368, 68.52, 73.596, 73.805, 72.353], [70.06, 71.777, 72.945, 74.961, 69.916], [71.016, 66.556, 66.18, 66.695, 69.525]]","[[76.138, 75.935, 75.851, 75.798, 75.759], [76.082, 75.773, 75.647, 75.481, 75.606], [75.892, 75.719, 75.582, 75.508, 75.517], [75.901, 75.663, 75.534, 75.518, 75.531], [75.893, 75.599, 75.607, 75.56, 75.732]]","[[""q_uniformity"", ""q_uniformity"", ""q_clearcoat"", ""q_uniformity"", ""q_uniformity""], [""q_uniformity"", ""q_scratch"", ""q_clearcoat"", ""q_clearcoat"", ""q_uniformity""], [""q_clearcoat"", ""q_uniformity"", ""q_clearcoat"", ""q_clearcoat"", ""q_clearcoat""], [""q_scratch"", ""q_uniformity"", ""q_clearcoat"", ""q_clearcoat"", ""q_uniformity""], [""q_uniformity"", ""q_uniformity"", ""q_scratch"", ""q_scratch"", ""q_uniformity""]]","[[48.001, 47.795, 47.711, 47.658, 47.619], [47.943, 47.633, 47.508, 47.345, 47.468], [47.752, 47.58, 47.444, 47.372, 47.38], [47.761, 47.525, 47.397, 47.389, 47.478], [47.753, 47.461, 47.469, 47.43, 47.656]]"
finish_rule,34,0,1,continue,5.7779998779296875,5.777801513671875,5.65920877456665,6.929029941558838,0.0,5.945709068328142,0.0,0,53.8682665127381,66.2729242300532,0.21414545194898127,0.16324043900829704,2.036335321931937,1.638123076744297,1.7030516720614979,1.0905455625985845,44.710076770949506,43.347588634830316,1.3624881361191896,8.347588634830316,35.90277945830263,0.008118115967479468,0.05324393957066848,0.24075594140340248,0.6634595091647779,26.365241903602755,6.441459509164778,False,True,66.2729242300532,53.08200341736472,15,15,0,75.72316408339341,75.14302166936692,0,15,0,0:0;1:0;1:2;1:3;1:4;2:0;2:1;2:2;2:3;2:4;3:0;3:3;3:4;4:0;4:1,0:0;1:0;1:2;1:3;1:4;2:0;2:1;2:2;2:3;2:4;3:0;3:3;3:4;4:0;4:1,,,0:0;1:0;1:2;1:3;1:4;2:0;2:1;2:2;2:3;2:4;3:0;3:3;3:4;4:0;4:1,,"{""q_clearcoat"": 0, ""q_ra"": 4, ""q_scratch"": 11, ""q_thermal"": 0, ""q_uniformity"": 0}","[[66.743, 74.569, 74.445, 74.225, 74.769], [65.319, 74.447, 63.21, 59.924, 65.233], [54.679, 59.21, 58.094, 65.874, 61.041], [55.371, 73.158, 70.666, 67.626, 67.485], [60.823, 53.082, 71.063, 71.184, 74.582]]","[[76.458, 76.036, 75.853, 75.846, 75.978], [75.674, 75.446, 75.22, 75.234, 75.553], [75.751, 75.428, 75.226, 75.143, 75.519], [75.876, 75.602, 75.471, 75.343, 75.742], [76.778, 76.123, 76.0, 75.789, 75.991]]","[[""q_scratch"", ""q_clearcoat"", ""q_clearcoat"", ""q_clearcoat"", ""q_clearcoat""], [""q_scratch"", ""q_clearcoat"", ""q_scratch"", ""q_scratch"", ""q_scratch""], [""q_ra"", ""q_scratch"", ""q_ra"", ""q_scratch"", ""q_scratch""], [""q_ra"", ""q_clearcoat"", ""q_scratch"", ""q_scratch"", ""q_scratch""], [""q_scratch"", ""q_ra"", ""q_scratch"", ""q_scratch"", ""q_clearcoat""]]","[[44.548, 43.968, 43.527, 43.348, 43.393], [44.673, 44.237, 43.723, 43.462, 43.545], [45.933, 45.365, 44.736, 44.203, 44.177], [47.324, 46.724, 45.975, 45.153, 45.028], [48.664, 47.912, 47.126, 46.017, 45.582]]"
finish_rule,34,0,2,fail_quality_regression,6.441459655761719,5.475256443023682,5.323915958404541,6.700291633605957,-0.4999999701976776,7.999825291335583,0.6908990144729614,0,66.2729242300532,69.35442876557904,0.16324043900829704,0.16970605100248382,1.638123076744297,1.4752838235363916,1.0905455625985845,0.6638328400585851,43.347588634830316,42.357259646097816,0.9903289887325002,7.357259646097816,35.90277945830263,0.008118115967479468,0.009222446206013655,0.1860151430769917,,,,False,True,69.35442876557904,63.23119217153878,15,15,0,74.45812687302396,73.67004154561894,0,15,0,0:0;1:0;1:2;1:3;1:4;2:0;2:1;2:2;2:3;2:4;3:0;3:3;3:4;4:0;4:1,0:0;1:0;1:2;1:3;1:4;2:0;2:1;2:2;2:3;2:4;3:0;3:3;3:4;4:0;4:1,,,0:0;1:0;1:2;1:3;1:4;2:0;2:1;2:2;2:3;2:4;3:0;3:3;3:4;4:0;4:1,,"{""q_clearcoat"": 5, ""q_ra"": 0, ""q_scratch"": 4, ""q_thermal"": 0, ""q_uniformity"": 6}","[[66.922, 72.714, 72.613, 72.327, 72.686], [68.25, 72.869, 67.443, 66.509, 68.669], [64.943, 67.316, 66.64, 67.958, 67.342], [65.479, 72.952, 72.012, 69.639, 69.577], [67.974, 63.231, 73.023, 72.032, 72.743]]","[[75.307, 74.769, 74.368, 74.266, 74.449], [74.479, 74.145, 73.766, 73.67, 74.001], [74.704, 74.273, 73.936, 73.714, 74.07], [74.898, 74.553, 74.327, 74.056, 74.413], [75.877, 75.14, 74.924, 74.632, 74.716]]","[[""q_scratch"", ""q_clearcoat"", ""q_clearcoat"", ""q_clearcoat"", ""q_clearcoat""], [""q_uniformity"", ""q_clearcoat"", ""q_clearcoat"", ""q_uniformity"", ""q_clearcoat""], [""q_uniformity"", ""q_uniformity"", ""q_uniformity"", ""q_clearcoat"", ""q_uniformity""], [""q_scratch"", ""q_clearcoat"", ""q_clearcoat"", ""q_clearcoat"", ""q_clearcoat""], [""q_scratch"", ""q_scratch"", ""q_clearcoat"", ""q_clearcoat"", ""q_clearcoat""]]","[[43.723, 43.11, 42.574, 42.357, 42.43], [43.793, 43.32, 42.756, 42.456, 42.543], [45.058, 44.448, 43.773, 43.198, 43.168], [46.404, 45.782, 45.013, 44.154, 44.018], [47.738, 46.948, 46.135, 45.047, 44.563]]"
finish_rule,37,0,1,continue,5.7779998779296875,5.777801513671875,5.659201145172119,6.928406715393066,0.0,5.945709068328142,0.0,0,52.29717291969917,63.64214387969047,0.24869394389256785,0.1719270085957621,2.2365313973117207,1.9832749834343637,1.8290030347352184,1.249733974218953,40.0,38.92354558784624,1.0764544121537583,3.9235455878462417,35.902755745686186,0.008117822230946835,0.09082651600442182,0.19021313866394104,1.432495935491967,10.112580031838204,7.210495935491966,False,True,63.64214387969047,42.09551530383963,18,18,0,74.23511215917569,73.15421493820739,0,18,0,0:0;0:1;0:3;1:0;1:1;1:2;1:3;1:4;2:0;2:1;2:2;2:4;3:0;3:1;3:2;4:1;4:2;4:3,0:0;0:1;0:3;1:0;1:1;1:2;1:3;1:4;2:0;2:1;2:2;2:4;3:0;3:1;3:2;4:1;4:2;4:3,,,0:0;0:1;0:3;1:0;1:1;1:2;1:3;1:4;2:0;2:1;2:2;2:4;3:0;3:1;3:2;4:1;4:2;4:3,,"{""q_clearcoat"": 2, ""q_ra"": 4, ""q_scratch"": 12, ""q_thermal"": 0, ""q_uniformity"": 0}","[[42.096, 58.13, 72.779, 63.494, 70.324], [49.378, 55.654, 46.821, 63.162, 68.425], [53.957, 53.789, 60.822, 72.762, 68.874], [66.407, 66.874, 66.356, 73.702, 73.29], [70.99, 66.681, 68.189, 67.467, 70.633]]","[[74.829, 74.416, 74.04, 74.039, 74.319], [73.658, 73.154, 73.391, 73.624, 73.58], [73.73, 73.712, 73.708, 73.515, 74.033], [74.69, 74.1, 74.087, 74.258, 74.475], [75.479, 75.323, 75.338, 75.051, 75.33]]","[[""q_ra"", ""q_scratch"", ""q_clearcoat"", ""q_scratch"", ""q_clearcoat""], [""q_ra"", ""q_scratch"", ""q_ra"", ""q_scratch"", ""q_clearcoat""], [""q_scratch"", ""q_ra"", ""q_scratch"", ""q_clearcoat"", ""q_clearcoat""], [""q_scratch"", ""q_scratch"", ""q_scratch"", ""q_clearcoat"", ""q_clearcoat""], [""q_scratch"", ""q_scratch"", ""q_scratch"", ""q_scratch"", ""q_scratch""]]","[[38.925, 38.924, 39.076, 39.296, 39.508], [39.005, 39.046, 39.426, 39.769, 39.887], [39.853, 40.093, 40.457, 40.692, 41.123], [41.125, 41.124, 41.549, 42.046, 42.449], [42.092, 42.338, 42.857, 43.148, 43.645]]"
finish_rule,37,0,2,fail_finish_not_eligible,7.210495948791504,6.128906726837158,5.9594502449035645,7.354051113128662,-0.4999999701976776,7.999825291335583,0.6908990144729614,0,63.64214387969047,65.6544667211607,0.1719270085957621,0.17149430240234698,1.9832749834343637,1.9069122500380744,1.249733974218953,0.9147091341168938,38.92354558784624,37.92833494700996,0.9952106408362837,2.928334947009958,35.902755745686186,0.008117822230946835,0.0620790468405614,0.16699705508698112,,,,False,True,65.6544667211607,46.68740010215549,21,21,0,71.58655437699785,69.94094128370136,1,20,0,0:0;0:1;0:2;0:3;0:4;1:0;1:1;1:2;1:3;1:4;2:0;2:1;2:2;2:3;2:4;3:0;3:1;3:2;4:1;4:2;4:3,0:0;0:1;0:2;0:3;0:4;1:0;1:1;1:2;1:3;1:4;2:0;2:1;2:2;2:3;2:4;3:0;3:1;3:2;4:1;4:2;4:3,,1:1,0:0;0:1;0:2;0:3;0:4;1:0;1:2;1:3;1:4;2:0;2:1;2:2;2:3;2:4;3:0;3:1;3:2;4:1;4:2;4:3,,"{""q_clearcoat"": 19, ""q_ra"": 2, ""q_scratch"": 0, ""q_thermal"": 0, ""q_uniformity"": 0}","[[46.687, 63.084, 68.936, 65.131, 67.879], [55.356, 62.005, 56.051, 64.538, 67.622], [63.087, 62.68, 64.595, 69.98, 68.632], [67.733, 67.851, 68.476, 71.464, 71.041], [70.837, 68.86, 69.339, 68.84, 70.658]]","[[71.744, 70.93, 70.524, 70.617, 70.942], [70.382, 69.941, 70.078, 70.517, 70.535], [70.859, 71.048, 71.008, 70.868, 71.592], [72.475, 71.879, 71.906, 72.095, 72.431], [73.55, 73.545, 73.474, 73.164, 73.558]]","[[""q_ra"", ""q_clearcoat"", ""q_clearcoat"", ""q_clearcoat"", ""q_clearcoat""], [""q_ra"", ""q_clearcoat"", ""q_clearcoat"", ""q_clearcoat"", ""q_clearcoat""], [""q_clearcoat"", ""q_clearcoat"", ""q_clearcoat"", ""q_clearcoat"", ""q_clearcoat""], [""q_clearcoat"", ""q_clearcoat"", ""q_clearcoat"", ""q_clearcoat"", ""q_clearcoat""], [""q_clearcoat"", ""q_clearcoat"", ""q_clearcoat"", ""q_clearcoat"", ""q_clearcoat""]]","[[38.04, 37.928, 38.027, 38.217, 38.394], [38.031, 38.069, 38.332, 38.662, 38.772], [38.806, 39.067, 39.344, 39.547, 39.992], [40.104, 40.089, 40.46, 40.887, 41.293], [41.069, 41.355, 41.757, 41.987, 42.491]]"
finish_rule,38,0,1,continue,5.7779998779296875,5.777801513671875,5.659216403961182,6.930119514465332,0.0,5.945709068328142,0.0,0,60.79736907168801,65.26518013685214,0.19976111939739474,0.16741924923481755,2.3186380827757014,1.972817993399132,1.825487092529219,1.136850698661403,40.0,38.26295981471776,1.7370401852822397,3.2629598147177603,35.90278134283363,0.008116997792504327,0.06764028375925518,0.3069400534085239,0.6611090635593481,4.114679073951993,6.439109063559347,False,True,65.26518013685214,50.66925135334415,13,13,0,73.2818725175313,72.6289268054862,0,13,0,1:0;1:1;1:2;2:1;2:2;2:3;2:4;3:2;3:3;3:4;4:2;4:3;4:4,1:0;1:1;1:2;2:1;2:2;2:3;2:4;3:2;3:3;3:4;4:2;4:3;4:4,,,1:0;1:1;1:2;2:1;2:2;2:3;2:4;3:2;3:3;3:4;4:2;4:3;4:4,,"{""q_clearcoat"": 2, ""q_ra"": 6, ""q_scratch"": 5, ""q_thermal"": 0, ""q_uniformity"": 0}","[[72.725, 73.111, 72.194, 71.73, 71.243], [57.277, 63.925, 62.246, 72.318, 72.064], [71.974, 66.665, 53.934, 50.669, 52.849], [71.676, 72.442, 67.91, 55.752, 51.417], [71.898, 72.883, 68.656, 51.278, 62.794]]","[[74.535, 74.246, 73.606, 73.267, 73.087], [74.254, 73.269, 73.094, 73.112, 73.12], [73.593, 73.464, 72.931, 72.755, 73.008], [73.189, 73.285, 72.938, 72.629, 72.849], [73.239, 73.646, 73.04, 72.821, 73.071]]","[[""q_clearcoat"", ""q_clearcoat"", ""q_clearcoat"", ""q_clearcoat"", ""q_clearcoat""], [""q_scratch"", ""q_scratch"", ""q_scratch"", ""q_clearcoat"", ""q_clearcoat""], [""q_clearcoat"", ""q_scratch"", ""q_ra"", ""q_ra"", ""q_ra""], [""q_clearcoat"", ""q_clearcoat"", ""q_clearcoat"", ""q_ra"", ""q_ra""], [""q_clearcoat"", ""q_clearcoat"", ""q_clearcoat"", ""q_ra"", ""q_scratch""]]","[[38.815, 38.727, 38.537, 38.439, 38.388], [38.729, 38.44, 38.39, 38.395, 38.398], [38.533, 38.496, 38.344, 38.296, 38.366], [38.481, 38.444, 38.347, 38.263, 38.344], [38.755, 38.549, 38.375, 38.316, 38.401]]"
finish_rule,38,0,2,fail_quality_regression,6.439108848571777,5.4732770919799805,5.321977138519287,6.6981096267700195,-0.4999999701976776,7.999825291335583,0.6908990144729614,0,65.26518013685214,65.04339953898038,0.16741924923481755,0.17803096557251655,1.972817993399132,1.7538200111335587,1.136850698661403,0.7199697823614484,38.26295981471776,37.21763609001822,1.0453237246995428,2.2176360900182175,35.90278134283363,0.008116997792504327,0.07080857801456598,0.1964164252292108,,,,False,True,65.04339953898038,57.09581372098994,25,25,0,69.43031088144707,68.24545141244495,21,4,0,0:0;0:1;0:2;0:3;0:4;1:0;1:1;1:2;1:3;1:4;2:0;2:1;2:2;2:3;2:4;3:0;3:1;3:2;3:3;3:4;4:0;4:1;4:2;4:3;4:4,0:0;0:1;0:2;0:3;0:4;1:0;1:1;1:2;1:3;1:4;2:0;2:1;2:2;2:3;2:4;3:0;3:1;3:2;3:3;3:4;4:0;4:1;4:2;4:3;4:4,,0:2;0:3;0:4;1:1;1:2;1:3;1:4;2:0;2:1;2:2;2:3;2:4;3:0;3:1;3:2;3:3;3:4;4:0;4:2;4:3;4:4,0:0;0:1;1:0;4:1,,"{""q_clearcoat"": 25, ""q_ra"": 0, ""q_scratch"": 0, ""q_thermal"": 0, ""q_uniformity"": 0}","[[68.654, 69.423, 68.199, 67.501, 66.49], [63.939, 64.408, 62.005, 68.204, 67.788], [68.059, 65.998, 59.833, 57.096, 58.72], [67.962, 68.68, 66.516, 60.35, 58.369], [68.403, 69.29, 67.145, 58.383, 64.67]]","[[71.549, 70.982, 69.898, 69.29, 68.916], [71.087, 69.46, 69.095, 69.126, 68.985], [69.984, 69.773, 68.832, 68.486, 68.831], [69.52, 69.561, 68.911, 68.245, 68.623], [69.929, 70.07, 69.021, 68.671, 68.914]]","[[""q_clearcoat"", ""q_clearcoat"", ""q_clearcoat"", ""q_clearcoat"", ""q_clearcoat""], [""q_clearcoat"", ""q_clearcoat"", ""q_clearcoat"", ""q_clearcoat"", ""q_clearcoat""], [""q_clearcoat"", ""q_clearcoat"", ""q_clearcoat"", ""q_clearcoat"", ""q_clearcoat""], [""q_clearcoat"", ""q_clearcoat"", ""q_clearcoat"", ""q_clearcoat"", ""q_clearcoat""], [""q_clearcoat"", ""q_clearcoat"", ""q_clearcoat"", ""q_clearcoat"", ""q_clearcoat""]]","[[37.975, 37.833, 37.575, 37.438, 37.357], [37.859, 37.476, 37.396, 37.402, 37.372], [37.595, 37.546, 37.339, 37.266, 37.339], [37.536, 37.499, 37.356, 37.218, 37.31], [37.826, 37.615, 37.38, 37.306, 37.368]]"
finish_rule,39,0,1,continue,5.7779998779296875,5.777801513671875,5.659216403961182,6.930119514465332,0.0,5.945709068328142,0.0,0,52.49492622959084,67.37344263442927,0.2032867171655591,0.1555266545321514,2.105379636320238,1.6249114273959584,1.7427769316537065,1.1025162242815973,43.92725988179208,42.824817167923364,1.1024427138687187,7.824817167923364,35.90278134283363,0.008116997792504327,0.0375222480795819,0.19480483430480966,0.5778436897649745,29.900783462125563,6.355843689764974,False,True,67.37344263442927,56.06843581007429,16,16,0,75.69195335245452,74.81198830678508,0,16,0,0:1;0:2;0:3;1:2;1:3;1:4;2:1;2:2;2:3;2:4;3:1;3:3;3:4;4:1;4:3;4:4,0:1;0:2;0:3;1:2;1:3;1:4;2:1;2:2;2:3;2:4;3:1;3:3;3:4;4:1;4:3;4:4,,,0:1;0:2;0:3;1:2;1:3;1:4;2:1;2:2;2:3;2:4;3:1;3:3;3:4;4:1;4:3;4:4,,"{""q_clearcoat"": 0, ""q_ra"": 3, ""q_scratch"": 13, ""q_thermal"": 0, ""q_uniformity"": 0}","[[73.528, 68.838, 64.237, 57.488, 73.984], [74.622, 71.618, 69.541, 61.751, 59.824], [73.968, 69.099, 68.235, 62.761, 68.122], [73.778, 66.744, 72.204, 56.068, 66.633], [74.546, 67.842, 72.932, 58.699, 57.276]]","[[76.578, 76.05, 76.277, 76.278, 76.347], [75.962, 75.537, 75.662, 75.91, 76.032], [75.459, 75.138, 75.392, 75.402, 75.65], [75.439, 74.812, 75.062, 75.265, 75.204], [75.982, 75.535, 75.506, 75.892, 75.929]]","[[""q_uniformity"", ""q_scratch"", ""q_scratch"", ""q_ra"", ""q_uniformity""], [""q_clearcoat"", ""q_scratch"", ""q_scratch"", ""q_scratch"", ""q_ra""], [""q_clearcoat"", ""q_scratch"", ""q_scratch"", ""q_scratch"", ""q_scratch""], [""q_clearcoat"", ""q_scratch"", ""q_clearcoat"", ""q_ra"", ""q_scratch""], [""q_clearcoat"", ""q_scratch"", ""q_clearcoat"", ""q_scratch"", ""q_scratch""]]","[[46.736, 46.823, 47.627, 47.809, 47.779], [45.457, 45.69, 46.452, 46.98, 47.098], [44.006, 44.339, 45.215, 45.614, 45.921], [43.042, 43.123, 43.88, 44.403, 44.531], [42.825, 42.97, 43.459, 44.05, 44.218]]"
finish_rule,39,0,2,fail_quality_regression,6.355843544006348,5.402382850646973,5.253157138824463,6.626132965087891,-0.4999999701976776,7.999825291335583,0.6908990144729614,0,67.37344263442927,69.83079221540216,0.1555266545321514,0.16054054906717777,1.6249114273959584,1.4419078907585967,1.1025162242815973,0.6123731692752563,42.824817167923364,41.92211842801441,0.9026987399089563,6.922118428014407,35.90278134283363,0.008116997792504327,0.002417254065683494,0.1718392798946349,,,,False,True,69.83079221540216,64.89633073546109,14,14,0,74.46276304416514,73.32940695482958,0,14,0,0:1;0:2;0:3;1:3;1:4;2:2;2:3;2:4;3:1;3:3;3:4;4:1;4:3;4:4,0:1;0:2;0:3;1:3;1:4;2:2;2:3;2:4;3:1;3:3;3:4;4:1;4:3;4:4,,,0:1;0:2;0:3;1:3;1:4;2:2;2:3;2:4;3:1;3:3;3:4;4:1;4:3;4:4,,"{""q_clearcoat"": 5, ""q_ra"": 0, ""q_scratch"": 4, ""q_thermal"": 0, ""q_uniformity"": 5}","[[72.672, 69.35, 68.341, 67.948, 72.075], [72.879, 72.429, 70.983, 67.886, 68.3], [72.254, 71.18, 69.946, 66.565, 69.879], [72.128, 69.041, 72.403, 64.896, 68.673], [72.684, 69.84, 72.252, 66.196, 64.968]]","[[75.688, 75.102, 75.348, 75.235, 75.289], [74.87, 74.445, 74.617, 74.832, 74.951], [74.146, 73.877, 74.24, 74.227, 74.491], [73.943, 73.329, 73.724, 73.924, 73.827], [74.444, 74.012, 74.016, 74.484, 74.509]]","[[""q_uniformity"", ""q_scratch"", ""q_scratch"", ""q_uniformity"", ""q_uniformity""], [""q_clearcoat"", ""q_clearcoat"", ""q_clearcoat"", ""q_uniformity"", ""q_uniformity""], [""q_clearcoat"", ""q_clearcoat"", ""q_clearcoat"", ""q_uniformity"", ""q_clearcoat""], [""q_clearcoat"", ""q_clearcoat"", ""q_clearcoat"", ""q_uniformity"", ""q_clearcoat""], [""q_clearcoat"", ""q_clearcoat"", ""q_clearcoat"", ""q_scratch"", ""q_scratch""]]","[[45.947, 45.968, 46.737, 46.798, 46.758], [44.589, 44.796, 45.536, 45.997, 46.104], [43.105, 43.434, 44.313, 44.659, 44.955], [42.129, 42.198, 42.968, 43.439, 43.527], [41.922, 42.052, 42.505, 43.089, 43.232]]"
finish_rule,41,0,1,continue,5.7779998779296875,5.777801513671875,5.659207344055176,6.929416656494141,0.0,5.945709068328142,0.0,0,55.61053479545063,67.72107944486564,0.18740338400741735,0.14882697890146293,2.22955330609472,1.8264828979999443,1.8166362607849427,1.2717947069090796,45.15124386191987,44.24961489723592,0.901628964683951,9.249614897235922,35.90281000540834,0.008117929615321031,0.0325560079304909,0.15932071575908677,0.613027774361491,45.50327848261907,6.391027774361491,False,True,67.72107944486564,50.002813105098845,13,13,0,75.90424505609735,75.23540945118677,0,13,0,0:0;0:1;0:2;0:3;0:4;1:2;2:1;2:3;2:4;3:1;3:3;4:1;4:3,0:0;0:1;0:2;0:3;0:4;1:2;2:1;2:3;2:4;3:1;3:3;4:1;4:3,,,0:0;0:1;0:2;0:3;0:4;1:2;2:1;2:3;2:4;3:1;3:3;4:1;4:3,,"{""q_clearcoat"": 0, ""q_ra"": 3, ""q_scratch"": 10, ""q_thermal"": 0, ""q_uniformity"": 0}","[[61.181, 51.184, 50.003, 51.231, 63.582], [71.825, 74.807, 66.696, 70.944, 70.064], [71.746, 67.498, 72.108, 65.681, 68.132], [74.888, 66.133, 74.65, 68.524, 74.913], [74.747, 63.707, 74.544, 69.554, 74.685]]","[[76.675, 76.311, 76.063, 75.811, 76.257], [76.326, 75.85, 75.504, 75.487, 75.651], [76.323, 75.718, 75.235, 75.542, 75.695], [76.28, 75.642, 75.397, 75.474, 76.247], [76.306, 75.721, 75.606, 76.02, 76.462]]","[[""q_scratch"", ""q_ra"", ""q_ra"", ""q_ra"", ""q_scratch""], [""q_scratch"", ""q_clearcoat"", ""q_scratch"", ""q_scratch"", ""q_scratch""], [""q_scratch"", ""q_scratch"", ""q_clearcoat"", ""q_scratch"", ""q_scratch""], [""q_clearcoat"", ""q_scratch"", ""q_clearcoat"", ""q_scratch"", ""q_clearcoat""], [""q_clearcoat"", ""q_scratch"", ""q_clearcoat"", ""q_scratch"", ""q_uniformity""]]","[[44.264, 44.25, 44.495, 44.773, 45.45], [44.259, 44.253, 44.558, 45.143, 45.677], [44.554, 44.611, 45.049, 46.147, 46.833], [44.703, 44.912, 45.812, 46.964, 48.185], [44.779, 45.151, 46.356, 47.817, 48.401]]"
finish_rule,41,0,2,fail_quality_regression,6.391027927398682,5.432407379150391,5.282236576080322,6.657451629638672,-0.4999999701976776,7.999825291335583,0.6908990144729614,0,67.72107944486564,69.70272509076285,0.14882697890146293,0.1549849602787795,1.8264828979999443,1.5498606733916716,1.2717947069090796,0.8596700453696906,44.24961489723592,43.38897399040057,0.86064090683535,8.388973990400572,35.90281000540834,0.008117929615321031,0.004246784417673512,0.16293115509680325,,,,False,True,69.70272509076285,59.15445242886166,10,10,0,74.73118821519039,74.00435389512538,0,10,0,0:0;0:1;0:2;0:3;0:4;1:2;2:1;2:3;3:1;4:1,0:0;0:1;0:2;0:3;0:4;1:2;2:1;2:3;3:1;4:1,,,0:0;0:1;0:2;0:3;0:4;1:2;2:1;2:3;3:1;4:1,,"{""q_clearcoat"": 3, ""q_ra"": 2, ""q_scratch"": 3, ""q_thermal"": 0, ""q_uniformity"": 2}","[[64.547, 59.269, 59.154, 61.492, 67.607], [71.511, 73.349, 69.723, 71.688, 72.085], [71.85, 69.84, 72.682, 69.029, 70.078], [73.536, 68.847, 73.332, 70.415, 73.732], [73.207, 68.262, 73.22, 71.048, 73.068]]","[[75.47, 75.073, 74.793, 74.425, 75.078], [75.111, 74.626, 74.241, 74.279, 74.442], [75.032, 74.5, 74.004, 74.443, 74.646], [75.032, 74.454, 74.283, 74.402, 75.291], [75.071, 74.571, 74.555, 75.009, 75.448]]","[[""q_scratch"", ""q_ra"", ""q_ra"", ""q_uniformity"", ""q_scratch""], [""q_clearcoat"", ""q_clearcoat"", ""q_clearcoat"", ""q_clearcoat"", ""q_clearcoat""], [""q_clearcoat"", ""q_clearcoat"", ""q_clearcoat"", ""q_uniformity"", ""q_uniformity""], [""q_clearcoat"", ""q_clearcoat"", ""q_clearcoat"", ""q_clearcoat"", ""q_clearcoat""], [""q_clearcoat"", ""q_scratch"", ""q_clearcoat"", ""q_uniformity"", ""q_uniformity""]]","[[43.429, 43.389, 43.585, 43.75, 44.521], [43.413, 43.394, 43.637, 44.206, 44.692], [43.629, 43.721, 44.1, 45.208, 45.884], [43.792, 44.014, 44.887, 45.979, 47.229], [43.871, 44.261, 45.442, 46.831, 47.376]]"
finish_rule,44,0,1,continue,5.7779998779296875,5.777801513671875,5.659209728240967,6.9283294677734375,0.0,5.945709068328142,0.0,0,50.60852272106249,69.10729769281137,0.18510861976209114,0.13549878653339836,1.5251196969466436,1.142422813705337,1.0853433092503997,0.5361916151295743,42.53700826461812,41.53379230974095,1.0032159548771702,6.533792309740953,35.90279255648252,0.008118252256168005,0.012752890102694689,0.1772713864748385,0.21581977254696103,25.57543210948186,5.993819772546961,False,True,69.10729769281137,63.61449763912296,17,17,0,75.47502487118068,74.53752386572671,0,17,0,0:2;0:4;1:0;1:1;1:2;1:3;1:4;2:0;2:1;2:2;2:3;2:4;3:0;3:1;3:2;4:2;4:3,0:2;0:4;1:0;1:1;1:2;1:3;1:4;2:0;2:1;2:2;2:3;2:4;3:0;3:1;3:2;4:2;4:3,,,0:2;0:4;1:0;1:1;1:2;1:3;1:4;2:0;2:1;2:2;2:3;2:4;3:0;3:1;3:2;4:2;4:3,,"{""q_clearcoat"": 0, ""q_ra"": 0, ""q_scratch"": 17, ""q_thermal"": 0, ""q_uniformity"": 0}","[[73.744, 70.386, 69.634, 74.416, 69.241], [69.472, 69.166, 67.956, 67.605, 64.523], [69.517, 67.328, 65.679, 66.549, 69.813], [69.267, 66.559, 67.396, 70.58, 70.716], [72.045, 70.827, 63.614, 67.717, 73.93]]","[[76.372, 76.26, 75.885, 75.888, 76.231], [75.897, 75.742, 75.686, 75.72, 75.869], [75.02, 74.933, 74.799, 75.326, 75.621], [74.778, 74.538, 74.885, 75.067, 75.343], [75.601, 75.226, 75.126, 75.45, 75.614]]","[[""q_uniformity"", ""q_scratch"", ""q_scratch"", ""q_clearcoat"", ""q_scratch""], [""q_scratch"", ""q_scratch"", ""q_scratch"", ""q_scratch"", ""q_scratch""], [""q_scratch"", ""q_scratch"", ""q_scratch"", ""q_scratch"", ""q_scratch""], [""q_scratch"", ""q_scratch"", ""q_scratch"", ""q_scratch"", ""q_scratch""], [""q_clearcoat"", ""q_clearcoat"", ""q_scratch"", ""q_scratch"", ""q_clearcoat""]]","[[47.242, 47.038, 46.386, 45.896, 45.781], [45.857, 45.735, 45.567, 45.305, 45.159], [43.677, 43.786, 43.853, 44.259, 44.42], [42.045, 42.235, 42.882, 43.323, 43.698], [41.534, 41.795, 42.368, 43.083, 43.485]]"
finish_rule,44,0,2,success,5.993819713592529,5.094831943511963,4.9539794921875,6.320274829864502,-0.4999999701976776,7.999825291335583,0.6908990144729614,0,69.10729769281137,70.33221466612478,0.13549878653339836,0.14189514142455334,1.142422813705337,1.0646241774406173,0.5361916151295743,0.2064173051932996,41.53379230974095,40.68337134812019,0.8504209616207632,5.68337134812019,35.90279255648252,0.008118252256168005,0.0,0.17166420712114167,,,,True,True,70.33221466612478,67.82372034267681,9,9,0,74.18956513595002,73.06060253961255,0,9,0,1:3;1:4;2:1;2:2;2:3;3:1;3:2;4:2;4:3,1:3;1:4;2:1;2:2;2:3;3:1;3:2;4:2;4:3,,,1:3;1:4;2:1;2:2;2:3;3:1;3:2;4:2;4:3,,"{""q_clearcoat"": 6, ""q_ra"": 0, ""q_scratch"": 0, ""q_thermal"": 0, ""q_uniformity"": 3}","[[71.592, 72.227, 70.85, 73.15, 70.799], [71.59, 70.942, 70.31, 68.505, 69.074], [70.339, 69.508, 68.285, 68.163, 70.495], [70.27, 68.006, 68.945, 71.448, 71.635], [71.871, 70.66, 67.824, 69.909, 71.907]]","[[75.502, 75.323, 74.844, 74.814, 75.122], [74.906, 74.701, 74.604, 74.598, 74.635], [73.735, 73.69, 73.471, 74.047, 74.343], [73.207, 73.061, 73.476, 73.656, 73.947], [73.868, 73.61, 73.548, 73.921, 74.11]]","[[""q_uniformity"", ""q_clearcoat"", ""q_clearcoat"", ""q_clearcoat"", ""q_clearcoat""], [""q_clearcoat"", ""q_clearcoat"", ""q_clearcoat"", ""q_uniformity"", ""q_uniformity""], [""q_clearcoat"", ""q_clearcoat"", ""q_clearcoat"", ""q_uniformity"", ""q_clearcoat""], [""q_clearcoat"", ""q_clearcoat"", ""q_clearcoat"", ""q_clearcoat"", ""q_clearcoat""], [""q_clearcoat"", ""q_clearcoat"", ""q_clearcoat"", ""q_clearcoat"", ""q_clearcoat""]]","[[46.434, 46.183, 45.482, 45.004, 44.878], [45.037, 44.881, 44.693, 44.423, 44.209], [42.819, 42.943, 42.946, 43.352, 43.503], [41.197, 41.41, 42.028, 42.424, 42.772], [40.683, 40.961, 41.483, 42.147, 42.521]]"
finish_rule,45,0,1,continue,5.7779998779296875,5.777801513671875,5.659211158752441,6.928569793701172,0.0,5.945709068328142,0.0,0,47.877508692945725,63.65571629129642,0.24144588334637015,0.18241406446262792,2.170109301265234,1.8106099018501274,1.7404343863537437,1.1221523819004393,43.424668199751316,42.191974941172134,1.2326932585791823,7.191974941172134,35.9027307710548,0.008117378879739573,0.09063262441005111,0.21782068631115126,1.2482646980634071,23.836004876761482,7.0262646980634065,False,True,63.65571629129642,49.6357721542486,21,21,0,75.56213662402536,74.5919740100365,0,21,0,0:0;0:1;0:2;0:3;0:4;1:0;1:1;1:2;1:3;1:4;2:0;2:1;2:2;2:3;3:0;3:1;3:2;4:0;4:1;4:2;4:3,0:0;0:1;0:2;0:3;0:4;1:0;1:1;1:2;1:3;1:4;2:0;2:1;2:2;2:3;3:0;3:1;3:2;4:0;4:1;4:2;4:3,,,0:0;0:1;0:2;0:3;0:4;1:0;1:1;1:2;1:3;1:4;2:0;2:1;2:2;2:3;3:0;3:1;3:2;4:0;4:1;4:2;4:3,,"{""q_clearcoat"": 0, ""q_ra"": 3, ""q_scratch"": 18, ""q_thermal"": 0, ""q_uniformity"": 0}","[[68.514, 52.44, 60.351, 58.53, 66.056], [68.196, 64.499, 58.995, 66.495, 69.799], [52.218, 57.21, 67.328, 66.889, 70.533], [69.006, 57.0, 49.636, 70.893, 70.881], [61.215, 65.251, 65.929, 59.786, 73.743]]","[[76.535, 75.852, 75.58, 75.461, 75.818], [76.263, 75.733, 75.6, 75.181, 75.626], [76.225, 75.663, 75.196, 75.113, 75.492], [76.105, 75.695, 74.961, 74.592, 75.015], [76.34, 75.598, 75.019, 74.851, 75.541]]","[[""q_scratch"", ""q_ra"", ""q_scratch"", ""q_scratch"", ""q_scratch""], [""q_scratch"", ""q_scratch"", ""q_scratch"", ""q_scratch"", ""q_scratch""], [""q_ra"", ""q_scratch"", ""q_scratch"", ""q_scratch"", ""q_scratch""], [""q_scratch"", ""q_scratch"", ""q_ra"", ""q_clearcoat"", ""q_scratch""], [""q_scratch"", ""q_scratch"", ""q_scratch"", ""q_scratch"", ""q_clearcoat""]]","[[46.974, 45.683, 44.545, 43.729, 43.606], [46.945, 45.736, 44.6, 43.453, 43.302], [47.137, 45.804, 44.26, 43.19, 42.866], [47.096, 45.819, 43.936, 42.559, 42.205], [47.292, 45.661, 43.826, 42.484, 42.192]]"
finish_rule,45,0,2,fail_finish_not_eligible,7.026264667510986,5.972506999969482,5.807204723358154,7.19825553894043,-0.4999999701976776,7.999825291335583,0.6908990144729614,0,63.65571629129642,67.75438884043925,0.18241406446262792,0.18668930702879513,1.8106099018501274,1.6992784723916574,1.1221523819004393,0.6859756433994284,42.191974941172134,41.063680071311374,1.1282948698607598,6.063680071311374,35.9027307710548,0.008117378879739573,0.032080159422296466,0.19429224964679676,,,,False,True,67.75438884043925,60.70217455049101,19,19,0,74.03184045597376,72.63671925718683,0,19,0,0:0;0:1;0:2;0:3;0:4;1:0;1:1;1:2;1:3;2:0;2:1;2:2;2:3;3:1;3:2;4:0;4:1;4:2;4:3,0:0;0:1;0:2;0:3;0:4;1:0;1:1;1:2;1:3;2:0;2:1;2:2;2:3;3:1;3:2;4:0;4:1;4:2;4:3,,,0:0;0:1;0:2;0:3;0:4;1:0;1:1;1:2;1:3;2:0;2:1;2:2;2:3;3:1;3:2;4:0;4:1;4:2;4:3,,"{""q_clearcoat"": 7, ""q_ra"": 0, ""q_scratch"": 5, ""q_thermal"": 0, ""q_uniformity"": 7}","[[69.357, 62.734, 65.815, 66.981, 68.172], [69.019, 69.278, 66.943, 67.522, 70.986], [62.182, 65.459, 69.92, 68.758, 70.618], [70.856, 64.763, 60.702, 71.343, 70.738], [68.251, 68.516, 68.202, 65.783, 70.963]]","[[75.523, 74.56, 74.031, 73.785, 74.082], [75.199, 74.479, 74.128, 73.459, 73.858], [75.134, 74.393, 73.635, 73.323, 73.667], [74.954, 74.512, 73.35, 72.637, 72.919], [75.276, 74.271, 73.348, 72.844, 73.43]]","[[""q_uniformity"", ""q_uniformity"", ""q_uniformity"", ""q_uniformity"", ""q_uniformity""], [""q_scratch"", ""q_clearcoat"", ""q_uniformity"", ""q_clearcoat"", ""q_clearcoat""], [""q_scratch"", ""q_scratch"", ""q_clearcoat"", ""q_clearcoat"", ""q_clearcoat""], [""q_clearcoat"", ""q_scratch"", ""q_uniformity"", ""q_clearcoat"", ""q_clearcoat""], [""q_scratch"", ""q_clearcoat"", ""q_clearcoat"", ""q_clearcoat"", ""q_clearcoat""]]","[[46.061, 44.639, 43.428, 42.625, 42.489], [45.983, 44.713, 43.531, 42.351, 42.202], [46.136, 44.761, 43.161, 42.081, 41.789], [46.043, 44.844, 42.837, 41.435, 41.071], [46.304, 44.586, 42.705, 41.349, 41.064]]"
finish_rule,46,0,1,continue,5.7779998779296875,5.777801513671875,5.659206867218018,6.928823947906494,0.0,5.945709068328142,0.0,0,57.333407567180764,66.10990903512189,0.18948249524236815,0.16849223363189095,2.309639592780162,2.036252631283486,1.8825267192465143,1.3500645195508623,42.191144383099164,41.046399854561415,1.1447445285377498,6.046399854561415,35.90278522346493,0.008118131651768891,0.05557272806968732,0.20228002887982238,0.8241949792686244,20.003951338989783,6.602194979268624,False,True,66.10990903512189,47.078512692634334,11,11,0,75.21565660826019,74.45422604069896,0,11,0,1:0;2:0;2:1;2:2;2:3;3:0;3:2;3:3;3:4;4:0;4:4,1:0;2:0;2:1;2:2;2:3;3:0;3:2;3:3;3:4;4:0;4:4,,,1:0;2:0;2:1;2:2;2:3;3:0;3:2;3:3;3:4;4:0;4:4,,"{""q_clearcoat"": 0, ""q_ra"": 4, ""q_scratch"": 7, ""q_thermal"": 0, ""q_uniformity"": 0}","[[74.238, 73.815, 74.238, 73.472, 70.043], [69.214, 73.954, 74.344, 71.154, 71.204], [48.253, 56.921, 58.028, 68.462, 70.296], [47.079, 73.757, 58.128, 52.737, 51.247], [54.977, 73.31, 73.16, 73.651, 67.066]]","[[76.074, 75.381, 75.338, 75.785, 76.133], [75.426, 74.739, 74.948, 75.54, 75.82], [75.047, 74.456, 74.759, 75.187, 75.32], [75.442, 74.493, 74.454, 75.157, 75.661], [75.621, 74.469, 74.504, 74.977, 75.662]]","[[""q_clearcoat"", ""q_clearcoat"", ""q_clearcoat"", ""q_clearcoat"", ""q_scratch""], [""q_scratch"", ""q_clearcoat"", ""q_clearcoat"", ""q_scratch"", ""q_scratch""], [""q_ra"", ""q_scratch"", ""q_scratch"", ""q_scratch"", ""q_scratch""], [""q_ra"", ""q_clearcoat"", ""q_scratch"", ""q_ra"", ""q_ra""], [""q_scratch"", ""q_clearcoat"", ""q_clearcoat"", ""q_clearcoat"", ""q_scratch""]]","[[42.401, 42.418, 42.979, 43.779, 44.3], [41.653, 41.792, 42.666, 43.767, 44.395], [41.046, 41.394, 42.576, 43.879, 44.616], [41.062, 41.374, 42.585, 44.358, 45.674], [41.163, 41.443, 42.825, 44.601, 46.175]]"
finish_rule,46,0,2,fail_quality_regression,6.602194786071777,5.611924648284912,5.456751823425293,6.837869167327881,-0.4999999701976776,7.999825291335583,0.6908990144729614,0,66.10990903512189,68.31734112115453,0.16849223363189095,0.18117120615765706,2.036252631283486,1.9194139173731433,1.3500645195508623,0.9007962039727109,41.046399854561415,40.08928687199052,0.9571129825708979,5.089286871990517,35.90278522346493,0.008118131651768891,0.024037983983506754,0.17539976409814115,,,,False,True,68.31734112115453,55.54989808253718,9,9,0,73.57822811866828,72.50708918789769,0,9,0,1:0;2:0;2:1;2:2;3:0;3:2;3:3;3:4;4:0,1:0;2:0;2:1;2:2;3:0;3:2;3:3;3:4;4:0,,,1:0;2:0;2:1;2:2;3:0;3:2;3:3;3:4;4:0,,"{""q_clearcoat"": 3, ""q_ra"": 2, ""q_scratch"": 3, ""q_thermal"": 0, ""q_uniformity"": 1}","[[71.428, 71.574, 72.312, 72.325, 70.21], [69.226, 71.932, 72.528, 71.637, 71.633], [56.889, 64.534, 65.415, 70.013, 71.079], [55.55, 71.579, 63.582, 62.325, 62.338], [63.195, 71.204, 71.323, 72.06, 72.044]]","[[74.504, 73.81, 73.737, 74.299, 74.754], [73.69, 72.928, 73.25, 74.059, 74.351], [72.937, 72.507, 73.037, 73.719, 73.9], [73.353, 72.543, 72.743, 73.782, 74.438], [73.701, 72.547, 72.855, 73.566, 74.443]]","[[""q_clearcoat"", ""q_clearcoat"", ""q_clearcoat"", ""q_clearcoat"", ""q_scratch""], [""q_clearcoat"", ""q_clearcoat"", ""q_clearcoat"", ""q_clearcoat"", ""q_clearcoat""], [""q_ra"", ""q_clearcoat"", ""q_clearcoat"", ""q_clearcoat"", ""q_clearcoat""], [""q_ra"", ""q_clearcoat"", ""q_scratch"", ""q_scratch"", ""q_uniformity""], [""q_scratch"", ""q_clearcoat"", ""q_clearcoat"", ""q_clearcoat"", ""q_clearcoat""]]","[[41.532, 41.536, 42.012, 42.796, 43.337], [40.783, 40.855, 41.676, 42.784, 43.354], [40.089, 40.444, 41.58, 42.885, 43.575], [40.119, 40.427, 41.589, 43.373, 44.68], [40.281, 40.498, 41.834, 43.562, 45.138]]"
finish_rule,47,0,1,continue,5.7779998779296875,5.777801513671875,5.659213542938232,6.929234981536865,0.0,5.945709068328142,0.0,0,60.64388103625319,69.69729745274277,0.1296899811205996,0.11222861371226465,1.6561687615118932,1.265408641229441,1.534768823129443,1.0488363906499554,41.058614026306046,39.94848281138781,1.1101312149182334,4.948482811387812,35.902736615330355,0.008117914700376956,0.00432432210367466,0.19616351397509899,0.06613343148344482,15.030740180164662,5.844133431483445,False,True,69.69729745274277,55.473482194998866,10,10,0,74.89241203780892,73.94561366872722,0,10,0,0:0;0:1;1:1;2:0;2:1;2:2;2:3;3:1;3:4;4:4,0:0;0:1;1:1;2:0;2:1;2:2;2:3;3:1;3:4;4:4,,,0:0;0:1;1:1;2:0;2:1;2:2;2:3;3:1;3:4;4:4,,"{""q_clearcoat"": 0, ""q_ra"": 0, ""q_scratch"": 10, ""q_thermal"": 0, ""q_uniformity"": 0}","[[55.473, 65.265, 74.769, 74.391, 74.269], [74.025, 68.296, 74.021, 74.142, 71.404], [62.326, 60.457, 66.557, 67.716, 70.955], [73.395, 64.572, 73.323, 73.033, 68.083], [72.996, 73.207, 72.965, 71.454, 65.342]]","[[76.043, 75.875, 75.938, 75.849, 75.874], [75.539, 75.1, 75.079, 74.999, 75.245], [74.672, 74.461, 74.491, 74.35, 74.468], [74.411, 74.045, 73.957, 73.946, 74.085], [74.981, 74.533, 74.491, 74.748, 75.13]]","[[""q_scratch"", ""q_scratch"", ""q_clearcoat"", ""q_clearcoat"", ""q_clearcoat""], [""q_clearcoat"", ""q_scratch"", ""q_clearcoat"", ""q_clearcoat"", ""q_clearcoat""], [""q_scratch"", ""q_scratch"", ""q_scratch"", ""q_scratch"", ""q_clearcoat""], [""q_clearcoat"", ""q_scratch"", ""q_clearcoat"", ""q_clearcoat"", ""q_scratch""], [""q_clearcoat"", ""q_clearcoat"", ""q_clearcoat"", ""q_clearcoat"", ""q_scratch""]]","[[44.249, 44.291, 44.563, 44.663, 44.752], [43.204, 43.082, 43.298, 43.433, 43.695], [41.594, 41.642, 41.905, 42.051, 42.248], [40.393, 40.398, 40.619, 40.875, 41.141], [39.949, 39.948, 40.217, 40.63, 41.029]]"
finish_rule,47,0,2,fail_quality_regression,5.844133377075195,4.967523097991943,4.830265045166016,6.193172454833984,-0.4999999701976776,7.999825291335583,0.6908990144729614,0,69.69729745274277,69.94925614033285,0.11222861371226465,0.12047032669740684,1.265408641229441,1.1456874871481815,1.0488363906499554,0.6672077884719614,39.94848281138781,39.08137580228959,0.8671070090982198,4.0813758022895925,35.902736615330355,0.008117914700376956,0.0007249122809592937,0.17951540981503583,,,,False,True,69.94925614033285,61.583775601846234,9,9,0,73.26072343596732,72.0621206686304,0,9,0,0:0;0:1;2:0;2:1;2:2;2:3;3:1;3:4;4:4,0:0;0:1;2:0;2:1;2:2;2:3;3:1;3:4;4:4,,,0:0;0:1;2:0;2:1;2:2;2:3;3:1;3:4;4:4,,"{""q_clearcoat"": 7, ""q_ra"": 0, ""q_scratch"": 2, ""q_thermal"": 0, ""q_uniformity"": 0}","[[61.584, 67.984, 73.411, 73.037, 72.617], [72.188, 70.108, 72.524, 72.679, 71.343], [66.33, 66.116, 68.277, 69.261, 70.91], [71.384, 66.698, 71.301, 71.002, 69.406], [70.349, 70.917, 70.823, 70.553, 67.929]]","[[74.902, 74.745, 74.803, 74.675, 74.696], [74.286, 73.757, 73.77, 73.634, 73.896], [73.027, 72.9, 72.891, 72.775, 72.902], [72.391, 72.083, 72.075, 72.062, 72.237], [72.658, 72.204, 72.314, 72.646, 73.19]]","[[""q_scratch"", ""q_scratch"", ""q_clearcoat"", ""q_clearcoat"", ""q_clearcoat""], [""q_clearcoat"", ""q_clearcoat"", ""q_clearcoat"", ""q_clearcoat"", ""q_clearcoat""], [""q_clearcoat"", ""q_clearcoat"", ""q_clearcoat"", ""q_clearcoat"", ""q_clearcoat""], [""q_clearcoat"", ""q_clearcoat"", ""q_clearcoat"", ""q_clearcoat"", ""q_clearcoat""], [""q_clearcoat"", ""q_clearcoat"", ""q_clearcoat"", ""q_clearcoat"", ""q_clearcoat""]]","[[43.449, 43.493, 43.739, 43.801, 43.879], [42.42, 42.25, 42.464, 42.549, 42.798], [40.763, 40.843, 41.054, 41.193, 41.373], [39.564, 39.584, 39.803, 40.022, 40.267], [39.092, 39.081, 39.358, 39.737, 40.149]]"
finish_rule,48,0,1,continue,5.7779998779296875,5.777801513671875,5.659207344055176,6.929416656494141,0.0,5.945709068328142,0.0,0,50.67885795057119,61.35295279847223,0.3037093677753387,0.21300870045819156,2.277356929304048,1.840554348510305,1.7370636260779346,1.1603241449988613,42.42066270307789,41.13792591331004,1.2827367897678457,6.137925913310042,35.90281000540834,0.008117929615321031,0.12352924573611099,0.22666368482068808,1.6349674077764247,18.25579565859226,7.412967407776424,False,True,61.35295279847223,47.13876723635116,20,20,0,74.96760233078625,74.19700954472813,0,20,0,0:0;0:1;0:2;0:3;0:4;1:0;1:1;1:2;1:3;1:4;2:1;2:2;2:3;2:4;3:0;3:1;3:2;3:4;4:1;4:4,0:0;0:1;0:2;0:3;0:4;1:0;1:1;1:2;1:3;1:4;2:1;2:2;2:3;2:4;3:0;3:1;3:2;3:4;4:1;4:4,,,0:0;0:1;0:2;0:3;0:4;1:0;1:1;1:2;1:3;1:4;2:1;2:2;2:3;2:4;3:0;3:1;3:2;3:4;4:1;4:4,,"{""q_clearcoat"": 0, ""q_ra"": 10, ""q_scratch"": 10, ""q_thermal"": 0, ""q_uniformity"": 0}","[[68.354, 58.863, 59.578, 47.139, 52.732], [49.391, 51.68, 61.445, 54.015, 54.417], [73.59, 61.564, 65.463, 62.774, 52.82], [53.346, 55.73, 65.953, 70.468, 61.074], [74.213, 64.981, 74.415, 70.498, 69.321]]","[[76.031, 75.223, 74.383, 74.197, 75.168], [75.437, 75.1, 74.504, 74.267, 74.942], [75.007, 74.792, 74.351, 74.407, 74.986], [74.987, 74.798, 74.698, 74.768, 75.178], [75.72, 75.607, 75.401, 75.054, 75.185]]","[[""q_scratch"", ""q_ra"", ""q_scratch"", ""q_ra"", ""q_ra""], [""q_ra"", ""q_ra"", ""q_ra"", ""q_ra"", ""q_ra""], [""q_clearcoat"", ""q_scratch"", ""q_scratch"", ""q_scratch"", ""q_ra""], [""q_scratch"", ""q_ra"", ""q_scratch"", ""q_scratch"", ""q_scratch""], [""q_clearcoat"", ""q_scratch"", ""q_clearcoat"", ""q_scratch"", ""q_scratch""]]","[[46.636, 45.059, 43.059, 41.563, 41.153], [45.29, 44.355, 42.832, 41.548, 41.138], [43.668, 43.156, 42.217, 41.494, 41.265], [42.381, 42.176, 41.859, 41.513, 41.458], [41.994, 42.002, 41.874, 41.533, 41.463]]"
finish_rule,48,0,2,fail_finish_not_eligible,7.412967205047607,6.300825595855713,6.126771926879883,7.527809143066406,-0.4999999701976776,7.999825291335583,0.6908990144729614,0,61.35295279847223,66.06546478015096,0.21300870045819156,0.20349418057233656,1.840554348510305,1.6580061231061702,1.1603241449988613,0.6827602337312215,41.13792591331004,39.897849150902196,1.2400767624078455,4.897849150902196,35.90281000540834,0.008117929615321031,0.05620764599784341,0.2024029582311164,,,,False,True,66.06546478015096,58.83850501648541,20,20,0,72.83878763048135,71.77324911788679,0,20,0,0:0;0:1;0:2;0:3;0:4;1:0;1:1;1:2;1:3;1:4;2:1;2:2;2:3;2:4;3:0;3:1;3:2;3:4;4:1;4:4,0:0;0:1;0:2;0:3;0:4;1:0;1:1;1:2;1:3;1:4;2:1;2:2;2:3;2:4;3:0;3:1;3:2;3:4;4:1;4:4,,,0:0;0:1;0:2;0:3;0:4;1:0;1:1;1:2;1:3;1:4;2:1;2:2;2:3;2:4;3:0;3:1;3:2;3:4;4:1;4:4,,"{""q_clearcoat"": 13, ""q_ra"": 2, ""q_scratch"": 1, ""q_thermal"": 0, ""q_uniformity"": 4}","[[68.419, 65.407, 65.388, 58.839, 60.346], [58.869, 61.646, 67.081, 63.329, 64.658], [71.488, 67.261, 66.984, 65.475, 63.862], [63.698, 65.299, 67.61, 70.442, 65.736], [71.662, 68.336, 71.993, 70.06, 67.748]]","[[74.88, 73.757, 72.414, 71.773, 72.519], [74.1, 73.597, 72.6, 71.793, 72.202], [73.412, 73.036, 72.132, 71.909, 72.378], [73.094, 72.711, 72.36, 72.283, 72.696], [73.65, 73.4, 73.069, 72.58, 72.623]]","[[""q_uniformity"", ""q_uniformity"", ""q_clearcoat"", ""q_ra"", ""q_uniformity""], [""q_ra"", ""q_uniformity"", ""q_clearcoat"", ""q_clearcoat"", ""q_clearcoat""], [""q_clearcoat"", ""q_clearcoat"", ""q_clearcoat"", ""q_clearcoat"", ""q_clearcoat""], [""q_scratch"", ""q_clearcoat"", ""q_clearcoat"", ""q_clearcoat"", ""q_clearcoat""], [""q_clearcoat"", ""q_clearcoat"", ""q_clearcoat"", ""q_clearcoat"", ""q_clearcoat""]]","[[45.621, 43.935, 41.849, 40.363, 39.953], [44.242, 43.282, 41.695, 40.328, 39.898], [42.614, 42.065, 41.004, 40.277, 40.056], [41.325, 41.046, 40.656, 40.306, 40.272], [40.921, 40.859, 40.688, 40.334, 40.241]]"
finish_rule,49,0,1,continue,5.7779998779296875,5.777801513671875,5.659207344055176,6.929416656494141,0.0,5.945709068328142,0.0,0,56.68327120643623,62.83095137447074,0.22858703252152113,0.18384925593771312,2.2868121978812206,1.964324804647641,1.7907224390572298,1.3287681292416058,40.0,38.39754348874005,1.6024565112599518,3.397543488740048,35.90281000540834,0.008117929615321031,0.10241498036470367,0.2831591800472346,1.0850608517896492,4.935540103297798,6.8630608517896485,False,True,62.83095137447074,42.01387131184006,14,14,0,73.49638220731225,71.7400613924088,0,14,0,0:0;0:1;0:2;1:0;1:1;1:2;1:3;2:0;2:1;2:2;2:3;3:0;4:0;4:1,0:0;0:1;0:2;1:0;1:1;1:2;1:3;2:0;2:1;2:2;2:3;3:0;4:0;4:1,,,0:0;0:1;0:2;1:0;1:1;1:2;1:3;2:0;2:1;2:2;2:3;3:0;4:0;4:1,,"{""q_clearcoat"": 0, ""q_ra"": 5, ""q_scratch"": 9, ""q_thermal"": 0, ""q_uniformity"": 0}","[[62.347, 58.591, 63.946, 71.928, 72.893], [42.014, 53.308, 48.99, 60.672, 73.383], [53.653, 47.25, 51.977, 60.123, 73.324], [51.378, 70.588, 71.302, 72.515, 72.492], [61.496, 59.558, 71.422, 72.732, 72.891]]","[[74.629, 73.907, 72.86, 73.148, 74.571], [74.03, 73.398, 72.476, 73.126, 74.588], [73.468, 73.12, 71.928, 73.203, 74.349], [73.589, 73.15, 71.74, 73.53, 74.124], [73.867, 73.317, 72.607, 74.015, 74.668]]","[[""q_scratch"", ""q_scratch"", ""q_scratch"", ""q_clearcoat"", ""q_clearcoat""], [""q_ra"", ""q_ra"", ""q_ra"", ""q_scratch"", ""q_clearcoat""], [""q_scratch"", ""q_ra"", ""q_ra"", ""q_scratch"", ""q_clearcoat""], [""q_scratch"", ""q_clearcoat"", ""q_clearcoat"", ""q_clearcoat"", ""q_clearcoat""], [""q_scratch"", ""q_scratch"", ""q_clearcoat"", ""q_clearcoat"", ""q_clearcoat""]]","[[38.844, 38.625, 38.61, 39.669, 40.927], [38.662, 38.477, 38.534, 39.665, 40.897], [38.497, 38.398, 38.465, 39.732, 40.757], [38.532, 38.414, 38.534, 39.936, 40.701], [38.614, 38.481, 38.895, 40.195, 40.97]]"
finish_rule,49,0,2,fail_quality_regression,6.86306095123291,5.833805084228516,5.672327041625977,7.058987617492676,-0.4999999701976776,7.999825291335583,0.6908990144729614,0,62.83095137447074,63.90445303913184,0.18384925593771312,0.19167127005201065,1.964324804647641,1.8306014282686252,1.3287681292416058,0.9714654630679331,38.39754348874005,37.331766420878814,1.0657770678612337,2.3317664208788145,35.90281000540834,0.008117929615321031,0.0870792422981166,0.18789062408427845,,,,False,True,63.90445303913184,47.81888156379484,23,23,0,70.08176798391601,67.75251682245269,11,12,0,0:0;0:1;0:2;0:3;0:4;1:0;1:1;1:2;1:3;2:0;2:1;2:2;2:3;3:0;3:1;3:2;3:3;3:4;4:0;4:1;4:2;4:3;4:4,0:0;0:1;0:2;0:3;0:4;1:0;1:1;1:2;1:3;2:0;2:1;2:2;2:3;3:0;3:1;3:2;3:3;3:4;4:0;4:1;4:2;4:3;4:4,,0:2;1:1;1:2;2:0;2:1;2:2;3:0;3:1;3:2;4:1;4:2,0:0;0:1;0:3;0:4;1:0;1:3;2:3;3:3;3:4;4:0;4:3;4:4,,"{""q_clearcoat"": 20, ""q_ra"": 2, ""q_scratch"": 1, ""q_thermal"": 0, ""q_uniformity"": 0}","[[62.693, 63.494, 64.127, 68.581, 69.791], [47.819, 58.635, 55.636, 63.091, 70.685], [59.774, 53.657, 58.301, 63.241, 70.579], [58.268, 67.733, 67.273, 69.461, 69.613], [64.518, 63.024, 67.851, 69.859, 69.906]]","[[71.548, 70.162, 69.112, 70.062, 72.157], [70.506, 69.334, 68.614, 70.039, 72.17], [69.433, 68.798, 67.854, 70.135, 71.779], [69.721, 68.89, 67.753, 70.64, 71.485], [70.121, 69.02, 69.138, 71.324, 72.251]]","[[""q_scratch"", ""q_clearcoat"", ""q_clearcoat"", ""q_clearcoat"", ""q_clearcoat""], [""q_ra"", ""q_clearcoat"", ""q_clearcoat"", ""q_clearcoat"", ""q_clearcoat""], [""q_clearcoat"", ""q_ra"", ""q_clearcoat"", ""q_clearcoat"", ""q_clearcoat""], [""q_clearcoat"", ""q_clearcoat"", ""q_clearcoat"", ""q_clearcoat"", ""q_clearcoat""], [""q_clearcoat"", ""q_clearcoat"", ""q_clearcoat"", ""q_clearcoat"", ""q_clearcoat""]]","[[37.975, 37.636, 37.605, 38.582, 39.854], [37.717, 37.448, 37.517, 38.578, 39.828], [37.47, 37.332, 37.41, 38.638, 39.648], [37.535, 37.357, 37.474, 38.861, 39.571], [37.627, 37.398, 37.878, 39.145, 39.89]]"
finish_rule,50,0,1,continue,5.7779998779296875,5.777801513671875,5.659202575683594,6.930245399475098,0.0,5.945709068328142,0.0,0,54.503924172261016,61.74783006918794,0.287349986951348,0.20752933938667173,2.2861702677313227,1.9366491790800713,1.953778550061827,1.1833309171337592,40.0,38.250475561121355,1.7495244388786446,3.2504755611213554,35.9028278976566,0.00811765977281084,0.1178881418687437,0.3091468127322362,1.1440015262669174,4.044924642986501,6.922001526266917,False,True,61.74783006918794,46.21298263497793,17,17,0,73.17225939984552,72.58330185314232,0,17,0,1:1;1:2;1:3;1:4;2:1;2:2;2:3;2:4;3:0;3:2;3:3;3:4;4:0;4:1;4:2;4:3;4:4,1:1;1:2;1:3;1:4;2:1;2:2;2:3;2:4;3:0;3:2;3:3;3:4;4:0;4:1;4:2;4:3;4:4,,,1:1;1:2;1:3;1:4;2:1;2:2;2:3;2:4;3:0;3:2;3:3;3:4;4:0;4:1;4:2;4:3;4:4,,"{""q_clearcoat"": 1, ""q_ra"": 8, ""q_scratch"": 8, ""q_thermal"": 0, ""q_uniformity"": 0}","[[73.174, 71.913, 71.915, 71.573, 71.013], [72.236, 58.206, 56.096, 56.215, 60.189], [72.45, 64.546, 47.873, 47.329, 46.213], [65.806, 71.638, 55.194, 55.451, 63.669], [67.531, 61.287, 52.561, 53.494, 56.126]]","[[74.942, 73.675, 73.47, 73.032, 72.995], [73.836, 73.328, 73.199, 72.883, 72.905], [73.703, 73.141, 72.954, 72.607, 72.924], [73.545, 72.778, 72.734, 72.583, 72.631], [73.425, 73.451, 73.051, 72.779, 72.736]]","[[""q_clearcoat"", ""q_clearcoat"", ""q_clearcoat"", ""q_clearcoat"", ""q_clearcoat""], [""q_clearcoat"", ""q_scratch"", ""q_ra"", ""q_ra"", ""q_scratch""], [""q_clearcoat"", ""q_scratch"", ""q_ra"", ""q_ra"", ""q_ra""], [""q_scratch"", ""q_clearcoat"", ""q_ra"", ""q_ra"", ""q_scratch""], [""q_clearcoat"", ""q_scratch"", ""q_ra"", ""q_scratch"", ""q_scratch""]]","[[38.942, 38.557, 38.498, 38.373, 38.363], [38.604, 38.457, 38.42, 38.331, 38.337], [38.565, 38.403, 38.351, 38.255, 38.343], [38.519, 38.302, 38.29, 38.25, 38.283], [38.485, 38.492, 38.378, 38.304, 38.307]]"
finish_rule,50,0,2,fail_finish_not_eligible,6.922001361846924,5.883557319641113,5.721045970916748,7.110543251037598,-0.4999999701976776,7.999825291335583,0.6908990144729614,0,61.74783006918794,62.89327783080262,0.20752933938667173,0.21247198770675618,1.9366491790800713,1.7942236045373283,1.1833309171337592,0.66637437012198,38.250475561121355,37.08779063090048,1.1626849302208768,2.0877906309004786,35.9028278976566,0.00811765977281084,0.10152460241710547,0.20322943324200674,,,,False,True,62.89327783080262,53.74679599056529,25,25,0,68.73815970737544,67.60446387366557,23,2,0,0:0;0:1;0:2;0:3;0:4;1:0;1:1;1:2;1:3;1:4;2:0;2:1;2:2;2:3;2:4;3:0;3:1;3:2;3:3;3:4;4:0;4:1;4:2;4:3;4:4,0:0;0:1;0:2;0:3;0:4;1:0;1:1;1:2;1:3;1:4;2:0;2:1;2:2;2:3;2:4;3:0;3:1;3:2;3:3;3:4;4:0;4:1;4:2;4:3;4:4,,0:1;0:2;0:3;0:4;1:1;1:2;1:3;1:4;2:0;2:1;2:2;2:3;2:4;3:0;3:1;3:2;3:3;3:4;4:0;4:1;4:2;4:3;4:4,0:0;1:0,,"{""q_clearcoat"": 25, ""q_ra"": 0, ""q_scratch"": 0, ""q_thermal"": 0, ""q_uniformity"": 0}","[[69.034, 67.361, 67.327, 66.624, 65.62], [67.765, 62.428, 61.121, 60.791, 62.235], [68.153, 63.819, 55.151, 54.504, 53.747], [65.935, 66.932, 60.682, 60.457, 63.199], [65.898, 62.765, 60.296, 60.287, 60.201]]","[[71.946, 69.723, 69.284, 68.378, 68.283], [70.046, 69.152, 68.826, 68.153, 68.177], [69.786, 68.865, 68.312, 67.604, 68.078], [69.538, 68.253, 68.104, 67.615, 67.654], [69.186, 69.248, 68.554, 67.87, 67.819]]","[[""q_clearcoat"", ""q_clearcoat"", ""q_clearcoat"", ""q_clearcoat"", ""q_clearcoat""], [""q_clearcoat"", ""q_clearcoat"", ""q_clearcoat"", ""q_clearcoat"", ""q_clearcoat""], [""q_clearcoat"", ""q_clearcoat"", ""q_clearcoat"", ""q_clearcoat"", ""q_clearcoat""], [""q_clearcoat"", ""q_clearcoat"", ""q_clearcoat"", ""q_clearcoat"", ""q_clearcoat""], [""q_clearcoat"", ""q_clearcoat"", ""q_clearcoat"", ""q_clearcoat"", ""q_clearcoat""]]","[[38.078, 37.535, 37.437, 37.244, 37.224], [37.609, 37.408, 37.338, 37.197, 37.202], [37.549, 37.346, 37.23, 37.088, 37.182], [37.493, 37.218, 37.187, 37.091, 37.112], [37.415, 37.429, 37.28, 37.142, 37.141]]"
finish_rule,51,0,1,continue,5.7779998779296875,5.777801513671875,5.659202575683594,6.930245399475098,0.0,5.945709068328142,0.0,0,56.695592303855875,68.07243391118891,0.1571226062689627,0.12015418879923004,1.6969701576621983,1.0983834196207622,1.247138440622956,0.6469965199283016,40.0,38.23166993600261,1.7683300639973893,3.2316699360026107,35.9028278976566,0.00811765977281084,0.02753665841158701,0.3124698295119409,0.26437744522020845,3.9417243512002584,6.042377445220208,False,True,68.07243391118891,56.99617221561396,17,17,0,73.1969433591299,71.57850690172563,0,17,0,0:3;0:4;1:2;1:3;1:4;2:2;2:3;2:4;3:1;3:2;3:3;3:4;4:0;4:1;4:2;4:3;4:4,0:3;0:4;1:2;1:3;1:4;2:2;2:3;2:4;3:1;3:2;3:3;3:4;4:0;4:1;4:2;4:3;4:4,,,0:3;0:4;1:2;1:3;1:4;2:2;2:3;2:4;3:1;3:2;3:3;3:4;4:0;4:1;4:2;4:3;4:4,,"{""q_clearcoat"": 7, ""q_ra"": 0, ""q_scratch"": 10, ""q_thermal"": 0, ""q_uniformity"": 0}","[[72.939, 72.467, 70.787, 66.418, 65.996], [73.205, 73.313, 69.503, 67.471, 65.968], [73.038, 71.879, 66.381, 65.387, 66.764], [72.319, 66.264, 66.25, 68.479, 56.996], [68.73, 66.934, 66.843, 64.54, 62.942]]","[[74.719, 73.967, 72.378, 73.089, 75.013], [74.277, 73.888, 72.456, 72.493, 73.452], [74.228, 73.032, 72.401, 71.611, 71.579], [73.767, 73.255, 73.08, 72.394, 72.541], [73.733, 73.192, 73.669, 72.529, 73.184]]","[[""q_clearcoat"", ""q_clearcoat"", ""q_clearcoat"", ""q_scratch"", ""q_scratch""], [""q_clearcoat"", ""q_clearcoat"", ""q_clearcoat"", ""q_clearcoat"", ""q_scratch""], [""q_clearcoat"", ""q_clearcoat"", ""q_clearcoat"", ""q_clearcoat"", ""q_clearcoat""], [""q_clearcoat"", ""q_scratch"", ""q_scratch"", ""q_clearcoat"", ""q_scratch""], [""q_clearcoat"", ""q_scratch"", ""q_scratch"", ""q_scratch"", ""q_scratch""]]","[[38.872, 38.652, 38.884, 40.515, 42.673], [38.736, 38.62, 38.673, 39.745, 41.0], [38.721, 38.373, 38.313, 38.627, 39.053], [38.584, 38.436, 38.386, 38.232, 38.374], [38.574, 38.418, 38.555, 38.236, 38.433]]"
finish_rule,51,0,2,fail_quality_regression,6.042377471923828,5.136017799377441,4.994109153747559,6.361329078674316,-0.4999999701976776,7.999825291335583,0.6908990144729614,0,68.07243391118891,67.06549498759954,0.12015418879923004,0.13089837965652384,1.0983834196207622,0.9258068050273263,0.6469965199283016,0.2567360242421155,38.23166993600261,37.29106234115451,0.9406075948481032,2.2910623411545075,35.9028278976566,0.00811765977281084,0.04192150017714949,0.1883434193948835,,,,False,True,67.06549498759954,62.40830781303921,25,25,0,70.06257863946652,68.50504964132142,13,12,0,0:0;0:1;0:2;0:3;0:4;1:0;1:1;1:2;1:3;1:4;2:0;2:1;2:2;2:3;2:4;3:0;3:1;3:2;3:3;3:4;4:0;4:1;4:2;4:3;4:4,0:0;0:1;0:2;0:3;0:4;1:0;1:1;1:2;1:3;1:4;2:0;2:1;2:2;2:3;2:4;3:0;3:1;3:2;3:3;3:4;4:0;4:1;4:2;4:3;4:4,,0:2;1:2;2:1;2:2;2:3;2:4;3:1;3:2;3:3;3:4;4:1;4:3;4:4,0:0;0:1;0:3;0:4;1:0;1:1;1:3;1:4;2:0;3:0;4:0;4:2,,"{""q_clearcoat"": 25, ""q_ra"": 0, ""q_scratch"": 0, ""q_thermal"": 0, ""q_uniformity"": 0}","[[69.145, 68.804, 67.647, 67.518, 68.053], [69.583, 69.974, 67.528, 66.959, 66.792], [69.629, 68.279, 65.179, 65.081, 66.739], [69.037, 65.58, 65.611, 66.671, 62.408], [68.48, 66.665, 66.534, 64.138, 64.605]]","[[71.939, 70.783, 69.475, 71.042, 73.477], [71.234, 70.601, 69.279, 70.157, 71.572], [71.103, 69.44, 68.682, 68.559, 68.676], [70.544, 69.876, 69.604, 68.505, 68.791], [70.49, 69.649, 70.145, 68.599, 69.343]]","[[""q_clearcoat"", ""q_clearcoat"", ""q_clearcoat"", ""q_clearcoat"", ""q_clearcoat""], [""q_clearcoat"", ""q_clearcoat"", ""q_clearcoat"", ""q_clearcoat"", ""q_clearcoat""], [""q_clearcoat"", ""q_clearcoat"", ""q_clearcoat"", ""q_clearcoat"", ""q_clearcoat""], [""q_clearcoat"", ""q_clearcoat"", ""q_clearcoat"", ""q_clearcoat"", ""q_clearcoat""], [""q_clearcoat"", ""q_clearcoat"", ""q_clearcoat"", ""q_clearcoat"", ""q_clearcoat""]]","[[38.076, 37.791, 38.016, 39.634, 41.773], [37.895, 37.741, 37.784, 38.878, 40.122], [37.863, 37.472, 37.389, 37.767, 38.133], [37.726, 37.57, 37.508, 37.294, 37.429], [37.714, 37.518, 37.632, 37.291, 37.462]]"
finish_rule,52,0,1,continue,5.7779998779296875,5.777801513671875,5.659216403961182,6.9291276931762695,0.0,5.945709068328142,0.0,0,59.07169448296099,68.43229169471411,0.1559647785623133,0.1310693489568834,1.8315305729080897,1.6105377736718212,1.4980196573912918,1.1251111768060191,41.24332325252638,40.1827888915537,1.0605343609726816,5.182788891553699,35.902736713436646,0.008118178861081007,0.02239583293265558,0.18739950644586734,0.35852548425667635,16.983976916038927,6.136525484256676,False,True,68.43229169471411,49.163074803435705,13,13,0,75.00673207736061,74.06891318046615,0,13,0,0:0;0:1;1:0;1:1;2:0;2:1;2:4;3:0;3:1;3:4;4:0;4:1;4:4,0:0;0:1;1:0;1:1;2:0;2:1;2:4;3:0;3:1;3:4;4:0;4:1;4:4,,,0:0;0:1;1:0;1:1;2:0;2:1;2:4;3:0;3:1;3:4;4:0;4:1;4:4,,"{""q_clearcoat"": 0, ""q_ra"": 3, ""q_scratch"": 10, ""q_thermal"": 0, ""q_uniformity"": 0}","[[49.163, 69.074, 74.049, 74.172, 74.336], [54.597, 69.624, 74.188, 74.386, 71.239], [56.159, 65.855, 73.518, 72.065, 69.989], [58.406, 66.354, 73.186, 73.612, 69.284], [66.231, 65.936, 73.05, 73.267, 69.066]]","[[76.336, 75.467, 75.287, 75.566, 75.805], [75.787, 74.786, 74.857, 75.153, 75.581], [74.958, 74.488, 74.494, 74.658, 75.373], [74.532, 74.239, 74.069, 74.301, 74.796], [75.158, 74.742, 74.429, 75.045, 75.26]]","[[""q_ra"", ""q_scratch"", ""q_clearcoat"", ""q_clearcoat"", ""q_clearcoat""], [""q_ra"", ""q_scratch"", ""q_clearcoat"", ""q_clearcoat"", ""q_scratch""], [""q_scratch"", ""q_scratch"", ""q_clearcoat"", ""q_clearcoat"", ""q_scratch""], [""q_ra"", ""q_scratch"", ""q_clearcoat"", ""q_clearcoat"", ""q_scratch""], [""q_scratch"", ""q_scratch"", ""q_clearcoat"", ""q_clearcoat"", ""q_scratch""]]","[[42.525, 42.684, 43.603, 44.825, 45.652], [42.031, 42.071, 43.041, 44.172, 45.083], [41.164, 41.443, 42.267, 43.196, 44.223], [40.375, 40.705, 41.366, 42.26, 43.107], [40.183, 40.47, 41.074, 42.191, 42.869]]"
finish_rule,52,0,2,fail_quality_regression,6.136525630950928,5.215997219085693,5.07190465927124,6.441228866577148,-0.4999999701976776,7.999825291335583,0.6908990144729614,0,68.43229169471411,69.26691605579275,0.1310693489568834,0.1382547684003788,1.6105377736718212,1.5069641956260749,1.1251111768060191,0.7793105683322383,40.1827888915537,39.29673246451077,0.8860564270429307,4.296732464510768,35.902736713436646,0.008118178861081007,0.01047262777438931,0.17469895168933328,,,,False,True,69.26691605579275,55.80241748294126,10,10,0,73.39215092218573,72.2023030697772,0,10,0,0:0;1:0;2:0;2:1;3:0;3:1;3:4;4:0;4:1;4:4,0:0;1:0;2:0;2:1;3:0;3:1;3:4;4:0;4:1;4:4,,,0:0;1:0;2:0;2:1;3:0;3:1;3:4;4:0;4:1;4:4,,"{""q_clearcoat"": 7, ""q_ra"": 1, ""q_scratch"": 2, ""q_thermal"": 0, ""q_uniformity"": 0}","[[55.802, 70.314, 72.497, 72.791, 72.686], [63.212, 70.931, 72.615, 73.011, 72.095], [63.759, 67.917, 71.733, 71.569, 70.457], [65.086, 67.054, 71.13, 71.779, 69.949], [67.051, 66.405, 70.976, 71.382, 69.473]]","[[75.012, 74.116, 73.957, 74.365, 74.661], [74.187, 73.2, 73.432, 73.858, 74.396], [73.142, 72.838, 72.956, 73.185, 74.045], [72.374, 72.202, 72.262, 72.597, 73.26], [72.861, 72.545, 72.399, 73.331, 73.623]]","[[""q_ra"", ""q_clearcoat"", ""q_clearcoat"", ""q_clearcoat"", ""q_clearcoat""], [""q_scratch"", ""q_clearcoat"", ""q_clearcoat"", ""q_clearcoat"", ""q_clearcoat""], [""q_scratch"", ""q_clearcoat"", ""q_clearcoat"", ""q_clearcoat"", ""q_clearcoat""], [""q_clearcoat"", ""q_clearcoat"", ""q_clearcoat"", ""q_clearcoat"", ""q_clearcoat""], [""q_clearcoat"", ""q_clearcoat"", ""q_clearcoat"", ""q_clearcoat"", ""q_clearcoat""]]","[[41.778, 41.894, 42.728, 43.925, 44.724], [41.186, 41.212, 42.16, 43.26, 44.171], [40.316, 40.626, 41.405, 42.266, 43.289], [39.498, 39.818, 40.479, 41.307, 42.152], [39.297, 39.566, 40.136, 41.255, 41.893]]"
finish_rule,53,0,1,continue,5.7779998779296875,5.777801513671875,5.659213066101074,6.927976608276367,0.0,5.945709068328142,0.0,0,53.3858435407098,65.68529318889107,0.20011957336364458,0.15364210062772016,1.9802015958581602,1.5732252226554544,1.4834573357942409,0.924799561266503,40.0,38.6014821404695,1.3985178595305001,3.6014821404695,35.90276909539096,0.008117781874659733,0.061638668730127626,0.24712231951606156,0.7482772359554692,6.480524072474209,6.526277235955469,False,True,65.68529318889107,52.66319589779221,20,20,0,74.30520229866389,72.04524174872549,0,20,0,0:0;0:4;1:0;1:1;1:3;1:4;2:0;2:1;2:2;2:3;2:4;3:1;3:2;3:3;3:4;4:0;4:1;4:2;4:3;4:4,0:0;0:4;1:0;1:1;1:3;1:4;2:0;2:1;2:2;2:3;2:4;3:1;3:2;3:3;3:4;4:0;4:1;4:2;4:3;4:4,,,0:0;0:4;1:0;1:1;1:3;1:4;2:0;2:1;2:2;2:3;2:4;3:1;3:2;3:3;3:4;4:0;4:1;4:2;4:3;4:4,,"{""q_clearcoat"": 4, ""q_ra"": 4, ""q_scratch"": 12, ""q_thermal"": 0, ""q_uniformity"": 0}","[[68.721, 74.773, 73.775, 73.285, 59.554], [69.395, 64.144, 73.595, 63.188, 66.898], [68.989, 55.14, 66.155, 69.645, 67.66], [73.442, 52.663, 63.623, 65.802, 69.187], [60.633, 54.003, 54.631, 65.472, 67.761]]","[[76.219, 75.747, 75.12, 74.551, 75.185], [75.882, 75.104, 74.301, 73.53, 74.124], [75.652, 74.703, 73.592, 73.415, 73.089], [75.31, 74.619, 72.928, 72.045, 72.779], [75.603, 74.667, 73.138, 72.672, 73.655]]","[[""q_scratch"", ""q_clearcoat"", ""q_clearcoat"", ""q_clearcoat"", ""q_scratch""], [""q_scratch"", ""q_scratch"", ""q_clearcoat"", ""q_scratch"", ""q_scratch""], [""q_scratch"", ""q_ra"", ""q_scratch"", ""q_clearcoat"", ""q_clearcoat""], [""q_clearcoat"", ""q_ra"", ""q_scratch"", ""q_clearcoat"", ""q_clearcoat""], [""q_scratch"", ""q_ra"", ""q_ra"", ""q_scratch"", ""q_scratch""]]","[[44.47, 43.807, 42.812, 41.833, 41.735], [44.066, 43.139, 41.99, 40.9, 40.732], [43.609, 42.484, 41.069, 40.19, 39.559], [43.047, 41.997, 40.211, 39.013, 38.743], [43.006, 41.735, 39.952, 38.812, 38.601]]"
finish_rule,53,0,2,fail_quality_regression,6.5262770652771,5.547074317932129,5.394004821777344,6.772927284240723,-0.4999999701976776,7.999825291335583,0.6908990144729614,0,65.68529318889107,67.3184470933292,0.15364210062772016,0.16367497248799667,1.5732252226554544,1.4731776363109281,0.924799561266503,0.548044918917967,38.6014821404695,37.594203140099225,1.007279000370275,2.594203140099225,35.90276909539096,0.008117781874659733,0.03830789866672575,0.18674047088418674,,,,False,True,67.3184470933292,61.864824154794995,20,20,0,72.12666138438095,68.7506056866229,4,16,0,0:0;0:4;1:0;1:1;1:3;1:4;2:0;2:1;2:2;2:3;2:4;3:1;3:2;3:3;3:4;4:0;4:1;4:2;4:3;4:4,0:0;0:4;1:0;1:1;1:3;1:4;2:0;2:1;2:2;2:3;2:4;3:1;3:2;3:3;3:4;4:0;4:1;4:2;4:3;4:4,,3:3;3:4;4:3;4:4,0:0;0:4;1:0;1:1;1:3;1:4;2:0;2:1;2:2;2:3;2:4;3:1;3:2;4:0;4:1;4:2,,"{""q_clearcoat"": 15, ""q_ra"": 0, ""q_scratch"": 4, ""q_thermal"": 0, ""q_uniformity"": 1}","[[66.841, 72.849, 71.835, 71.191, 65.834], [68.466, 67.24, 71.622, 65.674, 67.554], [69.556, 64.044, 67.226, 69.136, 67.441], [71.501, 61.865, 64.548, 65.237, 66.849], [68.043, 64.022, 63.294, 65.273, 65.82]]","[[75.007, 74.35, 73.497, 72.626, 73.24], [74.548, 73.545, 72.446, 71.274, 71.749], [74.269, 73.07, 71.401, 71.043, 70.066], [73.773, 72.905, 70.388, 68.751, 69.074], [74.04, 72.828, 70.292, 69.158, 69.824]]","[[""q_scratch"", ""q_clearcoat"", ""q_clearcoat"", ""q_clearcoat"", ""q_uniformity""], [""q_scratch"", ""q_scratch"", ""q_clearcoat"", ""q_clearcoat"", ""q_clearcoat""], [""q_clearcoat"", ""q_scratch"", ""q_clearcoat"", ""q_clearcoat"", ""q_clearcoat""], [""q_clearcoat"", ""q_clearcoat"", ""q_clearcoat"", ""q_clearcoat"", ""q_clearcoat""], [""q_clearcoat"", ""q_clearcoat"", ""q_clearcoat"", ""q_clearcoat"", ""q_clearcoat""]]","[[43.605, 42.877, 41.849, 40.832, 40.75], [43.151, 42.172, 40.996, 39.877, 39.702], [42.707, 41.548, 40.046, 39.245, 38.517], [42.108, 41.079, 39.191, 38.001, 37.71], [42.062, 40.792, 38.88, 37.807, 37.594]]"
finish_rule,54,0,1,continue,5.7779998779296875,5.777801513671875,5.6592116355896,6.928313255310059,0.0,5.945709068328142,0.0,0,51.14712999763385,64.22682698565438,0.2719889305073877,0.21078398362207273,1.9790621847597307,1.68682350029447,1.649843612748378,0.9602174242683506,44.45819618310361,43.286681003349436,1.1715151797541736,8.286681003349436,35.90276083229829,0.008117982434806588,0.08247390020493738,0.20701031436724499,1.1952143610384343,30.36892641106085,6.973214361038433,False,True,64.22682698565438,54.19395059159005,18,18,0,75.8159072454017,75.0639437943057,0,18,0,0:1;0:2;0:3;1:1;1:2;1:3;1:4;2:0;2:1;2:2;2:3;2:4;3:0;3:1;3:2;3:3;4:1;4:3,0:1;0:2;0:3;1:1;1:2;1:3;1:4;2:0;2:1;2:2;2:3;2:4;3:0;3:1;3:2;3:3;4:1;4:3,,,0:1;0:2;0:3;1:1;1:2;1:3;1:4;2:0;2:1;2:2;2:3;2:4;3:0;3:1;3:2;3:3;4:1;4:3,,"{""q_clearcoat"": 0, ""q_ra"": 9, ""q_scratch"": 9, ""q_thermal"": 0, ""q_uniformity"": 0}","[[74.639, 58.388, 61.323, 58.093, 72.793], [74.319, 54.279, 55.207, 64.727, 60.668], [64.321, 56.499, 54.194, 59.472, 66.803], [59.3, 56.801, 59.463, 69.099, 74.651], [75.017, 57.5, 74.622, 69.151, 74.341]]","[[76.628, 76.086, 75.447, 75.474, 75.947], [76.123, 75.644, 75.318, 75.136, 75.481], [76.23, 75.646, 75.449, 75.064, 75.591], [76.565, 75.932, 75.533, 75.466, 75.837], [76.637, 76.372, 75.796, 75.854, 76.142]]","[[""q_uniformity"", ""q_ra"", ""q_scratch"", ""q_ra"", ""q_clearcoat""], [""q_clearcoat"", ""q_ra"", ""q_ra"", ""q_scratch"", ""q_scratch""], [""q_scratch"", ""q_ra"", ""q_ra"", ""q_ra"", ""q_scratch""], [""q_scratch"", ""q_ra"", ""q_scratch"", ""q_scratch"", ""q_clearcoat""], [""q_uniformity"", ""q_ra"", ""q_clearcoat"", ""q_scratch"", ""q_uniformity""]]","[[46.818, 45.782, 44.398, 43.54, 43.287], [46.937, 45.964, 44.833, 43.832, 43.518], [47.835, 46.734, 45.672, 44.474, 44.301], [48.44, 47.583, 46.315, 45.319, 45.069], [48.516, 48.191, 46.828, 45.881, 45.521]]"
finish_rule,54,0,2,fail_finish_not_eligible,6.973214149475098,5.92717170715332,5.763369560241699,7.153580665588379,-0.4999999701976776,7.999825291335583,0.6908990144729614,0,64.22682698565438,68.89546316750942,0.21078398362207273,0.20986512966748258,1.68682350029447,1.4894872703545334,0.9602174242683506,0.49871964565018123,43.286681003349436,42.23137682374366,1.055304179605777,7.231376823743659,35.90276083229829,0.008117982434806588,0.04932564833741285,0.18310541577721082,,,,False,True,68.89546316750942,64.46893503148794,16,16,0,74.50500009350537,73.52791532952266,0,16,0,0:1;0:2;0:3;1:1;1:2;1:3;1:4;2:0;2:1;2:2;2:3;2:4;3:0;3:1;3:2;4:1,0:1;0:2;0:3;1:1;1:2;1:3;1:4;2:0;2:1;2:2;2:3;2:4;3:0;3:1;3:2;4:1,,,0:1;0:2;0:3;1:1;1:2;1:3;1:4;2:0;2:1;2:2;2:3;2:4;3:0;3:1;3:2;4:1,,"{""q_clearcoat"": 2, ""q_ra"": 0, ""q_scratch"": 1, ""q_thermal"": 0, ""q_uniformity"": 13}","[[72.271, 65.632, 66.586, 67.236, 71.657], [72.379, 64.469, 65.207, 66.988, 67.501], [69.037, 67.374, 65.572, 67.198, 69.078], [67.674, 66.876, 66.243, 70.575, 72.996], [73.439, 68.795, 73.216, 72.128, 72.26]]","[[75.663, 74.891, 73.903, 73.801, 74.241], [75.089, 74.449, 73.931, 73.528, 73.771], [75.243, 74.47, 74.111, 73.53, 74.042], [75.521, 74.863, 74.241, 74.066, 74.387], [75.614, 75.359, 74.571, 74.548, 74.792]]","[[""q_uniformity"", ""q_uniformity"", ""q_uniformity"", ""q_uniformity"", ""q_clearcoat""], [""q_clearcoat"", ""q_uniformity"", ""q_uniformity"", ""q_clearcoat"", ""q_uniformity""], [""q_scratch"", ""q_uniformity"", ""q_uniformity"", ""q_uniformity"", ""q_clearcoat""], [""q_uniformity"", ""q_uniformity"", ""q_uniformity"", ""q_clearcoat"", ""q_clearcoat""], [""q_clearcoat"", ""q_uniformity"", ""q_clearcoat"", ""q_clearcoat"", ""q_clearcoat""]]","[[45.958, 44.808, 43.3, 42.463, 42.231], [46.0, 44.966, 43.793, 42.752, 42.421], [46.874, 45.681, 44.584, 43.365, 43.213], [47.384, 46.559, 45.202, 44.22, 43.969], [47.476, 47.18, 45.727, 44.805, 44.453]]"
finish_rule,55,0,1,continue,5.7779998779296875,5.777801513671875,5.65920352935791,6.928566932678223,0.0,5.945709068328142,0.0,0,49.86005490919993,63.94463197457856,0.2112935404146811,0.1749325225735879,2.1552434676585825,1.8672871541159526,1.7061251080136615,1.1367036127057946,40.23414414435606,39.094458766662626,1.1396853776934321,4.094458766662626,35.90276435510831,0.008117459624402761,0.08650525750602053,0.20138617948288215,1.2886473797975817,10.400211037523832,7.0666473797975815,False,True,63.94463197457856,53.17623862599448,18,18,0,74.42183365762067,72.8824276103432,0,18,0,0:1;0:2;0:3;1:0;1:1;1:2;1:3;1:4;2:1;2:2;2:3;2:4;3:0;3:1;3:4;4:2;4:3;4:4,0:1;0:2;0:3;1:0;1:1;1:2;1:3;1:4;2:1;2:2;2:3;2:4;3:0;3:1;3:4;4:2;4:3;4:4,,,0:1;0:2;0:3;1:0;1:1;1:2;1:3;1:4;2:1;2:2;2:3;2:4;3:0;3:1;3:4;4:2;4:3;4:4,,"{""q_clearcoat"": 0, ""q_ra"": 5, ""q_scratch"": 13, ""q_thermal"": 0, ""q_uniformity"": 0}","[[72.883, 67.118, 66.439, 64.634, 72.533], [68.838, 64.006, 53.68, 57.896, 64.725], [73.413, 55.331, 53.176, 55.271, 56.971], [53.914, 59.988, 72.996, 71.849, 56.72], [73.988, 74.226, 66.376, 54.886, 66.758]]","[[75.76, 74.564, 73.876, 73.75, 74.366], [74.865, 73.978, 73.675, 72.882, 73.131], [74.743, 74.249, 73.776, 73.547, 74.071], [75.325, 74.778, 74.098, 74.301, 74.556], [75.686, 75.37, 74.834, 75.042, 75.322]]","[[""q_clearcoat"", ""q_scratch"", ""q_scratch"", ""q_scratch"", ""q_clearcoat""], [""q_scratch"", ""q_scratch"", ""q_ra"", ""q_scratch"", ""q_scratch""], [""q_clearcoat"", ""q_scratch"", ""q_ra"", ""q_scratch"", ""q_scratch""], [""q_ra"", ""q_scratch"", ""q_clearcoat"", ""q_clearcoat"", ""q_ra""], [""q_clearcoat"", ""q_clearcoat"", ""q_scratch"", ""q_ra"", ""q_scratch""]]","[[41.474, 40.461, 39.602, 39.109, 39.094], [41.518, 40.698, 40.055, 39.356, 39.261], [42.347, 41.695, 40.94, 40.421, 40.444], [43.776, 42.97, 41.939, 41.521, 41.399], [44.794, 44.034, 42.905, 42.352, 42.154]]"
finish_rule,55,0,2,fail_quality_regression,7.066647529602051,6.006555557250977,5.840583324432373,7.233095169067383,-0.4999999701976776,7.999825291335583,0.6908990144729614,0,63.94463197457856,66.68051680790781,0.1749325225735879,0.18631777150771006,1.8672871541159526,1.6897523140691328,1.1367036127057946,0.7705941423031937,39.094458766662626,38.020661945808335,1.073796820854291,3.0206619458083352,35.90276435510831,0.008117459624402761,0.0474211884584599,0.18385095481171818,,,,False,True,66.68051680790781,62.07388573165207,19,19,0,72.07906467487518,69.53120709295908,2,17,0,0:1;0:2;0:3;0:4;1:0;1:1;1:2;1:3;1:4;2:1;2:2;2:3;2:4;3:0;3:1;3:4;4:2;4:3;4:4,0:1;0:2;0:3;0:4;1:0;1:1;1:2;1:3;1:4;2:1;2:2;2:3;2:4;3:0;3:1;3:4;4:2;4:3;4:4,,1:3;1:4,0:1;0:2;0:3;0:4;1:0;1:1;1:2;2:1;2:2;2:3;2:4;3:0;3:1;3:4;4:2;4:3;4:4,,"{""q_clearcoat"": 15, ""q_ra"": 0, ""q_scratch"": 3, ""q_thermal"": 0, ""q_uniformity"": 1}","[[70.734, 66.946, 67.125, 65.559, 68.269], [68.64, 65.463, 62.074, 62.296, 64.777], [71.211, 62.281, 62.592, 62.427, 63.852], [63.443, 64.395, 70.434, 71.526, 65.397], [72.13, 72.57, 68.658, 65.88, 68.336]]","[[73.857, 72.159, 70.837, 70.14, 70.794], [72.978, 71.657, 71.023, 69.531, 69.582], [72.971, 72.287, 71.447, 70.756, 71.299], [73.861, 73.134, 71.95, 72.062, 72.185], [74.304, 73.898, 72.983, 73.051, 73.231]]","[[""q_clearcoat"", ""q_clearcoat"", ""q_clearcoat"", ""q_clearcoat"", ""q_clearcoat""], [""q_clearcoat"", ""q_clearcoat"", ""q_clearcoat"", ""q_clearcoat"", ""q_clearcoat""], [""q_clearcoat"", ""q_scratch"", ""q_clearcoat"", ""q_clearcoat"", ""q_clearcoat""], [""q_scratch"", ""q_scratch"", ""q_clearcoat"", ""q_clearcoat"", ""q_clearcoat""], [""q_clearcoat"", ""q_clearcoat"", ""q_clearcoat"", ""q_uniformity"", ""q_clearcoat""]]","[[40.556, 39.476, 38.56, 38.021, 38.032], [40.586, 39.693, 39.04, 38.259, 38.136], [41.354, 40.69, 39.884, 39.278, 39.314], [42.799, 41.968, 40.802, 40.414, 40.259], [43.769, 43.023, 41.794, 41.25, 41.037]]"
finish_rule,56,0,1,continue,5.7779998779296875,5.777801513671875,5.659213066101074,6.927976608276367,0.0,5.945709068328142,0.0,0,52.93524117882186,65.92472595651203,0.20056850521684305,0.1505030513070793,1.8692264852057794,1.572631799574688,1.7022661968755046,1.0466348533231722,40.0,38.31069605487477,1.689303945125232,3.310696054874768,35.90276909539096,0.008117781874659733,0.05821820062125665,0.29850509697969035,0.5850975532108018,4.390866581966421,6.363097553210801,False,True,65.92472595651203,52.91334981697764,17,17,0,73.41272386480206,71.7097185859398,0,17,0,0:1;0:2;0:3;0:4;1:1;1:2;1:3;1:4;2:0;2:1;2:2;2:3;2:4;3:0;3:1;3:3;3:4,0:1;0:2;0:3;0:4;1:1;1:2;1:3;1:4;2:0;2:1;2:2;2:3;2:4;3:0;3:1;3:3;3:4,,,0:1;0:2;0:3;0:4;1:1;1:2;1:3;1:4;2:0;2:1;2:2;2:3;2:4;3:0;3:1;3:3;3:4,,"{""q_clearcoat"": 2, ""q_ra"": 2, ""q_scratch"": 13, ""q_thermal"": 0, ""q_uniformity"": 0}","[[72.793, 66.51, 52.913, 60.348, 57.305], [70.09, 60.279, 57.52, 57.263, 68.113], [66.393, 67.401, 63.873, 60.568, 65.56], [63.655, 68.977, 71.836, 69.197, 68.823], [72.679, 71.395, 70.692, 71.509, 72.429]]","[[74.626, 73.576, 73.414, 74.281, 74.901], [74.007, 72.826, 71.71, 72.851, 74.318], [73.997, 73.31, 72.31, 72.237, 74.271], [73.864, 73.291, 72.822, 72.259, 74.277], [73.891, 73.439, 72.403, 72.354, 74.085]]","[[""q_clearcoat"", ""q_scratch"", ""q_ra"", ""q_scratch"", ""q_ra""], [""q_clearcoat"", ""q_scratch"", ""q_scratch"", ""q_scratch"", ""q_scratch""], [""q_scratch"", ""q_scratch"", ""q_scratch"", ""q_scratch"", ""q_scratch""], [""q_scratch"", ""q_clearcoat"", ""q_clearcoat"", ""q_clearcoat"", ""q_scratch""], [""q_clearcoat"", ""q_clearcoat"", ""q_clearcoat"", ""q_clearcoat"", ""q_clearcoat""]]","[[39.201, 39.216, 39.729, 40.68, 41.359], [38.67, 38.503, 38.712, 39.768, 40.885], [38.652, 38.452, 38.45, 39.26, 40.759], [38.613, 38.446, 38.439, 39.211, 40.935], [38.62, 38.488, 38.311, 39.318, 41.04]]"
finish_rule,56,0,2,fail_finish_not_eligible,6.363097667694092,5.408405303955078,5.259154796600342,6.633275985717773,-0.4999999701976776,7.999825291335583,0.6908990144729614,0,65.92472595651203,66.27478043696766,0.1505030513070793,0.15467164569864514,1.572631799574688,1.4236867410235678,1.0466348533231722,0.6444852615989358,38.31069605487477,37.32074184362055,0.989954211254215,2.320741843620553,35.90276909539096,0.008117781874659733,0.053217422329033426,0.18823446913830105,,,,False,True,66.27478043696766,59.361774054283984,25,25,0,70.41232256634565,68.37444688750097,11,14,0,0:0;0:1;0:2;0:3;0:4;1:0;1:1;1:2;1:3;1:4;2:0;2:1;2:2;2:3;2:4;3:0;3:1;3:2;3:3;3:4;4:0;4:1;4:2;4:3;4:4,0:0;0:1;0:2;0:3;0:4;1:0;1:1;1:2;1:3;1:4;2:0;2:1;2:2;2:3;2:4;3:0;3:1;3:2;3:3;3:4;4:0;4:1;4:2;4:3;4:4,,1:1;1:2;2:1;2:2;2:3;3:1;3:2;3:3;4:1;4:2;4:3,0:0;0:1;0:2;0:3;0:4;1:0;1:3;1:4;2:0;2:4;3:0;3:4;4:0;4:4,,"{""q_clearcoat"": 25, ""q_ra"": 0, ""q_scratch"": 0, ""q_thermal"": 0, ""q_uniformity"": 0}","[[69.111, 66.91, 59.362, 64.507, 64.669], [68.74, 62.937, 61.372, 62.201, 68.162], [67.06, 67.054, 63.789, 63.415, 67.362], [65.79, 67.422, 68.007, 67.815, 69.24], [69.051, 67.803, 66.712, 68.52, 69.859]]","[[72.043, 70.968, 70.851, 72.097, 72.795], [70.717, 69.296, 68.43, 70.206, 72.17], [70.656, 69.629, 68.634, 69.218, 72.025], [70.411, 69.643, 69.127, 69.271, 72.084], [70.438, 69.819, 68.374, 69.452, 71.954]]","[[""q_clearcoat"", ""q_clearcoat"", ""q_clearcoat"", ""q_clearcoat"", ""q_clearcoat""], [""q_clearcoat"", ""q_clearcoat"", ""q_clearcoat"", ""q_clearcoat"", ""q_clearcoat""], [""q_clearcoat"", ""q_clearcoat"", ""q_clearcoat"", ""q_clearcoat"", ""q_clearcoat""], [""q_clearcoat"", ""q_clearcoat"", ""q_clearcoat"", ""q_clearcoat"", ""q_clearcoat""], [""q_clearcoat"", ""q_clearcoat"", ""q_clearcoat"", ""q_clearcoat"", ""q_clearcoat""]]","[[38.393, 38.381, 38.804, 39.738, 40.351], [37.779, 37.578, 37.774, 38.798, 39.925], [37.753, 37.514, 37.496, 38.271, 39.779], [37.695, 37.517, 37.493, 38.243, 39.947], [37.701, 37.557, 37.321, 38.353, 40.057]]"
finish_rule,57,0,1,continue,5.7779998779296875,5.777801513671875,5.659205436706543,6.928618431091309,0.0,5.945709068328142,0.0,0,49.64396954474787,65.78109855636488,0.21974299729550914,0.16906181373318535,2.16659705891045,1.803235909036684,1.7447162724770466,1.189654575406887,45.05264932643602,43.93476176491729,1.117887561518728,8.93476176491729,35.90280574251339,0.008118387826848329,0.06027002062335884,0.19753436662113807,0.9153347083996881,35.10660895892535,6.6933347083996875,False,True,65.78109855636488,50.22858268903828,15,15,0,75.92693676886732,75.37084640550893,0,15,0,0:1;0:2;0:3;0:4;1:1;1:2;1:3;2:0;2:1;2:2;3:0;3:1;3:2;4:1;4:2,0:1;0:2;0:3;0:4;1:1;1:2;1:3;2:0;2:1;2:2;3:0;3:1;3:2;4:1;4:2,,,0:1;0:2;0:3;0:4;1:1;1:2;1:3;2:0;2:1;2:2;3:0;3:1;3:2;4:1;4:2,,"{""q_clearcoat"": 0, ""q_ra"": 6, ""q_scratch"": 9, ""q_thermal"": 0, ""q_uniformity"": 0}","[[74.95, 69.45, 68.963, 69.716, 59.974], [74.403, 67.032, 63.601, 59.472, 70.56], [50.229, 65.009, 65.113, 70.092, 71.472], [54.076, 54.326, 69.273, 70.894, 72.31], [74.6, 50.809, 52.912, 70.951, 74.34]]","[[76.692, 76.067, 75.849, 76.004, 76.674], [76.226, 75.629, 75.635, 75.708, 76.345], [76.186, 75.477, 75.525, 75.776, 76.197], [76.061, 75.404, 75.446, 75.808, 76.187], [76.192, 75.371, 75.436, 76.07, 76.21]]","[[""q_uniformity"", ""q_scratch"", ""q_scratch"", ""q_scratch"", ""q_ra""], [""q_uniformity"", ""q_scratch"", ""q_scratch"", ""q_scratch"", ""q_scratch""], [""q_ra"", ""q_scratch"", ""q_scratch"", ""q_scratch"", ""q_scratch""], [""q_ra"", ""q_ra"", ""q_scratch"", ""q_scratch"", ""q_scratch""], [""q_clearcoat"", ""q_ra"", ""q_ra"", ""q_scratch"", ""q_uniformity""]]","[[45.46, 45.561, 46.44, 47.68, 48.554], [44.812, 44.946, 45.968, 47.134, 48.209], [44.393, 44.508, 45.577, 46.86, 47.935], [43.993, 44.257, 45.413, 46.822, 47.925], [43.935, 44.177, 45.448, 47.166, 48.03]]"
finish_rule,57,0,2,fail_quality_regression,6.693334579467773,5.6894402503967285,5.532067775726318,6.913212299346924,-0.4999999701976776,7.999825291335583,0.6908990144729614,0,65.78109855636488,68.82599797446522,0.16906181373318535,0.17606943569374525,1.803235909036684,1.6555498104533517,1.189654575406887,0.806634546793076,43.93476176491729,43.00449073963086,0.9302710252864301,8.00449073963086,35.90280574251339,0.008118387826848329,0.016771457507639656,0.1681597303215058,,,,False,True,68.82599797446522,58.05173308564007,10,10,0,74.73292218919272,73.91157322190398,0,10,0,0:4;1:2;1:3;2:0;2:1;2:2;3:0;3:1;4:1;4:2,0:4;1:2;1:3;2:0;2:1;2:2;3:0;3:1;4:1;4:2,,,0:4;1:2;1:3;2:0;2:1;2:2;3:0;3:1;4:1;4:2,,"{""q_clearcoat"": 1, ""q_ra"": 4, ""q_scratch"": 1, ""q_thermal"": 0, ""q_uniformity"": 4}","[[72.671, 70.017, 70.754, 72.097, 68.935], [72.265, 70.278, 67.749, 66.72, 71.635], [58.052, 68.157, 68.199, 71.588, 72.43], [60.512, 60.366, 71.331, 72.445, 72.967], [72.663, 60.058, 63.405, 72.726, 72.628]]","[[75.661, 74.967, 74.753, 74.98, 75.696], [74.953, 74.364, 74.477, 74.611, 75.32], [74.958, 74.143, 74.265, 74.598, 75.139], [74.597, 74.013, 74.134, 74.63, 75.107], [74.805, 73.912, 74.123, 74.98, 75.139]]","[[""q_uniformity"", ""q_clearcoat"", ""q_clearcoat"", ""q_clearcoat"", ""q_uniformity""], [""q_clearcoat"", ""q_clearcoat"", ""q_uniformity"", ""q_uniformity"", ""q_uniformity""], [""q_ra"", ""q_scratch"", ""q_clearcoat"", ""q_clearcoat"", ""q_clearcoat""], [""q_ra"", ""q_ra"", ""q_clearcoat"", ""q_clearcoat"", ""q_clearcoat""], [""q_clearcoat"", ""q_ra"", ""q_uniformity"", ""q_clearcoat"", ""q_clearcoat""]]","[[44.651, 44.681, 45.485, 46.692, 47.557], [43.872, 43.989, 44.999, 46.118, 47.185], [43.524, 43.542, 44.56, 45.797, 46.898], [43.005, 43.277, 44.372, 45.763, 46.868], [43.004, 43.159, 44.402, 46.16, 46.974]]"
finish_rule,58,0,1,continue,5.7779998779296875,5.777801513671875,5.659202575683594,6.930245399475098,0.0,5.945709068328142,0.0,0,53.95979651724129,65.63765682826676,0.19003041316681668,0.1373474614550558,2.122859723918026,1.6718103014548031,1.7468567978585225,1.142272160869492,40.0,38.10159536011369,1.8984046398863086,3.1015953601136914,35.9028278976566,0.00811765977281084,0.062319188167617764,0.33545444159277055,0.5573262456003278,3.283889624126629,6.335326245600328,False,True,65.63765682826676,46.629120663975904,17,17,0,73.26672186830005,72.02882554146774,0,17,0,0:0;0:1;0:2;0:3;1:1;1:2;2:1;2:2;3:1;3:2;3:3;3:4;4:0;4:1;4:2;4:3;4:4,0:0;0:1;0:2;0:3;1:1;1:2;2:1;2:2;3:1;3:2;3:3;3:4;4:0;4:1;4:2;4:3;4:4,,,0:0;0:1;0:2;0:3;1:1;1:2;2:1;2:2;3:1;3:2;3:3;3:4;4:0;4:1;4:2;4:3;4:4,,"{""q_clearcoat"": 6, ""q_ra"": 3, ""q_scratch"": 8, ""q_thermal"": 0, ""q_uniformity"": 0}","[[60.827, 46.629, 58.535, 65.6, 70.683], [72.358, 62.408, 51.782, 70.886, 71.915], [70.344, 67.853, 67.174, 71.688, 70.168], [70.963, 68.075, 68.391, 65.797, 51.143], [67.65, 68.342, 66.885, 69.006, 65.839]]","[[74.49, 73.694, 73.813, 73.023, 72.45], [73.735, 73.334, 73.17, 73.004, 73.109], [73.722, 73.409, 72.855, 72.517, 73.173], [73.896, 73.218, 72.893, 72.029, 72.701], [74.174, 73.532, 73.267, 73.225, 73.234]]","[[""q_scratch"", ""q_ra"", ""q_scratch"", ""q_scratch"", ""q_clearcoat""], [""q_clearcoat"", ""q_scratch"", ""q_ra"", ""q_clearcoat"", ""q_clearcoat""], [""q_clearcoat"", ""q_scratch"", ""q_clearcoat"", ""q_clearcoat"", ""q_clearcoat""], [""q_clearcoat"", ""q_clearcoat"", ""q_clearcoat"", ""q_clearcoat"", ""q_ra""], [""q_scratch"", ""q_clearcoat"", ""q_scratch"", ""q_clearcoat"", ""q_scratch""]]","[[38.801, 38.563, 38.598, 38.56, 38.528], [38.575, 38.458, 38.412, 38.365, 38.394], [38.571, 38.48, 38.323, 38.23, 38.412], [38.622, 38.425, 38.334, 38.102, 38.303], [38.705, 38.515, 38.439, 38.429, 38.447]]"
finish_rule,58,0,2,fail_finish_not_eligible,6.335326194763184,5.384921073913574,5.236201763153076,6.610282897949219,-0.4999999701976776,7.999825291335583,0.6908990144729614,0,65.63765682826676,65.39453578499034,0.1373474614550558,0.14113744788316915,1.6718103014548031,1.5340621372354613,1.142272160869492,0.6991410739490971,38.10159536011369,37.03969346456452,1.0619018955491697,2.0396934645645217,35.9028278976566,0.00811765977281084,0.06579234592870944,0.20280003399061647,,,,False,True,65.39453578499034,54.29395276259898,25,25,0,69.51134398357375,67.35055193758926,17,8,0,0:0;0:1;0:2;0:3;0:4;1:0;1:1;1:2;1:3;1:4;2:0;2:1;2:2;2:3;2:4;3:0;3:1;3:2;3:3;3:4;4:0;4:1;4:2;4:3;4:4,0:0;0:1;0:2;0:3;0:4;1:0;1:1;1:2;1:3;1:4;2:0;2:1;2:2;2:3;2:4;3:0;3:1;3:2;3:3;3:4;4:0;4:1;4:2;4:3;4:4,,0:3;0:4;1:1;1:2;1:3;1:4;2:1;2:2;2:3;2:4;3:1;3:2;3:3;3:4;4:2;4:3;4:4,0:0;0:1;0:2;1:0;2:0;3:0;4:0;4:1,,"{""q_clearcoat"": 23, ""q_ra"": 1, ""q_scratch"": 1, ""q_thermal"": 0, ""q_uniformity"": 0}","[[62.299, 54.294, 62.584, 65.439, 66.424], [68.4, 62.87, 58.9, 68.2, 67.807], [67.757, 67.699, 65.639, 67.278, 68.52], [68.659, 67.513, 67.118, 63.877, 59.81], [67.827, 67.252, 66.45, 67.692, 64.554]]","[[71.531, 70.185, 70.292, 69.441, 68.703], [70.31, 69.705, 69.339, 69.028, 69.142], [70.293, 69.824, 68.834, 68.221, 69.237], [70.547, 69.659, 68.913, 67.351, 68.589], [70.866, 70.098, 69.295, 69.172, 69.208]]","[[""q_scratch"", ""q_ra"", ""q_clearcoat"", ""q_clearcoat"", ""q_clearcoat""], [""q_clearcoat"", ""q_clearcoat"", ""q_clearcoat"", ""q_clearcoat"", ""q_clearcoat""], [""q_clearcoat"", ""q_clearcoat"", ""q_clearcoat"", ""q_clearcoat"", ""q_clearcoat""], [""q_clearcoat"", ""q_clearcoat"", ""q_clearcoat"", ""q_clearcoat"", ""q_clearcoat""], [""q_clearcoat"", ""q_clearcoat"", ""q_clearcoat"", ""q_clearcoat"", ""q_clearcoat""]]","[[37.971, 37.641, 37.667, 37.611, 37.539], [37.671, 37.531, 37.449, 37.381, 37.406], [37.667, 37.558, 37.339, 37.211, 37.427], [37.727, 37.521, 37.356, 37.04, 37.303], [37.804, 37.621, 37.439, 37.414, 37.433]]"
finish_rule,59,0,1,continue,5.7779998779296875,5.777801513671875,5.659202575683594,6.930245399475098,0.0,5.945709068328142,0.0,0,51.27636776645775,65.67240153822934,0.2231031586766414,0.16239523344430506,2.1140803797956966,1.7231995050095672,1.7121186909086767,1.173855830678916,40.80850781618306,40.06186930125178,0.7466385149312771,5.061869301251782,35.9028278976566,0.00811765977281084,0.061822835168152325,0.13193351977528178,1.405772436150871,23.20766781987601,7.18377243615087,False,True,65.67240153822934,51.606514388414894,20,20,0,74.84910184905064,73.9296003143842,0,20,0,0:1;0:2;0:3;0:4;1:1;1:2;1:3;1:4;2:1;2:2;2:3;3:1;3:2;3:3;3:4;4:0;4:1;4:2;4:3;4:4,0:1;0:2;0:3;0:4;1:1;1:2;1:3;1:4;2:1;2:2;2:3;3:1;3:2;3:3;3:4;4:0;4:1;4:2;4:3;4:4,,,0:1;0:2;0:3;0:4;1:1;1:2;1:3;1:4;2:1;2:2;2:3;3:1;3:2;3:3;3:4;4:0;4:1;4:2;4:3;4:4,,"{""q_clearcoat"": 1, ""q_ra"": 2, ""q_scratch"": 17, ""q_thermal"": 0, ""q_uniformity"": 0}","[[73.593, 69.897, 62.868, 67.658, 69.802], [73.183, 64.956, 56.496, 66.281, 65.75], [73.386, 51.607, 65.582, 68.849, 70.709], [73.605, 66.816, 58.288, 56.322, 56.153], [60.028, 67.21, 66.396, 67.325, 69.052]]","[[75.634, 74.152, 74.565, 75.168, 75.912], [75.108, 73.93, 74.53, 74.802, 75.302], [74.935, 74.003, 74.408, 74.67, 75.123], [74.987, 74.221, 74.536, 74.741, 74.782], [75.337, 74.624, 74.847, 75.337, 75.571]]","[[""q_clearcoat"", ""q_clearcoat"", ""q_scratch"", ""q_scratch"", ""q_scratch""], [""q_clearcoat"", ""q_scratch"", ""q_scratch"", ""q_scratch"", ""q_scratch""], [""q_clearcoat"", ""q_scratch"", ""q_scratch"", ""q_scratch"", ""q_scratch""], [""q_clearcoat"", ""q_scratch"", ""q_ra"", ""q_scratch"", ""q_ra""], [""q_scratch"", ""q_scratch"", ""q_scratch"", ""q_scratch"", ""q_scratch""]]","[[40.076, 40.462, 42.158, 43.981, 45.427], [40.062, 40.437, 42.039, 43.444, 44.535], [40.322, 40.591, 41.783, 42.84, 43.656], [40.699, 40.817, 41.625, 42.278, 42.62], [41.095, 41.088, 41.625, 42.185, 42.462]]"
finish_rule,59,0,2,fail_quality_regression,7.183772563934326,6.106151103973389,5.937372207641602,7.332249641418457,-0.4999999701976776,7.999825291335583,0.6908990144729614,0,65.67240153822934,67.74641004468069,0.16239523344430506,0.1718566532736581,1.7231995050095672,1.5420209198027883,1.173855830678916,0.7389127204232424,40.06186930125178,39.205735420830884,0.8561338804208987,4.205735420830884,35.9028278976566,0.00811765977281084,0.03219414221884733,0.1441940728120472,,,,False,True,67.74641004468069,60.36612012520553,19,19,0,72.79149732468976,71.46113468076653,0,19,0,0:1;0:2;0:3;1:1;1:2;1:3;1:4;2:1;2:2;2:3;3:1;3:2;3:3;3:4;4:0;4:1;4:2;4:3;4:4,0:1;0:2;0:3;1:1;1:2;1:3;1:4;2:1;2:2;2:3;3:1;3:2;3:3;3:4;4:0;4:1;4:2;4:3;4:4,,,0:1;0:2;0:3;1:1;1:2;1:3;1:4;2:1;2:2;2:3;3:1;3:2;3:3;3:4;4:0;4:1;4:2;4:3;4:4,,"{""q_clearcoat"": 17, ""q_ra"": 0, ""q_scratch"": 2, ""q_thermal"": 0, ""q_uniformity"": 0}","[[70.099, 68.929, 67.072, 68.856, 70.27], [70.103, 65.708, 63.671, 67.978, 68.882], [70.476, 60.366, 66.534, 69.483, 71.196], [71.135, 67.662, 64.384, 64.265, 65.801], [66.845, 68.065, 68.136, 69.039, 68.705]]","[[73.472, 71.948, 72.742, 73.63, 74.557], [72.84, 71.461, 72.645, 73.111, 73.745], [72.444, 71.593, 72.313, 72.812, 73.449], [72.638, 71.848, 72.341, 72.706, 72.805], [73.038, 72.326, 72.629, 73.187, 73.507]]","[[""q_clearcoat"", ""q_clearcoat"", ""q_clearcoat"", ""q_clearcoat"", ""q_clearcoat""], [""q_clearcoat"", ""q_clearcoat"", ""q_scratch"", ""q_clearcoat"", ""q_clearcoat""], [""q_clearcoat"", ""q_scratch"", ""q_clearcoat"", ""q_clearcoat"", ""q_clearcoat""], [""q_clearcoat"", ""q_clearcoat"", ""q_clearcoat"", ""q_clearcoat"", ""q_clearcoat""], [""q_clearcoat"", ""q_clearcoat"", ""q_clearcoat"", ""q_clearcoat"", ""q_clearcoat""]]","[[39.263, 39.547, 41.162, 42.929, 44.36], [39.206, 39.42, 41.027, 42.354, 43.408], [39.337, 39.57, 40.703, 41.731, 42.557], [39.701, 39.774, 40.526, 41.158, 41.479], [40.056, 40.036, 40.522, 41.034, 41.316]]"
finish_rule,60,0,1,continue,5.7779998779296875,5.777801513671875,5.659209251403809,6.9290971755981445,0.0,5.945709068328142,0.0,0,50.63337586938346,60.97072617181392,0.27542154487785564,0.21112781091031865,2.2849985417361296,1.9675619922389544,1.8460136271610248,1.2278526648693262,40.39062862797367,39.25426016899138,1.1363684589822896,4.2542601689913795,35.902835049972516,0.008117511434355814,0.12898962611694398,0.2007998659354052,1.927137135018382,11.22640275923564,7.705137135018381,False,True,60.97072617181392,47.88447450224491,19,19,0,74.27906725787662,73.28678974067309,0,19,0,0:0;0:1;0:2;0:3;1:0;1:1;1:2;1:3;1:4;2:0;2:1;2:2;2:3;3:0;3:1;3:2;3:3;4:1;4:2,0:0;0:1;0:2;0:3;1:0;1:1;1:2;1:3;1:4;2:0;2:1;2:2;2:3;3:0;3:1;3:2;3:3;4:1;4:2,,,0:0;0:1;0:2;0:3;1:0;1:1;1:2;1:3;1:4;2:0;2:1;2:2;2:3;3:0;3:1;3:2;3:3;4:1;4:2,,"{""q_clearcoat"": 0, ""q_ra"": 8, ""q_scratch"": 11, ""q_thermal"": 0, ""q_uniformity"": 0}","[[60.653, 50.489, 48.915, 61.114, 73.207], [55.512, 61.98, 58.938, 49.412, 58.804], [48.965, 62.698, 57.118, 57.248, 72.841], [64.561, 47.884, 59.925, 67.34, 73.465], [72.395, 63.751, 51.456, 72.497, 73.1]]","[[75.936, 74.972, 74.565, 74.024, 75.031], [74.962, 74.249, 74.247, 73.749, 74.663], [73.927, 73.835, 74.002, 74.308, 74.635], [73.343, 73.473, 73.287, 73.904, 74.45], [74.41, 73.946, 73.91, 74.383, 74.766]]","[[""q_scratch"", ""q_ra"", ""q_ra"", ""q_scratch"", ""q_clearcoat""], [""q_ra"", ""q_scratch"", ""q_scratch"", ""q_ra"", ""q_scratch""], [""q_ra"", ""q_scratch"", ""q_scratch"", ""q_ra"", ""q_clearcoat""], [""q_scratch"", ""q_ra"", ""q_scratch"", ""q_scratch"", ""q_clearcoat""], [""q_clearcoat"", ""q_scratch"", ""q_ra"", ""q_clearcoat"", ""q_clearcoat""]]","[[45.168, 43.734, 42.357, 40.963, 40.726], [43.398, 42.46, 41.668, 40.602, 40.478], [41.276, 41.031, 40.756, 40.488, 40.349], [39.672, 39.753, 39.708, 39.957, 40.199], [39.254, 39.256, 39.494, 39.925, 40.26]]"
finish_rule,60,0,2,fail_finish_not_eligible,7.705137252807617,6.549339294433594,6.368219375610352,7.776612281799316,-0.4999999701976776,7.999825291335583,0.6908990144729614,0,60.97072617181392,64.46395214255398,0.21112781091031865,0.21461335331580408,1.9675619922389544,1.797307123706774,1.2278526648693262,0.7330586603908027,39.25426016899138,38.11193041099288,1.1423297579984961,3.1119304109928834,35.902835049972516,0.009815082633337913,0.07908639796351459,0.17937977488236442,,,,False,True,64.46395214255398,56.2192420036705,24,24,0,71.40904041157991,69.73937179210708,1,23,0,0:0;0:1;0:2;0:3;0:4;1:0;1:1;1:2;1:3;1:4;2:0;2:1;2:2;2:3;2:4;3:0;3:1;3:2;3:3;4:0;4:1;4:2;4:3;4:4,0:0;0:1;0:2;0:3;0:4;1:0;1:1;1:2;1:3;1:4;2:0;2:1;2:2;2:3;2:4;3:0;3:1;3:2;3:3;4:0;4:1;4:2;4:3;4:4,,3:2,0:0;0:1;0:2;0:3;0:4;1:0;1:1;1:2;1:3;1:4;2:0;2:1;2:2;2:3;2:4;3:0;3:1;3:3;4:0;4:1;4:2;4:3;4:4,,"{""q_clearcoat"": 20, ""q_ra"": 2, ""q_scratch"": 2, ""q_thermal"": 0, ""q_uniformity"": 0}","[[65.837, 58.953, 58.564, 64.846, 69.373], [63.757, 65.855, 65.476, 59.06, 64.037], [58.309, 64.518, 64.786, 64.748, 69.11], [65.496, 56.219, 63.424, 67.745, 70.029], [68.074, 64.005, 61.07, 69.001, 69.307]]","[[74.63, 73.264, 72.478, 71.26, 72.074], [73.277, 72.238, 71.857, 70.722, 71.483], [71.595, 71.363, 71.151, 71.178, 71.357], [70.066, 70.311, 69.739, 70.393, 71.161], [70.718, 70.26, 70.199, 70.813, 71.641]]","[[""q_scratch"", ""q_ra"", ""q_ra"", ""q_clearcoat"", ""q_clearcoat""], [""q_scratch"", ""q_clearcoat"", ""q_clearcoat"", ""q_clearcoat"", ""q_clearcoat""], [""q_clearcoat"", ""q_clearcoat"", ""q_clearcoat"", ""q_clearcoat"", ""q_clearcoat""], [""q_clearcoat"", ""q_clearcoat"", ""q_clearcoat"", ""q_clearcoat"", ""q_clearcoat""], [""q_clearcoat"", ""q_clearcoat"", ""q_clearcoat"", ""q_clearcoat"", ""q_clearcoat""]]","[[44.165, 42.6, 41.195, 39.728, 39.488], [42.321, 41.314, 40.465, 39.335, 39.204], [40.162, 39.899, 39.529, 39.221, 39.069], [38.528, 38.629, 38.469, 38.68, 38.951], [38.118, 38.112, 38.278, 38.648, 39.059]]"
finish_rule,61,0,1,continue,5.7779998779296875,5.777801513671875,5.659209251403809,6.9290971755981445,0.0,5.945709068328142,0.0,0,51.94830080891325,65.23187061681033,0.1953945613903408,0.1400975445961533,2.082882748056387,1.56836828960942,1.8185964001235386,1.184595531787833,40.0,38.44639736607638,1.5536026339236173,3.4463973660763827,35.902835049972516,0.008117511434355814,0.06811613404556677,0.2745264514716848,0.7443668944876781,5.26869945800311,6.522366894487678,False,True,65.23187061681033,50.82137321877346,17,17,0,74.21807194901344,72.01044215984172,0,17,0,0:0;0:1;1:0;1:1;1:3;1:4;2:0;2:1;2:2;2:3;2:4;3:1;3:2;3:4;4:2;4:3;4:4,0:0;0:1;1:0;1:1;1:3;1:4;2:0;2:1;2:2;2:3;2:4;3:1;3:2;3:4;4:2;4:3;4:4,,,0:0;0:1;1:0;1:1;1:3;1:4;2:0;2:1;2:2;2:3;2:4;3:1;3:2;3:4;4:2;4:3;4:4,,"{""q_clearcoat"": 4, ""q_ra"": 3, ""q_scratch"": 10, ""q_thermal"": 0, ""q_uniformity"": 0}","[[63.771, 58.025, 74.009, 70.347, 71.04], [59.585, 57.854, 70.02, 67.53, 69.404], [68.73, 56.061, 60.288, 69.576, 67.185], [73.713, 64.325, 60.815, 71.105, 67.261], [73.809, 72.236, 59.403, 50.821, 53.883]]","[[76.061, 75.823, 75.572, 75.164, 75.413], [75.802, 75.13, 74.887, 74.467, 74.147], [75.461, 74.706, 73.67, 73.358, 73.048], [75.166, 73.417, 72.347, 72.01, 72.309], [75.364, 73.68, 72.624, 72.648, 73.176]]","[[""q_scratch"", ""q_scratch"", ""q_clearcoat"", ""q_scratch"", ""q_scratch""], [""q_scratch"", ""q_scratch"", ""q_scratch"", ""q_scratch"", ""q_clearcoat""], [""q_scratch"", ""q_ra"", ""q_scratch"", ""q_clearcoat"", ""q_clearcoat""], [""q_clearcoat"", ""q_scratch"", ""q_scratch"", ""q_clearcoat"", ""q_clearcoat""], [""q_clearcoat"", ""q_clearcoat"", ""q_scratch"", ""q_ra"", ""q_ra""]]","[[43.349, 43.046, 43.054, 43.423, 44.218], [43.127, 42.393, 42.138, 42.232, 42.453], [42.848, 41.813, 40.75, 40.496, 40.474], [42.637, 40.858, 39.514, 38.901, 38.875], [42.764, 40.83, 39.226, 38.468, 38.446]]"
finish_rule,61,0,2,fail_quality_regression,6.522367000579834,5.544129848480225,5.390778541564941,6.77040958404541,-0.4999999701976776,7.999825291335583,0.6908990144729614,0,65.23187061681033,67.23572825043786,0.1400975445961533,0.1468116143994221,1.56836828960942,1.3960701930044812,1.184595531787833,0.6142894482096573,38.44639736607638,37.392529358316054,1.0538680077603289,2.392529358316054,35.902835049972516,0.008117511434355814,0.0394895964223163,0.1954945838777475,,,,False,True,67.23572825043786,59.47151623722212,19,19,0,72.01725113223497,68.58054533484311,6,13,0,0:0;0:1;1:0;1:1;1:3;1:4;2:0;2:1;2:2;2:3;2:4;3:1;3:2;3:3;3:4;4:1;4:2;4:3;4:4,0:0;0:1;1:0;1:1;1:3;1:4;2:0;2:1;2:2;2:3;2:4;3:1;3:2;3:3;3:4;4:1;4:2;4:3;4:4,,3:2;3:3;3:4;4:2;4:3;4:4,0:0;0:1;1:0;1:1;1:3;1:4;2:0;2:1;2:2;2:3;2:4;3:1;4:1,,"{""q_clearcoat"": 15, ""q_ra"": 0, ""q_scratch"": 4, ""q_thermal"": 0, ""q_uniformity"": 0}","[[65.34, 66.46, 72.122, 71.061, 70.431], [66.788, 65.617, 71.15, 68.4, 69.481], [69.637, 65.152, 63.747, 69.515, 67.732], [71.969, 65.561, 62.526, 67.533, 66.673], [71.928, 69.912, 62.895, 59.472, 59.792]]","[[74.693, 74.301, 74.055, 73.673, 74.032], [74.364, 73.486, 73.085, 72.694, 72.378], [73.939, 72.98, 71.387, 70.949, 70.59], [73.556, 71.222, 69.413, 68.638, 68.903], [73.82, 71.457, 69.26, 68.581, 68.975]]","[[""q_scratch"", ""q_scratch"", ""q_clearcoat"", ""q_clearcoat"", ""q_clearcoat""], [""q_scratch"", ""q_scratch"", ""q_clearcoat"", ""q_clearcoat"", ""q_clearcoat""], [""q_clearcoat"", ""q_clearcoat"", ""q_clearcoat"", ""q_clearcoat"", ""q_clearcoat""], [""q_clearcoat"", ""q_clearcoat"", ""q_clearcoat"", ""q_clearcoat"", ""q_clearcoat""], [""q_clearcoat"", ""q_clearcoat"", ""q_clearcoat"", ""q_clearcoat"", ""q_clearcoat""]]","[[42.49, 42.124, 42.13, 42.466, 43.248], [42.245, 41.47, 41.161, 41.249, 41.437], [41.943, 40.915, 39.744, 39.48, 39.437], [41.703, 39.866, 38.495, 37.896, 37.874], [41.855, 39.836, 38.153, 37.427, 37.393]]"
finish_rule,62,0,1,continue,5.7779998779296875,5.777801513671875,5.659214019775391,6.929046630859375,0.0,5.945709068328142,0.0,0,54.5902529782283,67.41415734982152,0.1915251536291365,0.13879889170098003,2.096614386429783,1.5667109242125172,1.6899204683103717,1.1554917244972736,40.50930539549875,39.44011325983893,1.0691921356598186,4.440113259838931,35.90273043007525,0.008117696753751439,0.03694060928826397,0.18892944001122156,0.5865778666268718,12.915473944632447,6.364577866626871,False,True,67.41415734982152,50.116001619913504,12,12,0,74.66592452805301,73.32781038163817,0,12,0,1:3;2:1;2:2;2:4;3:1;3:2;3:3;3:4;4:1;4:2;4:3;4:4,1:3;2:1;2:2;2:4;3:1;3:2;3:3;3:4;4:1;4:2;4:3;4:4,,,1:3;2:1;2:2;2:4;3:1;3:2;3:3;3:4;4:1;4:2;4:3;4:4,,"{""q_clearcoat"": 1, ""q_ra"": 4, ""q_scratch"": 7, ""q_thermal"": 0, ""q_uniformity"": 0}","[[74.009, 74.107, 73.7, 71.186, 70.454], [74.27, 73.828, 71.354, 69.939, 72.352], [72.875, 69.239, 69.708, 73.569, 68.658], [72.935, 52.657, 60.727, 60.29, 64.606], [73.629, 64.171, 50.116, 52.606, 54.371]]","[[76.01, 75.532, 75.466, 75.702, 75.989], [75.499, 74.953, 74.707, 75.082, 75.397], [74.436, 74.228, 73.999, 74.261, 74.571], [73.833, 73.328, 73.557, 74.1, 73.845], [74.731, 74.152, 74.346, 74.301, 74.623]]","[[""q_uniformity"", ""q_clearcoat"", ""q_clearcoat"", ""q_scratch"", ""q_scratch""], [""q_clearcoat"", ""q_clearcoat"", ""q_clearcoat"", ""q_scratch"", ""q_clearcoat""], [""q_clearcoat"", ""q_scratch"", ""q_clearcoat"", ""q_clearcoat"", ""q_scratch""], [""q_clearcoat"", ""q_scratch"", ""q_scratch"", ""q_ra"", ""q_scratch""], [""q_clearcoat"", ""q_scratch"", ""q_ra"", ""q_ra"", ""q_ra""]]","[[43.009, 43.18, 43.764, 44.412, 44.855], [42.227, 42.347, 42.779, 43.48, 43.923], [40.85, 41.118, 41.511, 42.074, 42.475], [39.711, 39.812, 40.335, 40.968, 41.088], [39.44, 39.512, 39.996, 40.345, 40.722]]"
finish_rule,62,0,2,fail_quality_regression,6.364577770233154,5.410001277923584,5.260373592376709,6.635126113891602,-0.4999999701976776,7.999825291335583,0.6908990144729614,0,67.41415734982152,68.6117297711774,0.13879889170098003,0.15186634493883616,1.5667109242125172,1.3340649943982266,1.1554917244972736,0.7894530862096651,39.44011325983893,38.56459594496393,0.8755173148749975,3.5645959449639335,35.90273043007525,0.008117696753751439,0.019832431840322937,0.166436337552867,,,,False,True,68.6117297711774,59.63847991535734,9,9,0,72.7642971985756,70.84284082480876,0,9,0,2:2;3:1;3:2;3:3;3:4;4:1;4:2;4:3;4:4,2:2;3:1;3:2;3:3;3:4;4:1;4:2;4:3;4:4,,,2:2;3:1;3:2;3:3;3:4;4:1;4:2;4:3;4:4,,"{""q_clearcoat"": 9, ""q_ra"": 0, ""q_scratch"": 0, ""q_thermal"": 0, ""q_uniformity"": 0}","[[71.503, 72.143, 73.133, 71.207, 70.131], [72.185, 72.035, 71.118, 70.746, 72.135], [70.42, 70.089, 69.54, 71.674, 70.197], [70.216, 59.638, 63.654, 65.682, 66.607], [70.669, 66.742, 59.667, 62.28, 61.882]]","[[74.749, 74.162, 74.082, 74.379, 74.731], [73.988, 73.365, 73.119, 73.625, 74.007], [72.421, 72.257, 72.118, 72.507, 72.882], [71.265, 70.843, 71.343, 72.174, 71.681], [72.074, 71.474, 71.836, 71.794, 72.23]]","[[""q_uniformity"", ""q_clearcoat"", ""q_clearcoat"", ""q_clearcoat"", ""q_clearcoat""], [""q_clearcoat"", ""q_clearcoat"", ""q_clearcoat"", ""q_clearcoat"", ""q_clearcoat""], [""q_clearcoat"", ""q_clearcoat"", ""q_clearcoat"", ""q_clearcoat"", ""q_clearcoat""], [""q_clearcoat"", ""q_clearcoat"", ""q_clearcoat"", ""q_clearcoat"", ""q_clearcoat""], [""q_clearcoat"", ""q_clearcoat"", ""q_clearcoat"", ""q_clearcoat"", ""q_clearcoat""]]","[[42.245, 42.328, 42.841, 43.467, 43.918], [41.4, 41.457, 41.832, 42.535, 42.979], [39.953, 40.196, 40.567, 41.119, 41.507], [38.795, 38.896, 39.427, 40.086, 40.079], [38.565, 38.606, 39.054, 39.338, 39.696]]"
finish_rule,63,0,1,continue,5.7779998779296875,5.777801513671875,5.659219264984131,6.927986145019531,0.0,5.945709068328142,0.0,0,51.97275170226625,65.54094254273866,0.16806753726186213,0.1435170168678719,2.2207585917018577,1.7675058030609643,1.9070695432687736,1.1939559194412015,40.0,38.353004022271875,1.6469959777281247,3.3530040222718753,35.90280469370666,0.008118250888556446,0.06370082081801912,0.2910288328849091,0.6566444312740352,4.649037722001027,6.434644431274035,False,True,65.54094254273866,53.188379344401795,18,18,0,73.66954757157089,72.36381029460325,0,18,0,0:0;0:1;0:2;0:3;0:4;1:2;1:3;1:4;2:0;2:1;2:2;2:3;2:4;3:0;3:3;3:4;4:0;4:1,0:0;0:1;0:2;0:3;0:4;1:2;1:3;1:4;2:0;2:1;2:2;2:3;2:4;3:0;3:3;3:4;4:0;4:1,,,0:0;0:1;0:2;0:3;0:4;1:2;1:3;1:4;2:0;2:1;2:2;2:3;2:4;3:0;3:3;3:4;4:0;4:1,,"{""q_clearcoat"": 2, ""q_ra"": 2, ""q_scratch"": 14, ""q_thermal"": 0, ""q_uniformity"": 0}","[[54.6, 65.967, 65.403, 68.954, 68.62], [72.8, 73.066, 66.792, 66.287, 58.101], [67.583, 67.488, 66.539, 67.244, 53.188], [53.588, 71.996, 71.996, 68.408, 57.857], [55.599, 61.216, 72.71, 71.45, 71.073]]","[[75.693, 75.241, 74.46, 74.424, 74.964], [74.922, 74.285, 73.908, 73.121, 73.722], [73.878, 73.644, 72.898, 72.613, 73.044], [73.058, 72.831, 72.732, 72.364, 72.423], [74.546, 73.532, 73.538, 72.92, 72.977]]","[[""q_ra"", ""q_scratch"", ""q_scratch"", ""q_scratch"", ""q_scratch""], [""q_clearcoat"", ""q_clearcoat"", ""q_scratch"", ""q_scratch"", ""q_scratch""], [""q_scratch"", ""q_scratch"", ""q_scratch"", ""q_clearcoat"", ""q_ra""], [""q_scratch"", ""q_clearcoat"", ""q_clearcoat"", ""q_clearcoat"", ""q_scratch""], [""q_scratch"", ""q_scratch"", ""q_clearcoat"", ""q_clearcoat"", ""q_clearcoat""]]","[[43.814, 43.006, 41.778, 41.037, 40.849], [42.542, 41.78, 40.974, 40.04, 39.936], [40.801, 40.443, 39.726, 39.218, 39.112], [39.343, 39.138, 38.878, 38.511, 38.387], [39.138, 38.751, 38.621, 38.353, 38.374]]"
finish_rule,63,0,2,fail_quality_regression,6.4346442222595215,5.469407081604004,5.318277835845947,6.693953514099121,-0.4999999701976776,7.999825291335583,0.6908990144729614,0,65.54094254273866,66.36698552126238,0.1435170168678719,0.14961173986241458,1.7675058030609643,1.5326241285718105,1.1939559194412015,0.7184818884596291,38.353004022271875,37.29371054114953,1.0592934811223458,2.2937105411495295,35.90280469370666,0.008118250888556446,0.05190020683910888,0.19917979350054962,,,,False,True,66.36698552126238,59.848468701675586,23,23,0,70.91920844208485,68.36552992150605,10,13,0,0:0;0:1;0:2;0:3;0:4;1:2;1:3;1:4;2:0;2:1;2:2;2:3;2:4;3:0;3:1;3:2;3:3;3:4;4:0;4:1;4:2;4:3;4:4,0:0;0:1;0:2;0:3;0:4;1:2;1:3;1:4;2:0;2:1;2:2;2:3;2:4;3:0;3:1;3:2;3:3;3:4;4:0;4:1;4:2;4:3;4:4,,2:3;2:4;3:1;3:2;3:3;3:4;4:1;4:2;4:3;4:4,0:0;0:1;0:2;0:3;0:4;1:2;1:3;1:4;2:0;2:1;2:2;3:0;4:0,,"{""q_clearcoat"": 22, ""q_ra"": 1, ""q_scratch"": 0, ""q_thermal"": 0, ""q_uniformity"": 0}","[[59.848, 68.032, 67.378, 69.172, 68.477], [70.541, 71.098, 67.757, 66.515, 62.663], [68.051, 68.408, 67.059, 66.639, 61.275], [61.533, 68.901, 68.683, 66.974, 60.825], [63.704, 63.426, 68.832, 67.013, 66.369]]","[[74.403, 73.783, 72.625, 72.278, 72.718], [73.392, 72.529, 71.847, 70.483, 70.928], [71.848, 71.497, 70.254, 69.559, 69.77], [70.255, 69.871, 69.508, 68.608, 68.366], [71.514, 69.955, 69.716, 68.581, 68.692]]","[[""q_ra"", ""q_clearcoat"", ""q_clearcoat"", ""q_clearcoat"", ""q_clearcoat""], [""q_clearcoat"", ""q_clearcoat"", ""q_clearcoat"", ""q_clearcoat"", ""q_clearcoat""], [""q_clearcoat"", ""q_clearcoat"", ""q_clearcoat"", ""q_clearcoat"", ""q_clearcoat""], [""q_clearcoat"", ""q_clearcoat"", ""q_clearcoat"", ""q_clearcoat"", ""q_clearcoat""], [""q_clearcoat"", ""q_clearcoat"", ""q_clearcoat"", ""q_clearcoat"", ""q_clearcoat""]]","[[42.951, 42.117, 40.826, 40.055, 39.866], [41.659, 40.864, 40.029, 39.022, 38.897], [39.896, 39.544, 38.766, 38.235, 38.101], [38.415, 38.205, 37.932, 37.523, 37.368], [38.214, 37.761, 37.608, 37.294, 37.321]]"
finish_rule,64,0,1,continue,5.7779998779296875,5.777801513671875,5.659214019775391,6.927783489227295,0.0,5.945709068328142,0.0,0,55.49832221069466,68.81398986259694,0.16523085449771183,0.13819216867998524,2.024032038672381,1.6539279223980692,1.6643903142131993,1.0584807966385719,42.27479102615485,41.09427084450071,1.1805201816541384,6.094270844500713,35.902760336535344,0.008117952204426458,0.016943001962900845,0.20860143785496776,0.24366565451980207,19.627241722788582,6.0216656545198015,False,True,68.81398986259694,53.1046397893728,13,13,0,75.45380960321506,73.87142243445335,0,13,0,0:3;1:0;1:1;1:2;1:4;2:1;3:1;3:2;3:3;3:4;4:2;4:3;4:4,0:3;1:0;1:1;1:2;1:4;2:1;3:1;3:2;3:3;3:4;4:2;4:3;4:4,,,0:3;1:0;1:1;1:2;1:4;2:1;3:1;3:2;3:3;3:4;4:2;4:3;4:4,,"{""q_clearcoat"": 0, ""q_ra"": 1, ""q_scratch"": 12, ""q_thermal"": 0, ""q_uniformity"": 0}","[[71.055, 74.73, 74.288, 69.452, 70.292], [66.882, 61.194, 66.371, 73.97, 69.112], [74.881, 57.318, 70.639, 73.372, 73.768], [74.81, 62.609, 68.462, 66.434, 53.105], [75.353, 72.672, 68.45, 68.037, 63.096]]","[[76.797, 76.412, 75.921, 75.71, 75.956], [76.522, 76.316, 75.772, 74.974, 75.224], [76.16, 75.952, 75.235, 74.118, 74.614], [76.071, 75.681, 74.733, 73.871, 74.603], [76.271, 75.714, 74.76, 74.059, 74.898]]","[[""q_scratch"", ""q_uniformity"", ""q_clearcoat"", ""q_scratch"", ""q_scratch""], [""q_scratch"", ""q_scratch"", ""q_scratch"", ""q_clearcoat"", ""q_scratch""], [""q_clearcoat"", ""q_scratch"", ""q_scratch"", ""q_clearcoat"", ""q_clearcoat""], [""q_clearcoat"", ""q_scratch"", ""q_scratch"", ""q_scratch"", ""q_ra""], [""q_clearcoat"", ""q_clearcoat"", ""q_scratch"", ""q_scratch"", ""q_scratch""]]","[[45.973, 45.832, 45.389, 44.803, 44.543], [45.873, 45.755, 45.061, 43.841, 43.455], [46.084, 45.695, 44.457, 42.691, 42.211], [46.886, 45.994, 44.075, 42.068, 41.439], [47.812, 46.493, 44.178, 41.925, 41.094]]"
finish_rule,64,0,2,success,6.021665573120117,5.118434906005859,4.976983070373535,6.343952178955078,-0.4999999701976776,7.999825291335583,0.6908990144729614,0,68.81398986259694,70.27911030001526,0.13819216867998524,0.1458780038615743,1.6539279223980692,1.4959982128040608,1.0584807966385719,0.6361214914787228,41.09427084450071,40.170831250374185,0.9234395941265277,5.170831250374185,35.902760336535344,0.008117952204426458,0.0,0.18554204044283018,,,,True,True,70.27911030001526,63.63404084267661,11,11,0,74.18321753780008,72.23239411478953,0,11,0,1:1;1:2;1:4;2:1;3:1;3:2;3:3;3:4;4:2;4:3;4:4,1:1;1:2;1:4;2:1;3:1;3:2;3:3;3:4;4:2;4:3;4:4,,,1:1;1:2;1:4;2:1;3:1;3:2;3:3;3:4;4:2;4:3;4:4,,"{""q_clearcoat"": 7, ""q_ra"": 0, ""q_scratch"": 3, ""q_thermal"": 0, ""q_uniformity"": 1}","[[72.558, 73.129, 72.803, 70.952, 71.701], [70.045, 66.775, 69.205, 72.466, 69.645], [73.54, 65.828, 71.705, 71.679, 72.085], [73.695, 66.573, 69.664, 67.517, 63.634], [74.176, 73.559, 69.369, 68.729, 65.948]]","[[75.852, 75.377, 74.778, 74.52, 74.745], [75.532, 75.237, 74.65, 73.65, 73.793], [75.15, 74.853, 74.015, 72.554, 72.899], [75.147, 74.663, 73.41, 72.232, 72.663], [75.395, 74.749, 73.49, 72.336, 72.89]]","[[""q_uniformity"", ""q_clearcoat"", ""q_clearcoat"", ""q_clearcoat"", ""q_clearcoat""], [""q_uniformity"", ""q_scratch"", ""q_clearcoat"", ""q_clearcoat"", ""q_clearcoat""], [""q_clearcoat"", ""q_scratch"", ""q_clearcoat"", ""q_clearcoat"", ""q_clearcoat""], [""q_clearcoat"", ""q_scratch"", ""q_clearcoat"", ""q_clearcoat"", ""q_uniformity""], [""q_clearcoat"", ""q_clearcoat"", ""q_clearcoat"", ""q_clearcoat"", ""q_clearcoat""]]","[[45.194, 44.986, 44.487, 43.914, 43.667], [45.062, 44.879, 44.201, 42.941, 42.532], [45.234, 44.802, 43.571, 41.757, 41.265], [46.049, 45.137, 43.147, 41.166, 40.489], [46.958, 45.643, 43.277, 41.002, 40.171]]"
finish_rule,65,0,1,continue,5.7779998779296875,5.777801513671875,5.659216403961182,6.928872585296631,0.0,5.945709068328142,0.0,0,56.75104750048908,65.29947869719916,0.20179336573418166,0.14721072644880992,2.026504916022895,1.685603407415484,1.5264815320661143,1.0884133431899037,40.0,38.37389883676248,1.6261011632375215,3.3738988367624785,35.90277083041684,0.008117951512658525,0.06715030432572625,0.2873368055159241,0.7010967934144948,4.781492695638455,6.479096793414494,False,True,65.29947869719916,47.71466980716146,13,13,0,74.19446434858175,71.60584200495283,0,13,0,0:0;0:1;0:2;1:0;1:1;1:2;1:3;2:0;2:1;3:1;3:2;4:0;4:1,0:0;0:1;0:2;1:0;1:1;1:2;1:3;2:0;2:1;3:1;3:2;4:0;4:1,,,0:0;0:1;0:2;1:0;1:1;1:2;1:3;2:0;2:1;3:1;3:2;4:0;4:1,,"{""q_clearcoat"": 0, ""q_ra"": 4, ""q_scratch"": 9, ""q_thermal"": 0, ""q_uniformity"": 0}","[[48.173, 68.811, 68.262, 70.293, 73.468], [47.715, 54.057, 55.415, 67.917, 72.75], [47.915, 60.825, 72.536, 71.667, 71.087], [74.094, 63.909, 67.356, 70.74, 71.067], [57.031, 60.684, 71.494, 72.32, 72.904]]","[[76.111, 75.466, 75.125, 74.691, 75.049], [75.849, 75.139, 74.482, 73.81, 73.979], [75.621, 74.783, 73.445, 72.338, 72.189], [75.555, 74.413, 72.858, 71.606, 72.711], [75.474, 74.506, 72.622, 73.133, 73.906]]","[[""q_ra"", ""q_scratch"", ""q_scratch"", ""q_scratch"", ""q_clearcoat""], [""q_ra"", ""q_ra"", ""q_scratch"", ""q_scratch"", ""q_clearcoat""], [""q_ra"", ""q_scratch"", ""q_clearcoat"", ""q_clearcoat"", ""q_clearcoat""], [""q_clearcoat"", ""q_scratch"", ""q_scratch"", ""q_clearcoat"", ""q_clearcoat""], [""q_scratch"", ""q_scratch"", ""q_clearcoat"", ""q_clearcoat"", ""q_clearcoat""]]","[[43.101, 42.358, 41.683, 41.056, 41.01], [43.111, 42.259, 41.294, 40.435, 40.198], [43.169, 42.103, 40.584, 39.368, 38.867], [43.236, 41.829, 39.988, 38.522, 38.374], [43.203, 41.785, 39.622, 38.604, 38.643]]"
finish_rule,65,0,2,fail_quality_regression,6.47909688949585,5.507194995880127,5.355020523071289,6.733473777770996,-0.4999999701976776,7.999825291335583,0.6908990144729614,0,65.29947869719916,66.64066584053215,0.14721072644880992,0.15241612882912553,1.685603407415484,1.491424598199219,1.0884133431899037,0.7177883228473967,38.37389883676248,37.36035264447634,1.0135461922861353,2.360352644476343,35.90277083041684,0.008117951512658525,0.04799048799239784,0.18927027224628293,,,,False,True,66.64066584053215,54.366281545801655,21,21,0,71.82978516618483,67.89718690531028,6,15,0,0:0;0:2;1:0;1:1;1:2;1:3;1:4;2:0;2:1;2:2;2:3;2:4;3:1;3:2;3:3;3:4;4:0;4:1;4:2;4:3;4:4,0:0;0:2;1:0;1:1;1:2;1:3;1:4;2:0;2:1;2:2;2:3;2:4;3:1;3:2;3:3;3:4;4:0;4:1;4:2;4:3;4:4,,2:3;2:4;3:3;3:4;4:2;4:3,0:0;0:2;1:0;1:1;1:2;1:3;1:4;2:0;2:1;2:2;3:1;3:2;4:0;4:1;4:4,,"{""q_clearcoat"": 16, ""q_ra"": 3, ""q_scratch"": 1, ""q_thermal"": 0, ""q_uniformity"": 1}","[[54.366, 70.035, 69.921, 71.15, 70.683], [55.452, 62.312, 63.841, 69.417, 69.958], [58.142, 66.239, 69.87, 68.584, 67.479], [72.297, 66.057, 67.698, 66.973, 66.881], [66.686, 66.107, 68.481, 68.497, 68.888]]","[[74.77, 73.81, 73.182, 72.517, 72.871], [74.456, 73.411, 72.422, 71.387, 71.381], [74.136, 72.933, 71.082, 69.351, 68.661], [74.058, 72.6, 70.302, 67.897, 68.635], [73.903, 72.628, 69.719, 69.399, 70.235]]","[[""q_ra"", ""q_clearcoat"", ""q_clearcoat"", ""q_clearcoat"", ""q_clearcoat""], [""q_ra"", ""q_scratch"", ""q_clearcoat"", ""q_clearcoat"", ""q_clearcoat""], [""q_ra"", ""q_clearcoat"", ""q_clearcoat"", ""q_clearcoat"", ""q_clearcoat""], [""q_clearcoat"", ""q_clearcoat"", ""q_clearcoat"", ""q_clearcoat"", ""q_clearcoat""], [""q_uniformity"", ""q_clearcoat"", ""q_clearcoat"", ""q_clearcoat"", ""q_clearcoat""]]","[[42.284, 41.438, 40.705, 40.064, 40.03], [42.258, 41.309, 40.31, 39.433, 39.18], [42.252, 41.105, 39.572, 38.365, 37.834], [42.302, 40.881, 39.005, 37.528, 37.36], [42.229, 40.812, 38.593, 37.609, 37.667]]"
finish_rule,66,0,1,continue,5.7779998779296875,5.777801513671875,5.659219264984131,6.927986145019531,0.0,5.945709068328142,0.0,0,51.05045590365993,63.888258288301515,0.2686534565194634,0.1891048696296471,2.0158393397652574,1.6803437838952906,1.6141377871042677,0.9351764994110383,40.93495351131395,39.921367005896045,1.013586505417905,4.921367005896045,35.90280469370666,0.008118250888556446,0.08731059588140694,0.17910359326230263,1.4624597020821006,16.31104632064871,7.2404597020821,False,True,63.888258288301515,52.08658901648053,20,20,0,74.97277114260076,73.67659757426401,0,20,0,0:2;0:3;0:4;1:1;1:2;1:3;1:4;2:0;2:1;2:3;2:4;3:0;3:1;3:2;3:3;3:4;4:1;4:2;4:3;4:4,0:2;0:3;0:4;1:1;1:2;1:3;1:4;2:0;2:1;2:3;2:4;3:0;3:1;3:2;3:3;3:4;4:1;4:2;4:3;4:4,,,0:2;0:3;0:4;1:1;1:2;1:3;1:4;2:0;2:1;2:3;2:4;3:0;3:1;3:2;3:3;3:4;4:1;4:2;4:3;4:4,,"{""q_clearcoat"": 0, ""q_ra"": 6, ""q_scratch"": 14, ""q_thermal"": 0, ""q_uniformity"": 0}","[[73.836, 74.134, 52.087, 56.245, 62.26], [73.606, 59.123, 59.715, 60.453, 65.785], [63.518, 61.217, 73.557, 68.208, 60.187], [62.547, 56.427, 59.391, 66.348, 57.458], [73.216, 68.247, 66.102, 64.334, 59.207]]","[[75.92, 75.528, 75.637, 75.387, 75.737], [75.576, 75.047, 75.091, 75.221, 75.281], [74.674, 74.06, 74.503, 74.947, 75.715], [74.305, 73.677, 74.219, 74.622, 75.515], [74.973, 73.954, 74.317, 74.643, 75.772]]","[[""q_uniformity"", ""q_clearcoat"", ""q_ra"", ""q_ra"", ""q_scratch""], [""q_clearcoat"", ""q_ra"", ""q_ra"", ""q_scratch"", ""q_scratch""], [""q_scratch"", ""q_scratch"", ""q_clearcoat"", ""q_scratch"", ""q_scratch""], [""q_scratch"", ""q_scratch"", ""q_scratch"", ""q_scratch"", ""q_ra""], [""q_clearcoat"", ""q_scratch"", ""q_scratch"", ""q_scratch"", ""q_ra""]]","[[42.473, 42.459, 42.98, 43.403, 44.077], [41.97, 42.002, 42.655, 43.509, 44.104], [40.936, 41.111, 42.225, 43.559, 44.885], [40.116, 40.474, 41.875, 43.452, 45.117], [39.921, 40.266, 41.763, 43.479, 45.447]]"
finish_rule,66,0,2,fail_finish_not_eligible,7.24045991897583,6.1543073654174805,5.984211444854736,7.378730773925781,-0.4999999701976776,7.999825291335583,0.6908990144729614,0,63.888258288301515,67.48901472816186,0.1891048696296471,0.19347835591436258,1.6803437838952906,1.5560983628582523,0.9351764994110383,0.5006126420285373,39.921367005896045,38.87523023403281,1.0461367718632317,3.875230234032813,35.90280469370666,0.008118250888556446,0.03587121816911625,0.17481614436647402,,,,False,True,67.48901472816186,62.793951206061,21,21,0,73.00289508952034,71.20489540602098,0,21,0,0:2;0:3;0:4;1:1;1:2;1:3;1:4;2:0;2:1;2:3;2:4;3:0;3:1;3:2;3:3;3:4;4:0;4:1;4:2;4:3;4:4,0:2;0:3;0:4;1:1;1:2;1:3;1:4;2:0;2:1;2:3;2:4;3:0;3:1;3:2;3:3;3:4;4:0;4:1;4:2;4:3;4:4,,,0:2;0:3;0:4;1:1;1:2;1:3;1:4;2:0;2:1;2:3;2:4;3:0;3:1;3:2;3:3;3:4;4:0;4:1;4:2;4:3;4:4,,"{""q_clearcoat"": 14, ""q_ra"": 0, ""q_scratch"": 0, ""q_thermal"": 0, ""q_uniformity"": 7}","[[70.685, 71.631, 62.794, 66.041, 67.523], [70.797, 66.53, 65.853, 66.812, 68.463], [66.891, 64.967, 71.244, 68.76, 67.027], [65.616, 63.113, 65.605, 67.994, 67.198], [69.839, 68.095, 68.022, 68.536, 67.186]]","[[74.162, 73.727, 73.946, 73.559, 73.949], [73.702, 73.139, 73.271, 73.478, 73.519], [72.341, 71.783, 72.566, 73.127, 74.195], [71.582, 71.205, 72.134, 72.789, 74.017], [72.074, 71.295, 72.264, 72.845, 74.402]]","[[""q_clearcoat"", ""q_clearcoat"", ""q_uniformity"", ""q_uniformity"", ""q_clearcoat""], [""q_clearcoat"", ""q_clearcoat"", ""q_uniformity"", ""q_uniformity"", ""q_clearcoat""], [""q_clearcoat"", ""q_clearcoat"", ""q_clearcoat"", ""q_clearcoat"", ""q_uniformity""], [""q_clearcoat"", ""q_clearcoat"", ""q_clearcoat"", ""q_clearcoat"", ""q_uniformity""], [""q_clearcoat"", ""q_clearcoat"", ""q_clearcoat"", ""q_clearcoat"", ""q_uniformity""]]","[[41.493, 41.451, 41.966, 42.249, 42.863], [40.993, 40.994, 41.601, 42.388, 42.893], [39.897, 40.053, 41.159, 42.378, 43.752], [39.076, 39.444, 40.782, 42.271, 43.969], [38.875, 39.212, 40.705, 42.316, 44.365]]"
finish_rule,67,0,1,continue,5.7779998779296875,5.777801513671875,5.659213542938232,6.927933692932129,0.0,5.945709068328142,0.0,0,61.5643417243086,67.10047227962865,0.16950144383032512,0.13982893636516336,2.072557458187178,1.6223466286291948,1.6561923462738055,1.0590304240751107,40.0,38.469746078545185,1.5302539214548148,3.4697460785451852,35.90275099151296,0.008118134860641411,0.04142182457673361,0.2704004557955442,0.45956088855175864,5.435442311741119,6.237560888551759,False,True,67.10047227962865,51.377239387474354,13,13,0,73.52284970207444,71.8835581782728,0,13,0,0:2;0:3;1:2;1:3;2:2;2:3;2:4;3:2;3:3;3:4;4:2;4:3;4:4,0:2;0:3;1:2;1:3;2:2;2:3;2:4;3:2;3:3;3:4;4:2;4:3;4:4,,,0:2;0:3;1:2;1:3;2:2;2:3;2:4;3:2;3:3;3:4;4:2;4:3;4:4,,"{""q_clearcoat"": 4, ""q_ra"": 3, ""q_scratch"": 6, ""q_thermal"": 0, ""q_uniformity"": 0}","[[73.009, 71.744, 58.429, 69.256, 73.12], [72.75, 72.809, 51.377, 68.62, 73.32], [71.874, 72.43, 62.551, 55.599, 64.455], [72.706, 72.228, 69.24, 60.709, 58.624], [73.076, 71.889, 68.592, 65.408, 53.697]]","[[74.837, 73.604, 71.884, 73.708, 74.78], [74.193, 73.648, 72.067, 73.213, 74.292], [73.727, 73.452, 72.533, 72.804, 73.722], [73.998, 73.288, 72.667, 73.183, 74.08], [74.104, 73.176, 73.084, 73.636, 74.391]]","[[""q_clearcoat"", ""q_clearcoat"", ""q_scratch"", ""q_clearcoat"", ""q_clearcoat""], [""q_clearcoat"", ""q_clearcoat"", ""q_ra"", ""q_clearcoat"", ""q_clearcoat""], [""q_clearcoat"", ""q_clearcoat"", ""q_scratch"", ""q_ra"", ""q_scratch""], [""q_clearcoat"", ""q_clearcoat"", ""q_clearcoat"", ""q_scratch"", ""q_scratch""], [""q_clearcoat"", ""q_clearcoat"", ""q_clearcoat"", ""q_scratch"", ""q_ra""]]","[[38.909, 38.559, 38.87, 40.879, 42.39], [38.711, 38.555, 38.743, 40.288, 41.619], [38.572, 38.493, 38.704, 39.686, 40.711], [38.652, 38.47, 38.719, 39.571, 40.478], [38.697, 38.557, 38.92, 39.662, 40.425]]"
finish_rule,67,0,2,fail_quality_regression,6.237560749053955,5.301938533782959,5.155405044555664,6.526244163513184,-0.4999999701976776,7.999825291335583,0.6908990144729614,0,67.10047227962865,66.95776689218074,0.13982893636516336,0.14977086285090094,1.6223466286291948,1.4504543032290553,1.0590304240751107,0.6775662060713037,38.469746078545185,37.565685828486416,0.9040602500587696,2.5656858284864157,35.90275099151296,0.008118134860641411,0.04346047296884653,0.17536163351771888,,,,False,True,66.95776689218074,58.766219152284506,23,23,0,70.66890647296124,68.81840129092163,7,16,0,0:0;0:1;0:2;0:3;1:0;1:1;1:2;1:3;2:0;2:1;2:2;2:3;2:4;3:0;3:1;3:2;3:3;3:4;4:0;4:1;4:2;4:3;4:4,0:0;0:1;0:2;0:3;1:0;1:1;1:2;1:3;2:0;2:1;2:2;2:3;2:4;3:0;3:1;3:2;3:3;3:4;4:0;4:1;4:2;4:3;4:4,,0:2;1:2;2:1;2:2;3:1;3:2;4:1,0:0;0:1;0:3;1:0;1:1;1:3;2:0;2:3;2:4;3:0;3:3;3:4;4:0;4:2;4:3;4:4,,"{""q_clearcoat"": 23, ""q_ra"": 0, ""q_scratch"": 0, ""q_thermal"": 0, ""q_uniformity"": 0}","[[69.234, 67.775, 62.246, 69.278, 70.811], [69.071, 69.192, 58.766, 68.647, 71.308], [68.186, 68.911, 63.138, 62.859, 65.872], [69.26, 68.7, 68.498, 63.739, 64.487], [69.795, 68.54, 67.161, 66.225, 62.244]]","[[72.084, 70.141, 68.818, 71.717, 73.096], [71.077, 70.171, 68.96, 70.843, 72.452], [70.331, 69.975, 69.366, 70.219, 71.482], [70.644, 69.778, 69.522, 70.562, 71.855], [70.791, 69.78, 70.08, 70.941, 72.036]]","[[""q_clearcoat"", ""q_clearcoat"", ""q_clearcoat"", ""q_clearcoat"", ""q_clearcoat""], [""q_clearcoat"", ""q_clearcoat"", ""q_clearcoat"", ""q_clearcoat"", ""q_clearcoat""], [""q_clearcoat"", ""q_clearcoat"", ""q_clearcoat"", ""q_clearcoat"", ""q_clearcoat""], [""q_clearcoat"", ""q_clearcoat"", ""q_clearcoat"", ""q_clearcoat"", ""q_clearcoat""], [""q_clearcoat"", ""q_clearcoat"", ""q_clearcoat"", ""q_clearcoat"", ""q_clearcoat""]]","[[38.114, 37.648, 37.953, 39.975, 41.44], [37.856, 37.642, 37.848, 39.322, 40.685], [37.676, 37.593, 37.811, 38.752, 39.731], [37.75, 37.566, 37.83, 38.655, 39.55], [37.796, 37.655, 38.028, 38.712, 39.462]]"
finish_rule,69,0,1,continue,5.7779998779296875,5.777801513671875,5.659209251403809,6.9290971755981445,0.0,5.945709068328142,0.0,0,54.93207787953916,67.34995614190971,0.2021671952468604,0.17460580722259086,1.96606341912389,1.6648313531911512,1.642038228178914,0.9555195139178085,47.466876105073716,46.09972154907252,1.3671545560011964,11.09972154907252,35.902835049972516,0.008117511434355814,0.037857769401289786,0.24158049212653934,0.470126156313896,37.66745182515029,6.248126156313895,False,True,67.34995614190971,52.021223776394635,16,16,0,76.3225121613454,75.54380199968438,0,16,0,0:1;0:2;0:3;0:4;1:0;1:1;1:3;2:1;2:2;2:3;3:0;3:2;3:3;3:4;4:0;4:1,0:1;0:2;0:3;0:4;1:0;1:1;1:3;2:1;2:2;2:3;3:0;3:2;3:3;3:4;4:0;4:1,,,0:1;0:2;0:3;0:4;1:0;1:1;1:3;2:1;2:2;2:3;3:0;3:2;3:3;3:4;4:0;4:1,,"{""q_clearcoat"": 0, ""q_ra"": 3, ""q_scratch"": 13, ""q_thermal"": 0, ""q_uniformity"": 0}","[[74.449, 64.46, 52.021, 53.841, 67.26], [67.473, 63.165, 71.819, 56.837, 75.341], [75.33, 63.133, 66.282, 59.422, 75.148], [63.028, 75.277, 68.301, 68.155, 65.187], [67.798, 65.97, 74.531, 75.193, 74.327]]","[[76.906, 76.736, 76.628, 76.458, 76.586], [76.836, 76.64, 76.509, 76.453, 76.525], [76.489, 76.14, 76.02, 76.038, 76.135], [76.45, 76.033, 75.794, 75.712, 75.544], [76.674, 76.132, 76.128, 76.267, 76.231]]","[[""q_uniformity"", ""q_scratch"", ""q_ra"", ""q_ra"", ""q_scratch""], [""q_scratch"", ""q_scratch"", ""q_scratch"", ""q_ra"", ""q_clearcoat""], [""q_clearcoat"", ""q_scratch"", ""q_scratch"", ""q_scratch"", ""q_clearcoat""], [""q_scratch"", ""q_clearcoat"", ""q_scratch"", ""q_scratch"", ""q_scratch""], [""q_scratch"", ""q_scratch"", ""q_clearcoat"", ""q_clearcoat"", ""q_uniformity""]]","[[48.757, 48.62, 48.506, 48.329, 48.462], [48.67, 48.518, 48.382, 48.324, 48.399], [48.151, 47.772, 47.682, 47.788, 47.949], [47.84, 47.098, 46.553, 46.411, 46.404], [47.854, 46.825, 46.256, 46.108, 46.1]]"
finish_rule,69,0,2,success,6.248126029968262,5.31071662902832,5.164135456085205,6.535734176635742,-0.4999999701976776,7.999825291335583,0.6908990144729614,0,67.34995614190971,70.04064627113625,0.17460580722259086,0.17906894560457898,1.6648313531911512,1.5275708514617712,0.9555195139178085,0.5729432539835209,46.09972154907252,45.13075422776453,0.9689673213079928,10.130754227764527,35.902835049972516,0.008117511434355814,0.0,0.1876339862786135,,,,True,True,70.04064627113625,61.83508011827107,14,14,0,75.33436983647353,74.41166366174957,0,14,0,0:1;0:2;0:3;0:4;1:0;1:1;1:3;2:1;2:2;2:3;3:0;3:3;3:4;4:1,0:1;0:2;0:3;0:4;1:0;1:1;1:3;2:1;2:2;2:3;3:0;3:3;3:4;4:1,,,0:1;0:2;0:3;0:4;1:0;1:1;1:3;2:1;2:2;2:3;3:0;3:3;3:4;4:1,,"{""q_clearcoat"": 1, ""q_ra"": 1, ""q_scratch"": 6, ""q_thermal"": 0, ""q_uniformity"": 6}","[[72.284, 68.575, 61.835, 64.134, 69.72], [69.894, 67.307, 73.823, 66.8, 74.122], [74.054, 67.732, 68.566, 66.139, 74.057], [69.15, 74.144, 70.252, 69.691, 69.044], [70.683, 69.952, 72.584, 73.917, 72.555]]","[[76.106, 75.863, 75.703, 75.459, 75.631], [75.99, 75.744, 75.552, 75.458, 75.539], [75.591, 75.188, 75.019, 75.078, 75.144], [75.515, 75.061, 74.715, 74.584, 74.412], [75.772, 75.072, 74.975, 75.113, 75.074]]","[[""q_uniformity"", ""q_scratch"", ""q_ra"", ""q_uniformity"", ""q_uniformity""], [""q_scratch"", ""q_scratch"", ""q_clearcoat"", ""q_uniformity"", ""q_clearcoat""], [""q_clearcoat"", ""q_scratch"", ""q_scratch"", ""q_scratch"", ""q_clearcoat""], [""q_uniformity"", ""q_clearcoat"", ""q_clearcoat"", ""q_uniformity"", ""q_uniformity""], [""q_uniformity"", ""q_clearcoat"", ""q_clearcoat"", ""q_clearcoat"", ""q_clearcoat""]]","[[47.929, 47.723, 47.564, 47.324, 47.492], [47.8, 47.604, 47.415, 47.323, 47.402], [47.257, 46.847, 46.716, 46.853, 46.973], [46.932, 46.203, 45.602, 45.429, 45.416], [46.979, 45.875, 45.275, 45.141, 45.131]]"
finish_rule,70,0,1,continue,5.7779998779296875,5.777801513671875,5.659205913543701,6.92940616607666,0.0,5.945709068328142,0.0,0,59.18597918715681,67.18305901074365,0.16876015220246918,0.1478314947280202,1.9606411846711937,1.553084877313889,1.4801437805437057,0.9420154491813768,40.88298663093693,39.86417859871929,1.0188080322176347,4.864178598719292,35.902835055386895,0.008117074959711553,0.040242014132233606,0.18002667649526716,0.6706008506460134,15.909745458165974,6.448600850646013,False,True,67.18305901074365,52.43805441176649,13,13,0,75.05685604540136,73.2697413988227,0,13,0,0:1;1:0;1:1;1:2;2:1;2:2;2:3;3:2;3:3;3:4;4:1;4:2;4:4,0:1;1:0;1:1;1:2;2:1;2:2;2:3;3:2;3:3;3:4;4:1;4:2;4:4,,,0:1;1:0;1:1;1:2;2:1;2:2;2:3;3:2;3:3;3:4;4:1;4:2;4:4,,"{""q_clearcoat"": 0, ""q_ra"": 1, ""q_scratch"": 12, ""q_thermal"": 0, ""q_uniformity"": 0}","[[74.223, 64.35, 72.902, 72.555, 72.681], [64.97, 52.438, 55.115, 72.57, 72.229], [74.179, 62.326, 59.361, 58.321, 73.033], [75.115, 75.061, 57.709, 63.975, 60.673], [71.954, 69.728, 67.643, 74.171, 62.293]]","[[76.213, 75.45, 74.554, 73.906, 74.76], [75.722, 74.997, 74.067, 73.27, 73.573], [75.702, 75.222, 74.536, 74.099, 74.111], [76.048, 75.684, 75.373, 75.03, 74.805], [76.17, 76.048, 75.749, 75.544, 75.786]]","[[""q_uniformity"", ""q_scratch"", ""q_clearcoat"", ""q_clearcoat"", ""q_clearcoat""], [""q_scratch"", ""q_ra"", ""q_scratch"", ""q_clearcoat"", ""q_clearcoat""], [""q_clearcoat"", ""q_scratch"", ""q_scratch"", ""q_scratch"", ""q_clearcoat""], [""q_clearcoat"", ""q_clearcoat"", ""q_scratch"", ""q_scratch"", ""q_scratch""], [""q_scratch"", ""q_scratch"", ""q_scratch"", ""q_clearcoat"", ""q_scratch""]]","[[43.007, 42.208, 41.088, 40.051, 39.864], [43.163, 42.457, 41.469, 40.554, 40.334], [43.754, 43.304, 42.662, 42.193, 42.067], [44.448, 44.201, 44.077, 44.007, 44.033], [44.738, 44.767, 44.851, 45.135, 45.711]]"
finish_rule,70,0,2,fail_quality_regression,6.448600769042969,5.481240749359131,5.329822063446045,6.706242084503174,-0.4999999701976776,7.999825291335583,0.6908990144729614,0,67.18305901074365,68.68602912663677,0.1478314947280202,0.15974828527124948,1.553084877313889,1.4272568043029046,0.9420154491813768,0.5893107864658509,39.86417859871929,38.95033216877873,0.9138464299405626,3.950332168778729,35.902835055386895,0.008117074959711553,0.018771012476617596,0.17145908795118517,,,,False,True,68.68602912663677,61.977824304169076,14,14,0,73.41517016704188,70.96600892855702,0,14,0,0:1;0:3;0:4;1:0;1:1;1:2;1:4;2:1;2:2;2:3;3:2;3:3;3:4;4:4,0:1;0:3;0:4;1:0;1:1;1:2;1:4;2:1;2:2;2:3;3:2;3:3;3:4;4:4,,,0:1;0:3;0:4;1:0;1:1;1:2;1:4;2:1;2:2;2:3;3:2;3:3;3:4;4:4,,"{""q_clearcoat"": 9, ""q_ra"": 0, ""q_scratch"": 3, ""q_thermal"": 0, ""q_uniformity"": 2}","[[71.677, 66.711, 70.46, 69.786, 69.499], [65.091, 61.978, 62.948, 70.137, 69.621], [72.414, 66.733, 65.937, 64.028, 71.046], [73.767, 73.632, 65.617, 66.584, 66.28], [71.619, 71.419, 70.001, 72.713, 67.453]]","[[74.904, 73.775, 72.535, 71.36, 72.238], [74.393, 73.423, 72.142, 70.966, 71.182], [74.365, 73.771, 72.854, 72.293, 72.226], [74.783, 74.345, 73.939, 73.562, 73.325], [74.879, 74.789, 74.478, 74.25, 74.602]]","[[""q_uniformity"", ""q_scratch"", ""q_clearcoat"", ""q_clearcoat"", ""q_clearcoat""], [""q_scratch"", ""q_scratch"", ""q_clearcoat"", ""q_clearcoat"", ""q_clearcoat""], [""q_clearcoat"", ""q_clearcoat"", ""q_clearcoat"", ""q_clearcoat"", ""q_clearcoat""], [""q_clearcoat"", ""q_clearcoat"", ""q_uniformity"", ""q_clearcoat"", ""q_clearcoat""], [""q_clearcoat"", ""q_clearcoat"", ""q_clearcoat"", ""q_clearcoat"", ""q_uniformity""]]","[[42.219, 41.298, 40.155, 39.078, 38.95], [42.34, 41.562, 40.511, 39.567, 39.358], [42.866, 42.385, 41.673, 41.191, 41.043], [43.545, 43.266, 43.087, 42.996, 43.006], [43.792, 43.838, 43.901, 44.136, 44.746]]"
finish_rule,71,0,1,continue,5.7779998779296875,5.777801513671875,5.659205913543701,6.92940616607666,0.0,5.945709068328142,0.0,0,51.87877927655382,67.97653145923032,0.1643938955273612,0.13163814094457277,2.2393069129734626,1.704012285232007,1.9139987099343674,1.1858494689813461,43.397617319369466,42.29501039262232,1.1026069267471428,7.2950103926223235,35.902835055386895,0.008117074959711553,0.02890669343956692,0.19483421235978823,0.44509677878626464,27.17700514961077,6.223096778786264,False,True,67.97653145923032,51.382546019714866,13,13,0,75.56015959579325,74.85128416704009,0,13,0,0:1;1:0;1:1;1:3;2:0;2:1;2:2;2:4;3:2;3:3;3:4;4:3;4:4,0:1;1:0;1:1;1:3;2:0;2:1;2:2;2:4;3:2;3:3;3:4;4:3;4:4,,,0:1;1:0;1:1;1:3;2:0;2:1;2:2;2:4;3:2;3:3;3:4;4:3;4:4,,"{""q_clearcoat"": 0, ""q_ra"": 1, ""q_scratch"": 12, ""q_thermal"": 0, ""q_uniformity"": 0}","[[74.073, 69.836, 73.19, 74.162, 74.597], [51.383, 56.639, 71.646, 65.841, 70.396], [58.444, 68.121, 68.241, 70.683, 60.728], [73.325, 72.116, 68.682, 69.482, 52.509], [74.402, 74.366, 74.338, 68.904, 63.307]]","[[76.382, 76.257, 76.219, 76.132, 76.283], [75.753, 75.676, 75.831, 75.807, 75.766], [75.252, 75.173, 75.314, 75.025, 75.24], [75.029, 75.11, 74.851, 74.944, 74.932], [76.006, 75.584, 75.322, 75.539, 75.576]]","[[""q_uniformity"", ""q_scratch"", ""q_clearcoat"", ""q_uniformity"", ""q_uniformity""], [""q_scratch"", ""q_scratch"", ""q_scratch"", ""q_scratch"", ""q_scratch""], [""q_scratch"", ""q_scratch"", ""q_scratch"", ""q_scratch"", ""q_scratch""], [""q_clearcoat"", ""q_clearcoat"", ""q_scratch"", ""q_scratch"", ""q_ra""], [""q_clearcoat"", ""q_clearcoat"", ""q_clearcoat"", ""q_scratch"", ""q_scratch""]]","[[47.445, 46.993, 46.626, 46.471, 46.69], [46.012, 45.74, 45.721, 45.786, 45.922], [44.238, 44.133, 44.312, 44.361, 44.788], [42.708, 42.833, 42.899, 43.333, 43.682], [42.396, 42.295, 42.45, 43.006, 43.389]]"
finish_rule,71,0,2,fail_quality_regression,6.22309684753418,5.289702892303467,5.1434502601623535,6.514858245849609,-0.4999999701976776,7.999825291335583,0.6908990144729614,0,67.97653145923032,69.95413719587695,0.13163814094457277,0.1397382519400981,1.704012285232007,1.4889805004726067,1.1858494689813461,0.7600707900809072,42.29501039262232,41.364847815788416,0.9301625768339079,6.364847815788416,35.902835055386895,0.008117074959711553,0.000655182916043527,0.18084408904239063,,,,False,True,69.95413719587695,61.160852034523295,9,9,0,74.26300615947832,73.40202978047401,0,9,0,1:0;1:1;2:0;2:1;2:4;3:3;3:4;4:3;4:4,1:0;1:1;2:0;2:1;2:4;3:3;3:4;4:3;4:4,,,1:0;1:1;2:0;2:1;2:4;3:3;3:4;4:3;4:4,,"{""q_clearcoat"": 3, ""q_ra"": 0, ""q_scratch"": 5, ""q_thermal"": 0, ""q_uniformity"": 1}","[[71.879, 71.952, 72.307, 72.695, 72.907], [61.161, 65.021, 72.31, 71.64, 72.717], [64.454, 69.675, 70.412, 71.959, 66.169], [71.671, 72.217, 70.751, 69.923, 62.264], [72.526, 72.719, 72.417, 69.84, 67.267]]","[[75.509, 75.3, 75.159, 75.015, 75.211], [74.718, 74.585, 74.72, 74.68, 74.591], [74.015, 73.911, 74.065, 73.713, 73.944], [73.493, 73.646, 73.402, 73.561, 73.51], [74.395, 73.889, 73.539, 73.939, 74.066]]","[[""q_uniformity"", ""q_clearcoat"", ""q_clearcoat"", ""q_clearcoat"", ""q_clearcoat""], [""q_scratch"", ""q_scratch"", ""q_clearcoat"", ""q_clearcoat"", ""q_clearcoat""], [""q_scratch"", ""q_clearcoat"", ""q_clearcoat"", ""q_clearcoat"", ""q_scratch""], [""q_clearcoat"", ""q_clearcoat"", ""q_clearcoat"", ""q_clearcoat"", ""q_uniformity""], [""q_clearcoat"", ""q_clearcoat"", ""q_clearcoat"", ""q_clearcoat"", ""q_scratch""]]","[[46.621, 46.122, 45.692, 45.501, 45.743], [45.14, 44.844, 44.815, 44.86, 44.945], [43.362, 43.249, 43.421, 43.417, 43.816], [41.804, 41.957, 42.02, 42.448, 42.734], [41.505, 41.365, 41.449, 42.039, 42.432]]"
finish_rule,72,0,1,continue,5.7779998779296875,5.777801513671875,5.659205913543701,6.928940773010254,0.0,5.945709068328142,0.0,0,42.80730718142675,60.59963331238276,0.3092978374851612,0.19925739490399616,2.288186552607849,1.8726085801468888,1.7550257262754239,1.2258331459242573,42.95307113387615,41.707531092607354,1.2455400412687965,6.707531092607354,35.90274149841902,0.008118167805874248,0.13429095268024632,0.22009095627496966,1.8304834731028727,21.389025575071884,7.608483473102872,False,True,60.59963331238276,46.09490864661414,24,24,0,75.24149590261801,74.28954759342611,0,24,0,0:0;0:1;0:2;0:3;0:4;1:0;1:1;1:2;1:3;1:4;2:0;2:1;2:2;2:3;2:4;3:0;3:1;3:2;3:3;3:4;4:0;4:1;4:2;4:4,0:0;0:1;0:2;0:3;0:4;1:0;1:1;1:2;1:3;1:4;2:0;2:1;2:2;2:3;2:4;3:0;3:1;3:2;3:3;3:4;4:0;4:1;4:2;4:4,,,0:0;0:1;0:2;0:3;0:4;1:0;1:1;1:2;1:3;1:4;2:0;2:1;2:2;2:3;2:4;3:0;3:1;3:2;3:3;3:4;4:0;4:1;4:2;4:4,,"{""q_clearcoat"": 0, ""q_ra"": 10, ""q_scratch"": 14, ""q_thermal"": 0, ""q_uniformity"": 0}","[[67.037, 58.996, 68.585, 64.144, 58.656], [49.932, 65.698, 68.451, 63.005, 53.192], [51.966, 57.423, 59.836, 58.628, 55.11], [49.605, 65.676, 57.494, 68.416, 65.849], [46.095, 64.169, 62.761, 72.949, 61.317]]","[[76.017, 75.48, 75.57, 75.222, 75.466], [75.3, 74.889, 74.684, 74.29, 74.85], [75.143, 74.984, 74.582, 74.475, 74.647], [75.398, 75.244, 75.246, 75.144, 75.173], [75.91, 75.926, 75.917, 75.657, 75.824]]","[[""q_scratch"", ""q_ra"", ""q_scratch"", ""q_scratch"", ""q_scratch""], [""q_ra"", ""q_scratch"", ""q_scratch"", ""q_scratch"", ""q_ra""], [""q_ra"", ""q_ra"", ""q_scratch"", ""q_ra"", ""q_ra""], [""q_ra"", ""q_scratch"", ""q_ra"", ""q_scratch"", ""q_scratch""], [""q_ra"", ""q_scratch"", ""q_scratch"", ""q_clearcoat"", ""q_scratch""]]","[[42.324, 41.782, 41.708, 41.727, 42.153], [42.386, 41.965, 41.794, 41.81, 42.426], [43.212, 42.974, 42.722, 42.925, 43.345], [44.518, 44.29, 44.314, 44.528, 44.922], [45.739, 45.636, 45.646, 45.713, 46.215]]"
finish_rule,72,0,2,fail_finish_not_eligible,7.60848331451416,6.466960430145264,6.288345813751221,7.6926374435424805,-0.4999999701976776,7.999825291335583,0.6908990144729614,0,60.59963331238276,66.37209744525575,0.19925739490399616,0.1969759038421739,1.8726085801468888,1.6410503950487854,1.2258331459242573,0.6746431645988307,41.707531092607354,40.51570983512778,1.1918212574795746,5.51570983512778,35.90274149841902,0.008908789809007984,0.05182717935348933,0.18952858077132545,,,,False,True,66.37209744525575,58.32440541007701,24,24,0,73.36290120136465,71.91080081731616,0,24,0,0:0;0:1;0:2;0:3;0:4;1:0;1:1;1:2;1:3;1:4;2:0;2:1;2:2;2:3;2:4;3:0;3:1;3:2;3:3;3:4;4:0;4:1;4:2;4:4,0:0;0:1;0:2;0:3;0:4;1:0;1:1;1:2;1:3;1:4;2:0;2:1;2:2;2:3;2:4;3:0;3:1;3:2;3:3;3:4;4:0;4:1;4:2;4:4,,,0:0;0:1;0:2;0:3;0:4;1:0;1:1;1:2;1:3;1:4;2:0;2:1;2:2;2:3;2:4;3:0;3:1;3:2;3:3;3:4;4:0;4:1;4:2;4:4,,"{""q_clearcoat"": 14, ""q_ra"": 2, ""q_scratch"": 2, ""q_thermal"": 0, ""q_uniformity"": 6}","[[68.536, 66.972, 68.703, 67.214, 66.18], [58.677, 67.89, 69.308, 66.671, 63.801], [62.79, 65.509, 65.988, 66.108, 65.724], [60.245, 68.232, 67.037, 69.264, 68.335], [58.324, 68.58, 68.068, 72.363, 68.783]]","[[74.29, 73.271, 73.156, 72.83, 73.332], [73.358, 72.763, 72.285, 71.911, 72.78], [73.422, 73.097, 72.49, 72.461, 72.689], [73.891, 73.609, 73.59, 73.453, 73.505], [74.505, 74.478, 74.371, 74.14, 74.398]]","[[""q_clearcoat"", ""q_clearcoat"", ""q_clearcoat"", ""q_clearcoat"", ""q_clearcoat""], [""q_ra"", ""q_clearcoat"", ""q_clearcoat"", ""q_clearcoat"", ""q_uniformity""], [""q_scratch"", ""q_clearcoat"", ""q_clearcoat"", ""q_clearcoat"", ""q_uniformity""], [""q_scratch"", ""q_clearcoat"", ""q_uniformity"", ""q_clearcoat"", ""q_clearcoat""], [""q_ra"", ""q_uniformity"", ""q_uniformity"", ""q_clearcoat"", ""q_uniformity""]]","[[41.381, 40.67, 40.516, 40.534, 41.018], [41.31, 40.851, 40.574, 40.588, 41.267], [42.141, 41.836, 41.499, 41.712, 42.104], [43.43, 43.139, 43.146, 43.306, 43.669], [44.601, 44.477, 44.411, 44.486, 45.009]]"
finish_rule,73,0,1,continue,5.7779998779296875,5.777801513671875,5.659210681915283,6.9293622970581055,0.0,5.945709068328142,0.0,0,56.165476547193194,69.24469121122374,0.17396843733402734,0.13438012530568894,1.6763171343595447,1.38846636647231,1.3386046944555283,0.8741288864074792,41.3006683638792,40.28992286571906,1.0107454981601336,5.289922865719063,35.90282879883762,0.008118244914005396,0.010790125553946593,0.178601850146717,0.18124323256029157,18.42042992844964,5.959243232560291,False,True,69.24469121122374,53.49296967408681,15,15,0,75.11963278119639,73.93070028196253,0,15,0,0:1;0:2;1:0;1:1;1:2;1:4;2:0;2:1;2:2;2:3;2:4;3:1;3:3;4:0;4:1,0:1;0:2;1:0;1:1;1:2;1:4;2:0;2:1;2:2;2:3;2:4;3:1;3:3;4:0;4:1,,,0:1;0:2;1:0;1:1;1:2;1:4;2:0;2:1;2:2;2:3;2:4;3:1;3:3;4:0;4:1,,"{""q_clearcoat"": 2, ""q_ra"": 1, ""q_scratch"": 12, ""q_thermal"": 0, ""q_uniformity"": 0}","[[74.61, 69.624, 67.773, 70.451, 74.21], [67.141, 66.122, 69.681, 71.684, 69.186], [53.493, 66.761, 66.544, 69.606, 68.792], [72.915, 69.883, 72.649, 67.572, 72.152], [65.178, 67.825, 72.895, 70.17, 74.201]]","[[76.305, 75.911, 75.843, 75.908, 75.987], [75.438, 75.419, 74.932, 75.284, 75.798], [74.877, 74.513, 74.243, 74.866, 75.61], [74.401, 73.931, 74.217, 74.634, 75.423], [75.188, 74.405, 74.43, 74.847, 75.58]]","[[""q_uniformity"", ""q_scratch"", ""q_scratch"", ""q_scratch"", ""q_clearcoat""], [""q_scratch"", ""q_scratch"", ""q_scratch"", ""q_clearcoat"", ""q_scratch""], [""q_ra"", ""q_scratch"", ""q_scratch"", ""q_clearcoat"", ""q_scratch""], [""q_clearcoat"", ""q_clearcoat"", ""q_clearcoat"", ""q_scratch"", ""q_clearcoat""], [""q_scratch"", ""q_scratch"", ""q_clearcoat"", ""q_scratch"", ""q_clearcoat""]]","[[45.026, 44.733, 44.87, 45.328, 45.758], [43.576, 43.674, 43.673, 44.464, 45.315], [42.008, 42.066, 42.467, 43.624, 44.761], [40.632, 40.828, 41.769, 43.011, 44.349], [40.29, 40.496, 41.488, 42.895, 44.278]]"
finish_rule,73,0,2,success,5.959243297576904,5.065319538116455,4.9253997802734375,6.290209770202637,-0.4999999701976776,7.999825291335583,0.6908990144729614,0,69.24469121122374,70.00773603873441,0.13438012530568894,0.13798821001188616,1.38846636647231,1.2602659147677175,0.8741288864074792,0.4897814991788656,40.28992286571906,39.38891319096166,0.9010096747574039,4.388913190961659,35.90282879883762,0.008118244914005396,0.0,0.18293127765303624,,,,True,True,70.00773603873441,63.939745743505235,12,12,0,73.67687594919119,72.06576343616365,0,12,0,0:2;1:0;1:1;1:2;2:0;2:1;2:2;2:3;2:4;3:3;4:0;4:1,0:2;1:0;1:1;1:2;2:0;2:1;2:2;2:3;2:4;3:3;4:0;4:1,,,0:2;1:0;1:1;1:2;2:0;2:1;2:2;2:3;2:4;3:3;4:0;4:1,,"{""q_clearcoat"": 9, ""q_ra"": 0, ""q_scratch"": 1, ""q_thermal"": 0, ""q_uniformity"": 2}","[[72.52, 70.443, 69.499, 71.2, 72.512], [69.073, 67.942, 69.961, 71.892, 70.441], [63.94, 67.894, 67.981, 69.762, 69.863], [70.805, 70.083, 71.586, 68.446, 72.484], [67.689, 69.334, 71.11, 71.206, 72.528]]","[[75.308, 74.747, 74.701, 74.793, 74.889], [74.193, 74.095, 73.602, 74.024, 74.691], [73.34, 73.008, 72.719, 73.552, 74.398], [72.358, 72.066, 72.61, 73.202, 74.173], [72.899, 72.301, 72.63, 73.348, 74.275]]","[[""q_uniformity"", ""q_clearcoat"", ""q_uniformity"", ""q_clearcoat"", ""q_clearcoat""], [""q_clearcoat"", ""q_clearcoat"", ""q_clearcoat"", ""q_clearcoat"", ""q_uniformity""], [""q_scratch"", ""q_clearcoat"", ""q_clearcoat"", ""q_clearcoat"", ""q_uniformity""], [""q_clearcoat"", ""q_clearcoat"", ""q_clearcoat"", ""q_clearcoat"", ""q_clearcoat""], [""q_clearcoat"", ""q_clearcoat"", ""q_clearcoat"", ""q_clearcoat"", ""q_clearcoat""]]","[[44.269, 43.873, 44.013, 44.453, 44.861], [42.76, 42.798, 42.786, 43.55, 44.446], [41.183, 41.245, 41.585, 42.75, 43.859], [39.757, 39.989, 40.927, 42.126, 43.456], [39.389, 39.618, 40.593, 41.988, 43.358]]"
finish_rule,74,0,1,continue,5.7779998779296875,5.777801513671875,5.659201622009277,6.927639007568359,0.0,5.945709068328142,0.0,0,57.22615529457248,67.01775333661027,0.19387248388692443,0.15853817710242324,2.217699669963587,1.892875290880487,1.8974945253840614,1.3292230295482095,43.55019404047915,42.7367866245311,0.8134074159480491,7.736786624531099,35.90278033681582,0.008117979584593565,0.04260352376271044,0.14373183185144267,0.8892294048004125,39.91312537128509,6.667229404800412,False,True,67.01775333661027,49.19184415762237,12,12,0,75.64571792127018,75.09879331775298,0,12,0,0:0;0:1;1:0;1:1;2:0;2:1;3:0;3:1;3:2;4:0;4:1;4:2,0:0;0:1;1:0;1:1;2:0;2:1;3:0;3:1;3:2;4:0;4:1;4:2,,,0:0;0:1;1:0;1:1;2:0;2:1;3:0;3:1;3:2;4:0;4:1;4:2,,"{""q_clearcoat"": 0, ""q_ra"": 5, ""q_scratch"": 7, ""q_thermal"": 0, ""q_uniformity"": 0}","[[65.32, 61.449, 74.228, 74.339, 74.398], [65.075, 50.644, 74.221, 74.415, 74.251], [67.578, 51.927, 74.263, 74.321, 74.139], [65.231, 52.618, 69.432, 72.154, 74.667], [57.813, 49.192, 58.081, 70.759, 74.93]]","[[76.466, 75.938, 75.868, 75.71, 75.911], [75.886, 75.545, 75.191, 75.151, 75.516], [75.7, 75.32, 75.197, 75.099, 75.507], [75.891, 75.321, 75.216, 75.502, 75.712], [76.208, 75.578, 75.723, 75.767, 76.22]]","[[""q_scratch"", ""q_scratch"", ""q_clearcoat"", ""q_clearcoat"", ""q_clearcoat""], [""q_scratch"", ""q_scratch"", ""q_clearcoat"", ""q_clearcoat"", ""q_clearcoat""], [""q_scratch"", ""q_ra"", ""q_clearcoat"", ""q_clearcoat"", ""q_clearcoat""], [""q_scratch"", ""q_ra"", ""q_scratch"", ""q_scratch"", ""q_clearcoat""], [""q_ra"", ""q_ra"", ""q_ra"", ""q_scratch"", ""q_clearcoat""]]","[[42.737, 42.745, 43.244, 43.707, 44.218], [42.787, 42.947, 43.332, 43.944, 44.632], [43.234, 43.442, 44.116, 44.838, 45.69], [43.852, 44.006, 44.841, 46.052, 46.947], [44.352, 44.513, 45.668, 46.809, 48.008]]"
finish_rule,74,0,2,fail_quality_regression,6.667229175567627,5.667222023010254,5.510495185852051,6.890395164489746,-0.4999999701976776,7.999825291335583,0.6908990144729614,0,67.01775333661027,68.91448519779497,0.15853817710242324,0.17481398853771213,1.892875290880487,1.7347412361938612,1.3292230295482095,0.9041267090592853,42.7367866245311,41.901517343396414,0.8352692811346856,6.901517343396414,35.90278033681582,0.008117979584593565,0.015507354317214655,0.1515778987121161,,,,False,True,68.91448519779497,57.21690260532178,11,11,0,74.2905956673885,73.68130615339464,0,11,0,0:0;0:1;1:0;1:1;2:0;2:1;3:0;3:1;4:0;4:1;4:2,0:0;0:1;1:0;1:1;2:0;2:1;3:0;3:1;4:0;4:1;4:2,,,0:0;0:1;1:0;1:1;2:0;2:1;3:0;3:1;4:0;4:1;4:2,,"{""q_clearcoat"": 1, ""q_ra"": 1, ""q_scratch"": 8, ""q_thermal"": 0, ""q_uniformity"": 1}","[[67.779, 66.306, 72.285, 72.578, 72.357], [67.788, 58.883, 72.436, 72.837, 72.638], [69.36, 60.38, 72.553, 72.822, 72.635], [67.111, 60.91, 70.956, 72.804, 73.365], [65.523, 57.217, 66.207, 71.761, 73.372]]","[[75.017, 74.522, 74.401, 74.197, 74.469], [74.465, 74.071, 73.71, 73.681, 74.152], [74.205, 73.839, 73.852, 73.73, 74.239], [74.462, 73.94, 73.9, 74.309, 74.583], [74.924, 74.274, 74.533, 74.598, 75.195]]","[[""q_scratch"", ""q_scratch"", ""q_clearcoat"", ""q_clearcoat"", ""q_clearcoat""], [""q_scratch"", ""q_scratch"", ""q_clearcoat"", ""q_clearcoat"", ""q_clearcoat""], [""q_clearcoat"", ""q_scratch"", ""q_clearcoat"", ""q_clearcoat"", ""q_clearcoat""], [""q_scratch"", ""q_scratch"", ""q_clearcoat"", ""q_clearcoat"", ""q_clearcoat""], [""q_scratch"", ""q_ra"", ""q_uniformity"", ""q_clearcoat"", ""q_clearcoat""]]","[[41.902, 41.919, 42.333, 42.713, 43.217], [41.953, 42.059, 42.391, 42.941, 43.634], [42.305, 42.491, 43.177, 43.806, 44.655], [42.899, 43.057, 43.849, 45.044, 45.918], [43.449, 43.569, 44.701, 45.759, 46.997]]"
finish_rule,75,0,1,continue,5.7779998779296875,5.777801513671875,5.659214496612549,6.929435729980469,0.0,5.945709068328142,0.0,0,60.42725644883019,68.0175054656254,0.13989791821905267,0.12169258939850558,2.1090807943920193,1.7432858670712652,1.9061238290008369,1.3488735128363505,40.659856675334346,39.42087590354102,1.2389807717933294,4.420875903541017,35.902773072277036,0.008117891025340634,0.028321350491065645,0.21893158008676813,0.38808495073905525,11.05768250784817,6.166084950739055,False,True,68.0175054656254,48.46150796997887,12,12,0,74.2498474215856,72.92943389542944,0,12,0,0:0;0:3;1:0;1:1;1:2;2:1;2:2;2:3;2:4;3:1;3:2;3:4,0:0;0:3;1:0;1:1;1:2;2:1;2:2;2:3;2:4;3:1;3:2;3:4,,,0:0;0:3;1:0;1:1;1:2;2:1;2:2;2:3;2:4;3:1;3:2;3:4,,"{""q_clearcoat"": 3, ""q_ra"": 1, ""q_scratch"": 8, ""q_thermal"": 0, ""q_uniformity"": 0}","[[48.462, 73.761, 70.955, 67.814, 72.129], [60.834, 52.061, 67.725, 70.805, 72.703], [73.453, 60.987, 68.351, 67.073, 65.306], [73.805, 64.61, 69.389, 70.597, 63.858], [73.473, 73.998, 72.666, 72.648, 72.974]]","[[76.201, 75.342, 74.3, 72.929, 74.082], [75.109, 74.689, 73.822, 73.229, 73.826], [74.912, 74.284, 73.621, 73.5, 74.135], [74.918, 74.132, 73.62, 73.315, 73.976], [75.182, 74.685, 74.128, 73.915, 74.393]]","[[""q_ra"", ""q_clearcoat"", ""q_clearcoat"", ""q_clearcoat"", ""q_clearcoat""], [""q_scratch"", ""q_scratch"", ""q_scratch"", ""q_clearcoat"", ""q_clearcoat""], [""q_clearcoat"", ""q_scratch"", ""q_clearcoat"", ""q_scratch"", ""q_scratch""], [""q_clearcoat"", ""q_scratch"", ""q_clearcoat"", ""q_clearcoat"", ""q_scratch""], [""q_clearcoat"", ""q_clearcoat"", ""q_clearcoat"", ""q_clearcoat"", ""q_clearcoat""]]","[[45.023, 43.953, 42.214, 40.088, 39.425], [43.364, 42.773, 41.47, 40.066, 39.421], [42.101, 41.528, 40.67, 39.892, 39.57], [41.212, 40.636, 40.04, 39.483, 39.436], [40.907, 40.459, 39.88, 39.462, 39.439]]"
finish_rule,75,0,2,fail_quality_regression,6.1660847663879395,5.241079330444336,5.096339225769043,6.464359283447266,-0.4999999701976776,7.999825291335583,0.6908990144729614,0,68.0175054656254,68.01594196719758,0.12169258939850558,0.13015445249783059,1.7432858670712652,1.5945962893999999,1.3488735128363505,0.9624146676707674,39.42087590354102,38.473250581337396,0.9476253222036206,3.473250581337396,35.902773072277036,0.008117891025340634,0.028343686182891757,0.185942355919336,,,,False,True,68.01594196719758,55.25537581243687,18,18,0,72.08310482009888,70.52903349827409,0,18,0,0:0;0:3;0:4;1:0;1:1;1:2;1:3;1:4;2:1;2:2;2:3;2:4;3:1;3:2;3:3;3:4;4:3;4:4,0:0;0:3;0:4;1:0;1:1;1:2;1:3;1:4;2:1;2:2;2:3;2:4;3:1;3:2;3:3;3:4;4:3;4:4,,,0:0;0:3;0:4;1:0;1:1;1:2;1:3;1:4;2:1;2:2;2:3;2:4;3:1;3:2;3:3;3:4;4:3;4:4,,"{""q_clearcoat"": 14, ""q_ra"": 1, ""q_scratch"": 3, ""q_thermal"": 0, ""q_uniformity"": 0}","[[55.255, 71.875, 70.428, 67.266, 68.77], [64.441, 58.827, 68.935, 69.978, 69.797], [71.577, 64.108, 68.492, 68.004, 66.342], [71.942, 67.586, 69.601, 69.103, 65.627], [71.189, 71.686, 70.036, 69.792, 69.74]]","[[75.192, 74.078, 72.62, 70.529, 71.247], [73.764, 73.243, 71.994, 70.798, 70.968], [73.367, 72.554, 71.536, 71.037, 71.274], [73.114, 72.121, 71.254, 70.543, 71.122], [73.177, 72.455, 71.538, 71.043, 71.507]]","[[""q_ra"", ""q_clearcoat"", ""q_clearcoat"", ""q_clearcoat"", ""q_clearcoat""], [""q_scratch"", ""q_scratch"", ""q_clearcoat"", ""q_clearcoat"", ""q_clearcoat""], [""q_clearcoat"", ""q_scratch"", ""q_clearcoat"", ""q_clearcoat"", ""q_clearcoat""], [""q_clearcoat"", ""q_clearcoat"", ""q_clearcoat"", ""q_clearcoat"", ""q_clearcoat""], [""q_clearcoat"", ""q_clearcoat"", ""q_clearcoat"", ""q_clearcoat"", ""q_clearcoat""]]","[[44.256, 43.087, 41.28, 39.143, 38.487], [42.502, 41.907, 40.554, 39.119, 38.473], [41.262, 40.658, 39.758, 38.972, 38.595], [40.361, 39.768, 39.128, 38.54, 38.489], [40.018, 39.543, 38.93, 38.503, 38.489]]"
finish_rule,76,0,1,continue,5.7779998779296875,5.777801513671875,5.659210681915283,6.9293622970581055,0.0,5.945709068328142,0.0,0,49.005440637057234,64.66327758405151,0.24641948802163377,0.17710545292027177,1.9648502639122882,1.7097005408603725,1.4244306172985033,0.8516495475766837,42.18732244392762,40.73111936070948,1.456203083218142,5.731119360709478,35.90282879883762,0.008118244914005396,0.07623889165640695,0.2573155807525635,0.8888566883524881,14.500168819148767,6.666856688352488,False,True,64.66327758405151,53.09413204261735,21,21,0,74.946807909869,73.88444298855137,0,21,0,0:0;0:1;0:3;1:0;1:3;1:4;2:0;2:1;2:2;2:3;2:4;3:0;3:1;3:2;3:3;3:4;4:0;4:1;4:2;4:3;4:4,0:0;0:1;0:3;1:0;1:3;1:4;2:0;2:1;2:2;2:3;2:4;3:0;3:1;3:2;3:3;3:4;4:0;4:1;4:2;4:3;4:4,,,0:0;0:1;0:3;1:0;1:3;1:4;2:0;2:1;2:2;2:3;2:4;3:0;3:1;3:2;3:3;3:4;4:0;4:1;4:2;4:3;4:4,,"{""q_clearcoat"": 0, ""q_ra"": 4, ""q_scratch"": 17, ""q_thermal"": 0, ""q_uniformity"": 0}","[[61.735, 57.968, 73.155, 64.568, 70.518], [62.139, 73.87, 73.171, 65.891, 60.69], [56.708, 67.487, 61.863, 65.212, 67.2], [67.518, 57.321, 56.587, 63.491, 69.104], [69.63, 68.214, 61.976, 53.094, 67.47]]","[[76.381, 75.302, 74.599, 74.551, 75.042], [75.975, 75.056, 74.249, 74.353, 74.804], [75.877, 74.951, 74.492, 73.884, 74.858], [75.625, 75.098, 74.417, 74.234, 74.79], [75.936, 75.089, 74.888, 74.278, 74.944]]","[[""q_scratch"", ""q_scratch"", ""q_clearcoat"", ""q_scratch"", ""q_scratch""], [""q_scratch"", ""q_clearcoat"", ""q_clearcoat"", ""q_scratch"", ""q_scratch""], [""q_ra"", ""q_scratch"", ""q_scratch"", ""q_scratch"", ""q_scratch""], [""q_scratch"", ""q_ra"", ""q_ra"", ""q_scratch"", ""q_scratch""], [""q_scratch"", ""q_scratch"", ""q_scratch"", ""q_ra"", ""q_scratch""]]","[[45.897, 44.151, 42.453, 41.377, 41.038], [45.449, 43.862, 42.131, 41.158, 40.801], [45.082, 43.557, 42.103, 40.813, 40.731], [44.466, 43.359, 41.916, 40.958, 40.772], [44.37, 43.138, 42.105, 41.008, 40.92]]"
finish_rule,76,0,2,fail_finish_not_eligible,6.66685676574707,5.666759967803955,5.510195732116699,6.890563011169434,-0.4999999701976776,7.999825291335583,0.6908990144729614,0,64.66327758405151,67.66519063423883,0.17710545292027177,0.18139014359886133,1.7097005408603725,1.530156686310833,0.8516495475766837,0.5093406047840094,40.73111936070948,39.65012516733879,1.0809941933706853,4.650125167338793,35.90282879883762,0.008118244914005396,0.033354419510873916,0.1961807249550153,,,,False,True,67.66519063423883,62.08679341325366,21,21,0,73.07046976577337,71.36828826249945,0,21,0,0:0;0:1;0:3;0:4;1:0;1:3;1:4;2:0;2:1;2:2;2:3;2:4;3:0;3:1;3:2;3:3;3:4;4:1;4:2;4:3;4:4,0:0;0:1;0:3;0:4;1:0;1:3;1:4;2:0;2:1;2:2;2:3;2:4;3:0;3:1;3:2;3:3;3:4;4:1;4:2;4:3;4:4,,,0:0;0:1;0:3;0:4;1:0;1:3;1:4;2:0;2:1;2:2;2:3;2:4;3:0;3:1;3:2;3:3;3:4;4:1;4:2;4:3;4:4,,"{""q_clearcoat"": 15, ""q_ra"": 0, ""q_scratch"": 3, ""q_thermal"": 0, ""q_uniformity"": 3}","[[68.39, 65.974, 70.967, 66.865, 69.287], [66.897, 72.048, 70.948, 66.9, 65.762], [65.286, 69.323, 66.773, 66.396, 68.397], [69.095, 64.527, 63.358, 68.228, 69.682], [70.761, 69.465, 65.753, 62.087, 68.46]]","[[75.361, 73.899, 72.817, 72.417, 72.762], [74.807, 73.596, 72.312, 72.195, 72.374], [74.662, 73.455, 72.555, 71.368, 72.32], [74.284, 73.615, 72.426, 71.825, 72.315], [74.569, 73.407, 72.976, 71.898, 72.547]]","[[""q_scratch"", ""q_uniformity"", ""q_clearcoat"", ""q_clearcoat"", ""q_clearcoat""], [""q_scratch"", ""q_clearcoat"", ""q_clearcoat"", ""q_clearcoat"", ""q_clearcoat""], [""q_scratch"", ""q_clearcoat"", ""q_clearcoat"", ""q_clearcoat"", ""q_clearcoat""], [""q_clearcoat"", ""q_uniformity"", ""q_clearcoat"", ""q_clearcoat"", ""q_clearcoat""], [""q_clearcoat"", ""q_clearcoat"", ""q_clearcoat"", ""q_uniformity"", ""q_clearcoat""]]","[[45.056, 43.172, 41.438, 40.348, 40.01], [44.524, 42.873, 41.074, 40.149, 39.75], [44.153, 42.577, 41.055, 39.706, 39.65], [43.502, 42.412, 40.867, 39.875, 39.707], [43.404, 42.099, 41.077, 39.929, 39.863]]"
finish_rule,77,0,1,continue,5.7779998779296875,5.777801513671875,5.659201145172119,6.928744316101074,0.0,5.945709068328142,0.0,0,51.930833637318266,65.36875420474922,0.21321981242128143,0.1787633244936023,2.068890222567909,1.76767321022023,1.8028388366612136,1.162946164441312,41.89280967657284,40.77406558405497,1.1187440925178649,5.7740655840549735,35.90274012022832,0.00811673309142172,0.06616065421786825,0.19768586834420415,1.0040270673673772,19.091225972125102,6.782027067367377,False,True,65.36875420474922,53.70369904415542,19,19,0,75.3454726050534,73.61525413823443,0,19,0,0:1;0:2;0:3;1:0;1:1;1:2;1:3;1:4;2:0;2:1;2:3;2:4;3:0;3:1;3:2;3:3;3:4;4:0;4:1,0:1;0:2;0:3;1:0;1:1;1:2;1:3;1:4;2:0;2:1;2:3;2:4;3:0;3:1;3:2;3:3;3:4;4:0;4:1,,,0:1;0:2;0:3;1:0;1:1;1:2;1:3;1:4;2:0;2:1;2:3;2:4;3:0;3:1;3:2;3:3;3:4;4:0;4:1,,"{""q_clearcoat"": 0, ""q_ra"": 5, ""q_scratch"": 14, ""q_thermal"": 0, ""q_uniformity"": 0}","[[74.368, 60.268, 59.067, 68.563, 74.143], [67.992, 62.261, 65.91, 61.945, 69.726], [58.904, 53.865, 74.011, 66.532, 66.292], [68.981, 53.704, 64.6, 60.305, 61.434], [60.509, 61.525, 73.445, 72.799, 73.069]]","[[76.599, 76.307, 75.762, 75.21, 75.861], [76.49, 76.036, 75.248, 74.773, 75.289], [76.181, 75.857, 74.966, 74.321, 74.922], [76.195, 75.488, 74.586, 73.615, 74.025], [76.402, 75.596, 74.892, 74.063, 74.952]]","[[""q_uniformity"", ""q_ra"", ""q_ra"", ""q_scratch"", ""q_clearcoat""], [""q_scratch"", ""q_scratch"", ""q_scratch"", ""q_scratch"", ""q_scratch""], [""q_ra"", ""q_ra"", ""q_clearcoat"", ""q_scratch"", ""q_scratch""], [""q_scratch"", ""q_ra"", ""q_scratch"", ""q_scratch"", ""q_scratch""], [""q_scratch"", ""q_scratch"", ""q_clearcoat"", ""q_clearcoat"", ""q_clearcoat""]]","[[46.609, 46.222, 45.221, 43.858, 43.496], [46.542, 45.956, 44.697, 43.372, 42.897], [46.175, 45.592, 44.122, 42.606, 42.117], [45.922, 44.894, 43.294, 41.538, 40.927], [45.847, 44.641, 43.049, 41.265, 40.774]]"
finish_rule,77,0,2,fail_quality_regression,6.782027244567871,5.76486349105835,5.605371475219727,6.989938735961914,-0.4999999701976776,7.999825291335583,0.6908990144729614,0,65.36875420474922,68.1265022128871,0.1787633244936023,0.18577103390072738,1.76767321022023,1.6576235890314808,1.162946164441312,0.762850908213291,40.77406558405497,39.77178842299908,1.0022771610558934,4.77178842299908,35.90274012022832,0.00811673309142172,0.026764254101612803,0.17880655465686238,,,,False,True,68.1265022128871,61.34778619214727,16,16,0,73.79706736151192,71.50519699493535,0,16,0,0:1;0:2;0:3;1:1;1:2;1:3;2:0;2:1;2:3;2:4;3:1;3:2;3:3;3:4;4:0;4:1,0:1;0:2;0:3;1:1;1:2;1:3;2:0;2:1;2:3;2:4;3:1;3:2;3:3;3:4;4:0;4:1,,,0:1;0:2;0:3;1:1;1:2;1:3;2:0;2:1;2:3;2:4;3:1;3:2;3:3;3:4;4:0;4:1,,"{""q_clearcoat"": 8, ""q_ra"": 0, ""q_scratch"": 5, ""q_thermal"": 0, ""q_uniformity"": 3}","[[71.897, 67.693, 67.617, 69.559, 71.794], [70.172, 65.926, 68.079, 66.966, 70.716], [66.947, 62.316, 72.234, 67.717, 68.599], [71.522, 61.348, 67.366, 64.687, 65.12], [66.8, 66.004, 71.531, 70.387, 70.167]]","[[75.535, 75.169, 74.479, 73.658, 74.264], [75.403, 74.852, 73.829, 73.129, 73.512], [75.016, 74.683, 73.521, 72.574, 73.05], [75.008, 74.125, 72.982, 71.505, 71.606], [75.238, 74.175, 73.202, 71.786, 72.627]]","[[""q_uniformity"", ""q_uniformity"", ""q_uniformity"", ""q_clearcoat"", ""q_clearcoat""], [""q_scratch"", ""q_scratch"", ""q_clearcoat"", ""q_clearcoat"", ""q_clearcoat""], [""q_uniformity"", ""q_scratch"", ""q_clearcoat"", ""q_clearcoat"", ""q_clearcoat""], [""q_clearcoat"", ""q_scratch"", ""q_clearcoat"", ""q_clearcoat"", ""q_clearcoat""], [""q_scratch"", ""q_scratch"", ""q_clearcoat"", ""q_clearcoat"", ""q_clearcoat""]]","[[45.681, 45.259, 44.226, 42.813, 42.478], [45.598, 44.973, 43.647, 42.32, 41.838], [45.192, 44.646, 43.111, 41.585, 41.108], [44.943, 43.868, 42.272, 40.475, 39.84], [44.898, 43.603, 42.013, 40.181, 39.772]]"
finish_rule,78,0,1,continue,5.7779998779296875,5.777801513671875,5.659205913543701,6.92940616607666,0.0,5.945709068328142,0.0,0,58.14011797203206,67.39685641284935,0.17261543576772492,0.13148300793618278,1.8008603468294218,1.602509366102624,1.4487712077203545,0.9019192365269741,40.0,38.27251286861354,1.7274871313864608,3.272512868613539,35.902835055386895,0.008117074959711553,0.037187765530723636,0.30525256684020124,0.3654786518161334,4.168721271653371,6.143478651816133,False,True,67.39685641284935,54.395157018617525,16,16,0,73.39239253322413,72.32427377468267,0,16,0,0:1;0:2;0:3;0:4;1:0;1:1;1:4;2:0;2:1;2:4;3:0;3:1;3:3;3:4;4:1;4:2,0:1;0:2;0:3;0:4;1:0;1:1;1:4;2:0;2:1;2:4;3:0;3:1;3:3;3:4;4:1;4:2,,,0:1;0:2;0:3;0:4;1:0;1:1;1:4;2:0;2:1;2:4;3:0;3:1;3:3;3:4;4:1;4:2,,"{""q_clearcoat"": 5, ""q_ra"": 0, ""q_scratch"": 11, ""q_thermal"": 0, ""q_uniformity"": 0}","[[72.664, 61.67, 66.083, 66.936, 64.411], [66.81, 54.395, 72.271, 71.785, 66.159], [66.975, 54.612, 72.344, 71.724, 67.605], [68.836, 63.482, 72.367, 69.387, 68.233], [70.292, 64.512, 67.744, 71.829, 71.793]]","[[74.531, 74.023, 72.866, 73.845, 74.395], [74.34, 73.619, 72.833, 72.713, 73.447], [73.998, 73.36, 73.09, 72.324, 72.325], [73.749, 73.388, 73.141, 72.66, 72.904], [73.649, 73.759, 73.648, 73.069, 73.133]]","[[""q_clearcoat"", ""q_scratch"", ""q_clearcoat"", ""q_scratch"", ""q_scratch""], [""q_scratch"", ""q_scratch"", ""q_clearcoat"", ""q_clearcoat"", ""q_scratch""], [""q_scratch"", ""q_scratch"", ""q_clearcoat"", ""q_clearcoat"", ""q_clearcoat""], [""q_clearcoat"", ""q_scratch"", ""q_clearcoat"", ""q_clearcoat"", ""q_clearcoat""], [""q_clearcoat"", ""q_scratch"", ""q_scratch"", ""q_clearcoat"", ""q_clearcoat""]]","[[38.814, 38.719, 38.765, 39.382, 39.676], [38.756, 38.542, 38.487, 38.822, 39.241], [38.652, 38.466, 38.392, 38.346, 38.603], [38.579, 38.474, 38.403, 38.273, 38.423], [38.55, 38.582, 38.549, 38.385, 38.419]]"
finish_rule,78,0,2,fail_quality_regression,6.143478870391846,5.2219672203063965,5.077660083770752,6.4456305503845215,-0.4999999701976776,7.999825291335583,0.6908990144729614,0,67.39685641284935,66.72690080140214,0.13148300793618278,0.14096248582922333,1.602509366102624,1.4827840036778328,0.9019192365269741,0.5469446901054162,38.27251286861354,37.31146153328932,0.9610513353242212,2.311461533289318,35.902835055386895,0.008117074959711553,0.04675855997996946,0.18927051426619504,,,,False,True,66.72690080140214,61.524276222275454,25,25,0,69.99820475370349,68.52922175052656,13,12,0,0:0;0:1;0:2;0:3;0:4;1:0;1:1;1:2;1:3;1:4;2:0;2:1;2:2;2:3;2:4;3:0;3:1;3:2;3:3;3:4;4:0;4:1;4:2;4:3;4:4,0:0;0:1;0:2;0:3;0:4;1:0;1:1;1:2;1:3;1:4;2:0;2:1;2:2;2:3;2:4;3:0;3:1;3:2;3:3;3:4;4:0;4:1;4:2;4:3;4:4,,0:2;1:2;1:3;2:1;2:2;2:3;2:4;3:1;3:2;3:3;3:4;4:3;4:4,0:0;0:1;0:3;0:4;1:0;1:1;1:4;2:0;3:0;4:0;4:1;4:2,,"{""q_clearcoat"": 25, ""q_ra"": 0, ""q_scratch"": 0, ""q_thermal"": 0, ""q_uniformity"": 0}","[[68.759, 64.831, 65.744, 67.302, 67.084], [67.613, 61.919, 68.656, 68.525, 66.668], [66.858, 61.524, 68.38, 67.892, 66.343], [67.941, 63.471, 68.526, 67.137, 66.932], [67.473, 65.493, 67.453, 67.948, 67.701]]","[[71.687, 70.733, 69.662, 71.083, 71.782], [71.375, 70.188, 69.305, 69.548, 70.552], [70.843, 69.848, 69.263, 68.529, 68.865], [70.455, 69.903, 69.398, 68.692, 69.157], [70.249, 70.206, 70.056, 69.224, 69.35]]","[[""q_clearcoat"", ""q_clearcoat"", ""q_clearcoat"", ""q_clearcoat"", ""q_clearcoat""], [""q_clearcoat"", ""q_clearcoat"", ""q_clearcoat"", ""q_clearcoat"", ""q_clearcoat""], [""q_clearcoat"", ""q_clearcoat"", ""q_clearcoat"", ""q_clearcoat"", ""q_clearcoat""], [""q_clearcoat"", ""q_clearcoat"", ""q_clearcoat"", ""q_clearcoat"", ""q_clearcoat""], [""q_clearcoat"", ""q_clearcoat"", ""q_clearcoat"", ""q_clearcoat"", ""q_clearcoat""]]","[[38.01, 37.817, 37.853, 38.472, 38.762], [37.931, 37.643, 37.567, 37.904, 38.315], [37.799, 37.564, 37.435, 37.395, 37.659], [37.705, 37.576, 37.462, 37.311, 37.471], [37.657, 37.646, 37.612, 37.425, 37.464]]"
finish_rule,79,0,1,continue,5.7779998779296875,5.777801513671875,5.659205913543701,6.92940616607666,0.0,5.945709068328142,0.0,0,48.63775860954661,61.04134395728462,0.2745396257654751,0.2056674226284731,2.2101401978776893,1.8779081230687389,1.7506424669721417,1.2430366748071897,40.0,38.52829676681658,1.471703233183419,3.528296766816581,35.902835055386895,0.008117074959711553,0.12798080061021974,0.2600547242257638,1.4763907980281241,5.8768275460737485,7.2543907980281235,False,True,61.04134395728462,47.22874444093654,22,22,0,73.902517599796,72.36673752245187,0,22,0,0:0;0:1;0:2;0:3;0:4;1:0;1:1;1:2;1:3;1:4;2:0;2:1;2:2;2:3;2:4;3:0;3:1;3:2;3:3;3:4;4:0;4:4,0:0;0:1;0:2;0:3;0:4;1:0;1:1;1:2;1:3;1:4;2:0;2:1;2:2;2:3;2:4;3:0;3:1;3:2;3:3;3:4;4:0;4:4,,,0:0;0:1;0:2;0:3;0:4;1:0;1:1;1:2;1:3;1:4;2:0;2:1;2:2;2:3;2:4;3:0;3:1;3:2;3:3;3:4;4:0;4:4,,"{""q_clearcoat"": 0, ""q_ra"": 8, ""q_scratch"": 14, ""q_thermal"": 0, ""q_uniformity"": 0}","[[58.939, 63.503, 62.735, 52.764, 65.237], [58.64, 58.139, 49.81, 54.329, 61.053], [65.396, 50.898, 60.656, 54.345, 67.009], [56.399, 54.214, 60.252, 66.974, 68.238], [47.229, 73.332, 73.982, 73.504, 68.458]]","[[74.568, 73.729, 73.729, 73.399, 74.134], [73.716, 72.809, 72.367, 73.191, 73.583], [73.346, 72.712, 72.66, 73.362, 73.443], [74.507, 74.178, 73.817, 74.67, 74.516], [75.352, 74.788, 74.756, 75.149, 75.081]]","[[""q_ra"", ""q_scratch"", ""q_scratch"", ""q_ra"", ""q_scratch""], [""q_scratch"", ""q_scratch"", ""q_ra"", ""q_ra"", ""q_scratch""], [""q_scratch"", ""q_ra"", ""q_scratch"", ""q_ra"", ""q_scratch""], [""q_scratch"", ""q_ra"", ""q_scratch"", ""q_scratch"", ""q_scratch""], [""q_ra"", ""q_clearcoat"", ""q_clearcoat"", ""q_clearcoat"", ""q_scratch""]]","[[38.825, 38.573, 38.65, 38.951, 39.516], [38.669, 38.528, 38.72, 39.392, 39.812], [39.363, 39.331, 39.642, 40.299, 40.581], [40.683, 40.767, 40.983, 41.849, 42.082], [41.597, 41.581, 42.018, 42.732, 43.033]]"
finish_rule,79,0,2,fail_finish_not_eligible,7.254390716552734,6.166059970855713,5.995724201202393,7.391974449157715,-0.4999999701976776,7.999825291335583,0.6908990144729614,0,61.04134395728462,64.39179263837514,0.2056674226284731,0.20775068551225231,1.8779081230687389,1.7428708429031854,1.2430366748071897,0.7314503497759626,38.52829676681658,37.44823928896877,1.0800574778478094,2.4482392889687716,35.902835055386895,0.008117074959711553,0.08011724802321234,0.18013795191433468,,,,False,True,64.39179263837514,57.261438077435024,22,22,0,70.92561525076779,68.33574697697759,9,13,0,0:0;0:1;0:2;0:3;0:4;1:0;1:1;1:2;1:3;1:4;2:0;2:1;2:2;2:3;2:4;3:0;3:1;3:2;3:3;3:4;4:0;4:4,0:0;0:1;0:2;0:3;0:4;1:0;1:1;1:2;1:3;1:4;2:0;2:1;2:2;2:3;2:4;3:0;3:1;3:2;3:3;3:4;4:0;4:4,,0:1;0:2;0:3;1:0;1:1;1:2;1:3;2:1;2:2,0:0;0:4;1:4;2:0;2:3;2:4;3:0;3:1;3:2;3:3;3:4;4:0;4:4,,"{""q_clearcoat"": 20, ""q_ra"": 1, ""q_scratch"": 1, ""q_thermal"": 0, ""q_uniformity"": 0}","[[63.339, 63.325, 64.18, 60.802, 65.774], [62.794, 62.111, 58.321, 62.434, 63.81], [66.309, 58.626, 63.22, 62.938, 67.063], [63.653, 62.151, 64.613, 67.649, 68.691], [57.261, 70.915, 71.827, 71.172, 66.817]]","[[71.216, 69.644, 69.596, 69.674, 70.793], [69.982, 68.635, 68.336, 69.715, 70.474], [70.259, 69.269, 69.513, 70.539, 70.602], [72.103, 71.754, 71.364, 72.497, 72.412], [73.2, 72.618, 72.651, 73.157, 73.138]]","[[""q_clearcoat"", ""q_clearcoat"", ""q_clearcoat"", ""q_clearcoat"", ""q_clearcoat""], [""q_clearcoat"", ""q_clearcoat"", ""q_clearcoat"", ""q_clearcoat"", ""q_clearcoat""], [""q_clearcoat"", ""q_clearcoat"", ""q_clearcoat"", ""q_clearcoat"", ""q_clearcoat""], [""q_scratch"", ""q_clearcoat"", ""q_clearcoat"", ""q_clearcoat"", ""q_clearcoat""], [""q_ra"", ""q_clearcoat"", ""q_clearcoat"", ""q_clearcoat"", ""q_clearcoat""]]","[[37.891, 37.517, 37.561, 37.868, 38.407], [37.667, 37.448, 37.606, 38.256, 38.694], [38.351, 38.21, 38.532, 39.166, 39.383], [39.657, 39.711, 39.868, 40.727, 40.953], [40.539, 40.506, 40.904, 41.575, 41.857]]"
finish_rule,80,0,1,continue,5.7779998779296875,5.777801513671875,5.659209728240967,6.9276838302612305,0.0,5.945709068328142,0.0,0,54.54067257303574,65.95413982223606,0.2000637658597772,0.15550735635396143,2.107244824804598,1.6317858885089969,1.828375976639904,1.0389913654349627,41.935314936340646,40.83133187827828,1.1039830580623686,5.831331878278277,35.902849926154694,0.008117871805722229,0.05779800253948488,0.19507724772121424,0.8888479289304552,19.640075524100332,6.666847928930455,False,True,65.95413982223606,49.165893935635815,15,15,0,75.15481430164532,74.11174946857855,0,15,0,0:2;0:3;1:0;1:1;1:3;2:0;2:3;2:4;3:0;3:1;3:3;3:4;4:1;4:3;4:4,0:2;0:3;1:0;1:1;1:3;2:0;2:3;2:4;3:0;3:1;3:3;3:4;4:1;4:3;4:4,,,0:2;0:3;1:0;1:1;1:3;2:0;2:3;2:4;3:0;3:1;3:3;3:4;4:1;4:3;4:4,,"{""q_clearcoat"": 0, ""q_ra"": 6, ""q_scratch"": 9, ""q_thermal"": 0, ""q_uniformity"": 0}","[[74.112, 71.785, 69.133, 68.224, 74.184], [68.862, 67.261, 72.221, 56.951, 70.746], [63.657, 73.51, 73.161, 56.798, 69.441], [58.836, 63.219, 73.208, 54.518, 63.623], [73.974, 57.64, 72.806, 49.166, 51.818]]","[[76.29, 75.958, 76.066, 75.899, 76.034], [75.59, 75.199, 75.158, 75.213, 75.452], [74.908, 74.591, 74.381, 74.628, 75.047], [74.767, 74.741, 74.112, 74.291, 75.076], [75.393, 74.918, 74.647, 75.121, 75.391]]","[[""q_uniformity"", ""q_scratch"", ""q_scratch"", ""q_scratch"", ""q_clearcoat""], [""q_scratch"", ""q_scratch"", ""q_clearcoat"", ""q_ra"", ""q_scratch""], [""q_scratch"", ""q_clearcoat"", ""q_clearcoat"", ""q_ra"", ""q_scratch""], [""q_scratch"", ""q_scratch"", ""q_clearcoat"", ""q_ra"", ""q_scratch""], [""q_clearcoat"", ""q_ra"", ""q_clearcoat"", ""q_ra"", ""q_ra""]]","[[44.797, 44.813, 45.381, 45.786, 46.271], [43.605, 43.622, 44.093, 44.696, 45.269], [42.153, 42.271, 42.67, 43.418, 44.119], [41.12, 41.423, 41.639, 42.348, 43.315], [40.831, 40.936, 41.368, 42.275, 42.92]]"
finish_rule,80,0,2,fail_quality_regression,6.6668477058410645,5.666759967803955,5.510177135467529,6.893389701843262,-0.4999999701976776,7.999825291335583,0.6908990144729614,0,65.95413982223606,68.39169422587565,0.15550735635396143,0.16805559486544164,1.6317858885089969,1.4386283612850836,1.0389913654349627,0.6024523470584429,40.83133187827828,39.8804337292669,0.9508981490113797,4.880433729266898,35.902849926154694,0.008117871805722229,0.02297579677320495,0.17257124873367571,,,,False,True,68.39169422587565,58.99098203961364,12,12,0,73.51510958976581,72.15225326806213,0,12,0,1:0;1:1;1:3;2:0;2:3;3:0;3:1;3:3;3:4;4:1;4:3;4:4,1:0;1:1;1:3;2:0;2:3;3:0;3:1;3:3;3:4;4:1;4:3;4:4,,,1:0;1:1;1:3;2:0;2:3;3:0;3:1;3:3;3:4;4:1;4:3;4:4,,"{""q_clearcoat"": 8, ""q_ra"": 2, ""q_scratch"": 0, ""q_thermal"": 0, ""q_uniformity"": 2}","[[71.568, 72.476, 70.781, 70.307, 72.249], [69.248, 69.004, 72.172, 65.382, 70.853], [67.286, 71.589, 71.147, 64.987, 70.213], [64.969, 65.652, 70.979, 63.505, 67.143], [71.406, 65.652, 71.32, 58.991, 60.915]]","[[75.103, 74.76, 74.805, 74.705, 74.844], [74.145, 73.762, 73.759, 73.842, 74.1], [73.138, 72.892, 72.674, 73.019, 73.522], [72.69, 72.845, 72.152, 72.41, 73.443], [73.199, 72.742, 72.491, 73.229, 73.605]]","[[""q_uniformity"", ""q_clearcoat"", ""q_clearcoat"", ""q_clearcoat"", ""q_clearcoat""], [""q_clearcoat"", ""q_clearcoat"", ""q_clearcoat"", ""q_uniformity"", ""q_clearcoat""], [""q_clearcoat"", ""q_clearcoat"", ""q_clearcoat"", ""q_uniformity"", ""q_clearcoat""], [""q_clearcoat"", ""q_clearcoat"", ""q_clearcoat"", ""q_clearcoat"", ""q_clearcoat""], [""q_clearcoat"", ""q_clearcoat"", ""q_clearcoat"", ""q_ra"", ""q_ra""]]","[[43.921, 43.922, 44.392, 44.809, 45.256], [42.663, 42.677, 43.121, 43.679, 44.211], [41.191, 41.325, 41.663, 42.379, 43.058], [40.16, 40.498, 40.641, 41.289, 42.282], [39.88, 39.967, 40.332, 41.237, 41.856]]"
finish_rule,82,0,1,continue,5.7779998779296875,5.777801513671875,5.659221649169922,6.9279022216796875,0.0,5.945709068328142,0.0,0,46.67702555923724,63.18257464315229,0.23831216768065402,0.15316338682739372,2.0983864661408873,1.5888906725837924,1.6110741766368786,1.0603788681321373,42.865199887313175,41.57224572184751,1.292954165465666,6.5722457218475085,35.90277229768009,0.008119350859054776,0.0973917908121101,0.22846855020342113,1.2788428524459345,20.01258255360104,7.056842852445934,False,True,63.18257464315229,51.520954094741626,22,22,0,75.29756254523755,74.41113967566773,0,22,0,0:0;0:1;0:2;0:3;0:4;1:0;1:1;1:2;1:4;2:0;2:1;2:2;2:4;3:0;3:1;3:2;3:3;3:4;4:0;4:1;4:2;4:4,0:0;0:1;0:2;0:3;0:4;1:0;1:1;1:2;1:4;2:0;2:1;2:2;2:4;3:0;3:1;3:2;3:3;3:4;4:0;4:1;4:2;4:4,,,0:0;0:1;0:2;0:3;0:4;1:0;1:1;1:2;1:4;2:0;2:1;2:2;2:4;3:0;3:1;3:2;3:3;3:4;4:0;4:1;4:2;4:4,,"{""q_clearcoat"": 0, ""q_ra"": 6, ""q_scratch"": 16, ""q_thermal"": 0, ""q_uniformity"": 0}","[[52.753, 63.566, 64.572, 56.47, 56.771], [60.456, 54.977, 67.464, 73.676, 68.596], [64.187, 64.878, 58.179, 73.635, 60.881], [68.673, 61.866, 60.394, 61.803, 62.65], [51.521, 61.172, 68.393, 73.793, 68.238]]","[[76.295, 75.538, 74.891, 74.609, 75.376], [76.198, 75.511, 74.843, 74.512, 75.281], [76.23, 75.54, 74.782, 74.411, 74.896], [76.164, 75.397, 75.01, 74.653, 75.064], [76.05, 75.591, 75.122, 75.068, 75.409]]","[[""q_ra"", ""q_scratch"", ""q_scratch"", ""q_ra"", ""q_ra""], [""q_scratch"", ""q_ra"", ""q_scratch"", ""q_clearcoat"", ""q_scratch""], [""q_scratch"", ""q_scratch"", ""q_ra"", ""q_clearcoat"", ""q_scratch""], [""q_scratch"", ""q_scratch"", ""q_scratch"", ""q_scratch"", ""q_scratch""], [""q_ra"", ""q_scratch"", ""q_scratch"", ""q_clearcoat"", ""q_scratch""]]","[[46.296, 44.888, 43.226, 41.895, 41.572], [46.042, 44.753, 43.16, 41.887, 41.627], [46.047, 44.806, 43.233, 42.026, 41.687], [46.278, 44.993, 43.713, 42.525, 42.216], [46.509, 45.47, 44.104, 43.089, 42.721]]"
finish_rule,82,0,2,fail_finish_not_eligible,7.056842803955078,5.9981865882873535,5.8324785232543945,7.227479934692383,-0.4999999701976776,7.999825291335583,0.6908990144729614,0,63.18257464315229,67.47315912763105,0.15316338682739372,0.15764725709954028,1.5888906725837924,1.4561693544518441,1.0603788681321373,0.5690144646039821,41.57224572184751,40.47220339198579,1.100042329861715,5.4722033919857935,35.90277229768009,0.008119350859054776,0.03609772674812786,0.18860632327676632,,,,False,True,67.47315912763105,59.99940461771397,21,21,0,73.61973371428363,72.31522047396459,0,21,0,0:0;0:1;0:2;0:3;0:4;1:0;1:1;1:2;1:4;2:0;2:1;2:2;2:4;3:1;3:2;3:3;3:4;4:0;4:1;4:2;4:4,0:0;0:1;0:2;0:3;0:4;1:0;1:1;1:2;1:4;2:0;2:1;2:2;2:4;3:1;3:2;3:3;3:4;4:0;4:1;4:2;4:4,,,0:0;0:1;0:2;0:3;0:4;1:0;1:1;1:2;1:4;2:0;2:1;2:2;2:4;3:1;3:2;3:3;3:4;4:0;4:1;4:2;4:4,,"{""q_clearcoat"": 12, ""q_ra"": 1, ""q_scratch"": 5, ""q_thermal"": 0, ""q_uniformity"": 3}","[[59.999, 68.972, 67.192, 65.381, 64.966], [67.025, 64.626, 69.496, 71.32, 69.459], [69.993, 68.053, 65.749, 71.321, 65.684], [71.113, 66.836, 65.891, 66.361, 66.757], [63.988, 67.066, 69.934, 71.78, 67.866]]","[[75.199, 74.176, 73.096, 72.494, 73.121], [75.039, 74.126, 73.065, 72.397, 73.024], [75.073, 74.186, 73.027, 72.315, 72.578], [75.038, 74.044, 73.413, 72.722, 72.991], [74.871, 74.284, 73.497, 73.291, 73.424]]","[[""q_ra"", ""q_clearcoat"", ""q_clearcoat"", ""q_clearcoat"", ""q_uniformity""], [""q_scratch"", ""q_scratch"", ""q_clearcoat"", ""q_clearcoat"", ""q_clearcoat""], [""q_uniformity"", ""q_clearcoat"", ""q_clearcoat"", ""q_clearcoat"", ""q_clearcoat""], [""q_uniformity"", ""q_scratch"", ""q_scratch"", ""q_clearcoat"", ""q_clearcoat""], [""q_uniformity"", ""q_scratch"", ""q_clearcoat"", ""q_clearcoat"", ""q_clearcoat""]]","[[45.361, 43.865, 42.105, 40.793, 40.472], [45.076, 43.726, 42.057, 40.783, 40.515], [45.082, 43.796, 42.132, 40.908, 40.528], [45.318, 43.962, 42.652, 41.421, 41.093], [45.483, 44.43, 42.98, 42.001, 41.575]]"
finish_rule,83,0,1,continue,5.7779998779296875,5.777801513671875,5.659211158752441,6.929375648498535,0.0,5.945709068328142,0.0,0,46.493893539391536,65.0296733093736,0.22605487906967253,0.16483466281279485,2.163914487877124,1.796852063262289,1.8635955169905198,1.3160831333656924,42.90032181866736,41.81942588218069,1.0808959364866695,6.819425882180688,35.9027862073978,0.00811851081345387,0.07100466700894847,0.19099763309149084,1.1152703705223843,25.23290893281441,6.893270370522384,False,True,65.0296733093736,44.102476908916174,20,20,0,75.4396679975901,74.04051728781646,0,20,0,0:1;0:3;0:4;1:0;1:2;1:3;1:4;2:0;2:1;2:2;2:3;2:4;3:0;3:1;3:3;3:4;4:0;4:1;4:3;4:4,0:1;0:3;0:4;1:0;1:2;1:3;1:4;2:0;2:1;2:2;2:3;2:4;3:0;3:1;3:3;3:4;4:0;4:1;4:3;4:4,,,0:1;0:3;0:4;1:0;1:2;1:3;1:4;2:0;2:1;2:2;2:3;2:4;3:0;3:1;3:3;3:4;4:0;4:1;4:3;4:4,,"{""q_clearcoat"": 0, ""q_ra"": 3, ""q_scratch"": 17, ""q_thermal"": 0, ""q_uniformity"": 0}","[[74.092, 69.906, 74.096, 60.881, 69.793], [68.936, 71.853, 67.562, 63.63, 63.122], [44.102, 56.389, 56.382, 69.662, 63.811], [51.651, 69.068, 70.447, 67.938, 66.786], [55.188, 64.707, 73.444, 67.466, 64.83]]","[[76.386, 75.566, 75.632, 75.807, 76.115], [75.355, 75.144, 75.453, 75.942, 75.651], [75.507, 75.529, 75.908, 75.052, 75.004], [76.075, 75.763, 75.214, 74.041, 74.3], [76.454, 75.648, 75.171, 74.146, 75.129]]","[[""q_uniformity"", ""q_scratch"", ""q_clearcoat"", ""q_scratch"", ""q_scratch""], [""q_scratch"", ""q_clearcoat"", ""q_scratch"", ""q_scratch"", ""q_scratch""], [""q_ra"", ""q_ra"", ""q_scratch"", ""q_scratch"", ""q_scratch""], [""q_ra"", ""q_scratch"", ""q_scratch"", ""q_scratch"", ""q_scratch""], [""q_scratch"", ""q_scratch"", ""q_clearcoat"", ""q_scratch"", ""q_scratch""]]","[[43.091, 43.317, 44.471, 45.626, 46.48], [43.787, 44.059, 44.861, 45.695, 45.644], [45.655, 45.636, 45.713, 44.564, 44.14], [47.455, 46.653, 45.152, 43.059, 42.39], [48.292, 46.8, 44.895, 42.457, 41.819]]"
finish_rule,83,0,2,fail_quality_regression,6.893270492553711,5.859363555908203,5.697302341461182,7.084988594055176,-0.4999999701976776,7.999825291335583,0.6908990144729614,0,65.0296733093736,68.31426718083989,0.16483466281279485,0.16985178845172338,1.796852063262289,1.6285356067051109,1.3160831333656924,0.8063947058467824,41.81942588218069,40.84506908360516,0.9743567985755277,5.845069083605161,35.9027862073978,0.00811851081345387,0.02408189741657298,0.17102072879032698,,,,False,True,68.31426718083989,54.37775022135072,16,16,0,74.06236166295292,72.18648808612139,0,16,0,0:0;0:3;1:2;1:3;1:4;2:0;2:1;2:2;2:4;3:0;3:3;3:4;4:0;4:1;4:3;4:4,0:0;0:3;1:2;1:3;1:4;2:0;2:1;2:2;2:4;3:0;3:3;3:4;4:0;4:1;4:3;4:4,,,0:0;0:3;1:2;1:3;1:4;2:0;2:1;2:2;2:4;3:0;3:3;3:4;4:0;4:1;4:3;4:4,,"{""q_clearcoat"": 6, ""q_ra"": 2, ""q_scratch"": 3, ""q_thermal"": 0, ""q_uniformity"": 5}","[[68.988, 70.079, 72.394, 67.476, 70.465], [70.224, 72.583, 69.507, 68.137, 67.929], [54.378, 65.361, 65.639, 72.137, 67.948], [61.662, 71.426, 71.768, 69.208, 68.606], [65.747, 67.919, 71.725, 68.692, 67.859]]","[[75.24, 74.345, 74.314, 74.509, 74.915], [74.078, 73.806, 74.165, 74.661, 74.223], [74.29, 74.291, 74.536, 73.597, 73.412], [75.051, 74.575, 73.825, 72.301, 72.395], [75.447, 74.416, 73.747, 72.186, 73.233]]","[[""q_uniformity"", ""q_clearcoat"", ""q_clearcoat"", ""q_uniformity"", ""q_clearcoat""], [""q_clearcoat"", ""q_clearcoat"", ""q_clearcoat"", ""q_uniformity"", ""q_uniformity""], [""q_ra"", ""q_scratch"", ""q_uniformity"", ""q_clearcoat"", ""q_clearcoat""], [""q_ra"", ""q_clearcoat"", ""q_clearcoat"", ""q_clearcoat"", ""q_clearcoat""], [""q_scratch"", ""q_scratch"", ""q_clearcoat"", ""q_clearcoat"", ""q_clearcoat""]]","[[42.393, 42.543, 43.522, 44.581, 45.439], [42.93, 43.13, 43.892, 44.659, 44.494], [44.665, 44.632, 44.605, 43.499, 43.031], [46.485, 45.6, 44.074, 41.975, 41.312], [47.282, 45.693, 43.819, 41.337, 40.845]]"
finish_rule,84,0,1,continue,5.7779998779296875,5.777801513671875,5.65921688079834,6.930220127105713,0.0,5.945709068328142,0.0,0,52.6315591588158,67.60509797400253,0.173678499555635,0.13084945784143415,1.7366521504624777,1.4632785402245294,1.7392129256656432,1.0742898128880445,40.904268400436806,39.842714176301435,1.0615542241353708,4.842714176301435,35.90282514394533,0.008118383859832162,0.03421288608567811,0.18757970342808605,0.5471735821161683,15.154700238617602,6.325173582116168,False,True,67.60509797400253,52.00920002317369,16,16,0,74.9627585529057,73.61250732247551,0,16,0,0:0;0:1;1:0;1:1;2:0;2:1;2:2;3:0;3:1;3:2;3:3;3:4;4:0;4:2;4:3;4:4,0:0;0:1;1:0;1:1;2:0;2:1;2:2;3:0;3:1;3:2;3:3;3:4;4:0;4:2;4:3;4:4,,,0:0;0:1;1:0;1:1;2:0;2:1;2:2;3:0;3:1;3:2;3:3;3:4;4:0;4:2;4:3;4:4,,"{""q_clearcoat"": 0, ""q_ra"": 2, ""q_scratch"": 14, ""q_thermal"": 0, ""q_uniformity"": 0}","[[63.972, 68.786, 74.661, 74.804, 74.706], [67.09, 64.862, 74.003, 74.433, 74.376], [61.928, 66.604, 59.588, 71.964, 73.998], [64.498, 67.709, 52.753, 67.862, 68.887], [61.935, 70.905, 52.009, 68.444, 69.353]]","[[76.131, 76.081, 75.945, 76.058, 76.074], [75.489, 75.167, 75.167, 75.194, 75.466], [74.642, 74.515, 74.136, 74.699, 75.099], [74.161, 73.613, 73.847, 74.128, 74.751], [74.878, 74.262, 74.468, 74.835, 75.264]]","[[""q_scratch"", ""q_scratch"", ""q_clearcoat"", ""q_clearcoat"", ""q_clearcoat""], [""q_scratch"", ""q_scratch"", ""q_clearcoat"", ""q_clearcoat"", ""q_clearcoat""], [""q_scratch"", ""q_scratch"", ""q_scratch"", ""q_clearcoat"", ""q_clearcoat""], [""q_scratch"", ""q_scratch"", ""q_ra"", ""q_scratch"", ""q_scratch""], [""q_scratch"", ""q_clearcoat"", ""q_ra"", ""q_scratch"", ""q_scratch""]]","[[44.528, 44.59, 44.703, 45.073, 45.293], [43.321, 43.294, 43.625, 44.015, 44.467], [41.641, 41.861, 42.111, 42.926, 43.495], [40.271, 40.383, 41.037, 41.717, 42.442], [39.843, 40.005, 40.708, 41.474, 42.082]]"
finish_rule,84,0,2,fail_quality_regression,6.325173377990723,5.376323223114014,5.227814197540283,6.603328227996826,-0.4999999701976776,7.999825291335583,0.6908990144729614,0,67.60509797400253,69.1510560863552,0.13084945784143415,0.14563466242071207,1.4632785402245294,1.4343402085058767,1.0742898128880445,0.7132985380174888,39.842714176301435,38.92911323299657,0.9136009433048642,3.9291132329965706,35.90282514394533,0.008118383859832162,0.012127770194925752,0.17475773024502644,,,,False,True,69.1510560863552,61.415386525659834,15,15,0,73.29471595705387,71.50395914661357,0,15,0,0:0;1:0;1:1;2:0;2:1;2:2;3:0;3:1;3:2;3:3;3:4;4:0;4:2;4:3;4:4,0:0;1:0;1:1;2:0;2:1;2:2;3:0;3:1;3:2;3:3;3:4;4:0;4:2;4:3;4:4,,,0:0;1:0;1:1;2:0;2:1;2:2;3:0;3:1;3:2;3:3;3:4;4:0;4:2;4:3;4:4,,"{""q_clearcoat"": 12, ""q_ra"": 0, ""q_scratch"": 3, ""q_thermal"": 0, ""q_uniformity"": 0}","[[65.728, 70.474, 73.147, 73.372, 72.892], [69.44, 67.876, 72.376, 72.885, 72.847], [67.6, 68.133, 64.297, 72.269, 72.386], [67.031, 68.219, 61.677, 68.883, 69.601], [66.838, 70.722, 61.415, 69.339, 69.329]]","[[74.983, 74.843, 74.722, 74.855, 74.854], [74.157, 73.764, 73.784, 73.778, 74.099], [72.939, 72.859, 72.414, 73.139, 73.622], [71.957, 71.504, 71.92, 72.244, 73.081], [72.338, 71.883, 72.329, 72.853, 73.446]]","[[""q_scratch"", ""q_clearcoat"", ""q_clearcoat"", ""q_clearcoat"", ""q_clearcoat""], [""q_clearcoat"", ""q_clearcoat"", ""q_clearcoat"", ""q_clearcoat"", ""q_clearcoat""], [""q_clearcoat"", ""q_clearcoat"", ""q_scratch"", ""q_clearcoat"", ""q_clearcoat""], [""q_clearcoat"", ""q_clearcoat"", ""q_clearcoat"", ""q_clearcoat"", ""q_clearcoat""], [""q_clearcoat"", ""q_clearcoat"", ""q_scratch"", ""q_clearcoat"", ""q_clearcoat""]]","[[43.701, 43.694, 43.804, 44.156, 44.344], [42.477, 42.405, 42.712, 43.04, 43.483], [40.775, 40.988, 41.165, 41.977, 42.536], [39.387, 39.508, 40.139, 40.745, 41.492], [38.929, 39.106, 39.783, 40.503, 41.112]]"
finish_rule,85,0,1,continue,5.7779998779296875,5.777801513671875,5.6592116355896,6.926451683044434,0.0,5.945709068328142,0.0,0,57.56337368107984,68.21294105330378,0.15401095916122365,0.12348557884800386,1.906804090810408,1.5145839702038746,1.7442304988121977,1.152167187741958,40.83645086112807,39.69518391701095,1.1412669441171204,4.695183917010951,35.90276311019232,0.008118410924397511,0.025529413524231714,0.20166535864111018,0.3797788628090257,13.364635032868398,6.1577788628090255,False,True,68.21294105330378,52.25319048751668,14,14,0,75.1199536478248,72.89251148722443,0,14,0,0:0;0:1;0:4;1:0;1:1;1:2;1:3;1:4;2:2;2:3;2:4;3:1;3:2;3:3,0:0;0:1;0:4;1:0;1:1;1:2;1:3;1:4;2:2;2:3;2:4;3:1;3:2;3:3,,,0:0;0:1;0:4;1:0;1:1;1:2;1:3;1:4;2:2;2:3;2:4;3:1;3:2;3:3,,"{""q_clearcoat"": 2, ""q_ra"": 3, ""q_scratch"": 9, ""q_thermal"": 0, ""q_uniformity"": 0}","[[52.253, 69.028, 74.748, 74.157, 67.754], [66.441, 55.056, 57.261, 64.345, 69.568], [74.609, 70.472, 68.916, 57.923, 69.577], [71.326, 67.74, 68.072, 69.279, 70.388], [74.776, 73.519, 73.117, 72.186, 72.814]]","[[76.809, 76.415, 76.123, 75.819, 75.709], [76.358, 75.969, 75.639, 75.052, 75.116], [76.019, 75.308, 74.524, 74.232, 74.302], [75.948, 74.841, 73.953, 72.893, 73.617], [76.059, 75.012, 74.461, 73.512, 74.309]]","[[""q_ra"", ""q_scratch"", ""q_clearcoat"", ""q_clearcoat"", ""q_scratch""], [""q_scratch"", ""q_ra"", ""q_ra"", ""q_scratch"", ""q_scratch""], [""q_clearcoat"", ""q_scratch"", ""q_scratch"", ""q_scratch"", ""q_clearcoat""], [""q_scratch"", ""q_scratch"", ""q_scratch"", ""q_clearcoat"", ""q_clearcoat""], [""q_clearcoat"", ""q_clearcoat"", ""q_clearcoat"", ""q_clearcoat"", ""q_clearcoat""]]","[[45.435, 45.263, 45.299, 45.368, 45.497], [45.103, 44.76, 44.476, 44.048, 44.116], [44.752, 43.92, 42.931, 42.327, 42.117], [44.464, 43.138, 41.77, 40.468, 40.355], [44.331, 42.907, 41.491, 40.005, 39.695]]"
finish_rule,85,0,2,fail_quality_regression,6.157778739929199,5.234214782714844,5.089474678039551,6.460896968841553,-0.4999999701976776,7.999825291335583,0.6908990144729614,0,68.21294105330378,69.27793019847448,0.12348557884800386,0.13283724560869747,1.5145839702038746,1.5142066086509471,1.152167187741958,0.8128748132350474,39.69518391701095,38.78592693117221,0.9092569858387378,3.785926931172213,35.90276311019232,0.008118410924397511,0.010315282878936013,0.17865438839141265,,,,False,True,69.27793019847448,58.74395878405937,15,15,0,73.61355827439068,70.66446120085638,0,15,0,0:0;0:4;1:0;1:1;1:2;1:3;2:2;2:3;2:4;3:1;3:2;3:3;3:4;4:3;4:4,0:0;0:4;1:0;1:1;1:2;1:3;2:2;2:3;2:4;3:1;3:2;3:3;3:4;4:3;4:4,,,0:0;0:4;1:0;1:1;1:2;1:3;2:2;2:3;2:4;3:1;3:2;3:3;3:4;4:3;4:4,,"{""q_clearcoat"": 8, ""q_ra"": 1, ""q_scratch"": 5, ""q_thermal"": 0, ""q_uniformity"": 1}","[[58.744, 70.629, 73.273, 72.661, 68.449], [69.073, 62.903, 65.494, 66.19, 70.492], [73.16, 71.862, 69.803, 63.489, 69.935], [72.039, 69.869, 69.513, 68.875, 69.497], [73.268, 71.89, 71.306, 69.657, 69.879]]","[[75.86, 75.322, 75.015, 74.628, 74.482], [75.258, 74.816, 74.389, 73.682, 73.786], [74.868, 74.043, 73.017, 72.562, 72.616], [74.762, 73.453, 72.217, 70.664, 71.322], [74.789, 73.445, 72.603, 71.013, 71.726]]","[[""q_ra"", ""q_scratch"", ""q_clearcoat"", ""q_clearcoat"", ""q_uniformity""], [""q_scratch"", ""q_scratch"", ""q_scratch"", ""q_scratch"", ""q_clearcoat""], [""q_clearcoat"", ""q_clearcoat"", ""q_clearcoat"", ""q_scratch"", ""q_clearcoat""], [""q_clearcoat"", ""q_clearcoat"", ""q_clearcoat"", ""q_clearcoat"", ""q_clearcoat""], [""q_clearcoat"", ""q_clearcoat"", ""q_clearcoat"", ""q_clearcoat"", ""q_clearcoat""]]","[[44.691, 44.418, 44.434, 44.43, 44.517], [44.265, 43.906, 43.574, 43.097, 43.186], [43.902, 43.056, 42.009, 41.382, 41.192], [43.613, 42.269, 40.86, 39.519, 39.413], [43.437, 41.961, 40.569, 39.051, 38.786]]"
finish_rule,86,0,1,continue,5.7779998779296875,5.777801513671875,5.659211158752441,6.929375648498535,0.0,5.945709068328142,0.0,0,56.54452857394871,66.84467520363317,0.15224426696281637,0.14155763527823143,1.9149300230561643,1.6377879445890295,1.6750314743917574,1.1300070704003295,40.0,38.4454802050361,1.5545197949639018,3.445480205036098,35.9027862073978,0.00811851081345387,0.0450760685195261,0.2746884241206846,0.49229670304259215,5.26225380506397,6.270296703042591,False,True,66.84467520363317,48.82250954282732,18,18,0,73.82646925061911,72.62011581955109,0,18,0,0:0;0:1;0:2;0:3;1:0;1:1;1:2;1:3;1:4;2:1;2:2;2:3;3:1;3:2;3:3;3:4;4:1;4:3,0:0;0:1;0:2;0:3;1:0;1:1;1:2;1:3;1:4;2:1;2:2;2:3;3:1;3:2;3:3;3:4;4:1;4:3,,,0:0;0:1;0:2;0:3;1:0;1:1;1:2;1:3;1:4;2:1;2:2;2:3;3:1;3:2;3:3;3:4;4:1;4:3,,"{""q_clearcoat"": 5, ""q_ra"": 2, ""q_scratch"": 11, ""q_thermal"": 0, ""q_uniformity"": 0}","[[66.904, 62.055, 68.746, 67.591, 73.701], [67.219, 48.823, 61.945, 68.147, 68.341], [72.001, 68.311, 51.385, 68.338, 71.911], [71.74, 63.016, 67.772, 64.484, 69.273], [71.64, 67.337, 72.609, 66.706, 71.121]]","[[75.483, 75.054, 74.509, 74.912, 75.211], [74.102, 73.545, 74.016, 73.754, 74.259], [73.406, 72.62, 73.325, 73.348, 73.536], [73.602, 72.778, 73.013, 73.288, 73.611], [73.418, 73.141, 73.471, 73.871, 74.388]]","[[""q_scratch"", ""q_scratch"", ""q_scratch"", ""q_scratch"", ""q_clearcoat""], [""q_scratch"", ""q_ra"", ""q_scratch"", ""q_scratch"", ""q_scratch""], [""q_clearcoat"", ""q_clearcoat"", ""q_ra"", ""q_clearcoat"", ""q_clearcoat""], [""q_clearcoat"", ""q_scratch"", ""q_clearcoat"", ""q_scratch"", ""q_clearcoat""], [""q_clearcoat"", ""q_clearcoat"", ""q_clearcoat"", ""q_scratch"", ""q_clearcoat""]]","[[40.83, 41.202, 41.803, 42.914, 43.664], [39.728, 39.966, 40.886, 41.438, 42.129], [38.85, 38.952, 39.731, 40.217, 40.565], [38.551, 38.518, 38.995, 39.422, 39.734], [38.483, 38.445, 38.856, 39.261, 39.583]]"
finish_rule,86,0,2,fail_quality_regression,6.270296573638916,5.329910755157471,5.182461261749268,6.553012847900391,-0.4999999701976776,7.999825291335583,0.6908990144729614,0,66.84467520363317,67.03390865102567,0.14155763527823143,0.15345493446253392,1.6377879445890295,1.488463238489818,1.1300070704003295,0.7853713345273343,38.4454802050361,37.52945019729998,0.9160300077361185,2.5294501972999797,35.9027862073978,0.00811851081345387,0.042372733556776156,0.17675578484245638,,,,False,True,67.03390865102567,56.64902720314585,24,24,0,71.31269393470023,69.39442857469166,4,20,0,0:0;0:1;0:2;0:3;1:0;1:1;1:2;1:3;1:4;2:0;2:1;2:2;2:3;2:4;3:0;3:1;3:2;3:3;3:4;4:0;4:1;4:2;4:3;4:4,0:0;0:1;0:2;0:3;1:0;1:1;1:2;1:3;1:4;2:0;2:1;2:2;2:3;2:4;3:0;3:1;3:2;3:3;3:4;4:0;4:1;4:2;4:3;4:4,,2:1;3:1;4:0;4:1,0:0;0:1;0:2;0:3;1:0;1:1;1:2;1:3;1:4;2:0;2:2;2:3;2:4;3:0;3:2;3:3;3:4;4:2;4:3;4:4,,"{""q_clearcoat"": 21, ""q_ra"": 0, ""q_scratch"": 3, ""q_thermal"": 0, ""q_uniformity"": 0}","[[67.665, 64.771, 69.698, 68.904, 71.762], [65.913, 56.649, 63.668, 68.926, 68.998], [68.552, 68.429, 59.683, 68.904, 69.507], [68.265, 64.607, 67.402, 64.647, 68.91], [67.936, 66.737, 69.501, 66.422, 69.392]]","[[73.697, 73.313, 72.823, 73.424, 73.791], [71.682, 71.303, 71.999, 71.86, 72.537], [70.3, 69.681, 70.807, 70.981, 71.292], [70.199, 69.394, 70.1, 70.494, 70.967], [69.866, 69.562, 70.33, 70.837, 71.578]]","[[""q_clearcoat"", ""q_scratch"", ""q_clearcoat"", ""q_clearcoat"", ""q_clearcoat""], [""q_clearcoat"", ""q_scratch"", ""q_scratch"", ""q_clearcoat"", ""q_clearcoat""], [""q_clearcoat"", ""q_clearcoat"", ""q_clearcoat"", ""q_clearcoat"", ""q_clearcoat""], [""q_clearcoat"", ""q_clearcoat"", ""q_clearcoat"", ""q_clearcoat"", ""q_clearcoat""], [""q_clearcoat"", ""q_clearcoat"", ""q_clearcoat"", ""q_clearcoat"", ""q_clearcoat""]]","[[40.048, 40.383, 40.922, 42.011, 42.725], [38.863, 39.11, 39.975, 40.494, 41.183], [37.953, 38.063, 38.819, 39.268, 39.605], [37.656, 37.622, 38.11, 38.484, 38.785], [37.568, 37.529, 37.95, 38.297, 38.626]]"
finish_rule,89,0,1,continue,5.7779998779296875,5.777801513671875,5.659209728240967,6.9276838302612305,0.0,5.945709068328142,0.0,0,57.645697178641036,65.20571079113454,0.179675918142624,0.1544564918511184,1.8784119177958432,1.6147781261979137,1.437346614310033,0.9352091316388322,40.0,38.2464003096671,1.7535996903328979,3.246400309667102,35.902849926154694,0.008117871805722229,0.0684898458409352,0.3098665316434497,0.663090448758857,4.022377967238109,6.441090448758857,False,True,65.20571079113454,49.03915259830915,15,15,0,73.25788986648415,71.91807316775291,0,15,0,0:0;0:1;0:3;0:4;1:0;1:1;1:2;1:3;1:4;2:1;2:2;2:3;2:4;3:2;3:3,0:0;0:1;0:3;0:4;1:0;1:1;1:2;1:3;1:4;2:1;2:2;2:3;2:4;3:2;3:3,,,0:0;0:1;0:3;0:4;1:0;1:1;1:2;1:3;1:4;2:1;2:2;2:3;2:4;3:2;3:3,,"{""q_clearcoat"": 1, ""q_ra"": 3, ""q_scratch"": 11, ""q_thermal"": 0, ""q_uniformity"": 0}","[[53.138, 57.895, 72.099, 63.378, 65.995], [57.585, 49.039, 52.864, 60.495, 68.128], [72.887, 59.816, 63.727, 62.357, 65.301], [72.519, 71.764, 66.461, 62.669, 71.555], [72.954, 72.275, 71.251, 71.95, 72.041]]","[[74.554, 73.867, 73.389, 73.251, 73.587], [73.913, 73.3, 72.704, 72.576, 73.142], [74.045, 73.07, 73.163, 72.822, 72.529], [73.752, 73.15, 72.899, 71.918, 72.93], [73.991, 73.509, 72.741, 73.143, 73.502]]","[[""q_scratch"", ""q_ra"", ""q_clearcoat"", ""q_scratch"", ""q_scratch""], [""q_scratch"", ""q_ra"", ""q_ra"", ""q_scratch"", ""q_clearcoat""], [""q_clearcoat"", ""q_scratch"", ""q_scratch"", ""q_scratch"", ""q_scratch""], [""q_clearcoat"", ""q_clearcoat"", ""q_scratch"", ""q_scratch"", ""q_clearcoat""], [""q_clearcoat"", ""q_clearcoat"", ""q_clearcoat"", ""q_clearcoat"", ""q_clearcoat""]]","[[38.821, 38.614, 38.474, 38.435, 38.531], [38.627, 38.449, 38.282, 38.246, 38.404], [38.666, 38.383, 38.41, 38.326, 38.362], [38.58, 38.406, 38.365, 38.422, 39.077], [38.65, 38.509, 38.498, 39.222, 39.66]]"
finish_rule,89,0,2,fail_finish_not_eligible,6.4410905838012695,5.474771499633789,5.323611736297607,6.703470706939697,-0.4999999701976776,7.999825291335583,0.6908990144729614,0,65.20571079113454,65.05408759751447,0.1544564918511184,0.15939417357492994,1.6147781261979137,1.4963417268284704,0.9352091316388322,0.7348303188582255,38.2464003096671,37.2086686917217,1.0377316179454041,2.208668691721698,35.902849926154694,0.008117871805722229,0.07065589146407904,0.19492999665432242,,,,False,True,65.05408759751447,56.6744897912291,25,25,0,69.5749322684312,68.10693206840581,17,8,0,0:0;0:1;0:2;0:3;0:4;1:0;1:1;1:2;1:3;1:4;2:0;2:1;2:2;2:3;2:4;3:0;3:1;3:2;3:3;3:4;4:0;4:1;4:2;4:3;4:4,0:0;0:1;0:2;0:3;0:4;1:0;1:1;1:2;1:3;1:4;2:0;2:1;2:2;2:3;2:4;3:0;3:1;3:2;3:3;3:4;4:0;4:1;4:2;4:3;4:4,,0:2;0:3;0:4;1:1;1:2;1:3;1:4;2:1;2:2;2:3;2:4;3:1;3:2;3:3;3:4;4:1;4:2,0:0;0:1;1:0;2:0;3:0;4:0;4:3;4:4,,"{""q_clearcoat"": 24, ""q_ra"": 0, ""q_scratch"": 1, ""q_thermal"": 0, ""q_uniformity"": 0}","[[56.674, 62.15, 68.023, 63.914, 65.803], [63.273, 57.481, 59.971, 61.999, 66.768], [69.317, 62.321, 64.303, 63.039, 64.192], [68.791, 67.912, 66.298, 62.563, 68.275], [69.408, 68.695, 67.616, 68.834, 68.735]]","[[71.624, 70.392, 69.534, 69.31, 69.812], [70.52, 69.564, 68.428, 68.208, 69.123], [70.737, 69.164, 69.202, 68.651, 68.464], [70.137, 69.426, 68.843, 68.107, 69.825], [70.56, 69.879, 69.153, 70.142, 70.57]]","[[""q_scratch"", ""q_clearcoat"", ""q_clearcoat"", ""q_clearcoat"", ""q_clearcoat""], [""q_clearcoat"", ""q_clearcoat"", ""q_clearcoat"", ""q_clearcoat"", ""q_clearcoat""], [""q_clearcoat"", ""q_clearcoat"", ""q_clearcoat"", ""q_clearcoat"", ""q_clearcoat""], [""q_clearcoat"", ""q_clearcoat"", ""q_clearcoat"", ""q_clearcoat"", ""q_clearcoat""], [""q_clearcoat"", ""q_clearcoat"", ""q_clearcoat"", ""q_clearcoat"", ""q_clearcoat""]]","[[37.994, 37.69, 37.492, 37.443, 37.555], [37.721, 37.499, 37.254, 37.209, 37.402], [37.773, 37.411, 37.419, 37.309, 37.351], [37.63, 37.468, 37.362, 37.438, 38.119], [37.73, 37.571, 37.559, 38.264, 38.631]]"
finish_rule,90,0,1,continue,5.7779998779296875,5.777801513671875,5.659209728240967,6.9276838302612305,0.0,5.945709068328142,0.0,0,54.6542513634355,66.19093906765237,0.1989072147059165,0.14164176196079747,2.33189124300894,2.0008512770318547,1.9367870384630135,1.3119617955142469,47.02872116979612,45.72061083405713,1.3081103357389878,10.720610834057133,35.902849926154694,0.008117871805722229,0.05441515617639477,0.23114717399695722,0.7062403822913849,37.7275252094232,6.484240382291384,False,True,66.19093906765237,50.10465981776659,16,16,0,76.28887106854226,75.69098826798921,0,16,0,0:0;0:1;0:2;0:3;1:1;1:2;1:3;2:1;2:2;3:0;3:1;4:0;4:1;4:2;4:3;4:4,0:0;0:1;0:2;0:3;1:1;1:2;1:3;2:1;2:2;3:0;3:1;4:0;4:1;4:2;4:3;4:4,,,0:0;0:1;0:2;0:3;1:1;1:2;1:3;2:1;2:2;3:0;3:1;4:0;4:1;4:2;4:3;4:4,,"{""q_clearcoat"": 0, ""q_ra"": 3, ""q_scratch"": 13, ""q_thermal"": 0, ""q_uniformity"": 0}","[[50.105, 63.185, 56.501, 68.845, 71.854], [75.441, 53.245, 67.715, 69.013, 70.056], [75.297, 62.342, 68.026, 75.034, 75.177], [64.517, 55.101, 70.503, 75.033, 75.17], [56.947, 52.339, 66.521, 68.915, 67.89]]","[[76.972, 76.573, 76.169, 75.977, 76.309], [76.818, 76.372, 75.963, 75.691, 76.077], [76.692, 76.595, 75.837, 75.731, 76.12], [76.554, 76.548, 76.391, 75.744, 75.96], [76.72, 76.671, 76.566, 75.878, 76.295]]","[[""q_ra"", ""q_scratch"", ""q_scratch"", ""q_scratch"", ""q_scratch""], [""q_uniformity"", ""q_ra"", ""q_scratch"", ""q_scratch"", ""q_scratch""], [""q_uniformity"", ""q_scratch"", ""q_scratch"", ""q_clearcoat"", ""q_clearcoat""], [""q_scratch"", ""q_scratch"", ""q_scratch"", ""q_clearcoat"", ""q_clearcoat""], [""q_scratch"", ""q_ra"", ""q_scratch"", ""q_scratch"", ""q_scratch""]]","[[48.695, 48.033, 47.049, 46.062, 45.721], [48.706, 48.161, 47.166, 46.039, 45.73], [48.573, 48.471, 47.504, 46.507, 46.169], [48.429, 48.422, 48.251, 47.034, 46.584], [48.602, 48.551, 48.441, 47.467, 47.209]]"
finish_rule,90,0,2,fail_quality_regression,6.484240531921387,5.5117058753967285,5.359262466430664,6.738696098327637,-0.4999999701976776,7.999825291335583,0.6908990144729614,0,66.19093906765237,69.15019526867901,0.14164176196079747,0.15576762484364617,2.0008512770318547,1.8237091512165502,1.3119617955142469,0.9375239579317778,45.72061083405713,44.73182687609174,0.9887839579653956,9.731826876091738,35.902849926154694,0.008117871805722229,0.01214006759029981,0.18450000614057221,,,,False,True,69.15019526867901,55.348808673974375,10,10,0,75.25864692035537,74.4753652519936,0,10,0,0:0;0:1;0:2;1:1;2:1;3:0;3:1;4:0;4:1;4:4,0:0;0:1;0:2;1:1;2:1;3:0;3:1;4:0;4:1;4:4,,,0:0;0:1;0:2;1:1;2:1;3:0;3:1;4:0;4:1;4:4,,"{""q_clearcoat"": 0, ""q_ra"": 1, ""q_scratch"": 7, ""q_thermal"": 0, ""q_uniformity"": 2}","[[55.349, 67.472, 65.373, 70.281, 70.927], [73.904, 62.683, 70.21, 70.665, 71.523], [73.967, 67.643, 70.333, 73.777, 73.857], [69.934, 62.708, 72.896, 73.814, 73.915], [65.577, 60.628, 70.734, 70.929, 69.656]]","[[76.229, 75.652, 75.104, 74.794, 75.083], [75.96, 75.43, 74.935, 74.475, 74.848], [75.779, 75.637, 74.795, 74.603, 74.959], [75.59, 75.584, 75.408, 74.662, 74.788], [75.819, 75.75, 75.566, 74.797, 75.218]]","[[""q_ra"", ""q_scratch"", ""q_scratch"", ""q_uniformity"", ""q_clearcoat""], [""q_uniformity"", ""q_scratch"", ""q_clearcoat"", ""q_clearcoat"", ""q_clearcoat""], [""q_clearcoat"", ""q_scratch"", ""q_clearcoat"", ""q_clearcoat"", ""q_clearcoat""], [""q_uniformity"", ""q_scratch"", ""q_clearcoat"", ""q_clearcoat"", ""q_clearcoat""], [""q_scratch"", ""q_scratch"", ""q_uniformity"", ""q_clearcoat"", ""q_uniformity""]]","[[47.928, 47.127, 46.077, 45.071, 44.732], [47.82, 47.222, 46.213, 45.017, 44.733], [47.64, 47.499, 46.51, 45.517, 45.188], [47.452, 47.447, 47.266, 46.039, 45.555], [47.679, 47.61, 47.429, 46.441, 46.215]]"
finish_rule,91,0,1,continue,5.7779998779296875,5.777801513671875,5.659209728240967,6.9276838302612305,0.0,5.945709068328142,0.0,0,51.007775448774474,60.63405504917022,0.2804602172555024,0.19419213298648932,2.2994645693436766,1.8927192745785535,1.8932276888626607,1.1673177827917023,40.0,38.25289071751044,1.7471092824895607,3.2528907175104393,35.902849926154694,0.008117871805722229,0.13379921358328253,0.30871965634548215,1.3002011128849253,4.058344493971429,7.0782011128849245,False,True,60.63405504917022,44.70308630412261,22,22,0,73.09128347106825,72.17132220316356,0,22,0,0:0;0:1;0:3;0:4;1:0;1:1;1:2;1:3;1:4;2:0;2:1;2:2;2:3;2:4;3:0;3:1;3:2;3:3;3:4;4:0;4:1;4:2,0:0;0:1;0:3;0:4;1:0;1:1;1:2;1:3;1:4;2:0;2:1;2:2;2:3;2:4;3:0;3:1;3:2;3:3;3:4;4:0;4:1;4:2,,,0:0;0:1;0:3;0:4;1:0;1:1;1:2;1:3;1:4;2:0;2:1;2:2;2:3;2:4;3:0;3:1;3:2;3:3;3:4;4:0;4:1;4:2,,"{""q_clearcoat"": 2, ""q_ra"": 8, ""q_scratch"": 12, ""q_thermal"": 0, ""q_uniformity"": 0}","[[66.95, 66.187, 72.582, 62.569, 61.882], [55.005, 67.166, 56.107, 66.179, 60.045], [51.229, 67.973, 54.374, 67.502, 55.038], [59.957, 54.616, 52.418, 50.842, 62.974], [59.616, 44.703, 56.77, 72.046, 71.12]]","[[74.22, 73.761, 73.685, 73.078, 73.123], [73.794, 73.321, 72.886, 72.726, 72.77], [73.561, 73.163, 72.77, 72.599, 72.731], [73.238, 72.823, 72.697, 72.367, 72.171], [73.54, 73.02, 72.919, 73.191, 73.129]]","[[""q_scratch"", ""q_scratch"", ""q_clearcoat"", ""q_scratch"", ""q_scratch""], [""q_scratch"", ""q_scratch"", ""q_ra"", ""q_scratch"", ""q_scratch""], [""q_ra"", ""q_clearcoat"", ""q_ra"", ""q_clearcoat"", ""q_scratch""], [""q_scratch"", ""q_ra"", ""q_ra"", ""q_ra"", ""q_scratch""], [""q_ra"", ""q_ra"", ""q_scratch"", ""q_clearcoat"", ""q_clearcoat""]]","[[38.719, 38.582, 38.56, 38.386, 38.398], [38.592, 38.455, 38.332, 38.288, 38.3], [38.524, 38.41, 38.3, 38.253, 38.289], [38.525, 38.391, 38.359, 38.296, 38.287], [39.045, 38.875, 38.902, 39.114, 39.206]]"
finish_rule,91,0,2,fail_finish_not_eligible,7.0782012939453125,6.016328811645508,5.850119590759277,7.246517658233643,-0.4999999701976776,7.999825291335583,0.6908990144729614,0,60.63405504917022,62.52514899967214,0.19419213298648932,0.19645297722627877,1.8927192745785535,1.6491886552561383,1.1673177827917023,0.7176381768263189,38.25289071751044,37.07902653015413,1.1738641873563083,2.079026530154131,35.902849926154694,0.008117871805722229,0.10678358571896943,0.2006564428546929,,,,False,True,62.52514899967214,53.72192696427841,25,25,0,68.74949567459142,67.21599528429184,23,2,0,0:0;0:1;0:2;0:3;0:4;1:0;1:1;1:2;1:3;1:4;2:0;2:1;2:2;2:3;2:4;3:0;3:1;3:2;3:3;3:4;4:0;4:1;4:2;4:3;4:4,0:0;0:1;0:2;0:3;0:4;1:0;1:1;1:2;1:3;1:4;2:0;2:1;2:2;2:3;2:4;3:0;3:1;3:2;3:3;3:4;4:0;4:1;4:2;4:3;4:4,,0:1;0:2;0:3;0:4;1:0;1:1;1:2;1:3;1:4;2:0;2:1;2:2;2:3;2:4;3:0;3:1;3:2;3:3;3:4;4:1;4:2;4:3;4:4,0:0;4:0,,"{""q_clearcoat"": 24, ""q_ra"": 1, ""q_scratch"": 0, ""q_thermal"": 0, ""q_uniformity"": 0}","[[63.505, 64.756, 68.162, 63.879, 63.222], [61.0, 65.74, 61.475, 64.707, 62.451], [58.181, 65.92, 59.294, 65.226, 59.945], [62.303, 60.512, 58.916, 57.422, 62.204], [63.959, 53.722, 61.743, 68.117, 66.77]]","[[70.685, 69.783, 69.521, 68.368, 68.551], [69.885, 69.044, 68.183, 67.922, 67.976], [69.434, 68.778, 67.893, 67.56, 67.774], [69.179, 68.411, 67.975, 67.442, 67.216], [70.07, 69.098, 69.031, 69.462, 69.499]]","[[""q_clearcoat"", ""q_clearcoat"", ""q_clearcoat"", ""q_clearcoat"", ""q_clearcoat""], [""q_clearcoat"", ""q_clearcoat"", ""q_clearcoat"", ""q_clearcoat"", ""q_clearcoat""], [""q_clearcoat"", ""q_clearcoat"", ""q_clearcoat"", ""q_clearcoat"", ""q_clearcoat""], [""q_clearcoat"", ""q_clearcoat"", ""q_clearcoat"", ""q_clearcoat"", ""q_clearcoat""], [""q_clearcoat"", ""q_ra"", ""q_clearcoat"", ""q_clearcoat"", ""q_clearcoat""]]","[[37.76, 37.549, 37.49, 37.242, 37.28], [37.572, 37.385, 37.203, 37.151, 37.162], [37.47, 37.327, 37.145, 37.079, 37.121], [37.48, 37.302, 37.213, 37.125, 37.108], [38.007, 37.756, 37.782, 37.981, 38.074]]"
finish_rule,92,0,1,continue,5.7779998779296875,5.777801513671875,5.659221649169922,6.9279022216796875,0.0,5.945709068328142,0.0,0,48.270325839535644,66.81646140608856,0.2061955487442988,0.15415719895115684,1.8409012479119715,1.5334240771684835,1.5087670989127997,0.9914807233301017,46.843630464793335,45.77638330039987,1.0672471643934642,10.776383300399871,35.90277229768009,0.008119350859054776,0.045479122770163374,0.18858550354711853,0.7234774982394176,46.53795299916609,6.501477498239417,False,True,66.81646140608856,54.38720598198431,19,19,0,76.16801670296911,75.64405366955685,0,19,0,0:0;0:4;1:0;1:1;1:2;1:4;2:0;2:1;2:2;2:3;2:4;3:0;3:2;3:3;3:4;4:0;4:2;4:3;4:4,0:0;0:4;1:0;1:1;1:2;1:4;2:0;2:1;2:2;2:3;2:4;3:0;3:2;3:3;3:4;4:0;4:2;4:3;4:4,,,0:0;0:4;1:0;1:1;1:2;1:4;2:0;2:1;2:2;2:3;2:4;3:0;3:2;3:3;3:4;4:0;4:2;4:3;4:4,,"{""q_clearcoat"": 0, ""q_ra"": 1, ""q_scratch"": 18, ""q_thermal"": 0, ""q_uniformity"": 0}","[[65.671, 71.599, 72.002, 71.659, 69.378], [68.293, 64.642, 69.487, 71.935, 68.465], [62.443, 66.93, 68.004, 63.189, 64.179], [54.387, 74.878, 64.795, 63.217, 68.947], [54.754, 74.41, 59.474, 68.131, 69.542]]","[[76.617, 76.489, 76.232, 76.288, 76.435], [76.549, 76.425, 76.186, 75.846, 75.746], [76.35, 76.141, 75.987, 75.649, 75.771], [76.325, 75.829, 75.666, 76.298, 76.335], [76.546, 75.818, 75.644, 76.511, 76.517]]","[[""q_scratch"", ""q_scratch"", ""q_scratch"", ""q_scratch"", ""q_scratch""], [""q_scratch"", ""q_scratch"", ""q_scratch"", ""q_scratch"", ""q_scratch""], [""q_scratch"", ""q_scratch"", ""q_scratch"", ""q_scratch"", ""q_scratch""], [""q_ra"", ""q_clearcoat"", ""q_scratch"", ""q_scratch"", ""q_scratch""], [""q_scratch"", ""q_clearcoat"", ""q_scratch"", ""q_scratch"", ""q_scratch""]]","[[47.157, 46.785, 46.201, 45.961, 45.943], [46.857, 46.65, 46.4, 46.205, 46.253], [46.288, 46.299, 46.674, 47.064, 47.496], [45.858, 45.956, 46.889, 48.166, 48.29], [45.776, 45.916, 47.126, 48.392, 48.458]]"
finish_rule,92,0,2,fail_quality_regression,6.5014777183532715,5.526181697845459,5.373517990112305,6.751694679260254,-0.4999999701976776,7.999825291335583,0.6908990144729614,0,66.81646140608856,69.97733946704751,0.15415719895115684,0.16126299891991536,1.5334240771684835,1.3663796177963938,0.9914807233301017,0.5479922763875296,45.77638330039987,44.82850252046232,0.9478807799375488,9.828502520462322,35.90277229768009,0.008119350859054776,0.00032372189932122606,0.17639854964321772,,,,False,True,69.97733946704751,65.33807924095177,12,12,0,75.07657558866433,74.56562027989027,0,12,0,0:0;1:1;2:0;2:1;2:2;2:3;2:4;3:0;3:2;3:3;4:0;4:2,0:0;1:1;2:0;2:1;2:2;2:3;2:4;3:0;3:2;3:3;4:0;4:2,,,0:0;1:1;2:0;2:1;2:2;2:3;2:4;3:0;3:2;3:3;4:0;4:2,,"{""q_clearcoat"": 0, ""q_ra"": 0, ""q_scratch"": 3, ""q_thermal"": 0, ""q_uniformity"": 9}","[[68.092, 72.037, 72.374, 72.484, 70.162], [70.172, 68.976, 71.546, 72.721, 70.601], [68.427, 69.327, 69.569, 67.729, 69.256], [65.338, 73.454, 68.621, 68.035, 71.033], [66.964, 73.134, 67.654, 71.183, 70.547]]","[[75.681, 75.456, 75.077, 75.135, 75.255], [75.565, 75.337, 75.059, 74.682, 74.585], [75.266, 75.001, 74.875, 74.576, 74.704], [75.173, 74.692, 74.606, 75.325, 75.302], [75.373, 74.661, 74.566, 75.491, 75.471]]","[[""q_scratch"", ""q_clearcoat"", ""q_clearcoat"", ""q_clearcoat"", ""q_uniformity""], [""q_scratch"", ""q_uniformity"", ""q_clearcoat"", ""q_clearcoat"", ""q_clearcoat""], [""q_scratch"", ""q_uniformity"", ""q_uniformity"", ""q_uniformity"", ""q_uniformity""], [""q_scratch"", ""q_clearcoat"", ""q_uniformity"", ""q_uniformity"", ""q_uniformity""], [""q_uniformity"", ""q_clearcoat"", ""q_uniformity"", ""q_uniformity"", ""q_uniformity""]]","[[46.299, 45.867, 45.224, 45.009, 44.973], [45.978, 45.695, 45.429, 45.213, 45.258], [45.364, 45.325, 45.689, 46.073, 46.479], [44.915, 45.008, 45.925, 47.195, 47.253], [44.829, 44.955, 46.126, 47.363, 47.398]]"
finish_rule,93,0,1,continue,5.7779998779296875,5.777801513671875,5.659211158752441,6.929375648498535,0.0,5.945709068328142,0.0,0,62.50503953272095,69.94489237599147,0.12730655906911767,0.11197941493381806,1.7202332689284203,1.3212353595981052,1.6134390674909675,1.0174658185667593,41.52196404295408,40.80292365035061,0.7190403926034747,5.802923650350607,35.9027862073978,0.00811851081345387,0.0007872517715503997,0.12705664666557262,0.018588207517136864,29.930930416889797,5.796588207517137,False,True,69.94489237599147,55.846661945461975,10,10,0,75.12886388378763,74.472738398806,0,10,0,0:0;1:0;2:0;2:2;2:3;3:2;3:3;4:1;4:2;4:3,0:0;1:0;2:0;2:2;2:3;3:2;3:3;4:1;4:2;4:3,,,0:0;1:0;2:0;2:2;2:3;3:2;3:3;4:1;4:2;4:3,,"{""q_clearcoat"": 2, ""q_ra"": 0, ""q_scratch"": 8, ""q_thermal"": 0, ""q_uniformity"": 0}","[[65.654, 73.979, 73.822, 73.51, 74.215], [64.657, 73.708, 73.47, 73.962, 73.783], [65.953, 73.969, 69.997, 69.54, 71.493], [74.171, 73.849, 61.158, 61.872, 73.578], [74.718, 55.847, 60.934, 69.401, 71.383]]","[[76.093, 75.216, 75.056, 75.321, 75.559], [75.226, 74.582, 74.473, 74.675, 74.989], [75.362, 74.738, 74.532, 74.587, 75.067], [75.571, 74.738, 74.734, 75.017, 75.461], [75.894, 75.249, 75.016, 75.385, 75.68]]","[[""q_scratch"", ""q_clearcoat"", ""q_clearcoat"", ""q_clearcoat"", ""q_clearcoat""], [""q_scratch"", ""q_clearcoat"", ""q_clearcoat"", ""q_clearcoat"", ""q_clearcoat""], [""q_scratch"", ""q_clearcoat"", ""q_clearcoat"", ""q_clearcoat"", ""q_clearcoat""], [""q_clearcoat"", ""q_clearcoat"", ""q_scratch"", ""q_scratch"", ""q_clearcoat""], [""q_clearcoat"", ""q_scratch"", ""q_scratch"", ""q_scratch"", ""q_scratch""]]","[[40.803, 40.851, 41.414, 42.127, 42.589], [40.823, 40.96, 41.563, 42.299, 42.865], [41.453, 41.616, 42.267, 43.066, 43.878], [42.016, 42.106, 43.008, 44.157, 45.183], [42.422, 42.671, 43.553, 44.919, 45.929]]"
finish_rule,93,0,2,success,5.79658842086792,4.927014350891113,4.790966987609863,6.151762008666992,-0.4999999701976776,7.999825291335583,0.6908990144729614,0,69.94489237599147,70.42586663047673,0.11197941493381806,0.12670609472967326,1.3212353595981052,1.1897018575342981,1.0174658185667593,0.6639285443299765,40.80292365035061,40.05935477645206,0.7435688738985462,5.059354776452061,35.9027862073978,0.00811851081345387,0.0,0.1552022537040066,,,,True,True,70.42586663047673,64.40022582674527,7,7,0,73.6887564363619,72.83365189698708,0,7,0,0:0;1:0;2:0;3:2;3:3;4:1;4:2,0:0;1:0;2:0;3:2;3:3;4:1;4:2,,,0:0;1:0;2:0;3:2;3:3;4:1;4:2,,"{""q_clearcoat"": 3, ""q_ra"": 0, ""q_scratch"": 4, ""q_thermal"": 0, ""q_uniformity"": 0}","[[67.209, 72.07, 71.97, 71.762, 72.298], [66.955, 71.881, 71.735, 72.387, 72.289], [69.048, 72.301, 70.713, 70.329, 72.0], [72.564, 72.222, 66.104, 65.666, 73.367], [73.055, 64.4, 66.073, 71.34, 70.909]]","[[74.371, 73.721, 73.407, 73.731, 74.079], [73.508, 72.882, 72.834, 73.177, 73.581], [73.771, 73.16, 73.056, 73.208, 73.815], [74.07, 73.23, 73.397, 73.823, 74.386], [74.475, 73.9, 73.758, 74.269, 74.611]]","[[""q_scratch"", ""q_clearcoat"", ""q_clearcoat"", ""q_clearcoat"", ""q_clearcoat""], [""q_clearcoat"", ""q_clearcoat"", ""q_clearcoat"", ""q_clearcoat"", ""q_clearcoat""], [""q_clearcoat"", ""q_clearcoat"", ""q_clearcoat"", ""q_clearcoat"", ""q_clearcoat""], [""q_clearcoat"", ""q_clearcoat"", ""q_clearcoat"", ""q_scratch"", ""q_clearcoat""], [""q_clearcoat"", ""q_scratch"", ""q_scratch"", ""q_clearcoat"", ""q_clearcoat""]]","[[40.059, 40.185, 40.61, 41.268, 41.739], [40.067, 40.183, 40.736, 41.458, 42.015], [40.676, 40.815, 41.438, 42.205, 43.023], [41.219, 41.283, 42.181, 43.314, 44.342], [41.628, 41.88, 42.724, 44.069, 45.035]]"
finish_rule,95,0,1,continue,5.7779998779296875,5.777801513671875,5.6592116355896,6.926451683044434,0.0,5.945709068328142,0.0,0,51.0966334007559,67.3146436323827,0.18342291448486828,0.14780253593160378,2.0685165611155014,1.596978470288568,1.496440963022844,0.9849771021054172,41.54650086086805,40.52482118647719,1.0216796743908603,5.52482118647719,35.90276311019232,0.008118410924397511,0.03836223382310432,0.18053392242229116,0.6374796488391303,19.524425876219528,6.4154796488391295,False,True,67.3146436323827,52.72724500267479,17,17,0,75.33860161513317,73.65514769404959,0,17,0,0:0;0:1;0:2;0:3;0:4;1:3;1:4;2:1;2:2;2:3;2:4;3:0;3:3;3:4;4:0;4:3;4:4,0:0;0:1;0:2;0:3;0:4;1:3;1:4;2:1;2:2;2:3;2:4;3:0;3:3;3:4;4:0;4:3;4:4,,,0:0;0:1;0:2;0:3;0:4;1:3;1:4;2:1;2:2;2:3;2:4;3:0;3:3;3:4;4:0;4:3;4:4,,"{""q_clearcoat"": 0, ""q_ra"": 2, ""q_scratch"": 15, ""q_thermal"": 0, ""q_uniformity"": 0}","[[69.436, 68.293, 69.895, 68.152, 59.597], [75.258, 71.723, 71.916, 63.173, 60.57], [74.555, 69.197, 57.31, 62.037, 66.867], [63.168, 73.768, 71.077, 68.422, 68.276], [52.727, 74.511, 74.583, 62.143, 66.214]]","[[76.284, 75.547, 74.634, 74.048, 75.015], [76.372, 75.477, 74.325, 73.655, 73.798], [76.173, 75.735, 75.012, 74.842, 74.559], [76.382, 75.783, 75.367, 75.226, 75.181], [76.394, 76.079, 75.772, 75.84, 75.965]]","[[""q_scratch"", ""q_scratch"", ""q_scratch"", ""q_scratch"", ""q_scratch""], [""q_clearcoat"", ""q_scratch"", ""q_clearcoat"", ""q_scratch"", ""q_ra""], [""q_clearcoat"", ""q_scratch"", ""q_scratch"", ""q_scratch"", ""q_scratch""], [""q_scratch"", ""q_clearcoat"", ""q_scratch"", ""q_scratch"", ""q_scratch""], [""q_ra"", ""q_clearcoat"", ""q_clearcoat"", ""q_scratch"", ""q_scratch""]]","[[46.748, 45.08, 42.843, 41.015, 40.525], [46.642, 45.031, 42.934, 41.367, 40.731], [46.166, 45.213, 43.783, 42.844, 42.189], [46.045, 45.175, 44.326, 43.775, 43.551], [45.862, 45.337, 44.751, 44.558, 44.587]]"
finish_rule,95,0,2,fail_quality_regression,6.41547966003418,5.453127384185791,5.302452087402344,6.6790924072265625,-0.4999999701976776,7.999825291335583,0.6908990144729614,0,67.3146436323827,69.24877218275064,0.14780253593160378,0.1550901478548654,1.596978470288568,1.4129047060260955,0.9849771021054172,0.6173956181733811,40.52482118647719,39.629701320487,0.8951198659901891,4.629701320487001,35.90276311019232,0.008118410924397511,0.010731825960705115,0.1688124383276994,,,,False,True,69.24877218275064,63.649369504925836,16,16,0,73.89474243550903,71.45056030781615,0,16,0,0:0;0:1;0:2;0:3;0:4;1:3;1:4;2:2;2:3;2:4;3:0;3:3;3:4;4:0;4:3;4:4,0:0;0:1;0:2;0:3;0:4;1:3;1:4;2:2;2:3;2:4;3:0;3:3;3:4;4:0;4:3;4:4,,,0:0;0:1;0:2;0:3;0:4;1:3;1:4;2:2;2:3;2:4;3:0;3:3;3:4;4:0;4:3;4:4,,"{""q_clearcoat"": 11, ""q_ra"": 0, ""q_scratch"": 4, ""q_thermal"": 0, ""q_uniformity"": 1}","[[68.965, 69.481, 69.768, 68.468, 65.573], [73.6, 71.549, 71.408, 65.031, 65.617], [73.034, 71.569, 64.579, 65.861, 68.368], [67.633, 72.931, 71.817, 69.49, 69.691], [63.649, 73.116, 73.132, 67.659, 69.23]]","[[75.331, 74.394, 73.102, 71.997, 72.853], [75.379, 74.253, 72.783, 71.762, 71.451], [75.106, 74.531, 73.556, 73.245, 72.757], [75.321, 74.54, 73.994, 73.797, 73.601], [75.253, 74.877, 74.424, 74.474, 74.59]]","[[""q_scratch"", ""q_clearcoat"", ""q_clearcoat"", ""q_clearcoat"", ""q_clearcoat""], [""q_clearcoat"", ""q_clearcoat"", ""q_clearcoat"", ""q_clearcoat"", ""q_clearcoat""], [""q_clearcoat"", ""q_clearcoat"", ""q_scratch"", ""q_clearcoat"", ""q_clearcoat""], [""q_scratch"", ""q_clearcoat"", ""q_clearcoat"", ""q_clearcoat"", ""q_clearcoat""], [""q_scratch"", ""q_clearcoat"", ""q_clearcoat"", ""q_uniformity"", ""q_clearcoat""]]","[[45.899, 44.191, 41.918, 40.07, 39.63], [45.768, 44.093, 41.987, 40.432, 39.705], [45.263, 44.277, 42.805, 41.886, 41.199], [45.161, 44.215, 43.35, 42.819, 42.524], [44.93, 44.398, 43.756, 43.572, 43.593]]"
finish_rule,96,0,1,continue,5.7779998779296875,5.777801513671875,5.659211158752441,6.929375648498535,0.0,5.945709068328142,0.0,0,55.15326582058455,66.87549604222536,0.19901545598437048,0.16436608464676827,1.9138074868654704,1.6019170041250657,1.5976308399985093,1.1095269735642914,40.0,38.554212528164996,1.4457874718350041,3.554212528164996,35.9027862073978,0.00811851081345387,0.04463577082535194,0.25547508853755585,0.5241501754343101,6.083616751292447,6.30215017543431,False,True,66.87549604222536,52.86684612402739,18,18,0,74.3247671614403,72.0773718965203,0,18,0,0:2;0:3;0:4;1:0;1:1;1:2;1:3;1:4;2:1;2:2;2:3;2:4;3:2;3:3;3:4;4:2;4:3;4:4,0:2;0:3;0:4;1:0;1:1;1:2;1:3;1:4;2:1;2:2;2:3;2:4;3:2;3:3;3:4;4:2;4:3;4:4,,,0:2;0:3;0:4;1:0;1:1;1:2;1:3;1:4;2:1;2:2;2:3;2:4;3:2;3:3;3:4;4:2;4:3;4:4,,"{""q_clearcoat"": 6, ""q_ra"": 2, ""q_scratch"": 10, ""q_thermal"": 0, ""q_uniformity"": 0}","[[74.109, 71.419, 69.055, 66.314, 60.336], [52.867, 61.455, 62.269, 57.265, 68.738], [70.684, 64.156, 63.037, 61.387, 68.212], [73.257, 73.65, 65.505, 66.713, 67.853], [74.041, 72.961, 69.674, 67.427, 69.503]]","[[76.126, 75.364, 75.464, 75.071, 75.689], [75.846, 75.205, 74.995, 74.274, 74.053], [75.403, 74.866, 73.545, 72.722, 72.999], [75.058, 74.584, 73.284, 72.077, 72.155], [75.321, 74.338, 73.437, 72.768, 73.475]]","[[""q_uniformity"", ""q_scratch"", ""q_scratch"", ""q_scratch"", ""q_scratch""], [""q_ra"", ""q_scratch"", ""q_scratch"", ""q_ra"", ""q_scratch""], [""q_scratch"", ""q_scratch"", ""q_scratch"", ""q_scratch"", ""q_clearcoat""], [""q_clearcoat"", ""q_clearcoat"", ""q_scratch"", ""q_clearcoat"", ""q_clearcoat""], [""q_clearcoat"", ""q_clearcoat"", ""q_clearcoat"", ""q_clearcoat"", ""q_clearcoat""]]","[[42.684, 42.759, 43.594, 43.995, 44.837], [42.27, 42.204, 42.488, 42.378, 42.406], [41.841, 41.507, 40.737, 40.217, 40.228], [41.715, 41.115, 39.97, 38.994, 38.718], [42.006, 40.96, 39.754, 38.745, 38.554]]"
finish_rule,96,0,2,fail_finish_not_eligible,6.302150249481201,5.356787204742432,5.208787441253662,6.5822577476501465,-0.4999999701976776,7.999825291335583,0.6908990144729614,0,66.87549604222536,67.98774016828644,0.16436608464676827,0.16750607198894668,1.6019170041250657,1.44776363386981,1.1095269735642914,0.723618279664912,38.554212528164996,37.56908450888278,0.9851280192822145,2.5690845088827814,35.9027862073978,0.00811851081345387,0.028746569024479487,0.18912808986598073,,,,False,True,67.98774016828644,60.73765477019491,17,17,0,72.20992370705466,68.60721191067967,4,13,0,0:3;0:4;1:0;1:1;1:2;1:3;1:4;2:1;2:2;2:3;2:4;3:2;3:3;3:4;4:2;4:3;4:4,0:3;0:4;1:0;1:1;1:2;1:3;1:4;2:1;2:2;2:3;2:4;3:2;3:3;3:4;4:2;4:3;4:4,,3:3;3:4;4:3;4:4,0:3;0:4;1:0;1:1;1:2;1:3;1:4;2:1;2:2;2:3;2:4;3:2;4:2,,"{""q_clearcoat"": 15, ""q_ra"": 0, ""q_scratch"": 1, ""q_thermal"": 0, ""q_uniformity"": 1}","[[71.465, 72.061, 70.484, 68.305, 67.298], [60.738, 66.364, 66.612, 65.466, 69.812], [70.242, 65.853, 65.954, 64.403, 68.131], [71.32, 71.65, 66.451, 66.244, 66.057], [72.047, 70.913, 67.807, 66.805, 67.21]]","[[74.7, 73.951, 74.1, 73.684, 74.391], [74.264, 73.543, 73.323, 72.551, 72.344], [73.643, 73.049, 71.324, 70.244, 70.536], [73.231, 72.655, 70.741, 68.825, 68.607], [73.587, 72.291, 70.674, 69.293, 69.697]]","[[""q_uniformity"", ""q_clearcoat"", ""q_clearcoat"", ""q_clearcoat"", ""q_uniformity""], [""q_scratch"", ""q_clearcoat"", ""q_clearcoat"", ""q_clearcoat"", ""q_clearcoat""], [""q_clearcoat"", ""q_clearcoat"", ""q_clearcoat"", ""q_clearcoat"", ""q_clearcoat""], [""q_clearcoat"", ""q_clearcoat"", ""q_clearcoat"", ""q_clearcoat"", ""q_clearcoat""], [""q_clearcoat"", ""q_clearcoat"", ""q_clearcoat"", ""q_clearcoat"", ""q_clearcoat""]]","[[41.862, 41.924, 42.702, 43.039, 43.868], [41.406, 41.296, 41.535, 41.399, 41.427], [40.934, 40.609, 39.757, 39.215, 39.235], [40.787, 40.218, 39.003, 38.0, 37.719], [41.089, 40.03, 38.758, 37.769, 37.569]]"
finish_rule,97,0,1,continue,5.7779998779296875,5.777801513671875,5.659212589263916,6.9297075271606445,0.0,5.945709068328142,0.0,0,66.48412197743936,69.183926426036,0.14102652338965277,0.14609329131472296,2.0977446685137386,1.8052603512115508,1.8583162867327387,1.3059230886556366,42.22452369114792,40.89320631447317,1.331317376674754,5.893206314473169,35.90283727518009,0.008117695350295035,0.011658193913771495,0.23524781154190852,0.14867123103963029,16.549383770907507,5.92667123103963,False,True,69.183926426036,50.93771276338941,7,7,0,75.02903410370453,74.18623827160681,0,7,0,1:0;1:3;2:0;2:1;3:1;4:1;4:2,1:0;1:3;2:0;2:1;3:1;4:1;4:2,,,1:0;1:3;2:0;2:1;3:1;4:1;4:2,,"{""q_clearcoat"": 0, ""q_ra"": 3, ""q_scratch"": 4, ""q_thermal"": 0, ""q_uniformity"": 0}","[[74.56, 74.331, 74.306, 71.404, 73.896], [62.534, 73.819, 71.085, 69.33, 74.062], [56.664, 51.18, 73.736, 73.634, 74.18], [73.177, 50.938, 73.889, 73.18, 73.547], [73.878, 55.909, 58.964, 73.6, 73.798]]","[[76.315, 75.814, 75.49, 75.209, 75.684], [75.518, 75.132, 74.937, 74.732, 75.009], [74.964, 74.681, 74.388, 74.573, 74.861], [74.658, 74.666, 74.635, 74.186, 74.474], [75.442, 75.197, 75.016, 74.962, 75.186]]","[[""q_uniformity"", ""q_clearcoat"", ""q_clearcoat"", ""q_clearcoat"", ""q_clearcoat""], [""q_scratch"", ""q_clearcoat"", ""q_scratch"", ""q_scratch"", ""q_clearcoat""], [""q_scratch"", ""q_ra"", ""q_clearcoat"", ""q_clearcoat"", ""q_clearcoat""], [""q_clearcoat"", ""q_ra"", ""q_clearcoat"", ""q_clearcoat"", ""q_clearcoat""], [""q_clearcoat"", ""q_ra"", ""q_scratch"", ""q_clearcoat"", ""q_clearcoat""]]","[[46.553, 45.548, 44.446, 43.481, 43.353], [45.015, 44.263, 43.444, 42.692, 42.503], [43.308, 42.816, 42.177, 41.857, 41.763], [41.889, 41.718, 41.429, 40.954, 40.979], [41.547, 41.322, 41.074, 40.893, 40.925]]"
finish_rule,97,0,2,fail_quality_regression,5.926671028137207,5.037781238555908,4.898484230041504,6.26354455947876,-0.4999999701976776,7.999825291335583,0.6908990144729614,0,69.183926426036,69.55415498336035,0.14609329131472296,0.15806701414307173,1.8052603512115508,1.673972465672683,1.3059230886556366,1.0268144785919135,40.89320631447317,39.974408256999595,0.9187980574735732,4.974408256999595,35.90283727518009,0.008117695350295035,0.006369214523423596,0.18756783003173788,,,,False,True,69.55415498336035,56.95909837638173,6,6,0,73.46498739718669,72.13222813405937,0,6,0,1:0;2:0;2:1;3:1;4:1;4:2,1:0;2:0;2:1;3:1;4:1;4:2,,,1:0;2:0;2:1;3:1;4:1;4:2,,"{""q_clearcoat"": 1, ""q_ra"": 1, ""q_scratch"": 4, ""q_thermal"": 0, ""q_uniformity"": 0}","[[72.57, 72.767, 72.84, 71.556, 71.981], [65.56, 72.325, 71.836, 70.312, 72.268], [63.349, 56.959, 71.91, 71.83, 72.397], [71.246, 58.771, 71.867, 70.95, 71.392], [71.711, 64.161, 65.577, 71.395, 71.322]]","[[75.472, 74.803, 74.312, 73.841, 74.293], [74.467, 73.957, 73.603, 73.217, 73.383], [73.687, 73.288, 72.747, 72.877, 73.108], [73.052, 73.06, 72.858, 72.132, 72.441], [73.707, 73.334, 72.981, 72.889, 73.117]]","[[""q_uniformity"", ""q_clearcoat"", ""q_clearcoat"", ""q_clearcoat"", ""q_clearcoat""], [""q_scratch"", ""q_clearcoat"", ""q_clearcoat"", ""q_clearcoat"", ""q_clearcoat""], [""q_scratch"", ""q_scratch"", ""q_clearcoat"", ""q_clearcoat"", ""q_clearcoat""], [""q_clearcoat"", ""q_ra"", ""q_clearcoat"", ""q_clearcoat"", ""q_clearcoat""], [""q_clearcoat"", ""q_scratch"", ""q_clearcoat"", ""q_clearcoat"", ""q_clearcoat""]]","[[45.812, 44.733, 43.594, 42.594, 42.473], [44.208, 43.424, 42.577, 41.797, 41.574], [42.491, 41.976, 41.27, 40.965, 40.861], [41.04, 40.89, 40.557, 40.02, 40.055], [40.692, 40.434, 40.144, 39.974, 40.006]]"
finish_rule,98,0,1,continue,5.7779998779296875,5.777801513671875,5.659209728240967,6.9276838302612305,0.0,5.945709068328142,0.0,0,61.87649917984565,69.5336347659408,0.1156632755256323,0.10766191788046832,1.306124776179875,0.9064889890757939,0.9945737662117867,0.48444248835189807,40.0,38.345454983279524,1.6545450167204763,3.3454549832795237,35.902849926154694,0.008117871805722229,0.006662360486559951,0.2923632620406088,0.06836386117796045,4.601997439379515,5.84636386117796,False,True,69.5336347659408,62.54912117404645,14,14,0,73.46964768639086,71.96323703374333,0,14,0,1:1;1:2;1:4;2:1;2:2;2:3;2:4;3:0;3:1;3:3;4:0;4:1;4:2;4:3,1:1;1:2;1:4;2:1;2:2;2:3;2:4;3:0;3:1;3:3;4:0;4:1;4:2;4:3,,,1:1;1:2;1:4;2:1;2:2;2:3;2:4;3:0;3:1;3:3;4:0;4:1;4:2;4:3,,"{""q_clearcoat"": 8, ""q_ra"": 0, ""q_scratch"": 6, ""q_thermal"": 0, ""q_uniformity"": 0}","[[72.98, 73.076, 73.305, 72.682, 72.831], [72.438, 68.188, 64.423, 73.146, 68.917], [72.101, 65.44, 69.123, 67.067, 67.798], [67.157, 62.549, 72.084, 67.345, 70.203], [66.906, 68.275, 68.791, 69.256, 72.259]]","[[75.013, 74.624, 74.282, 73.784, 74.221], [73.607, 73.353, 73.214, 73.81, 73.943], [73.169, 72.67, 72.306, 72.386, 73.538], [73.812, 73.072, 72.923, 71.963, 73.355], [74.061, 73.469, 73.55, 72.937, 73.679]]","[[""q_clearcoat"", ""q_clearcoat"", ""q_clearcoat"", ""q_clearcoat"", ""q_clearcoat""], [""q_clearcoat"", ""q_scratch"", ""q_scratch"", ""q_clearcoat"", ""q_clearcoat""], [""q_clearcoat"", ""q_scratch"", ""q_clearcoat"", ""q_clearcoat"", ""q_clearcoat""], [""q_scratch"", ""q_scratch"", ""q_clearcoat"", ""q_clearcoat"", ""q_clearcoat""], [""q_scratch"", ""q_clearcoat"", ""q_clearcoat"", ""q_clearcoat"", ""q_clearcoat""]]","[[42.043, 41.364, 40.488, 39.618, 39.38], [40.278, 39.925, 39.517, 39.423, 39.294], [38.709, 38.544, 38.484, 38.685, 39.227], [38.597, 38.384, 38.345, 38.373, 39.316], [38.671, 38.497, 38.521, 38.588, 39.524]]"
finish_rule,98,0,2,fail_quality_regression,5.8463640213012695,4.969465255737305,4.832108020782471,6.196487903594971,-0.4999999701976776,7.999825291335583,0.6908990144729614,0,69.5336347659408,68.33204548505515,0.10766191788046832,0.12040314256362734,0.9064889890757939,0.895960933208788,0.48444248835189807,0.2563585725120383,38.345454983279524,37.47693946199267,0.8685155212868523,2.4769394619926715,35.902849926154694,0.008117871805722229,0.023827921642069327,0.17973843249187385,,,,False,True,68.33204548505515,63.07023261232095,20,20,0,70.7432284612817,68.62027766904771,7,13,0,0:4;1:0;1:1;1:2;1:4;2:0;2:1;2:2;2:3;2:4;3:0;3:1;3:2;3:3;3:4;4:0;4:1;4:2;4:3;4:4,0:4;1:0;1:1;1:2;1:4;2:0;2:1;2:2;2:3;2:4;3:0;3:1;3:2;3:3;3:4;4:0;4:1;4:2;4:3;4:4,,2:1;2:2;2:3;3:1;3:2;3:3;4:3,0:4;1:0;1:1;1:2;1:4;2:0;2:4;3:0;3:4;4:0;4:1;4:2;4:4,,"{""q_clearcoat"": 20, ""q_ra"": 0, ""q_scratch"": 0, ""q_thermal"": 0, ""q_uniformity"": 0}","[[70.428, 70.871, 71.094, 70.151, 69.793], [69.917, 69.364, 66.199, 70.557, 67.927], [68.972, 65.665, 67.952, 66.209, 67.666], [67.57, 63.07, 68.505, 66.223, 69.281], [67.459, 67.661, 68.212, 68.084, 69.471]]","[[73.57, 72.938, 72.229, 71.358, 71.542], [71.639, 71.161, 70.738, 71.256, 71.147], [70.266, 69.62, 69.103, 69.303, 70.78], [70.785, 69.78, 69.454, 68.62, 70.697], [71.076, 70.314, 70.357, 69.69, 71.157]]","[[""q_clearcoat"", ""q_clearcoat"", ""q_clearcoat"", ""q_clearcoat"", ""q_clearcoat""], [""q_clearcoat"", ""q_clearcoat"", ""q_clearcoat"", ""q_clearcoat"", ""q_clearcoat""], [""q_clearcoat"", ""q_clearcoat"", ""q_clearcoat"", ""q_clearcoat"", ""q_clearcoat""], [""q_clearcoat"", ""q_clearcoat"", ""q_clearcoat"", ""q_clearcoat"", ""q_clearcoat""], [""q_clearcoat"", ""q_clearcoat"", ""q_clearcoat"", ""q_clearcoat"", ""q_clearcoat""]]","[[41.264, 40.543, 39.629, 38.766, 38.501], [39.473, 39.091, 38.659, 38.567, 38.394], [37.892, 37.72, 37.632, 37.816, 38.345], [37.785, 37.548, 37.477, 37.51, 38.443], [37.856, 37.672, 37.682, 37.71, 38.656]]"
finish_rule,99,0,1,continue,5.7779998779296875,5.777801513671875,5.659209728240967,6.9276838302612305,0.0,5.945709068328142,0.0,0,60.01735993823813,67.87693729289268,0.15918740136266069,0.13217202684267867,2.344626551130312,2.0458464746800527,1.914255329506168,1.311698743120151,43.611398027392475,42.57443134118619,1.0369666862062843,7.574431341186191,35.902849926154694,0.008117871805722229,0.030329467244390326,0.18323524590925547,0.49656604700512497,30.422265724722227,6.274566047005124,False,True,67.87693729289268,48.76795845052522,11,11,0,75.68957613464278,74.92164261375574,0,11,0,0:0;0:1;0:2;1:0;1:1;1:2;2:0;2:1;3:0;4:0;4:1,0:0;0:1;0:2;1:0;1:1;1:2;2:0;2:1;3:0;4:0;4:1,,,0:0;0:1;0:2;1:0;1:1;1:2;2:0;2:1;3:0;4:0;4:1,,"{""q_clearcoat"": 0, ""q_ra"": 2, ""q_scratch"": 9, ""q_thermal"": 0, ""q_uniformity"": 0}","[[65.733, 61.999, 48.768, 71.711, 74.806], [67.786, 56.851, 53.406, 75.036, 74.624], [62.502, 55.674, 71.635, 74.69, 74.319], [66.449, 74.079, 74.066, 74.351, 74.208], [55.852, 65.708, 73.698, 74.477, 74.496]]","[[76.364, 76.242, 76.13, 76.086, 76.216], [75.973, 75.887, 76.059, 75.689, 75.676], [75.848, 75.239, 75.609, 75.304, 75.446], [75.708, 74.922, 75.104, 75.197, 75.667], [75.918, 75.086, 75.024, 75.458, 76.39]]","[[""q_scratch"", ""q_scratch"", ""q_ra"", ""q_scratch"", ""q_clearcoat""], [""q_scratch"", ""q_scratch"", ""q_scratch"", ""q_clearcoat"", ""q_clearcoat""], [""q_scratch"", ""q_scratch"", ""q_scratch"", ""q_clearcoat"", ""q_clearcoat""], [""q_scratch"", ""q_clearcoat"", ""q_clearcoat"", ""q_clearcoat"", ""q_clearcoat""], [""q_ra"", ""q_scratch"", ""q_clearcoat"", ""q_clearcoat"", ""q_uniformity""]]","[[45.013, 44.808, 44.646, 44.655, 44.839], [44.271, 44.314, 44.717, 44.828, 45.116], [43.509, 43.533, 44.602, 45.294, 46.047], [42.801, 43.054, 44.477, 46.003, 47.402], [42.574, 43.019, 44.594, 46.737, 48.326]]"
finish_rule,99,0,2,fail_quality_regression,6.274566173553467,5.333346366882324,5.1859869956970215,6.557350158691406,-0.4999999701976776,7.999825291335583,0.6908990144729614,0,67.87693729289268,69.89214473380984,0.13217202684267867,0.14682068211942365,2.0458464746800527,1.8809660882423431,1.311698743120151,0.9266540985646956,42.57443134118619,41.691554475799656,0.8828768653865353,6.691554475799656,35.902849926154694,0.008117871805722229,0.0015407895170022406,0.17024278427984613,,,,False,True,69.89214473380984,57.8760024141026,10,10,0,74.43815547086992,73.482809930151,0,10,0,0:0;0:1;0:2;1:1;1:2;2:0;2:1;3:0;4:0;4:1,0:0;0:1;0:2;1:1;1:2;2:0;2:1;3:0;4:0;4:1,,,0:0;0:1;0:2;1:1;1:2;2:0;2:1;3:0;4:0;4:1,,"{""q_clearcoat"": 2, ""q_ra"": 1, ""q_scratch"": 5, ""q_thermal"": 0, ""q_uniformity"": 2}","[[67.928, 68.106, 57.876, 73.398, 73.022], [70.234, 64.516, 61.037, 73.652, 73.252], [68.369, 62.104, 72.816, 73.416, 73.052], [69.831, 72.447, 72.555, 73.115, 73.053], [66.619, 68.296, 72.263, 73.353, 72.994]]","[[75.314, 75.061, 74.796, 74.759, 74.967], [74.781, 74.667, 74.768, 74.434, 74.467], [74.49, 73.885, 74.381, 74.086, 74.318], [74.231, 73.483, 73.83, 74.053, 74.656], [74.365, 73.628, 73.731, 74.396, 75.407]]","[[""q_scratch"", ""q_uniformity"", ""q_ra"", ""q_clearcoat"", ""q_clearcoat""], [""q_clearcoat"", ""q_scratch"", ""q_scratch"", ""q_clearcoat"", ""q_clearcoat""], [""q_scratch"", ""q_scratch"", ""q_clearcoat"", ""q_clearcoat"", ""q_clearcoat""], [""q_clearcoat"", ""q_clearcoat"", ""q_clearcoat"", ""q_clearcoat"", ""q_clearcoat""], [""q_uniformity"", ""q_clearcoat"", ""q_clearcoat"", ""q_clearcoat"", ""q_uniformity""]]","[[44.219, 43.935, 43.678, 43.69, 43.913], [43.434, 43.452, 43.771, 43.89, 44.185], [42.636, 42.649, 43.703, 44.332, 45.091], [41.931, 42.164, 43.549, 45.034, 46.442], [41.692, 42.125, 43.64, 45.779, 47.336]]"
finish_rule,2,0,1,continue,5.7779998779296875,5.777801513671875,5.659221649169922,6.9279022216796875,0.0,5.945709068328142,0.0,0,51.50272842608628,67.90983272032146,0.16976909355078312,0.11989548769159408,1.7482039043783693,1.3174581257803142,1.4565298243497218,0.999570650998713,41.35697717855107,40.11699832534278,1.2399788532082923,5.116998325342777,35.90277229768009,0.008119350859054776,0.029859532566836273,0.21910766711004662,0.4088336975242316,14.225875189375586,6.186833697524231,False,True,67.90983272032146,47.675376289778846,16,16,0,74.77832689910947,73.85110746924398,0,16,0,0:0;0:1;0:2;0:4;1:0;1:1;1:2;1:3;1:4;2:0;2:2;2:3;3:0;3:1;4:1;4:2,0:0;0:1;0:2;0:4;1:0;1:1;1:2;1:3;1:4;2:0;2:2;2:3;3:0;3:1;4:1;4:2,,,0:0;0:1;0:2;0:4;1:0;1:1;1:2;1:3;1:4;2:0;2:2;2:3;3:0;3:1;4:1;4:2,,"{""q_clearcoat"": 1, ""q_ra"": 2, ""q_scratch"": 13, ""q_thermal"": 0, ""q_uniformity"": 0}","[[47.675, 67.875, 66.051, 70.999, 65.231], [54.245, 67.713, 66.44, 66.969, 65.892], [66.073, 73.13, 69.177, 69.848, 70.736], [68.329, 68.684, 73.84, 71.897, 74.032], [70.37, 69.674, 69.733, 71.591, 71.541]]","[[75.808, 75.283, 74.419, 74.574, 74.912], [74.78, 74.538, 73.851, 73.945, 74.355], [74.879, 74.368, 74.302, 73.9, 74.467], [75.247, 74.464, 74.701, 74.738, 74.804], [75.957, 75.77, 75.194, 75.014, 75.187]]","[[""q_ra"", ""q_scratch"", ""q_scratch"", ""q_clearcoat"", ""q_scratch""], [""q_ra"", ""q_scratch"", ""q_scratch"", ""q_scratch"", ""q_scratch""], [""q_scratch"", ""q_clearcoat"", ""q_scratch"", ""q_clearcoat"", ""q_clearcoat""], [""q_scratch"", ""q_scratch"", ""q_clearcoat"", ""q_clearcoat"", ""q_clearcoat""], [""q_scratch"", ""q_scratch"", ""q_scratch"", ""q_clearcoat"", ""q_clearcoat""]]","[[41.235, 40.88, 40.296, 40.135, 40.117], [41.443, 41.179, 40.595, 40.354, 40.339], [42.698, 42.141, 41.677, 41.022, 41.009], [44.258, 43.286, 42.755, 42.077, 41.711], [45.714, 44.964, 43.597, 42.574, 42.146]]"
finish_rule,2,0,2,continue,6.18683385848999,5.2589216232299805,5.113486289978027,6.484798908233643,-0.4999999701976776,7.999825291335583,0.6908990144729614,0,67.90983272032146,69.00691656359106,0.11989548769159408,0.11520494145506768,1.3174581257803142,1.18149560318628,0.999570650998713,0.6271365158957449,40.11699832534278,39.186634574283126,0.9303637510596516,4.186634574283126,35.90277229768009,0.008119350859054776,0.014186906234413398,0.181943139826752,0.23392318470356682,12.018230400801372,6.011923184703567,False,True,69.00691656359106,54.099993405759385,11,11,0,72.99421373835476,71.70125668621128,0,11,0,0:0;0:1;0:2;0:4;1:0;1:1;1:2;1:3;1:4;2:0;4:4,0:0;0:1;0:2;0:4;1:0;1:1;1:2;1:3;1:4;2:0;4:4,,,0:0;0:1;0:2;0:4;1:0;1:1;1:2;1:3;1:4;2:0;4:4,,"{""q_clearcoat"": 9, ""q_ra"": 1, ""q_scratch"": 0, ""q_thermal"": 0, ""q_uniformity"": 1}","[[54.1, 68.957, 67.64, 70.555, 67.674], [63.607, 68.847, 66.879, 67.601, 67.38], [69.265, 71.343, 70.065, 70.255, 70.331], [70.561, 70.048, 72.172, 71.623, 70.148], [71.909, 71.929, 71.041, 71.643, 69.6]]","[[74.111, 73.338, 71.985, 72.166, 72.47], [73.069, 72.722, 71.701, 71.712, 72.066], [73.43, 72.772, 72.57, 71.877, 72.417], [74.043, 73.03, 73.2, 73.056, 72.922], [74.91, 74.691, 73.831, 73.398, 73.367]]","[[""q_ra"", ""q_clearcoat"", ""q_clearcoat"", ""q_clearcoat"", ""q_clearcoat""], [""q_uniformity"", ""q_clearcoat"", ""q_clearcoat"", ""q_clearcoat"", ""q_clearcoat""], [""q_clearcoat"", ""q_clearcoat"", ""q_clearcoat"", ""q_clearcoat"", ""q_clearcoat""], [""q_clearcoat"", ""q_clearcoat"", ""q_clearcoat"", ""q_clearcoat"", ""q_clearcoat""], [""q_clearcoat"", ""q_clearcoat"", ""q_clearcoat"", ""q_clearcoat"", ""q_clearcoat""]]","[[40.443, 40.021, 39.327, 39.207, 39.187], [40.602, 40.322, 39.673, 39.442, 39.416], [41.842, 41.262, 40.786, 40.085, 40.073], [43.402, 42.366, 41.859, 41.166, 40.753], [44.861, 44.144, 42.701, 41.642, 41.164]]"
finish_rule,2,0,3,fail_max_passes,6.011923313140869,4.208220958709717,4.092116832733154,5.434422492980957,-0.9999999403953552,7.999825291335583,0.6908990144729614,0,69.00691656359106,68.13094302016727,0.11520494145506768,0.12258620229738013,1.18149560318628,1.2009575120639313,0.6271365158957449,0.393538940348811,39.186634574283126,38.467022373646074,0.7196122006370516,3.467022373646074,35.90277229768009,0.008119350859054776,0.026700813997610495,0.17585328817613874,,,,False,True,68.13094302016727,56.32499994555974,19,19,0,71.45311118307532,69.76547688991187,3,16,0,0:0;0:1;0:2;0:3;0:4;1:0;1:1;1:2;1:3;1:4;2:0;2:1;2:2;2:3;2:4;3:0;3:1;3:4;4:4,0:0;0:1;0:2;0:3;0:4;1:0;1:1;1:2;1:3;1:4;2:0;2:1;2:2;2:3;2:4;3:0;3:1;3:4;4:4,,0:2;1:2;1:3,0:0;0:1;0:3;0:4;1:0;1:1;1:4;2:0;2:1;2:2;2:3;2:4;3:0;3:1;3:4;4:4,,"{""q_clearcoat"": 18, ""q_ra"": 1, ""q_scratch"": 0, ""q_thermal"": 0, ""q_uniformity"": 0}","[[56.325, 67.683, 66.489, 68.834, 66.934], [64.289, 67.945, 65.826, 66.42, 66.54], [69.024, 69.976, 68.915, 68.839, 69.224], [69.9, 69.272, 70.928, 70.4, 68.13], [70.963, 71.412, 70.223, 70.535, 68.247]]","[[72.608, 71.631, 69.911, 70.013, 70.283], [71.579, 71.098, 69.847, 69.765, 70.039], [72.168, 71.38, 71.08, 70.186, 70.69], [72.98, 71.841, 71.937, 71.644, 71.36], [73.986, 73.716, 72.687, 72.058, 71.841]]","[[""q_ra"", ""q_clearcoat"", ""q_clearcoat"", ""q_clearcoat"", ""q_clearcoat""], [""q_clearcoat"", ""q_clearcoat"", ""q_clearcoat"", ""q_clearcoat"", ""q_clearcoat""], [""q_clearcoat"", ""q_clearcoat"", ""q_clearcoat"", ""q_clearcoat"", ""q_clearcoat""], [""q_clearcoat"", ""q_clearcoat"", ""q_clearcoat"", ""q_clearcoat"", ""q_clearcoat""], [""q_clearcoat"", ""q_clearcoat"", ""q_clearcoat"", ""q_clearcoat"", ""q_clearcoat""]]","[[39.807, 39.349, 38.612, 38.49, 38.467], [39.939, 39.633, 38.974, 38.746, 38.703], [41.156, 40.563, 40.095, 39.39, 39.373], [42.697, 41.663, 41.168, 40.473, 40.039], [44.15, 43.446, 42.004, 40.936, 40.422]]"
finish_rule,5,0,1,continue,5.7779998779296875,5.777801513671875,5.6592116355896,6.926451683044434,0.0,5.945709068328142,0.0,0,50.469676382178704,65.0143987776147,0.22928038211926302,0.17055530175405526,1.9693123406305104,1.6508079177044928,1.505043090734971,0.8881256075570614,42.36350825404388,41.258030022197694,1.1054782318461847,6.258030022197694,35.90276311019232,0.008118410924397511,0.07122287460550426,0.19534138375282928,1.0938215943369864,21.797890136713143,6.871821594336986,False,True,65.0143987776147,53.78651153871131,19,19,0,75.25589389742268,74.42774119692656,0,19,0,0:0;0:1;0:2;0:3;0:4;1:0;1:1;1:2;1:3;1:4;2:1;2:2;2:4;3:0;3:1;3:2;4:0;4:1;4:2,0:0;0:1;0:2;0:3;0:4;1:0;1:1;1:2;1:3;1:4;2:1;2:2;2:4;3:0;3:1;3:2;4:0;4:1;4:2,,,0:0;0:1;0:2;0:3;0:4;1:0;1:1;1:2;1:3;1:4;2:1;2:2;2:4;3:0;3:1;3:2;4:0;4:1;4:2,,"{""q_clearcoat"": 0, ""q_ra"": 3, ""q_scratch"": 16, ""q_thermal"": 0, ""q_uniformity"": 0}","[[56.101, 58.083, 64.045, 67.553, 53.787], [64.847, 69.65, 59.687, 56.77, 62.931], [73.676, 64.412, 68.02, 74.173, 64.737], [58.417, 57.053, 57.838, 70.811, 73.382], [67.895, 69.649, 66.884, 70.851, 74.107]]","[[76.349, 75.896, 75.96, 75.807, 76.129], [75.666, 75.311, 75.064, 75.326, 75.473], [75.075, 74.676, 74.473, 74.794, 74.926], [75.08, 74.428, 74.877, 74.902, 74.916], [75.59, 75.081, 74.955, 75.101, 75.541]]","[[""q_ra"", ""q_scratch"", ""q_scratch"", ""q_scratch"", ""q_ra""], [""q_scratch"", ""q_scratch"", ""q_scratch"", ""q_ra"", ""q_scratch""], [""q_clearcoat"", ""q_scratch"", ""q_scratch"", ""q_clearcoat"", ""q_scratch""], [""q_scratch"", ""q_scratch"", ""q_scratch"", ""q_scratch"", ""q_clearcoat""], [""q_scratch"", ""q_scratch"", ""q_scratch"", ""q_scratch"", ""q_clearcoat""]]","[[44.983, 44.999, 45.611, 46.006, 46.602], [43.809, 43.908, 44.262, 44.977, 45.41], [42.445, 42.521, 42.892, 43.607, 44.018], [41.542, 41.485, 42.204, 42.725, 43.105], [41.258, 41.278, 41.669, 42.244, 42.871]]"
finish_rule,5,0,2,continue,6.871821403503418,5.84108304977417,5.679567813873291,7.067623138427734,-0.4999999701976776,7.999825291335583,0.6908990144729614,0,65.0143987776147,68.36281607747975,0.17055530175405526,0.17110218008739098,1.6508079177044928,1.4620006758533346,0.8881256075570614,0.513286203674979,41.258030022197694,40.26138483115458,0.9966451910431147,5.2613848311545794,35.90276311019232,0.008118410924397511,0.023388341750289296,0.175479054692972,0.3998484341828291,18.585607478116867,6.177848434182828,False,True,68.36281607747975,63.77216384005029,17,17,0,73.62013247662998,72.40572972155991,0,17,0,0:0;0:1;0:2;0:3;0:4;1:0;1:2;1:3;1:4;2:1;2:2;2:4;3:0;3:1;3:2;4:0;4:2,0:0;0:1;0:2;0:3;0:4;1:0;1:2;1:3;1:4;2:1;2:2;2:4;3:0;3:1;3:2;4:0;4:2,,,0:0;0:1;0:2;0:3;0:4;1:0;1:2;1:3;1:4;2:1;2:2;2:4;3:0;3:1;3:2;4:0;4:2,,"{""q_clearcoat"": 6, ""q_ra"": 0, ""q_scratch"": 6, ""q_thermal"": 0, ""q_uniformity"": 5}","[[63.772, 66.164, 67.866, 69.862, 64.045], [67.373, 71.01, 66.675, 66.328, 68.208], [71.557, 67.801, 68.932, 72.379, 67.582], [65.243, 64.545, 64.663, 71.5, 71.364], [69.866, 70.152, 69.201, 71.371, 71.611]]","[[75.137, 74.678, 74.747, 74.561, 74.894], [74.321, 73.937, 73.633, 73.931, 74.116], [73.359, 73.0, 72.752, 73.172, 73.303], [73.157, 72.406, 73.19, 73.126, 73.146], [73.443, 72.95, 72.808, 73.069, 73.666]]","[[""q_scratch"", ""q_scratch"", ""q_scratch"", ""q_clearcoat"", ""q_uniformity""], [""q_scratch"", ""q_clearcoat"", ""q_uniformity"", ""q_uniformity"", ""q_uniformity""], [""q_clearcoat"", ""q_clearcoat"", ""q_clearcoat"", ""q_clearcoat"", ""q_uniformity""], [""q_scratch"", ""q_clearcoat"", ""q_scratch"", ""q_clearcoat"", ""q_clearcoat""], [""q_clearcoat"", ""q_clearcoat"", ""q_clearcoat"", ""q_clearcoat"", ""q_clearcoat""]]","[[44.073, 44.075, 44.636, 44.965, 45.521], [42.911, 42.975, 43.247, 43.916, 44.335], [41.476, 41.556, 41.85, 42.539, 42.901], [40.594, 40.487, 41.278, 41.682, 42.015], [40.261, 40.276, 40.594, 41.138, 41.766]]"
finish_rule,5,0,3,fail_max_passes,6.1778483390808105,4.324414253234863,4.205051898956299,5.550375938415527,-0.9999999403953552,7.999825291335583,0.6908990144729614,0,68.36281607747975,68.10863136220665,0.17110218008739098,0.17522501117413658,1.4620006758533346,1.4004304210093297,0.513286203674979,0.32655172064865834,40.26138483115458,39.53026204105855,0.7311227900960304,4.530262041058549,35.90276311019232,0.008118410924397511,0.02701955196847641,0.17386772093764083,,,,False,True,68.10863136220665,64.53979720658053,21,21,0,72.32550291571009,70.77338256757176,0,21,0,0:0;0:1;0:2;0:3;0:4;1:0;1:2;1:3;1:4;2:0;2:1;2:2;2:4;3:0;3:1;3:2;4:0;4:1;4:2;4:3;4:4,0:0;0:1;0:2;0:3;0:4;1:0;1:2;1:3;1:4;2:0;2:1;2:2;2:4;3:0;3:1;3:2;4:0;4:1;4:2;4:3;4:4,,,0:0;0:1;0:2;0:3;0:4;1:0;1:2;1:3;1:4;2:0;2:1;2:2;2:4;3:0;3:1;3:2;4:0;4:1;4:2;4:3;4:4,,"{""q_clearcoat"": 17, ""q_ra"": 0, ""q_scratch"": 0, ""q_thermal"": 0, ""q_uniformity"": 4}","[[65.927, 66.708, 68.546, 69.885, 67.045], [67.002, 70.438, 66.86, 66.279, 68.23], [69.959, 67.699, 68.706, 71.139, 67.196], [65.335, 64.54, 65.156, 70.328, 70.067], [68.454, 69.033, 68.533, 69.8, 69.849]]","[[74.176, 73.716, 73.766, 73.631, 73.991], [73.232, 72.814, 72.522, 72.902, 73.128], [71.957, 71.638, 71.431, 71.961, 72.115], [71.546, 70.773, 71.796, 71.747, 71.787], [71.665, 71.201, 71.017, 71.446, 72.178]]","[[""q_uniformity"", ""q_uniformity"", ""q_clearcoat"", ""q_clearcoat"", ""q_uniformity""], [""q_clearcoat"", ""q_clearcoat"", ""q_clearcoat"", ""q_uniformity"", ""q_clearcoat""], [""q_clearcoat"", ""q_clearcoat"", ""q_clearcoat"", ""q_clearcoat"", ""q_clearcoat""], [""q_clearcoat"", ""q_clearcoat"", ""q_clearcoat"", ""q_clearcoat"", ""q_clearcoat""], [""q_clearcoat"", ""q_clearcoat"", ""q_clearcoat"", ""q_clearcoat"", ""q_clearcoat""]]","[[43.397, 43.392, 43.898, 44.238, 44.78], [42.235, 42.267, 42.519, 43.189, 43.606], [40.757, 40.843, 41.123, 41.809, 42.152], [39.882, 39.77, 40.582, 40.949, 41.256], [39.53, 39.547, 39.802, 40.35, 40.976]]"
finish_rule,16,0,1,continue,5.7779998779296875,5.777801513671875,5.659211158752441,6.929375648498535,0.0,5.945709068328142,0.0,0,47.72233677313391,66.00606522681197,0.23276477837563725,0.1798064685645391,2.1381286087230342,1.7786581151781524,1.7637122147279192,1.1411137630392156,50.0,48.20983601733841,1.7901639826615892,13.20983601733841,35.9027862073978,0.00811851081345387,0.057056211045543294,0.3163274761170471,0.5411121260718252,35.43744019628115,6.319112126071825,False,True,66.00606522681197,51.89092568421134,16,16,0,76.55774743906822,76.34254724937307,0,16,0,0:2;0:3;1:0;1:1;1:2;1:3;1:4;2:0;2:1;2:2;2:4;3:0;3:1;3:2;4:0;4:2,0:2;0:3;1:0;1:1;1:2;1:3;1:4;2:0;2:1;2:2;2:4;3:0;3:1;3:2;4:0;4:2,,,0:2;0:3;1:0;1:1;1:2;1:3;1:4;2:0;2:1;2:2;2:4;3:0;3:1;3:2;4:0;4:2,,"{""q_clearcoat"": 0, ""q_ra"": 4, ""q_scratch"": 12, ""q_thermal"": 0, ""q_uniformity"": 0}","[[74.512, 73.021, 62.184, 62.615, 74.662], [55.006, 68.862, 57.204, 61.692, 67.476], [52.587, 66.957, 62.695, 71.01, 60.684], [51.891, 66.017, 68.7, 70.902, 71.389], [63.556, 75.334, 69.55, 71.237, 70.408]]","[[76.901, 76.73, 76.58, 76.6, 76.586], [76.734, 76.636, 76.458, 76.35, 76.45], [76.644, 76.604, 76.43, 76.343, 76.455], [76.626, 76.551, 76.543, 76.45, 76.382], [76.777, 76.585, 76.541, 76.507, 76.482]]","[[""q_uniformity"", ""q_scratch"", ""q_scratch"", ""q_scratch"", ""q_uniformity""], [""q_ra"", ""q_scratch"", ""q_ra"", ""q_scratch"", ""q_scratch""], [""q_ra"", ""q_scratch"", ""q_scratch"", ""q_scratch"", ""q_scratch""], [""q_ra"", ""q_scratch"", ""q_scratch"", ""q_scratch"", ""q_scratch""], [""q_scratch"", ""q_clearcoat"", ""q_scratch"", ""q_scratch"", ""q_scratch""]]","[[48.794, 48.613, 48.456, 48.477, 48.462], [48.618, 48.515, 48.329, 48.218, 48.321], [48.523, 48.481, 48.301, 48.21, 48.326], [48.504, 48.426, 48.417, 48.328, 48.34], [48.662, 48.461, 48.415, 48.388, 48.421]]"
finish_rule,16,0,2,continue,6.319112300872803,5.371133327484131,5.222804069519043,6.596324920654297,-0.4999999701976776,7.999825291335583,0.6908990144729614,0,66.00606522681197,69.49434490085146,0.1798064685645391,0.18193122562326494,1.7786581151781524,1.6209497860540099,1.1411137630392156,0.7485149242372984,48.20983601733841,47.16172907562125,1.0481069417171582,12.161729075621253,35.9027862073978,0.00811851081345387,0.0072236442735505845,0.2006789701022953,0.1079880607798868,50.63674121130556,5.885988060779886,False,True,69.49434490085146,61.66506838679887,13,13,0,75.60035738560481,75.29234498331692,0,13,0,0:2;0:3;1:0;1:2;1:3;1:4;2:0;2:1;2:2;2:4;3:0;3:1;4:0,0:2;0:3;1:0;1:2;1:3;1:4;2:0;2:1;2:2;2:4;3:0;3:1;4:0,,,0:2;0:3;1:0;1:2;1:3;1:4;2:0;2:1;2:2;2:4;3:0;3:1;4:0,,"{""q_clearcoat"": 0, ""q_ra"": 0, ""q_scratch"": 5, ""q_thermal"": 0, ""q_uniformity"": 8}","[[72.369, 73.917, 68.671, 68.542, 72.919], [62.23, 70.877, 67.62, 67.37, 69.567], [61.665, 69.17, 67.566, 72.833, 68.209], [61.71, 68.735, 70.914, 72.36, 73.031], [67.214, 74.257, 71.315, 72.86, 71.437]]","[[76.111, 75.845, 75.605, 75.644, 75.621], [75.863, 75.732, 75.454, 75.304, 75.442], [75.733, 75.683, 75.413, 75.292, 75.449], [75.709, 75.603, 75.588, 75.454, 75.385], [75.868, 75.643, 75.555, 75.514, 75.5]]","[[""q_uniformity"", ""q_clearcoat"", ""q_uniformity"", ""q_uniformity"", ""q_uniformity""], [""q_scratch"", ""q_uniformity"", ""q_uniformity"", ""q_uniformity"", ""q_uniformity""], [""q_scratch"", ""q_uniformity"", ""q_uniformity"", ""q_clearcoat"", ""q_uniformity""], [""q_scratch"", ""q_scratch"", ""q_uniformity"", ""q_clearcoat"", ""q_clearcoat""], [""q_scratch"", ""q_clearcoat"", ""q_uniformity"", ""q_clearcoat"", ""q_clearcoat""]]","[[47.973, 47.706, 47.467, 47.506, 47.483], [47.723, 47.593, 47.319, 47.173, 47.307], [47.594, 47.544, 47.279, 47.162, 47.314], [47.57, 47.465, 47.45, 47.327, 47.334], [47.728, 47.504, 47.418, 47.385, 47.427]]"
finish_rule,16,0,3,success,5.885988235473633,4.1201300621032715,4.006404399871826,5.341344833374023,-0.9999999403953552,7.999825291335583,0.6908990144729614,0,69.49434490085146,70.14510458155013,0.18193122562326494,0.18394810483880866,1.6209497860540099,1.4375272907430605,0.7485149242372984,0.4870313904684478,47.16172907562125,46.446905979164804,0.714823096456449,11.446905979164804,35.9027862073978,0.00811851081345387,0.0,0.1784201056886114,,,,True,True,70.14510458155013,65.99614663943626,12,12,0,74.87259288765922,74.53647325138596,0,12,0,0:2;0:3;1:0;1:2;1:3;2:0;2:1;2:2;2:4;3:0;3:1;4:0,0:2;0:3;1:0;1:2;1:3;2:0;2:1;2:2;2:4;3:0;3:1;4:0,,,0:2;0:3;1:0;1:2;1:3;2:0;2:1;2:2;2:4;3:0;3:1;4:0,,"{""q_clearcoat"": 1, ""q_ra"": 0, ""q_scratch"": 1, ""q_thermal"": 0, ""q_uniformity"": 10}","[[70.765, 72.997, 69.233, 68.686, 71.799], [65.996, 71.339, 68.327, 67.845, 70.065], [66.616, 69.912, 68.011, 72.673, 68.698], [66.884, 69.905, 71.137, 72.184, 72.866], [69.012, 73.606, 71.319, 72.753, 71.0]]","[[75.475, 75.147, 74.855, 74.919, 74.89], [75.168, 75.023, 74.713, 74.549, 74.699], [75.019, 74.966, 74.668, 74.536, 74.708], [74.994, 74.88, 74.863, 74.718, 74.637], [75.136, 74.917, 74.813, 74.767, 74.752]]","[[""q_uniformity"", ""q_clearcoat"", ""q_uniformity"", ""q_uniformity"", ""q_uniformity""], [""q_uniformity"", ""q_clearcoat"", ""q_uniformity"", ""q_uniformity"", ""q_uniformity""], [""q_uniformity"", ""q_uniformity"", ""q_uniformity"", ""q_clearcoat"", ""q_uniformity""], [""q_uniformity"", ""q_clearcoat"", ""q_uniformity"", ""q_clearcoat"", ""q_clearcoat""], [""q_scratch"", ""q_clearcoat"", ""q_clearcoat"", ""q_clearcoat"", ""q_clearcoat""]]","[[47.34, 47.022, 46.744, 46.805, 46.777], [47.042, 46.903, 46.611, 46.459, 46.598], [46.899, 46.849, 46.569, 46.447, 46.606], [46.875, 46.768, 46.751, 46.623, 46.617], [47.012, 46.802, 46.705, 46.668, 46.707]]"
finish_rule,19,0,1,continue,5.7779998779296875,5.777801513671875,5.659209728240967,6.9276838302612305,0.0,5.945709068328142,0.0,0,51.805900738852145,64.90937668269848,0.263040708186763,0.17048283200230135,2.2247941935557978,1.7689266119980864,1.6012569380648265,0.9982265067935625,45.16270605347124,43.925377441918215,1.2373286115530249,8.925377441918215,35.902849926154694,0.008117871805722229,0.07272319024716459,0.2186398226908653,0.997849193511118,31.674821890566577,6.775849193511117,False,True,64.90937668269848,47.927838972801226,18,18,0,75.87671141761278,75.2746182430644,0,18,0,0:1;0:2;0:3;0:4;1:0;1:1;1:3;1:4;2:0;2:1;2:2;2:3;2:4;3:3;3:4;4:2;4:3;4:4,0:1;0:2;0:3;0:4;1:0;1:1;1:3;1:4;2:0;2:1;2:2;2:3;2:4;3:3;3:4;4:2;4:3;4:4,,,0:1;0:2;0:3;0:4;1:0;1:1;1:3;1:4;2:0;2:1;2:2;2:3;2:4;3:3;3:4;4:2;4:3;4:4,,"{""q_clearcoat"": 0, ""q_ra"": 9, ""q_scratch"": 9, ""q_thermal"": 0, ""q_uniformity"": 0}","[[74.767, 54.021, 66.613, 60.984, 61.624], [67.661, 55.045, 70.169, 66.299, 68.729], [62.64, 64.263, 68.612, 68.327, 61.17], [74.481, 74.904, 70.56, 66.312, 47.928], [74.59, 74.96, 56.099, 52.979, 58.998]]","[[76.764, 76.282, 76.046, 76.543, 76.669], [76.288, 75.932, 75.643, 75.657, 75.719], [75.98, 75.647, 75.494, 75.412, 75.275], [75.852, 75.458, 75.435, 75.454, 75.487], [76.223, 75.958, 75.902, 75.837, 75.96]]","[[""q_uniformity"", ""q_ra"", ""q_scratch"", ""q_ra"", ""q_ra""], [""q_scratch"", ""q_ra"", ""q_scratch"", ""q_scratch"", ""q_scratch""], [""q_scratch"", ""q_scratch"", ""q_scratch"", ""q_scratch"", ""q_ra""], [""q_clearcoat"", ""q_clearcoat"", ""q_scratch"", ""q_scratch"", ""q_ra""], [""q_clearcoat"", ""q_clearcoat"", ""q_ra"", ""q_ra"", ""q_ra""]]","[[47.191, 47.217, 47.672, 48.416, 48.549], [46.218, 46.281, 46.575, 47.078, 47.35], [45.126, 45.109, 45.35, 45.612, 45.685], [44.219, 44.095, 44.309, 44.535, 44.735], [43.981, 43.925, 44.068, 44.184, 44.4]]"
finish_rule,19,0,2,continue,6.775849342346191,5.759617805480957,5.600254058837891,6.9881720542907715,-0.4999999701976776,7.999825291335583,0.6908990144729614,0,64.90937668269848,68.77389104006542,0.17048283200230135,0.17281034531898945,1.7689266119980864,1.5623714382417986,0.9982265067935625,0.5587974123832922,43.925377441918215,42.90951398327695,1.0158634586412632,7.909513983276952,35.902849926154694,0.008117871805722229,0.017515842284779686,0.18139595953474744,0.2896841086709722,32.57798022863321,6.067684108670972,False,True,68.77389104006542,58.74758123776006,15,15,0,74.60194988047765,73.92250493602342,0,15,0,0:1;0:2;0:3;0:4;1:1;1:3;2:0;2:1;2:3;2:4;3:3;3:4;4:2;4:3;4:4,0:1;0:2;0:3;0:4;1:1;1:3;2:0;2:1;2:3;2:4;3:3;3:4;4:2;4:3;4:4,,,0:1;0:2;0:3;0:4;1:1;1:3;2:0;2:1;2:3;2:4;3:3;3:4;4:2;4:3;4:4,,"{""q_clearcoat"": 2, ""q_ra"": 1, ""q_scratch"": 4, ""q_thermal"": 0, ""q_uniformity"": 8}","[[72.431, 63.488, 69.992, 69.428, 69.271], [70.437, 64.565, 70.356, 69.196, 70.772], [67.213, 67.064, 70.372, 69.598, 67.111], [72.872, 73.339, 71.641, 68.477, 58.748], [72.752, 73.425, 66.081, 63.324, 67.393]]","[[75.81, 75.317, 75.004, 75.52, 75.663], [75.27, 74.808, 74.514, 74.549, 74.564], [74.723, 74.371, 74.226, 74.156, 73.923], [74.435, 73.989, 73.955, 74.044, 74.043], [74.732, 74.442, 74.338, 74.205, 74.448]]","[[""q_uniformity"", ""q_scratch"", ""q_uniformity"", ""q_uniformity"", ""q_uniformity""], [""q_scratch"", ""q_scratch"", ""q_uniformity"", ""q_uniformity"", ""q_clearcoat""], [""q_scratch"", ""q_scratch"", ""q_clearcoat"", ""q_clearcoat"", ""q_uniformity""], [""q_clearcoat"", ""q_clearcoat"", ""q_clearcoat"", ""q_clearcoat"", ""q_ra""], [""q_clearcoat"", ""q_clearcoat"", ""q_uniformity"", ""q_uniformity"", ""q_uniformity""]]","[[46.317, 46.323, 46.669, 47.383, 47.525], [45.353, 45.317, 45.576, 46.055, 46.262], [44.163, 44.128, 44.349, 44.593, 44.581], [43.233, 43.081, 43.264, 43.513, 43.668], [42.98, 42.91, 43.004, 43.06, 43.333]]"
finish_rule,19,0,3,fail_max_passes,6.067684173583984,4.247278690338135,4.130064487457275,5.471051216125488,-0.9999999403953552,7.999825291335583,0.6908990144729614,0,68.77389104006542,69.07227263312606,0.17281034531898945,0.180722240951379,1.5623714382417986,1.4891985614709013,0.5587974123832922,0.34638267889035435,42.90951398327695,42.16812775199578,0.7413862312811688,7.168127751995783,35.902849926154694,0.008117871805722229,0.01325324809819912,0.17950960173447855,,,,False,True,69.07227263312606,64.71309803657941,16,16,0,73.62667362409663,72.83113398389665,0,16,0,0:1;0:2;0:3;0:4;1:1;1:2;1:3;2:0;2:1;2:3;2:4;3:3;3:4;4:2;4:3;4:4,0:1;0:2;0:3;0:4;1:1;1:2;1:3;2:0;2:1;2:3;2:4;3:3;3:4;4:2;4:3;4:4,,,0:1;0:2;0:3;0:4;1:1;1:2;1:3;2:0;2:1;2:3;2:4;3:3;3:4;4:2;4:3;4:4,,"{""q_clearcoat"": 7, ""q_ra"": 0, ""q_scratch"": 0, ""q_thermal"": 0, ""q_uniformity"": 9}","[[70.725, 67.057, 69.576, 69.574, 69.629], [70.373, 66.296, 69.658, 69.195, 70.851], [68.278, 68.019, 70.134, 69.478, 67.229], [71.643, 72.153, 71.098, 68.987, 64.713], [71.365, 72.249, 66.432, 65.199, 66.894]]","[[75.057, 74.519, 74.214, 74.767, 74.906], [74.459, 73.902, 73.641, 73.727, 73.747], [73.715, 73.351, 73.243, 73.217, 72.98], [73.289, 72.831, 72.854, 73.009, 73.012], [73.536, 73.24, 73.158, 73.009, 73.283]]","[[""q_uniformity"", ""q_uniformity"", ""q_clearcoat"", ""q_uniformity"", ""q_uniformity""], [""q_clearcoat"", ""q_uniformity"", ""q_clearcoat"", ""q_clearcoat"", ""q_clearcoat""], [""q_clearcoat"", ""q_clearcoat"", ""q_clearcoat"", ""q_clearcoat"", ""q_uniformity""], [""q_clearcoat"", ""q_clearcoat"", ""q_clearcoat"", ""q_clearcoat"", ""q_uniformity""], [""q_clearcoat"", ""q_clearcoat"", ""q_uniformity"", ""q_uniformity"", ""q_uniformity""]]","[[45.661, 45.622, 45.949, 46.661, 46.793], [44.701, 44.587, 44.85, 45.34, 45.538], [43.442, 43.397, 43.625, 43.881, 43.863], [42.496, 42.344, 42.545, 42.817, 42.962], [42.24, 42.168, 42.265, 42.304, 42.575]]"
finish_rule,27,0,1,continue,5.7779998779296875,5.777801513671875,5.6592183113098145,6.929348945617676,0.0,5.945709068328142,0.0,0,53.09924179898921,68.36298205618348,0.15119234716825058,0.12239790403935147,1.8170763390956677,1.4868589706868707,1.4914825714586732,1.0881102301567815,40.0,38.852442687438234,1.1475573125617657,3.8524426874382343,35.902799429671205,0.008118123715978351,0.02338597062595024,0.20277664677971505,0.3459861527055739,9.13538475389931,6.123986152705574,False,True,68.36298205618348,49.349745640668615,10,10,0,74.60605622514225,72.5370194265258,0,10,0,0:0;0:3;1:0;1:1;1:2;2:0;2:1;2:2;4:2;4:3,0:0;0:3;1:0;1:1;1:2;2:0;2:1;2:2;4:2;4:3,,,0:0;0:3;1:0;1:1;1:2;2:0;2:1;2:2;4:2;4:3,,"{""q_clearcoat"": 2, ""q_ra"": 1, ""q_scratch"": 7, ""q_thermal"": 0, ""q_uniformity"": 0}","[[49.35, 71.951, 70.06, 69.829, 70.971], [56.913, 63.962, 63.864, 70.033, 71.063], [54.676, 60.719, 69.549, 70.835, 70.826], [73.362, 73.732, 71.468, 71.055, 72.317], [74.403, 74.618, 69.023, 69.846, 74.651]]","[[74.701, 73.679, 73.948, 74.427, 75.296], [73.752, 72.537, 72.839, 73.976, 74.89], [74.403, 73.993, 74.059, 74.821, 74.93], [74.926, 74.441, 74.616, 75.122, 75.419], [75.984, 75.534, 75.551, 75.514, 75.792]]","[[""q_ra"", ""q_clearcoat"", ""q_clearcoat"", ""q_clearcoat"", ""q_scratch""], [""q_scratch"", ""q_scratch"", ""q_scratch"", ""q_clearcoat"", ""q_clearcoat""], [""q_scratch"", ""q_scratch"", ""q_clearcoat"", ""q_clearcoat"", ""q_clearcoat""], [""q_clearcoat"", ""q_clearcoat"", ""q_clearcoat"", ""q_clearcoat"", ""q_clearcoat""], [""q_clearcoat"", ""q_clearcoat"", ""q_scratch"", ""q_scratch"", ""q_clearcoat""]]","[[38.868, 38.852, 39.852, 40.901, 41.827], [38.973, 39.063, 39.901, 41.093, 41.974], [40.355, 40.585, 41.223, 42.185, 42.553], [41.724, 41.753, 42.284, 42.985, 43.442], [43.022, 42.97, 43.323, 43.602, 43.993]]"
finish_rule,27,0,2,continue,6.12398624420166,5.2052483558654785,5.061546325683594,6.432999610900879,-0.4999999701976776,7.999825291335583,0.6908990144729614,0,68.36298205618348,69.04169384904003,0.12239790403935147,0.12627639488362666,1.4868589706868707,1.3801458812913363,1.0881102301567815,0.7386916075345811,38.852442687438234,38.04251181769961,0.809930869738622,3.042511817699612,35.902799429671205,0.008118123715978351,0.013690087870856717,0.16001648856374653,0.25666269758324806,6.515027464087251,6.034662697583248,False,True,69.04169384904003,54.39276995781172,11,11,0,72.7466260512386,69.95053556155821,1,10,0,0:0;0:1;0:2;0:3;1:0;1:1;1:2;1:3;2:0;2:1;2:2,0:0;0:1;0:2;0:3;1:0;1:1;1:2;1:3;2:0;2:1;2:2,,1:1,0:0;0:1;0:2;0:3;1:0;1:2;1:3;2:0;2:1;2:2,,"{""q_clearcoat"": 9, ""q_ra"": 1, ""q_scratch"": 1, ""q_thermal"": 0, ""q_uniformity"": 0}","[[54.393, 68.669, 69.236, 69.616, 70.4], [63.621, 64.224, 65.538, 69.787, 70.716], [63.486, 64.504, 69.826, 71.458, 70.835], [71.615, 71.993, 71.732, 71.461, 72.635], [72.66, 73.019, 70.815, 70.868, 72.935]]","[[71.908, 70.889, 71.468, 72.387, 73.556], [71.321, 69.951, 70.424, 72.003, 73.184], [72.429, 72.05, 72.316, 73.202, 73.345], [73.261, 72.785, 73.056, 73.676, 74.005], [74.56, 74.107, 74.198, 74.12, 74.463]]","[[""q_ra"", ""q_clearcoat"", ""q_clearcoat"", ""q_clearcoat"", ""q_clearcoat""], [""q_clearcoat"", ""q_clearcoat"", ""q_clearcoat"", ""q_clearcoat"", ""q_clearcoat""], [""q_scratch"", ""q_clearcoat"", ""q_clearcoat"", ""q_clearcoat"", ""q_clearcoat""], [""q_clearcoat"", ""q_clearcoat"", ""q_clearcoat"", ""q_clearcoat"", ""q_clearcoat""], [""q_clearcoat"", ""q_clearcoat"", ""q_clearcoat"", ""q_clearcoat"", ""q_clearcoat""]]","[[38.069, 38.043, 38.941, 39.986, 40.931], [38.238, 38.249, 38.984, 40.168, 41.068], [39.549, 39.75, 40.385, 41.295, 41.639], [40.871, 40.893, 41.41, 42.103, 42.534], [42.163, 42.107, 42.467, 42.69, 43.088]]"
finish_rule,27,0,3,fail_max_passes,6.03466272354126,4.224396228790283,4.107600688934326,5.448296546936035,-0.9999999403953552,7.999825291335583,0.6908990144729614,0,69.04169384904003,68.01703106841663,0.12627639488362666,0.13733492528828029,1.3801458812913363,1.2600610483325352,0.7386916075345811,0.6119678335181913,38.04251181769961,37.38630362579031,0.6562081919093004,2.386303625790312,35.902799429671205,0.008118123715978351,0.02832812759404817,0.1597546211531936,,,,False,True,68.01703106841663,55.16277273321425,14,14,0,71.04880978655402,67.44122780369352,6,8,0,0:0;0:1;0:2;0:3;0:4;1:0;1:1;1:2;1:3;1:4;2:0;2:1;2:2;2:4,0:0;0:1;0:2;0:3;0:4;1:0;1:1;1:2;1:3;1:4;2:0;2:1;2:2;2:4,,0:0;0:1;0:2;1:0;1:1;1:2,0:3;0:4;1:3;1:4;2:0;2:1;2:2;2:4,,"{""q_clearcoat"": 14, ""q_ra"": 0, ""q_scratch"": 0, ""q_thermal"": 0, ""q_uniformity"": 0}","[[55.163, 65.719, 67.217, 68.42, 68.966], [63.292, 63.199, 64.943, 68.28, 69.731], [63.688, 64.772, 68.604, 70.406, 69.849], [70.132, 70.509, 70.592, 70.52, 71.727], [71.225, 71.724, 70.082, 70.102, 71.563]]","[[69.185, 68.185, 69.2, 70.589, 72.037], [68.763, 67.441, 68.229, 70.283, 71.71], [70.508, 70.229, 70.701, 71.797, 72.009], [71.743, 71.291, 71.687, 72.44, 72.827], [73.279, 72.834, 73.0, 72.963, 73.291]]","[[""q_clearcoat"", ""q_clearcoat"", ""q_clearcoat"", ""q_clearcoat"", ""q_clearcoat""], [""q_clearcoat"", ""q_clearcoat"", ""q_clearcoat"", ""q_clearcoat"", ""q_clearcoat""], [""q_clearcoat"", ""q_clearcoat"", ""q_clearcoat"", ""q_clearcoat"", ""q_clearcoat""], [""q_clearcoat"", ""q_clearcoat"", ""q_clearcoat"", ""q_clearcoat"", ""q_clearcoat""], [""q_clearcoat"", ""q_clearcoat"", ""q_clearcoat"", ""q_clearcoat"", ""q_clearcoat""]]","[[37.416, 37.386, 38.226, 39.271, 40.222], [37.58, 37.582, 38.267, 39.453, 40.358], [38.855, 39.056, 39.686, 40.593, 40.935], [40.166, 40.19, 40.71, 41.408, 41.835], [41.45, 41.399, 41.766, 41.992, 42.349]]"
finish_rule,35,0,1,continue,5.7779998779296875,5.777801513671875,5.659206867218018,6.929749011993408,0.0,5.945709068328142,0.0,0,47.66895224457404,65.78612821430035,0.23009887126950718,0.1531194767334267,1.9306767319993727,1.5409301916369191,1.5679493796128043,1.1013057181349684,42.84982310143065,41.528584206679504,1.321238894751147,6.528584206679504,35.90277155605769,0.00811797204821417,0.060198168367137886,0.2334671493287625,0.7735328315809651,19.397093851103083,6.551532831580965,False,True,65.78612821430035,50.134435019404854,19,19,0,75.31685823199807,74.31932872171663,0,19,0,0:0;0:1;0:2;0:4;1:0;1:1;1:2;1:3;2:0;2:1;2:2;3:0;3:1;3:2;3:3;3:4;4:2;4:3;4:4,0:0;0:1;0:2;0:4;1:0;1:1;1:2;1:3;2:0;2:1;2:2;3:0;3:1;3:2;3:3;3:4;4:2;4:3;4:4,,,0:0;0:1;0:2;0:4;1:0;1:1;1:2;1:3;2:0;2:1;2:2;3:0;3:1;3:2;3:3;3:4;4:2;4:3;4:4,,"{""q_clearcoat"": 0, ""q_ra"": 4, ""q_scratch"": 15, ""q_thermal"": 0, ""q_uniformity"": 0}","[[60.502, 50.134, 61.972, 70.398, 69.56], [58.716, 64.43, 53.365, 69.514, 71.26], [67.241, 59.257, 65.146, 73.941, 72.085], [68.143, 69.902, 63.874, 65.554, 69.178], [70.849, 71.65, 67.604, 68.753, 61.621]]","[[76.478, 76.085, 75.938, 75.755, 76.016], [76.222, 75.508, 75.3, 75.201, 75.471], [75.378, 75.191, 74.819, 74.662, 74.982], [75.196, 74.864, 74.806, 74.319, 74.502], [75.664, 75.414, 75.082, 74.848, 75.222]]","[[""q_scratch"", ""q_ra"", ""q_scratch"", ""q_scratch"", ""q_scratch""], [""q_ra"", ""q_scratch"", ""q_ra"", ""q_scratch"", ""q_scratch""], [""q_scratch"", ""q_ra"", ""q_scratch"", ""q_clearcoat"", ""q_clearcoat""], [""q_scratch"", ""q_scratch"", ""q_scratch"", ""q_scratch"", ""q_scratch""], [""q_scratch"", ""q_scratch"", ""q_scratch"", ""q_scratch"", ""q_scratch""]]","[[47.466, 46.642, 45.864, 45.158, 45.062], [46.613, 45.579, 44.825, 44.241, 44.154], [44.847, 44.359, 43.582, 43.022, 42.966], [43.572, 43.064, 42.586, 41.895, 41.796], [43.1, 42.68, 42.072, 41.549, 41.529]]"
finish_rule,35,0,2,continue,6.551532745361328,5.568556308746338,5.414872646331787,6.79345703125,-0.4999999701976776,7.999825291335583,0.6908990144729614,0,65.78612821430035,68.72888945095062,0.1531194767334267,0.1496520045432834,1.5409301916369191,1.4224235276080837,1.1013057181349684,0.7185813038476374,41.528584206679504,40.47228607180962,1.056298134869884,5.47228607180962,35.90277155605769,0.00811797204821417,0.018158722129276886,0.19507349551156208,0.2792597028364719,17.799886461786482,6.057259702836472,False,True,68.72888945095062,59.692096345501994,15,15,0,73.79826095010185,72.3991586730751,0,15,0,0:0;0:1;0:2;1:0;1:1;1:2;2:0;2:1;2:2;3:0;3:2;3:3;4:2;4:3;4:4,0:0;0:1;0:2;1:0;1:1;1:2;2:0;2:1;2:2;3:0;3:2;3:3;4:2;4:3;4:4,,,0:0;0:1;0:2;1:0;1:1;1:2;2:0;2:1;2:2;3:0;3:2;3:3;4:2;4:3;4:4,,"{""q_clearcoat"": 8, ""q_ra"": 0, ""q_scratch"": 4, ""q_thermal"": 0, ""q_uniformity"": 3}","[[66.61, 59.692, 68.202, 71.495, 70.318], [67.372, 67.639, 64.075, 70.755, 71.738], [69.797, 66.814, 67.419, 72.069, 72.125], [69.793, 70.687, 67.677, 67.104, 70.254], [70.725, 72.18, 68.809, 68.59, 66.284]]","[[75.588, 74.972, 74.706, 74.402, 74.669], [75.236, 74.345, 73.971, 73.733, 73.96], [74.141, 73.884, 73.324, 73.0, 73.231], [73.755, 73.35, 73.17, 72.399, 72.466], [74.013, 73.717, 73.164, 72.706, 73.054]]","[[""q_scratch"", ""q_scratch"", ""q_uniformity"", ""q_clearcoat"", ""q_clearcoat""], [""q_scratch"", ""q_scratch"", ""q_uniformity"", ""q_clearcoat"", ""q_clearcoat""], [""q_clearcoat"", ""q_uniformity"", ""q_clearcoat"", ""q_clearcoat"", ""q_clearcoat""], [""q_clearcoat"", ""q_clearcoat"", ""q_clearcoat"", ""q_clearcoat"", ""q_clearcoat""], [""q_clearcoat"", ""q_clearcoat"", ""q_clearcoat"", ""q_clearcoat"", ""q_clearcoat""]]","[[46.625, 45.66, 44.851, 44.117, 44.041], [45.744, 44.638, 43.827, 43.206, 43.106], [43.915, 43.421, 42.597, 42.001, 41.907], [42.63, 42.129, 41.638, 40.883, 40.745], [42.095, 41.697, 41.049, 40.494, 40.472]]"
finish_rule,35,0,3,fail_max_passes,6.057259559631348,4.240184307098389,4.122978210449219,5.4630608558654785,-0.9999999403953552,7.999825291335583,0.6908990144729614,0,68.72888945095062,68.55133121965194,0.1496520045432834,0.15513496272880697,1.4224235276080837,1.358661770313327,0.7185813038476374,0.47838647163540093,40.47228607180962,39.726059198192424,0.7462268736171964,4.726059198192424,35.90277155605769,0.00811797204821417,0.02069526829068654,0.18099219436231057,,,,False,True,68.55133121965194,64.63980162444705,19,19,0,72.59537577529312,70.85710539105986,0,19,0,0:0;0:1;0:2;0:4;1:0;1:1;1:2;2:0;2:1;2:2;3:0;3:1;3:2;3:3;3:4;4:0;4:2;4:3;4:4,0:0;0:1;0:2;0:4;1:0;1:1;1:2;2:0;2:1;2:2;3:0;3:1;3:2;3:3;3:4;4:0;4:2;4:3;4:4,,,0:0;0:1;0:2;0:4;1:0;1:1;1:2;2:0;2:1;2:2;3:0;3:1;3:2;3:3;3:4;4:0;4:2;4:3;4:4,,"{""q_clearcoat"": 13, ""q_ra"": 0, ""q_scratch"": 0, ""q_thermal"": 0, ""q_uniformity"": 6}","[[66.934, 64.64, 68.236, 70.999, 69.656], [68.613, 68.275, 65.689, 70.228, 70.905], [69.347, 66.914, 67.951, 70.763, 70.737], [69.083, 69.781, 67.527, 66.912, 69.239], [69.496, 71.188, 67.978, 67.388, 65.303]]","[[74.864, 74.105, 73.761, 73.367, 73.605], [74.422, 73.421, 72.95, 72.615, 72.807], [73.137, 72.835, 72.171, 71.731, 71.843], [72.57, 72.118, 71.864, 70.901, 70.857], [72.664, 72.297, 71.667, 70.987, 71.324]]","[[""q_uniformity"", ""q_uniformity"", ""q_uniformity"", ""q_clearcoat"", ""q_clearcoat""], [""q_uniformity"", ""q_clearcoat"", ""q_uniformity"", ""q_clearcoat"", ""q_clearcoat""], [""q_clearcoat"", ""q_uniformity"", ""q_clearcoat"", ""q_clearcoat"", ""q_clearcoat""], [""q_clearcoat"", ""q_clearcoat"", ""q_clearcoat"", ""q_clearcoat"", ""q_clearcoat""], [""q_clearcoat"", ""q_clearcoat"", ""q_clearcoat"", ""q_clearcoat"", ""q_clearcoat""]]","[[45.974, 44.939, 44.123, 43.377, 43.291], [45.064, 43.936, 43.114, 42.479, 42.369], [43.208, 42.722, 41.898, 41.289, 41.145], [41.914, 41.429, 40.947, 40.173, 40.005], [41.346, 40.95, 40.331, 39.744, 39.726]]"
finish_rule,40,0,1,continue,5.7779998779296875,5.777801513671875,5.659207344055176,6.929416656494141,0.0,5.945709068328142,0.0,0,51.07929741246301,65.18561030836563,0.22415165418120245,0.1600019944184874,2.0739534254936354,1.645460965551906,1.724949763626316,1.0229612288931258,41.356346952788435,40.21320126040327,1.1431456923851684,5.213201260403267,35.90281000540834,0.008117929615321031,0.06877699559477679,0.20199749238486694,1.0214532088903698,15.907134402842667,6.79945320889037,False,True,65.18561030836563,53.58543175466103,19,19,0,75.06272976482937,73.61901447035112,0,19,0,0:0;0:1;0:2;0:4;1:0;1:1;1:2;1:3;1:4;2:0;2:1;2:2;2:3;2:4;3:0;3:1;3:4;4:1;4:4,0:0;0:1;0:2;0:4;1:0;1:1;1:2;1:3;1:4;2:0;2:1;2:2;2:3;2:4;3:0;3:1;3:4;4:1;4:4,,,0:0;0:1;0:2;0:4;1:0;1:1;1:2;1:3;1:4;2:0;2:1;2:2;2:3;2:4;3:0;3:1;3:4;4:1;4:4,,"{""q_clearcoat"": 0, ""q_ra"": 3, ""q_scratch"": 16, ""q_thermal"": 0, ""q_uniformity"": 0}","[[53.585, 57.997, 69.486, 73.04, 63.742], [65.658, 67.34, 55.28, 61.701, 61.552], [59.038, 62.349, 63.257, 56.833, 55.181], [66.026, 66.966, 74.544, 74.297, 64.999], [74.245, 65.611, 74.593, 74.21, 68.11]]","[[76.012, 75.725, 74.896, 74.305, 74.814], [75.284, 74.921, 74.217, 73.619, 73.821], [75.31, 74.838, 74.922, 74.689, 74.468], [75.504, 75.051, 75.138, 75.012, 74.987], [75.995, 75.691, 75.674, 75.74, 75.936]]","[[""q_ra"", ""q_scratch"", ""q_scratch"", ""q_clearcoat"", ""q_scratch""], [""q_scratch"", ""q_scratch"", ""q_ra"", ""q_scratch"", ""q_scratch""], [""q_scratch"", ""q_scratch"", ""q_scratch"", ""q_scratch"", ""q_ra""], [""q_scratch"", ""q_scratch"", ""q_clearcoat"", ""q_clearcoat"", ""q_scratch""], [""q_clearcoat"", ""q_scratch"", ""q_clearcoat"", ""q_clearcoat"", ""q_scratch""]]","[[41.349, 41.319, 40.872, 40.307, 40.213], [41.463, 41.46, 41.201, 40.784, 40.696], [42.305, 42.298, 42.619, 42.549, 42.361], [43.335, 43.34, 43.758, 43.868, 43.941], [44.287, 44.377, 44.748, 45.041, 45.313]]"
finish_rule,40,0,2,continue,6.799453258514404,5.7793450355529785,5.619772434234619,7.0049872398376465,-0.4999999701976776,7.999825291335583,0.6908990144729614,0,65.18561030836563,68.06488768574371,0.1600019944184874,0.16141642452300667,1.645460965551906,1.4737795525907245,1.0229612288931258,0.6026923005773424,40.21320126040327,39.1609534204245,1.0522478399787687,4.160953420424498,35.90281000540834,0.008117929615321031,0.02764446163223267,0.1872402934981261,0.4429248819647253,11.541070461129804,6.2209248819647245,False,True,68.06488768574371,58.87494255457514,18,18,0,73.23349889889883,71.19969232615621,0,18,0,0:0;0:1;0:2;0:4;1:0;1:1;1:2;1:3;1:4;2:0;2:1;2:2;2:3;2:4;3:0;3:1;3:4;4:1,0:0;0:1;0:2;0:4;1:0;1:1;1:2;1:3;1:4;2:0;2:1;2:2;2:3;2:4;3:0;3:1;3:4;4:1,,,0:0;0:1;0:2;0:4;1:0;1:1;1:2;1:3;1:4;2:0;2:1;2:2;2:3;2:4;3:0;3:1;3:4;4:1,,"{""q_clearcoat"": 15, ""q_ra"": 1, ""q_scratch"": 1, ""q_thermal"": 0, ""q_uniformity"": 1}","[[58.875, 66.174, 69.211, 70.203, 65.41], [68.666, 68.039, 63.996, 65.492, 66.086], [67.529, 66.4, 66.241, 64.711, 64.742], [69.218, 68.738, 72.896, 72.512, 68.117], [72.431, 69.491, 73.229, 72.593, 70.62]]","[[74.24, 73.697, 72.539, 71.663, 72.084], [73.448, 72.935, 72.022, 71.2, 71.345], [73.701, 73.121, 73.195, 72.975, 72.59], [73.987, 73.542, 73.659, 73.365, 73.382], [74.606, 74.343, 74.314, 74.312, 74.571]]","[[""q_ra"", ""q_scratch"", ""q_clearcoat"", ""q_clearcoat"", ""q_clearcoat""], [""q_clearcoat"", ""q_clearcoat"", ""q_clearcoat"", ""q_clearcoat"", ""q_clearcoat""], [""q_clearcoat"", ""q_clearcoat"", ""q_clearcoat"", ""q_uniformity"", ""q_clearcoat""], [""q_clearcoat"", ""q_clearcoat"", ""q_clearcoat"", ""q_clearcoat"", ""q_clearcoat""], [""q_clearcoat"", ""q_clearcoat"", ""q_clearcoat"", ""q_clearcoat"", ""q_clearcoat""]]","[[40.512, 40.367, 39.839, 39.258, 39.161], [40.57, 40.492, 40.166, 39.716, 39.626], [41.415, 41.344, 41.618, 41.56, 41.306], [42.379, 42.379, 42.769, 42.757, 42.847], [43.316, 43.418, 43.743, 43.958, 44.252]]"
finish_rule,40,0,3,fail_max_passes,6.2209248542785645,4.354543209075928,4.234378337860107,5.577789306640625,-0.9999999403953552,7.999825291335583,0.6908990144729614,0,68.06488768574371,67.51042955548971,0.16141642452300667,0.16616456855543227,1.4737795525907245,1.4196898821144432,0.6026923005773424,0.5172348475479842,39.1609534204245,38.384306427362816,0.7766469930616822,3.384306427362816,35.90281000540834,0.008117929615321031,0.03556529206443274,0.18341464344779587,,,,False,True,67.51042955548971,59.69951370937672,18,18,0,71.74301809452209,69.26013737437296,4,14,0,0:0;0:1;0:2;0:3;0:4;1:0;1:1;1:2;1:3;1:4;2:0;2:1;2:2;2:3;2:4;3:0;3:1;3:4,0:0;0:1;0:2;0:3;0:4;1:0;1:1;1:2;1:3;1:4;2:0;2:1;2:2;2:3;2:4;3:0;3:1;3:4,,0:3;0:4;1:3;1:4,0:0;0:1;0:2;1:0;1:1;1:2;2:0;2:1;2:2;2:3;2:4;3:0;3:1;3:4,,"{""q_clearcoat"": 17, ""q_ra"": 0, ""q_scratch"": 1, ""q_thermal"": 0, ""q_uniformity"": 0}","[[59.7, 66.156, 67.897, 67.972, 63.978], [67.903, 67.113, 63.815, 64.576, 64.828], [67.194, 66.651, 66.609, 64.698, 64.851], [68.836, 68.64, 71.723, 71.333, 67.871], [71.1, 70.015, 72.286, 71.662, 70.352]]","[[72.762, 71.985, 70.574, 69.387, 69.714], [71.894, 71.25, 70.252, 69.26, 69.301], [72.336, 71.696, 71.812, 71.617, 71.129], [72.736, 72.302, 72.485, 72.166, 72.195], [73.47, 73.234, 73.246, 73.256, 73.516]]","[[""q_scratch"", ""q_clearcoat"", ""q_clearcoat"", ""q_clearcoat"", ""q_clearcoat""], [""q_clearcoat"", ""q_clearcoat"", ""q_clearcoat"", ""q_clearcoat"", ""q_clearcoat""], [""q_clearcoat"", ""q_clearcoat"", ""q_clearcoat"", ""q_clearcoat"", ""q_clearcoat""], [""q_clearcoat"", ""q_clearcoat"", ""q_clearcoat"", ""q_clearcoat"", ""q_clearcoat""], [""q_clearcoat"", ""q_clearcoat"", ""q_clearcoat"", ""q_clearcoat"", ""q_clearcoat""]]","[[39.879, 39.651, 39.087, 38.486, 38.384], [39.889, 39.76, 39.432, 38.973, 38.862], [40.725, 40.625, 40.89, 40.848, 40.566], [41.653, 41.654, 42.046, 42.016, 42.105], [42.58, 42.686, 43.01, 43.215, 43.489]]"
finish_rule,42,0,1,continue,5.7779998779296875,5.777801513671875,5.659219264984131,6.929737091064453,0.0,5.945709068328142,0.0,0,58.20407573436952,66.2999019950883,0.22543844835210325,0.16334732687482345,2.4543425441040334,2.117228012951374,1.941888491648028,1.3722654994379617,50.0,48.23639645801907,1.7636035419809275,13.236396458019072,35.902737234127166,0.008117795505324663,0.05861400647568704,0.3116337182574022,0.5642586444443078,36.056420726392865,6.342258644444307,False,True,66.2999019950883,45.70523339267521,15,15,0,76.57227821738515,76.32051395194782,0,15,0,0:0;0:1;0:2;1:0;1:1;1:2;1:3;2:0;2:1;2:2;2:3;3:0;4:2;4:3;4:4,0:0;0:1;0:2;1:0;1:1;1:2;1:3;2:0;2:1;2:2;2:3;3:0;4:2;4:3;4:4,,,0:0;0:1;0:2;1:0;1:1;1:2;1:3;2:0;2:1;2:2;2:3;3:0;4:2;4:3;4:4,,"{""q_clearcoat"": 0, ""q_ra"": 6, ""q_scratch"": 9, ""q_thermal"": 0, ""q_uniformity"": 0}","[[66.936, 46.648, 49.687, 75.104, 75.263], [47.537, 67.139, 54.954, 66.212, 74.737], [68.955, 69.608, 67.938, 67.816, 75.183], [68.403, 75.704, 75.672, 75.8, 74.833], [75.301, 74.691, 66.084, 51.589, 45.705]]","[[76.986, 76.712, 76.626, 76.604, 76.669], [76.746, 76.516, 76.513, 76.485, 76.526], [76.619, 76.539, 76.545, 76.368, 76.482], [76.748, 76.577, 76.534, 76.414, 76.321], [76.802, 76.509, 76.507, 76.413, 76.546]]","[[""q_scratch"", ""q_ra"", ""q_ra"", ""q_uniformity"", ""q_uniformity""], [""q_ra"", ""q_scratch"", ""q_ra"", ""q_scratch"", ""q_uniformity""], [""q_scratch"", ""q_scratch"", ""q_scratch"", ""q_scratch"", ""q_clearcoat""], [""q_scratch"", ""q_clearcoat"", ""q_clearcoat"", ""q_clearcoat"", ""q_clearcoat""], [""q_uniformity"", ""q_uniformity"", ""q_scratch"", ""q_ra"", ""q_ra""]]","[[48.884, 48.595, 48.504, 48.481, 48.549], [48.63, 48.39, 48.386, 48.357, 48.4], [48.497, 48.413, 48.419, 48.236, 48.354], [48.632, 48.453, 48.408, 48.292, 48.276], [48.689, 48.382, 48.38, 48.291, 48.488]]"
finish_rule,42,0,2,continue,6.342258453369141,5.390782833099365,5.241934776306152,6.616774559020996,-0.4999999701976776,7.999825291335583,0.6908990144729614,0,66.2999019950883,69.04019665869788,0.16334732687482345,0.16386578240584115,2.117228012951374,1.9601144774677115,1.3722654994379617,0.912115854131941,48.23639645801907,47.180687469382626,1.0557089886364466,12.180687469382626,35.902737234127166,0.008117795505324663,0.013711476304315998,0.20139681886320146,0.204245673517259,50.55038866476757,5.982245673517259,False,True,69.04019665869788,55.36098211733044,9,9,0,75.61525678181752,75.26354933794137,0,9,0,0:1;0:2;1:0;1:1;1:2;1:3;4:2;4:3;4:4,0:1;0:2;1:0;1:1;1:2;1:3;4:2;4:3;4:4,,,0:1;0:2;1:0;1:1;1:2;1:3;4:2;4:3;4:4,,"{""q_clearcoat"": 0, ""q_ra"": 4, ""q_scratch"": 3, ""q_thermal"": 0, ""q_uniformity"": 2}","[[70.347, 55.361, 58.95, 73.777, 73.678], [56.008, 69.081, 63.271, 69.625, 73.32], [71.972, 71.701, 70.99, 70.048, 73.964], [72.137, 74.677, 74.468, 74.52, 73.544], [74.06, 73.573, 68.642, 61.56, 56.731]]","[[76.234, 75.819, 75.664, 75.638, 75.719], [75.872, 75.556, 75.528, 75.479, 75.533], [75.691, 75.588, 75.594, 75.312, 75.461], [75.863, 75.669, 75.576, 75.391, 75.264], [75.899, 75.542, 75.533, 75.363, 75.591]]","[[""q_scratch"", ""q_ra"", ""q_ra"", ""q_clearcoat"", ""q_clearcoat""], [""q_ra"", ""q_scratch"", ""q_scratch"", ""q_uniformity"", ""q_clearcoat""], [""q_uniformity"", ""q_clearcoat"", ""q_uniformity"", ""q_uniformity"", ""q_clearcoat""], [""q_uniformity"", ""q_clearcoat"", ""q_clearcoat"", ""q_clearcoat"", ""q_clearcoat""], [""q_clearcoat"", ""q_clearcoat"", ""q_scratch"", ""q_uniformity"", ""q_ra""]]","[[48.098, 47.679, 47.525, 47.5, 47.58], [47.733, 47.418, 47.392, 47.344, 47.396], [47.552, 47.45, 47.456, 47.181, 47.326], [47.724, 47.53, 47.438, 47.265, 47.215], [47.759, 47.405, 47.396, 47.238, 47.517]]"
finish_rule,42,0,3,success,5.982245445251465,4.187512397766113,4.071923732757568,5.410699844360352,-0.9999999403953552,7.999825291335583,0.6908990144729614,0,69.04019665869788,70.0119789803647,0.16386578240584115,0.17096613018349685,1.9601144774677115,1.8582595665079293,0.912115854131941,0.5835988297161325,47.180687469382626,46.45508047702058,0.7256069923620458,11.45508047702058,35.902737234127166,0.008117795505324663,0.0,0.17819758914557415,,,,True,True,70.0119789803647,60.88642023168656,10,10,0,74.8744970656485,74.4881509004459,0,10,0,0:0;0:1;0:2;1:0;1:1;1:2;1:3;4:2;4:3;4:4,0:0;0:1;0:2;1:0;1:1;1:2;1:3;4:2;4:3;4:4,,,0:0;0:1;0:2;1:0;1:1;1:2;1:3;4:2;4:3;4:4,,"{""q_clearcoat"": 0, ""q_ra"": 1, ""q_scratch"": 0, ""q_thermal"": 0, ""q_uniformity"": 9}","[[69.626, 60.886, 64.912, 72.955, 72.567], [61.254, 69.839, 66.325, 69.961, 72.484], [71.887, 71.934, 71.416, 70.458, 73.291], [72.337, 73.929, 73.742, 73.713, 72.881], [73.113, 72.858, 69.907, 64.616, 63.407]]","[[75.611, 75.107, 74.917, 74.89, 74.97], [75.165, 74.812, 74.78, 74.715, 74.772], [74.957, 74.849, 74.855, 74.545, 74.697], [75.132, 74.933, 74.849, 74.642, 74.488], [75.163, 74.792, 74.781, 74.594, 74.845]]","[[""q_uniformity"", ""q_ra"", ""q_uniformity"", ""q_clearcoat"", ""q_clearcoat""], [""q_uniformity"", ""q_uniformity"", ""q_uniformity"", ""q_uniformity"", ""q_clearcoat""], [""q_clearcoat"", ""q_clearcoat"", ""q_uniformity"", ""q_uniformity"", ""q_clearcoat""], [""q_clearcoat"", ""q_clearcoat"", ""q_clearcoat"", ""q_clearcoat"", ""q_clearcoat""], [""q_clearcoat"", ""q_clearcoat"", ""q_uniformity"", ""q_uniformity"", ""q_uniformity""]]","[[47.473, 46.983, 46.802, 46.778, 46.853], [47.039, 46.704, 46.674, 46.612, 46.666], [46.841, 46.738, 46.744, 46.455, 46.596], [47.008, 46.818, 46.739, 46.551, 46.479], [47.038, 46.685, 46.675, 46.508, 46.794]]"
finish_rule,68,0,1,continue,5.7779998779296875,5.777801513671875,5.659209251403809,6.9290971755981445,0.0,5.945709068328142,0.0,0,47.793593540587445,62.84065538809608,0.25461774559638,0.1856561154909681,2.219037958737313,1.8110788802900717,1.8358859874511542,1.0957777697485713,48.421065254045516,47.17546192235344,1.2456033316920738,12.175461922353442,35.902835049972516,0.008117511434355814,0.10227635159862741,0.2201020100790747,1.3940311344074034,46.230663312423935,7.172031134407403,False,True,62.84065538809608,50.48824602443429,19,19,0,76.49103675335124,76.0156905424001,0,19,0,0:0;0:1;0:2;0:3;1:0;1:1;1:2;1:3;1:4;2:0;2:1;2:4;3:1;3:2;3:3;3:4;4:0;4:2;4:4,0:0;0:1;0:2;0:3;1:0;1:1;1:2;1:3;1:4;2:0;2:1;2:4;3:1;3:2;3:3;3:4;4:0;4:2;4:4,,,0:0;0:1;0:2;0:3;1:0;1:1;1:2;1:3;1:4;2:0;2:1;2:4;3:1;3:2;3:3;3:4;4:0;4:2;4:4,,"{""q_clearcoat"": 0, ""q_ra"": 9, ""q_scratch"": 10, ""q_thermal"": 0, ""q_uniformity"": 0}","[[57.211, 58.39, 62.553, 69.202, 74.87], [58.784, 56.686, 64.862, 57.039, 56.815], [50.488, 56.077, 73.208, 75.48, 58.996], [71.643, 64.392, 57.657, 61.3, 52.368], [64.023, 71.149, 69.663, 71.688, 56.474]]","[[76.898, 76.723, 76.51, 76.42, 76.596], [76.444, 76.285, 76.189, 76.016, 76.258], [76.75, 76.615, 76.498, 76.157, 76.284], [76.63, 76.506, 76.513, 76.436, 76.391], [76.786, 76.657, 76.569, 76.561, 76.585]]","[[""q_scratch"", ""q_ra"", ""q_scratch"", ""q_scratch"", ""q_uniformity""], [""q_scratch"", ""q_scratch"", ""q_scratch"", ""q_ra"", ""q_ra""], [""q_ra"", ""q_ra"", ""q_scratch"", ""q_clearcoat"", ""q_ra""], [""q_scratch"", ""q_scratch"", ""q_ra"", ""q_scratch"", ""q_ra""], [""q_scratch"", ""q_scratch"", ""q_scratch"", ""q_scratch"", ""q_ra""]]","[[47.821, 47.695, 47.449, 47.189, 47.175], [48.194, 48.004, 47.775, 47.293, 47.268], [48.634, 48.493, 48.37, 47.943, 47.78], [48.508, 48.379, 48.386, 48.314, 48.23], [48.672, 48.536, 48.445, 48.444, 48.445]]"
finish_rule,68,0,2,continue,7.172030925750732,6.096251964569092,5.927654266357422,7.32056999206543,-0.4999999701976776,7.999825291335583,0.6908990144729614,0,62.84065538809608,68.54569357365898,0.1856561154909681,0.1900009917201388,1.8110788802900717,1.7289134151024432,1.0957777697485713,0.6812079294903441,47.17546192235344,46.06226531754514,1.1131966048083015,11.06226531754514,35.902835049972516,0.008117511434355814,0.020775806090586,0.18779715462257676,0.3318869148844126,48.255605021055445,6.109886914884412,False,True,68.54569357365898,61.83408526593423,17,17,0,75.38186100734966,74.79662769231882,0,17,0,0:0;0:1;0:2;1:0;1:1;1:2;1:3;1:4;2:0;2:1;2:4;3:1;3:2;3:3;3:4;4:0;4:4,0:0;0:1;0:2;1:0;1:1;1:2;1:3;1:4;2:0;2:1;2:4;3:1;3:2;3:3;3:4;4:0;4:4,,,0:0;0:1;0:2;1:0;1:1;1:2;1:3;1:4;2:0;2:1;2:4;3:1;3:2;3:3;3:4;4:0;4:4,,"{""q_clearcoat"": 0, ""q_ra"": 0, ""q_scratch"": 10, ""q_thermal"": 0, ""q_uniformity"": 7}","[[64.254, 67.701, 67.58, 70.991, 72.821], [66.028, 67.853, 67.939, 65.411, 67.488], [61.834, 65.118, 73.188, 74.119, 67.229], [73.621, 68.102, 66.919, 68.038, 64.845], [69.708, 72.682, 71.586, 72.886, 65.699]]","[[76.001, 75.667, 75.349, 75.202, 75.374], [75.479, 75.226, 75.033, 74.797, 75.027], [75.753, 75.554, 75.361, 75.015, 75.065], [75.591, 75.422, 75.414, 75.292, 75.228], [75.8, 75.566, 75.43, 75.421, 75.478]]","[[""q_scratch"", ""q_scratch"", ""q_scratch"", ""q_clearcoat"", ""q_uniformity""], [""q_scratch"", ""q_scratch"", ""q_scratch"", ""q_uniformity"", ""q_uniformity""], [""q_scratch"", ""q_scratch"", ""q_clearcoat"", ""q_clearcoat"", ""q_uniformity""], [""q_clearcoat"", ""q_scratch"", ""q_uniformity"", ""q_uniformity"", ""q_uniformity""], [""q_uniformity"", ""q_clearcoat"", ""q_uniformity"", ""q_clearcoat"", ""q_scratch""]]","[[46.957, 46.689, 46.365, 46.074, 46.062], [47.231, 46.963, 46.659, 46.159, 46.132], [47.613, 47.417, 47.229, 46.826, 46.607], [47.453, 47.288, 47.28, 47.169, 47.073], [47.66, 47.429, 47.296, 47.294, 47.327]]"
finish_rule,68,0,3,fail_max_passes,6.10988712310791,4.277095794677734,4.158778667449951,5.500389575958252,-0.9999999403953552,7.999825291335583,0.6908990144729614,0,68.54569357365898,69.24250323161993,0.1900009917201388,0.19559659693193737,1.7289134151024432,1.5552545654836465,0.6812079294903441,0.5602739299631829,46.06226531754514,45.31671665593419,0.7455486616109539,10.316716655934187,35.902835049972516,0.008117511434355814,0.010821382405429502,0.1792710603827599,,,,False,True,69.24250323161993,65.83885975001684,17,17,0,74.59512925094077,73.95115235300288,0,17,0,0:0;0:1;0:2;1:0;1:1;1:2;1:3;1:4;2:0;2:1;2:4;3:1;3:2;3:3;3:4;4:0;4:4,0:0;0:1;0:2;1:0;1:1;1:2;1:3;1:4;2:0;2:1;2:4;3:1;3:2;3:3;3:4;4:0;4:4,,,0:0;0:1;0:2;1:0;1:1;1:2;1:3;1:4;2:0;2:1;2:4;3:1;3:2;3:3;3:4;4:0;4:4,,"{""q_clearcoat"": 1, ""q_ra"": 0, ""q_scratch"": 2, ""q_thermal"": 0, ""q_uniformity"": 14}","[[65.863, 68.554, 68.568, 70.768, 71.583], [66.914, 68.51, 69.046, 65.839, 67.634], [67.398, 67.104, 72.762, 73.287, 67.771], [72.916, 68.968, 67.412, 68.46, 66.925], [69.969, 72.514, 71.359, 72.562, 68.375]]","[[75.331, 74.886, 74.513, 74.336, 74.503], [74.764, 74.45, 74.223, 73.951, 74.173], [75.014, 74.79, 74.58, 74.235, 74.218], [74.835, 74.656, 74.65, 74.534, 74.439], [75.058, 74.763, 74.642, 74.613, 74.722]]","[[""q_scratch"", ""q_uniformity"", ""q_uniformity"", ""q_clearcoat"", ""q_clearcoat""], [""q_uniformity"", ""q_scratch"", ""q_clearcoat"", ""q_uniformity"", ""q_uniformity""], [""q_uniformity"", ""q_uniformity"", ""q_clearcoat"", ""q_clearcoat"", ""q_uniformity""], [""q_clearcoat"", ""q_uniformity"", ""q_uniformity"", ""q_uniformity"", ""q_uniformity""], [""q_uniformity"", ""q_clearcoat"", ""q_clearcoat"", ""q_clearcoat"", ""q_uniformity""]]","[[46.341, 45.985, 45.628, 45.329, 45.317], [46.553, 46.241, 45.922, 45.42, 45.391], [46.895, 46.683, 46.487, 46.104, 45.841], [46.726, 46.558, 46.552, 46.451, 46.332], [46.937, 46.658, 46.545, 46.525, 46.605]]"
finish_rule,87,0,1,continue,5.7779998779296875,5.777801513671875,5.659212589263916,6.9297075271606445,0.0,5.945709068328142,0.0,0,54.17062721585193,68.6650685928557,0.166270809161405,0.12349274744606797,1.8156980995072982,1.2322083511490272,1.396305917117088,0.8721576947954699,40.7020173394669,39.41198870561819,1.2900286338487064,4.411988705618192,35.90283727518009,0.008117695350295035,0.019070448673489945,0.22795196566674625,0.25097983188313366,10.581127030702568,6.028979831883134,False,True,68.6650685928557,60.09437782859807,14,14,0,74.50036848432418,72.96152111373526,0,14,0,0:1;0:2;0:3;0:4;1:0;1:1;1:2;1:4;2:1;2:4;3:3;3:4;4:3;4:4,0:1;0:2;0:3;0:4;1:0;1:1;1:2;1:4;2:1;2:4;3:3;3:4;4:3;4:4,,,0:1;0:2;0:3;0:4;1:0;1:1;1:2;1:4;2:1;2:4;3:3;3:4;4:3;4:4,,"{""q_clearcoat"": 2, ""q_ra"": 0, ""q_scratch"": 12, ""q_thermal"": 0, ""q_uniformity"": 0}","[[73.642, 67.793, 65.99, 67.94, 60.117], [68.396, 60.094, 64.97, 71.061, 65.042], [70.775, 68.926, 71.656, 70.187, 66.056], [74.472, 73.023, 70.147, 68.381, 63.885], [74.396, 72.737, 72.533, 69.291, 65.117]]","[[75.78, 74.402, 74.718, 75.12, 75.876], [75.42, 74.712, 74.353, 74.472, 74.941], [75.405, 75.103, 74.085, 73.656, 73.82], [75.341, 74.377, 73.513, 72.963, 72.962], [75.455, 74.364, 73.695, 73.977, 74.0]]","[[""q_uniformity"", ""q_scratch"", ""q_scratch"", ""q_scratch"", ""q_scratch""], [""q_scratch"", ""q_scratch"", ""q_scratch"", ""q_clearcoat"", ""q_scratch""], [""q_scratch"", ""q_scratch"", ""q_clearcoat"", ""q_clearcoat"", ""q_scratch""], [""q_clearcoat"", ""q_clearcoat"", ""q_clearcoat"", ""q_clearcoat"", ""q_scratch""], [""q_clearcoat"", ""q_clearcoat"", ""q_clearcoat"", ""q_clearcoat"", ""q_scratch""]]","[[40.67, 41.003, 42.518, 43.94, 45.137], [40.651, 41.084, 41.972, 42.975, 43.808], [40.843, 41.088, 41.167, 41.478, 41.886], [40.976, 40.482, 40.101, 39.95, 40.067], [41.113, 40.274, 39.606, 39.465, 39.412]]"
finish_rule,87,0,2,continue,6.028979778289795,5.124796390533447,4.983021259307861,6.349700927734375,-0.4999999701976776,7.999825291335583,0.6908990144729614,0,68.6650685928557,69.23835365737284,0.12349274744606797,0.1280822228176803,1.2322083511490272,1.084437000209035,0.8721576947954699,0.40177804881517964,39.41198870561819,38.4791438114181,0.9328448942000946,3.4791438114180977,35.90283727518009,0.008117695350295035,0.010880662037530847,0.18720467877948935,0.17436522594097092,7.901211770248537,5.95236522594097,False,True,69.23835365737284,65.02128931658093,14,14,0,72.59321979844253,70.55439518365458,0,14,0,0:1;0:2;0:4;1:0;1:1;1:2;1:4;2:4;3:2;3:3;3:4;4:2;4:3;4:4,0:1;0:2;0:4;1:0;1:1;1:2;1:4;2:4;3:2;3:3;3:4;4:2;4:3;4:4,,,0:1;0:2;0:4;1:0;1:1;1:2;1:4;2:4;3:2;3:3;3:4;4:2;4:3;4:4,,"{""q_clearcoat"": 13, ""q_ra"": 0, ""q_scratch"": 0, ""q_thermal"": 0, ""q_uniformity"": 1}","[[70.83, 68.818, 68.92, 70.184, 67.553], [69.776, 65.455, 66.71, 71.279, 67.761], [70.744, 70.733, 71.288, 70.025, 66.989], [72.518, 70.906, 69.846, 68.024, 65.021], [72.24, 70.523, 69.721, 68.795, 66.298]]","[[74.141, 72.654, 73.197, 73.829, 74.714], [73.767, 72.951, 72.746, 73.03, 73.622], [73.692, 73.235, 72.265, 71.773, 72.121], [73.414, 72.301, 71.25, 70.554, 70.615], [73.547, 72.145, 70.87, 71.222, 71.175]]","[[""q_clearcoat"", ""q_clearcoat"", ""q_clearcoat"", ""q_clearcoat"", ""q_uniformity""], [""q_clearcoat"", ""q_clearcoat"", ""q_clearcoat"", ""q_clearcoat"", ""q_clearcoat""], [""q_clearcoat"", ""q_clearcoat"", ""q_clearcoat"", ""q_clearcoat"", ""q_clearcoat""], [""q_clearcoat"", ""q_clearcoat"", ""q_clearcoat"", ""q_clearcoat"", ""q_clearcoat""], [""q_clearcoat"", ""q_clearcoat"", ""q_clearcoat"", ""q_clearcoat"", ""q_clearcoat""]]","[[39.973, 40.198, 41.639, 43.053, 44.242], [39.946, 40.266, 41.107, 42.084, 42.913], [40.088, 40.229, 40.302, 40.532, 40.976], [40.112, 39.616, 39.214, 39.028, 39.146], [40.24, 39.388, 38.626, 38.542, 38.479]]"
finish_rule,87,0,3,fail_max_passes,5.952365398406982,4.166776657104492,4.051587104797363,5.390460968017578,-0.9999999403953552,7.999825291335583,0.6908990144729614,0,69.23835365737284,68.0284902686124,0.1280822228176803,0.14023285984773315,1.084437000209035,1.12076534091258,0.40177804881517964,0.19469066007741587,38.4791438114181,37.744623939366726,0.7345198720513721,2.7446239393667256,35.90283727518009,0.008117695350295035,0.028164424734108552,0.181291887117927,,,,False,True,68.0284902686124,64.22565765337134,22,22,0,70.88185608566442,68.2487069287676,6,16,0,0:0;0:1;0:2;0:3;0:4;1:0;1:1;1:2;1:4;2:0;2:1;2:2;2:3;2:4;3:1;3:2;3:3;3:4;4:1;4:2;4:3;4:4,0:0;0:1;0:2;0:3;0:4;1:0;1:1;1:2;1:4;2:0;2:1;2:2;2:3;2:4;3:1;3:2;3:3;3:4;4:1;4:2;4:3;4:4,,3:2;3:3;3:4;4:2;4:3;4:4,0:0;0:1;0:2;0:3;0:4;1:0;1:1;1:2;1:4;2:0;2:1;2:2;2:3;2:4;3:1;4:1,,"{""q_clearcoat"": 21, ""q_ra"": 0, ""q_scratch"": 0, ""q_thermal"": 0, ""q_uniformity"": 1}","[[68.509, 68.089, 68.14, 69.832, 67.606], [69.03, 65.431, 66.891, 70.361, 67.951], [69.187, 69.444, 69.699, 68.848, 66.441], [70.701, 69.043, 68.067, 66.099, 64.226], [70.326, 68.574, 67.166, 66.52, 64.532]]","[[72.654, 71.101, 71.89, 72.742, 73.756], [72.238, 71.306, 71.316, 71.816, 72.537], [72.027, 71.523, 70.619, 70.246, 70.712], [71.636, 70.375, 69.227, 68.465, 68.557], [71.798, 70.111, 68.249, 68.629, 68.517]]","[[""q_clearcoat"", ""q_clearcoat"", ""q_clearcoat"", ""q_clearcoat"", ""q_uniformity""], [""q_clearcoat"", ""q_clearcoat"", ""q_clearcoat"", ""q_clearcoat"", ""q_clearcoat""], [""q_clearcoat"", ""q_clearcoat"", ""q_clearcoat"", ""q_clearcoat"", ""q_clearcoat""], [""q_clearcoat"", ""q_clearcoat"", ""q_clearcoat"", ""q_clearcoat"", ""q_clearcoat""], [""q_clearcoat"", ""q_clearcoat"", ""q_clearcoat"", ""q_clearcoat"", ""q_clearcoat""]]","[[39.398, 39.552, 40.948, 42.36, 43.55], [39.354, 39.58, 40.407, 41.395, 42.23], [39.427, 39.526, 39.601, 39.844, 40.293], [39.401, 38.909, 38.523, 38.339, 38.447], [39.524, 38.678, 37.866, 37.811, 37.745]]"
finish_rule,88,0,1,continue,5.7779998779296875,5.777801513671875,5.659209728240967,6.9276838302612305,0.0,5.945709068328142,0.0,0,51.84261517025909,64.3878573584984,0.25262146695129417,0.15673539091786837,2.1790022368869,1.7082816706399933,1.6636725778774384,1.1346529953544071,44.10234745235047,42.68563111776669,1.416716334583782,7.68563111776669,35.902849926154694,0.008117871805722229,0.0801734663071658,0.2503381925419709,0.9607818786227454,22.71180062472271,6.738781878622745,False,True,64.3878573584984,51.286117619289115,19,19,0,75.42839477942897,74.73098262091388,0,19,0,0:0;0:1;0:3;0:4;1:0;1:3;1:4;2:0;2:2;2:3;2:4;3:0;3:3;3:4;4:0;4:1;4:2;4:3;4:4,0:0;0:1;0:3;0:4;1:0;1:3;1:4;2:0;2:2;2:3;2:4;3:0;3:3;3:4;4:0;4:1;4:2;4:3;4:4,,,0:0;0:1;0:3;0:4;1:0;1:3;1:4;2:0;2:2;2:3;2:4;3:0;3:3;3:4;4:0;4:1;4:2;4:3;4:4,,"{""q_clearcoat"": 0, ""q_ra"": 6, ""q_scratch"": 13, ""q_thermal"": 0, ""q_uniformity"": 0}","[[58.975, 69.991, 71.592, 68.397, 65.628], [51.286, 74.102, 73.984, 68.896, 59.63], [52.661, 71.046, 69.023, 57.735, 61.87], [52.338, 74.669, 74.483, 56.844, 62.92], [60.641, 64.215, 68.615, 61.271, 58.885]]","[[76.365, 75.584, 75.387, 75.515, 76.121], [75.911, 75.353, 74.873, 74.89, 75.119], [75.905, 75.338, 75.019, 74.961, 74.731], [75.771, 75.454, 75.258, 75.01, 74.906], [75.839, 75.514, 75.384, 75.678, 75.824]]","[[""q_scratch"", ""q_scratch"", ""q_clearcoat"", ""q_scratch"", ""q_scratch""], [""q_ra"", ""q_clearcoat"", ""q_clearcoat"", ""q_scratch"", ""q_ra""], [""q_ra"", ""q_scratch"", ""q_scratch"", ""q_scratch"", ""q_scratch""], [""q_ra"", ""q_clearcoat"", ""q_clearcoat"", ""q_ra"", ""q_scratch""], [""q_scratch"", ""q_scratch"", ""q_scratch"", ""q_ra"", ""q_scratch""]]","[[44.019, 44.157, 45.177, 46.564, 47.898], [43.303, 43.485, 44.082, 45.102, 45.968], [42.897, 42.898, 43.303, 43.934, 44.209], [42.718, 42.686, 42.855, 43.032, 43.235], [42.853, 42.694, 42.702, 43.004, 43.218]]"
finish_rule,88,0,2,continue,6.738781929016113,5.727924823760986,5.569624900817871,6.9544267654418945,-0.4999999701976776,7.999825291335583,0.6908990144729614,0,64.3878573584984,68.16299923495943,0.15673539091786837,0.15962937710700903,1.7082816706399933,1.4932017881599107,1.1346529953544071,0.6659013413399935,42.68563111776669,41.592984276229885,1.092646841536805,6.592984276229885,35.902849926154694,0.008117871805722229,0.02624286807200816,0.19617961011635726,0.4013088015076046,23.412138873686782,6.179308801507604,False,True,68.16299923495943,60.37141230844394,16,16,0,73.89194941264459,73.17201263259801,0,16,0,0:0;0:3;0:4;1:0;1:4;2:0;2:3;2:4;3:0;3:3;3:4;4:0;4:1;4:2;4:3;4:4,0:0;0:3;0:4;1:0;1:4;2:0;2:3;2:4;3:0;3:3;3:4;4:0;4:1;4:2;4:3;4:4,,,0:0;0:3;0:4;1:0;1:4;2:0;2:3;2:4;3:0;3:3;3:4;4:0;4:1;4:2;4:3;4:4,,"{""q_clearcoat"": 4, ""q_ra"": 1, ""q_scratch"": 2, ""q_thermal"": 0, ""q_uniformity"": 9}","[[65.168, 70.244, 71.582, 69.987, 68.454], [60.371, 72.32, 72.358, 70.505, 67.893], [62.41, 71.422, 70.866, 64.753, 67.114], [61.705, 72.69, 72.516, 65.308, 67.769], [67.32, 67.382, 69.753, 67.533, 66.651]]","[[75.067, 74.285, 74.142, 74.391, 75.089], [74.452, 73.925, 73.433, 73.57, 73.857], [74.292, 73.733, 73.438, 73.492, 73.172], [74.046, 73.709, 73.53, 73.268, 73.19], [74.183, 73.6, 73.474, 73.846, 74.114]]","[[""q_scratch"", ""q_clearcoat"", ""q_clearcoat"", ""q_clearcoat"", ""q_uniformity""], [""q_ra"", ""q_clearcoat"", ""q_clearcoat"", ""q_clearcoat"", ""q_uniformity""], [""q_scratch"", ""q_clearcoat"", ""q_clearcoat"", ""q_uniformity"", ""q_clearcoat""], [""q_uniformity"", ""q_clearcoat"", ""q_clearcoat"", ""q_uniformity"", ""q_clearcoat""], [""q_uniformity"", ""q_uniformity"", ""q_clearcoat"", ""q_uniformity"", ""q_uniformity""]]","[[43.141, 43.252, 44.208, 45.568, 46.887], [42.392, 42.563, 43.077, 44.075, 44.905], [41.943, 41.937, 42.302, 42.928, 43.108], [41.721, 41.676, 41.829, 41.97, 42.16], [41.879, 41.593, 41.599, 41.908, 42.167]]"
finish_rule,88,0,3,fail_max_passes,6.179308891296387,4.325400352478027,4.206048965454102,5.549735069274902,-0.9999999403953552,7.999825291335583,0.6908990144729614,0,68.16299923495943,68.14245620589857,0.15962937710700903,0.1683431997467982,1.4932017881599107,1.3832039055439245,0.6659013413399935,0.4461087771177481,41.592984276229885,40.840649234678075,0.7523350415518095,5.840649234678075,35.902849926154694,0.008117871805722229,0.026536339915734734,0.17886977724962944,,,,False,True,68.14245620589857,64.10744693053553,17,17,0,72.67410757196895,71.90464264617817,0,17,0,0:0;0:1;0:3;0:4;1:0;1:4;2:0;2:3;2:4;3:0;3:3;3:4;4:0;4:1;4:2;4:3;4:4,0:0;0:1;0:3;0:4;1:0;1:4;2:0;2:3;2:4;3:0;3:3;3:4;4:0;4:1;4:2;4:3;4:4,,,0:0;0:1;0:3;0:4;1:0;1:4;2:0;2:3;2:4;3:0;3:3;3:4;4:0;4:1;4:2;4:3;4:4,,"{""q_clearcoat"": 9, ""q_ra"": 0, ""q_scratch"": 0, ""q_thermal"": 0, ""q_uniformity"": 8}","[[66.353, 69.099, 70.473, 69.799, 68.017], [64.107, 70.99, 71.191, 70.152, 67.647], [65.71, 70.623, 70.433, 65.138, 67.119], [64.327, 71.292, 71.144, 65.255, 67.262], [67.554, 67.333, 69.144, 66.97, 66.429]]","[[73.993, 73.224, 73.133, 73.51, 74.303], [73.227, 72.715, 72.275, 72.556, 72.926], [72.948, 72.401, 72.163, 72.337, 72.039], [72.652, 72.312, 72.182, 71.964, 71.905], [72.732, 72.15, 72.026, 72.411, 72.767]]","[[""q_uniformity"", ""q_clearcoat"", ""q_clearcoat"", ""q_clearcoat"", ""q_uniformity""], [""q_uniformity"", ""q_clearcoat"", ""q_clearcoat"", ""q_clearcoat"", ""q_uniformity""], [""q_uniformity"", ""q_clearcoat"", ""q_clearcoat"", ""q_uniformity"", ""q_clearcoat""], [""q_uniformity"", ""q_clearcoat"", ""q_clearcoat"", ""q_clearcoat"", ""q_clearcoat""], [""q_clearcoat"", ""q_clearcoat"", ""q_clearcoat"", ""q_clearcoat"", ""q_uniformity""]]","[[42.464, 42.564, 43.475, 44.834, 46.158], [41.686, 41.842, 42.332, 43.34, 44.171], [41.216, 41.21, 41.562, 42.2, 42.371], [40.99, 40.943, 41.101, 41.247, 41.426], [41.102, 40.841, 40.845, 41.131, 41.413]]"
