checkpoint,env,sequence,pass,decision,base_force_n,force_cmd_mean_n,force_used_mean_n,force_used_max_n,force_action_mean,feed_cmd_mean_mm_s,feed_action_mean,fallback_steps,gu_before,gu_after,ra_before_um,ra_after_um,rz_before_um,rz_after_um,scratch_before_um,scratch_after_um,clearcoat_before_um,clearcoat_after_um,clearcoat_removed_um,clearcoat_budget_um,temperature_peak_c,thermal_damage_peak,shortfall_ratio,removal_per_force_um_n,desired_extra_force_n,max_extra_force_n,next_base_force_n,quality_ok,safety_ok,tile_gu_mean,tile_gu_min,tile_gu_fail_count,tile_rework_candidate_count,tile_stop_count,tile_optimistic_ceiling_gu_mean,tile_optimistic_ceiling_gu_min,tile_min_baseline_ceiling_blocked_count,tile_cellwise_ceiling_blocked_count,tile_ceiling_blocked_count,tile_plausible_rework_count,tile_budget_stop_count,tile_fail_indices,tile_rework_indices,tile_stop_indices,tile_ceiling_blocked_indices,tile_plausible_rework_indices,tile_budget_stop_indices,tile_limiter_counts_json,tile_gu_map_json,tile_gu_min_baseline_map_json,tile_gu_cellwise_worst_map_json,tile_optimistic_ceiling_gu_map_json,tile_optimistic_ceiling_min_baseline_map_json,tile_optimistic_ceiling_cellwise_worst_map_json,tile_q_clearcoat_current_map_json,tile_q_clearcoat_min_baseline_map_json,tile_q_clearcoat_cellwise_worst_map_json,tile_limiter_map_json,tile_cc_min_map_json,tile_cc_initial_min_map_json,tile_cc_initial_mean_map_json
finish_rule,6,0,1,success,5.7779998779296875,5.777801513671875,5.659211158752441,6.929375648498535,0.0,5.945709068328142,0.0,0,57.20682028608719,71.67416447302621,0.11913804565857165,0.11511226283195865,1.7897708221853352,1.323665102396049,1.5363848000238132,0.9414663285914802,40.0,38.57505262789822,1.4249473721017765,8.575052627898224,35.9027862073978,0.00811851081345387,0.0,0.2517925788823018,,,,True,True,71.67416447302621,57.92215971663204,7,7,0,77.99313519561746,77.91153657433328,0,0,0,7,0,0:0;1:0;1:1;1:4;2:1;2:4;4:3,0:0;1:0;1:1;1:4;2:1;2:4;4:3,,,0:0;1:0;1:1;1:4;2:1;2:4;4:3,,"{""q_ra"": 0, ""q_scratch"": 7, ""q_thermal"": 0, ""q_uniformity"": 0}","[[68.904, 76.266, 75.273, 72.526, 70.563], [64.268, 65.119, 72.393, 75.937, 57.922], [75.72, 65.799, 71.716, 72.423, 65.609], [75.833, 76.834, 71.579, 72.072, 75.928], [77.055, 76.733, 70.497, 69.199, 75.687]]","[[68.904, 76.266, 75.273, 72.526, 70.563], [64.268, 65.119, 72.393, 75.937, 57.922], [75.72, 65.799, 71.716, 72.423, 65.609], [75.833, 76.834, 71.579, 72.072, 75.928], [77.055, 76.733, 70.497, 69.199, 75.687]]","[[68.904, 76.266, 75.273, 72.526, 70.563], [64.268, 65.119, 72.393, 75.937, 57.922], [75.72, 65.799, 71.716, 72.423, 65.609], [75.833, 76.834, 71.579, 72.072, 75.928], [77.055, 76.733, 70.497, 69.199, 75.687]]","[[78.0, 78.0, 78.0, 78.0, 78.0], [78.0, 78.0, 78.0, 78.0, 78.0], [78.0, 78.0, 78.0, 78.0, 78.0], [78.0, 78.0, 78.0, 77.992, 77.912], [78.0, 78.0, 78.0, 77.992, 77.933]]","[[78.0, 78.0, 78.0, 78.0, 78.0], [78.0, 78.0, 78.0, 78.0, 78.0], [78.0, 78.0, 78.0, 78.0, 78.0], [78.0, 78.0, 78.0, 77.992, 77.912], [78.0, 78.0, 78.0, 77.992, 77.933]]","[[78.0, 78.0, 78.0, 78.0, 78.0], [78.0, 78.0, 78.0, 78.0, 78.0], [78.0, 78.0, 78.0, 78.0, 78.0], [78.0, 78.0, 78.0, 77.992, 77.912], [78.0, 78.0, 78.0, 77.992, 77.933]]","[[0.896909, 0.8877, 0.848517, 0.843005, 0.863112], [0.880795, 0.861797, 0.849529, 0.816503, 0.809619], [0.836343, 0.819907, 0.840458, 0.841836, 0.826208], [0.854002, 0.776907, 0.814372, 0.834946, 0.845005], [0.874664, 0.808368, 0.813836, 0.846523, 0.870843]]","[[0.906012, 0.894989, 0.86971, 0.878934, 0.890539], [0.905713, 0.888012, 0.875714, 0.870263, 0.867212], [0.878083, 0.877345, 0.881691, 0.888555, 0.881033], [0.857505, 0.859267, 0.871559, 0.885331, 0.888158], [0.874664, 0.873316, 0.885964, 0.894477, 0.89797]]","[[0.893254, 0.88493, 0.862594, 0.863086, 0.864276], [0.886004, 0.883625, 0.875714, 0.864847, 0.858861], [0.858332, 0.864551, 0.867722, 0.867311, 0.879365], [0.857438, 0.85115, 0.868582, 0.880936, 0.879898], [0.874664, 0.873316, 0.881329, 0.891372, 0.89797]]","[[""q_scratch"", ""q_uniformity"", ""q_uniformity"", ""q_scratch"", ""q_scratch""], [""q_scratch"", ""q_scratch"", ""q_scratch"", ""q_scratch"", ""q_scratch""], [""q_uniformity"", ""q_scratch"", ""q_scratch"", ""q_scratch"", ""q_scratch""], [""q_uniformity"", ""q_uniformity"", ""q_scratch"", ""q_scratch"", ""q_uniformity""], [""q_uniformity"", ""q_uniformity"", ""q_scratch"", ""q_scratch"", ""q_uniformity""]]","[[40.033, 40.082, 39.608, 39.196, 39.03], [39.683, 39.86, 40.058, 39.665, 39.423], [38.781, 39.343, 40.504, 41.087, 41.048], [38.575, 38.624, 40.524, 41.928, 42.59], [38.747, 38.733, 40.635, 42.589, 43.714]]","[[41.074, 41.265, 41.048, 40.462, 40.14], [40.691, 41.103, 41.486, 41.106, 40.866], [40.0, 40.649, 41.914, 42.477, 42.54], [40.0, 40.036, 42.075, 43.472, 44.175], [40.0, 40.0, 42.004, 44.075, 45.272]]","[[41.187, 41.357, 41.324, 40.908, 40.462], [40.993, 41.441, 41.84, 41.838, 41.639], [40.499, 41.396, 42.498, 43.17, 43.372], [40.041, 41.1, 42.923, 44.285, 44.899], [40.0, 40.803, 43.067, 44.872, 45.748]]"
finish_rule,31,0,1,success,5.7779998779296875,5.777801513671875,5.659216403961182,6.930119514465332,0.0,5.945709068328142,0.0,0,63.04084673218841,72.35409147847372,0.1301449481886751,0.11289289678445948,1.7000395383440319,1.1609734134456633,1.5781226225095841,0.8648396243793732,40.0,38.28147034004861,1.7185296599513933,8.281470340048607,35.90278134283363,0.008116997792504327,0.0,0.3036691897395025,,,,True,True,72.35409147847372,54.01165146001166,7,7,0,77.99313708870655,77.91155624487133,0,0,0,7,0,1:1;1:2;2:2;2:3;2:4;3:4;4:4,1:1;1:2;2:2;2:3;2:4;3:4;4:4,,,1:1;1:2;2:2;2:3;2:4;3:4;4:4,,"{""q_ra"": 1, ""q_scratch"": 6, ""q_thermal"": 0, ""q_uniformity"": 0}","[[75.634, 75.22, 75.863, 73.698, 75.275], [76.837, 60.721, 66.767, 71.882, 76.119], [75.968, 76.676, 67.671, 67.836, 69.011], [76.802, 77.005, 73.947, 76.575, 62.18], [76.583, 76.243, 73.73, 76.597, 54.012]]","[[75.634, 75.22, 75.863, 73.698, 75.275], [76.837, 60.721, 66.767, 71.882, 76.119], [75.968, 76.676, 67.671, 67.836, 69.011], [76.802, 77.005, 73.947, 76.575, 62.18], [76.583, 76.243, 73.73, 76.597, 54.012]]","[[75.634, 75.22, 75.863, 73.698, 75.275], [76.837, 60.721, 66.767, 71.882, 76.119], [75.968, 76.676, 67.671, 67.836, 69.011], [76.802, 77.005, 73.947, 76.575, 62.18], [76.583, 76.243, 73.73, 76.597, 54.012]]","[[78.0, 78.0, 78.0, 78.0, 78.0], [78.0, 78.0, 78.0, 78.0, 78.0], [78.0, 78.0, 78.0, 78.0, 78.0], [78.0, 78.0, 78.0, 77.992, 77.912], [78.0, 78.0, 78.0, 77.992, 77.933]]","[[78.0, 78.0, 78.0, 78.0, 78.0], [78.0, 78.0, 78.0, 78.0, 78.0], [78.0, 78.0, 78.0, 78.0, 78.0], [78.0, 78.0, 78.0, 77.992, 77.912], [78.0, 78.0, 78.0, 77.992, 77.933]]","[[78.0, 78.0, 78.0, 78.0, 78.0], [78.0, 78.0, 78.0, 78.0, 78.0], [78.0, 78.0, 78.0, 78.0, 78.0], [78.0, 78.0, 78.0, 77.992, 77.912], [78.0, 78.0, 78.0, 77.992, 77.933]]","[[0.892479, 0.83419, 0.796198, 0.800207, 0.846326], [0.861478, 0.822153, 0.811304, 0.78593, 0.836542], [0.839138, 0.824848, 0.831729, 0.782363, 0.831522], [0.850242, 0.85275, 0.842862, 0.809901, 0.81018], [0.873182, 0.868381, 0.860091, 0.850976, 0.844742]]","[[0.930725, 0.897083, 0.872557, 0.840096, 0.846326], [0.917677, 0.889801, 0.876337, 0.828147, 0.836542], [0.896737, 0.878229, 0.868342, 0.836168, 0.846801], [0.894036, 0.885236, 0.85467, 0.842683, 0.846382], [0.89078, 0.88958, 0.874469, 0.859952, 0.859808]]","[[0.929882, 0.897083, 0.872557, 0.840096, 0.846326], [0.917677, 0.889801, 0.871628, 0.825435, 0.836542], [0.895684, 0.878229, 0.863033, 0.828461, 0.836465], [0.886032, 0.877254, 0.851023, 0.840269, 0.835255], [0.880911, 0.870565, 0.8701, 0.859279, 0.859063]]","[[""q_uniformity"", ""q_uniformity"", ""q_uniformity"", ""q_scratch"", ""q_uniformity""], [""q_uniformity"", ""q_scratch"", ""q_scratch"", ""q_scratch"", ""q_uniformity""], [""q_uniformity"", ""q_uniformity"", ""q_scratch"", ""q_scratch"", ""q_scratch""], [""q_uniformity"", ""q_uniformity"", ""q_scratch"", ""q_uniformity"", ""q_scratch""], [""q_uniformity"", ""q_uniformity"", ""q_scratch"", ""q_uniformity"", ""q_ra""]]","[[44.138, 42.227, 40.047, 38.401, 38.463], [42.792, 41.426, 39.951, 38.281, 38.365], [41.144, 40.509, 39.817, 38.438, 38.468], [39.996, 39.952, 39.67, 39.073, 38.912], [39.463, 39.597, 39.747, 39.814, 39.81]]","[[45.19, 43.63, 41.514, 40.0, 40.0], [43.939, 42.842, 41.355, 40.0, 40.0], [42.427, 41.967, 41.306, 40.092, 40.0], [41.181, 41.242, 41.314, 40.767, 40.529], [40.624, 40.788, 41.146, 41.412, 41.409]]","[[45.841, 44.658, 42.618, 40.498, 40.0], [44.849, 43.898, 42.265, 40.537, 40.0], [43.28, 42.741, 41.804, 40.786, 40.184], [41.757, 41.67, 41.473, 41.203, 41.0], [40.838, 41.051, 41.333, 41.532, 41.613]]"
finish_rule,32,0,1,success,5.7779998779296875,5.777801513671875,5.659215450286865,6.929739952087402,0.0,5.945709068328142,0.0,0,61.56775427607168,73.79892136654514,0.11452442958641071,0.10878930360714552,1.4234138821280087,0.9014957428429464,1.0311235174833815,0.4735347279433031,48.75134409548239,47.50454447691033,1.2467996185720551,17.504544476910333,35.90277408011025,0.008118307720538688,0.0,0.22031315639500082,,,,True,True,73.79892136654514,65.38758172754497,5,5,0,77.9931353702437,77.91153720321765,0,0,0,5,0,1:4;2:3;2:4;3:2;3:3,1:4;2:3;2:4;3:2;3:3,,,1:4;2:3;2:4;3:2;3:3,,"{""q_ra"": 0, ""q_scratch"": 5, ""q_thermal"": 0, ""q_uniformity"": 0}","[[75.815, 72.816, 71.061, 75.281, 75.789], [75.132, 76.862, 76.879, 74.831, 68.183], [75.116, 73.56, 73.171, 69.019, 68.924], [75.802, 76.474, 68.045, 65.388, 76.296], [75.594, 76.763, 76.015, 76.428, 75.73]]","[[75.815, 72.816, 71.061, 75.281, 75.789], [75.132, 76.862, 76.879, 74.831, 68.183], [75.116, 73.56, 73.171, 69.019, 68.924], [75.802, 76.474, 68.045, 65.388, 76.296], [75.594, 76.763, 76.015, 76.428, 75.73]]","[[75.815, 72.816, 71.061, 75.281, 75.789], [75.132, 76.862, 76.879, 74.831, 68.183], [75.116, 73.56, 73.171, 69.019, 68.924], [75.802, 76.474, 68.045, 65.388, 76.296], [75.594, 76.763, 76.015, 76.428, 75.73]]","[[78.0, 78.0, 78.0, 78.0, 78.0], [78.0, 78.0, 78.0, 78.0, 78.0], [78.0, 78.0, 78.0, 78.0, 78.0], [78.0, 78.0, 78.0, 77.992, 77.912], [78.0, 78.0, 78.0, 77.992, 77.933]]","[[78.0, 78.0, 78.0, 78.0, 78.0], [78.0, 78.0, 78.0, 78.0, 78.0], [78.0, 78.0, 78.0, 78.0, 78.0], [78.0, 78.0, 78.0, 77.992, 77.912], [78.0, 78.0, 78.0, 77.992, 77.933]]","[[78.0, 78.0, 78.0, 78.0, 78.0], [78.0, 78.0, 78.0, 78.0, 78.0], [78.0, 78.0, 78.0, 78.0, 78.0], [78.0, 78.0, 78.0, 77.992, 77.912], [78.0, 78.0, 78.0, 77.992, 77.933]]","[[0.945401, 0.934574, 0.929194, 0.921813, 0.923543], [0.931697, 0.929606, 0.924751, 0.915744, 0.916933], [0.930171, 0.927433, 0.913438, 0.915179, 0.917322], [0.932881, 0.921104, 0.919145, 0.896822, 0.905592], [0.935859, 0.9224, 0.919505, 0.902222, 0.922395]]","[[0.945401, 0.934574, 0.929194, 0.921813, 0.923543], [0.931697, 0.929606, 0.924751, 0.915744, 0.916933], [0.930171, 0.927433, 0.913438, 0.915179, 0.928539], [0.932881, 0.921104, 0.919145, 0.917227, 0.927576], [0.946881, 0.92763, 0.927192, 0.923568, 0.933509]]","[[0.945401, 0.934574, 0.929194, 0.921813, 0.923543], [0.931697, 0.929606, 0.924751, 0.915744, 0.916933], [0.930171, 0.927433, 0.913438, 0.915179, 0.919317], [0.932881, 0.921104, 0.919145, 0.914752, 0.914892], [0.932127, 0.922126, 0.918914, 0.919175, 0.919078]]","[[""q_uniformity"", ""q_scratch"", ""q_scratch"", ""q_uniformity"", ""q_uniformity""], [""q_uniformity"", ""q_uniformity"", ""q_uniformity"", ""q_scratch"", ""q_scratch""], [""q_uniformity"", ""q_scratch"", ""q_uniformity"", ""q_scratch"", ""q_scratch""], [""q_uniformity"", ""q_uniformity"", ""q_scratch"", ""q_scratch"", ""q_uniformity""], [""q_uniformity"", ""q_uniformity"", ""q_uniformity"", ""q_uniformity"", ""q_uniformity""]]","[[48.908, 48.691, 48.584, 48.436, 48.471], [48.634, 48.592, 48.495, 48.315, 48.339], [48.603, 48.549, 48.269, 48.304, 48.328], [48.658, 48.422, 48.383, 47.897, 47.668], [48.627, 48.443, 48.378, 47.68, 47.505]]","[[50.0, 50.0, 50.0, 50.0, 50.0], [50.0, 50.0, 50.0, 50.0, 50.0], [50.0, 50.0, 50.0, 50.0, 49.738], [50.0, 50.0, 50.0, 49.513, 49.048], [49.672, 49.881, 49.821, 49.143, 48.751]]","[[50.0, 50.0, 50.0, 50.0, 50.0], [50.0, 50.0, 50.0, 50.0, 50.0], [50.0, 50.0, 50.0, 50.0, 49.98], [50.0, 50.0, 50.0, 49.957, 49.51], [49.904, 49.994, 49.987, 49.596, 48.977]]"
finish_rule,36,0,1,success,5.7779998779296875,5.777801513671875,5.659215927124023,6.92963981628418,0.0,5.945709068328142,0.0,0,59.60458106818757,71.10310233697264,0.1263882941401091,0.11107177413687677,2.068072394218118,1.5355539188079375,1.6263320341187917,1.0122584170872773,45.38696831443056,44.16246522426672,1.224503090163843,14.162465224266718,35.90281035846833,0.008118284153765847,0.0,0.21637327607432846,,,,True,True,71.10310233697264,51.475543632367064,6,6,0,77.99313529913023,77.91153592348684,0,0,0,6,0,0:4;1:4;2:2;2:3;3:1;3:2,0:4;1:4;2:2;2:3;3:1;3:2,,,0:4;1:4;2:2;2:3;3:1;3:2,,"{""q_ra"": 1, ""q_scratch"": 5, ""q_thermal"": 0, ""q_uniformity"": 0}","[[74.542, 75.598, 75.956, 76.002, 57.463], [76.898, 76.62, 76.68, 77.11, 57.553], [75.729, 76.669, 51.476, 65.445, 73.053], [76.201, 60.245, 61.49, 72.381, 72.712], [75.13, 76.292, 73.76, 72.576, 70.001]]","[[74.542, 75.598, 75.956, 76.002, 57.463], [76.898, 76.62, 76.68, 77.11, 57.553], [75.729, 76.669, 51.476, 65.445, 73.053], [76.201, 60.245, 61.49, 72.381, 72.712], [75.13, 76.292, 73.76, 72.576, 70.001]]","[[74.542, 75.598, 75.956, 76.002, 57.463], [76.898, 76.62, 76.68, 77.11, 57.553], [75.729, 76.669, 51.476, 65.445, 73.053], [76.201, 60.245, 61.49, 72.381, 72.712], [75.13, 76.292, 73.76, 72.576, 70.001]]","[[78.0, 78.0, 78.0, 78.0, 78.0], [78.0, 78.0, 78.0, 78.0, 78.0], [78.0, 78.0, 78.0, 78.0, 78.0], [78.0, 78.0, 78.0, 77.992, 77.912], [78.0, 78.0, 78.0, 77.992, 77.933]]","[[78.0, 78.0, 78.0, 78.0, 78.0], [78.0, 78.0, 78.0, 78.0, 78.0], [78.0, 78.0, 78.0, 78.0, 78.0], [78.0, 78.0, 78.0, 77.992, 77.912], [78.0, 78.0, 78.0, 77.992, 77.933]]","[[78.0, 78.0, 78.0, 78.0, 78.0], [78.0, 78.0, 78.0, 78.0, 78.0], [78.0, 78.0, 78.0, 78.0, 78.0], [78.0, 78.0, 78.0, 77.992, 77.912], [78.0, 78.0, 78.0, 77.992, 77.933]]","[[0.934643, 0.897236, 0.880026, 0.881418, 0.910241], [0.941027, 0.894999, 0.875151, 0.871352, 0.896976], [0.935841, 0.888519, 0.873496, 0.872103, 0.897258], [0.930114, 0.897605, 0.873751, 0.883235, 0.901407], [0.930688, 0.899265, 0.885216, 0.886862, 0.902156]]","[[0.934643, 0.932316, 0.919954, 0.910785, 0.92063], [0.941027, 0.92947, 0.915736, 0.903364, 0.912308], [0.935841, 0.920347, 0.911602, 0.903071, 0.913812], [0.930114, 0.926546, 0.907408, 0.910337, 0.915472], [0.930688, 0.925619, 0.914471, 0.908276, 0.910989]]","[[0.934643, 0.931506, 0.917385, 0.902915, 0.905026], [0.941027, 0.926618, 0.912711, 0.902158, 0.900799], [0.935841, 0.918531, 0.905365, 0.897424, 0.902423], [0.930114, 0.919402, 0.907408, 0.901152, 0.90381], [0.930688, 0.919574, 0.914471, 0.907138, 0.904684]]","[[""q_uniformity"", ""q_uniformity"", ""q_uniformity"", ""q_uniformity"", ""q_ra""], [""q_uniformity"", ""q_uniformity"", ""q_uniformity"", ""q_uniformity"", ""q_scratch""], [""q_uniformity"", ""q_uniformity"", ""q_scratch"", ""q_scratch"", ""q_scratch""], [""q_uniformity"", ""q_scratch"", ""q_scratch"", ""q_scratch"", ""q_scratch""], [""q_uniformity"", ""q_uniformity"", ""q_scratch"", ""q_scratch"", ""q_scratch""]]","[[48.693, 47.448, 45.668, 44.415, 44.166], [48.821, 47.427, 45.671, 44.407, 44.162], [48.717, 47.329, 45.781, 44.667, 44.489], [48.602, 47.526, 45.921, 45.102, 44.875], [48.614, 47.567, 46.214, 45.318, 45.085]]","[[50.0, 48.714, 47.031, 45.827, 45.387], [50.0, 48.749, 47.113, 45.948, 45.524], [50.0, 48.829, 47.312, 46.241, 45.855], [50.0, 48.915, 47.545, 46.589, 46.248], [50.0, 48.978, 47.73, 46.865, 46.558]]","[[50.0, 49.446, 47.804, 46.354, 45.563], [50.0, 49.471, 47.907, 46.534, 45.789], [50.0, 49.503, 48.067, 46.818, 46.148], [50.0, 49.525, 48.221, 47.098, 46.501], [50.0, 49.534, 48.316, 47.272, 46.721]]"
finish_rule,43,0,1,success,5.7779998779296875,5.777801513671875,5.659206867218018,6.928823947906494,0.0,5.945709068328142,0.0,0,61.89382451390198,72.97767335715592,0.10814429985433101,0.10236575799489868,1.6396451935553995,1.1690983806783133,1.6449862832610924,1.03101569876228,42.64540310134335,41.361664869654106,1.2837382316892416,11.361664869654106,35.90278522346493,0.008118131651768891,0.0,0.22684066191775534,,,,True,True,72.97767335715592,59.611139914099375,6,6,0,77.99313558850741,77.91153967505039,0,0,0,6,0,0:3;0:4;2:3;2:4;3:2;3:3,0:3;0:4;2:3;2:4;3:2;3:3,,,0:3;0:4;2:3;2:4;3:2;3:3,,"{""q_ra"": 0, ""q_scratch"": 6, ""q_thermal"": 0, ""q_uniformity"": 0}","[[75.859, 76.106, 76.068, 68.545, 69.333], [76.014, 76.247, 74.73, 74.361, 72.365], [75.155, 76.793, 77.171, 61.452, 69.288], [74.72, 76.759, 59.611, 60.765, 76.765], [72.27, 76.842, 76.066, 75.553, 75.603]]","[[75.859, 76.106, 76.068, 68.545, 69.333], [76.014, 76.247, 74.73, 74.361, 72.365], [75.155, 76.793, 77.171, 61.452, 69.288], [74.72, 76.759, 59.611, 60.765, 76.765], [72.27, 76.842, 76.066, 75.553, 75.603]]","[[75.859, 76.106, 76.068, 68.545, 69.333], [76.014, 76.247, 74.73, 74.361, 72.365], [75.155, 76.793, 77.171, 61.452, 69.288], [74.72, 76.759, 59.611, 60.765, 76.765], [72.27, 76.842, 76.066, 75.553, 75.603]]","[[78.0, 78.0, 78.0, 78.0, 78.0], [78.0, 78.0, 78.0, 78.0, 78.0], [78.0, 78.0, 78.0, 78.0, 78.0], [78.0, 78.0, 78.0, 77.992, 77.912], [78.0, 78.0, 78.0, 77.992, 77.933]]","[[78.0, 78.0, 78.0, 78.0, 78.0], [78.0, 78.0, 78.0, 78.0, 78.0], [78.0, 78.0, 78.0, 78.0, 78.0], [78.0, 78.0, 78.0, 77.992, 77.912], [78.0, 78.0, 78.0, 77.992, 77.933]]","[[78.0, 78.0, 78.0, 78.0, 78.0], [78.0, 78.0, 78.0, 78.0, 78.0], [78.0, 78.0, 78.0, 78.0, 78.0], [78.0, 78.0, 78.0, 77.992, 77.912], [78.0, 78.0, 78.0, 77.992, 77.933]]","[[0.932432, 0.908357, 0.902805, 0.897707, 0.900399], [0.900552, 0.893863, 0.875725, 0.87793, 0.875449], [0.888702, 0.87947, 0.856554, 0.85119, 0.848453], [0.880405, 0.861417, 0.85226, 0.84357, 0.838887], [0.897311, 0.888578, 0.881868, 0.865793, 0.883835]]","[[0.945774, 0.931098, 0.926705, 0.917381, 0.915809], [0.924651, 0.927111, 0.911766, 0.913382, 0.909618], [0.918076, 0.915653, 0.896717, 0.896391, 0.896692], [0.904872, 0.89207, 0.892754, 0.890798, 0.885615], [0.907136, 0.903895, 0.903251, 0.888756, 0.902508]]","[[0.933382, 0.924175, 0.914511, 0.913868, 0.914095], [0.922226, 0.915267, 0.904162, 0.899665, 0.90431], [0.91039, 0.907675, 0.894014, 0.895181, 0.894812], [0.904872, 0.888945, 0.884479, 0.882758, 0.883553], [0.905698, 0.893894, 0.884315, 0.878395, 0.880355]]","[[""q_uniformity"", ""q_uniformity"", ""q_uniformity"", ""q_scratch"", ""q_scratch""], [""q_uniformity"", ""q_uniformity"", ""q_scratch"", ""q_scratch"", ""q_scratch""], [""q_uniformity"", ""q_uniformity"", ""q_uniformity"", ""q_scratch"", ""q_scratch""], [""q_scratch"", ""q_uniformity"", ""q_scratch"", ""q_scratch"", ""q_uniformity""], [""q_scratch"", ""q_uniformity"", ""q_uniformity"", ""q_uniformity"", ""q_uniformity""]]","[[45.586, 45.583, 46.014, 46.31, 46.531], [44.593, 44.805, 44.91, 45.232, 45.305], [43.61, 43.651, 43.499, 43.516, 43.488], [42.628, 42.384, 42.229, 42.004, 41.839], [42.294, 42.097, 41.823, 41.362, 41.413]]","[[46.48, 46.736, 47.28, 47.778, 48.051], [45.782, 45.969, 46.353, 46.676, 46.826], [44.824, 44.908, 45.053, 45.079, 45.042], [43.955, 43.882, 43.698, 43.476, 43.369], [43.553, 43.383, 43.089, 42.784, 42.645]]","[[46.716, 47.155, 47.738, 48.168, 48.36], [46.204, 46.563, 47.026, 47.35, 47.482], [45.314, 45.522, 45.759, 45.879, 45.898], [44.343, 44.376, 44.349, 44.23, 44.113], [43.701, 43.614, 43.406, 43.123, 42.913]]"
finish_rule,47,0,1,success,5.7779998779296875,5.777801513671875,5.659213542938232,6.929234981536865,0.0,5.945709068328142,0.0,0,58.11310239936202,70.91136446534247,0.1296899811205996,0.11222861371226465,1.6561687615118932,1.265408641229441,1.534768823129443,1.0488363906499554,41.058614026306046,39.94848281138781,1.1101312149182334,9.948482811387812,35.902736615330355,0.008117914700376956,0.0,0.19616351397509899,,,,True,True,70.91136446534247,51.643637971725646,10,10,0,77.99313579687903,77.91154183854815,0,0,0,10,0,0:0;0:1;1:1;2:0;2:1;2:2;2:3;3:1;3:4;4:4,0:0;0:1;1:1;2:0;2:1;2:2;2:3;3:1;3:4;4:4,,,0:0;0:1;1:1;2:0;2:1;2:2;2:3;3:1;3:4;4:4,,"{""q_ra"": 0, ""q_scratch"": 10, ""q_thermal"": 0, ""q_uniformity"": 0}","[[51.644, 63.801, 76.384, 75.983, 75.782], [75.894, 68.626, 76.512, 76.791, 72.667], [61.208, 59.004, 66.985, 68.719, 73.041], [76.551, 64.81, 77.087, 76.678, 69.466], [75.213, 76.116, 75.832, 73.365, 64.623]]","[[51.644, 63.801, 76.384, 75.983, 75.782], [75.894, 68.626, 76.512, 76.791, 72.667], [61.208, 59.004, 66.985, 68.719, 73.041], [76.551, 64.81, 77.087, 76.678, 69.466], [75.213, 76.116, 75.832, 73.365, 64.623]]","[[51.644, 63.801, 76.384, 75.983, 75.782], [75.894, 68.626, 76.512, 76.791, 72.667], [61.208, 59.004, 66.985, 68.719, 73.041], [76.551, 64.81, 77.087, 76.678, 69.466], [75.213, 76.116, 75.832, 73.365, 64.623]]","[[78.0, 78.0, 78.0, 78.0, 78.0], [78.0, 78.0, 78.0, 78.0, 78.0], [78.0, 78.0, 78.0, 78.0, 78.0], [78.0, 78.0, 78.0, 77.992, 77.912], [78.0, 78.0, 78.0, 77.992, 77.933]]","[[78.0, 78.0, 78.0, 78.0, 78.0], [78.0, 78.0, 78.0, 78.0, 78.0], [78.0, 78.0, 78.0, 78.0, 78.0], [78.0, 78.0, 78.0, 77.992, 77.912], [78.0, 78.0, 78.0, 77.992, 77.933]]","[[78.0, 78.0, 78.0, 78.0, 78.0], [78.0, 78.0, 78.0, 78.0, 78.0], [78.0, 78.0, 78.0, 78.0, 78.0], [78.0, 78.0, 78.0, 77.992, 77.912], [78.0, 78.0, 78.0, 77.992, 77.933]]","[[0.904622, 0.896362, 0.898514, 0.89384, 0.894759], [0.884838, 0.865106, 0.862922, 0.858506, 0.868713], [0.855844, 0.846248, 0.845417, 0.838043, 0.841755], [0.856181, 0.841183, 0.834959, 0.831914, 0.838205], [0.883758, 0.866121, 0.86136, 0.867883, 0.882666]]","[[0.92175, 0.917525, 0.91948, 0.911078, 0.908352], [0.922739, 0.906558, 0.903814, 0.894644, 0.899841], [0.904314, 0.899271, 0.898356, 0.885613, 0.882471], [0.898323, 0.888741, 0.883255, 0.875744, 0.874487], [0.899693, 0.889038, 0.886926, 0.890987, 0.898747]]","[[0.915937, 0.916703, 0.911434, 0.908195, 0.907353], [0.915095, 0.901266, 0.901249, 0.888664, 0.897276], [0.897526, 0.884988, 0.881159, 0.88246, 0.882471], [0.894365, 0.882849, 0.875708, 0.867695, 0.873991], [0.887421, 0.86769, 0.87053, 0.865562, 0.881704]]","[[""q_scratch"", ""q_scratch"", ""q_uniformity"", ""q_uniformity"", ""q_uniformity""], [""q_uniformity"", ""q_scratch"", ""q_uniformity"", ""q_uniformity"", ""q_uniformity""], [""q_scratch"", ""q_scratch"", ""q_scratch"", ""q_scratch"", ""q_scratch""], [""q_uniformity"", ""q_scratch"", ""q_uniformity"", ""q_uniformity"", ""q_scratch""], [""q_uniformity"", ""q_uniformity"", ""q_uniformity"", ""q_scratch"", ""q_scratch""]]","[[44.249, 44.291, 44.563, 44.663, 44.752], [43.204, 43.082, 43.298, 43.433, 43.695], [41.594, 41.642, 41.905, 42.051, 42.248], [40.393, 40.398, 40.619, 40.875, 41.141], [39.949, 39.948, 40.217, 40.63, 41.029]]","[[45.458, 45.576, 45.839, 46.094, 46.24], [44.309, 44.431, 44.713, 45.015, 45.219], [42.82, 42.946, 43.252, 43.608, 43.879], [41.569, 41.699, 42.022, 42.418, 42.74], [41.059, 41.19, 41.52, 41.931, 42.272]]","[[45.751, 45.944, 46.208, 46.405, 46.487], [44.922, 45.122, 45.41, 45.647, 45.764], [43.546, 43.758, 44.082, 44.38, 44.55], [42.139, 42.361, 42.717, 43.072, 43.291], [41.258, 41.486, 41.861, 42.248, 42.495]]"
finish_rule,51,0,1,success,5.7779998779296875,5.777801513671875,5.659202575683594,6.930245399475098,0.0,5.945709068328142,0.0,0,53.44969463177215,70.66342318528018,0.1571226062689627,0.12015418879923004,1.6969701576621983,1.0983834196207622,1.247138440622956,0.6469965199283016,40.0,38.23166993600261,1.7683300639973893,8.23166993600261,35.9028278976566,0.00811765977281084,0.0,0.3124698295119409,,,,True,True,70.66342318528018,56.20767354822625,12,12,0,77.99313606886554,77.91154312555402,0,0,0,12,0,0:3;0:4;1:4;2:2;2:3;3:1;3:2;3:4;4:1;4:2;4:3;4:4,0:3;0:4;1:4;2:2;2:3;3:1;3:2;3:4;4:1;4:2;4:3;4:4,,,0:3;0:4;1:4;2:2;2:3;3:1;3:2;3:4;4:1;4:2;4:3;4:4,,"{""q_ra"": 0, ""q_scratch"": 12, ""q_thermal"": 0, ""q_uniformity"": 0}","[[75.485, 75.846, 75.64, 68.431, 65.658], [76.468, 77.172, 73.65, 70.663, 67.377], [76.298, 76.31, 69.221, 68.78, 70.824], [75.913, 68.018, 68.207, 72.238, 56.208], [70.872, 69.028, 68.329, 66.462, 63.489]]","[[75.485, 75.846, 75.64, 68.431, 65.658], [76.468, 77.172, 73.65, 70.663, 67.377], [76.298, 76.31, 69.221, 68.78, 70.824], [75.913, 68.018, 68.207, 72.238, 56.208], [70.872, 69.028, 68.329, 66.462, 63.489]]","[[75.485, 75.846, 75.64, 68.431, 65.658], [76.468, 77.172, 73.65, 70.663, 67.377], [76.298, 76.31, 69.221, 68.78, 70.824], [75.913, 68.018, 68.207, 72.238, 56.208], [70.872, 69.028, 68.329, 66.462, 63.489]]","[[78.0, 78.0, 78.0, 78.0, 78.0], [78.0, 78.0, 78.0, 78.0, 78.0], [78.0, 78.0, 78.0, 78.0, 78.0], [78.0, 78.0, 78.0, 77.992, 77.912], [78.0, 78.0, 78.0, 77.992, 77.933]]","[[78.0, 78.0, 78.0, 78.0, 78.0], [78.0, 78.0, 78.0, 78.0, 78.0], [78.0, 78.0, 78.0, 78.0, 78.0], [78.0, 78.0, 78.0, 77.992, 77.912], [78.0, 78.0, 78.0, 77.992, 77.933]]","[[78.0, 78.0, 78.0, 78.0, 78.0], [78.0, 78.0, 78.0, 78.0, 78.0], [78.0, 78.0, 78.0, 78.0, 78.0], [78.0, 78.0, 78.0, 77.992, 77.912], [78.0, 78.0, 78.0, 77.992, 77.933]]","[[0.887233, 0.864139, 0.801623, 0.800418, 0.863461], [0.873629, 0.861947, 0.809475, 0.788481, 0.809386], [0.872145, 0.837288, 0.816744, 0.779783, 0.76758], [0.858391, 0.843581, 0.838636, 0.818999, 0.822838], [0.857403, 0.841803, 0.855516, 0.823558, 0.84331]]","[[0.887233, 0.865198, 0.871769, 0.876577, 0.914204], [0.873629, 0.862023, 0.867258, 0.871481, 0.879799], [0.872145, 0.837288, 0.831287, 0.853568, 0.843382], [0.858391, 0.843581, 0.838636, 0.823167, 0.837356], [0.857403, 0.841803, 0.855516, 0.823558, 0.84331]]","[[0.887233, 0.865198, 0.870754, 0.875967, 0.88989], [0.873629, 0.862023, 0.848811, 0.861181, 0.873357], [0.872145, 0.837288, 0.831287, 0.835799, 0.843168], [0.858391, 0.843581, 0.838636, 0.823167, 0.837356], [0.857403, 0.841803, 0.855516, 0.823558, 0.84331]]","[[""q_uniformity"", ""q_uniformity"", ""q_uniformity"", ""q_scratch"", ""q_scratch""], [""q_uniformity"", ""q_uniformity"", ""q_scratch"", ""q_scratch"", ""q_scratch""], [""q_uniformity"", ""q_uniformity"", ""q_scratch"", ""q_scratch"", ""q_scratch""], [""q_uniformity"", ""q_scratch"", ""q_scratch"", ""q_scratch"", ""q_scratch""], [""q_scratch"", ""q_scratch"", ""q_scratch"", ""q_scratch"", ""q_scratch""]]","[[38.872, 38.652, 38.884, 40.515, 42.673], [38.736, 38.62, 38.673, 39.745, 41.0], [38.721, 38.373, 38.313, 38.627, 39.053], [38.584, 38.436, 38.386, 38.232, 38.374], [38.574, 38.418, 38.555, 38.236, 38.433]]","[[40.0, 40.0, 40.191, 41.995, 43.862], [40.0, 40.0, 40.0, 41.182, 42.503], [40.0, 40.0, 40.0, 40.107, 40.734], [40.0, 40.0, 40.0, 40.0, 40.0], [40.0, 40.0, 40.0, 40.0, 40.0]]","[[40.0, 40.012, 41.082, 43.137, 44.677], [40.0, 40.001, 40.714, 42.359, 43.591], [40.0, 40.0, 40.178, 41.064, 41.794], [40.0, 40.0, 40.0, 40.051, 40.176], [40.0, 40.0, 40.0, 40.0, 40.0]]"
finish_rule,93,0,1,success,5.7779998779296875,5.777801513671875,5.659211158752441,6.929375648498535,0.0,5.945709068328142,0.0,0,60.460240908604895,70.9675036722456,0.12730655906911767,0.11197941493381806,1.7202332689284203,1.3212353595981052,1.6134390674909675,1.0174658185667593,41.52196404295408,40.80292365035061,0.7190403926034747,10.802923650350607,35.9027862073978,0.00811851081345387,0.0,0.12705664666557262,,,,True,True,70.9675036722456,52.65122605127416,8,8,0,77.99313519561746,77.91153657433328,0,0,0,8,0,0:0;1:0;2:0;3:2;3:3;4:1;4:2;4:3,0:0;1:0;2:0;3:2;3:3;4:1;4:2;4:3,,,0:0;1:0;2:0;3:2;3:3;4:1;4:2;4:3,,"{""q_ra"": 0, ""q_scratch"": 8, ""q_thermal"": 0, ""q_uniformity"": 0}","[[64.078, 76.267, 76.264, 75.472, 76.13], [63.678, 76.758, 76.573, 76.987, 76.303], [65.227, 76.911, 71.63, 70.932, 73.017], [76.053, 76.741, 59.647, 60.29, 75.295], [76.373, 52.651, 59.104, 69.771, 72.035]]","[[64.078, 76.267, 76.264, 75.472, 76.13], [63.678, 76.758, 76.573, 76.987, 76.303], [65.227, 76.911, 71.63, 70.932, 73.017], [76.053, 76.741, 59.647, 60.29, 75.295], [76.373, 52.651, 59.104, 69.771, 72.035]]","[[64.078, 76.267, 76.264, 75.472, 76.13], [63.678, 76.758, 76.573, 76.987, 76.303], [65.227, 76.911, 71.63, 70.932, 73.017], [76.053, 76.741, 59.647, 60.29, 75.295], [76.373, 52.651, 59.104, 69.771, 72.035]]","[[78.0, 78.0, 78.0, 78.0, 78.0], [78.0, 78.0, 78.0, 78.0, 78.0], [78.0, 78.0, 78.0, 78.0, 78.0], [78.0, 78.0, 78.0, 77.992, 77.912], [78.0, 78.0, 78.0, 77.992, 77.933]]","[[78.0, 78.0, 78.0, 78.0, 78.0], [78.0, 78.0, 78.0, 78.0, 78.0], [78.0, 78.0, 78.0, 78.0, 78.0], [78.0, 78.0, 78.0, 77.992, 77.912], [78.0, 78.0, 78.0, 77.992, 77.933]]","[[78.0, 78.0, 78.0, 78.0, 78.0], [78.0, 78.0, 78.0, 78.0, 78.0], [78.0, 78.0, 78.0, 78.0, 78.0], [78.0, 78.0, 78.0, 77.992, 77.912], [78.0, 78.0, 78.0, 77.992, 77.933]]","[[0.921837, 0.885022, 0.873888, 0.880679, 0.88877], [0.885669, 0.857519, 0.847444, 0.850667, 0.861215], [0.886808, 0.858534, 0.844498, 0.841525, 0.859394], [0.892432, 0.854828, 0.848644, 0.85603, 0.877136], [0.904827, 0.874236, 0.858652, 0.87058, 0.884663]]","[[0.937594, 0.916112, 0.907097, 0.907163, 0.904996], [0.91522, 0.902008, 0.895866, 0.894987, 0.896761], [0.916753, 0.905164, 0.898266, 0.892974, 0.901647], [0.914446, 0.895642, 0.899406, 0.905117, 0.914435], [0.918534, 0.908543, 0.902151, 0.910217, 0.908853]]","[[0.901487, 0.891498, 0.893932, 0.879644, 0.895015], [0.895261, 0.891652, 0.889277, 0.888063, 0.89322], [0.895104, 0.896111, 0.892443, 0.888533, 0.895964], [0.89118, 0.886143, 0.889832, 0.894683, 0.907482], [0.906513, 0.902001, 0.902151, 0.903749, 0.908082]]","[[""q_scratch"", ""q_uniformity"", ""q_uniformity"", ""q_uniformity"", ""q_uniformity""], [""q_scratch"", ""q_uniformity"", ""q_uniformity"", ""q_uniformity"", ""q_uniformity""], [""q_scratch"", ""q_uniformity"", ""q_scratch"", ""q_scratch"", ""q_scratch""], [""q_uniformity"", ""q_uniformity"", ""q_scratch"", ""q_scratch"", ""q_scratch""], [""q_uniformity"", ""q_scratch"", ""q_scratch"", ""q_scratch"", ""q_scratch""]]","[[40.803, 40.851, 41.414, 42.127, 42.589], [40.823, 40.96, 41.563, 42.299, 42.865], [41.453, 41.616, 42.267, 43.066, 43.878], [42.016, 42.106, 43.008, 44.157, 45.183], [42.422, 42.671, 43.553, 44.919, 45.929]]","[[41.522, 41.845, 42.583, 43.368, 43.91], [41.826, 42.151, 42.907, 43.742, 44.346], [42.493, 42.832, 43.656, 44.632, 45.392], [43.14, 43.517, 44.462, 45.641, 46.604], [43.524, 43.947, 45.023, 46.391, 47.526]]","[[41.719, 42.261, 43.061, 43.77, 44.164], [42.221, 42.781, 43.645, 44.458, 44.938], [42.915, 43.529, 44.525, 45.526, 46.148], [43.464, 44.162, 45.328, 46.538, 47.31], [43.729, 44.494, 45.784, 47.137, 48.006]]"
finish_rule,94,0,1,success,5.7779998779296875,5.777801513671875,5.65921688079834,6.930220127105713,0.0,5.945709068328142,0.0,0,59.75039354049629,71.67623825690973,0.14726296853067247,0.0948411052819858,1.6547217709001227,1.1125793798029804,1.3738245123481219,0.8133819427615774,41.53472591032409,40.48942464922554,1.045301261098551,10.48942464922554,35.90282514394533,0.008118383859832162,0.0,0.1847077578251589,,,,True,True,71.67623825690973,58.247715232275986,9,9,0,77.99313533494089,77.91153903796635,0,0,0,9,0,0:0;0:1;0:2;0:3;2:4;3:4;4:2;4:3;4:4,0:0;0:1;0:2;0:3;2:4;3:4;4:2;4:3;4:4,,,0:0;0:1;0:2;0:3;2:4;3:4;4:2;4:3;4:4,,"{""q_ra"": 0, ""q_scratch"": 7, ""q_thermal"": 0, ""q_uniformity"": 2}","[[63.814, 61.383, 61.615, 58.248, 75.834], [75.732, 74.729, 76.449, 76.776, 70.903], [76.523, 73.939, 76.057, 71.557, 69.316], [76.489, 76.009, 77.017, 76.678, 68.831], [76.469, 75.943, 69.851, 68.134, 63.611]]","[[63.814, 61.383, 61.615, 58.248, 75.834], [75.732, 74.729, 76.449, 76.776, 70.903], [76.523, 73.939, 76.057, 71.557, 69.316], [76.489, 76.009, 77.017, 76.678, 68.831], [76.469, 75.943, 69.851, 68.134, 63.611]]","[[63.814, 61.383, 61.615, 58.248, 75.834], [75.732, 74.729, 76.449, 76.776, 70.903], [76.523, 73.939, 76.057, 71.557, 69.316], [76.489, 76.009, 77.017, 76.678, 68.831], [76.469, 75.943, 69.851, 68.134, 63.611]]","[[78.0, 78.0, 78.0, 78.0, 78.0], [78.0, 78.0, 78.0, 78.0, 78.0], [78.0, 78.0, 78.0, 78.0, 78.0], [78.0, 78.0, 78.0, 77.992, 77.912], [78.0, 78.0, 78.0, 77.992, 77.933]]","[[78.0, 78.0, 78.0, 78.0, 78.0], [78.0, 78.0, 78.0, 78.0, 78.0], [78.0, 78.0, 78.0, 78.0, 78.0], [78.0, 78.0, 78.0, 77.992, 77.912], [78.0, 78.0, 78.0, 77.992, 77.933]]","[[78.0, 78.0, 78.0, 78.0, 78.0], [78.0, 78.0, 78.0, 78.0, 78.0], [78.0, 78.0, 78.0, 78.0, 78.0], [78.0, 78.0, 78.0, 77.992, 77.912], [78.0, 78.0, 78.0, 77.992, 77.933]]","[[0.916273, 0.909362, 0.899602, 0.893606, 0.906288], [0.885931, 0.872031, 0.872802, 0.866628, 0.88009], [0.861588, 0.838773, 0.854688, 0.841939, 0.850936], [0.845903, 0.851158, 0.83353, 0.842482, 0.846325], [0.887398, 0.863428, 0.861486, 0.876854, 0.88175]]","[[0.934615, 0.928313, 0.915124, 0.911894, 0.918789], [0.927381, 0.914248, 0.904781, 0.896631, 0.905486], [0.916645, 0.896333, 0.902309, 0.878391, 0.885083], [0.895241, 0.908652, 0.880108, 0.875504, 0.877806], [0.909378, 0.896284, 0.887314, 0.890193, 0.893375]]","[[0.928591, 0.922242, 0.915124, 0.905834, 0.911689], [0.917621, 0.905422, 0.900865, 0.891594, 0.900013], [0.902004, 0.892459, 0.889308, 0.877101, 0.880401], [0.895241, 0.882019, 0.878094, 0.873818, 0.875722], [0.891467, 0.882305, 0.878688, 0.874024, 0.876848]]","[[""q_scratch"", ""q_scratch"", ""q_scratch"", ""q_scratch"", ""q_uniformity""], [""q_uniformity"", ""q_scratch"", ""q_uniformity"", ""q_uniformity"", ""q_scratch""], [""q_uniformity"", ""q_scratch"", ""q_uniformity"", ""q_scratch"", ""q_uniformity""], [""q_uniformity"", ""q_uniformity"", ""q_uniformity"", ""q_uniformity"", ""q_uniformity""], [""q_uniformity"", ""q_uniformity"", ""q_scratch"", ""q_scratch"", ""q_scratch""]]","[[45.548, 45.56, 45.4, 45.058, 44.995], [44.196, 44.168, 44.296, 44.066, 44.078], [42.455, 42.408, 42.908, 42.729, 42.749], [40.861, 41.298, 41.441, 41.688, 41.688], [40.489, 40.623, 41.05, 41.428, 41.466]]","[[46.635, 46.761, 46.829, 46.513, 46.321], [45.308, 45.497, 45.801, 45.687, 45.547], [43.587, 43.843, 44.306, 44.492, 44.404], [42.132, 42.434, 43.0, 43.35, 43.315], [41.535, 41.852, 42.453, 42.838, 42.835]]","[[46.968, 47.111, 47.119, 46.851, 46.546], [46.024, 46.247, 46.38, 46.23, 45.996], [44.455, 44.793, 45.103, 45.119, 44.982], [42.84, 43.274, 43.727, 43.873, 43.81], [41.82, 42.303, 42.826, 43.033, 43.004]]"
finish_rule,97,0,1,success,5.7779998779296875,5.777801513671875,5.659212589263916,6.9297075271606445,0.0,5.945709068328142,0.0,0,65.21972904536476,70.21794596254318,0.14102652338965277,0.14609329131472296,2.0977446685137386,1.8052603512115508,1.8583162867327387,1.3059230886556366,42.22452369114792,40.89320631447317,1.331317376674754,10.893206314473169,35.90283727518009,0.008117695350295035,0.0,0.23524781154190852,,,,True,True,70.21794596254318,47.289731279779474,6,6,0,77.99313632642061,77.91155021001671,0,0,0,6,0,1:0;2:0;2:1;3:1;4:1;4:2,1:0;2:0;2:1;3:1;4:1;4:2,,,1:0;2:0;2:1;3:1;4:1;4:2,,"{""q_ra"": 3, ""q_scratch"": 3, ""q_thermal"": 0, ""q_uniformity"": 0}","[[75.597, 75.948, 76.349, 72.713, 75.523], [60.666, 76.156, 72.62, 70.466, 76.666], [53.85, 47.559, 77.069, 76.667, 77.037], [75.903, 47.29, 76.941, 76.552, 76.594], [75.82, 52.764, 56.635, 76.075, 75.989]]","[[75.597, 75.948, 76.349, 72.713, 75.523], [60.666, 76.156, 72.62, 70.466, 76.666], [53.85, 47.559, 77.069, 76.667, 77.037], [75.903, 47.29, 76.941, 76.552, 76.594], [75.82, 52.764, 56.635, 76.075, 75.989]]","[[75.597, 75.948, 76.349, 72.713, 75.523], [60.666, 76.156, 72.62, 70.466, 76.666], [53.85, 47.559, 77.069, 76.667, 77.037], [75.903, 47.29, 76.941, 76.552, 76.594], [75.82, 52.764, 56.635, 76.075, 75.989]]","[[78.0, 78.0, 78.0, 78.0, 78.0], [78.0, 78.0, 78.0, 78.0, 78.0], [78.0, 78.0, 78.0, 78.0, 78.0], [78.0, 78.0, 78.0, 77.992, 77.912], [78.0, 78.0, 78.0, 77.992, 77.933]]","[[78.0, 78.0, 78.0, 78.0, 78.0], [78.0, 78.0, 78.0, 78.0, 78.0], [78.0, 78.0, 78.0, 78.0, 78.0], [78.0, 78.0, 78.0, 77.992, 77.912], [78.0, 78.0, 78.0, 77.992, 77.933]]","[[78.0, 78.0, 78.0, 78.0, 78.0], [78.0, 78.0, 78.0, 78.0, 78.0], [78.0, 78.0, 78.0, 78.0, 78.0], [78.0, 78.0, 78.0, 77.992, 77.912], [78.0, 78.0, 78.0, 77.992, 77.933]]","[[0.912175, 0.889297, 0.877174, 0.868072, 0.890912], [0.876354, 0.860704, 0.855539, 0.850541, 0.864309], [0.857529, 0.847414, 0.83872, 0.849401, 0.862777], [0.852907, 0.854598, 0.85558, 0.841197, 0.856242], [0.889624, 0.88061, 0.874813, 0.874384, 0.885861]]","[[0.939031, 0.926735, 0.915416, 0.897287, 0.906217], [0.92178, 0.912723, 0.905123, 0.889635, 0.890393], [0.909181, 0.901576, 0.887767, 0.889168, 0.892086], [0.893383, 0.895608, 0.892261, 0.870257, 0.878471], [0.903765, 0.896179, 0.88954, 0.886283, 0.893664]]","[[0.939031, 0.926735, 0.913973, 0.896988, 0.898268], [0.92178, 0.908367, 0.904663, 0.88955, 0.889268], [0.908903, 0.899616, 0.887767, 0.877389, 0.883331], [0.892162, 0.884592, 0.885878, 0.868741, 0.873165], [0.8931, 0.887601, 0.881612, 0.87055, 0.873321]]","[[""q_uniformity"", ""q_uniformity"", ""q_uniformity"", ""q_scratch"", ""q_uniformity""], [""q_scratch"", ""q_uniformity"", ""q_scratch"", ""q_scratch"", ""q_uniformity""], [""q_scratch"", ""q_ra"", ""q_uniformity"", ""q_uniformity"", ""q_uniformity""], [""q_uniformity"", ""q_ra"", ""q_uniformity"", ""q_uniformity"", ""q_uniformity""], [""q_uniformity"", ""q_ra"", ""q_scratch"", ""q_uniformity"", ""q_uniformity""]]","[[46.553, 45.548, 44.446, 43.481, 43.353], [45.015, 44.263, 43.444, 42.692, 42.503], [43.308, 42.816, 42.177, 41.857, 41.763], [41.889, 41.718, 41.429, 40.954, 40.979], [41.547, 41.322, 41.074, 40.893, 40.925]]","[[47.628, 46.777, 45.781, 45.024, 44.735], [46.289, 45.627, 44.853, 44.266, 44.042], [44.638, 44.215, 43.717, 43.334, 43.186], [43.308, 43.084, 42.809, 42.587, 42.498], [42.777, 42.634, 42.449, 42.291, 42.225]]","[[48.147, 47.483, 46.469, 45.53, 44.988], [47.134, 46.571, 45.714, 44.922, 44.466], [45.52, 45.124, 44.519, 43.959, 43.634], [43.939, 43.712, 43.358, 43.022, 42.823], [42.98, 42.857, 42.659, 42.458, 42.332]]"
finish_rule,98,0,1,success,5.7779998779296875,5.777801513671875,5.659209728240967,6.9276838302612305,0.0,5.945709068328142,0.0,0,59.25158219447997,72.35537805551617,0.1156632755256323,0.10766191788046832,1.306124776179875,0.9064889890757939,0.9945737662117867,0.48444248835189807,40.0,38.345454983279524,1.6545450167204763,8.345454983279524,35.902849926154694,0.008117871805722229,0.0,0.2923632620406088,,,,True,True,72.35537805551617,63.125928054853574,6,6,0,77.99313594448658,77.91154891430878,0,0,0,6,0,1:2;2:1;2:4;3:0;3:1;4:0,1:2;2:1;2:4;3:0;3:1;4:0,,,1:2;2:1;2:4;3:0;3:1;4:0,,"{""q_ra"": 0, ""q_scratch"": 6, ""q_thermal"": 0, ""q_uniformity"": 0}","[[75.147, 75.808, 76.604, 76.41, 76.013], [76.307, 70.589, 65.525, 77.042, 70.871], [76.439, 67.562, 73.299, 70.221, 69.812], [68.591, 63.126, 76.767, 71.16, 73.363], [67.953, 70.565, 71.189, 72.637, 75.884]]","[[75.147, 75.808, 76.604, 76.41, 76.013], [76.307, 70.589, 65.525, 77.042, 70.871], [76.439, 67.562, 73.299, 70.221, 69.812], [68.591, 63.126, 76.767, 71.16, 73.363], [67.953, 70.565, 71.189, 72.637, 75.884]]","[[75.147, 75.808, 76.604, 76.41, 76.013], [76.307, 70.589, 65.525, 77.042, 70.871], [76.439, 67.562, 73.299, 70.221, 69.812], [68.591, 63.126, 76.767, 71.16, 73.363], [67.953, 70.565, 71.189, 72.637, 75.884]]","[[78.0, 78.0, 78.0, 78.0, 78.0], [78.0, 78.0, 78.0, 78.0, 78.0], [78.0, 78.0, 78.0, 78.0, 78.0], [78.0, 78.0, 78.0, 77.992, 77.912], [78.0, 78.0, 78.0, 77.992, 77.933]]","[[78.0, 78.0, 78.0, 78.0, 78.0], [78.0, 78.0, 78.0, 78.0, 78.0], [78.0, 78.0, 78.0, 78.0, 78.0], [78.0, 78.0, 78.0, 77.992, 77.912], [78.0, 78.0, 78.0, 77.992, 77.933]]","[[78.0, 78.0, 78.0, 78.0, 78.0], [78.0, 78.0, 78.0, 78.0, 78.0], [78.0, 78.0, 78.0, 78.0, 78.0], [78.0, 78.0, 78.0, 77.992, 77.912], [78.0, 78.0, 78.0, 77.992, 77.933]]","[[0.867516, 0.855659, 0.849833, 0.841215, 0.86151], [0.824846, 0.819642, 0.820718, 0.845199, 0.852276], [0.834528, 0.820353, 0.808811, 0.806635, 0.838123], [0.859724, 0.838401, 0.834144, 0.799873, 0.832722], [0.867124, 0.849723, 0.852064, 0.829117, 0.840974]]","[[0.907873, 0.9048, 0.894874, 0.869302, 0.869871], [0.897575, 0.88454, 0.863196, 0.861026, 0.859491], [0.87085, 0.854411, 0.848437, 0.84283, 0.844784], [0.859724, 0.838401, 0.834545, 0.837286, 0.852361], [0.867124, 0.849723, 0.852064, 0.858784, 0.867719]]","[[0.907873, 0.896098, 0.879961, 0.867603, 0.860865], [0.897575, 0.881388, 0.853559, 0.857586, 0.853474], [0.869454, 0.851402, 0.844016, 0.840225, 0.844689], [0.859724, 0.838401, 0.834545, 0.835145, 0.85039], [0.867124, 0.849723, 0.852064, 0.856261, 0.867131]]","[[""q_uniformity"", ""q_uniformity"", ""q_uniformity"", ""q_uniformity"", ""q_uniformity""], [""q_uniformity"", ""q_scratch"", ""q_scratch"", ""q_uniformity"", ""q_scratch""], [""q_uniformity"", ""q_scratch"", ""q_scratch"", ""q_scratch"", ""q_scratch""], [""q_scratch"", ""q_scratch"", ""q_uniformity"", ""q_scratch"", ""q_scratch""], [""q_scratch"", ""q_scratch"", ""q_scratch"", ""q_scratch"", ""q_uniformity""]]","[[42.043, 41.364, 40.488, 39.618, 39.38], [40.278, 39.925, 39.517, 39.423, 39.294], [38.709, 38.544, 38.484, 38.685, 39.227], [38.597, 38.384, 38.345, 38.373, 39.316], [38.671, 38.497, 38.521, 38.588, 39.524]]","[[43.265, 42.56, 41.72, 41.064, 40.783], [41.45, 41.221, 41.026, 40.944, 40.813], [40.0, 40.0, 40.0, 40.304, 40.922], [40.0, 40.0, 40.0, 40.0, 40.93], [40.0, 40.0, 40.0, 40.0, 40.976]]","[[43.882, 43.281, 42.341, 41.433, 40.887], [42.46, 42.109, 41.597, 41.149, 40.904], [40.435, 40.415, 40.49, 40.767, 41.009], [40.0, 40.0, 40.005, 40.468, 41.188], [40.0, 40.0, 40.0, 40.358, 41.325]]"
finish_rule,1,0,1,continue,5.7779998779296875,5.777801513671875,5.659209728240967,6.9276838302612305,0.0,5.945709068328142,0.0,0,52.131804804884304,68.57576334972875,0.17001379147716275,0.1451774688757548,1.856739630255628,1.45119193887395,1.7586347776790008,1.0627459189773363,40.0,38.27713693043762,1.7228630695623792,8.27713693043762,35.902849926154694,0.008117871805722229,0.020346237861017916,0.3044352749403919,0.20049816367372364,20.618954001525207,5.9784981636737236,False,True,68.57576334972875,54.21794929868827,16,16,0,77.99313594448658,77.91154891430878,0,0,0,16,0,0:0;0:2;0:3;0:4;1:0;1:1;1:3;1:4;2:1;2:2;2:3;2:4;3:0;3:1;3:2;3:3,0:0;0:2;0:3;0:4;1:0;1:1;1:3;1:4;2:1;2:2;2:3;2:4;3:0;3:1;3:2;3:3,,,0:0;0:2;0:3;0:4;1:0;1:1;1:3;1:4;2:1;2:2;2:3;2:4;3:0;3:1;3:2;3:3,,"{""q_ra"": 1, ""q_scratch"": 15, ""q_thermal"": 0, ""q_uniformity"": 0}","[[57.916, 71.525, 68.906, 59.27, 69.349], [64.696, 64.836, 76.906, 65.785, 65.293], [76.068, 65.238, 65.215, 54.218, 56.749], [68.964, 69.148, 69.383, 69.139, 76.078], [75.299, 76.903, 75.854, 76.427, 75.228]]","[[57.916, 71.525, 68.906, 59.27, 69.349], [64.696, 64.836, 76.906, 65.785, 65.293], [76.068, 65.238, 65.215, 54.218, 56.749], [68.964, 69.148, 69.383, 69.139, 76.078], [75.299, 76.903, 75.854, 76.427, 75.228]]","[[57.916, 71.525, 68.906, 59.27, 69.349], [64.696, 64.836, 76.906, 65.785, 65.293], [76.068, 65.238, 65.215, 54.218, 56.749], [68.964, 69.148, 69.383, 69.139, 76.078], [75.299, 76.903, 75.854, 76.427, 75.228]]","[[78.0, 78.0, 78.0, 78.0, 78.0], [78.0, 78.0, 78.0, 78.0, 78.0], [78.0, 78.0, 78.0, 78.0, 78.0], [78.0, 78.0, 78.0, 77.992, 77.912], [78.0, 78.0, 78.0, 77.992, 77.933]]","[[78.0, 78.0, 78.0, 78.0, 78.0], [78.0, 78.0, 78.0, 78.0, 78.0], [78.0, 78.0, 78.0, 78.0, 78.0], [78.0, 78.0, 78.0, 77.992, 77.912], [78.0, 78.0, 78.0, 77.992, 77.933]]","[[78.0, 78.0, 78.0, 78.0, 78.0], [78.0, 78.0, 78.0, 78.0, 78.0], [78.0, 78.0, 78.0, 78.0, 78.0], [78.0, 78.0, 78.0, 77.992, 77.912], [78.0, 78.0, 78.0, 77.992, 77.933]]","[[0.904557, 0.868481, 0.834512, 0.837526, 0.850092], [0.876889, 0.838401, 0.814549, 0.809219, 0.834191], [0.852481, 0.82464, 0.808747, 0.790612, 0.830562], [0.853501, 0.815473, 0.808254, 0.78804, 0.833986], [0.879197, 0.847668, 0.804218, 0.796024, 0.838954]]","[[0.917679, 0.893045, 0.869278, 0.85656, 0.850092], [0.906059, 0.875997, 0.857433, 0.835735, 0.834191], [0.893685, 0.875328, 0.860704, 0.827714, 0.830562], [0.896974, 0.87311, 0.868118, 0.831598, 0.833986], [0.912665, 0.904542, 0.867377, 0.841352, 0.838954]]","[[0.90793, 0.882539, 0.861319, 0.850615, 0.850092], [0.886811, 0.872949, 0.85376, 0.834546, 0.834191], [0.893685, 0.875328, 0.857107, 0.826675, 0.830562], [0.896655, 0.871718, 0.868118, 0.830665, 0.833986], [0.904376, 0.898425, 0.865714, 0.841352, 0.838954]]","[[""q_scratch"", ""q_scratch"", ""q_scratch"", ""q_ra"", ""q_scratch""], [""q_scratch"", ""q_scratch"", ""q_uniformity"", ""q_scratch"", ""q_scratch""], [""q_uniformity"", ""q_scratch"", ""q_scratch"", ""q_scratch"", ""q_scratch""], [""q_scratch"", ""q_scratch"", ""q_scratch"", ""q_scratch"", ""q_uniformity""], [""q_uniformity"", ""q_uniformity"", ""q_uniformity"", ""q_uniformity"", ""q_uniformity""]]","[[41.019, 40.27, 39.265, 38.566, 38.501], [41.094, 40.215, 39.221, 38.357, 38.342], [41.529, 40.589, 39.452, 38.277, 38.306], [42.401, 41.078, 39.751, 38.316, 38.34], [43.38, 41.941, 39.891, 38.414, 38.39]]","[[42.008, 41.5, 40.659, 40.0, 40.0], [42.244, 41.661, 40.754, 40.0, 40.0], [42.9, 42.097, 40.982, 40.0, 40.0], [43.826, 42.688, 41.232, 40.0, 40.0], [44.66, 43.201, 41.404, 40.0, 40.0]]","[[42.182, 41.825, 41.103, 40.227, 40.0], [42.652, 42.184, 41.32, 40.328, 40.0], [43.524, 42.841, 41.687, 40.469, 40.0], [44.53, 43.585, 42.064, 40.553, 40.0], [45.218, 44.086, 42.299, 40.569, 40.0]]"
finish_rule,1,0,2,success,5.9784979820251465,5.0818562507629395,4.941308975219727,6.309018135070801,-0.4999999701976776,7.999825291335583,0.6908990144729614,0,68.57576334972875,72.08535532690055,0.1451774688757548,0.14741872701976338,1.45119193887395,1.3376550585301845,1.0627459189773363,0.7045325025726377,38.27713693043762,37.32384037016165,0.9532965602759731,7.323840370161648,35.902849926154694,0.008117871805722229,0.0,0.1929238922432659,,,,True,True,72.08535532690055,64.13912631089322,9,9,0,77.99313594448658,77.91154891430878,0,0,0,9,0,0:0;0:3;1:0;1:1;1:3;2:1;2:2;2:3;2:4,0:0;0:3;1:0;1:1;1:3;2:1;2:2;2:3;2:4,,,0:0;0:3;1:0;1:1;1:3;2:1;2:2;2:3;2:4,,"{""q_ra"": 0, ""q_scratch"": 2, ""q_thermal"": 0, ""q_uniformity"": 7}","[[64.139, 74.276, 71.621, 69.973, 72.215], [69.884, 69.521, 76.671, 69.966, 70.263], [75.696, 69.908, 69.908, 64.375, 67.835], [72.524, 72.775, 73.067, 73.708, 75.804], [74.817, 76.923, 75.585, 76.308, 74.372]]","[[64.139, 74.276, 71.621, 69.973, 72.215], [69.884, 69.521, 76.671, 69.966, 70.263], [75.696, 69.908, 69.908, 64.375, 67.835], [72.524, 72.775, 73.067, 73.708, 75.804], [74.817, 76.923, 75.585, 76.308, 74.372]]","[[64.139, 74.276, 71.621, 69.973, 72.215], [69.884, 69.521, 76.671, 69.966, 70.263], [75.696, 69.908, 69.908, 64.375, 67.835], [72.524, 72.775, 73.067, 73.708, 75.804], [74.817, 76.923, 75.585, 76.308, 74.372]]","[[78.0, 78.0, 78.0, 78.0, 78.0], [78.0, 78.0, 78.0, 78.0, 78.0], [78.0, 78.0, 78.0, 78.0, 78.0], [78.0, 78.0, 78.0, 77.992, 77.912], [78.0, 78.0, 78.0, 77.992, 77.933]]","[[78.0, 78.0, 78.0, 78.0, 78.0], [78.0, 78.0, 78.0, 78.0, 78.0], [78.0, 78.0, 78.0, 78.0, 78.0], [78.0, 78.0, 78.0, 77.992, 77.912], [78.0, 78.0, 78.0, 77.992, 77.933]]","[[78.0, 78.0, 78.0, 78.0, 78.0], [78.0, 78.0, 78.0, 78.0, 78.0], [78.0, 78.0, 78.0, 78.0, 78.0], [78.0, 78.0, 78.0, 77.992, 77.912], [78.0, 78.0, 78.0, 77.992, 77.933]]","[[0.844097, 0.797013, 0.756041, 0.747541, 0.756046], [0.815398, 0.767658, 0.736228, 0.720196, 0.738896], [0.790126, 0.757316, 0.733442, 0.699555, 0.736077], [0.795291, 0.751301, 0.735964, 0.698759, 0.740454], [0.824799, 0.790041, 0.728864, 0.706598, 0.743389]]","[[0.856342, 0.819556, 0.787538, 0.76453, 0.756046], [0.842523, 0.802082, 0.774989, 0.743795, 0.738896], [0.828316, 0.803866, 0.78056, 0.732384, 0.736077], [0.835798, 0.804403, 0.790474, 0.737381, 0.740454], [0.856196, 0.843049, 0.786105, 0.746834, 0.743389]]","[[0.844947, 0.809915, 0.780007, 0.763, 0.756046], [0.819592, 0.800573, 0.771682, 0.742646, 0.738896], [0.828316, 0.803866, 0.776185, 0.731465, 0.736077], [0.835304, 0.803065, 0.790474, 0.736554, 0.740454], [0.845796, 0.838205, 0.784435, 0.746834, 0.743389]]","[[""q_scratch"", ""q_uniformity"", ""q_uniformity"", ""q_uniformity"", ""q_uniformity""], [""q_uniformity"", ""q_uniformity"", ""q_uniformity"", ""q_uniformity"", ""q_uniformity""], [""q_uniformity"", ""q_uniformity"", ""q_uniformity"", ""q_scratch"", ""q_uniformity""], [""q_uniformity"", ""q_uniformity"", ""q_uniformity"", ""q_uniformity"", ""q_uniformity""], [""q_uniformity"", ""q_uniformity"", ""q_uniformity"", ""q_uniformity"", ""q_uniformity""]]","[[40.283, 39.425, 38.394, 37.645, 37.56], [40.316, 39.353, 38.334, 37.438, 37.389], [40.685, 39.725, 38.572, 37.324, 37.361], [41.556, 40.206, 38.879, 37.374, 37.405], [42.552, 41.129, 38.964, 37.468, 37.434]]","[[42.008, 41.5, 40.659, 40.0, 40.0], [42.244, 41.661, 40.754, 40.0, 40.0], [42.9, 42.097, 40.982, 40.0, 40.0], [43.826, 42.688, 41.232, 40.0, 40.0], [44.66, 43.201, 41.404, 40.0, 40.0]]","[[42.182, 41.825, 41.103, 40.227, 40.0], [42.652, 42.184, 41.32, 40.328, 40.0], [43.524, 42.841, 41.687, 40.469, 40.0], [44.53, 43.585, 42.064, 40.553, 40.0], [45.218, 44.086, 42.299, 40.569, 40.0]]"
finish_rule,2,0,1,continue,5.7779998779296875,5.777801513671875,5.659221649169922,6.9279022216796875,0.0,5.945709068328142,0.0,0,47.91089163908285,68.68427997501014,0.16976909355078312,0.11989548769159408,1.7482039043783693,1.3174581257803142,1.4565298243497218,0.999570650998713,41.35697717855107,40.11699832534278,1.2399788532082923,10.116998325342777,35.90277229768009,0.008119350859054776,0.01879600035699797,0.21910766711004662,0.25735293435748685,37.04570648943116,6.035352934357486,False,True,68.68427997501014,43.07619299427964,13,13,0,77.99313409616293,77.91152558784626,0,0,0,13,0,0:0;0:1;0:2;0:4;1:0;1:1;1:2;1:3;1:4;2:0;3:0;3:1;4:1,0:0;0:1;0:2;0:4;1:0;1:1;1:2;1:3;1:4;2:0;3:0;3:1;4:1,,,0:0;0:1;0:2;0:4;1:0;1:1;1:2;1:3;1:4;2:0;3:0;3:1;4:1,,"{""q_ra"": 2, ""q_scratch"": 11, ""q_thermal"": 0, ""q_uniformity"": 0}","[[43.076, 67.854, 66.385, 72.966, 64.758], [51.077, 68.496, 67.56, 68.176, 66.243], [65.907, 76.235, 70.784, 72.227, 72.739], [68.5, 69.908, 76.779, 73.995, 76.821], [70.397, 69.69, 70.454, 73.212, 72.868]]","[[43.076, 67.854, 66.385, 72.966, 64.758], [51.077, 68.496, 67.56, 68.176, 66.243], [65.907, 76.235, 70.784, 72.227, 72.739], [68.5, 69.908, 76.779, 73.995, 76.821], [70.397, 69.69, 70.454, 73.212, 72.868]]","[[43.076, 67.854, 66.385, 72.966, 64.758], [51.077, 68.496, 67.56, 68.176, 66.243], [65.907, 76.235, 70.784, 72.227, 72.739], [68.5, 69.908, 76.779, 73.995, 76.821], [70.397, 69.69, 70.454, 73.212, 72.868]]","[[78.0, 78.0, 78.0, 78.0, 78.0], [78.0, 78.0, 78.0, 78.0, 78.0], [78.0, 78.0, 78.0, 78.0, 78.0], [78.0, 78.0, 78.0, 77.992, 77.912], [78.0, 78.0, 78.0, 77.992, 77.933]]","[[78.0, 78.0, 78.0, 78.0, 78.0], [78.0, 78.0, 78.0, 78.0, 78.0], [78.0, 78.0, 78.0, 78.0, 78.0], [78.0, 78.0, 78.0, 77.992, 77.912], [78.0, 78.0, 78.0, 77.992, 77.933]]","[[78.0, 78.0, 78.0, 78.0, 78.0], [78.0, 78.0, 78.0, 78.0, 78.0], [78.0, 78.0, 78.0, 78.0, 78.0], [78.0, 78.0, 78.0, 77.992, 77.912], [78.0, 78.0, 78.0, 77.992, 77.933]]","[[0.907313, 0.887628, 0.857574, 0.86561, 0.879294], [0.861753, 0.853607, 0.830861, 0.837613, 0.85449], [0.857204, 0.838138, 0.839044, 0.82809, 0.852172], [0.866236, 0.834479, 0.848757, 0.855399, 0.864334], [0.895978, 0.888929, 0.866786, 0.864456, 0.877423]]","[[0.921461, 0.905457, 0.877182, 0.883444, 0.890818], [0.901571, 0.895851, 0.871889, 0.874119, 0.88275], [0.909064, 0.89163, 0.889905, 0.869445, 0.881491], [0.913409, 0.885795, 0.898564, 0.893935, 0.885397], [0.924698, 0.929538, 0.908819, 0.896607, 0.890182]]","[[0.90282, 0.893555, 0.868381, 0.870233, 0.879872], [0.90045, 0.88692, 0.870266, 0.869414, 0.870873], [0.906601, 0.887238, 0.879882, 0.869445, 0.87087], [0.912696, 0.885795, 0.886201, 0.881826, 0.878407], [0.92427, 0.915029, 0.901456, 0.894778, 0.885836]]","[[""q_ra"", ""q_scratch"", ""q_scratch"", ""q_scratch"", ""q_scratch""], [""q_ra"", ""q_scratch"", ""q_scratch"", ""q_scratch"", ""q_scratch""], [""q_scratch"", ""q_uniformity"", ""q_scratch"", ""q_scratch"", ""q_scratch""], [""q_scratch"", ""q_scratch"", ""q_uniformity"", ""q_scratch"", ""q_uniformity""], [""q_scratch"", ""q_scratch"", ""q_scratch"", ""q_scratch"", ""q_scratch""]]","[[41.235, 40.88, 40.296, 40.135, 40.117], [41.443, 41.179, 40.595, 40.354, 40.339], [42.698, 42.141, 41.677, 41.022, 41.009], [44.258, 43.286, 42.755, 42.077, 41.711], [45.714, 44.964, 43.597, 42.574, 42.146]]","[[42.193, 42.016, 41.737, 41.472, 41.357], [42.692, 42.478, 42.152, 41.845, 41.713], [43.968, 43.617, 43.121, 42.677, 42.489], [45.61, 44.999, 44.194, 43.509, 43.227], [46.994, 46.098, 44.961, 44.024, 43.644]]","[[42.383, 42.257, 42.005, 41.708, 41.506], [43.279, 43.096, 42.752, 42.361, 42.1], [44.813, 44.486, 43.917, 43.31, 42.918], [46.46, 45.921, 45.027, 44.118, 43.55], [47.539, 46.833, 45.687, 44.545, 43.843]]"
finish_rule,2,0,2,success,6.03535270690918,5.130036354064941,4.988292694091797,6.3549275398254395,-0.4999999701976776,7.999825291335583,0.6908990144729614,0,68.68427997501014,72.25741799995632,0.11989548769159408,0.1147115617045742,1.3174581257803142,1.18135854029679,0.999570650998713,0.6384503442055975,40.11699832534278,39.21007123862025,0.9069270867225256,9.210071238620252,35.90277229768009,0.008119350859054776,0.0,0.1818111210267799,,,,True,True,72.25741799995632,51.173018932724496,2,2,0,77.99313409616293,77.91152558784626,0,0,0,2,0,0:0;1:0,0:0;1:0,,,0:0;1:0,,"{""q_ra"": 1, ""q_scratch"": 0, ""q_thermal"": 0, ""q_uniformity"": 1}","[[51.173, 71.63, 71.516, 75.575, 70.896], [64.242, 72.308, 70.813, 71.806, 70.999], [71.922, 75.904, 74.304, 75.576, 74.909], [73.01, 73.645, 76.503, 75.891, 74.032], [73.765, 74.066, 73.985, 75.433, 72.532]]","[[51.173, 71.63, 71.516, 75.575, 70.896], [64.242, 72.308, 70.813, 71.806, 70.999], [71.922, 75.904, 74.304, 75.576, 74.909], [73.01, 73.645, 76.503, 75.891, 74.032], [73.765, 74.066, 73.985, 75.433, 72.532]]","[[51.173, 71.63, 71.516, 75.575, 70.896], [64.242, 72.308, 70.813, 71.806, 70.999], [71.922, 75.904, 74.304, 75.576, 74.909], [73.01, 73.645, 76.503, 75.891, 74.032], [73.765, 74.066, 73.985, 75.433, 72.532]]","[[78.0, 78.0, 78.0, 78.0, 78.0], [78.0, 78.0, 78.0, 78.0, 78.0], [78.0, 78.0, 78.0, 78.0, 78.0], [78.0, 78.0, 78.0, 77.992, 77.912], [78.0, 78.0, 78.0, 77.992, 77.933]]","[[78.0, 78.0, 78.0, 78.0, 78.0], [78.0, 78.0, 78.0, 78.0, 78.0], [78.0, 78.0, 78.0, 78.0, 78.0], [78.0, 78.0, 78.0, 77.992, 77.912], [78.0, 78.0, 78.0, 77.992, 77.933]]","[[78.0, 78.0, 78.0, 78.0, 78.0], [78.0, 78.0, 78.0, 78.0, 78.0], [78.0, 78.0, 78.0, 78.0, 78.0], [78.0, 78.0, 78.0, 77.992, 77.912], [78.0, 78.0, 78.0, 77.992, 77.933]]","[[0.844919, 0.819294, 0.778816, 0.788416, 0.80047], [0.799896, 0.789722, 0.76041, 0.765821, 0.780131], [0.800722, 0.778864, 0.776775, 0.759643, 0.781729], [0.815393, 0.778043, 0.790786, 0.79274, 0.795455], [0.848417, 0.841494, 0.811189, 0.802085, 0.808262]]","[[0.858094, 0.83575, 0.796623, 0.80466, 0.810961], [0.836856, 0.828804, 0.79796, 0.799198, 0.805932], [0.849165, 0.828574, 0.823861, 0.797579, 0.808624], [0.859797, 0.825889, 0.837191, 0.828453, 0.81484], [0.875612, 0.879937, 0.850526, 0.831916, 0.820015]]","[[0.838222, 0.825169, 0.788811, 0.792, 0.80106], [0.836099, 0.819152, 0.795698, 0.795443, 0.795332], [0.845466, 0.827228, 0.812509, 0.797579, 0.798989], [0.859797, 0.825889, 0.825509, 0.815864, 0.808559], [0.874834, 0.862145, 0.844512, 0.831124, 0.815788]]","[[""q_ra"", ""q_uniformity"", ""q_uniformity"", ""q_uniformity"", ""q_scratch""], [""q_uniformity"", ""q_uniformity"", ""q_uniformity"", ""q_uniformity"", ""q_uniformity""], [""q_uniformity"", ""q_uniformity"", ""q_uniformity"", ""q_uniformity"", ""q_uniformity""], [""q_uniformity"", ""q_uniformity"", ""q_uniformity"", ""q_uniformity"", ""q_scratch""], [""q_uniformity"", ""q_uniformity"", ""q_uniformity"", ""q_uniformity"", ""q_uniformity""]]","[[40.463, 40.042, 39.35, 39.231, 39.21], [40.622, 40.342, 39.697, 39.466, 39.44], [41.861, 41.283, 40.81, 40.111, 40.099], [43.422, 42.387, 41.883, 41.192, 40.778], [44.88, 44.165, 42.725, 41.667, 41.189]]","[[42.193, 42.016, 41.737, 41.472, 41.357], [42.692, 42.478, 42.152, 41.845, 41.713], [43.968, 43.617, 43.121, 42.677, 42.489], [45.61, 44.999, 44.194, 43.509, 43.227], [46.994, 46.098, 44.961, 44.024, 43.644]]","[[42.383, 42.257, 42.005, 41.708, 41.506], [43.279, 43.096, 42.752, 42.361, 42.1], [44.813, 44.486, 43.917, 43.31, 42.918], [46.46, 45.921, 45.027, 44.118, 43.55], [47.539, 46.833, 45.687, 44.545, 43.843]]"
finish_rule,3,0,1,continue,5.7779998779296875,5.777801513671875,5.659211158752441,6.929375648498535,0.0,5.945709068328142,0.0,0,45.11147996683708,61.98552239762707,0.2671390946084944,0.20061070838618406,2.2385700257400636,1.8694791636429613,1.6342579647181317,1.1128567539677283,44.75338184964393,44.10053976770914,0.6528420819347929,14.100539767709137,35.9027862073978,0.00811851081345387,0.11449253717675612,0.11535920177233858,2.9774617564372674,104.89444779263951,8.755461756437267,False,True,61.98552239762707,48.54162452801182,20,20,0,77.99313519561746,77.91153657433328,0,0,0,20,0,0:1;0:2;0:3;0:4;1:0;1:3;1:4;2:1;2:2;2:3;2:4;3:0;3:1;3:2;3:3;3:4;4:0;4:2;4:3;4:4,0:1;0:2;0:3;0:4;1:0;1:3;1:4;2:1;2:2;2:3;2:4;3:0;3:1;3:2;3:3;3:4;4:0;4:2;4:3;4:4,,,0:1;0:2;0:3;0:4;1:0;1:3;1:4;2:1;2:2;2:3;2:4;3:0;3:1;3:2;3:3;3:4;4:0;4:2;4:3;4:4,,"{""q_ra"": 6, ""q_scratch"": 14, ""q_thermal"": 0, ""q_uniformity"": 0}","[[70.391, 66.135, 48.542, 50.938, 68.012], [69.02, 71.828, 72.256, 54.28, 49.018], [75.598, 63.986, 50.276, 60.246, 64.284], [52.953, 54.016, 68.162, 57.146, 64.859], [63.638, 75.808, 61.317, 55.46, 61.471]]","[[70.391, 66.135, 48.542, 50.938, 68.012], [69.02, 71.828, 72.256, 54.28, 49.018], [75.598, 63.986, 50.276, 60.246, 64.284], [52.953, 54.016, 68.162, 57.146, 64.859], [63.638, 75.808, 61.317, 55.46, 61.471]]","[[70.391, 66.135, 48.542, 50.938, 68.012], [69.02, 71.828, 72.256, 54.28, 49.018], [75.598, 63.986, 50.276, 60.246, 64.284], [52.953, 54.016, 68.162, 57.146, 64.859], [63.638, 75.808, 61.317, 55.46, 61.471]]","[[78.0, 78.0, 78.0, 78.0, 78.0], [78.0, 78.0, 78.0, 78.0, 78.0], [78.0, 78.0, 78.0, 78.0, 78.0], [78.0, 78.0, 78.0, 77.992, 77.912], [78.0, 78.0, 78.0, 77.992, 77.933]]","[[78.0, 78.0, 78.0, 78.0, 78.0], [78.0, 78.0, 78.0, 78.0, 78.0], [78.0, 78.0, 78.0, 78.0, 78.0], [78.0, 78.0, 78.0, 77.992, 77.912], [78.0, 78.0, 78.0, 77.992, 77.933]]","[[78.0, 78.0, 78.0, 78.0, 78.0], [78.0, 78.0, 78.0, 78.0, 78.0], [78.0, 78.0, 78.0, 78.0, 78.0], [78.0, 78.0, 78.0, 77.992, 77.912], [78.0, 78.0, 78.0, 77.992, 77.933]]","[[0.932191, 0.900801, 0.888847, 0.898238, 0.915448], [0.891895, 0.87277, 0.872168, 0.874144, 0.895354], [0.891551, 0.872755, 0.868633, 0.89074, 0.914115], [0.90954, 0.891594, 0.891761, 0.912482, 0.915368], [0.928185, 0.909628, 0.911542, 0.915431, 0.921724]]","[[0.95575, 0.942475, 0.928255, 0.925011, 0.929299], [0.936178, 0.929057, 0.92355, 0.912455, 0.921757], [0.931969, 0.921184, 0.913923, 0.92242, 0.920318], [0.933476, 0.922328, 0.920666, 0.912482, 0.915368], [0.937588, 0.926164, 0.922475, 0.915431, 0.921724]]","[[0.928908, 0.916282, 0.908052, 0.909963, 0.916068], [0.91978, 0.908736, 0.908995, 0.909158, 0.913584], [0.917808, 0.913843, 0.913282, 0.909057, 0.914427], [0.923141, 0.9205, 0.917762, 0.912482, 0.915368], [0.924386, 0.92027, 0.919572, 0.915431, 0.921724]]","[[""q_scratch"", ""q_scratch"", ""q_ra"", ""q_ra"", ""q_scratch""], [""q_scratch"", ""q_scratch"", ""q_scratch"", ""q_ra"", ""q_ra""], [""q_uniformity"", ""q_scratch"", ""q_ra"", ""q_scratch"", ""q_scratch""], [""q_scratch"", ""q_scratch"", ""q_scratch"", ""q_ra"", ""q_scratch""], [""q_scratch"", ""q_uniformity"", ""q_scratch"", ""q_scratch"", ""q_scratch""]]","[[44.101, 44.424, 45.337, 46.403, 47.178], [44.419, 44.778, 45.733, 46.591, 47.437], [45.675, 45.863, 46.585, 47.67, 48.28], [46.956, 47.022, 47.658, 48.25, 48.307], [47.739, 47.725, 48.204, 48.309, 48.434]]","[[44.753, 45.304, 46.522, 47.733, 48.484], [45.402, 45.907, 47.036, 48.182, 48.917], [46.819, 47.22, 48.147, 49.156, 49.862], [48.165, 48.456, 49.179, 50.0, 50.0], [48.92, 49.138, 49.734, 50.0, 50.0]]","[[45.126, 46.012, 47.255, 48.261, 48.764], [46.166, 46.933, 48.039, 48.979, 49.475], [47.581, 48.175, 49.093, 49.838, 49.997], [48.643, 49.092, 49.801, 50.0, 50.0], [49.111, 49.486, 49.971, 50.0, 50.0]]"
finish_rule,3,0,2,fail_quality_regression,8.755461692810059,7.441965579986572,7.236128807067871,8.668856620788574,-0.4999999701976776,7.999825291335583,0.6908990144729614,0,61.98552239762707,69.73581398519077,0.20061070838618406,0.2089106588320929,1.8694791636429613,1.6510938251620657,1.1128567539677283,0.5855096838242964,44.10053976770914,43.2981296471305,0.8024101205786351,13.298129647130501,37.12354760157736,0.0272763858196445,0.04455329416046441,0.11088941918707736,,,,False,True,69.73581398519077,63.099099020786745,14,14,0,77.94655275793605,77.44221667058095,0,0,0,14,0,0:2;0:3;1:3;1:4;2:1;2:2;2:3;3:0;3:1;3:3;3:4;4:2;4:3;4:4,0:2;0:3;1:3;1:4;2:1;2:2;2:3;3:0;3:1;3:3;3:4;4:2;4:3;4:4,,,0:2;0:3;1:3;1:4;2:1;2:2;2:3;3:0;3:1;3:3;3:4;4:2;4:3;4:4,,"{""q_ra"": 0, ""q_scratch"": 2, ""q_thermal"": 0, ""q_uniformity"": 12}","[[71.544, 71.412, 63.099, 66.864, 70.853], [70.939, 74.397, 74.484, 68.119, 64.852], [74.582, 69.506, 67.071, 69.078, 70.125], [66.639, 66.496, 72.256, 68.105, 69.687], [71.371, 74.452, 69.518, 68.426, 69.521]]","[[71.544, 71.412, 63.099, 66.864, 70.853], [70.939, 74.397, 74.484, 68.119, 64.852], [74.582, 69.506, 67.071, 69.078, 70.125], [66.639, 66.496, 72.256, 68.105, 69.687], [71.371, 74.452, 69.518, 68.426, 69.521]]","[[71.544, 71.412, 63.099, 66.864, 70.853], [70.939, 74.397, 74.484, 68.119, 64.852], [74.582, 69.506, 67.071, 69.078, 70.125], [66.639, 66.496, 72.256, 68.105, 69.687], [71.371, 74.452, 69.518, 68.426, 69.521]]","[[78.0, 78.0, 78.0, 78.0, 77.999], [78.0, 78.0, 78.0, 78.0, 77.991], [78.0, 78.0, 78.0, 77.995, 77.957], [77.934, 77.988, 78.0, 77.816, 77.442], [77.941, 77.991, 78.0, 77.897, 77.711]]","[[78.0, 78.0, 78.0, 78.0, 77.999], [78.0, 78.0, 78.0, 78.0, 77.991], [78.0, 78.0, 78.0, 77.995, 77.957], [77.934, 77.988, 78.0, 77.816, 77.442], [77.941, 77.991, 78.0, 77.897, 77.711]]","[[78.0, 78.0, 78.0, 78.0, 77.999], [78.0, 78.0, 78.0, 78.0, 77.991], [78.0, 78.0, 78.0, 77.995, 77.957], [77.934, 77.988, 78.0, 77.816, 77.442], [77.941, 77.991, 78.0, 77.897, 77.711]]","[[0.879144, 0.837661, 0.816879, 0.821967, 0.842392], [0.827993, 0.803333, 0.803459, 0.801925, 0.823101], [0.820905, 0.804315, 0.799087, 0.817429, 0.839828], [0.842642, 0.82537, 0.825649, 0.840501, 0.841602], [0.860414, 0.842332, 0.84557, 0.843238, 0.849951]]","[[0.901361, 0.876415, 0.853095, 0.846467, 0.855137], [0.869103, 0.855142, 0.850793, 0.83707, 0.847373], [0.858121, 0.848946, 0.84075, 0.846501, 0.845527], [0.864817, 0.853822, 0.852411, 0.840501, 0.841602], [0.86913, 0.857644, 0.855713, 0.843238, 0.849951]]","[[0.857567, 0.840364, 0.829953, 0.832483, 0.840684], [0.846823, 0.831645, 0.831853, 0.833978, 0.839178], [0.844765, 0.841202, 0.840072, 0.834238, 0.839709], [0.854675, 0.851818, 0.848393, 0.840501, 0.841602], [0.85673, 0.851556, 0.851354, 0.843238, 0.849951]]","[[""q_uniformity"", ""q_uniformity"", ""q_uniformity"", ""q_uniformity"", ""q_uniformity""], [""q_uniformity"", ""q_uniformity"", ""q_uniformity"", ""q_uniformity"", ""q_uniformity""], [""q_uniformity"", ""q_scratch"", ""q_uniformity"", ""q_uniformity"", ""q_uniformity""], [""q_scratch"", ""q_uniformity"", ""q_uniformity"", ""q_uniformity"", ""q_uniformity""], [""q_uniformity"", ""q_uniformity"", ""q_uniformity"", ""q_uniformity"", ""q_uniformity""]]","[[43.298, 43.413, 44.095, 45.01, 45.807], [43.386, 43.603, 44.494, 45.22, 46.03], [44.433, 44.619, 45.257, 46.216, 46.794], [45.709, 45.758, 46.348, 46.81, 46.832], [46.444, 46.414, 46.887, 46.865, 46.999]]","[[44.753, 45.304, 46.522, 47.733, 48.484], [45.402, 45.907, 47.036, 48.182, 48.917], [46.819, 47.22, 48.147, 49.156, 49.862], [48.165, 48.456, 49.179, 50.0, 50.0], [48.92, 49.138, 49.734, 50.0, 50.0]]","[[45.126, 46.012, 47.255, 48.261, 48.764], [46.166, 46.933, 48.039, 48.979, 49.475], [47.581, 48.175, 49.093, 49.838, 49.997], [48.643, 49.092, 49.801, 50.0, 50.0], [49.111, 49.486, 49.971, 50.0, 50.0]]"
finish_rule,4,0,1,continue,5.7779998779296875,5.777801513671875,5.65921688079834,6.930220127105713,0.0,5.945709068328142,0.0,0,51.784862249082465,65.92699611215477,0.21899351422999247,0.16908567143640557,2.317362662835538,1.9889017442102812,1.7328878054683368,1.3217642492574295,40.0,38.5724207708994,1.4275792291006013,8.572420770899399,35.90282514394533,0.008118383859832162,0.05818576982636046,0.2522573810423067,0.6919809789423206,26.0544240320846,6.469980978942321,False,True,65.92699611215477,48.42890323242043,16,16,0,77.99313533494089,77.91153903796635,0,0,0,16,0,0:1;0:4;1:2;1:3;1:4;2:0;2:1;2:2;2:3;2:4;3:0;3:1;3:3;3:4;4:2;4:3,0:1;0:4;1:2;1:3;1:4;2:0;2:1;2:2;2:3;2:4;3:0;3:1;3:3;3:4;4:2;4:3,,,0:1;0:4;1:2;1:3;1:4;2:0;2:1;2:2;2:3;2:4;3:0;3:1;3:3;3:4;4:2;4:3,,"{""q_ra"": 4, ""q_scratch"": 12, ""q_thermal"": 0, ""q_uniformity"": 0}","[[75.298, 69.595, 70.959, 72.038, 61.206], [76.678, 76.47, 56.386, 50.726, 65.947], [51.04, 59.662, 66.321, 65.792, 54.654], [48.429, 69.565, 76.759, 68.212, 61.73], [75.387, 76.627, 68.418, 58.835, 71.441]]","[[75.298, 69.595, 70.959, 72.038, 61.206], [76.678, 76.47, 56.386, 50.726, 65.947], [51.04, 59.662, 66.321, 65.792, 54.654], [48.429, 69.565, 76.759, 68.212, 61.73], [75.387, 76.627, 68.418, 58.835, 71.441]]","[[75.298, 69.595, 70.959, 72.038, 61.206], [76.678, 76.47, 56.386, 50.726, 65.947], [51.04, 59.662, 66.321, 65.792, 54.654], [48.429, 69.565, 76.759, 68.212, 61.73], [75.387, 76.627, 68.418, 58.835, 71.441]]","[[78.0, 78.0, 78.0, 78.0, 78.0], [78.0, 78.0, 78.0, 78.0, 78.0], [78.0, 78.0, 78.0, 78.0, 78.0], [78.0, 78.0, 78.0, 77.992, 77.912], [78.0, 78.0, 78.0, 77.992, 77.933]]","[[78.0, 78.0, 78.0, 78.0, 78.0], [78.0, 78.0, 78.0, 78.0, 78.0], [78.0, 78.0, 78.0, 78.0, 78.0], [78.0, 78.0, 78.0, 77.992, 77.912], [78.0, 78.0, 78.0, 77.992, 77.933]]","[[78.0, 78.0, 78.0, 78.0, 78.0], [78.0, 78.0, 78.0, 78.0, 78.0], [78.0, 78.0, 78.0, 78.0, 78.0], [78.0, 78.0, 78.0, 77.992, 77.912], [78.0, 78.0, 78.0, 77.992, 77.933]]","[[0.903937, 0.861432, 0.824088, 0.80267, 0.855071], [0.904334, 0.85683, 0.800049, 0.775061, 0.801501], [0.900845, 0.859569, 0.83766, 0.807673, 0.813952], [0.905718, 0.871112, 0.839672, 0.82884, 0.842179], [0.901185, 0.889696, 0.873007, 0.875745, 0.873512]]","[[0.920986, 0.905386, 0.888195, 0.866463, 0.857242], [0.920252, 0.900745, 0.86778, 0.852297, 0.861609], [0.918017, 0.898991, 0.899288, 0.879879, 0.879131], [0.922403, 0.901186, 0.88197, 0.878444, 0.890453], [0.910884, 0.905529, 0.892863, 0.897418, 0.894025]]","[[0.920843, 0.898878, 0.873755, 0.850965, 0.8512], [0.915713, 0.892836, 0.863878, 0.849522, 0.852025], [0.91383, 0.89095, 0.882628, 0.861188, 0.869133], [0.91053, 0.892578, 0.88197, 0.874938, 0.872995], [0.91081, 0.900617, 0.892863, 0.892483, 0.886569]]","[[""q_uniformity"", ""q_scratch"", ""q_scratch"", ""q_scratch"", ""q_scratch""], [""q_uniformity"", ""q_uniformity"", ""q_scratch"", ""q_ra"", ""q_scratch""], [""q_scratch"", ""q_scratch"", ""q_scratch"", ""q_scratch"", ""q_ra""], [""q_scratch"", ""q_scratch"", ""q_uniformity"", ""q_scratch"", ""q_ra""], [""q_uniformity"", ""q_uniformity"", ""q_scratch"", ""q_ra"", ""q_scratch""]]","[[43.559, 42.14, 40.326, 38.719, 38.572], [43.552, 42.203, 40.375, 39.005, 38.616], [43.615, 42.559, 41.533, 40.415, 40.046], [43.972, 43.185, 42.322, 41.793, 41.758], [44.16, 43.823, 43.345, 43.206, 43.079]]","[[44.722, 43.408, 41.625, 40.062, 40.0], [44.726, 43.547, 41.956, 40.566, 40.0], [44.83, 43.97, 42.825, 41.836, 41.427], [45.147, 44.63, 43.971, 43.425, 43.204], [45.546, 45.265, 44.947, 44.715, 44.63]]","[[45.0, 44.092, 42.53, 40.862, 40.025], [44.985, 44.242, 42.968, 41.618, 40.75], [45.113, 44.611, 43.769, 42.895, 42.342], [45.426, 45.135, 44.675, 44.228, 43.961], [45.713, 45.537, 45.287, 45.079, 44.973]]"
finish_rule,4,0,2,success,6.4699811935424805,5.499392986297607,5.347488880157471,6.726855278015137,-0.4999999701976776,7.999825291335583,0.6908990144729614,0,65.92699611215477,70.8491715457929,0.16908567143640557,0.1740571260278646,1.9889017442102812,1.8099837456010341,1.3217642492574295,0.9708166538213265,38.5724207708994,37.572668675361385,0.9997520955380139,7.572668675361385,35.90282514394533,0.008118383859832162,0.0,0.18695730237938776,,,,True,True,70.8491715457929,58.92362408416953,7,7,0,77.99313533494089,77.91153903796635,0,0,0,7,0,0:4;1:2;1:3;2:0;2:1;2:4;3:0,0:4;1:2;1:3;2:0;2:1;2:4;3:0,,,0:4;1:2;1:3;2:0;2:1;2:4;3:0,,"{""q_ra"": 0, ""q_scratch"": 3, ""q_thermal"": 0, ""q_uniformity"": 4}","[[73.533, 71.956, 73.52, 73.885, 68.535], [75.849, 76.009, 65.962, 63.885, 70.658], [63.618, 68.981, 70.471, 70.364, 66.831], [58.924, 74.264, 76.406, 71.53, 70.021], [74.54, 76.46, 72.035, 70.177, 72.818]]","[[73.533, 71.956, 73.52, 73.885, 68.535], [75.849, 76.009, 65.962, 63.885, 70.658], [63.618, 68.981, 70.471, 70.364, 66.831], [58.924, 74.264, 76.406, 71.53, 70.021], [74.54, 76.46, 72.035, 70.177, 72.818]]","[[73.533, 71.956, 73.52, 73.885, 68.535], [75.849, 76.009, 65.962, 63.885, 70.658], [63.618, 68.981, 70.471, 70.364, 66.831], [58.924, 74.264, 76.406, 71.53, 70.021], [74.54, 76.46, 72.035, 70.177, 72.818]]","[[78.0, 78.0, 78.0, 78.0, 78.0], [78.0, 78.0, 78.0, 78.0, 78.0], [78.0, 78.0, 78.0, 78.0, 78.0], [78.0, 78.0, 78.0, 77.992, 77.912], [78.0, 78.0, 78.0, 77.992, 77.933]]","[[78.0, 78.0, 78.0, 78.0, 78.0], [78.0, 78.0, 78.0, 78.0, 78.0], [78.0, 78.0, 78.0, 78.0, 78.0], [78.0, 78.0, 78.0, 77.992, 77.912], [78.0, 78.0, 78.0, 77.992, 77.933]]","[[78.0, 78.0, 78.0, 78.0, 78.0], [78.0, 78.0, 78.0, 78.0, 78.0], [78.0, 78.0, 78.0, 78.0, 78.0], [78.0, 78.0, 78.0, 77.992, 77.912], [78.0, 78.0, 78.0, 77.992, 77.933]]","[[0.848222, 0.795781, 0.746124, 0.711236, 0.755349], [0.845535, 0.792424, 0.722223, 0.688875, 0.70835], [0.84301, 0.795831, 0.767756, 0.731381, 0.732953], [0.850191, 0.809343, 0.771053, 0.758113, 0.769798], [0.841462, 0.827119, 0.807449, 0.809558, 0.803829]]","[[0.864221, 0.836385, 0.804165, 0.767762, 0.757267], [0.860419, 0.833038, 0.783366, 0.757523, 0.761472], [0.859079, 0.832329, 0.824241, 0.796766, 0.791646], [0.865853, 0.837284, 0.809895, 0.803483, 0.813923], [0.850518, 0.841838, 0.825813, 0.829593, 0.822705]]","[[0.864086, 0.830373, 0.791091, 0.754964, 0.754499], [0.856175, 0.823822, 0.779843, 0.755312, 0.756356], [0.853298, 0.823308, 0.810442, 0.777732, 0.783952], [0.850062, 0.827479, 0.809895, 0.800544, 0.796751], [0.850137, 0.836281, 0.825813, 0.825414, 0.814056]]","[[""q_uniformity"", ""q_scratch"", ""q_uniformity"", ""q_uniformity"", ""q_uniformity""], [""q_uniformity"", ""q_uniformity"", ""q_scratch"", ""q_uniformity"", ""q_scratch""], [""q_scratch"", ""q_uniformity"", ""q_uniformity"", ""q_uniformity"", ""q_uniformity""], [""q_scratch"", ""q_uniformity"", ""q_uniformity"", ""q_uniformity"", ""q_uniformity""], [""q_uniformity"", ""q_uniformity"", ""q_uniformity"", ""q_uniformity"", ""q_uniformity""]]","[[42.723, 41.214, 39.349, 37.726, 37.573], [42.671, 41.286, 39.366, 38.004, 37.615], [42.74, 41.628, 40.571, 39.431, 39.046], [43.115, 42.25, 41.315, 40.787, 40.747], [43.222, 42.851, 42.343, 42.208, 42.036]]","[[44.722, 43.408, 41.625, 40.062, 40.0], [44.726, 43.547, 41.956, 40.566, 40.0], [44.83, 43.97, 42.825, 41.836, 41.427], [45.147, 44.63, 43.971, 43.425, 43.204], [45.546, 45.265, 44.947, 44.715, 44.63]]","[[45.0, 44.092, 42.53, 40.862, 40.025], [44.985, 44.242, 42.968, 41.618, 40.75], [45.113, 44.611, 43.769, 42.895, 42.342], [45.426, 45.135, 44.675, 44.228, 43.961], [45.713, 45.537, 45.287, 45.079, 44.973]]"
finish_rule,5,0,1,continue,5.7779998779296875,5.777801513671875,5.6592116355896,6.926451683044434,0.0,5.945709068328142,0.0,0,46.590625245528955,64.35499089496007,0.22928038211926302,0.17055530175405526,1.9693123406305104,1.6508079177044928,1.505043090734971,0.8881256075570614,42.36350825404388,41.258030022197694,1.1054782318461847,11.258030022197694,35.90276311019232,0.008118410924397511,0.08064298721485617,0.19534138375282928,1.238493129293523,47.39410484524943,7.016493129293522,False,True,64.35499089496007,49.639606413887954,17,17,0,77.993135402125,77.91154132776596,0,0,0,17,0,0:0;0:1;0:2;0:3;0:4;1:0;1:2;1:3;1:4;2:1;2:2;2:4;3:0;3:1;3:2;4:0;4:2,0:0;0:1;0:2;0:3;0:4;1:0;1:2;1:3;1:4;2:1;2:2;2:4;3:0;3:1;3:2;4:0;4:2,,,0:0;0:1;0:2;0:3;0:4;1:0;1:2;1:3;1:4;2:1;2:2;2:4;3:0;3:1;3:2;4:0;4:2,,"{""q_ra"": 3, ""q_scratch"": 14, ""q_thermal"": 0, ""q_uniformity"": 0}","[[52.16, 54.843, 62.158, 66.843, 49.64], [63.475, 70.201, 57.493, 53.702, 61.213], [76.035, 63.927, 68.989, 77.121, 64.094], [55.904, 54.749, 55.356, 72.28, 75.755], [67.533, 70.478, 66.902, 72.084, 75.939]]","[[52.16, 54.843, 62.158, 66.843, 49.64], [63.475, 70.201, 57.493, 53.702, 61.213], [76.035, 63.927, 68.989, 77.121, 64.094], [55.904, 54.749, 55.356, 72.28, 75.755], [67.533, 70.478, 66.902, 72.084, 75.939]]","[[52.16, 54.843, 62.158, 66.843, 49.64], [63.475, 70.201, 57.493, 53.702, 61.213], [76.035, 63.927, 68.989, 77.121, 64.094], [55.904, 54.749, 55.356, 72.28, 75.755], [67.533, 70.478, 66.902, 72.084, 75.939]]","[[78.0, 78.0, 78.0, 78.0, 78.0], [78.0, 78.0, 78.0, 78.0, 78.0], [78.0, 78.0, 78.0, 78.0, 78.0], [78.0, 78.0, 78.0, 77.992, 77.912], [78.0, 78.0, 78.0, 77.992, 77.933]]","[[78.0, 78.0, 78.0, 78.0, 78.0], [78.0, 78.0, 78.0, 78.0, 78.0], [78.0, 78.0, 78.0, 78.0, 78.0], [78.0, 78.0, 78.0, 77.992, 77.912], [78.0, 78.0, 78.0, 77.992, 77.933]]","[[78.0, 78.0, 78.0, 78.0, 78.0], [78.0, 78.0, 78.0, 78.0, 78.0], [78.0, 78.0, 78.0, 78.0, 78.0], [78.0, 78.0, 78.0, 77.992, 77.912], [78.0, 78.0, 78.0, 77.992, 77.933]]","[[0.917528, 0.895064, 0.896439, 0.887606, 0.90251], [0.888153, 0.870855, 0.857432, 0.867105, 0.872748], [0.867678, 0.849173, 0.837405, 0.84793, 0.852013], [0.873948, 0.846166, 0.860347, 0.85845, 0.860312], [0.897892, 0.875969, 0.8676, 0.870467, 0.889494]]","[[0.936212, 0.922761, 0.926428, 0.91273, 0.919709], [0.923593, 0.915392, 0.903655, 0.908714, 0.905054], [0.908105, 0.899065, 0.890202, 0.897022, 0.891302], [0.906043, 0.887754, 0.907703, 0.902708, 0.894817], [0.910585, 0.898625, 0.895326, 0.896089, 0.906167]]","[[0.923792, 0.920612, 0.913863, 0.908966, 0.915622], [0.916574, 0.906396, 0.90145, 0.89937, 0.905046], [0.898261, 0.886069, 0.890202, 0.892053, 0.891302], [0.898113, 0.878642, 0.883835, 0.883105, 0.88922], [0.889844, 0.883615, 0.88863, 0.887414, 0.894047]]","[[""q_ra"", ""q_scratch"", ""q_scratch"", ""q_scratch"", ""q_ra""], [""q_scratch"", ""q_scratch"", ""q_scratch"", ""q_ra"", ""q_scratch""], [""q_uniformity"", ""q_scratch"", ""q_scratch"", ""q_uniformity"", ""q_scratch""], [""q_scratch"", ""q_scratch"", ""q_scratch"", ""q_scratch"", ""q_uniformity""], [""q_scratch"", ""q_scratch"", ""q_scratch"", ""q_scratch"", ""q_uniformity""]]","[[44.983, 44.999, 45.611, 46.006, 46.602], [43.809, 43.908, 44.262, 44.977, 45.41], [42.445, 42.521, 42.892, 43.607, 44.018], [41.542, 41.485, 42.204, 42.725, 43.105], [41.258, 41.278, 41.669, 42.244, 42.871]]","[[46.004, 46.254, 46.851, 47.536, 48.052], [44.952, 45.194, 45.783, 46.482, 47.027], [43.704, 43.927, 44.482, 45.169, 45.727], [42.739, 42.937, 43.445, 44.096, 44.646], [42.364, 42.55, 43.033, 43.664, 44.204]]","[[46.33, 46.757, 47.415, 48.032, 48.396], [45.548, 45.971, 46.634, 47.272, 47.657], [44.343, 44.745, 45.395, 46.047, 46.452], [43.207, 43.573, 44.185, 44.823, 45.233], [42.538, 42.875, 43.449, 44.066, 44.47]]"
finish_rule,5,0,2,success,7.016493320465088,5.964134216308594,5.7991251945495605,7.192465782165527,-0.4999999701976776,7.999825291335583,0.6908990144729614,0,64.35499089496007,70.62573479194046,0.17055530175405526,0.17141255243727416,1.6508079177044928,1.4602209465825267,0.8881256075570614,0.5078868340897928,41.258030022197694,40.24153721351639,1.0164928086813063,10.241537213516388,35.90276311019232,0.008118410924397511,0.0,0.17528381860710304,,,,True,True,70.62573479194046,62.80761976667318,12,12,0,77.993135402125,77.91154132776596,0,0,0,12,0,0:0;0:1;0:2;0:4;1:0;1:2;1:3;1:4;2:4;3:0;3:1;3:2,0:0;0:1;0:2;0:4;1:0;1:2;1:3;1:4;2:4;3:0;3:1;3:2,,,0:0;0:1;0:2;0:4;1:0;1:2;1:3;1:4;2:4;3:0;3:1;3:2,,"{""q_ra"": 0, ""q_scratch"": 6, ""q_thermal"": 0, ""q_uniformity"": 6}","[[62.808, 66.484, 68.526, 71.468, 63.404], [68.353, 73.851, 68.169, 67.349, 69.721], [75.374, 70.546, 72.472, 76.832, 69.84], [66.77, 66.681, 65.956, 75.661, 75.308], [72.867, 73.941, 72.809, 75.501, 74.952]]","[[62.808, 66.484, 68.526, 71.468, 63.404], [68.353, 73.851, 68.169, 67.349, 69.721], [75.374, 70.546, 72.472, 76.832, 69.84], [66.77, 66.681, 65.956, 75.661, 75.308], [72.867, 73.941, 72.809, 75.501, 74.952]]","[[62.808, 66.484, 68.526, 71.468, 63.404], [68.353, 73.851, 68.169, 67.349, 69.721], [75.374, 70.546, 72.472, 76.832, 69.84], [66.77, 66.681, 65.956, 75.661, 75.308], [72.867, 73.941, 72.809, 75.501, 74.952]]","[[78.0, 78.0, 78.0, 78.0, 78.0], [78.0, 78.0, 78.0, 78.0, 78.0], [78.0, 78.0, 78.0, 78.0, 78.0], [78.0, 78.0, 78.0, 77.992, 77.912], [78.0, 78.0, 78.0, 77.992, 77.933]]","[[78.0, 78.0, 78.0, 78.0, 78.0], [78.0, 78.0, 78.0, 78.0, 78.0], [78.0, 78.0, 78.0, 78.0, 78.0], [78.0, 78.0, 78.0, 77.992, 77.912], [78.0, 78.0, 78.0, 77.992, 77.933]]","[[78.0, 78.0, 78.0, 78.0, 78.0], [78.0, 78.0, 78.0, 78.0, 78.0], [78.0, 78.0, 78.0, 78.0, 78.0], [78.0, 78.0, 78.0, 77.992, 77.912], [78.0, 78.0, 78.0, 77.992, 77.933]]","[[0.860633, 0.838801, 0.839241, 0.828636, 0.842416], [0.829162, 0.811193, 0.795179, 0.804311, 0.810487], [0.798781, 0.78242, 0.768325, 0.779956, 0.78265], [0.800717, 0.771181, 0.793614, 0.786557, 0.787159], [0.816821, 0.796595, 0.786061, 0.790196, 0.811501]]","[[0.878159, 0.864757, 0.867317, 0.852091, 0.858469], [0.862249, 0.852678, 0.838045, 0.842906, 0.840488], [0.835998, 0.82839, 0.816767, 0.825112, 0.818741], [0.830123, 0.809084, 0.837297, 0.827108, 0.81873], [0.828368, 0.817199, 0.81118, 0.813455, 0.826712]]","[[0.86635, 0.861713, 0.852604, 0.84586, 0.854655], [0.85461, 0.841986, 0.835191, 0.833165, 0.840488], [0.826999, 0.811682, 0.816649, 0.819762, 0.818741], [0.823632, 0.801035, 0.807408, 0.804885, 0.812778], [0.809513, 0.804372, 0.806063, 0.804483, 0.815406]]","[[""q_scratch"", ""q_scratch"", ""q_scratch"", ""q_uniformity"", ""q_uniformity""], [""q_scratch"", ""q_uniformity"", ""q_uniformity"", ""q_uniformity"", ""q_uniformity""], [""q_uniformity"", ""q_uniformity"", ""q_uniformity"", ""q_uniformity"", ""q_uniformity""], [""q_scratch"", ""q_uniformity"", ""q_scratch"", ""q_uniformity"", ""q_uniformity""], [""q_uniformity"", ""q_uniformity"", ""q_uniformity"", ""q_uniformity"", ""q_uniformity""]]","[[44.054, 44.056, 44.615, 44.942, 45.497], [42.892, 42.955, 43.227, 43.892, 44.311], [41.457, 41.537, 41.828, 42.516, 42.876], [40.575, 40.467, 41.257, 41.659, 41.991], [40.242, 40.256, 40.572, 41.115, 41.743]]","[[46.004, 46.254, 46.851, 47.536, 48.052], [44.952, 45.194, 45.783, 46.482, 47.027], [43.704, 43.927, 44.482, 45.169, 45.727], [42.739, 42.937, 43.445, 44.096, 44.646], [42.364, 42.55, 43.033, 43.664, 44.204]]","[[46.33, 46.757, 47.415, 48.032, 48.396], [45.548, 45.971, 46.634, 47.272, 47.657], [44.343, 44.745, 45.395, 46.047, 46.452], [43.207, 43.573, 44.185, 44.823, 45.233], [42.538, 42.875, 43.449, 44.066, 44.47]]"
finish_rule,7,0,1,continue,5.7779998779296875,5.777801513671875,5.659212589263916,6.9297075271606445,0.0,5.945709068328142,0.0,0,58.68803943007597,68.99958251458658,0.1499052373540658,0.1388938657561189,2.115461447187254,1.7334842580108507,1.918805535884012,1.3630027217491358,40.58332885215803,39.56151333084178,1.021815521316256,9.561513330841777,35.90283727518009,0.008117695350295035,0.014291678363048886,0.18055789656227808,0.23745865401327487,41.87860777517231,6.015458654013274,False,True,68.99958251458658,45.89083191119489,10,10,0,77.99313632642061,77.91155021001671,0,0,0,10,0,1:0;1:3;1:4;2:0;2:2;2:3;2:4;3:1;4:1;4:2,1:0;1:3;1:4;2:0;2:2;2:3;2:4;3:1;4:1;4:2,,,1:0;1:3;1:4;2:0;2:2;2:3;2:4;3:1;4:1;4:2,,"{""q_ra"": 1, ""q_scratch"": 9, ""q_thermal"": 0, ""q_uniformity"": 0}","[[75.284, 76.127, 76.431, 75.889, 75.147], [61.291, 77.203, 76.575, 65.748, 66.547], [45.891, 70.244, 56.73, 60.213, 69.525], [76.409, 53.091, 75.384, 76.601, 71.645], [75.896, 59.982, 54.674, 76.191, 76.272]]","[[75.284, 76.127, 76.431, 75.889, 75.147], [61.291, 77.203, 76.575, 65.748, 66.547], [45.891, 70.244, 56.73, 60.213, 69.525], [76.409, 53.091, 75.384, 76.601, 71.645], [75.896, 59.982, 54.674, 76.191, 76.272]]","[[75.284, 76.127, 76.431, 75.889, 75.147], [61.291, 77.203, 76.575, 65.748, 66.547], [45.891, 70.244, 56.73, 60.213, 69.525], [76.409, 53.091, 75.384, 76.601, 71.645], [75.896, 59.982, 54.674, 76.191, 76.272]]","[[78.0, 78.0, 78.0, 78.0, 78.0], [78.0, 78.0, 78.0, 78.0, 78.0], [78.0, 78.0, 78.0, 78.0, 78.0], [78.0, 78.0, 78.0, 77.992, 77.912], [78.0, 78.0, 78.0, 77.992, 77.933]]","[[78.0, 78.0, 78.0, 78.0, 78.0], [78.0, 78.0, 78.0, 78.0, 78.0], [78.0, 78.0, 78.0, 78.0, 78.0], [78.0, 78.0, 78.0, 77.992, 77.912], [78.0, 78.0, 78.0, 77.992, 77.933]]","[[78.0, 78.0, 78.0, 78.0, 78.0], [78.0, 78.0, 78.0, 78.0, 78.0], [78.0, 78.0, 78.0, 78.0, 78.0], [78.0, 78.0, 78.0, 77.992, 77.912], [78.0, 78.0, 78.0, 77.992, 77.933]]","[[0.914759, 0.879928, 0.862037, 0.872966, 0.890221], [0.890853, 0.854529, 0.858654, 0.859029, 0.884027], [0.8616, 0.825571, 0.840029, 0.855762, 0.883079], [0.863025, 0.820943, 0.831502, 0.84554, 0.881323], [0.883213, 0.843272, 0.840323, 0.847195, 0.87925]]","[[0.930882, 0.911222, 0.898231, 0.902979, 0.905256], [0.919523, 0.897938, 0.906075, 0.896198, 0.902456], [0.897569, 0.877545, 0.895431, 0.897657, 0.900867], [0.897502, 0.875617, 0.891163, 0.890332, 0.899728], [0.90345, 0.8905, 0.897806, 0.89335, 0.900596]]","[[0.915379, 0.898558, 0.898231, 0.900769, 0.904601], [0.89848, 0.89031, 0.888676, 0.892524, 0.902456], [0.874241, 0.875053, 0.885888, 0.889123, 0.896101], [0.876998, 0.875617, 0.881286, 0.88574, 0.898784], [0.87426, 0.874687, 0.879598, 0.891257, 0.900596]]","[[""q_uniformity"", ""q_uniformity"", ""q_uniformity"", ""q_uniformity"", ""q_uniformity""], [""q_scratch"", ""q_uniformity"", ""q_uniformity"", ""q_scratch"", ""q_scratch""], [""q_ra"", ""q_scratch"", ""q_scratch"", ""q_scratch"", ""q_scratch""], [""q_uniformity"", ""q_scratch"", ""q_scratch"", ""q_uniformity"", ""q_scratch""], [""q_uniformity"", ""q_scratch"", ""q_scratch"", ""q_uniformity"", ""q_uniformity""]]","[[42.054, 42.1, 42.685, 43.722, 44.563], [41.372, 41.423, 42.36, 43.298, 44.305], [40.395, 40.519, 41.692, 43.001, 44.153], [39.767, 39.936, 41.219, 42.698, 44.125], [39.562, 39.865, 41.133, 42.676, 44.157]]","[[42.949, 43.279, 44.122, 45.197, 46.087], [42.367, 42.721, 43.641, 44.839, 45.851], [41.582, 41.987, 43.058, 44.483, 45.71], [40.882, 41.348, 42.589, 44.262, 45.699], [40.583, 41.078, 42.4, 44.189, 45.719]]","[[43.177, 43.751, 44.715, 45.719, 46.359], [42.765, 43.368, 44.394, 45.481, 46.182], [42.065, 42.742, 43.919, 45.192, 46.026], [41.317, 42.104, 43.492, 45.017, 46.027], [40.826, 41.699, 43.248, 44.962, 46.101]]"
finish_rule,7,0,2,success,6.015458583831787,5.113239288330078,4.97184944152832,6.340239524841309,-0.4999999701976776,7.999825291335583,0.6908990144729614,0,68.99958251458658,72.0059579286829,0.1388938657561189,0.1521871235262551,1.7334842580108507,1.5526712835062404,1.3630027217491358,0.939910043184593,39.56151333084178,38.722872678044716,0.8386406527970607,8.722872678044716,35.90283727518009,0.008117695350295035,0.0,0.16867780544441968,,,,True,True,72.0059579286829,55.77664671789954,8,8,0,77.99313632642061,77.91155021001671,0,0,0,8,0,1:0;1:3;2:0;2:2;2:3;3:1;4:1;4:2,1:0;1:3;2:0;2:2;2:3;3:1;4:1;4:2,,,1:0;1:3;2:0;2:2;2:3;3:1;4:1;4:2,,"{""q_ra"": 0, ""q_scratch"": 5, ""q_thermal"": 0, ""q_uniformity"": 3}","[[73.583, 75.381, 76.012, 75.526, 74.145], [66.851, 77.003, 76.284, 69.514, 71.277], [55.777, 74.008, 67.508, 67.607, 72.345], [76.113, 62.983, 76.848, 76.238, 74.946], [75.313, 67.155, 66.11, 75.969, 75.652]]","[[73.583, 75.381, 76.012, 75.526, 74.145], [66.851, 77.003, 76.284, 69.514, 71.277], [55.777, 74.008, 67.508, 67.607, 72.345], [76.113, 62.983, 76.848, 76.238, 74.946], [75.313, 67.155, 66.11, 75.969, 75.652]]","[[73.583, 75.381, 76.012, 75.526, 74.145], [66.851, 77.003, 76.284, 69.514, 71.277], [55.777, 74.008, 67.508, 67.607, 72.345], [76.113, 62.983, 76.848, 76.238, 74.946], [75.313, 67.155, 66.11, 75.969, 75.652]]","[[78.0, 78.0, 78.0, 78.0, 78.0], [78.0, 78.0, 78.0, 78.0, 78.0], [78.0, 78.0, 78.0, 78.0, 78.0], [78.0, 78.0, 78.0, 77.992, 77.912], [78.0, 78.0, 78.0, 77.992, 77.933]]","[[78.0, 78.0, 78.0, 78.0, 78.0], [78.0, 78.0, 78.0, 78.0, 78.0], [78.0, 78.0, 78.0, 78.0, 78.0], [78.0, 78.0, 78.0, 77.992, 77.912], [78.0, 78.0, 78.0, 77.992, 77.933]]","[[78.0, 78.0, 78.0, 78.0, 78.0], [78.0, 78.0, 78.0, 78.0, 78.0], [78.0, 78.0, 78.0, 78.0, 78.0], [78.0, 78.0, 78.0, 77.992, 77.912], [78.0, 78.0, 78.0, 77.992, 77.933]]","[[0.860233, 0.822278, 0.802172, 0.816362, 0.834844], [0.833707, 0.791908, 0.800502, 0.801047, 0.828574], [0.789363, 0.757046, 0.779226, 0.797366, 0.825735], [0.790173, 0.749983, 0.766795, 0.78395, 0.823447], [0.805746, 0.769621, 0.771792, 0.784316, 0.821805]]","[[0.875395, 0.851521, 0.835853, 0.844428, 0.848945], [0.860538, 0.832136, 0.844711, 0.835707, 0.845847], [0.822317, 0.804705, 0.830617, 0.836403, 0.842367], [0.821739, 0.799932, 0.821814, 0.82548, 0.840644], [0.824209, 0.812724, 0.824587, 0.827045, 0.841757]]","[[0.856845, 0.836133, 0.835853, 0.842925, 0.848022], [0.833173, 0.824539, 0.824286, 0.832139, 0.845847], [0.800175, 0.801714, 0.820333, 0.826969, 0.837711], [0.801168, 0.799932, 0.812373, 0.821275, 0.839762], [0.79689, 0.798384, 0.80675, 0.825108, 0.841757]]","[[""q_uniformity"", ""q_uniformity"", ""q_uniformity"", ""q_uniformity"", ""q_uniformity""], [""q_scratch"", ""q_uniformity"", ""q_uniformity"", ""q_uniformity"", ""q_scratch""], [""q_scratch"", ""q_scratch"", ""q_uniformity"", ""q_uniformity"", ""q_uniformity""], [""q_uniformity"", ""q_scratch"", ""q_uniformity"", ""q_uniformity"", ""q_uniformity""], [""q_uniformity"", ""q_scratch"", ""q_scratch"", ""q_uniformity"", ""q_uniformity""]]","[[41.335, 41.307, 41.804, 42.833, 43.657], [40.643, 40.586, 41.523, 42.401, 43.408], [39.524, 39.646, 40.846, 42.114, 43.234], [38.942, 39.077, 40.346, 41.773, 43.197], [38.723, 39.004, 40.225, 41.735, 43.232]]","[[42.949, 43.279, 44.122, 45.197, 46.087], [42.367, 42.721, 43.641, 44.839, 45.851], [41.582, 41.987, 43.058, 44.483, 45.71], [40.882, 41.348, 42.589, 44.262, 45.699], [40.583, 41.078, 42.4, 44.189, 45.719]]","[[43.177, 43.751, 44.715, 45.719, 46.359], [42.765, 43.368, 44.394, 45.481, 46.182], [42.065, 42.742, 43.919, 45.192, 46.026], [41.317, 42.104, 43.492, 45.017, 46.027], [40.826, 41.699, 43.248, 44.962, 46.101]]"
finish_rule,8,0,1,continue,5.7779998779296875,5.777801513671875,5.659209728240967,6.9276838302612305,0.0,5.945709068328142,0.0,0,58.625819243637494,69.34284066757039,0.15086253842507918,0.1369376807934779,1.9896241420350942,1.5679262174716473,1.7256661213717215,1.0113665721693588,40.0,38.262066091939595,1.7379339080604055,8.262066091939595,35.902849926154694,0.008117871805722229,0.009387990463280208,0.30709833908216044,0.09170994370733375,20.391077694055046,5.869709943707333,False,True,69.34284066757039,52.04008650251758,12,12,0,77.99313594448658,77.91154891430878,0,0,0,12,0,1:2;1:3;1:4;2:3;3:0;3:1;3:3;3:4;4:0;4:1;4:2;4:3,1:2;1:3;1:4;2:3;3:0;3:1;3:3;3:4;4:0;4:1;4:2;4:3,,,1:2;1:3;1:4;2:3;3:0;3:1;3:3;3:4;4:0;4:1;4:2;4:3,,"{""q_ra"": 1, ""q_scratch"": 11, ""q_thermal"": 0, ""q_uniformity"": 0}","[[75.256, 76.62, 76.223, 76.869, 75.282], [76.317, 76.477, 69.85, 60.302, 65.84], [75.114, 76.482, 71.103, 60.091, 76.566], [67.29, 67.592, 76.438, 64.866, 52.04], [64.944, 55.004, 57.703, 68.733, 70.567]]","[[75.256, 76.62, 76.223, 76.869, 75.282], [76.317, 76.477, 69.85, 60.302, 65.84], [75.114, 76.482, 71.103, 60.091, 76.566], [67.29, 67.592, 76.438, 64.866, 52.04], [64.944, 55.004, 57.703, 68.733, 70.567]]","[[75.256, 76.62, 76.223, 76.869, 75.282], [76.317, 76.477, 69.85, 60.302, 65.84], [75.114, 76.482, 71.103, 60.091, 76.566], [67.29, 67.592, 76.438, 64.866, 52.04], [64.944, 55.004, 57.703, 68.733, 70.567]]","[[78.0, 78.0, 78.0, 78.0, 78.0], [78.0, 78.0, 78.0, 78.0, 78.0], [78.0, 78.0, 78.0, 78.0, 78.0], [78.0, 78.0, 78.0, 77.992, 77.912], [78.0, 78.0, 78.0, 77.992, 77.933]]","[[78.0, 78.0, 78.0, 78.0, 78.0], [78.0, 78.0, 78.0, 78.0, 78.0], [78.0, 78.0, 78.0, 78.0, 78.0], [78.0, 78.0, 78.0, 77.992, 77.912], [78.0, 78.0, 78.0, 77.992, 77.933]]","[[78.0, 78.0, 78.0, 78.0, 78.0], [78.0, 78.0, 78.0, 78.0, 78.0], [78.0, 78.0, 78.0, 78.0, 78.0], [78.0, 78.0, 78.0, 77.992, 77.912], [78.0, 78.0, 78.0, 77.992, 77.933]]","[[0.908738, 0.873543, 0.85284, 0.842636, 0.854773], [0.896371, 0.853272, 0.824552, 0.800667, 0.820505], [0.877269, 0.830501, 0.775216, 0.793935, 0.823372], [0.872871, 0.807113, 0.782541, 0.829192, 0.833445], [0.87591, 0.817692, 0.808053, 0.837465, 0.843937]]","[[0.923086, 0.896626, 0.88273, 0.869275, 0.870207], [0.918634, 0.886483, 0.871895, 0.846264, 0.85404], [0.898139, 0.883157, 0.842956, 0.826495, 0.826207], [0.904415, 0.872458, 0.856893, 0.831111, 0.833445], [0.906331, 0.881222, 0.851798, 0.837465, 0.843937]]","[[0.910792, 0.89652, 0.880232, 0.869275, 0.865284], [0.912243, 0.886483, 0.866743, 0.842651, 0.844378], [0.896695, 0.880579, 0.842956, 0.826495, 0.826207], [0.894166, 0.872458, 0.839904, 0.831111, 0.833445], [0.901736, 0.868614, 0.851798, 0.837465, 0.843937]]","[[""q_uniformity"", ""q_uniformity"", ""q_uniformity"", ""q_uniformity"", ""q_uniformity""], [""q_uniformity"", ""q_uniformity"", ""q_scratch"", ""q_scratch"", ""q_scratch""], [""q_uniformity"", ""q_uniformity"", ""q_scratch"", ""q_scratch"", ""q_uniformity""], [""q_scratch"", ""q_scratch"", ""q_uniformity"", ""q_scratch"", ""q_ra""], [""q_scratch"", ""q_scratch"", ""q_scratch"", ""q_scratch"", ""q_scratch""]]","[[42.093, 41.198, 40.303, 39.611, 39.421], [42.178, 41.023, 39.841, 38.863, 38.691], [42.112, 40.697, 38.944, 38.265, 38.262], [42.002, 40.174, 38.569, 38.311, 38.334], [41.895, 40.074, 38.518, 38.375, 38.439]]","[[43.1, 42.489, 41.672, 41.057, 40.826], [43.256, 42.434, 41.287, 40.473, 40.176], [43.486, 42.113, 40.61, 40.0, 40.0], [43.271, 41.661, 40.0, 40.0, 40.0], [43.125, 41.432, 40.0, 40.0, 40.0]]","[[43.307, 42.819, 42.081, 41.406, 41.022], [43.585, 42.918, 41.935, 41.069, 40.592], [43.806, 42.881, 41.538, 40.41, 40.034], [43.751, 42.606, 40.95, 40.023, 40.0], [43.581, 42.321, 40.541, 40.0, 40.0]]"
finish_rule,8,0,2,success,5.8697099685668945,4.989171028137207,4.851410865783691,6.215792179107666,-0.4999999701976776,7.999825291335583,0.6908990144729614,0,69.34284066757039,72.58072789734594,0.1369376807934779,0.14915445476733952,1.5679262174716473,1.4417923554147103,1.0113665721693588,0.6488414605191561,38.262066091939595,37.32111603390467,0.9409500580349217,7.321116033904673,35.902849926154694,0.008117871805722229,0.0,0.19395390002345672,,,,True,True,72.58072789734594,64.78418141286251,7,7,0,77.99313594448658,77.91154891430878,0,0,0,7,0,1:3;1:4;2:3;3:3;3:4;4:1;4:2,1:3;1:4;2:3;3:3;3:4;4:1;4:2,,,1:3;1:4;2:3;3:3;3:4;4:1;4:2,,"{""q_ra"": 0, ""q_scratch"": 2, ""q_thermal"": 0, ""q_uniformity"": 5}","[[73.612, 75.962, 75.828, 76.639, 74.294], [75.472, 76.18, 75.665, 67.96, 69.617], [74.424, 76.325, 74.595, 66.443, 76.435], [71.676, 72.968, 75.99, 68.868, 64.784], [70.482, 67.317, 68.087, 72.447, 72.449]]","[[73.612, 75.962, 75.828, 76.639, 74.294], [75.472, 76.18, 75.665, 67.96, 69.617], [74.424, 76.325, 74.595, 66.443, 76.435], [71.676, 72.968, 75.99, 68.868, 64.784], [70.482, 67.317, 68.087, 72.447, 72.449]]","[[73.612, 75.962, 75.828, 76.639, 74.294], [75.472, 76.18, 75.665, 67.96, 69.617], [74.424, 76.325, 74.595, 66.443, 76.435], [71.676, 72.968, 75.99, 68.868, 64.784], [70.482, 67.317, 68.087, 72.447, 72.449]]","[[78.0, 78.0, 78.0, 78.0, 78.0], [78.0, 78.0, 78.0, 78.0, 78.0], [78.0, 78.0, 78.0, 78.0, 78.0], [78.0, 78.0, 78.0, 77.992, 77.912], [78.0, 78.0, 78.0, 77.992, 77.933]]","[[78.0, 78.0, 78.0, 78.0, 78.0], [78.0, 78.0, 78.0, 78.0, 78.0], [78.0, 78.0, 78.0, 78.0, 78.0], [78.0, 78.0, 78.0, 77.992, 77.912], [78.0, 78.0, 78.0, 77.992, 77.933]]","[[78.0, 78.0, 78.0, 78.0, 78.0], [78.0, 78.0, 78.0, 78.0, 78.0], [78.0, 78.0, 78.0, 78.0, 78.0], [78.0, 78.0, 78.0, 77.992, 77.912], [78.0, 78.0, 78.0, 77.992, 77.933]]","[[0.85319, 0.8105, 0.78316, 0.767029, 0.773558], [0.840085, 0.787301, 0.752474, 0.719751, 0.732969], [0.816055, 0.765391, 0.69681, 0.704205, 0.7296], [0.812663, 0.740471, 0.705716, 0.738783, 0.741317], [0.81565, 0.747309, 0.722393, 0.743654, 0.753351]]","[[0.866661, 0.831917, 0.810609, 0.791278, 0.787525], [0.860951, 0.817944, 0.795679, 0.76074, 0.762926], [0.835469, 0.813918, 0.757699, 0.733085, 0.732112], [0.842031, 0.80042, 0.772768, 0.740493, 0.741317], [0.843979, 0.80537, 0.7615, 0.743654, 0.753351]]","[[0.855227, 0.831819, 0.808805, 0.791278, 0.784247], [0.85259, 0.817944, 0.791598, 0.760728, 0.755819], [0.834068, 0.810633, 0.757699, 0.733085, 0.732112], [0.832035, 0.80042, 0.753618, 0.740493, 0.741317], [0.83992, 0.794707, 0.7615, 0.743654, 0.753351]]","[[""q_uniformity"", ""q_uniformity"", ""q_uniformity"", ""q_uniformity"", ""q_uniformity""], [""q_uniformity"", ""q_uniformity"", ""q_uniformity"", ""q_uniformity"", ""q_uniformity""], [""q_uniformity"", ""q_uniformity"", ""q_uniformity"", ""q_scratch"", ""q_uniformity""], [""q_uniformity"", ""q_uniformity"", ""q_uniformity"", ""q_scratch"", ""q_uniformity""], [""q_scratch"", ""q_uniformity"", ""q_uniformity"", ""q_uniformity"", ""q_uniformity""]]","[[41.353, 40.39, 39.461, 38.749, 38.526], [41.413, 40.17, 38.981, 37.967, 37.764], [41.267, 39.859, 38.04, 37.331, 37.321], [41.175, 39.334, 37.728, 37.405, 37.413], [41.077, 39.207, 37.615, 37.437, 37.534]]","[[43.1, 42.489, 41.672, 41.057, 40.826], [43.256, 42.434, 41.287, 40.473, 40.176], [43.486, 42.113, 40.61, 40.0, 40.0], [43.271, 41.661, 40.0, 40.0, 40.0], [43.125, 41.432, 40.0, 40.0, 40.0]]","[[43.307, 42.819, 42.081, 41.406, 41.022], [43.585, 42.918, 41.935, 41.069, 40.592], [43.806, 42.881, 41.538, 40.41, 40.034], [43.751, 42.606, 40.95, 40.023, 40.0], [43.581, 42.321, 40.541, 40.0, 40.0]]"
finish_rule,9,0,1,continue,5.7779998779296875,5.777801513671875,5.659209728240967,6.9276838302612305,0.0,5.945709068328142,0.0,0,47.75145140885768,64.79156289198488,0.20163495668885265,0.14751078162965361,2.1005237938528607,1.7803717001066923,1.6800181920553958,1.2725504549488214,41.41919358113651,40.28062275477838,1.1385708263581336,10.280622754778378,35.902849926154694,0.008117871805722229,0.07440624440021598,0.20118901419686944,1.109497623872354,41.15842402148033,6.8874976238723535,False,True,64.79156289198488,43.62245473704239,16,16,0,77.99313594448658,77.91154891430878,0,0,0,16,0,0:1;0:2;0:3;0:4;1:0;1:1;1:2;2:0;2:1;3:1;3:2;4:0;4:1;4:2;4:3;4:4,0:1;0:2;0:3;0:4;1:0;1:1;1:2;2:0;2:1;3:1;3:2;4:0;4:1;4:2;4:3;4:4,,,0:1;0:2;0:3;0:4;1:0;1:1;1:2;2:0;2:1;3:1;3:2;4:0;4:1;4:2;4:3;4:4,,"{""q_ra"": 3, ""q_scratch"": 13, ""q_thermal"": 0, ""q_uniformity"": 0}","[[75.453, 69.964, 66.005, 56.388, 54.687], [65.093, 62.578, 58.622, 77.164, 71.974], [43.622, 53.733, 72.726, 71.327, 70.858], [75.868, 64.501, 64.107, 72.361, 70.478], [56.931, 56.913, 60.102, 61.326, 67.007]]","[[75.453, 69.964, 66.005, 56.388, 54.687], [65.093, 62.578, 58.622, 77.164, 71.974], [43.622, 53.733, 72.726, 71.327, 70.858], [75.868, 64.501, 64.107, 72.361, 70.478], [56.931, 56.913, 60.102, 61.326, 67.007]]","[[75.453, 69.964, 66.005, 56.388, 54.687], [65.093, 62.578, 58.622, 77.164, 71.974], [43.622, 53.733, 72.726, 71.327, 70.858], [75.868, 64.501, 64.107, 72.361, 70.478], [56.931, 56.913, 60.102, 61.326, 67.007]]","[[78.0, 78.0, 78.0, 78.0, 78.0], [78.0, 78.0, 78.0, 78.0, 78.0], [78.0, 78.0, 78.0, 78.0, 78.0], [78.0, 78.0, 78.0, 77.992, 77.912], [78.0, 78.0, 78.0, 77.992, 77.933]]","[[78.0, 78.0, 78.0, 78.0, 78.0], [78.0, 78.0, 78.0, 78.0, 78.0], [78.0, 78.0, 78.0, 78.0, 78.0], [78.0, 78.0, 78.0, 77.992, 77.912], [78.0, 78.0, 78.0, 77.992, 77.933]]","[[78.0, 78.0, 78.0, 78.0, 78.0], [78.0, 78.0, 78.0, 78.0, 78.0], [78.0, 78.0, 78.0, 78.0, 78.0], [78.0, 78.0, 78.0, 77.992, 77.912], [78.0, 78.0, 78.0, 77.992, 77.933]]","[[0.922691, 0.888246, 0.86784, 0.870606, 0.890318], [0.913395, 0.882368, 0.84075, 0.846296, 0.861546], [0.911173, 0.882841, 0.867337, 0.846504, 0.864436], [0.905698, 0.889145, 0.850336, 0.817516, 0.829605], [0.907624, 0.887439, 0.839385, 0.815762, 0.855257]]","[[0.940257, 0.926743, 0.91338, 0.906084, 0.908964], [0.932006, 0.923393, 0.893317, 0.893105, 0.891039], [0.925771, 0.911925, 0.905826, 0.887099, 0.89425], [0.916915, 0.910543, 0.906398, 0.897714, 0.8925], [0.916718, 0.915632, 0.900996, 0.894097, 0.900293]]","[[0.932518, 0.914557, 0.897669, 0.89044, 0.884188], [0.923728, 0.903168, 0.893317, 0.885716, 0.884358], [0.918989, 0.911925, 0.895434, 0.887099, 0.8882], [0.914137, 0.908627, 0.895796, 0.878844, 0.876229], [0.916718, 0.91066, 0.894474, 0.88009, 0.871055]]","[[""q_uniformity"", ""q_scratch"", ""q_scratch"", ""q_ra"", ""q_ra""], [""q_scratch"", ""q_scratch"", ""q_scratch"", ""q_uniformity"", ""q_scratch""], [""q_ra"", ""q_scratch"", ""q_scratch"", ""q_scratch"", ""q_scratch""], [""q_uniformity"", ""q_scratch"", ""q_scratch"", ""q_scratch"", ""q_scratch""], [""q_scratch"", ""q_scratch"", ""q_scratch"", ""q_scratch"", ""q_scratch""]]","[[45.556, 44.255, 42.859, 41.963, 41.74], [45.588, 44.566, 43.062, 42.301, 42.003], [45.848, 45.043, 44.031, 42.703, 42.237], [46.055, 45.409, 43.771, 41.853, 40.946], [46.286, 45.44, 43.351, 41.183, 40.281]]","[[46.544, 45.381, 44.078, 43.203, 42.916], [46.725, 45.774, 44.622, 43.773, 43.471], [47.119, 46.496, 45.49, 44.32, 43.684], [47.51, 46.923, 45.193, 43.203, 42.265], [47.766, 46.862, 44.818, 42.508, 41.419]]","[[46.859, 46.048, 44.817, 43.741, 43.186], [47.066, 46.507, 45.537, 44.535, 43.932], [47.393, 47.04, 46.177, 45.006, 44.156], [47.727, 47.33, 46.195, 44.499, 43.194], [47.944, 47.398, 45.906, 43.709, 42.021]]"
finish_rule,9,0,2,success,6.887497425079346,5.854262351989746,5.692525863647461,7.08039665222168,-0.4999999701976776,7.999825291335583,0.6908990144729614,0,64.79156289198488,70.44277299032272,0.14751078162965361,0.15673004226342446,1.7803717001066923,1.4901678913932264,1.2725504549488214,0.8219349870128394,40.28062275477838,39.20726478138174,1.0733579733966394,9.207264781381738,35.902849926154694,0.008117871805722229,0.0,0.18855566037057758,,,,True,True,70.44277299032272,56.06847392971039,12,12,0,77.99313594448658,77.91154891430878,0,0,0,12,0,0:3;0:4;1:1;1:2;2:0;2:1;3:1;3:2;4:0;4:1;4:2;4:3,0:3;0:4;1:1;1:2;2:0;2:1;3:1;3:2;4:0;4:1;4:2;4:3,,,0:3;0:4;1:1;1:2;2:0;2:1;3:1;3:2;4:0;4:1;4:2;4:3,,"{""q_ra"": 0, ""q_scratch"": 6, ""q_thermal"": 0, ""q_uniformity"": 6}","[[73.577, 70.595, 70.97, 68.811, 65.256], [71.835, 69.055, 67.046, 76.937, 74.201], [56.068, 65.104, 75.279, 74.626, 73.391], [75.503, 68.437, 68.708, 75.36, 73.465], [68.228, 68.28, 69.05, 69.591, 71.695]]","[[73.577, 70.595, 70.97, 68.811, 65.256], [71.835, 69.055, 67.046, 76.937, 74.201], [56.068, 65.104, 75.279, 74.626, 73.391], [75.503, 68.437, 68.708, 75.36, 73.465], [68.228, 68.28, 69.05, 69.591, 71.695]]","[[73.577, 70.595, 70.97, 68.811, 65.256], [71.835, 69.055, 67.046, 76.937, 74.201], [56.068, 65.104, 75.279, 74.626, 73.391], [75.503, 68.437, 68.708, 75.36, 73.465], [68.228, 68.28, 69.05, 69.591, 71.695]]","[[78.0, 78.0, 78.0, 78.0, 78.0], [78.0, 78.0, 78.0, 78.0, 78.0], [78.0, 78.0, 78.0, 78.0, 78.0], [78.0, 78.0, 78.0, 77.992, 77.912], [78.0, 78.0, 78.0, 77.992, 77.933]]","[[78.0, 78.0, 78.0, 78.0, 78.0], [78.0, 78.0, 78.0, 78.0, 78.0], [78.0, 78.0, 78.0, 78.0, 78.0], [78.0, 78.0, 78.0, 77.992, 77.912], [78.0, 78.0, 78.0, 77.992, 77.933]]","[[78.0, 78.0, 78.0, 78.0, 78.0], [78.0, 78.0, 78.0, 78.0, 78.0], [78.0, 78.0, 78.0, 78.0, 78.0], [78.0, 78.0, 78.0, 77.992, 77.912], [78.0, 78.0, 78.0, 77.992, 77.933]]","[[0.870838, 0.830241, 0.800786, 0.794919, 0.811447], [0.85826, 0.82046, 0.773019, 0.775234, 0.783051], [0.856856, 0.823642, 0.801354, 0.775019, 0.787408], [0.848878, 0.830236, 0.787201, 0.743053, 0.750107], [0.8513, 0.827982, 0.769, 0.737372, 0.765963]]","[[0.887417, 0.866223, 0.842808, 0.827312, 0.828441], [0.875747, 0.858607, 0.821352, 0.818112, 0.809856], [0.870584, 0.850777, 0.836915, 0.812186, 0.814566], [0.859391, 0.850217, 0.839101, 0.815946, 0.806975], [0.85983, 0.854286, 0.825445, 0.80818, 0.806297]]","[[0.8798, 0.852334, 0.826565, 0.812693, 0.803096], [0.867832, 0.838775, 0.821352, 0.810247, 0.803922], [0.862644, 0.850777, 0.826415, 0.812186, 0.812539], [0.856676, 0.848428, 0.826889, 0.798221, 0.791471], [0.859631, 0.849464, 0.819634, 0.799179, 0.778735]]","[[""q_uniformity"", ""q_scratch"", ""q_scratch"", ""q_uniformity"", ""q_uniformity""], [""q_uniformity"", ""q_scratch"", ""q_scratch"", ""q_uniformity"", ""q_uniformity""], [""q_scratch"", ""q_scratch"", ""q_uniformity"", ""q_uniformity"", ""q_uniformity""], [""q_uniformity"", ""q_scratch"", ""q_scratch"", ""q_uniformity"", ""q_uniformity""], [""q_uniformity"", ""q_uniformity"", ""q_uniformity"", ""q_uniformity"", ""q_uniformity""]]","[[44.682, 43.324, 41.865, 40.923, 40.7], [44.647, 43.544, 42.01, 41.268, 40.909], [44.904, 44.035, 42.964, 41.63, 41.147], [45.048, 44.388, 42.749, 40.773, 39.897], [45.275, 44.405, 42.232, 40.108, 39.207]]","[[46.544, 45.381, 44.078, 43.203, 42.916], [46.725, 45.774, 44.622, 43.773, 43.471], [47.119, 46.496, 45.49, 44.32, 43.684], [47.51, 46.923, 45.193, 43.203, 42.265], [47.766, 46.862, 44.818, 42.508, 41.419]]","[[46.859, 46.048, 44.817, 43.741, 43.186], [47.066, 46.507, 45.537, 44.535, 43.932], [47.393, 47.04, 46.177, 45.006, 44.156], [47.727, 47.33, 46.195, 44.499, 43.194], [47.944, 47.398, 45.906, 43.709, 42.021]]"
finish_rule,10,0,1,continue,5.7779998779296875,5.777801513671875,5.659209728240967,6.9276838302612305,0.0,5.945709068328142,0.0,0,53.79434868495138,68.84294023695618,0.17076806401797168,0.12874058199193453,2.1458827089358326,1.5414392948725766,1.7914635559848202,1.216325870254911,44.11724931885256,42.79692828291018,1.3203210359423778,12.79692828291018,35.902849926154694,0.008117871805722229,0.016529425186340267,0.23330484278637412,0.2125471334704628,46.278200460658255,5.9905471334704625,False,True,68.84294023695618,47.89360565099085,10,10,0,77.99313594448658,77.91154891430878,0,0,0,10,0,0:0;0:1;0:2;0:3;0:4;1:0;1:1;1:2;2:0;4:4,0:0;0:1;0:2;0:3;0:4;1:0;1:1;1:2;2:0;4:4,,,0:0;0:1;0:2;0:3;0:4;1:0;1:1;1:2;2:0;4:4,,"{""q_ra"": 2, ""q_scratch"": 8, ""q_thermal"": 0, ""q_uniformity"": 0}","[[63.87, 47.894, 49.057, 56.16, 66.423], [68.048, 66.273, 69.849, 70.957, 70.979], [65.803, 76.665, 72.965, 72.109, 72.381], [76.501, 76.764, 72.896, 76.745, 75.762], [76.243, 76.387, 72.933, 76.761, 50.65]]","[[63.87, 47.894, 49.057, 56.16, 66.423], [68.048, 66.273, 69.849, 70.957, 70.979], [65.803, 76.665, 72.965, 72.109, 72.381], [76.501, 76.764, 72.896, 76.745, 75.762], [76.243, 76.387, 72.933, 76.761, 50.65]]","[[63.87, 47.894, 49.057, 56.16, 66.423], [68.048, 66.273, 69.849, 70.957, 70.979], [65.803, 76.665, 72.965, 72.109, 72.381], [76.501, 76.764, 72.896, 76.745, 75.762], [76.243, 76.387, 72.933, 76.761, 50.65]]","[[78.0, 78.0, 78.0, 78.0, 78.0], [78.0, 78.0, 78.0, 78.0, 78.0], [78.0, 78.0, 78.0, 78.0, 78.0], [78.0, 78.0, 78.0, 77.992, 77.912], [78.0, 78.0, 78.0, 77.992, 77.933]]","[[78.0, 78.0, 78.0, 78.0, 78.0], [78.0, 78.0, 78.0, 78.0, 78.0], [78.0, 78.0, 78.0, 78.0, 78.0], [78.0, 78.0, 78.0, 77.992, 77.912], [78.0, 78.0, 78.0, 77.992, 77.933]]","[[78.0, 78.0, 78.0, 78.0, 78.0], [78.0, 78.0, 78.0, 78.0, 78.0], [78.0, 78.0, 78.0, 78.0, 78.0], [78.0, 78.0, 78.0, 77.992, 77.912], [78.0, 78.0, 78.0, 77.992, 77.933]]","[[0.927521, 0.909519, 0.896977, 0.893748, 0.894535], [0.885597, 0.870223, 0.867192, 0.858219, 0.862739], [0.891365, 0.866271, 0.867966, 0.850722, 0.858229], [0.904908, 0.893008, 0.887066, 0.875483, 0.880787], [0.92506, 0.913982, 0.908986, 0.905291, 0.901892]]","[[0.939567, 0.924604, 0.912861, 0.908529, 0.906475], [0.915472, 0.903481, 0.902896, 0.894061, 0.896979], [0.924099, 0.901705, 0.907279, 0.891418, 0.898895], [0.928774, 0.919426, 0.915898, 0.906787, 0.913143], [0.936165, 0.928475, 0.924524, 0.920044, 0.916016]]","[[0.923498, 0.906143, 0.903695, 0.890453, 0.891385], [0.908533, 0.900058, 0.89538, 0.891688, 0.889681], [0.922543, 0.901705, 0.901436, 0.889293, 0.894562], [0.928057, 0.916424, 0.910196, 0.905577, 0.907059], [0.931982, 0.923175, 0.920653, 0.917038, 0.915691]]","[[""q_scratch"", ""q_ra"", ""q_ra"", ""q_scratch"", ""q_scratch""], [""q_scratch"", ""q_scratch"", ""q_scratch"", ""q_scratch"", ""q_scratch""], [""q_scratch"", ""q_uniformity"", ""q_scratch"", ""q_scratch"", ""q_scratch""], [""q_uniformity"", ""q_uniformity"", ""q_scratch"", ""q_uniformity"", ""q_uniformity""], [""q_uniformity"", ""q_uniformity"", ""q_scratch"", ""q_uniformity"", ""q_scratch""]]","[[43.851, 43.461, 43.099, 42.887, 42.797], [43.932, 43.604, 43.427, 43.161, 43.148], [45.105, 44.661, 44.648, 44.299, 44.377], [46.346, 46.202, 46.174, 45.996, 46.089], [47.306, 47.24, 47.319, 47.355, 47.32]]","[[44.742, 44.559, 44.35, 44.184, 44.117], [45.218, 45.058, 44.871, 44.72, 44.658], [46.345, 46.259, 46.145, 46.041, 45.994], [47.6, 47.622, 47.659, 47.64, 47.619], [48.486, 48.568, 48.733, 48.863, 48.908]]","[[44.934, 44.801, 44.604, 44.419, 44.306], [45.731, 45.633, 45.483, 45.335, 45.24], [46.946, 46.924, 46.877, 46.808, 46.752], [48.064, 48.143, 48.233, 48.271, 48.267], [48.708, 48.862, 49.054, 49.17, 49.205]]"
finish_rule,10,0,2,success,5.990547180175781,5.091841220855713,4.951268196105957,6.318202972412109,-0.4999999701976776,7.999825291335583,0.6908990144729614,0,68.84294023695618,72.49780317986071,0.12874058199193453,0.12961866583410134,1.5414392948725766,1.3445615015431582,1.216325870254911,0.6716933763204471,42.79692828291018,41.85748922678531,0.9394390561248684,11.857489226785312,35.902849926154694,0.008117871805722229,0.0,0.1897370570359555,,,,True,True,72.49780317986071,59.20437783096725,5,5,0,77.99313594448658,77.91154891430878,0,0,0,5,0,0:0;0:1;0:2;0:3;4:4,0:0;0:1;0:2;0:3;4:4,,,0:0;0:1;0:2;0:3;4:4,,"{""q_ra"": 0, ""q_scratch"": 3, ""q_thermal"": 0, ""q_uniformity"": 2}","[[66.452, 59.204, 63.022, 65.884, 71.113], [72.609, 70.867, 72.691, 74.529, 74.175], [70.996, 76.484, 75.781, 74.595, 75.222], [76.443, 76.668, 75.254, 76.482, 75.611], [75.973, 76.398, 75.243, 76.502, 64.245]]","[[66.452, 59.204, 63.022, 65.884, 71.113], [72.609, 70.867, 72.691, 74.529, 74.175], [70.996, 76.484, 75.781, 74.595, 75.222], [76.443, 76.668, 75.254, 76.482, 75.611], [75.973, 76.398, 75.243, 76.502, 64.245]]","[[66.452, 59.204, 63.022, 65.884, 71.113], [72.609, 70.867, 72.691, 74.529, 74.175], [70.996, 76.484, 75.781, 74.595, 75.222], [76.443, 76.668, 75.254, 76.482, 75.611], [75.973, 76.398, 75.243, 76.502, 64.245]]","[[78.0, 78.0, 78.0, 78.0, 78.0], [78.0, 78.0, 78.0, 78.0, 78.0], [78.0, 78.0, 78.0, 78.0, 78.0], [78.0, 78.0, 78.0, 77.992, 77.912], [78.0, 78.0, 78.0, 77.992, 77.933]]","[[78.0, 78.0, 78.0, 78.0, 78.0], [78.0, 78.0, 78.0, 78.0, 78.0], [78.0, 78.0, 78.0, 78.0, 78.0], [78.0, 78.0, 78.0, 77.992, 77.912], [78.0, 78.0, 78.0, 77.992, 77.933]]","[[78.0, 78.0, 78.0, 78.0, 78.0], [78.0, 78.0, 78.0, 78.0, 78.0], [78.0, 78.0, 78.0, 78.0, 78.0], [78.0, 78.0, 78.0, 77.992, 77.912], [78.0, 78.0, 78.0, 77.992, 77.933]]","[[0.880636, 0.852754, 0.836703, 0.829595, 0.828866], [0.832689, 0.815216, 0.811501, 0.798687, 0.802512], [0.843714, 0.814518, 0.81588, 0.794071, 0.80251], [0.858495, 0.847099, 0.839138, 0.824795, 0.830436], [0.878771, 0.869287, 0.863939, 0.857426, 0.852268]]","[[0.892073, 0.866898, 0.85152, 0.843315, 0.839929], [0.860779, 0.846372, 0.844911, 0.832042, 0.834362], [0.874698, 0.847835, 0.852833, 0.832057, 0.840536], [0.881137, 0.872159, 0.866413, 0.854286, 0.860943], [0.889321, 0.883072, 0.878707, 0.8714, 0.865615]]","[[0.873501, 0.849391, 0.842362, 0.826274, 0.827302], [0.853578, 0.845478, 0.836676, 0.830832, 0.827651], [0.872956, 0.847835, 0.847342, 0.829817, 0.83616], [0.880457, 0.870103, 0.860116, 0.853741, 0.855371], [0.885251, 0.877768, 0.873883, 0.867749, 0.865001]]","[[""q_scratch"", ""q_scratch"", ""q_scratch"", ""q_uniformity"", ""q_uniformity""], [""q_uniformity"", ""q_uniformity"", ""q_uniformity"", ""q_uniformity"", ""q_uniformity""], [""q_uniformity"", ""q_uniformity"", ""q_uniformity"", ""q_uniformity"", ""q_uniformity""], [""q_uniformity"", ""q_uniformity"", ""q_uniformity"", ""q_uniformity"", ""q_uniformity""], [""q_uniformity"", ""q_uniformity"", ""q_uniformity"", ""q_uniformity"", ""q_uniformity""]]","[[43.151, 42.621, 42.219, 41.962, 41.857], [43.099, 42.744, 42.565, 42.248, 42.23], [44.297, 43.785, 43.769, 43.347, 43.444], [45.508, 45.369, 45.3, 45.07, 45.169], [46.44, 46.397, 46.461, 46.437, 46.367]]","[[44.742, 44.559, 44.35, 44.184, 44.117], [45.218, 45.058, 44.871, 44.72, 44.658], [46.345, 46.259, 46.145, 46.041, 45.994], [47.6, 47.622, 47.659, 47.64, 47.619], [48.486, 48.568, 48.733, 48.863, 48.908]]","[[44.934, 44.801, 44.604, 44.419, 44.306], [45.731, 45.633, 45.483, 45.335, 45.24], [46.946, 46.924, 46.877, 46.808, 46.752], [48.064, 48.143, 48.233, 48.271, 48.267], [48.708, 48.862, 49.054, 49.17, 49.205]]"
finish_rule,11,0,1,continue,5.7779998779296875,5.777801513671875,5.659209728240967,6.9276838302612305,0.0,5.945709068328142,0.0,0,46.44026689024243,63.658921574470114,0.24435969495115767,0.17594175933575362,2.102799813245601,1.8334079854209326,1.5659115524633131,0.9240680198572309,43.5855567413935,42.53785023014939,1.0477065112441153,12.537850230149388,35.902849926154694,0.008117871805722229,0.09058683465042695,0.1851330064718719,1.467920329984868,56.9204294305589,7.245920329984868,False,True,63.658921574470114,52.537299255790415,20,20,0,77.99313594448658,77.91154891430878,0,0,0,20,0,0:2;0:3;1:0;1:1;1:2;1:3;1:4;2:0;2:1;2:2;2:3;2:4;3:0;3:1;3:2;3:3;4:0;4:1;4:2;4:3,0:2;0:3;1:0;1:1;1:2;1:3;1:4;2:0;2:1;2:2;2:3;2:4;3:0;3:1;3:2;3:3;4:0;4:1;4:2;4:3,,,0:2;0:3;1:0;1:1;1:2;1:3;1:4;2:0;2:1;2:2;2:3;2:4;3:0;3:1;3:2;3:3;4:0;4:1;4:2;4:3,,"{""q_ra"": 5, ""q_scratch"": 15, ""q_thermal"": 0, ""q_uniformity"": 0}","[[75.401, 75.847, 66.066, 62.508, 75.607], [65.427, 69.923, 56.789, 54.856, 63.825], [61.906, 66.758, 56.337, 65.61, 66.082], [53.087, 67.802, 52.537, 59.354, 75.464], [55.567, 56.936, 53.639, 58.555, 75.588]]","[[75.401, 75.847, 66.066, 62.508, 75.607], [65.427, 69.923, 56.789, 54.856, 63.825], [61.906, 66.758, 56.337, 65.61, 66.082], [53.087, 67.802, 52.537, 59.354, 75.464], [55.567, 56.936, 53.639, 58.555, 75.588]]","[[75.401, 75.847, 66.066, 62.508, 75.607], [65.427, 69.923, 56.789, 54.856, 63.825], [61.906, 66.758, 56.337, 65.61, 66.082], [53.087, 67.802, 52.537, 59.354, 75.464], [55.567, 56.936, 53.639, 58.555, 75.588]]","[[78.0, 78.0, 78.0, 78.0, 78.0], [78.0, 78.0, 78.0, 78.0, 78.0], [78.0, 78.0, 78.0, 78.0, 78.0], [78.0, 78.0, 78.0, 77.992, 77.912], [78.0, 78.0, 78.0, 77.992, 77.933]]","[[78.0, 78.0, 78.0, 78.0, 78.0], [78.0, 78.0, 78.0, 78.0, 78.0], [78.0, 78.0, 78.0, 78.0, 78.0], [78.0, 78.0, 78.0, 77.992, 77.912], [78.0, 78.0, 78.0, 77.992, 77.933]]","[[78.0, 78.0, 78.0, 78.0, 78.0], [78.0, 78.0, 78.0, 78.0, 78.0], [78.0, 78.0, 78.0, 78.0, 78.0], [78.0, 78.0, 78.0, 77.992, 77.912], [78.0, 78.0, 78.0, 77.992, 77.933]]","[[0.940794, 0.895507, 0.856531, 0.845545, 0.894778], [0.921838, 0.882231, 0.861396, 0.837243, 0.863705], [0.898219, 0.884674, 0.895217, 0.847506, 0.864979], [0.892983, 0.888338, 0.899579, 0.872971, 0.86615], [0.919645, 0.900473, 0.902307, 0.894645, 0.893742]]","[[0.940794, 0.928085, 0.912489, 0.906148, 0.922881], [0.937363, 0.922283, 0.90967, 0.899527, 0.907089], [0.933576, 0.91534, 0.929111, 0.901151, 0.915451], [0.924206, 0.913285, 0.911466, 0.905997, 0.90694], [0.933773, 0.920263, 0.920041, 0.913804, 0.91532]]","[[0.940794, 0.928085, 0.911369, 0.895359, 0.894812], [0.93601, 0.917262, 0.907325, 0.885243, 0.89052], [0.92791, 0.907234, 0.90693, 0.896633, 0.898563], [0.91676, 0.904908, 0.903274, 0.899333, 0.901081], [0.90549, 0.904202, 0.913336, 0.912757, 0.91532]]","[[""q_uniformity"", ""q_uniformity"", ""q_scratch"", ""q_scratch"", ""q_uniformity""], [""q_scratch"", ""q_scratch"", ""q_scratch"", ""q_scratch"", ""q_scratch""], [""q_scratch"", ""q_scratch"", ""q_ra"", ""q_scratch"", ""q_scratch""], [""q_ra"", ""q_scratch"", ""q_ra"", ""q_scratch"", ""q_uniformity""], [""q_ra"", ""q_ra"", ""q_scratch"", ""q_scratch"", ""q_uniformity""]]","[[48.816, 47.727, 45.418, 43.232, 42.538], [48.417, 47.18, 45.407, 43.387, 42.675], [47.174, 46.503, 45.901, 44.16, 43.819], [45.832, 45.762, 45.938, 45.398, 45.214], [45.434, 45.438, 45.998, 46.394, 46.71]]","[[50.0, 49.1, 46.897, 44.602, 43.586], [49.648, 48.628, 46.936, 44.882, 43.974], [48.396, 48.029, 47.114, 45.713, 45.096], [47.13, 47.259, 47.486, 46.996, 46.776], [46.528, 46.775, 47.388, 47.94, 48.256]]","[[50.0, 49.795, 48.001, 45.649, 44.012], [49.979, 49.474, 47.886, 45.989, 44.676], [49.12, 48.654, 47.762, 46.707, 45.976], [47.729, 47.743, 47.717, 47.639, 47.566], [46.782, 47.144, 47.73, 48.324, 48.697]]"
finish_rule,11,0,2,success,7.245920181274414,6.1588897705078125,5.988727569580078,7.385740280151367,-0.4999999701976776,7.999825291335583,0.6908990144729614,0,63.658921574470114,70.33254486172626,0.17594175933575362,0.18292826098788842,1.8334079854209326,1.6911317796950387,0.9240680198572309,0.468321840378485,42.53785023014939,41.492424254949114,1.0454259752002741,11.492424254949114,35.902849926154694,0.008117871805722229,0.0,0.17456562567824038,,,,True,True,70.33254486172626,66.23695448496454,11,11,0,77.99313594448658,77.91154891430878,0,0,0,11,0,1:2;1:3;2:0;2:2;3:0;3:2;3:3;4:0;4:1;4:2;4:3,1:2;1:3;2:0;2:2;3:0;3:2;3:3;4:0;4:1;4:2;4:3,,,1:2;1:3;2:0;2:2;3:0;3:2;3:3;4:0;4:1;4:2;4:3,,"{""q_ra"": 0, ""q_scratch"": 0, ""q_thermal"": 0, ""q_uniformity"": 11}","[[73.363, 74.819, 70.259, 70.54, 74.446], [70.082, 73.705, 67.479, 66.478, 70.365], [70.0, 71.502, 68.022, 71.314, 70.641], [67.466, 71.976, 66.237, 68.686, 74.822], [68.862, 67.361, 66.46, 68.932, 74.497]]","[[73.363, 74.819, 70.259, 70.54, 74.446], [70.082, 73.705, 67.479, 66.478, 70.365], [70.0, 71.502, 68.022, 71.314, 70.641], [67.466, 71.976, 66.237, 68.686, 74.822], [68.862, 67.361, 66.46, 68.932, 74.497]]","[[73.363, 74.819, 70.259, 70.54, 74.446], [70.082, 73.705, 67.479, 66.478, 70.365], [70.0, 71.502, 68.022, 71.314, 70.641], [67.466, 71.976, 66.237, 68.686, 74.822], [68.862, 67.361, 66.46, 68.932, 74.497]]","[[78.0, 78.0, 78.0, 78.0, 78.0], [78.0, 78.0, 78.0, 78.0, 78.0], [78.0, 78.0, 78.0, 78.0, 78.0], [78.0, 78.0, 78.0, 77.992, 77.912], [78.0, 78.0, 78.0, 77.992, 77.933]]","[[78.0, 78.0, 78.0, 78.0, 78.0], [78.0, 78.0, 78.0, 78.0, 78.0], [78.0, 78.0, 78.0, 78.0, 78.0], [78.0, 78.0, 78.0, 77.992, 77.912], [78.0, 78.0, 78.0, 77.992, 77.933]]","[[78.0, 78.0, 78.0, 78.0, 78.0], [78.0, 78.0, 78.0, 78.0, 78.0], [78.0, 78.0, 78.0, 78.0, 78.0], [78.0, 78.0, 78.0, 77.992, 77.912], [78.0, 78.0, 78.0, 77.992, 77.933]]","[[0.893449, 0.842884, 0.795223, 0.773116, 0.82017], [0.872324, 0.826549, 0.799325, 0.767923, 0.788521], [0.847867, 0.824525, 0.829612, 0.780032, 0.79459], [0.833064, 0.826957, 0.835018, 0.80752, 0.797944], [0.854383, 0.833989, 0.836573, 0.832232, 0.831889]]","[[0.893449, 0.873548, 0.847176, 0.828527, 0.84593], [0.887016, 0.864073, 0.84412, 0.82505, 0.828127], [0.881241, 0.853106, 0.861022, 0.829406, 0.840954], [0.862192, 0.85018, 0.846051, 0.83807, 0.835521], [0.867508, 0.852318, 0.853015, 0.850055, 0.851974]]","[[0.893449, 0.873548, 0.846136, 0.818608, 0.817292], [0.886204, 0.859131, 0.841909, 0.807347, 0.813785], [0.872864, 0.845363, 0.840466, 0.824271, 0.826233], [0.858098, 0.842236, 0.835756, 0.830361, 0.830306], [0.839388, 0.837821, 0.849456, 0.84859, 0.851974]]","[[""q_uniformity"", ""q_uniformity"", ""q_uniformity"", ""q_uniformity"", ""q_uniformity""], [""q_uniformity"", ""q_uniformity"", ""q_uniformity"", ""q_uniformity"", ""q_uniformity""], [""q_uniformity"", ""q_uniformity"", ""q_uniformity"", ""q_scratch"", ""q_uniformity""], [""q_uniformity"", ""q_uniformity"", ""q_uniformity"", ""q_uniformity"", ""q_uniformity""], [""q_uniformity"", ""q_uniformity"", ""q_uniformity"", ""q_uniformity"", ""q_uniformity""]]","[[47.869, 46.685, 44.315, 42.098, 41.492], [47.428, 46.096, 44.296, 42.278, 41.572], [46.211, 45.381, 44.736, 43.032, 42.695], [44.769, 44.673, 44.794, 44.244, 44.016], [44.338, 44.298, 44.833, 45.25, 45.554]]","[[50.0, 49.1, 46.897, 44.602, 43.586], [49.648, 48.628, 46.936, 44.882, 43.974], [48.396, 48.029, 47.114, 45.713, 45.096], [47.13, 47.259, 47.486, 46.996, 46.776], [46.528, 46.775, 47.388, 47.94, 48.256]]","[[50.0, 49.795, 48.001, 45.649, 44.012], [49.979, 49.474, 47.886, 45.989, 44.676], [49.12, 48.654, 47.762, 46.707, 45.976], [47.729, 47.743, 47.717, 47.639, 47.566], [46.782, 47.144, 47.73, 48.324, 48.697]]"
finish_rule,12,0,1,continue,5.7779998779296875,5.777801513671875,5.659221649169922,6.9279022216796875,0.0,5.945709068328142,0.0,0,43.455077512049364,62.4888203799859,0.23168245652838954,0.18001642581450059,2.1942695266935357,1.8233206261779598,1.84262466577644,1.2112364466044234,41.86008418664599,41.252541544109874,0.6075426425361172,11.252541544109874,35.90277229768009,0.008119350859054776,0.10730256600020138,0.1073544526437182,2.9985500374999154,86.18684475823912,8.776550037499915,False,True,62.4888203799859,46.129242811424625,22,22,0,77.99313409616293,77.91152558784626,0,0,0,22,0,0:0;0:1;0:2;0:3;0:4;1:0;1:1;1:2;1:3;1:4;2:2;2:3;2:4;3:0;3:1;3:2;3:3;3:4;4:0;4:1;4:2;4:4,0:0;0:1;0:2;0:3;0:4;1:0;1:1;1:2;1:3;1:4;2:2;2:3;2:4;3:0;3:1;3:2;3:3;3:4;4:0;4:1;4:2;4:4,,,0:0;0:1;0:2;0:3;0:4;1:0;1:1;1:2;1:3;1:4;2:2;2:3;2:4;3:0;3:1;3:2;3:3;3:4;4:0;4:1;4:2;4:4,,"{""q_ra"": 3, ""q_scratch"": 19, ""q_thermal"": 0, ""q_uniformity"": 0}","[[50.01, 57.794, 62.598, 67.196, 66.599], [64.42, 58.627, 65.572, 59.05, 66.526], [75.815, 70.061, 57.702, 67.878, 69.588], [55.667, 67.115, 67.138, 59.095, 63.465], [54.43, 46.129, 53.35, 76.839, 59.558]]","[[50.01, 57.794, 62.598, 67.196, 66.599], [64.42, 58.627, 65.572, 59.05, 66.526], [75.815, 70.061, 57.702, 67.878, 69.588], [55.667, 67.115, 67.138, 59.095, 63.465], [54.43, 46.129, 53.35, 76.839, 59.558]]","[[50.01, 57.794, 62.598, 67.196, 66.599], [64.42, 58.627, 65.572, 59.05, 66.526], [75.815, 70.061, 57.702, 67.878, 69.588], [55.667, 67.115, 67.138, 59.095, 63.465], [54.43, 46.129, 53.35, 76.839, 59.558]]","[[78.0, 78.0, 78.0, 78.0, 78.0], [78.0, 78.0, 78.0, 78.0, 78.0], [78.0, 78.0, 78.0, 78.0, 78.0], [78.0, 78.0, 78.0, 77.992, 77.912], [78.0, 78.0, 78.0, 77.992, 77.933]]","[[78.0, 78.0, 78.0, 78.0, 78.0], [78.0, 78.0, 78.0, 78.0, 78.0], [78.0, 78.0, 78.0, 78.0, 78.0], [78.0, 78.0, 78.0, 77.992, 77.912], [78.0, 78.0, 78.0, 77.992, 77.933]]","[[78.0, 78.0, 78.0, 78.0, 78.0], [78.0, 78.0, 78.0, 78.0, 78.0], [78.0, 78.0, 78.0, 78.0, 78.0], [78.0, 78.0, 78.0, 77.992, 77.912], [78.0, 78.0, 78.0, 77.992, 77.933]]","[[0.912345, 0.862677, 0.865404, 0.875374, 0.9006], [0.87108, 0.845036, 0.838361, 0.86564, 0.88324], [0.881185, 0.848488, 0.860628, 0.880076, 0.892263], [0.905585, 0.874683, 0.879033, 0.893986, 0.90324], [0.914324, 0.884428, 0.891055, 0.89843, 0.906784]]","[[0.948774, 0.923366, 0.924826, 0.916609, 0.919628], [0.934136, 0.924041, 0.907961, 0.913937, 0.908583], [0.92295, 0.904257, 0.911789, 0.914778, 0.910514], [0.919081, 0.903603, 0.90771, 0.911616, 0.910413], [0.930004, 0.91759, 0.919655, 0.912861, 0.911056]]","[[0.918277, 0.900901, 0.903574, 0.903465, 0.907491], [0.901898, 0.901678, 0.903325, 0.900066, 0.908583], [0.904493, 0.899054, 0.906064, 0.901926, 0.90914], [0.903297, 0.902669, 0.90771, 0.908226, 0.909384], [0.917086, 0.910843, 0.910046, 0.910386, 0.90984]]","[[""q_ra"", ""q_scratch"", ""q_scratch"", ""q_scratch"", ""q_scratch""], [""q_scratch"", ""q_scratch"", ""q_scratch"", ""q_scratch"", ""q_scratch""], [""q_uniformity"", ""q_scratch"", ""q_scratch"", ""q_scratch"", ""q_scratch""], [""q_scratch"", ""q_scratch"", ""q_scratch"", ""q_scratch"", ""q_scratch""], [""q_scratch"", ""q_ra"", ""q_ra"", ""q_uniformity"", ""q_scratch""]]","[[41.253, 41.533, 42.911, 44.291, 45.426], [41.9, 42.308, 43.306, 44.715, 45.556], [43.265, 43.449, 44.572, 45.637, 46.211], [44.04, 44.281, 45.284, 46.204, 46.645], [43.997, 44.34, 45.47, 46.293, 46.715]]","[[41.86, 42.49, 43.96, 45.591, 46.774], [42.739, 43.319, 44.655, 46.101, 47.121], [44.372, 44.873, 45.982, 47.094, 47.804], [45.276, 45.805, 46.838, 47.775, 48.283], [45.051, 45.628, 46.822, 47.848, 48.346]]","[[42.334, 43.368, 44.919, 46.325, 47.128], [43.662, 44.565, 45.872, 46.999, 47.613], [45.054, 45.851, 46.932, 47.768, 48.169], [45.504, 46.328, 47.388, 48.125, 48.428], [45.309, 46.214, 47.362, 48.135, 48.433]]"
finish_rule,12,0,2,fail_quality_regression,8.77655029296875,7.46035099029541,7.253561496734619,8.685235977172852,-0.4999999701976776,7.999825291335583,0.6908990144729614,0,62.4888203799859,69.65258735688278,0.18001642581450059,0.1892102550446644,1.8233206261779598,1.4650952217384545,1.2112364466044234,0.7042208599008184,41.252541544109874,40.41289540068788,0.8396461434219944,10.41289540068788,37.15735394157669,0.027717903656559482,0.004963037758817482,0.1157563968817226,,,,False,True,69.65258735688278,59.719346088645196,14,14,0,77.94444776973587,77.42698981128416,0,0,0,14,0,0:0;0:1;0:4;1:0;1:1;1:3;2:2;3:0;3:3;3:4;4:0;4:1;4:2;4:4,0:0;0:1;0:4;1:0;1:1;1:3;2:2;3:0;3:3;3:4;4:0;4:1;4:2;4:4,,,0:0;0:1;0:4;1:0;1:1;1:3;2:2;3:0;3:3;3:4;4:0;4:1;4:2;4:4,,"{""q_ra"": 1, ""q_scratch"": 4, ""q_thermal"": 0, ""q_uniformity"": 9}","[[59.719, 68.147, 70.426, 72.543, 69.948], [69.475, 68.941, 70.916, 69.28, 71.277], [74.955, 73.726, 69.032, 72.472, 72.94], [66.578, 71.566, 72.031, 68.766, 69.231], [66.451, 60.766, 67.143, 76.531, 68.454]]","[[59.719, 68.147, 70.426, 72.543, 69.948], [69.475, 68.941, 70.916, 69.28, 71.277], [74.955, 73.726, 69.032, 72.472, 72.94], [66.578, 71.566, 72.031, 68.766, 69.231], [66.451, 60.766, 67.143, 76.531, 68.454]]","[[59.719, 68.147, 70.426, 72.543, 69.948], [69.475, 68.941, 70.916, 69.28, 71.277], [74.955, 73.726, 69.032, 72.472, 72.94], [66.578, 71.566, 72.031, 68.766, 69.231], [66.451, 60.766, 67.143, 76.531, 68.454]]","[[78.0, 78.0, 78.0, 78.0, 77.999], [78.0, 78.0, 78.0, 78.0, 77.99], [78.0, 78.0, 78.0, 77.995, 77.953], [77.929, 77.987, 78.0, 77.808, 77.427], [77.936, 77.99, 78.0, 77.893, 77.703]]","[[78.0, 78.0, 78.0, 78.0, 77.999], [78.0, 78.0, 78.0, 78.0, 77.99], [78.0, 78.0, 78.0, 77.995, 77.953], [77.929, 77.987, 78.0, 77.808, 77.427], [77.936, 77.99, 78.0, 77.893, 77.703]]","[[78.0, 78.0, 78.0, 78.0, 77.999], [78.0, 78.0, 78.0, 78.0, 77.99], [78.0, 78.0, 78.0, 77.995, 77.953], [77.929, 77.987, 78.0, 77.808, 77.427], [77.936, 77.99, 78.0, 77.893, 77.703]]","[[0.844267, 0.790053, 0.785898, 0.792869, 0.818712], [0.797392, 0.768103, 0.760132, 0.787003, 0.803979], [0.801409, 0.770064, 0.784259, 0.805563, 0.814868], [0.825019, 0.796386, 0.803393, 0.818163, 0.825824], [0.833301, 0.804646, 0.815992, 0.820798, 0.827553]]","[[0.877978, 0.845633, 0.839861, 0.830217, 0.83601], [0.855115, 0.839915, 0.823238, 0.830912, 0.827048], [0.839393, 0.820679, 0.830881, 0.837327, 0.831536], [0.837314, 0.822718, 0.829603, 0.834298, 0.832383], [0.847592, 0.834816, 0.842182, 0.833981, 0.831452]]","[[0.83442, 0.812253, 0.816492, 0.817921, 0.824923], [0.816115, 0.813885, 0.821165, 0.817137, 0.827048], [0.820917, 0.816137, 0.825665, 0.819917, 0.829794], [0.822006, 0.822, 0.829603, 0.830004, 0.831052], [0.835553, 0.831159, 0.831059, 0.831692, 0.830343]]","[[""q_ra"", ""q_uniformity"", ""q_uniformity"", ""q_uniformity"", ""q_scratch""], [""q_uniformity"", ""q_uniformity"", ""q_uniformity"", ""q_uniformity"", ""q_uniformity""], [""q_uniformity"", ""q_uniformity"", ""q_uniformity"", ""q_uniformity"", ""q_uniformity""], [""q_scratch"", ""q_uniformity"", ""q_uniformity"", ""q_uniformity"", ""q_uniformity""], [""q_scratch"", ""q_scratch"", ""q_uniformity"", ""q_uniformity"", ""q_uniformity""]]","[[40.413, 40.562, 41.725, 42.944, 44.023], [40.894, 41.187, 42.065, 43.379, 44.16], [42.064, 42.206, 43.279, 44.313, 44.805], [42.791, 43.003, 43.969, 44.83, 45.218], [42.757, 43.046, 44.167, 44.885, 45.254]]","[[41.86, 42.49, 43.96, 45.591, 46.774], [42.739, 43.319, 44.655, 46.101, 47.121], [44.372, 44.873, 45.982, 47.094, 47.804], [45.276, 45.805, 46.838, 47.775, 48.283], [45.051, 45.628, 46.822, 47.848, 48.346]]","[[42.334, 43.368, 44.919, 46.325, 47.128], [43.662, 44.565, 45.872, 46.999, 47.613], [45.054, 45.851, 46.932, 47.768, 48.169], [45.504, 46.328, 47.388, 48.125, 48.428], [45.309, 46.214, 47.362, 48.135, 48.433]]"
finish_rule,13,0,1,continue,5.7779998779296875,5.777801513671875,5.659211158752441,6.929375648498535,0.0,5.945709068328142,0.0,0,59.78844122421835,69.96046256133518,0.14504780904855827,0.13822879245298383,2.1074383219752297,1.7631732427736886,1.6882125215199872,1.1739964533929546,40.0,38.54612712175811,1.4538728782418886,8.546127121758111,35.9027862073978,0.00811851081345387,0.0005648205523546121,0.25690380469252383,0.006595704797333999,25.480849260262477,5.784595704797334,False,True,69.96046256133518,43.83040727388483,10,10,0,77.99313519561746,77.91153657433328,0,0,0,10,0,2:0;2:1;2:2;2:3;3:0;3:1;3:2;3:3;4:1;4:2,2:0;2:1;2:2;2:3;3:0;3:1;3:2;3:3;4:1;4:2,,,2:0;2:1;2:2;2:3;3:0;3:1;3:2;3:3;4:1;4:2,,"{""q_ra"": 2, ""q_scratch"": 8, ""q_thermal"": 0, ""q_uniformity"": 0}","[[75.552, 76.242, 76.285, 74.353, 75.483], [76.494, 76.676, 75.39, 74.081, 76.389], [61.898, 64.592, 66.73, 67.942, 75.528], [67.703, 43.83, 66.954, 66.047, 76.514], [75.836, 60.921, 45.259, 76.304, 76.008]]","[[75.552, 76.242, 76.285, 74.353, 75.483], [76.494, 76.676, 75.39, 74.081, 76.389], [61.898, 64.592, 66.73, 67.942, 75.528], [67.703, 43.83, 66.954, 66.047, 76.514], [75.836, 60.921, 45.259, 76.304, 76.008]]","[[75.552, 76.242, 76.285, 74.353, 75.483], [76.494, 76.676, 75.39, 74.081, 76.389], [61.898, 64.592, 66.73, 67.942, 75.528], [67.703, 43.83, 66.954, 66.047, 76.514], [75.836, 60.921, 45.259, 76.304, 76.008]]","[[78.0, 78.0, 78.0, 78.0, 78.0], [78.0, 78.0, 78.0, 78.0, 78.0], [78.0, 78.0, 78.0, 78.0, 78.0], [78.0, 78.0, 78.0, 77.992, 77.912], [78.0, 78.0, 78.0, 77.992, 77.933]]","[[78.0, 78.0, 78.0, 78.0, 78.0], [78.0, 78.0, 78.0, 78.0, 78.0], [78.0, 78.0, 78.0, 78.0, 78.0], [78.0, 78.0, 78.0, 77.992, 77.912], [78.0, 78.0, 78.0, 77.992, 77.933]]","[[78.0, 78.0, 78.0, 78.0, 78.0], [78.0, 78.0, 78.0, 78.0, 78.0], [78.0, 78.0, 78.0, 78.0, 78.0], [78.0, 78.0, 78.0, 77.992, 77.912], [78.0, 78.0, 78.0, 77.992, 77.933]]","[[0.900691, 0.863961, 0.816197, 0.812607, 0.852344], [0.897168, 0.849347, 0.805388, 0.778981, 0.790532], [0.902244, 0.863826, 0.825859, 0.804098, 0.808383], [0.895679, 0.881162, 0.874992, 0.855831, 0.848232], [0.904178, 0.894823, 0.899887, 0.881124, 0.888391]]","[[0.922173, 0.912642, 0.880479, 0.857664, 0.854613], [0.920839, 0.90092, 0.879774, 0.863629, 0.867671], [0.920426, 0.901964, 0.88158, 0.871102, 0.877537], [0.905007, 0.89956, 0.902319, 0.890723, 0.889911], [0.906576, 0.901371, 0.914586, 0.902021, 0.90857]]","[[0.917788, 0.900383, 0.870047, 0.854781, 0.851969], [0.912761, 0.899929, 0.873223, 0.862344, 0.862253], [0.912862, 0.899151, 0.880228, 0.871102, 0.870147], [0.901824, 0.891276, 0.895602, 0.890701, 0.889911], [0.90571, 0.899254, 0.903617, 0.896952, 0.90857]]","[[""q_uniformity"", ""q_uniformity"", ""q_uniformity"", ""q_scratch"", ""q_uniformity""], [""q_uniformity"", ""q_uniformity"", ""q_uniformity"", ""q_scratch"", ""q_uniformity""], [""q_scratch"", ""q_scratch"", ""q_scratch"", ""q_scratch"", ""q_uniformity""], [""q_scratch"", ""q_ra"", ""q_scratch"", ""q_scratch"", ""q_uniformity""], [""q_uniformity"", ""q_scratch"", ""q_ra"", ""q_uniformity"", ""q_uniformity""]]","[[42.808, 41.518, 39.731, 38.577, 38.546], [42.941, 41.686, 40.251, 39.155, 38.837], [43.273, 42.413, 41.468, 40.849, 40.748], [43.392, 43.117, 43.008, 42.806, 42.795], [43.634, 43.564, 43.843, 43.865, 44.234]]","[[43.889, 42.62, 41.052, 40.0, 40.0], [44.053, 42.971, 41.651, 40.6, 40.185], [44.421, 43.762, 43.009, 42.454, 42.248], [44.797, 44.581, 44.416, 44.377, 44.378], [45.039, 45.049, 45.136, 45.371, 45.666]]","[[44.22, 43.331, 41.922, 40.554, 40.027], [44.424, 43.758, 42.728, 41.752, 41.179], [44.711, 44.369, 43.886, 43.492, 43.296], [44.951, 44.886, 44.867, 44.963, 45.084], [45.079, 45.159, 45.384, 45.735, 46.022]]"
finish_rule,13,0,2,success,5.784595489501953,4.916907787322998,4.781066417694092,6.143649101257324,-0.4999999701976776,7.999825291335583,0.6908990144729614,0,69.96046256133518,71.93430016611761,0.13822879245298383,0.15363914654404312,1.7631732427736886,1.557674688065914,1.1739964533929546,0.8902245782034184,38.54612712175811,37.696207039199926,0.8499200825581852,7.696207039199926,35.9027862073978,0.00811851081345387,0.0,0.1777678886477594,,,,True,True,71.93430016611761,52.8744490977399,5,5,0,77.99313519561746,77.91153657433328,0,0,0,5,0,2:0;2:1;3:1;4:1;4:2,2:0;2:1;3:1;4:1;4:2,,,2:0;2:1;3:1;4:1;4:2,,"{""q_ra"": 1, ""q_scratch"": 4, ""q_thermal"": 0, ""q_uniformity"": 0}","[[73.949, 75.403, 75.877, 75.807, 74.769], [75.636, 76.372, 76.169, 75.405, 76.129], [66.577, 67.605, 70.898, 71.744, 75.224], [71.917, 52.874, 71.195, 70.275, 76.391], [75.166, 65.174, 56.357, 76.115, 75.331]]","[[73.949, 75.403, 75.877, 75.807, 74.769], [75.636, 76.372, 76.169, 75.405, 76.129], [66.577, 67.605, 70.898, 71.744, 75.224], [71.917, 52.874, 71.195, 70.275, 76.391], [75.166, 65.174, 56.357, 76.115, 75.331]]","[[73.949, 75.403, 75.877, 75.807, 74.769], [75.636, 76.372, 76.169, 75.405, 76.129], [66.577, 67.605, 70.898, 71.744, 75.224], [71.917, 52.874, 71.195, 70.275, 76.391], [75.166, 65.174, 56.357, 76.115, 75.331]]","[[78.0, 78.0, 78.0, 78.0, 78.0], [78.0, 78.0, 78.0, 78.0, 78.0], [78.0, 78.0, 78.0, 78.0, 78.0], [78.0, 78.0, 78.0, 77.992, 77.912], [78.0, 78.0, 78.0, 77.992, 77.933]]","[[78.0, 78.0, 78.0, 78.0, 78.0], [78.0, 78.0, 78.0, 78.0, 78.0], [78.0, 78.0, 78.0, 78.0, 78.0], [78.0, 78.0, 78.0, 77.992, 77.912], [78.0, 78.0, 78.0, 77.992, 77.933]]","[[78.0, 78.0, 78.0, 78.0, 78.0], [78.0, 78.0, 78.0, 78.0, 78.0], [78.0, 78.0, 78.0, 78.0, 78.0], [78.0, 78.0, 78.0, 77.992, 77.912], [78.0, 78.0, 78.0, 77.992, 77.933]]","[[0.849712, 0.807158, 0.745585, 0.732532, 0.767578], [0.845005, 0.789286, 0.738929, 0.707012, 0.715023], [0.849612, 0.806028, 0.763245, 0.739596, 0.741466], [0.839522, 0.823348, 0.816847, 0.797474, 0.790096], [0.848908, 0.838446, 0.845538, 0.825799, 0.834871]]","[[0.869978, 0.852639, 0.804306, 0.77315, 0.769621], [0.8673, 0.837212, 0.807177, 0.78384, 0.784794], [0.866734, 0.841614, 0.814741, 0.801225, 0.804895], [0.848264, 0.840539, 0.842358, 0.829987, 0.828918], [0.85116, 0.844581, 0.85935, 0.845383, 0.853834]]","[[0.865225, 0.8364, 0.793725, 0.771274, 0.767601], [0.857227, 0.837212, 0.802624, 0.78384, 0.781538], [0.858036, 0.838945, 0.813471, 0.801225, 0.799225], [0.845281, 0.832329, 0.836256, 0.829966, 0.828918], [0.849244, 0.842597, 0.846268, 0.838972, 0.853834]]","[[""q_uniformity"", ""q_uniformity"", ""q_uniformity"", ""q_uniformity"", ""q_uniformity""], [""q_uniformity"", ""q_uniformity"", ""q_uniformity"", ""q_uniformity"", ""q_uniformity""], [""q_scratch"", ""q_scratch"", ""q_uniformity"", ""q_uniformity"", ""q_uniformity""], [""q_scratch"", ""q_ra"", ""q_uniformity"", ""q_uniformity"", ""q_uniformity""], [""q_uniformity"", ""q_scratch"", ""q_scratch"", ""q_uniformity"", ""q_uniformity""]]","[[42.083, 40.761, 38.889, 37.731, 37.696], [42.188, 40.859, 39.405, 38.309, 37.993], [42.499, 41.582, 40.599, 39.979, 39.859], [42.552, 42.256, 42.144, 41.933, 41.918], [42.8, 42.71, 43.007, 42.994, 43.376]]","[[43.889, 42.62, 41.052, 40.0, 40.0], [44.053, 42.971, 41.651, 40.6, 40.185], [44.421, 43.762, 43.009, 42.454, 42.248], [44.797, 44.581, 44.416, 44.377, 44.378], [45.039, 45.049, 45.136, 45.371, 45.666]]","[[44.22, 43.331, 41.922, 40.554, 40.027], [44.424, 43.758, 42.728, 41.752, 41.179], [44.711, 44.369, 43.886, 43.492, 43.296], [44.951, 44.886, 44.867, 44.963, 45.084], [45.079, 45.159, 45.384, 45.735, 46.022]]"
finish_rule,14,0,1,continue,5.7779998779296875,5.777801513671875,5.65921688079834,6.930220127105713,0.0,5.945709068328142,0.0,0,53.131729402917024,66.64041143592729,0.19343614469140458,0.14645512565431382,2.003143896669594,1.4830007101461158,1.660855537288437,1.1354227958136571,40.0,38.22050199390049,1.7794980060995087,8.220501993900491,35.90282514394533,0.008118383859832162,0.04799412234389584,0.31444244735297666,0.45789736164360934,19.782640817948096,6.235897361643609,False,True,66.64041143592729,44.91626449318749,15,15,0,77.99313533494089,77.91153903796635,0,0,0,15,0,0:0;0:1;0:2;0:3;1:0;1:1;1:2;2:0;2:4;3:1;3:2;3:3;3:4;4:1;4:3,0:0;0:1;0:2;0:3;1:0;1:1;1:2;2:0;2:4;3:1;3:2;3:3;3:4;4:1;4:3,,,0:0;0:1;0:2;0:3;1:0;1:1;1:2;2:0;2:4;3:1;3:2;3:3;3:4;4:1;4:3,,"{""q_ra"": 3, ""q_scratch"": 12, ""q_thermal"": 0, ""q_uniformity"": 0}","[[50.66, 57.299, 69.698, 68.929, 76.235], [44.916, 62.24, 63.981, 75.165, 76.081], [61.66, 77.106, 70.193, 76.784, 67.979], [76.79, 65.969, 60.399, 52.553, 67.65], [75.869, 63.889, 74.31, 54.939, 74.715]]","[[50.66, 57.299, 69.698, 68.929, 76.235], [44.916, 62.24, 63.981, 75.165, 76.081], [61.66, 77.106, 70.193, 76.784, 67.979], [76.79, 65.969, 60.399, 52.553, 67.65], [75.869, 63.889, 74.31, 54.939, 74.715]]","[[50.66, 57.299, 69.698, 68.929, 76.235], [44.916, 62.24, 63.981, 75.165, 76.081], [61.66, 77.106, 70.193, 76.784, 67.979], [76.79, 65.969, 60.399, 52.553, 67.65], [75.869, 63.889, 74.31, 54.939, 74.715]]","[[78.0, 78.0, 78.0, 78.0, 78.0], [78.0, 78.0, 78.0, 78.0, 78.0], [78.0, 78.0, 78.0, 78.0, 78.0], [78.0, 78.0, 78.0, 77.992, 77.912], [78.0, 78.0, 78.0, 77.992, 77.933]]","[[78.0, 78.0, 78.0, 78.0, 78.0], [78.0, 78.0, 78.0, 78.0, 78.0], [78.0, 78.0, 78.0, 78.0, 78.0], [78.0, 78.0, 78.0, 77.992, 77.912], [78.0, 78.0, 78.0, 77.992, 77.933]]","[[78.0, 78.0, 78.0, 78.0, 78.0], [78.0, 78.0, 78.0, 78.0, 78.0], [78.0, 78.0, 78.0, 78.0, 78.0], [78.0, 78.0, 78.0, 77.992, 77.912], [78.0, 78.0, 78.0, 77.992, 77.933]]","[[0.889312, 0.871931, 0.847058, 0.851353, 0.857319], [0.865037, 0.848154, 0.838282, 0.838228, 0.842571], [0.86795, 0.848359, 0.829417, 0.82205, 0.838293], [0.859768, 0.849151, 0.83516, 0.832693, 0.824059], [0.867156, 0.857415, 0.841054, 0.806016, 0.779343]]","[[0.889312, 0.871931, 0.847058, 0.851353, 0.857319], [0.865037, 0.848154, 0.838282, 0.838228, 0.842571], [0.86795, 0.848359, 0.829417, 0.82205, 0.838293], [0.859768, 0.849151, 0.83516, 0.833754, 0.84044], [0.867156, 0.857415, 0.841054, 0.844242, 0.840513]]","[[0.889312, 0.871931, 0.847058, 0.851353, 0.857319], [0.865037, 0.848154, 0.838282, 0.838228, 0.842571], [0.86795, 0.848359, 0.829417, 0.82205, 0.838293], [0.859768, 0.849151, 0.83516, 0.832002, 0.84044], [0.867156, 0.857415, 0.841054, 0.832866, 0.840513]]","[[""q_ra"", ""q_scratch"", ""q_scratch"", ""q_scratch"", ""q_uniformity""], [""q_ra"", ""q_scratch"", ""q_scratch"", ""q_scratch"", ""q_uniformity""], [""q_scratch"", ""q_uniformity"", ""q_scratch"", ""q_uniformity"", ""q_scratch""], [""q_uniformity"", ""q_scratch"", ""q_scratch"", ""q_ra"", ""q_scratch""], [""q_uniformity"", ""q_scratch"", ""q_scratch"", ""q_scratch"", ""q_uniformity""]]","[[38.893, 38.719, 38.471, 38.514, 38.573], [38.65, 38.482, 38.383, 38.382, 38.426], [38.679, 38.484, 38.294, 38.221, 38.383], [38.598, 38.492, 38.352, 38.338, 38.404], [38.672, 38.574, 38.411, 38.442, 38.931]]","[[40.0, 40.0, 40.0, 40.0, 40.0], [40.0, 40.0, 40.0, 40.0, 40.0], [40.0, 40.0, 40.0, 40.0, 40.0], [40.0, 40.0, 40.0, 40.0, 40.0], [40.0, 40.0, 40.0, 40.0, 40.625]]","[[40.0, 40.0, 40.0, 40.0, 40.0], [40.0, 40.0, 40.0, 40.0, 40.0], [40.0, 40.0, 40.0, 40.0, 40.0], [40.0, 40.0, 40.0, 40.013, 40.199], [40.0, 40.0, 40.0, 40.474, 41.459]]"
finish_rule,14,0,2,success,6.235897541046143,5.300622940063477,5.154036521911621,6.526704788208008,-0.4999999701976776,7.999825291335583,0.6908990144729614,0,66.64041143592729,71.14171222786885,0.14645512565431382,0.14979950760322414,1.4830007101461158,1.2840540902926971,1.1354227958136571,0.6999931396246033,38.22050199390049,37.20079649918622,1.0197054947142732,7.200796499186218,35.90282514394533,0.008118383859832162,0.0,0.19784599708968817,,,,True,True,71.14171222786885,56.63722930141142,10,10,0,77.99313533494089,77.91153903796635,0,0,0,10,0,0:0;0:1;1:0;1:1;1:2;2:0;3:2;3:3;4:1;4:3,0:0;0:1;1:0;1:1;1:2;2:0;3:2;3:3;4:1;4:3,,,0:0;0:1;1:0;1:1;1:2;2:0;3:2;3:3;4:1;4:3,,"{""q_ra"": 1, ""q_scratch"": 3, ""q_thermal"": 0, ""q_uniformity"": 6}","[[61.292, 65.984, 73.067, 73.147, 75.483], [56.637, 69.943, 69.58, 76.279, 75.715], [68.584, 76.86, 74.922, 76.434, 71.938], [76.713, 70.897, 68.745, 66.445, 70.024], [75.322, 68.233, 76.286, 66.367, 73.645]]","[[61.292, 65.984, 73.067, 73.147, 75.483], [56.637, 69.943, 69.58, 76.279, 75.715], [68.584, 76.86, 74.922, 76.434, 71.938], [76.713, 70.897, 68.745, 66.445, 70.024], [75.322, 68.233, 76.286, 66.367, 73.645]]","[[61.292, 65.984, 73.067, 73.147, 75.483], [56.637, 69.943, 69.58, 76.279, 75.715], [68.584, 76.86, 74.922, 76.434, 71.938], [76.713, 70.897, 68.745, 66.445, 70.024], [75.322, 68.233, 76.286, 66.367, 73.645]]","[[78.0, 78.0, 78.0, 78.0, 78.0], [78.0, 78.0, 78.0, 78.0, 78.0], [78.0, 78.0, 78.0, 78.0, 78.0], [78.0, 78.0, 78.0, 77.992, 77.912], [78.0, 78.0, 78.0, 77.992, 77.933]]","[[78.0, 78.0, 78.0, 78.0, 78.0], [78.0, 78.0, 78.0, 78.0, 78.0], [78.0, 78.0, 78.0, 78.0, 78.0], [78.0, 78.0, 78.0, 77.992, 77.912], [78.0, 78.0, 78.0, 77.992, 77.933]]","[[78.0, 78.0, 78.0, 78.0, 78.0], [78.0, 78.0, 78.0, 78.0, 78.0], [78.0, 78.0, 78.0, 78.0, 78.0], [78.0, 78.0, 78.0, 77.992, 77.912], [78.0, 78.0, 78.0, 77.992, 77.933]]","[[0.809859, 0.784376, 0.750725, 0.756839, 0.764122], [0.777271, 0.755911, 0.740914, 0.742108, 0.746627], [0.781212, 0.757316, 0.729081, 0.72008, 0.740717], [0.771764, 0.759652, 0.737863, 0.734649, 0.73], [0.778283, 0.764863, 0.744922, 0.715152, 0.691028]]","[[0.809859, 0.784376, 0.750725, 0.756839, 0.764122], [0.777271, 0.755911, 0.740914, 0.742108, 0.746627], [0.781212, 0.757316, 0.729081, 0.72008, 0.740717], [0.771764, 0.759652, 0.737863, 0.735585, 0.74451], [0.778283, 0.764863, 0.744922, 0.749069, 0.745266]]","[[0.809859, 0.784376, 0.750725, 0.756839, 0.764122], [0.777271, 0.755911, 0.740914, 0.742108, 0.746627], [0.781212, 0.757316, 0.729081, 0.72008, 0.740717], [0.771764, 0.759652, 0.737863, 0.7336, 0.74451], [0.778283, 0.764863, 0.744922, 0.734523, 0.745266]]","[[""q_scratch"", ""q_scratch"", ""q_uniformity"", ""q_uniformity"", ""q_uniformity""], [""q_ra"", ""q_uniformity"", ""q_uniformity"", ""q_uniformity"", ""q_uniformity""], [""q_uniformity"", ""q_uniformity"", ""q_uniformity"", ""q_uniformity"", ""q_uniformity""], [""q_uniformity"", ""q_scratch"", ""q_uniformity"", ""q_uniformity"", ""q_uniformity""], [""q_uniformity"", ""q_scratch"", ""q_uniformity"", ""q_uniformity"", ""q_uniformity""]]","[[38.099, 37.844, 37.507, 37.568, 37.641], [37.773, 37.559, 37.409, 37.421, 37.466], [37.812, 37.573, 37.291, 37.201, 37.407], [37.718, 37.597, 37.379, 37.356, 37.445], [37.783, 37.649, 37.449, 37.491, 37.919]]","[[40.0, 40.0, 40.0, 40.0, 40.0], [40.0, 40.0, 40.0, 40.0, 40.0], [40.0, 40.0, 40.0, 40.0, 40.0], [40.0, 40.0, 40.0, 40.0, 40.0], [40.0, 40.0, 40.0, 40.0, 40.625]]","[[40.0, 40.0, 40.0, 40.0, 40.0], [40.0, 40.0, 40.0, 40.0, 40.0], [40.0, 40.0, 40.0, 40.0, 40.0], [40.0, 40.0, 40.0, 40.013, 40.199], [40.0, 40.0, 40.0, 40.474, 41.459]]"
finish_rule,15,0,1,continue,5.7779998779296875,5.777801513671875,5.6592116355896,6.926451683044434,0.0,5.945709068328142,0.0,0,52.20869673571714,65.60682697563782,0.207544629666896,0.16427242494126285,1.9614564470028133,1.6321795318931551,1.558567655098691,0.9588105682614603,40.0,38.36244077626173,1.637559223738272,8.362440776261728,35.90276311019232,0.008118410924397511,0.06275961463374549,0.2893617219472769,0.6506694895033207,21.987845294274948,6.428669489503321,False,True,65.60682697563782,46.448951934894865,14,14,0,77.993135402125,77.91154132776596,0,0,0,14,0,0:0;1:0;1:1;1:2;2:0;2:1;2:2;3:1;3:2;3:3;4:0;4:1;4:2;4:3,0:0;1:0;1:1;1:2;2:0;2:1;2:2;3:1;3:2;3:3;4:0;4:1;4:2;4:3,,,0:0;1:0;1:1;1:2;2:0;2:1;2:2;3:1;3:2;3:3;4:0;4:1;4:2;4:3,,"{""q_ra"": 3, ""q_scratch"": 11, ""q_thermal"": 0, ""q_uniformity"": 0}","[[59.729, 76.157, 75.618, 76.512, 75.459], [55.15, 50.803, 62.835, 72.713, 72.481], [53.646, 60.877, 58.647, 72.482, 76.545], [76.043, 57.618, 61.249, 61.933, 75.867], [51.748, 46.449, 69.13, 65.525, 74.954]]","[[59.729, 76.157, 75.618, 76.512, 75.459], [55.15, 50.803, 62.835, 72.713, 72.481], [53.646, 60.877, 58.647, 72.482, 76.545], [76.043, 57.618, 61.249, 61.933, 75.867], [51.748, 46.449, 69.13, 65.525, 74.954]]","[[59.729, 76.157, 75.618, 76.512, 75.459], [55.15, 50.803, 62.835, 72.713, 72.481], [53.646, 60.877, 58.647, 72.482, 76.545], [76.043, 57.618, 61.249, 61.933, 75.867], [51.748, 46.449, 69.13, 65.525, 74.954]]","[[78.0, 78.0, 78.0, 78.0, 78.0], [78.0, 78.0, 78.0, 78.0, 78.0], [78.0, 78.0, 78.0, 78.0, 78.0], [78.0, 78.0, 78.0, 77.992, 77.912], [78.0, 78.0, 78.0, 77.992, 77.933]]","[[78.0, 78.0, 78.0, 78.0, 78.0], [78.0, 78.0, 78.0, 78.0, 78.0], [78.0, 78.0, 78.0, 78.0, 78.0], [78.0, 78.0, 78.0, 77.992, 77.912], [78.0, 78.0, 78.0, 77.992, 77.933]]","[[78.0, 78.0, 78.0, 78.0, 78.0], [78.0, 78.0, 78.0, 78.0, 78.0], [78.0, 78.0, 78.0, 78.0, 78.0], [78.0, 78.0, 78.0, 77.992, 77.912], [78.0, 78.0, 78.0, 77.992, 77.933]]","[[0.890264, 0.867443, 0.853068, 0.847253, 0.851199], [0.866498, 0.838062, 0.838208, 0.835749, 0.831015], [0.850578, 0.80735, 0.785485, 0.81337, 0.810567], [0.82846, 0.817661, 0.827784, 0.83244, 0.838411], [0.864114, 0.854532, 0.859199, 0.857071, 0.86132]]","[[0.890264, 0.867443, 0.853068, 0.847253, 0.851199], [0.866498, 0.838062, 0.838327, 0.839809, 0.840825], [0.867033, 0.836244, 0.836483, 0.864291, 0.847652], [0.879838, 0.87059, 0.87182, 0.86417, 0.865909], [0.884959, 0.877182, 0.875849, 0.873837, 0.874685]]","[[0.890264, 0.867443, 0.853068, 0.847253, 0.851199], [0.866498, 0.838062, 0.838327, 0.839809, 0.840825], [0.864672, 0.836244, 0.836483, 0.846158, 0.847652], [0.87066, 0.859191, 0.859653, 0.861992, 0.862804], [0.877869, 0.87504, 0.873328, 0.87097, 0.869296]]","[[""q_scratch"", ""q_uniformity"", ""q_uniformity"", ""q_uniformity"", ""q_uniformity""], [""q_scratch"", ""q_ra"", ""q_scratch"", ""q_scratch"", ""q_scratch""], [""q_scratch"", ""q_scratch"", ""q_scratch"", ""q_scratch"", ""q_uniformity""], [""q_uniformity"", ""q_scratch"", ""q_scratch"", ""q_scratch"", ""q_uniformity""], [""q_ra"", ""q_ra"", ""q_scratch"", ""q_scratch"", ""q_uniformity""]]","[[38.903, 38.674, 38.531, 38.473, 38.512], [38.665, 38.381, 38.383, 38.398, 38.408], [38.67, 38.362, 38.365, 38.847, 38.872], [39.519, 39.555, 39.824, 39.898, 39.916], [40.667, 40.669, 40.799, 40.702, 40.642]]","[[40.0, 40.0, 40.0, 40.0, 40.0], [40.0, 40.0, 40.0, 40.0, 40.0], [40.0, 40.0, 40.0, 40.236, 40.467], [40.819, 40.975, 41.268, 41.454, 41.452], [42.053, 42.162, 42.33, 42.247, 42.167]]","[[40.0, 40.0, 40.0, 40.0, 40.0], [40.0, 40.0, 40.001, 40.049, 40.118], [40.193, 40.358, 40.649, 40.877, 40.946], [41.49, 41.686, 41.868, 41.89, 41.828], [42.344, 42.485, 42.569, 42.486, 42.355]]"
finish_rule,15,0,2,success,6.428669452667236,5.464640140533447,5.313345909118652,6.689421653747559,-0.4999999701976776,7.999825291335583,0.6908990144729614,0,65.60682697563782,70.55657054012482,0.16427242494126285,0.17057689054295513,1.6321795318931551,1.4981724029707584,0.9588105682614603,0.5669237630990067,38.36244077626173,37.35402476353649,1.0084160127252346,7.3540247635364935,35.90276311019232,0.008118410924397511,0.0,0.1897892646128332,,,,True,True,70.55657054012482,60.033816702772086,12,12,0,77.993135402125,77.91154132776596,0,0,0,12,0,0:0;1:0;1:1;1:2;2:0;2:1;2:2;3:1;3:2;3:3;4:0;4:1,0:0;1:0;1:1;1:2;2:0;2:1;2:2;3:1;3:2;3:3;4:0;4:1,,,0:0;1:0;1:1;1:2;2:0;2:1;2:2;3:1;3:2;3:3;4:0;4:1,,"{""q_ra"": 0, ""q_scratch"": 10, ""q_thermal"": 0, ""q_uniformity"": 2}","[[66.096, 75.277, 74.853, 76.194, 74.476], [67.075, 63.137, 67.654, 75.393, 74.683], [65.819, 67.841, 67.907, 75.58, 76.24], [75.619, 66.806, 68.375, 68.34, 75.39], [63.408, 60.034, 73.6, 70.212, 73.906]]","[[66.096, 75.277, 74.853, 76.194, 74.476], [67.075, 63.137, 67.654, 75.393, 74.683], [65.819, 67.841, 67.907, 75.58, 76.24], [75.619, 66.806, 68.375, 68.34, 75.39], [63.408, 60.034, 73.6, 70.212, 73.906]]","[[66.096, 75.277, 74.853, 76.194, 74.476], [67.075, 63.137, 67.654, 75.393, 74.683], [65.819, 67.841, 67.907, 75.58, 76.24], [75.619, 66.806, 68.375, 68.34, 75.39], [63.408, 60.034, 73.6, 70.212, 73.906]]","[[78.0, 78.0, 78.0, 78.0, 78.0], [78.0, 78.0, 78.0, 78.0, 78.0], [78.0, 78.0, 78.0, 78.0, 78.0], [78.0, 78.0, 78.0, 77.992, 77.912], [78.0, 78.0, 78.0, 77.992, 77.933]]","[[78.0, 78.0, 78.0, 78.0, 78.0], [78.0, 78.0, 78.0, 78.0, 78.0], [78.0, 78.0, 78.0, 78.0, 78.0], [78.0, 78.0, 78.0, 77.992, 77.912], [78.0, 78.0, 78.0, 77.992, 77.933]]","[[78.0, 78.0, 78.0, 78.0, 78.0], [78.0, 78.0, 78.0, 78.0, 78.0], [78.0, 78.0, 78.0, 78.0, 78.0], [78.0, 78.0, 78.0, 77.992, 77.912], [78.0, 78.0, 78.0, 77.992, 77.933]]","[[0.809521, 0.775314, 0.755857, 0.749048, 0.753964], [0.776682, 0.737897, 0.737965, 0.736793, 0.732716], [0.761142, 0.709993, 0.690709, 0.721118, 0.719025], [0.748254, 0.73889, 0.748102, 0.748231, 0.754088], [0.786262, 0.778141, 0.779677, 0.776199, 0.778878]]","[[0.809521, 0.775314, 0.755857, 0.749048, 0.753964], [0.776682, 0.737897, 0.738069, 0.740372, 0.741366], [0.775868, 0.735402, 0.735554, 0.766263, 0.751922], [0.794658, 0.78672, 0.787899, 0.776752, 0.77882], [0.805228, 0.798767, 0.794786, 0.791383, 0.790963]]","[[0.809521, 0.775314, 0.755857, 0.749048, 0.753964], [0.776682, 0.737897, 0.738069, 0.740372, 0.741366], [0.772768, 0.735402, 0.735554, 0.750187, 0.751922], [0.786753, 0.772837, 0.772394, 0.775073, 0.776606], [0.798593, 0.79538, 0.792433, 0.786936, 0.785017]]","[[""q_scratch"", ""q_uniformity"", ""q_uniformity"", ""q_uniformity"", ""q_uniformity""], [""q_scratch"", ""q_scratch"", ""q_scratch"", ""q_uniformity"", ""q_uniformity""], [""q_scratch"", ""q_scratch"", ""q_scratch"", ""q_uniformity"", ""q_uniformity""], [""q_uniformity"", ""q_scratch"", ""q_scratch"", ""q_scratch"", ""q_uniformity""], [""q_uniformity"", ""q_uniformity"", ""q_uniformity"", ""q_scratch"", ""q_uniformity""]]","[[38.095, 37.753, 37.559, 37.49, 37.54], [37.767, 37.379, 37.381, 37.404, 37.414], [37.759, 37.354, 37.356, 37.843, 37.87], [38.597, 38.635, 38.878, 38.897, 38.919], [39.706, 39.715, 39.8, 39.692, 39.623]]","[[40.0, 40.0, 40.0, 40.0, 40.0], [40.0, 40.0, 40.0, 40.0, 40.0], [40.0, 40.0, 40.0, 40.236, 40.467], [40.819, 40.975, 41.268, 41.454, 41.452], [42.053, 42.162, 42.33, 42.247, 42.167]]","[[40.0, 40.0, 40.0, 40.0, 40.0], [40.0, 40.0, 40.001, 40.049, 40.118], [40.193, 40.358, 40.649, 40.877, 40.946], [41.49, 41.686, 41.868, 41.89, 41.828], [42.344, 42.485, 42.569, 42.486, 42.355]]"
finish_rule,17,0,1,continue,5.7779998779296875,5.777801513671875,5.659212589263916,6.9297075271606445,0.0,5.945709068328142,0.0,0,48.81164764682759,63.68356147081016,0.23430338745378,0.173976135216694,2.2560661831984925,1.9295286394680118,1.8343369297890924,1.283973315478505,42.631620525585525,41.20101762741293,1.4306028981725945,11.20101762741293,35.90283727518009,0.008117695350295035,0.0902348361312834,0.2527918638162823,1.0708592606864356,36.397601918469235,6.848859260686435,False,True,63.68356147081016,47.34543281831357,18,18,0,77.99313632642061,77.91155021001671,0,0,0,18,0,0:2;0:3;0:4;1:0;1:1;1:2;1:3;2:0;2:1;2:2;2:3;2:4;3:0;3:1;3:3;3:4;4:0;4:3,0:2;0:3;0:4;1:0;1:1;1:2;1:3;2:0;2:1;2:2;2:3;2:4;3:0;3:1;3:3;3:4;4:0;4:3,,,0:2;0:3;0:4;1:0;1:1;1:2;1:3;2:0;2:1;2:2;2:3;2:4;3:0;3:1;3:3;3:4;4:0;4:3,,"{""q_ra"": 3, ""q_scratch"": 15, ""q_thermal"": 0, ""q_uniformity"": 0}","[[75.276, 75.985, 68.551, 47.38, 50.841], [59.107, 54.31, 47.345, 59.723, 75.796], [58.243, 57.882, 60.246, 58.114, 60.379], [54.697, 60.698, 76.612, 65.82, 65.833], [68.654, 76.201, 76.633, 62.103, 75.659]]","[[75.276, 75.985, 68.551, 47.38, 50.841], [59.107, 54.31, 47.345, 59.723, 75.796], [58.243, 57.882, 60.246, 58.114, 60.379], [54.697, 60.698, 76.612, 65.82, 65.833], [68.654, 76.201, 76.633, 62.103, 75.659]]","[[75.276, 75.985, 68.551, 47.38, 50.841], [59.107, 54.31, 47.345, 59.723, 75.796], [58.243, 57.882, 60.246, 58.114, 60.379], [54.697, 60.698, 76.612, 65.82, 65.833], [68.654, 76.201, 76.633, 62.103, 75.659]]","[[78.0, 78.0, 78.0, 78.0, 78.0], [78.0, 78.0, 78.0, 78.0, 78.0], [78.0, 78.0, 78.0, 78.0, 78.0], [78.0, 78.0, 78.0, 77.992, 77.912], [78.0, 78.0, 78.0, 77.992, 77.933]]","[[78.0, 78.0, 78.0, 78.0, 78.0], [78.0, 78.0, 78.0, 78.0, 78.0], [78.0, 78.0, 78.0, 78.0, 78.0], [78.0, 78.0, 78.0, 77.992, 77.912], [78.0, 78.0, 78.0, 77.992, 77.933]]","[[78.0, 78.0, 78.0, 78.0, 78.0], [78.0, 78.0, 78.0, 78.0, 78.0], [78.0, 78.0, 78.0, 78.0, 78.0], [78.0, 78.0, 78.0, 77.992, 77.912], [78.0, 78.0, 78.0, 77.992, 77.933]]","[[0.910237, 0.881847, 0.884397, 0.873529, 0.88591], [0.87474, 0.850174, 0.848223, 0.837775, 0.854209], [0.859699, 0.856209, 0.825, 0.83902, 0.857087], [0.876641, 0.847953, 0.85746, 0.855543, 0.861462], [0.896435, 0.884679, 0.881176, 0.875007, 0.88168]]","[[0.937666, 0.918185, 0.921095, 0.902933, 0.906678], [0.920663, 0.903411, 0.900901, 0.88283, 0.891038], [0.906593, 0.909102, 0.87369, 0.880671, 0.890487], [0.909436, 0.883512, 0.890183, 0.880733, 0.879017], [0.908952, 0.901514, 0.896866, 0.885768, 0.886744]]","[[0.935312, 0.918185, 0.912408, 0.900109, 0.901826], [0.919931, 0.901907, 0.896412, 0.882396, 0.882002], [0.904011, 0.894712, 0.87369, 0.873697, 0.882464], [0.906802, 0.883512, 0.874437, 0.868302, 0.873888], [0.900369, 0.885236, 0.883323, 0.875091, 0.873266]]","[[""q_uniformity"", ""q_uniformity"", ""q_scratch"", ""q_ra"", ""q_ra""], [""q_scratch"", ""q_scratch"", ""q_ra"", ""q_scratch"", ""q_uniformity""], [""q_scratch"", ""q_scratch"", ""q_scratch"", ""q_scratch"", ""q_scratch""], [""q_scratch"", ""q_scratch"", ""q_uniformity"", ""q_scratch"", ""q_scratch""], [""q_scratch"", ""q_uniformity"", ""q_uniformity"", ""q_scratch"", ""q_uniformity""]]","[[46.828, 45.786, 45.096, 44.309, 44.197], [45.216, 44.33, 43.643, 42.932, 42.896], [43.606, 43.168, 42.155, 41.9, 41.905], [42.719, 42.019, 41.737, 41.353, 41.238], [42.391, 42.001, 41.627, 41.266, 41.201]]","[[47.947, 47.193, 46.389, 45.847, 45.658], [46.528, 45.862, 45.144, 44.649, 44.474], [45.008, 44.485, 43.913, 43.513, 43.369], [43.986, 43.603, 43.185, 42.89, 42.785], [43.632, 43.313, 42.964, 42.719, 42.632]]","[[48.488, 47.901, 47.069, 46.38, 46.025], [47.395, 46.856, 46.084, 45.437, 45.098], [45.827, 45.379, 44.734, 44.184, 43.89], [44.509, 44.174, 43.688, 43.27, 43.045], [43.822, 43.566, 43.195, 42.876, 42.704]]"
finish_rule,17,0,2,fail_quality_regression,6.8488593101501465,5.821549892425537,5.660602569580078,7.048119068145752,-0.4999999701976776,7.999825291335583,0.6908990144729614,0,63.68356147081016,69.64459263748435,0.173976135216694,0.17940446763406673,1.9295286394680118,1.8036569215737128,1.283973315478505,0.8483303110180498,41.20101762741293,40.102267441938466,1.098750185474465,10.102267441938466,35.90283727518009,0.008117695350295035,0.005077248035937844,0.19410480986231363,,,,False,True,69.64459263748435,59.78776292335805,13,13,0,77.99313632642061,77.91155021001671,0,0,0,13,0,0:3;0:4;1:0;1:1;1:2;1:3;2:0;2:1;2:2;2:3;2:4;3:0;3:1,0:3;0:4;1:0;1:1;1:2;1:3;2:0;2:1;2:2;2:3;2:4;3:0;3:1,,,0:3;0:4;1:0;1:1;1:2;1:3;2:0;2:1;2:2;2:3;2:4;3:0;3:1,,"{""q_ra"": 0, ""q_scratch"": 5, ""q_thermal"": 0, ""q_uniformity"": 8}","[[73.347, 74.999, 73.082, 61.368, 60.9], [67.284, 65.666, 59.788, 68.444, 75.271], [67.716, 65.116, 68.209, 68.349, 69.6], [66.967, 67.429, 76.114, 70.335, 70.712], [72.807, 75.922, 76.569, 70.391, 74.73]]","[[73.347, 74.999, 73.082, 61.368, 60.9], [67.284, 65.666, 59.788, 68.444, 75.271], [67.716, 65.116, 68.209, 68.349, 69.6], [66.967, 67.429, 76.114, 70.335, 70.712], [72.807, 75.922, 76.569, 70.391, 74.73]]","[[73.347, 74.999, 73.082, 61.368, 60.9], [67.284, 65.666, 59.788, 68.444, 75.271], [67.716, 65.116, 68.209, 68.349, 69.6], [66.967, 67.429, 76.114, 70.335, 70.712], [72.807, 75.922, 76.569, 70.391, 74.73]]","[[78.0, 78.0, 78.0, 78.0, 78.0], [78.0, 78.0, 78.0, 78.0, 78.0], [78.0, 78.0, 78.0, 78.0, 78.0], [78.0, 78.0, 78.0, 77.992, 77.912], [78.0, 78.0, 78.0, 77.992, 77.933]]","[[78.0, 78.0, 78.0, 78.0, 78.0], [78.0, 78.0, 78.0, 78.0, 78.0], [78.0, 78.0, 78.0, 78.0, 78.0], [78.0, 78.0, 78.0, 77.992, 77.912], [78.0, 78.0, 78.0, 77.992, 77.933]]","[[78.0, 78.0, 78.0, 78.0, 78.0], [78.0, 78.0, 78.0, 78.0, 78.0], [78.0, 78.0, 78.0, 78.0, 78.0], [78.0, 78.0, 78.0, 77.992, 77.912], [78.0, 78.0, 78.0, 77.992, 77.933]]","[[0.863192, 0.826024, 0.824698, 0.808528, 0.817172], [0.819978, 0.789128, 0.784302, 0.765535, 0.779718], [0.798216, 0.791581, 0.748498, 0.763243, 0.780099], [0.812449, 0.774729, 0.781516, 0.775508, 0.777497], [0.824298, 0.808433, 0.801347, 0.790593, 0.795193]]","[[0.889203, 0.860062, 0.858918, 0.835744, 0.836328], [0.863025, 0.838543, 0.83301, 0.806705, 0.813336], [0.841757, 0.840482, 0.792674, 0.801132, 0.810499], [0.842843, 0.807217, 0.811341, 0.798341, 0.793341], [0.835808, 0.823817, 0.815616, 0.800316, 0.79976]]","[[0.886719, 0.860062, 0.850783, 0.832806, 0.832315], [0.86207, 0.837791, 0.827367, 0.806261, 0.805088], [0.838258, 0.82488, 0.792674, 0.792839, 0.803197], [0.841061, 0.807217, 0.793712, 0.784737, 0.788737], [0.827646, 0.808942, 0.804616, 0.791957, 0.787445]]","[[""q_uniformity"", ""q_uniformity"", ""q_scratch"", ""q_uniformity"", ""q_uniformity""], [""q_scratch"", ""q_scratch"", ""q_scratch"", ""q_uniformity"", ""q_uniformity""], [""q_uniformity"", ""q_scratch"", ""q_uniformity"", ""q_uniformity"", ""q_uniformity""], [""q_uniformity"", ""q_scratch"", ""q_uniformity"", ""q_uniformity"", ""q_uniformity""], [""q_uniformity"", ""q_uniformity"", ""q_uniformity"", ""q_uniformity"", ""q_uniformity""]]","[[45.958, 44.787, 44.077, 43.244, 43.095], [44.264, 43.301, 42.615, 41.817, 41.772], [42.633, 42.174, 41.028, 40.825, 40.836], [41.788, 40.981, 40.697, 40.291, 40.143], [41.394, 40.967, 40.573, 40.179, 40.102]]","[[47.947, 47.193, 46.389, 45.847, 45.658], [46.528, 45.862, 45.144, 44.649, 44.474], [45.008, 44.485, 43.913, 43.513, 43.369], [43.986, 43.603, 43.185, 42.89, 42.785], [43.632, 43.313, 42.964, 42.719, 42.632]]","[[48.488, 47.901, 47.069, 46.38, 46.025], [47.395, 46.856, 46.084, 45.437, 45.098], [45.827, 45.379, 44.734, 44.184, 43.89], [44.509, 44.174, 43.688, 43.27, 43.045], [43.822, 43.566, 43.195, 42.876, 42.704]]"
finish_rule,18,0,1,continue,5.7779998779296875,5.777801513671875,5.659209728240967,6.9276838302612305,0.0,5.945709068328142,0.0,0,52.32952685239742,68.45660077596824,0.17097407455744965,0.1237478993815916,1.9935701182292833,1.530592268803748,1.738487741128841,1.126914021338099,41.27772842028264,40.46452829072194,0.8132001295607054,10.464528290721937,35.902849926154694,0.008117871805722229,0.022048560343310847,0.1436949978196814,0.46031999744999336,58.90621398904799,6.2383199974499925,False,True,68.45660077596824,48.03400178953056,11,11,0,77.99313594448658,77.91154891430878,0,0,0,11,0,0:1;0:4;2:4;3:0;3:1;3:3;3:4;4:0;4:1;4:2;4:4,0:1;0:4;2:4;3:0;3:1;3:3;3:4;4:0;4:1;4:2;4:4,,,0:1;0:4;2:4;3:0;3:1;3:3;3:4;4:0;4:1;4:2;4:4,,"{""q_ra"": 2, ""q_scratch"": 9, ""q_thermal"": 0, ""q_uniformity"": 0}","[[73.457, 69.117, 75.795, 75.15, 48.034], [73.268, 74.026, 74.424, 76.837, 76.69], [71.634, 72.957, 74.402, 76.485, 66.495], [52.853, 68.384, 71.07, 69.504, 62.884], [60.805, 50.211, 63.38, 73.879, 59.674]]","[[73.457, 69.117, 75.795, 75.15, 48.034], [73.268, 74.026, 74.424, 76.837, 76.69], [71.634, 72.957, 74.402, 76.485, 66.495], [52.853, 68.384, 71.07, 69.504, 62.884], [60.805, 50.211, 63.38, 73.879, 59.674]]","[[73.457, 69.117, 75.795, 75.15, 48.034], [73.268, 74.026, 74.424, 76.837, 76.69], [71.634, 72.957, 74.402, 76.485, 66.495], [52.853, 68.384, 71.07, 69.504, 62.884], [60.805, 50.211, 63.38, 73.879, 59.674]]","[[78.0, 78.0, 78.0, 78.0, 78.0], [78.0, 78.0, 78.0, 78.0, 78.0], [78.0, 78.0, 78.0, 78.0, 78.0], [78.0, 78.0, 78.0, 77.992, 77.912], [78.0, 78.0, 78.0, 77.992, 77.933]]","[[78.0, 78.0, 78.0, 78.0, 78.0], [78.0, 78.0, 78.0, 78.0, 78.0], [78.0, 78.0, 78.0, 78.0, 78.0], [78.0, 78.0, 78.0, 77.992, 77.912], [78.0, 78.0, 78.0, 77.992, 77.933]]","[[78.0, 78.0, 78.0, 78.0, 78.0], [78.0, 78.0, 78.0, 78.0, 78.0], [78.0, 78.0, 78.0, 78.0, 78.0], [78.0, 78.0, 78.0, 77.992, 77.912], [78.0, 78.0, 78.0, 77.992, 77.933]]","[[0.91189, 0.89014, 0.852892, 0.851223, 0.882052], [0.887152, 0.85684, 0.842468, 0.840834, 0.869549], [0.871237, 0.843061, 0.83339, 0.845075, 0.874588], [0.872895, 0.856275, 0.855878, 0.855989, 0.876995], [0.899417, 0.879585, 0.871772, 0.875371, 0.888704]]","[[0.927893, 0.927047, 0.898241, 0.890068, 0.901472], [0.919554, 0.905764, 0.897411, 0.887379, 0.896502], [0.91123, 0.895826, 0.890821, 0.895457, 0.906938], [0.907658, 0.902277, 0.907745, 0.902442, 0.907624], [0.917695, 0.908851, 0.908562, 0.909943, 0.90951]]","[[0.907769, 0.889873, 0.886062, 0.881968, 0.894169], [0.899568, 0.892767, 0.890246, 0.884609, 0.896502], [0.893633, 0.891574, 0.887839, 0.887006, 0.89634], [0.895531, 0.894089, 0.896096, 0.896492, 0.905554], [0.904166, 0.896975, 0.900316, 0.905691, 0.909308]]","[[""q_scratch"", ""q_scratch"", ""q_uniformity"", ""q_uniformity"", ""q_ra""], [""q_scratch"", ""q_scratch"", ""q_scratch"", ""q_uniformity"", ""q_uniformity""], [""q_scratch"", ""q_scratch"", ""q_uniformity"", ""q_uniformity"", ""q_scratch""], [""q_scratch"", ""q_scratch"", ""q_scratch"", ""q_scratch"", ""q_scratch""], [""q_scratch"", ""q_ra"", ""q_scratch"", ""q_scratch"", ""q_scratch""]]","[[40.465, 40.789, 41.331, 42.419, 43.64], [40.636, 40.791, 41.538, 42.563, 43.722], [41.247, 41.338, 42.043, 43.189, 44.34], [42.166, 42.337, 43.106, 44.028, 45.027], [43.153, 43.24, 43.86, 44.817, 45.685]]","[[41.278, 41.638, 42.614, 43.953, 45.131], [41.566, 41.914, 42.857, 44.158, 45.306], [42.343, 42.656, 43.519, 44.729, 45.811], [43.403, 43.674, 44.438, 45.545, 46.556], [44.332, 44.568, 45.255, 46.284, 47.245]]","[[41.476, 42.121, 43.285, 44.59, 45.464], [41.989, 42.594, 43.695, 44.942, 45.781], [42.91, 43.448, 44.45, 45.607, 46.396], [43.937, 44.408, 45.313, 46.388, 47.134], [44.623, 45.052, 45.899, 46.927, 47.649]]"
finish_rule,18,0,2,success,6.2383198738098145,5.30269193649292,5.156030654907227,6.528292655944824,-0.4999999701976776,7.999825291335583,0.6908990144729614,0,68.45660077596824,72.18147020530273,0.1237478993815916,0.13473310201814306,1.530592268803748,1.2558290408194548,1.126914021338099,0.673555795726092,40.46452829072194,39.81049786395575,0.6540304267661838,9.810497863955753,35.902849926154694,0.008117871805722229,0.0,0.12684766064059638,,,,True,True,72.18147020530273,59.81935122736807,4,4,0,77.99313594448658,77.91154891430878,0,0,0,4,0,0:4;3:0;4:0;4:1,0:4;3:0;4:0;4:1,,,0:4;3:0;4:0;4:1,,"{""q_ra"": 0, ""q_scratch"": 2, ""q_thermal"": 0, ""q_uniformity"": 2}","[[72.129, 70.078, 75.271, 74.713, 59.819], [72.832, 74.888, 75.789, 76.585, 76.529], [73.4, 75.563, 74.954, 76.151, 71.079], [64.749, 72.618, 74.691, 72.992, 70.218], [66.359, 65.675, 71.275, 76.174, 70.006]]","[[72.129, 70.078, 75.271, 74.713, 59.819], [72.832, 74.888, 75.789, 76.585, 76.529], [73.4, 75.563, 74.954, 76.151, 71.079], [64.749, 72.618, 74.691, 72.992, 70.218], [66.359, 65.675, 71.275, 76.174, 70.006]]","[[72.129, 70.078, 75.271, 74.713, 59.819], [72.832, 74.888, 75.789, 76.585, 76.529], [73.4, 75.563, 74.954, 76.151, 71.079], [64.749, 72.618, 74.691, 72.992, 70.218], [66.359, 65.675, 71.275, 76.174, 70.006]]","[[78.0, 78.0, 78.0, 78.0, 78.0], [78.0, 78.0, 78.0, 78.0, 78.0], [78.0, 78.0, 78.0, 78.0, 78.0], [78.0, 78.0, 78.0, 77.992, 77.912], [78.0, 78.0, 78.0, 77.992, 77.933]]","[[78.0, 78.0, 78.0, 78.0, 78.0], [78.0, 78.0, 78.0, 78.0, 78.0], [78.0, 78.0, 78.0, 78.0, 78.0], [78.0, 78.0, 78.0, 77.992, 77.912], [78.0, 78.0, 78.0, 77.992, 77.933]]","[[78.0, 78.0, 78.0, 78.0, 78.0], [78.0, 78.0, 78.0, 78.0, 78.0], [78.0, 78.0, 78.0, 78.0, 78.0], [78.0, 78.0, 78.0, 77.992, 77.912], [78.0, 78.0, 78.0, 77.992, 77.933]]","[[0.854897, 0.823036, 0.784672, 0.784566, 0.819096], [0.819941, 0.791428, 0.777162, 0.777591, 0.809142], [0.807487, 0.777756, 0.769872, 0.785339, 0.818672], [0.809248, 0.796247, 0.799046, 0.799754, 0.822975], [0.840265, 0.822075, 0.814691, 0.820223, 0.835003]]","[[0.8699, 0.857161, 0.826393, 0.82037, 0.83713], [0.849889, 0.836617, 0.827847, 0.820635, 0.834223], [0.844554, 0.826433, 0.822925, 0.832161, 0.848954], [0.841476, 0.839025, 0.847469, 0.843156, 0.851717], [0.857341, 0.849428, 0.849072, 0.852617, 0.854552]]","[[0.839449, 0.818548, 0.817516, 0.813077, 0.830155], [0.830092, 0.824648, 0.821963, 0.818407, 0.834223], [0.824276, 0.821955, 0.822049, 0.825184, 0.836955], [0.830026, 0.832163, 0.8351, 0.837506, 0.848523], [0.841637, 0.834693, 0.839971, 0.846994, 0.854036]]","[[""q_uniformity"", ""q_scratch"", ""q_uniformity"", ""q_uniformity"", ""q_uniformity""], [""q_uniformity"", ""q_uniformity"", ""q_uniformity"", ""q_uniformity"", ""q_uniformity""], [""q_uniformity"", ""q_uniformity"", ""q_uniformity"", ""q_uniformity"", ""q_uniformity""], [""q_scratch"", ""q_uniformity"", ""q_uniformity"", ""q_uniformity"", ""q_uniformity""], [""q_scratch"", ""q_uniformity"", ""q_uniformity"", ""q_uniformity"", ""q_uniformity""]]","[[39.81, 39.976, 40.424, 41.447, 42.666], [39.83, 39.967, 40.643, 41.618, 42.769], [40.424, 40.459, 41.125, 42.257, 43.423], [41.279, 41.473, 42.236, 43.107, 44.101], [42.288, 42.374, 42.953, 43.884, 44.737]]","[[41.278, 41.638, 42.614, 43.953, 45.131], [41.566, 41.914, 42.857, 44.158, 45.306], [42.343, 42.656, 43.519, 44.729, 45.811], [43.403, 43.674, 44.438, 45.545, 46.556], [44.332, 44.568, 45.255, 46.284, 47.245]]","[[41.476, 42.121, 43.285, 44.59, 45.464], [41.989, 42.594, 43.695, 44.942, 45.781], [42.91, 43.448, 44.45, 45.607, 46.396], [43.937, 44.408, 45.313, 46.388, 47.134], [44.623, 45.052, 45.899, 46.927, 47.649]]"
finish_rule,19,0,1,continue,5.7779998779296875,5.777801513671875,5.659209728240967,6.9276838302612305,0.0,5.945709068328142,0.0,0,47.93439643489107,63.65165678119034,0.263040708186763,0.17048283200230135,2.2247941935557978,1.7689266119980864,1.6012569380648265,0.9982265067935625,45.16270605347124,43.925377441918215,1.2373286115530249,13.925377441918215,35.902849926154694,0.008117871805722229,0.09069061741156657,0.2186398226908653,1.2443837947096303,54.54348295360401,7.02238379470963,False,True,63.65165678119034,43.47002747630967,18,18,0,77.99313594448658,77.91154891430878,0,0,0,18,0,0:1;0:2;0:3;0:4;1:0;1:1;1:3;1:4;2:0;2:1;2:2;2:3;2:4;3:3;3:4;4:2;4:3;4:4,0:1;0:2;0:3;0:4;1:0;1:1;1:3;1:4;2:0;2:1;2:2;2:3;2:4;3:3;3:4;4:2;4:3;4:4,,,0:1;0:2;0:3;0:4;1:0;1:1;1:3;1:4;2:0;2:1;2:2;2:3;2:4;3:3;3:4;4:2;4:3;4:4,,"{""q_ra"": 9, ""q_scratch"": 9, ""q_thermal"": 0, ""q_uniformity"": 0}","[[75.292, 49.808, 65.362, 57.824, 58.496], [66.459, 51.221, 70.502, 65.365, 68.491], [60.368, 62.744, 68.595, 68.308, 59.167], [76.103, 77.226, 71.283, 65.593, 43.47], [75.76, 76.62, 52.476, 48.9, 55.858]]","[[75.292, 49.808, 65.362, 57.824, 58.496], [66.459, 51.221, 70.502, 65.365, 68.491], [60.368, 62.744, 68.595, 68.308, 59.167], [76.103, 77.226, 71.283, 65.593, 43.47], [75.76, 76.62, 52.476, 48.9, 55.858]]","[[75.292, 49.808, 65.362, 57.824, 58.496], [66.459, 51.221, 70.502, 65.365, 68.491], [60.368, 62.744, 68.595, 68.308, 59.167], [76.103, 77.226, 71.283, 65.593, 43.47], [75.76, 76.62, 52.476, 48.9, 55.858]]","[[78.0, 78.0, 78.0, 78.0, 78.0], [78.0, 78.0, 78.0, 78.0, 78.0], [78.0, 78.0, 78.0, 78.0, 78.0], [78.0, 78.0, 78.0, 77.992, 77.912], [78.0, 78.0, 78.0, 77.992, 77.933]]","[[78.0, 78.0, 78.0, 78.0, 78.0], [78.0, 78.0, 78.0, 78.0, 78.0], [78.0, 78.0, 78.0, 78.0, 78.0], [78.0, 78.0, 78.0, 77.992, 77.912], [78.0, 78.0, 78.0, 77.992, 77.933]]","[[78.0, 78.0, 78.0, 78.0, 78.0], [78.0, 78.0, 78.0, 78.0, 78.0], [78.0, 78.0, 78.0, 78.0, 78.0], [78.0, 78.0, 78.0, 77.992, 77.912], [78.0, 78.0, 78.0, 77.992, 77.933]]","[[0.934385, 0.909128, 0.895845, 0.920861, 0.927438], [0.911515, 0.893206, 0.877691, 0.877042, 0.879551], [0.898807, 0.882399, 0.874001, 0.869045, 0.861946], [0.895524, 0.877052, 0.875036, 0.87544, 0.879989], [0.914152, 0.901666, 0.898475, 0.89531, 0.903264]]","[[0.949012, 0.935054, 0.924569, 0.925467, 0.927438], [0.936701, 0.92857, 0.918623, 0.917703, 0.911901], [0.927086, 0.918098, 0.914586, 0.910949, 0.901689], [0.917643, 0.903866, 0.904652, 0.905507, 0.908697], [0.922078, 0.913162, 0.910948, 0.906689, 0.912622]]","[[0.936279, 0.923778, 0.92197, 0.921727, 0.927438], [0.932207, 0.914122, 0.909678, 0.909551, 0.911901], [0.921512, 0.909753, 0.905437, 0.901878, 0.901605], [0.909709, 0.900142, 0.894302, 0.895704, 0.897176], [0.907598, 0.901182, 0.898758, 0.895316, 0.90711]]","[[""q_uniformity"", ""q_ra"", ""q_scratch"", ""q_ra"", ""q_ra""], [""q_scratch"", ""q_ra"", ""q_scratch"", ""q_scratch"", ""q_scratch""], [""q_scratch"", ""q_scratch"", ""q_scratch"", ""q_scratch"", ""q_ra""], [""q_uniformity"", ""q_uniformity"", ""q_scratch"", ""q_scratch"", ""q_ra""], [""q_uniformity"", ""q_uniformity"", ""q_ra"", ""q_ra"", ""q_ra""]]","[[47.191, 47.217, 47.672, 48.416, 48.549], [46.218, 46.281, 46.575, 47.078, 47.35], [45.126, 45.109, 45.35, 45.612, 45.685], [44.219, 44.095, 44.309, 44.535, 44.735], [43.981, 43.925, 44.068, 44.184, 44.4]]","[[48.114, 48.413, 49.114, 49.899, 50.0], [47.314, 47.533, 48.043, 48.61, 49.026], [46.315, 46.457, 46.784, 47.138, 47.395], [45.495, 45.594, 45.817, 46.052, 46.215], [45.163, 45.25, 45.444, 45.643, 45.779]]","[[48.398, 48.938, 49.727, 49.999, 50.0], [47.792, 48.227, 48.885, 49.472, 49.726], [46.828, 47.123, 47.563, 47.965, 48.197], [45.877, 46.071, 46.353, 46.603, 46.744], [45.294, 45.444, 45.658, 45.842, 45.943]]"
finish_rule,19,0,2,success,7.022383689880371,5.9688920974731445,5.803988933563232,7.196196556091309,-0.4999999701976776,7.999825291335583,0.6908990144729614,0,63.65165678119034,70.04885956418617,0.17048283200230135,0.17314317004972588,1.7689266119980864,1.5590583819378638,0.9982265067935625,0.5499522054478345,43.925377441918215,42.87399394589728,1.0513834960209323,12.873993945897283,35.902849926154694,0.008117871805722229,0.0,0.1811484322344251,,,,True,True,70.04885956418617,57.674074923651105,11,11,0,77.99313594448658,77.91154891430878,0,0,0,11,0,0:1;0:3;0:4;1:1;2:0;2:1;2:4;3:4;4:2;4:3;4:4,0:1;0:3;0:4;1:1;2:0;2:1;2:4;3:4;4:2;4:3;4:4,,,0:1;0:3;0:4;1:1;2:0;2:1;2:4;3:4;4:2;4:3;4:4,,"{""q_ra"": 1, ""q_scratch"": 3, ""q_thermal"": 0, ""q_uniformity"": 7}","[[73.286, 62.484, 71.081, 69.717, 69.426], [71.436, 64.355, 72.176, 70.58, 72.728], [67.736, 67.915, 72.595, 71.622, 68.503], [75.775, 77.066, 74.69, 70.275, 57.674], [75.203, 76.56, 66.637, 63.546, 68.155]]","[[73.286, 62.484, 71.081, 69.717, 69.426], [71.436, 64.355, 72.176, 70.58, 72.728], [67.736, 67.915, 72.595, 71.622, 68.503], [75.775, 77.066, 74.69, 70.275, 57.674], [75.203, 76.56, 66.637, 63.546, 68.155]]","[[73.286, 62.484, 71.081, 69.717, 69.426], [71.436, 64.355, 72.176, 70.58, 72.728], [67.736, 67.915, 72.595, 71.622, 68.503], [75.775, 77.066, 74.69, 70.275, 57.674], [75.203, 76.56, 66.637, 63.546, 68.155]]","[[78.0, 78.0, 78.0, 78.0, 78.0], [78.0, 78.0, 78.0, 78.0, 78.0], [78.0, 78.0, 78.0, 78.0, 78.0], [78.0, 78.0, 78.0, 77.992, 77.912], [78.0, 78.0, 78.0, 77.992, 77.933]]","[[78.0, 78.0, 78.0, 78.0, 78.0], [78.0, 78.0, 78.0, 78.0, 78.0], [78.0, 78.0, 78.0, 78.0, 78.0], [78.0, 78.0, 78.0, 77.992, 77.912], [78.0, 78.0, 78.0, 77.992, 77.933]]","[[78.0, 78.0, 78.0, 78.0, 78.0], [78.0, 78.0, 78.0, 78.0, 78.0], [78.0, 78.0, 78.0, 78.0, 78.0], [78.0, 78.0, 78.0, 77.992, 77.912], [78.0, 78.0, 78.0, 77.992, 77.933]]","[[0.885152, 0.860182, 0.843171, 0.867236, 0.874227], [0.861158, 0.838425, 0.822949, 0.822517, 0.822284], [0.839669, 0.823154, 0.81496, 0.80997, 0.798949], [0.83136, 0.811848, 0.808762, 0.811509, 0.813815], [0.846426, 0.833589, 0.828026, 0.821732, 0.833733]]","[[0.899009, 0.884712, 0.870207, 0.871574, 0.874227], [0.884952, 0.871621, 0.861327, 0.86065, 0.852528], [0.866087, 0.856456, 0.852803, 0.849025, 0.835788], [0.851894, 0.836669, 0.836135, 0.83938, 0.840365], [0.853764, 0.844217, 0.839521, 0.832175, 0.842371]]","[[0.88653, 0.869052, 0.866834, 0.867507, 0.874227], [0.880288, 0.855477, 0.850892, 0.850888, 0.852528], [0.861052, 0.848638, 0.841483, 0.836551, 0.83558], [0.845208, 0.833145, 0.82536, 0.826932, 0.828336], [0.840206, 0.834056, 0.828596, 0.821363, 0.837103]]","[[""q_uniformity"", ""q_scratch"", ""q_uniformity"", ""q_uniformity"", ""q_uniformity""], [""q_scratch"", ""q_uniformity"", ""q_uniformity"", ""q_uniformity"", ""q_scratch""], [""q_scratch"", ""q_scratch"", ""q_uniformity"", ""q_uniformity"", ""q_uniformity""], [""q_uniformity"", ""q_uniformity"", ""q_uniformity"", ""q_scratch"", ""q_ra""], [""q_uniformity"", ""q_uniformity"", ""q_uniformity"", ""q_uniformity"", ""q_uniformity""]]","[[46.285, 46.29, 46.633, 47.344, 47.485], [45.322, 45.282, 45.541, 46.016, 46.22], [44.13, 44.095, 44.313, 44.551, 44.538], [43.2, 43.047, 43.225, 43.473, 43.627], [42.945, 42.874, 42.965, 43.018, 43.292]]","[[48.114, 48.413, 49.114, 49.899, 50.0], [47.314, 47.533, 48.043, 48.61, 49.026], [46.315, 46.457, 46.784, 47.138, 47.395], [45.495, 45.594, 45.817, 46.052, 46.215], [45.163, 45.25, 45.444, 45.643, 45.779]]","[[48.398, 48.938, 49.727, 49.999, 50.0], [47.792, 48.227, 48.885, 49.472, 49.726], [46.828, 47.123, 47.563, 47.965, 48.197], [45.877, 46.071, 46.353, 46.603, 46.744], [45.294, 45.444, 45.658, 45.842, 45.943]]"
finish_rule,20,0,1,continue,5.7779998779296875,5.777801513671875,5.659215927124023,6.929166793823242,0.0,5.945709068328142,0.0,0,51.26862416299819,63.578154863520474,0.2169316737972161,0.17120032320251008,2.271207956833794,2.047429936928422,1.8298911538717595,1.241577432163177,40.53969099491192,39.73113522197081,0.8085557729411121,9.73113522197081,35.90275179419036,0.008116681465491077,0.09174064480685036,0.14287416902857333,1.92632395549058,54.111497372381315,7.70432395549058,False,True,63.578154863520474,42.40714159665566,16,16,0,77.99313771634655,77.91156839296698,0,0,0,16,0,0:0;0:1;0:2;0:4;1:0;1:1;1:2;1:3;1:4;2:0;2:1;2:2;2:4;3:1;3:4;4:4,0:0;0:1;0:2;0:4;1:0;1:1;1:2;1:3;1:4;2:0;2:1;2:2;2:4;3:1;3:4;4:4,,,0:0;0:1;0:2;0:4;1:0;1:1;1:2;1:3;1:4;2:0;2:1;2:2;2:4;3:1;3:4;4:4,,"{""q_ra"": 7, ""q_scratch"": 9, ""q_thermal"": 0, ""q_uniformity"": 0}","[[62.326, 51.426, 69.916, 71.355, 54.056], [55.369, 46.216, 57.974, 67.865, 52.125], [66.783, 42.407, 60.004, 77.106, 52.424], [76.577, 50.725, 76.935, 76.866, 65.812], [75.611, 76.167, 77.214, 72.508, 53.685]]","[[62.326, 51.426, 69.916, 71.355, 54.056], [55.369, 46.216, 57.974, 67.865, 52.125], [66.783, 42.407, 60.004, 77.106, 52.424], [76.577, 50.725, 76.935, 76.866, 65.812], [75.611, 76.167, 77.214, 72.508, 53.685]]","[[62.326, 51.426, 69.916, 71.355, 54.056], [55.369, 46.216, 57.974, 67.865, 52.125], [66.783, 42.407, 60.004, 77.106, 52.424], [76.577, 50.725, 76.935, 76.866, 65.812], [75.611, 76.167, 77.214, 72.508, 53.685]]","[[78.0, 78.0, 78.0, 78.0, 78.0], [78.0, 78.0, 78.0, 78.0, 78.0], [78.0, 78.0, 78.0, 78.0, 78.0], [78.0, 78.0, 78.0, 77.992, 77.912], [78.0, 78.0, 78.0, 77.992, 77.933]]","[[78.0, 78.0, 78.0, 78.0, 78.0], [78.0, 78.0, 78.0, 78.0, 78.0], [78.0, 78.0, 78.0, 78.0, 78.0], [78.0, 78.0, 78.0, 77.992, 77.912], [78.0, 78.0, 78.0, 77.992, 77.933]]","[[78.0, 78.0, 78.0, 78.0, 78.0], [78.0, 78.0, 78.0, 78.0, 78.0], [78.0, 78.0, 78.0, 78.0, 78.0], [78.0, 78.0, 78.0, 77.992, 77.912], [78.0, 78.0, 78.0, 77.992, 77.933]]","[[0.896706, 0.869478, 0.854254, 0.85477, 0.878707], [0.838705, 0.829497, 0.830072, 0.840823, 0.870593], [0.830737, 0.833524, 0.84505, 0.857351, 0.883907], [0.858827, 0.85266, 0.862094, 0.868027, 0.884562], [0.888368, 0.869091, 0.86698, 0.870266, 0.896791]]","[[0.92346, 0.907644, 0.902488, 0.898745, 0.900048], [0.903587, 0.894488, 0.891025, 0.886759, 0.891057], [0.896583, 0.888904, 0.888589, 0.884755, 0.892814], [0.911297, 0.904581, 0.899648, 0.883661, 0.893826], [0.917643, 0.908046, 0.903905, 0.894237, 0.906329]]","[[0.899207, 0.882482, 0.880967, 0.883496, 0.894768], [0.895232, 0.883666, 0.880523, 0.880241, 0.879228], [0.896583, 0.88703, 0.884269, 0.881183, 0.883549], [0.911297, 0.899092, 0.897947, 0.879896, 0.882087], [0.915804, 0.908046, 0.903905, 0.893325, 0.890166]]","[[""q_scratch"", ""q_ra"", ""q_scratch"", ""q_scratch"", ""q_ra""], [""q_scratch"", ""q_ra"", ""q_scratch"", ""q_scratch"", ""q_ra""], [""q_scratch"", ""q_ra"", ""q_scratch"", ""q_uniformity"", ""q_ra""], [""q_uniformity"", ""q_scratch"", ""q_uniformity"", ""q_uniformity"", ""q_scratch""], [""q_uniformity"", ""q_uniformity"", ""q_uniformity"", ""q_scratch"", ""q_ra""]]","[[39.733, 39.731, 40.244, 41.202, 42.258], [40.296, 40.299, 40.668, 41.388, 42.274], [42.006, 41.892, 41.923, 42.109, 42.565], [44.141, 43.598, 43.098, 42.617, 42.537], [45.657, 44.686, 43.675, 42.795, 42.613]]","[[40.54, 40.721, 41.351, 42.464, 43.619], [41.394, 41.514, 41.973, 42.842, 43.775], [43.391, 43.378, 43.418, 43.686, 44.074], [45.517, 45.032, 44.559, 44.278, 44.026], [47.062, 46.173, 45.129, 44.309, 43.916]]","[[40.854, 41.192, 41.992, 43.106, 43.95], [42.276, 42.416, 42.852, 43.544, 44.098], [44.452, 44.267, 44.11, 44.124, 44.216], [46.465, 45.948, 45.193, 44.535, 44.173], [47.624, 46.898, 45.774, 44.703, 44.064]]"
finish_rule,20,0,2,fail_quality_regression,7.704323768615723,6.548795223236084,6.367544651031494,7.776618480682373,-0.4999999701976776,7.999825291335583,0.6908990144729614,0,63.578154863520474,69.69992399760987,0.17120032320251008,0.18584603223872861,2.047429936928422,1.9239874025291783,1.241577432163177,0.81725164427439,39.73113522197081,38.795212015507296,0.9359232064635137,8.795212015507296,35.90275179419036,0.009804985731654175,0.004286800034144684,0.14698337550124618,,,,False,True,69.69992399760987,56.13094281834448,12,12,0,77.99242889427407,77.89985958271225,0,0,0,12,0,0:0;0:1;0:4;1:0;1:1;1:2;1:4;2:1;2:2;2:4;3:1;4:4,0:0;0:1;0:4;1:0;1:1;1:2;1:4;2:1;2:2;2:4;3:1;4:4,,,0:0;0:1;0:4;1:0;1:1;1:2;1:4;2:1;2:2;2:4;3:1;4:4,,"{""q_ra"": 2, ""q_scratch"": 5, ""q_thermal"": 0, ""q_uniformity"": 5}","[[62.223, 63.983, 71.624, 74.131, 64.329], [66.87, 59.875, 66.887, 73.633, 66.587], [71.261, 56.131, 67.938, 76.817, 67.802], [76.232, 62.274, 76.637, 76.502, 70.619], [74.79, 75.887, 77.148, 75.123, 67.194]]","[[62.223, 63.983, 71.624, 74.131, 64.329], [66.87, 59.875, 66.887, 73.633, 66.587], [71.261, 56.131, 67.938, 76.817, 67.802], [76.232, 62.274, 76.637, 76.502, 70.619], [74.79, 75.887, 77.148, 75.123, 67.194]]","[[62.223, 63.983, 71.624, 74.131, 64.329], [66.87, 59.875, 66.887, 73.633, 66.587], [71.261, 56.131, 67.938, 76.817, 67.802], [76.232, 62.274, 76.637, 76.502, 70.619], [74.79, 75.887, 77.148, 75.123, 67.194]]","[[78.0, 78.0, 78.0, 78.0, 78.0], [78.0, 78.0, 78.0, 78.0, 78.0], [78.0, 78.0, 78.0, 78.0, 78.0], [78.0, 78.0, 78.0, 77.991, 77.9], [78.0, 78.0, 78.0, 77.991, 77.929]]","[[78.0, 78.0, 78.0, 78.0, 78.0], [78.0, 78.0, 78.0, 78.0, 78.0], [78.0, 78.0, 78.0, 78.0, 78.0], [78.0, 78.0, 78.0, 77.991, 77.9], [78.0, 78.0, 78.0, 77.991, 77.929]]","[[78.0, 78.0, 78.0, 78.0, 78.0], [78.0, 78.0, 78.0, 78.0, 78.0], [78.0, 78.0, 78.0, 78.0, 78.0], [78.0, 78.0, 78.0, 77.991, 77.9], [78.0, 78.0, 78.0, 77.991, 77.929]]","[[0.814585, 0.785854, 0.76786, 0.765311, 0.793855], [0.757109, 0.747997, 0.743662, 0.754062, 0.782452], [0.755527, 0.752922, 0.763847, 0.772329, 0.796979], [0.792927, 0.782629, 0.785606, 0.782778, 0.796296], [0.825257, 0.801213, 0.7929, 0.788794, 0.81005]]","[[0.838889, 0.820348, 0.811216, 0.804684, 0.813135], [0.815678, 0.806603, 0.79827, 0.795258, 0.800844], [0.815411, 0.802947, 0.803203, 0.797015, 0.805009], [0.841371, 0.830285, 0.819829, 0.796877, 0.804636], [0.852452, 0.837125, 0.82667, 0.810521, 0.818666]]","[[0.812632, 0.785988, 0.786235, 0.790469, 0.808658], [0.808603, 0.794772, 0.787684, 0.789508, 0.789964], [0.815411, 0.801181, 0.796581, 0.792971, 0.796674], [0.841371, 0.824018, 0.818999, 0.79311, 0.794136], [0.84994, 0.837125, 0.82667, 0.809694, 0.804376]]","[[""q_scratch"", ""q_scratch"", ""q_scratch"", ""q_scratch"", ""q_uniformity""], [""q_scratch"", ""q_ra"", ""q_scratch"", ""q_scratch"", ""q_uniformity""], [""q_scratch"", ""q_ra"", ""q_uniformity"", ""q_uniformity"", ""q_uniformity""], [""q_uniformity"", ""q_scratch"", ""q_uniformity"", ""q_uniformity"", ""q_uniformity""], [""q_uniformity"", ""q_uniformity"", ""q_uniformity"", ""q_uniformity"", ""q_uniformity""]]","[[38.842, 38.795, 39.208, 40.03, 41.074], [39.294, 39.287, 39.558, 40.213, 41.031], [40.919, 40.742, 40.778, 40.908, 41.33], [43.056, 42.481, 41.936, 41.378, 41.286], [44.544, 43.539, 42.507, 41.598, 41.393]]","[[40.54, 40.721, 41.351, 42.464, 43.619], [41.394, 41.514, 41.973, 42.842, 43.775], [43.391, 43.378, 43.418, 43.686, 44.074], [45.517, 45.032, 44.559, 44.278, 44.026], [47.062, 46.173, 45.129, 44.309, 43.916]]","[[40.854, 41.192, 41.992, 43.106, 43.95], [42.276, 42.416, 42.852, 43.544, 44.098], [44.452, 44.267, 44.11, 44.124, 44.216], [46.465, 45.948, 45.193, 44.535, 44.173], [47.624, 46.898, 45.774, 44.703, 44.064]]"
finish_rule,21,0,1,continue,5.7779998779296875,5.777801513671875,5.659215927124023,6.929166793823242,0.0,5.945709068328142,0.0,0,58.79333529890988,68.565328387824,0.19094030458987776,0.14836910359976854,2.0732778433801466,1.6655105435979898,1.745860744514099,1.1001739344431496,42.25813181988936,41.11391152918627,1.144220290703089,11.113911529186268,35.90275179419036,0.008116681465491077,0.020495308745371484,0.20218707068923844,0.3041041448719455,45.076628778080234,6.082104144871945,False,True,68.565328387824,46.82410997936162,11,11,0,77.99313771634655,77.91156839296698,0,0,0,11,0,0:1;1:1;2:0;2:1;2:2;3:1;3:2;4:1;4:2;4:3;4:4,0:1;1:1;2:0;2:1;2:2;3:1;3:2;4:1;4:2;4:3;4:4,,,0:1;1:1;2:0;2:1;2:2;3:1;3:2;4:1;4:2;4:3;4:4,,"{""q_ra"": 2, ""q_scratch"": 9, ""q_thermal"": 0, ""q_uniformity"": 0}","[[73.598, 69.753, 76.343, 76.633, 75.701], [76.531, 58.183, 76.696, 77.031, 76.154], [59.714, 58.884, 57.969, 76.812, 76.448], [76.349, 58.684, 46.824, 70.497, 76.594], [75.573, 66.489, 58.707, 51.182, 66.784]]","[[73.598, 69.753, 76.343, 76.633, 75.701], [76.531, 58.183, 76.696, 77.031, 76.154], [59.714, 58.884, 57.969, 76.812, 76.448], [76.349, 58.684, 46.824, 70.497, 76.594], [75.573, 66.489, 58.707, 51.182, 66.784]]","[[73.598, 69.753, 76.343, 76.633, 75.701], [76.531, 58.183, 76.696, 77.031, 76.154], [59.714, 58.884, 57.969, 76.812, 76.448], [76.349, 58.684, 46.824, 70.497, 76.594], [75.573, 66.489, 58.707, 51.182, 66.784]]","[[78.0, 78.0, 78.0, 78.0, 78.0], [78.0, 78.0, 78.0, 78.0, 78.0], [78.0, 78.0, 78.0, 78.0, 78.0], [78.0, 78.0, 78.0, 77.992, 77.912], [78.0, 78.0, 78.0, 77.992, 77.933]]","[[78.0, 78.0, 78.0, 78.0, 78.0], [78.0, 78.0, 78.0, 78.0, 78.0], [78.0, 78.0, 78.0, 78.0, 78.0], [78.0, 78.0, 78.0, 77.992, 77.912], [78.0, 78.0, 78.0, 77.992, 77.933]]","[[78.0, 78.0, 78.0, 78.0, 78.0], [78.0, 78.0, 78.0, 78.0, 78.0], [78.0, 78.0, 78.0, 78.0, 78.0], [78.0, 78.0, 78.0, 77.992, 77.912], [78.0, 78.0, 78.0, 77.992, 77.933]]","[[0.929455, 0.899032, 0.885357, 0.872792, 0.895709], [0.915486, 0.893868, 0.871108, 0.853759, 0.869307], [0.903961, 0.883997, 0.864189, 0.838434, 0.846768], [0.889678, 0.861774, 0.847519, 0.821219, 0.827478], [0.890872, 0.885867, 0.87066, 0.86974, 0.882176]]","[[0.936637, 0.925082, 0.924289, 0.911163, 0.921583], [0.922788, 0.918638, 0.912997, 0.903031, 0.914192], [0.911851, 0.903429, 0.902343, 0.891937, 0.906668], [0.903766, 0.889337, 0.889192, 0.873176, 0.885232], [0.902228, 0.909321, 0.900447, 0.899627, 0.906656]]","[[0.927876, 0.913431, 0.912491, 0.910979, 0.920858], [0.91522, 0.904797, 0.904071, 0.902016, 0.911778], [0.906381, 0.899336, 0.895012, 0.891724, 0.90439], [0.899712, 0.889337, 0.885677, 0.871611, 0.880729], [0.900491, 0.890005, 0.885332, 0.868037, 0.875186]]","[[""q_uniformity"", ""q_scratch"", ""q_uniformity"", ""q_uniformity"", ""q_uniformity""], [""q_uniformity"", ""q_scratch"", ""q_uniformity"", ""q_uniformity"", ""q_uniformity""], [""q_scratch"", ""q_scratch"", ""q_scratch"", ""q_uniformity"", ""q_uniformity""], [""q_uniformity"", ""q_scratch"", ""q_ra"", ""q_scratch"", ""q_uniformity""], [""q_uniformity"", ""q_scratch"", ""q_scratch"", ""q_ra"", ""q_scratch""]]","[[43.909, 44.057, 44.908, 45.859, 47.066], [43.657, 43.791, 44.253, 44.868, 45.753], [43.33, 43.224, 43.303, 43.356, 43.809], [42.86, 42.344, 42.022, 41.599, 41.688], [42.664, 42.271, 41.598, 41.18, 41.114]]","[[44.85, 45.196, 46.129, 47.405, 48.519], [44.8, 45.013, 45.612, 46.465, 47.231], [44.618, 44.637, 44.743, 44.974, 45.23], [44.229, 43.88, 43.52, 43.284, 43.204], [44.036, 43.494, 42.88, 42.428, 42.258]]","[[44.964, 45.636, 46.838, 48.17, 49.054], [44.918, 45.429, 46.362, 47.415, 48.121], [44.746, 44.959, 45.394, 45.929, 46.308], [44.454, 44.324, 44.184, 44.124, 44.125], [44.215, 43.852, 43.321, 42.855, 42.598]]"
finish_rule,21,0,2,success,6.082104206085205,5.1698808670043945,5.026930809020996,6.395685195922852,-0.4999999701976776,7.999825291335583,0.6908990144729614,0,68.565328387824,71.99054575557095,0.14836910359976854,0.16096721850826012,1.6655105435979898,1.4571977833755614,1.1001739344431496,0.6856315385787064,41.11391152918627,40.20563967295309,0.9082718562331777,10.20563967295309,35.90275179419036,0.008116681465491077,0.0,0.18068119310559305,,,,True,True,71.99054575557095,59.649718959269116,9,9,0,77.99313771634655,77.91156839296698,0,0,0,9,0,1:1;2:0;2:1;2:2;3:1;3:2;4:2;4:3;4:4,1:1;2:0;2:1;2:2;3:1;3:2;4:2;4:3;4:4,,,1:1;2:0;2:1;2:2;3:1;3:2;4:2;4:3;4:4,,"{""q_ra"": 0, ""q_scratch"": 6, ""q_thermal"": 0, ""q_uniformity"": 3}","[[73.631, 70.068, 75.905, 76.402, 74.883], [75.691, 67.262, 76.342, 76.86, 75.784], [68.461, 68.017, 66.845, 76.514, 76.147], [76.838, 68.44, 59.65, 74.251, 76.315], [74.893, 70.308, 67.055, 63.218, 69.984]]","[[73.631, 70.068, 75.905, 76.402, 74.883], [75.691, 67.262, 76.342, 76.86, 75.784], [68.461, 68.017, 66.845, 76.514, 76.147], [76.838, 68.44, 59.65, 74.251, 76.315], [74.893, 70.308, 67.055, 63.218, 69.984]]","[[73.631, 70.068, 75.905, 76.402, 74.883], [75.691, 67.262, 76.342, 76.86, 75.784], [68.461, 68.017, 66.845, 76.514, 76.147], [76.838, 68.44, 59.65, 74.251, 76.315], [74.893, 70.308, 67.055, 63.218, 69.984]]","[[78.0, 78.0, 78.0, 78.0, 78.0], [78.0, 78.0, 78.0, 78.0, 78.0], [78.0, 78.0, 78.0, 78.0, 78.0], [78.0, 78.0, 78.0, 77.992, 77.912], [78.0, 78.0, 78.0, 77.992, 77.933]]","[[78.0, 78.0, 78.0, 78.0, 78.0], [78.0, 78.0, 78.0, 78.0, 78.0], [78.0, 78.0, 78.0, 78.0, 78.0], [78.0, 78.0, 78.0, 77.992, 77.912], [78.0, 78.0, 78.0, 77.992, 77.933]]","[[78.0, 78.0, 78.0, 78.0, 78.0], [78.0, 78.0, 78.0, 78.0, 78.0], [78.0, 78.0, 78.0, 78.0, 78.0], [78.0, 78.0, 78.0, 77.992, 77.912], [78.0, 78.0, 78.0, 77.992, 77.933]]","[[0.886208, 0.848612, 0.834934, 0.821726, 0.848012], [0.860304, 0.838107, 0.817925, 0.799422, 0.818463], [0.846647, 0.825242, 0.803543, 0.778603, 0.791421], [0.830138, 0.799703, 0.781947, 0.751125, 0.759993], [0.827213, 0.822651, 0.799954, 0.793918, 0.810993]]","[[0.893056, 0.873201, 0.871648, 0.857852, 0.872508], [0.867166, 0.861332, 0.857257, 0.845559, 0.860723], [0.854036, 0.843382, 0.839019, 0.828288, 0.847406], [0.843284, 0.82528, 0.820396, 0.798647, 0.813037], [0.837757, 0.844431, 0.827322, 0.8212, 0.833497]]","[[0.876924, 0.857949, 0.859098, 0.857852, 0.871986], [0.859872, 0.846726, 0.846241, 0.844594, 0.85782], [0.847815, 0.839561, 0.832102, 0.828119, 0.842506], [0.839223, 0.82528, 0.817153, 0.797007, 0.808901], [0.836168, 0.825745, 0.813606, 0.790509, 0.799316]]","[[""q_uniformity"", ""q_scratch"", ""q_uniformity"", ""q_uniformity"", ""q_uniformity""], [""q_uniformity"", ""q_scratch"", ""q_uniformity"", ""q_uniformity"", ""q_uniformity""], [""q_scratch"", ""q_scratch"", ""q_scratch"", ""q_uniformity"", ""q_uniformity""], [""q_uniformity"", ""q_uniformity"", ""q_scratch"", ""q_uniformity"", ""q_uniformity""], [""q_uniformity"", ""q_uniformity"", ""q_scratch"", ""q_uniformity"", ""q_uniformity""]]","[[43.262, 43.269, 44.059, 44.931, 46.158], [42.834, 42.931, 43.383, 43.922, 44.832], [42.485, 42.345, 42.369, 42.403, 42.906], [41.999, 41.455, 41.091, 40.609, 40.735], [41.759, 41.395, 40.656, 40.206, 40.217]]","[[44.85, 45.196, 46.129, 47.405, 48.519], [44.8, 45.013, 45.612, 46.465, 47.231], [44.618, 44.637, 44.743, 44.974, 45.23], [44.229, 43.88, 43.52, 43.284, 43.204], [44.036, 43.494, 42.88, 42.428, 42.258]]","[[44.964, 45.636, 46.838, 48.17, 49.054], [44.918, 45.429, 46.362, 47.415, 48.121], [44.746, 44.959, 45.394, 45.929, 46.308], [44.454, 44.324, 44.184, 44.124, 44.125], [44.215, 43.852, 43.321, 42.855, 42.598]]"
finish_rule,22,0,1,continue,5.7779998779296875,5.777801513671875,5.659215450286865,6.929074764251709,0.0,5.945709068328142,0.0,0,47.414784410163676,66.60557072665188,0.1976841613721932,0.13501471047203326,2.1588289503500744,1.735200315300035,1.816480181947768,1.2219386400886179,40.0,38.2920555718377,1.7079444281622997,8.2920555718377,35.90280490188158,0.008118121813241223,0.04849184676211605,0.3017987993504867,0.48202822741320345,20.84851094629629,6.260028227413203,False,True,66.60557072665188,45.87375753771123,17,17,0,77.99313562362495,77.91154080957946,0,0,0,17,0,0:0;0:3;0:4;1:0;1:1;1:2;2:1;2:2;3:0;3:1;3:2;3:3;4:0;4:1;4:2;4:3;4:4,0:0;0:3;0:4;1:0;1:1;1:2;2:1;2:2;3:0;3:1;3:2;3:3;4:0;4:1;4:2;4:3;4:4,,,0:0;0:3;0:4;1:0;1:1;1:2;2:1;2:2;3:0;3:1;3:2;3:3;4:0;4:1;4:2;4:3;4:4,,"{""q_ra"": 2, ""q_scratch"": 15, ""q_thermal"": 0, ""q_uniformity"": 0}","[[64.153, 76.07, 71.601, 69.346, 69.945], [65.083, 68.768, 68.2, 75.181, 70.623], [74.192, 67.48, 52.03, 77.054, 71.663], [66.15, 69.046, 50.142, 69.697, 71.659], [62.393, 68.13, 45.874, 60.184, 60.472]]","[[64.153, 76.07, 71.601, 69.346, 69.945], [65.083, 68.768, 68.2, 75.181, 70.623], [74.192, 67.48, 52.03, 77.054, 71.663], [66.15, 69.046, 50.142, 69.697, 71.659], [62.393, 68.13, 45.874, 60.184, 60.472]]","[[64.153, 76.07, 71.601, 69.346, 69.945], [65.083, 68.768, 68.2, 75.181, 70.623], [74.192, 67.48, 52.03, 77.054, 71.663], [66.15, 69.046, 50.142, 69.697, 71.659], [62.393, 68.13, 45.874, 60.184, 60.472]]","[[78.0, 78.0, 78.0, 78.0, 78.0], [78.0, 78.0, 78.0, 78.0, 78.0], [78.0, 78.0, 78.0, 78.0, 78.0], [78.0, 78.0, 78.0, 77.992, 77.912], [78.0, 78.0, 78.0, 77.992, 77.933]]","[[78.0, 78.0, 78.0, 78.0, 78.0], [78.0, 78.0, 78.0, 78.0, 78.0], [78.0, 78.0, 78.0, 78.0, 78.0], [78.0, 78.0, 78.0, 77.992, 77.912], [78.0, 78.0, 78.0, 77.992, 77.933]]","[[78.0, 78.0, 78.0, 78.0, 78.0], [78.0, 78.0, 78.0, 78.0, 78.0], [78.0, 78.0, 78.0, 78.0, 78.0], [78.0, 78.0, 78.0, 77.992, 77.912], [78.0, 78.0, 78.0, 77.992, 77.933]]","[[0.895697, 0.864925, 0.853514, 0.833631, 0.836688], [0.863801, 0.847301, 0.839215, 0.834438, 0.831965], [0.857323, 0.847018, 0.843023, 0.829206, 0.830075], [0.852019, 0.844394, 0.836175, 0.837923, 0.832454], [0.858383, 0.850747, 0.836122, 0.837652, 0.839106]]","[[0.895697, 0.864925, 0.853514, 0.833631, 0.836688], [0.863801, 0.847301, 0.839215, 0.834438, 0.831965], [0.857323, 0.847018, 0.843023, 0.829206, 0.830075], [0.852019, 0.844394, 0.836175, 0.837923, 0.832454], [0.858383, 0.850747, 0.836122, 0.837652, 0.839106]]","[[0.895697, 0.864925, 0.853514, 0.833631, 0.836688], [0.863801, 0.847301, 0.839215, 0.834438, 0.831965], [0.857323, 0.847018, 0.843023, 0.829206, 0.830075], [0.852019, 0.844394, 0.836175, 0.837923, 0.832454], [0.858383, 0.850747, 0.836122, 0.837652, 0.839106]]","[[""q_scratch"", ""q_uniformity"", ""q_scratch"", ""q_scratch"", ""q_scratch""], [""q_scratch"", ""q_scratch"", ""q_scratch"", ""q_scratch"", ""q_scratch""], [""q_uniformity"", ""q_scratch"", ""q_scratch"", ""q_uniformity"", ""q_scratch""], [""q_scratch"", ""q_scratch"", ""q_ra"", ""q_scratch"", ""q_scratch""], [""q_scratch"", ""q_scratch"", ""q_ra"", ""q_scratch"", ""q_scratch""]]","[[38.957, 38.649, 38.535, 38.336, 38.367], [38.638, 38.473, 38.392, 38.344, 38.32], [38.573, 38.47, 38.43, 38.292, 38.301], [38.52, 38.444, 38.362, 38.379, 38.325], [38.584, 38.507, 38.361, 38.377, 38.391]]","[[40.0, 40.0, 40.0, 40.0, 40.0], [40.0, 40.0, 40.0, 40.0, 40.0], [40.0, 40.0, 40.0, 40.0, 40.0], [40.0, 40.0, 40.0, 40.0, 40.0], [40.0, 40.0, 40.0, 40.0, 40.0]]","[[40.0, 40.0, 40.0, 40.0, 40.0], [40.0, 40.0, 40.0, 40.0, 40.0], [40.0, 40.0, 40.0, 40.0, 40.0], [40.0, 40.0, 40.0, 40.0, 40.0], [40.0, 40.0, 40.0, 40.0, 40.0]]"
finish_rule,22,0,2,success,6.26002836227417,5.320990085601807,5.173977851867676,6.547159194946289,-0.4999999701976776,7.999825291335583,0.6908990144729614,0,66.60557072665188,71.1480044669785,0.13501471047203326,0.1468600438129215,1.735200315300035,1.500683359001041,1.2219386400886179,0.7614813783090244,38.2920555718377,37.30029317424279,0.9917623975949112,7.300293174242789,35.90280490188158,0.008118121813241223,0.0,0.19168276826637554,,,,True,True,71.1480044669785,59.32301067282506,6,6,0,77.99313562362495,77.91154080957946,0,0,0,6,0,0:0;2:2;3:2;4:2;4:3;4:4,0:0;2:2;3:2;4:2;4:3;4:4,,,0:0;2:2;3:2;4:2;4:3;4:4,,"{""q_ra"": 0, ""q_scratch"": 3, ""q_thermal"": 0, ""q_uniformity"": 3}","[[67.286, 75.284, 74.266, 72.295, 71.989], [70.147, 72.491, 72.075, 76.701, 72.575], [74.791, 70.999, 63.561, 76.825, 73.593], [72.497, 72.666, 61.374, 73.803, 74.322], [70.176, 71.543, 59.323, 69.476, 68.639]]","[[67.286, 75.284, 74.266, 72.295, 71.989], [70.147, 72.491, 72.075, 76.701, 72.575], [74.791, 70.999, 63.561, 76.825, 73.593], [72.497, 72.666, 61.374, 73.803, 74.322], [70.176, 71.543, 59.323, 69.476, 68.639]]","[[67.286, 75.284, 74.266, 72.295, 71.989], [70.147, 72.491, 72.075, 76.701, 72.575], [74.791, 70.999, 63.561, 76.825, 73.593], [72.497, 72.666, 61.374, 73.803, 74.322], [70.176, 71.543, 59.323, 69.476, 68.639]]","[[78.0, 78.0, 78.0, 78.0, 78.0], [78.0, 78.0, 78.0, 78.0, 78.0], [78.0, 78.0, 78.0, 78.0, 78.0], [78.0, 78.0, 78.0, 77.992, 77.912], [78.0, 78.0, 78.0, 77.992, 77.933]]","[[78.0, 78.0, 78.0, 78.0, 78.0], [78.0, 78.0, 78.0, 78.0, 78.0], [78.0, 78.0, 78.0, 78.0, 78.0], [78.0, 78.0, 78.0, 77.992, 77.912], [78.0, 78.0, 78.0, 77.992, 77.933]]","[[78.0, 78.0, 78.0, 78.0, 78.0], [78.0, 78.0, 78.0, 78.0, 78.0], [78.0, 78.0, 78.0, 78.0, 78.0], [78.0, 78.0, 78.0, 77.992, 77.912], [78.0, 78.0, 78.0, 77.992, 77.933]]","[[0.819733, 0.774993, 0.758395, 0.736708, 0.740259], [0.775874, 0.753957, 0.743329, 0.737888, 0.734758], [0.767356, 0.754208, 0.746653, 0.730029, 0.731086], [0.76127, 0.752521, 0.738467, 0.741275, 0.730228], [0.766522, 0.759217, 0.73822, 0.736842, 0.737065]]","[[0.819733, 0.774993, 0.758395, 0.736708, 0.740259], [0.775874, 0.753957, 0.743329, 0.737888, 0.734758], [0.767356, 0.754208, 0.746653, 0.730029, 0.731086], [0.76127, 0.752521, 0.738467, 0.741275, 0.730228], [0.766522, 0.759217, 0.73822, 0.736842, 0.737065]]","[[0.819733, 0.774993, 0.758395, 0.736708, 0.740259], [0.775874, 0.753957, 0.743329, 0.737888, 0.734758], [0.767356, 0.754208, 0.746653, 0.730029, 0.731086], [0.76127, 0.752521, 0.738467, 0.741275, 0.730228], [0.766522, 0.759217, 0.73822, 0.736842, 0.737065]]","[[""q_scratch"", ""q_uniformity"", ""q_uniformity"", ""q_uniformity"", ""q_uniformity""], [""q_uniformity"", ""q_uniformity"", ""q_uniformity"", ""q_uniformity"", ""q_uniformity""], [""q_uniformity"", ""q_uniformity"", ""q_scratch"", ""q_uniformity"", ""q_uniformity""], [""q_scratch"", ""q_uniformity"", ""q_scratch"", ""q_uniformity"", ""q_uniformity""], [""q_uniformity"", ""q_uniformity"", ""q_uniformity"", ""q_uniformity"", ""q_uniformity""]]","[[38.197, 37.75, 37.584, 37.367, 37.403], [37.759, 37.54, 37.433, 37.379, 37.348], [37.674, 37.542, 37.467, 37.3, 37.311], [37.613, 37.525, 37.385, 37.413, 37.302], [37.665, 37.592, 37.382, 37.368, 37.371]]","[[40.0, 40.0, 40.0, 40.0, 40.0], [40.0, 40.0, 40.0, 40.0, 40.0], [40.0, 40.0, 40.0, 40.0, 40.0], [40.0, 40.0, 40.0, 40.0, 40.0], [40.0, 40.0, 40.0, 40.0, 40.0]]","[[40.0, 40.0, 40.0, 40.0, 40.0], [40.0, 40.0, 40.0, 40.0, 40.0], [40.0, 40.0, 40.0, 40.0, 40.0], [40.0, 40.0, 40.0, 40.0, 40.0], [40.0, 40.0, 40.0, 40.0, 40.0]]"
finish_rule,23,0,1,continue,5.7779998779296875,5.777801513671875,5.659210205078125,6.929496765136719,0.0,5.945709068328142,0.0,0,53.983997720836996,65.69747865884844,0.19456617140759347,0.17357542332653217,2.326948305063237,2.004556904458817,1.9901485780928412,1.4217513015097027,40.0,38.504872238759546,1.4951277612404539,8.504872238759546,35.90276302003731,0.008118556522395612,0.06146459058787944,0.26419371379752693,0.697949126469202,24.621601117068053,6.475949126469201,False,True,65.69747865884844,42.05912098348146,12,12,0,77.9931350217927,77.91153589941507,0,0,0,12,0,0:3;0:4;1:1;1:2;1:3;1:4;2:0;2:1;2:2;2:3;3:2;4:2,0:3;0:4;1:1;1:2;1:3;1:4;2:0;2:1;2:2;2:3;3:2;4:2,,,0:3;0:4;1:1;1:2;1:3;1:4;2:0;2:1;2:2;2:3;3:2;4:2,,"{""q_ra"": 5, ""q_scratch"": 7, ""q_thermal"": 0, ""q_uniformity"": 0}","[[75.139, 75.872, 70.558, 65.625, 60.031], [75.829, 54.264, 44.153, 42.354, 49.883], [57.879, 42.059, 53.739, 67.709, 70.369], [72.057, 77.014, 68.4, 71.654, 76.369], [76.029, 76.087, 67.466, 76.177, 75.722]]","[[75.139, 75.872, 70.558, 65.625, 60.031], [75.829, 54.264, 44.153, 42.354, 49.883], [57.879, 42.059, 53.739, 67.709, 70.369], [72.057, 77.014, 68.4, 71.654, 76.369], [76.029, 76.087, 67.466, 76.177, 75.722]]","[[75.139, 75.872, 70.558, 65.625, 60.031], [75.829, 54.264, 44.153, 42.354, 49.883], [57.879, 42.059, 53.739, 67.709, 70.369], [72.057, 77.014, 68.4, 71.654, 76.369], [76.029, 76.087, 67.466, 76.177, 75.722]]","[[78.0, 78.0, 78.0, 78.0, 78.0], [78.0, 78.0, 78.0, 78.0, 78.0], [78.0, 78.0, 78.0, 78.0, 78.0], [78.0, 78.0, 78.0, 77.992, 77.912], [78.0, 78.0, 78.0, 77.992, 77.933]]","[[78.0, 78.0, 78.0, 78.0, 78.0], [78.0, 78.0, 78.0, 78.0, 78.0], [78.0, 78.0, 78.0, 78.0, 78.0], [78.0, 78.0, 78.0, 77.992, 77.912], [78.0, 78.0, 78.0, 77.992, 77.933]]","[[78.0, 78.0, 78.0, 78.0, 78.0], [78.0, 78.0, 78.0, 78.0, 78.0], [78.0, 78.0, 78.0, 78.0, 78.0], [78.0, 78.0, 78.0, 77.992, 77.912], [78.0, 78.0, 78.0, 77.992, 77.933]]","[[0.880845, 0.85662, 0.849126, 0.834905, 0.856241], [0.870933, 0.832042, 0.807907, 0.80425, 0.829718], [0.813505, 0.799543, 0.807156, 0.822628, 0.829225], [0.863802, 0.84708, 0.854715, 0.85271, 0.858374], [0.895063, 0.878773, 0.873402, 0.877774, 0.88177]]","[[0.880845, 0.85662, 0.851675, 0.863802, 0.869986], [0.873675, 0.850487, 0.867937, 0.85157, 0.862256], [0.889166, 0.877281, 0.867199, 0.862801, 0.863589], [0.904798, 0.88952, 0.887972, 0.878686, 0.883829], [0.909195, 0.895466, 0.885731, 0.889022, 0.892614]]","[[0.880845, 0.85662, 0.8503, 0.84728, 0.854554], [0.873675, 0.850177, 0.852614, 0.849904, 0.850216], [0.87486, 0.862905, 0.863533, 0.861744, 0.861527], [0.884158, 0.882868, 0.877164, 0.876288, 0.874602], [0.904023, 0.884077, 0.885731, 0.883341, 0.89108]]","[[""q_uniformity"", ""q_uniformity"", ""q_scratch"", ""q_scratch"", ""q_scratch""], [""q_uniformity"", ""q_ra"", ""q_ra"", ""q_ra"", ""q_ra""], [""q_scratch"", ""q_ra"", ""q_scratch"", ""q_scratch"", ""q_scratch""], [""q_scratch"", ""q_uniformity"", ""q_scratch"", ""q_scratch"", ""q_uniformity""], [""q_uniformity"", ""q_uniformity"", ""q_scratch"", ""q_uniformity"", ""q_uniformity""]]","[[38.808, 38.566, 38.517, 38.638, 39.008], [38.737, 38.505, 38.679, 38.957, 39.299], [39.186, 39.342, 39.769, 40.081, 40.129], [40.978, 40.961, 41.243, 41.238, 41.246], [41.933, 41.864, 41.922, 41.987, 41.984]]","[[40.0, 40.0, 40.0, 40.0, 40.354], [40.0, 40.0, 40.0, 40.518, 40.785], [40.331, 40.649, 41.265, 41.684, 41.729], [42.133, 42.322, 42.662, 42.789, 42.724], [43.125, 43.249, 43.461, 43.483, 43.426]]","[[40.0, 40.0, 40.03, 40.346, 40.52], [40.031, 40.222, 40.743, 41.137, 41.208], [41.292, 41.684, 42.103, 42.255, 42.215], [42.709, 42.939, 43.154, 43.179, 43.101], [43.332, 43.501, 43.651, 43.656, 43.591]]"
finish_rule,23,0,2,fail_quality_regression,6.475949287414551,5.504551887512207,5.352426528930664,6.732639789581299,-0.4999999701976776,7.999825291335583,0.6908990144729614,0,65.69747865884844,69.76656699186881,0.17357542332653217,0.18808384284329796,2.004556904458817,1.8285220071096877,1.4217513015097027,1.0199705602527946,38.504872238759546,37.5375354222499,0.9673368165096434,7.537535422249903,35.90276302003731,0.008118556522395612,0.0033347572590169453,0.18072864919883413,,,,False,True,69.76656699186881,51.6752546786725,9,9,0,77.9931350217927,77.91153589941507,0,0,0,9,0,0:3;0:4;1:1;1:2;1:3;1:4;2:0;2:1;2:2,0:3;0:4;1:1;1:2;1:3;1:4;2:0;2:1;2:2,,,0:3;0:4;1:1;1:2;1:3;1:4;2:0;2:1;2:2,,"{""q_ra"": 3, ""q_scratch"": 5, ""q_thermal"": 0, ""q_uniformity"": 1}","[[73.313, 74.883, 73.291, 69.881, 67.056], [74.705, 65.221, 55.959, 52.463, 62.057], [63.784, 51.675, 64.267, 72.033, 73.517], [75.326, 76.769, 72.907, 75.077, 76.122], [75.474, 75.752, 71.91, 75.858, 74.863]]","[[73.313, 74.883, 73.291, 69.881, 67.056], [74.705, 65.221, 55.959, 52.463, 62.057], [63.784, 51.675, 64.267, 72.033, 73.517], [75.326, 76.769, 72.907, 75.077, 76.122], [75.474, 75.752, 71.91, 75.858, 74.863]]","[[73.313, 74.883, 73.291, 69.881, 67.056], [74.705, 65.221, 55.959, 52.463, 62.057], [63.784, 51.675, 64.267, 72.033, 73.517], [75.326, 76.769, 72.907, 75.077, 76.122], [75.474, 75.752, 71.91, 75.858, 74.863]]","[[78.0, 78.0, 78.0, 78.0, 78.0], [78.0, 78.0, 78.0, 78.0, 78.0], [78.0, 78.0, 78.0, 78.0, 78.0], [78.0, 78.0, 78.0, 77.992, 77.912], [78.0, 78.0, 78.0, 77.992, 77.933]]","[[78.0, 78.0, 78.0, 78.0, 78.0], [78.0, 78.0, 78.0, 78.0, 78.0], [78.0, 78.0, 78.0, 78.0, 78.0], [78.0, 78.0, 78.0, 77.992, 77.912], [78.0, 78.0, 78.0, 77.992, 77.933]]","[[78.0, 78.0, 78.0, 78.0, 78.0], [78.0, 78.0, 78.0, 78.0, 78.0], [78.0, 78.0, 78.0, 78.0, 78.0], [78.0, 78.0, 78.0, 77.992, 77.912], [78.0, 78.0, 78.0, 77.992, 77.933]]","[[0.797184, 0.762291, 0.751497, 0.738748, 0.758709], [0.784418, 0.738136, 0.722631, 0.714267, 0.742109], [0.736747, 0.723075, 0.727703, 0.739947, 0.744972], [0.793567, 0.776766, 0.778891, 0.776584, 0.78217], [0.827233, 0.807849, 0.802656, 0.804094, 0.807688]]","[[0.797184, 0.762291, 0.753754, 0.764317, 0.770889], [0.786888, 0.7545, 0.776325, 0.756293, 0.771211], [0.80527, 0.793379, 0.781836, 0.776081, 0.775844], [0.83123, 0.815683, 0.809197, 0.800241, 0.805365], [0.840295, 0.823195, 0.813985, 0.814398, 0.817621]]","[[0.797184, 0.762291, 0.752359, 0.749885, 0.757142], [0.786888, 0.754033, 0.759667, 0.754727, 0.754829], [0.79109, 0.775989, 0.776888, 0.775197, 0.774079], [0.810106, 0.80874, 0.798723, 0.79768, 0.796069], [0.835914, 0.812395, 0.813985, 0.80755, 0.817222]]","[[""q_uniformity"", ""q_uniformity"", ""q_uniformity"", ""q_scratch"", ""q_scratch""], [""q_uniformity"", ""q_scratch"", ""q_ra"", ""q_ra"", ""q_uniformity""], [""q_scratch"", ""q_ra"", ""q_scratch"", ""q_uniformity"", ""q_scratch""], [""q_uniformity"", ""q_uniformity"", ""q_uniformity"", ""q_uniformity"", ""q_uniformity""], [""q_uniformity"", ""q_uniformity"", ""q_uniformity"", ""q_uniformity"", ""q_uniformity""]]","[[37.972, 37.623, 37.538, 37.643, 37.982], [37.869, 37.545, 37.763, 37.955, 38.317], [38.319, 38.448, 38.808, 39.068, 39.1], [40.085, 40.051, 40.246, 40.235, 40.248], [41.029, 40.907, 40.957, 40.98, 40.977]]","[[40.0, 40.0, 40.0, 40.0, 40.354], [40.0, 40.0, 40.0, 40.518, 40.785], [40.331, 40.649, 41.265, 41.684, 41.729], [42.133, 42.322, 42.662, 42.789, 42.724], [43.125, 43.249, 43.461, 43.483, 43.426]]","[[40.0, 40.0, 40.03, 40.346, 40.52], [40.031, 40.222, 40.743, 41.137, 41.208], [41.292, 41.684, 42.103, 42.255, 42.215], [42.709, 42.939, 43.154, 43.179, 43.101], [43.332, 43.501, 43.651, 43.656, 43.591]]"
finish_rule,24,0,1,continue,5.7779998779296875,5.777801513671875,5.659211158752441,6.928067207336426,0.0,5.945709068328142,0.0,0,42.5053026443536,57.11112482591996,0.3547995368035139,0.24894646595871153,2.3148635114943765,2.1247236093343367,1.8757526608995623,1.188685240326781,40.0,38.34624629382444,1.6537537061755572,8.346246293824443,35.90279409289508,0.00811815670906694,0.2447323297935576,0.29222336113362535,2.512451388323282,21.71710799987167,8.290451388323282,False,True,57.11112482591996,41.46427483771343,23,23,0,77.9931355850268,77.9115405023451,0,0,0,23,0,0:0;0:1;0:2;1:0;1:1;1:2;1:3;1:4;2:0;2:1;2:2;2:3;2:4;3:0;3:1;3:2;3:3;3:4;4:0;4:1;4:2;4:3;4:4,0:0;0:1;0:2;1:0;1:1;1:2;1:3;1:4;2:0;2:1;2:2;2:3;2:4;3:0;3:1;3:2;3:3;3:4;4:0;4:1;4:2;4:3;4:4,,,0:0;0:1;0:2;1:0;1:1;1:2;1:3;1:4;2:0;2:1;2:2;2:3;2:4;3:0;3:1;3:2;3:3;3:4;4:0;4:1;4:2;4:3;4:4,,"{""q_ra"": 12, ""q_scratch"": 11, ""q_thermal"": 0, ""q_uniformity"": 0}","[[43.226, 62.402, 66.41, 75.934, 74.999], [54.059, 42.263, 65.556, 56.97, 65.662], [48.148, 41.464, 45.978, 54.167, 50.213], [67.523, 46.904, 48.481, 54.622, 63.202], [63.944, 62.916, 66.193, 57.536, 49.006]]","[[43.226, 62.402, 66.41, 75.934, 74.999], [54.059, 42.263, 65.556, 56.97, 65.662], [48.148, 41.464, 45.978, 54.167, 50.213], [67.523, 46.904, 48.481, 54.622, 63.202], [63.944, 62.916, 66.193, 57.536, 49.006]]","[[43.226, 62.402, 66.41, 75.934, 74.999], [54.059, 42.263, 65.556, 56.97, 65.662], [48.148, 41.464, 45.978, 54.167, 50.213], [67.523, 46.904, 48.481, 54.622, 63.202], [63.944, 62.916, 66.193, 57.536, 49.006]]","[[78.0, 78.0, 78.0, 78.0, 78.0], [78.0, 78.0, 78.0, 78.0, 78.0], [78.0, 78.0, 78.0, 78.0, 78.0], [78.0, 78.0, 78.0, 77.992, 77.912], [78.0, 78.0, 78.0, 77.992, 77.933]]","[[78.0, 78.0, 78.0, 78.0, 78.0], [78.0, 78.0, 78.0, 78.0, 78.0], [78.0, 78.0, 78.0, 78.0, 78.0], [78.0, 78.0, 78.0, 77.992, 77.912], [78.0, 78.0, 78.0, 77.992, 77.933]]","[[78.0, 78.0, 78.0, 78.0, 78.0], [78.0, 78.0, 78.0, 78.0, 78.0], [78.0, 78.0, 78.0, 78.0, 78.0], [78.0, 78.0, 78.0, 77.992, 77.912], [78.0, 78.0, 78.0, 77.992, 77.933]]","[[0.891205, 0.865259, 0.831791, 0.832934, 0.835708], [0.878395, 0.858749, 0.808148, 0.775366, 0.780663], [0.876492, 0.856986, 0.835489, 0.806629, 0.79108], [0.868187, 0.832724, 0.818972, 0.810295, 0.828606], [0.879877, 0.838527, 0.823213, 0.8293, 0.860531]]","[[0.89517, 0.882311, 0.866615, 0.838157, 0.835708], [0.880294, 0.875943, 0.850492, 0.839337, 0.834625], [0.8826, 0.879958, 0.876442, 0.863748, 0.860364], [0.879765, 0.868898, 0.874282, 0.874247, 0.890761], [0.893106, 0.878975, 0.877483, 0.881777, 0.898246]]","[[0.893574, 0.873705, 0.850651, 0.838157, 0.835708], [0.878208, 0.863603, 0.84842, 0.839337, 0.834117], [0.869197, 0.868485, 0.864659, 0.860645, 0.859979], [0.862219, 0.861779, 0.865189, 0.870069, 0.886416], [0.877749, 0.871664, 0.877483, 0.881777, 0.898012]]","[[""q_ra"", ""q_scratch"", ""q_scratch"", ""q_uniformity"", ""q_uniformity""], [""q_ra"", ""q_ra"", ""q_scratch"", ""q_scratch"", ""q_scratch""], [""q_ra"", ""q_ra"", ""q_ra"", ""q_ra"", ""q_ra""], [""q_scratch"", ""q_ra"", ""q_ra"", ""q_scratch"", ""q_scratch""], [""q_scratch"", ""q_scratch"", ""q_scratch"", ""q_ra"", ""q_ra""]]","[[39.953, 39.522, 38.788, 38.382, 38.357], [39.819, 39.63, 39.003, 38.457, 38.346], [39.848, 39.93, 40.106, 40.11, 40.103], [39.847, 39.994, 40.71, 41.482, 42.311], [40.057, 40.294, 41.275, 42.593, 43.893]]","[[41.119, 40.792, 40.141, 40.0, 40.0], [41.154, 40.993, 40.586, 40.076, 40.0], [41.158, 41.285, 41.531, 41.705, 41.742], [41.193, 41.502, 42.25, 43.134, 43.821], [41.261, 41.712, 42.849, 44.281, 45.467]]","[[41.168, 41.005, 40.565, 40.063, 40.0], [41.178, 41.214, 41.141, 40.907, 40.691], [41.236, 41.587, 42.096, 42.534, 42.771], [41.342, 42.002, 43.078, 44.17, 44.858], [41.43, 42.277, 43.696, 45.185, 46.145]]"
finish_rule,24,0,2,fail_finish_not_eligible,8.290451049804688,7.046875476837158,6.851878643035889,8.274823188781738,-0.4999999701976776,7.999825291335583,0.6908990144729614,0,57.11112482591996,66.11931411305036,0.24894646595871153,0.2366737297006858,2.1247236093343367,2.0343126068206683,1.188685240326781,0.8079301790464235,38.34624629382444,36.95784930209288,1.388396991731561,6.957849302092882,36.374767280166594,0.0183247149132195,0.18336864850342888,0.20263012000988953,,,,False,True,66.11931411305036,50.28899753792714,17,17,0,77.97875016908156,77.72494235393097,0,0,0,17,0,0:0;0:1;1:0;1:1;1:3;1:4;2:0;2:1;2:2;2:3;2:4;3:1;3:2;3:3;4:1;4:3;4:4,0:0;0:1;1:0;1:1;1:3;1:4;2:0;2:1;2:2;2:3;2:4;3:1;3:2;3:3;4:1;4:3;4:4,,,0:0;0:1;1:0;1:1;1:3;1:4;2:0;2:1;2:2;2:3;2:4;3:1;3:2;3:3;4:1;4:3;4:4,,"{""q_ra"": 4, ""q_scratch"": 3, ""q_thermal"": 0, ""q_uniformity"": 10}","[[50.289, 68.499, 70.445, 75.142, 73.335], [63.814, 54.83, 71.543, 67.814, 69.773], [61.891, 53.074, 60.435, 67.992, 66.526], [72.538, 60.16, 65.257, 67.374, 71.172], [70.008, 68.68, 71.717, 68.834, 61.841]]","[[50.289, 68.499, 70.445, 75.142, 73.335], [63.814, 54.83, 71.543, 67.814, 69.773], [61.891, 53.074, 60.435, 67.992, 66.526], [72.538, 60.16, 65.257, 67.374, 71.172], [70.008, 68.68, 71.717, 68.834, 61.841]]","[[50.289, 68.499, 70.445, 75.142, 73.335], [63.814, 54.83, 71.543, 67.814, 69.773], [61.891, 53.074, 60.435, 67.992, 66.526], [72.538, 60.16, 65.257, 67.374, 71.172], [70.008, 68.68, 71.717, 68.834, 61.841]]","[[78.0, 78.0, 78.0, 78.0, 78.0], [78.0, 78.0, 78.0, 78.0, 78.0], [78.0, 78.0, 78.0, 78.0, 77.998], [77.997, 78.0, 78.0, 77.939, 77.725], [77.997, 78.0, 78.0, 77.964, 77.85]]","[[78.0, 78.0, 78.0, 78.0, 78.0], [78.0, 78.0, 78.0, 78.0, 78.0], [78.0, 78.0, 78.0, 78.0, 77.998], [77.997, 78.0, 78.0, 77.939, 77.725], [77.997, 78.0, 78.0, 77.964, 77.85]]","[[78.0, 78.0, 78.0, 78.0, 78.0], [78.0, 78.0, 78.0, 78.0, 78.0], [78.0, 78.0, 78.0, 78.0, 77.998], [77.997, 78.0, 78.0, 77.939, 77.725], [77.997, 78.0, 78.0, 77.964, 77.85]]","[[0.795614, 0.756131, 0.706961, 0.697561, 0.697573], [0.774602, 0.749976, 0.688597, 0.650763, 0.6508], [0.767032, 0.751084, 0.73297, 0.69799, 0.68385], [0.756282, 0.729654, 0.719397, 0.714796, 0.741315], [0.774838, 0.734768, 0.727763, 0.738329, 0.778011]]","[[0.799153, 0.771031, 0.736559, 0.701935, 0.697573], [0.776277, 0.764991, 0.724677, 0.704454, 0.695785], [0.772377, 0.771217, 0.768899, 0.747416, 0.743742], [0.766367, 0.76135, 0.767982, 0.77121, 0.796922], [0.786487, 0.770211, 0.77574, 0.78505, 0.812111]]","[[0.797728, 0.763261, 0.723667, 0.701935, 0.697573], [0.774437, 0.751825, 0.724677, 0.704454, 0.695575], [0.76098, 0.760463, 0.751823, 0.744731, 0.743409], [0.750505, 0.752596, 0.757986, 0.766941, 0.792762], [0.770028, 0.763535, 0.77574, 0.78505, 0.811598]]","[[""q_ra"", ""q_scratch"", ""q_uniformity"", ""q_uniformity"", ""q_uniformity""], [""q_ra"", ""q_ra"", ""q_scratch"", ""q_uniformity"", ""q_uniformity""], [""q_scratch"", ""q_ra"", ""q_uniformity"", ""q_uniformity"", ""q_uniformity""], [""q_uniformity"", ""q_uniformity"", ""q_uniformity"", ""q_uniformity"", ""q_uniformity""], [""q_scratch"", ""q_scratch"", ""q_uniformity"", ""q_uniformity"", ""q_uniformity""]]","[[38.886, 38.321, 37.469, 37.019, 36.976], [38.659, 38.41, 37.672, 37.098, 36.958], [38.618, 38.703, 38.866, 38.748, 38.733], [38.578, 38.757, 39.408, 40.129, 41.014], [38.856, 39.02, 39.967, 41.212, 42.561]]","[[41.119, 40.792, 40.141, 40.0, 40.0], [41.154, 40.993, 40.586, 40.076, 40.0], [41.158, 41.285, 41.531, 41.705, 41.742], [41.193, 41.502, 42.25, 43.134, 43.821], [41.261, 41.712, 42.849, 44.281, 45.467]]","[[41.168, 41.005, 40.565, 40.063, 40.0], [41.178, 41.214, 41.141, 40.907, 40.691], [41.236, 41.587, 42.096, 42.534, 42.771], [41.342, 42.002, 43.078, 44.17, 44.858], [41.43, 42.277, 43.696, 45.185, 46.145]]"
finish_rule,25,0,1,continue,5.7779998779296875,5.777801513671875,5.659200668334961,6.92984676361084,0.0,5.945709068328142,0.0,0,54.206103618649415,67.34933404222343,0.16655145543173927,0.1474384609754689,2.1019504301039778,1.8731409179509348,1.7808897122884826,1.1721555825118064,40.0,38.51459794288798,1.4854020571120188,8.514597942887981,35.9027766613262,0.008117378383492828,0.03786665653966525,0.26247559402219445,0.4328020288598335,24.819823599816747,6.210802028859833,False,True,67.34933404222343,45.79148514825698,15,15,0,77.99313666062109,77.91155349301198,0,0,0,15,0,0:0;1:0;1:3;1:4;2:0;2:2;2:3;3:0;3:1;3:2;3:3;4:0;4:1;4:3;4:4,0:0;1:0;1:3;1:4;2:0;2:2;2:3;3:0;3:1;3:2;3:3;4:0;4:1;4:3;4:4,,,0:0;1:0;1:3;1:4;2:0;2:2;2:3;3:0;3:1;3:2;3:3;4:0;4:1;4:3;4:4,,"{""q_ra"": 3, ""q_scratch"": 12, ""q_thermal"": 0, ""q_uniformity"": 0}","[[66.658, 75.988, 75.868, 76.598, 75.969], [67.538, 75.803, 76.347, 69.518, 69.517], [65.358, 77.149, 55.738, 56.016, 76.724], [69.359, 45.791, 62.826, 50.39, 76.178], [64.928, 61.717, 76.33, 52.575, 62.85]]","[[66.658, 75.988, 75.868, 76.598, 75.969], [67.538, 75.803, 76.347, 69.518, 69.517], [65.358, 77.149, 55.738, 56.016, 76.724], [69.359, 45.791, 62.826, 50.39, 76.178], [64.928, 61.717, 76.33, 52.575, 62.85]]","[[66.658, 75.988, 75.868, 76.598, 75.969], [67.538, 75.803, 76.347, 69.518, 69.517], [65.358, 77.149, 55.738, 56.016, 76.724], [69.359, 45.791, 62.826, 50.39, 76.178], [64.928, 61.717, 76.33, 52.575, 62.85]]","[[78.0, 78.0, 78.0, 78.0, 78.0], [78.0, 78.0, 78.0, 78.0, 78.0], [78.0, 78.0, 78.0, 78.0, 78.0], [78.0, 78.0, 78.0, 77.992, 77.912], [78.0, 78.0, 78.0, 77.992, 77.933]]","[[78.0, 78.0, 78.0, 78.0, 78.0], [78.0, 78.0, 78.0, 78.0, 78.0], [78.0, 78.0, 78.0, 78.0, 78.0], [78.0, 78.0, 78.0, 77.992, 77.912], [78.0, 78.0, 78.0, 77.992, 77.933]]","[[78.0, 78.0, 78.0, 78.0, 78.0], [78.0, 78.0, 78.0, 78.0, 78.0], [78.0, 78.0, 78.0, 78.0, 78.0], [78.0, 78.0, 78.0, 77.992, 77.912], [78.0, 78.0, 78.0, 77.992, 77.933]]","[[0.911398, 0.899502, 0.884131, 0.861687, 0.866091], [0.880783, 0.87098, 0.888936, 0.862068, 0.842582], [0.874766, 0.858914, 0.843843, 0.816584, 0.816663], [0.884225, 0.841461, 0.798248, 0.768109, 0.789725], [0.888459, 0.841616, 0.805993, 0.813463, 0.845966]]","[[0.936476, 0.915011, 0.91384, 0.903445, 0.899562], [0.93204, 0.909117, 0.91176, 0.891384, 0.889226], [0.917759, 0.89967, 0.889431, 0.872578, 0.882642], [0.909906, 0.902359, 0.879108, 0.853605, 0.868234], [0.918492, 0.906155, 0.885005, 0.881797, 0.85146]]","[[0.926446, 0.904439, 0.891267, 0.895259, 0.899562], [0.920822, 0.895534, 0.888125, 0.890794, 0.885135], [0.909807, 0.896548, 0.879569, 0.870324, 0.874746], [0.907453, 0.892259, 0.873994, 0.853041, 0.852487], [0.912792, 0.89994, 0.870256, 0.850257, 0.846813]]","[[""q_scratch"", ""q_uniformity"", ""q_uniformity"", ""q_uniformity"", ""q_uniformity""], [""q_scratch"", ""q_uniformity"", ""q_uniformity"", ""q_scratch"", ""q_scratch""], [""q_scratch"", ""q_uniformity"", ""q_scratch"", ""q_scratch"", ""q_uniformity""], [""q_scratch"", ""q_ra"", ""q_scratch"", ""q_ra"", ""q_uniformity""], [""q_scratch"", ""q_scratch"", ""q_uniformity"", ""q_ra"", ""q_scratch""]]","[[42.343, 41.929, 41.981, 42.714, 43.817], [42.933, 42.313, 42.351, 42.444, 42.771], [43.914, 42.855, 41.753, 41.003, 41.01], [44.478, 42.695, 40.649, 39.215, 38.973], [44.473, 42.468, 40.217, 38.818, 38.515]]","[[43.18, 43.037, 43.11, 44.073, 45.36], [43.876, 43.544, 43.546, 43.961, 44.362], [45.161, 44.288, 43.214, 42.61, 42.474], [45.912, 44.069, 42.113, 40.795, 40.335], [45.758, 43.759, 41.545, 40.0, 40.0]]","[[43.543, 43.262, 43.551, 44.755, 45.954], [44.683, 44.137, 43.894, 44.435, 45.157], [45.906, 44.966, 43.927, 43.474, 43.481], [46.374, 45.087, 43.34, 41.997, 41.363], [46.291, 44.814, 42.677, 40.84, 40.065]]"
finish_rule,25,0,2,success,6.21080207824707,5.279283046722412,5.1332831382751465,6.507745742797852,-0.4999999701976776,7.999825291335583,0.6908990144729614,0,67.34933404222343,70.9085388932349,0.1474384609754689,0.16160491607582916,1.8731409179509348,1.695534104794684,1.1721555825118064,0.8455148165493185,38.51459794288798,37.52968062154777,0.9849173213402125,7.529680621547769,35.9027766613262,0.008117378383492828,0.0,0.19186888679418493,,,,True,True,70.9085388932349,56.24298989457328,9,9,0,77.99313666062109,77.91155349301198,0,0,0,9,0,0:0;2:2;2:3;3:1;3:2;3:3;4:1;4:3;4:4,0:0;2:2;2:3;3:1;3:2;3:3;4:1;4:3;4:4,,,0:0;2:2;2:3;3:1;3:2;3:3;4:1;4:3;4:4,,"{""q_ra"": 0, ""q_scratch"": 8, ""q_thermal"": 0, ""q_uniformity"": 1}","[[68.218, 75.157, 75.351, 76.37, 75.166], [71.072, 75.304, 76.014, 72.81, 71.865], [70.3, 76.956, 65.7, 64.914, 76.516], [73.739, 56.243, 66.604, 62.357, 75.852], [70.06, 66.472, 75.929, 65.382, 68.363]]","[[68.218, 75.157, 75.351, 76.37, 75.166], [71.072, 75.304, 76.014, 72.81, 71.865], [70.3, 76.956, 65.7, 64.914, 76.516], [73.739, 56.243, 66.604, 62.357, 75.852], [70.06, 66.472, 75.929, 65.382, 68.363]]","[[68.218, 75.157, 75.351, 76.37, 75.166], [71.072, 75.304, 76.014, 72.81, 71.865], [70.3, 76.956, 65.7, 64.914, 76.516], [73.739, 56.243, 66.604, 62.357, 75.852], [70.06, 66.472, 75.929, 65.382, 68.363]]","[[78.0, 78.0, 78.0, 78.0, 78.0], [78.0, 78.0, 78.0, 78.0, 78.0], [78.0, 78.0, 78.0, 78.0, 78.0], [78.0, 78.0, 78.0, 77.992, 77.912], [78.0, 78.0, 78.0, 77.992, 77.933]]","[[78.0, 78.0, 78.0, 78.0, 78.0], [78.0, 78.0, 78.0, 78.0, 78.0], [78.0, 78.0, 78.0, 78.0, 78.0], [78.0, 78.0, 78.0, 77.992, 77.912], [78.0, 78.0, 78.0, 77.992, 77.933]]","[[78.0, 78.0, 78.0, 78.0, 78.0], [78.0, 78.0, 78.0, 78.0, 78.0], [78.0, 78.0, 78.0, 78.0, 78.0], [78.0, 78.0, 78.0, 77.992, 77.912], [78.0, 78.0, 78.0, 77.992, 77.933]]","[[0.85854, 0.83746, 0.820318, 0.800232, 0.807259], [0.828531, 0.810254, 0.824564, 0.797857, 0.779095], [0.8215, 0.798987, 0.778113, 0.744631, 0.74529], [0.829275, 0.781618, 0.729156, 0.686958, 0.703984], [0.833304, 0.780488, 0.7293, 0.725581, 0.74811]]","[[0.882163, 0.8519, 0.847883, 0.839012, 0.838455], [0.876747, 0.845732, 0.845735, 0.824989, 0.822224], [0.861876, 0.836899, 0.82015, 0.795691, 0.805503], [0.85336, 0.838185, 0.803017, 0.763421, 0.77397], [0.861473, 0.840339, 0.800794, 0.786533, 0.752968]]","[[0.870868, 0.839246, 0.824078, 0.832621, 0.838455], [0.865392, 0.830844, 0.821455, 0.824989, 0.816668], [0.853448, 0.833957, 0.808391, 0.793239, 0.798297], [0.851059, 0.828255, 0.797506, 0.763421, 0.760185], [0.857351, 0.834727, 0.787061, 0.758266, 0.749705]]","[[""q_scratch"", ""q_uniformity"", ""q_uniformity"", ""q_uniformity"", ""q_uniformity""], [""q_uniformity"", ""q_uniformity"", ""q_uniformity"", ""q_uniformity"", ""q_uniformity""], [""q_uniformity"", ""q_uniformity"", ""q_scratch"", ""q_scratch"", ""q_uniformity""], [""q_uniformity"", ""q_scratch"", ""q_scratch"", ""q_scratch"", ""q_uniformity""], [""q_scratch"", ""q_scratch"", ""q_uniformity"", ""q_uniformity"", ""q_scratch""]]","[[41.627, 41.106, 41.116, 41.808, 42.879], [42.165, 41.455, 41.457, 41.517, 41.809], [43.067, 41.958, 40.837, 40.034, 40.048], [43.578, 41.792, 39.727, 38.241, 37.999], [43.575, 41.562, 39.245, 37.865, 37.53]]","[[43.18, 43.037, 43.11, 44.073, 45.36], [43.876, 43.544, 43.546, 43.961, 44.362], [45.161, 44.288, 43.214, 42.61, 42.474], [45.912, 44.069, 42.113, 40.795, 40.335], [45.758, 43.759, 41.545, 40.0, 40.0]]","[[43.543, 43.262, 43.551, 44.755, 45.954], [44.683, 44.137, 43.894, 44.435, 45.157], [45.906, 44.966, 43.927, 43.474, 43.481], [46.374, 45.087, 43.34, 41.997, 41.363], [46.291, 44.814, 42.677, 40.84, 40.065]]"
finish_rule,26,0,1,continue,5.7779998779296875,5.777801513671875,5.659210205078125,6.929496765136719,0.0,5.945709068328142,0.0,0,46.23597926352509,59.382527179787374,0.30164997540974153,0.1926235321515968,2.258964138433712,1.9243241743676958,1.885427331972248,1.1282207380127034,46.47603133099656,45.85434883124308,0.6216824997534829,15.85434883124308,35.90276302003731,0.008118556522395612,0.15167818314589465,0.10985322637346719,4.142204689470899,126.11690424223458,9.153846153846153,False,True,59.382527179787374,45.70443181546399,19,19,0,77.9931350217927,77.91153589941507,0,0,0,19,0,0:2;0:3;0:4;1:1;1:2;1:3;2:0;2:1;2:2;2:3;2:4;3:0;3:3;3:4;4:0;4:1;4:2;4:3;4:4,0:2;0:3;0:4;1:1;1:2;1:3;2:0;2:1;2:2;2:3;2:4;3:0;3:3;3:4;4:0;4:1;4:2;4:3;4:4,,,0:2;0:3;0:4;1:1;1:2;1:3;2:0;2:1;2:2;2:3;2:4;3:0;3:3;3:4;4:0;4:1;4:2;4:3;4:4,,"{""q_ra"": 11, ""q_scratch"": 8, ""q_thermal"": 0, ""q_uniformity"": 0}","[[75.62, 75.473, 46.904, 45.704, 52.032], [75.733, 53.973, 53.0, 67.911, 75.737], [55.725, 58.125, 68.089, 46.122, 64.892], [55.036, 77.356, 76.932, 48.965, 51.569], [47.296, 47.768, 48.505, 65.251, 50.845]]","[[75.62, 75.473, 46.904, 45.704, 52.032], [75.733, 53.973, 53.0, 67.911, 75.737], [55.725, 58.125, 68.089, 46.122, 64.892], [55.036, 77.356, 76.932, 48.965, 51.569], [47.296, 47.768, 48.505, 65.251, 50.845]]","[[75.62, 75.473, 46.904, 45.704, 52.032], [75.733, 53.973, 53.0, 67.911, 75.737], [55.725, 58.125, 68.089, 46.122, 64.892], [55.036, 77.356, 76.932, 48.965, 51.569], [47.296, 47.768, 48.505, 65.251, 50.845]]","[[78.0, 78.0, 78.0, 78.0, 78.0], [78.0, 78.0, 78.0, 78.0, 78.0], [78.0, 78.0, 78.0, 78.0, 78.0], [78.0, 78.0, 78.0, 77.992, 77.912], [78.0, 78.0, 78.0, 77.992, 77.933]]","[[78.0, 78.0, 78.0, 78.0, 78.0], [78.0, 78.0, 78.0, 78.0, 78.0], [78.0, 78.0, 78.0, 78.0, 78.0], [78.0, 78.0, 78.0, 77.992, 77.912], [78.0, 78.0, 78.0, 77.992, 77.933]]","[[78.0, 78.0, 78.0, 78.0, 78.0], [78.0, 78.0, 78.0, 78.0, 78.0], [78.0, 78.0, 78.0, 78.0, 78.0], [78.0, 78.0, 78.0, 77.992, 77.912], [78.0, 78.0, 78.0, 77.992, 77.933]]","[[0.93985, 0.912109, 0.891972, 0.920022, 0.924107], [0.897171, 0.878611, 0.884898, 0.913934, 0.916492], [0.905959, 0.901983, 0.916718, 0.914101, 0.91723], [0.923745, 0.920084, 0.915055, 0.914406, 0.91558], [0.932886, 0.924049, 0.916516, 0.919124, 0.916944]]","[[0.962267, 0.951446, 0.934309, 0.920682, 0.924107], [0.945379, 0.932093, 0.92845, 0.913934, 0.916492], [0.935306, 0.92615, 0.92095, 0.914101, 0.91723], [0.923745, 0.920084, 0.915055, 0.914406, 0.91558], [0.932886, 0.924049, 0.916516, 0.919124, 0.916944]]","[[0.934073, 0.926478, 0.919546, 0.92001, 0.924107], [0.927379, 0.923364, 0.915534, 0.913934, 0.916492], [0.924716, 0.917673, 0.916675, 0.914101, 0.91723], [0.923745, 0.920084, 0.915055, 0.914406, 0.91558], [0.932886, 0.924049, 0.916516, 0.919124, 0.916944]]","[[""q_uniformity"", ""q_uniformity"", ""q_ra"", ""q_ra"", ""q_ra""], [""q_uniformity"", ""q_scratch"", ""q_scratch"", ""q_scratch"", ""q_uniformity""], [""q_ra"", ""q_scratch"", ""q_scratch"", ""q_ra"", ""q_scratch""], [""q_scratch"", ""q_uniformity"", ""q_uniformity"", ""q_ra"", ""q_ra""], [""q_ra"", ""q_ra"", ""q_ra"", ""q_scratch"", ""q_ra""]]","[[45.854, 46.159, 47.092, 48.4, 48.482], [46.323, 46.481, 47.412, 48.279, 48.33], [47.993, 47.987, 48.334, 48.282, 48.345], [48.475, 48.402, 48.301, 48.288, 48.312], [48.658, 48.481, 48.33, 48.382, 48.339]]","[[46.476, 46.984, 48.294, 49.985, 50.0], [47.266, 47.682, 48.754, 50.0, 50.0], [49.237, 49.421, 49.907, 50.0, 50.0], [50.0, 50.0, 50.0, 50.0, 50.0], [50.0, 50.0, 50.0, 50.0, 50.0]]","[[46.869, 47.717, 49.162, 50.0, 50.0], [48.194, 48.758, 49.677, 50.0, 50.0], [49.86, 49.941, 49.999, 50.0, 50.0], [50.0, 50.0, 50.0, 50.0, 50.0], [50.0, 50.0, 50.0, 50.0, 50.0]]"
finish_rule,26,0,2,fail_quality_regression,9.15384578704834,7.781106948852539,7.565312385559082,9.006959915161133,-0.4999999701976776,7.999825291335583,0.6908990144729614,0,59.382527179787374,69.14632679766893,0.1926235321515968,0.2037970308000389,1.9243241743676958,1.6617572469939716,1.1282207380127034,0.5345765254995127,45.85434883124308,44.98845170084036,0.8658971304027219,14.988451700840358,37.764925690850944,0.03599588804941417,0.018985154000194376,0.11445622946853787,,,,False,True,69.14632679766893,62.75138623446109,15,15,0,77.89648415198194,77.12364328867076,0,0,0,15,0,0:2;0:3;0:4;1:1;1:2;2:0;2:1;2:3;3:0;3:3;3:4;4:0;4:1;4:2;4:4,0:2;0:3;0:4;1:1;1:2;2:0;2:1;2:3;3:0;3:3;3:4;4:0;4:1;4:2;4:4,,,0:2;0:3;0:4;1:1;1:2;2:0;2:1;2:3;3:0;3:3;3:4;4:0;4:1;4:2;4:4,,"{""q_ra"": 0, ""q_scratch"": 1, ""q_thermal"": 0, ""q_uniformity"": 14}","[[73.222, 73.879, 63.574, 62.751, 64.635], [74.177, 67.094, 65.763, 73.567, 74.878], [68.645, 67.608, 74.012, 65.384, 70.915], [68.04, 76.928, 76.244, 65.777, 67.237], [65.747, 66.904, 66.956, 70.827, 63.894]]","[[73.222, 73.879, 63.574, 62.751, 64.635], [74.177, 67.094, 65.763, 73.567, 74.878], [68.645, 67.608, 74.012, 65.384, 70.915], [68.04, 76.928, 76.244, 65.777, 67.237], [65.747, 66.904, 66.956, 70.827, 63.894]]","[[73.222, 73.879, 63.574, 62.751, 64.635], [74.177, 67.094, 65.763, 73.567, 74.878], [68.645, 67.608, 74.012, 65.384, 70.915], [68.04, 76.928, 76.244, 65.777, 67.237], [65.747, 66.904, 66.956, 70.827, 63.894]]","[[78.0, 78.0, 78.0, 78.0, 77.994], [78.0, 78.0, 78.0, 77.998, 77.951], [78.0, 78.0, 78.0, 77.975, 77.851], [77.793, 77.944, 78.0, 77.652, 77.124], [77.825, 77.961, 78.0, 77.803, 77.541]]","[[78.0, 78.0, 78.0, 78.0, 77.994], [78.0, 78.0, 78.0, 77.998, 77.951], [78.0, 78.0, 78.0, 77.975, 77.851], [77.793, 77.944, 78.0, 77.652, 77.124], [77.825, 77.961, 78.0, 77.803, 77.541]]","[[78.0, 78.0, 78.0, 78.0, 77.994], [78.0, 78.0, 78.0, 77.998, 77.951], [78.0, 78.0, 78.0, 77.975, 77.851], [77.793, 77.944, 78.0, 77.652, 77.124], [77.825, 77.961, 78.0, 77.803, 77.541]]","[[0.888519, 0.851541, 0.82247, 0.846398, 0.850706], [0.836841, 0.81411, 0.818223, 0.837624, 0.839311], [0.839741, 0.835004, 0.841835, 0.837766, 0.840117], [0.856109, 0.849568, 0.839477, 0.838106, 0.839455], [0.864551, 0.855101, 0.842362, 0.844559, 0.841044]]","[[0.909713, 0.888266, 0.861509, 0.847005, 0.850706], [0.881807, 0.863667, 0.858494, 0.837624, 0.839311], [0.866943, 0.857376, 0.845721, 0.837766, 0.840117], [0.856109, 0.849568, 0.839477, 0.838106, 0.839455], [0.864551, 0.855101, 0.842362, 0.844559, 0.841044]]","[[0.866625, 0.854219, 0.845421, 0.846386, 0.850706], [0.858873, 0.85244, 0.840315, 0.837624, 0.839311], [0.857069, 0.84575, 0.841796, 0.837766, 0.840117], [0.856109, 0.849568, 0.839477, 0.838106, 0.839455], [0.864551, 0.855101, 0.842362, 0.844559, 0.841044]]","[[""q_uniformity"", ""q_uniformity"", ""q_uniformity"", ""q_uniformity"", ""q_uniformity""], [""q_uniformity"", ""q_scratch"", ""q_uniformity"", ""q_scratch"", ""q_uniformity""], [""q_uniformity"", ""q_uniformity"", ""q_uniformity"", ""q_uniformity"", ""q_uniformity""], [""q_uniformity"", ""q_uniformity"", ""q_uniformity"", ""q_uniformity"", ""q_uniformity""], [""q_uniformity"", ""q_uniformity"", ""q_uniformity"", ""q_uniformity"", ""q_uniformity""]]","[[44.988, 45.086, 45.76, 46.928, 47.014], [45.226, 45.271, 46.1, 46.752, 46.786], [46.677, 46.651, 46.836, 46.755, 46.802], [47.122, 46.991, 46.79, 46.762, 46.789], [47.291, 47.102, 46.847, 46.891, 46.821]]","[[46.476, 46.984, 48.294, 49.985, 50.0], [47.266, 47.682, 48.754, 50.0, 50.0], [49.237, 49.421, 49.907, 50.0, 50.0], [50.0, 50.0, 50.0, 50.0, 50.0], [50.0, 50.0, 50.0, 50.0, 50.0]]","[[46.869, 47.717, 49.162, 50.0, 50.0], [48.194, 48.758, 49.677, 50.0, 50.0], [49.86, 49.941, 49.999, 50.0, 50.0], [50.0, 50.0, 50.0, 50.0, 50.0], [50.0, 50.0, 50.0, 50.0, 50.0]]"
finish_rule,27,0,1,continue,5.7779998779296875,5.777801513671875,5.6592183113098145,6.929348945617676,0.0,5.945709068328142,0.0,0,49.9930709891205,69.45614606166293,0.15119234716825058,0.12239790403935147,1.8170763390956677,1.4868589706868707,1.4914825714586732,1.0881102301567815,40.0,38.852442687438234,1.1475573125617657,8.852442687438234,35.902799429671205,0.008118123715978351,0.00776934197624379,0.20277664677971505,0.11494433061639428,33.79305652924785,5.892944330616394,False,True,69.45614606166293,45.469648474722874,7,7,0,77.99313566104276,77.91154538148564,0,0,0,7,0,0:0;1:0;1:1;1:2;2:0;2:1;4:2,0:0;1:0;1:1;1:2;2:0;2:1;4:2,,,0:0;1:0;1:1;1:2;2:0;2:1;4:2,,"{""q_ra"": 1, ""q_scratch"": 6, ""q_thermal"": 0, ""q_uniformity"": 0}","[[45.47, 75.506, 72.463, 71.529, 72.012], [55.124, 65.652, 65.176, 72.388, 72.649], [51.862, 59.777, 71.605, 72.422, 72.273], [75.797, 76.989, 73.565, 72.338, 73.616], [75.82, 76.723, 69.076, 70.216, 76.354]]","[[45.47, 75.506, 72.463, 71.529, 72.012], [55.124, 65.652, 65.176, 72.388, 72.649], [51.862, 59.777, 71.605, 72.422, 72.273], [75.797, 76.989, 73.565, 72.338, 73.616], [75.82, 76.723, 69.076, 70.216, 76.354]]","[[45.47, 75.506, 72.463, 71.529, 72.012], [55.124, 65.652, 65.176, 72.388, 72.649], [51.862, 59.777, 71.605, 72.422, 72.273], [75.797, 76.989, 73.565, 72.338, 73.616], [75.82, 76.723, 69.076, 70.216, 76.354]]","[[78.0, 78.0, 78.0, 78.0, 78.0], [78.0, 78.0, 78.0, 78.0, 78.0], [78.0, 78.0, 78.0, 78.0, 78.0], [78.0, 78.0, 78.0, 77.992, 77.912], [78.0, 78.0, 78.0, 77.992, 77.933]]","[[78.0, 78.0, 78.0, 78.0, 78.0], [78.0, 78.0, 78.0, 78.0, 78.0], [78.0, 78.0, 78.0, 78.0, 78.0], [78.0, 78.0, 78.0, 77.992, 77.912], [78.0, 78.0, 78.0, 77.992, 77.933]]","[[78.0, 78.0, 78.0, 78.0, 78.0], [78.0, 78.0, 78.0, 78.0, 78.0], [78.0, 78.0, 78.0, 78.0, 78.0], [78.0, 78.0, 78.0, 77.992, 77.912], [78.0, 78.0, 78.0, 77.992, 77.933]]","[[0.886655, 0.850087, 0.844241, 0.851558, 0.881453], [0.850555, 0.803589, 0.799543, 0.830584, 0.86255], [0.85627, 0.836829, 0.832767, 0.857996, 0.860433], [0.865942, 0.844472, 0.848103, 0.86698, 0.882075], [0.906306, 0.885729, 0.884863, 0.882202, 0.896523]]","[[0.886774, 0.885244, 0.902262, 0.890909, 0.899711], [0.897313, 0.882733, 0.869544, 0.880438, 0.891291], [0.9224, 0.911839, 0.897911, 0.905183, 0.889214], [0.911374, 0.895055, 0.892985, 0.899949, 0.903181], [0.926094, 0.910691, 0.90835, 0.899156, 0.906542]]","[[0.88382, 0.871488, 0.870814, 0.878756, 0.888754], [0.876436, 0.866665, 0.869544, 0.872716, 0.880361], [0.884811, 0.88801, 0.88927, 0.881778, 0.888697], [0.89527, 0.889091, 0.889155, 0.888604, 0.892858], [0.906465, 0.899501, 0.903252, 0.894654, 0.905434]]","[[""q_ra"", ""q_uniformity"", ""q_scratch"", ""q_scratch"", ""q_scratch""], [""q_scratch"", ""q_scratch"", ""q_scratch"", ""q_scratch"", ""q_scratch""], [""q_scratch"", ""q_scratch"", ""q_scratch"", ""q_scratch"", ""q_scratch""], [""q_uniformity"", ""q_uniformity"", ""q_scratch"", ""q_scratch"", ""q_scratch""], [""q_uniformity"", ""q_uniformity"", ""q_scratch"", ""q_scratch"", ""q_uniformity""]]","[[38.868, 38.852, 39.852, 40.901, 41.827], [38.973, 39.063, 39.901, 41.093, 41.974], [40.355, 40.585, 41.223, 42.185, 42.553], [41.724, 41.753, 42.284, 42.985, 43.442], [43.022, 42.97, 43.323, 43.602, 43.993]]","[[40.0, 40.0, 40.919, 42.236, 43.146], [40.0, 40.267, 41.386, 42.599, 43.434], [41.226, 41.608, 42.499, 43.461, 44.117], [42.864, 43.132, 43.756, 44.429, 44.883], [44.061, 44.242, 44.667, 45.127, 45.436]]","[[40.001, 40.414, 41.67, 42.801, 43.418], [40.55, 41.279, 42.383, 43.355, 43.882], [42.093, 42.649, 43.477, 44.201, 44.589], [43.539, 43.918, 44.484, 44.977, 45.239], [44.368, 44.643, 45.057, 45.418, 45.609]]"
finish_rule,27,0,2,success,5.8929443359375,5.008933067321777,4.870601177215576,6.235952377319336,-0.4999999701976776,7.999825291335583,0.6908990144729614,0,69.45614606166293,72.54496074790939,0.12239790403935147,0.12547026864965632,1.4868589706868707,1.3817397065477395,1.0881102301567815,0.747053812194358,38.852442687438234,38.072583624515616,0.7798590629226183,8.072583624515616,35.902799429671205,0.008118123715978351,0.0,0.1601155657274423,,,,True,True,72.54496074790939,53.167113530224825,5,5,0,77.99313566104276,77.91154538148564,0,0,0,5,0,0:0;1:0;1:1;2:0;2:1,0:0;1:0;1:1;2:0;2:1,,,0:0;1:0;1:1;2:0;2:1,,"{""q_ra"": 1, ""q_scratch"": 3, ""q_thermal"": 0, ""q_uniformity"": 1}","[[53.167, 74.632, 74.634, 73.871, 73.488], [66.426, 69.1, 70.384, 74.664, 74.395], [64.715, 66.87, 74.304, 75.432, 74.36], [75.604, 76.834, 76.024, 74.772, 75.934], [75.31, 76.443, 73.14, 73.329, 75.792]]","[[53.167, 74.632, 74.634, 73.871, 73.488], [66.426, 69.1, 70.384, 74.664, 74.395], [64.715, 66.87, 74.304, 75.432, 74.36], [75.604, 76.834, 76.024, 74.772, 75.934], [75.31, 76.443, 73.14, 73.329, 75.792]]","[[53.167, 74.632, 74.634, 73.871, 73.488], [66.426, 69.1, 70.384, 74.664, 74.395], [64.715, 66.87, 74.304, 75.432, 74.36], [75.604, 76.834, 76.024, 74.772, 75.934], [75.31, 76.443, 73.14, 73.329, 75.792]]","[[78.0, 78.0, 78.0, 78.0, 78.0], [78.0, 78.0, 78.0, 78.0, 78.0], [78.0, 78.0, 78.0, 78.0, 78.0], [78.0, 78.0, 78.0, 77.992, 77.912], [78.0, 78.0, 78.0, 77.992, 77.933]]","[[78.0, 78.0, 78.0, 78.0, 78.0], [78.0, 78.0, 78.0, 78.0, 78.0], [78.0, 78.0, 78.0, 78.0, 78.0], [78.0, 78.0, 78.0, 77.992, 77.912], [78.0, 78.0, 78.0, 77.992, 77.933]]","[[78.0, 78.0, 78.0, 78.0, 78.0], [78.0, 78.0, 78.0, 78.0, 78.0], [78.0, 78.0, 78.0, 78.0, 78.0], [78.0, 78.0, 78.0, 77.992, 77.912], [78.0, 78.0, 78.0, 77.992, 77.933]]","[[0.809751, 0.775198, 0.768983, 0.782748, 0.817245], [0.783574, 0.734006, 0.728138, 0.764071, 0.799988], [0.792108, 0.773219, 0.772919, 0.797902, 0.8004], [0.805111, 0.784831, 0.790064, 0.810506, 0.825028], [0.848641, 0.82889, 0.83016, 0.82552, 0.840967]]","[[0.80986, 0.807258, 0.821832, 0.818919, 0.834174], [0.826649, 0.806297, 0.791887, 0.809933, 0.826644], [0.853284, 0.842527, 0.833381, 0.841784, 0.827173], [0.847351, 0.831841, 0.831875, 0.841327, 0.844769], [0.867169, 0.852251, 0.852194, 0.841384, 0.850365]]","[[0.807038, 0.79359, 0.79294, 0.81126, 0.823224], [0.800789, 0.78767, 0.791887, 0.802651, 0.815344], [0.814578, 0.821652, 0.824816, 0.818662, 0.826298], [0.831482, 0.827303, 0.828094, 0.829765, 0.834451], [0.846176, 0.838266, 0.846553, 0.837106, 0.845821]]","[[""q_ra"", ""q_uniformity"", ""q_uniformity"", ""q_uniformity"", ""q_uniformity""], [""q_scratch"", ""q_uniformity"", ""q_scratch"", ""q_uniformity"", ""q_uniformity""], [""q_scratch"", ""q_scratch"", ""q_uniformity"", ""q_uniformity"", ""q_uniformity""], [""q_uniformity"", ""q_uniformity"", ""q_uniformity"", ""q_uniformity"", ""q_uniformity""], [""q_uniformity"", ""q_uniformity"", ""q_uniformity"", ""q_uniformity"", ""q_uniformity""]]","[[38.099, 38.073, 38.974, 40.02, 40.966], [38.266, 38.279, 39.017, 40.204, 41.105], [39.579, 39.78, 40.416, 41.331, 41.677], [40.9, 40.923, 41.443, 42.139, 42.573], [42.193, 42.138, 42.499, 42.728, 43.126]]","[[40.0, 40.0, 40.919, 42.236, 43.146], [40.0, 40.267, 41.386, 42.599, 43.434], [41.226, 41.608, 42.499, 43.461, 44.117], [42.864, 43.132, 43.756, 44.429, 44.883], [44.061, 44.242, 44.667, 45.127, 45.436]]","[[40.001, 40.414, 41.67, 42.801, 43.418], [40.55, 41.279, 42.383, 43.355, 43.882], [42.093, 42.649, 43.477, 44.201, 44.589], [43.539, 43.918, 44.484, 44.977, 45.239], [44.368, 44.643, 45.057, 45.418, 45.609]]"
finish_rule,28,0,1,continue,5.7779998779296875,5.777801513671875,5.659215927124023,6.929166793823242,0.0,5.945709068328142,0.0,0,51.08386528881897,65.80592467249836,0.18884142761546013,0.15524260834287945,2.0953851018758405,1.7852358273389346,1.7972211281793269,1.2118735503632163,40.0,38.30423445820962,1.6957655417903794,8.30423445820962,35.90275179419036,0.008116681465491077,0.05991536182145195,0.2996467290924092,0.5998599951642497,21.03888961946731,6.37785999516425,False,True,65.80592467249836,46.60372986582912,15,15,0,77.99313771634655,77.91156839296698,0,0,0,15,0,0:1;0:2;1:0;1:1;2:0;2:1;2:2;2:3;2:4;3:2;3:3;3:4;4:1;4:2;4:4,0:1;0:2;1:0;1:1;2:0;2:1;2:2;2:3;2:4;3:2;3:3;3:4;4:1;4:2;4:4,,,0:1;0:2;1:0;1:1;2:0;2:1;2:2;2:3;2:4;3:2;3:3;3:4;4:1;4:2;4:4,,"{""q_ra"": 2, ""q_scratch"": 13, ""q_thermal"": 0, ""q_uniformity"": 0}","[[75.712, 65.61, 58.735, 71.678, 72.52], [50.827, 61.329, 76.177, 73.958, 71.242], [61.683, 46.604, 65.064, 64.838, 64.288], [76.373, 75.751, 51.943, 51.157, 62.528], [75.833, 69.24, 68.163, 70.713, 63.182]]","[[75.712, 65.61, 58.735, 71.678, 72.52], [50.827, 61.329, 76.177, 73.958, 71.242], [61.683, 46.604, 65.064, 64.838, 64.288], [76.373, 75.751, 51.943, 51.157, 62.528], [75.833, 69.24, 68.163, 70.713, 63.182]]","[[75.712, 65.61, 58.735, 71.678, 72.52], [50.827, 61.329, 76.177, 73.958, 71.242], [61.683, 46.604, 65.064, 64.838, 64.288], [76.373, 75.751, 51.943, 51.157, 62.528], [75.833, 69.24, 68.163, 70.713, 63.182]]","[[78.0, 78.0, 78.0, 78.0, 78.0], [78.0, 78.0, 78.0, 78.0, 78.0], [78.0, 78.0, 78.0, 78.0, 78.0], [78.0, 78.0, 78.0, 77.992, 77.912], [78.0, 78.0, 78.0, 77.992, 77.933]]","[[78.0, 78.0, 78.0, 78.0, 78.0], [78.0, 78.0, 78.0, 78.0, 78.0], [78.0, 78.0, 78.0, 78.0, 78.0], [78.0, 78.0, 78.0, 77.992, 77.912], [78.0, 78.0, 78.0, 77.992, 77.933]]","[[78.0, 78.0, 78.0, 78.0, 78.0], [78.0, 78.0, 78.0, 78.0, 78.0], [78.0, 78.0, 78.0, 78.0, 78.0], [78.0, 78.0, 78.0, 77.992, 77.912], [78.0, 78.0, 78.0, 77.992, 77.933]]","[[0.88971, 0.865938, 0.848671, 0.849074, 0.847242], [0.877957, 0.845565, 0.833271, 0.832957, 0.841053], [0.85443, 0.843855, 0.841873, 0.832622, 0.840424], [0.851401, 0.833587, 0.830423, 0.831911, 0.838546], [0.870318, 0.841869, 0.841222, 0.840057, 0.851214]]","[[0.88971, 0.865938, 0.848671, 0.849074, 0.847242], [0.877957, 0.845565, 0.833271, 0.832957, 0.841053], [0.85443, 0.843855, 0.841873, 0.832622, 0.840424], [0.851401, 0.833587, 0.830423, 0.831911, 0.838546], [0.870318, 0.841869, 0.841222, 0.840057, 0.851214]]","[[0.88971, 0.865938, 0.848671, 0.849074, 0.847242], [0.877957, 0.845565, 0.833271, 0.832957, 0.841053], [0.85443, 0.843855, 0.841873, 0.832622, 0.840424], [0.851401, 0.833587, 0.830423, 0.831911, 0.838546], [0.870318, 0.841869, 0.841222, 0.840057, 0.851214]]","[[""q_uniformity"", ""q_scratch"", ""q_scratch"", ""q_scratch"", ""q_scratch""], [""q_scratch"", ""q_scratch"", ""q_uniformity"", ""q_scratch"", ""q_scratch""], [""q_scratch"", ""q_ra"", ""q_scratch"", ""q_scratch"", ""q_scratch""], [""q_uniformity"", ""q_uniformity"", ""q_scratch"", ""q_ra"", ""q_scratch""], [""q_uniformity"", ""q_scratch"", ""q_scratch"", ""q_scratch"", ""q_scratch""]]","[[38.897, 38.659, 38.487, 38.491, 38.472], [38.78, 38.456, 38.333, 38.33, 38.411], [38.544, 38.439, 38.419, 38.326, 38.404], [38.514, 38.336, 38.304, 38.319, 38.385], [38.703, 38.419, 38.412, 38.401, 38.512]]","[[40.0, 40.0, 40.0, 40.0, 40.0], [40.0, 40.0, 40.0, 40.0, 40.0], [40.0, 40.0, 40.0, 40.0, 40.0], [40.0, 40.0, 40.0, 40.0, 40.0], [40.0, 40.0, 40.0, 40.0, 40.0]]","[[40.0, 40.0, 40.0, 40.0, 40.0], [40.0, 40.0, 40.0, 40.0, 40.0], [40.0, 40.0, 40.0, 40.0, 40.0], [40.0, 40.0, 40.0, 40.0, 40.0], [40.0, 40.0, 40.0, 40.0, 40.0]]"
finish_rule,28,0,2,success,6.377860069274902,5.4212117195129395,5.271358489990234,6.645803928375244,-0.4999999701976776,7.999825291335583,0.6908990144729614,0,65.80592467249836,70.45956051376474,0.15524260834287945,0.16805588121807705,1.7852358273389346,1.542551502444502,1.2118735503632163,0.8474724989676266,38.30423445820962,37.31076296182958,0.9934714963800388,7.310762961829582,35.90275179419036,0.008116681465491077,0.0,0.1884659330733318,,,,True,True,70.45956051376474,57.7259790927265,10,10,0,77.99313771634655,77.91156839296698,0,0,0,10,0,0:2;1:0;1:1;2:0;2:1;2:2;3:2;3:3;3:4;4:4,0:2;1:0;1:1;2:0;2:1;2:2;3:2;3:3;3:4;4:4,,,0:2;1:0;1:1;2:0;2:1;2:2;3:2;3:3;3:4;4:4,,"{""q_ra"": 0, ""q_scratch"": 8, ""q_thermal"": 0, ""q_uniformity"": 2}","[[74.012, 70.2, 68.905, 73.346, 74.247], [63.723, 68.096, 75.661, 75.799, 73.4], [68.095, 57.726, 68.953, 70.09, 70.182], [76.092, 76.439, 63.403, 63.019, 67.395], [75.274, 72.552, 71.866, 74.143, 68.871]]","[[74.012, 70.2, 68.905, 73.346, 74.247], [63.723, 68.096, 75.661, 75.799, 73.4], [68.095, 57.726, 68.953, 70.09, 70.182], [76.092, 76.439, 63.403, 63.019, 67.395], [75.274, 72.552, 71.866, 74.143, 68.871]]","[[74.012, 70.2, 68.905, 73.346, 74.247], [63.723, 68.096, 75.661, 75.799, 73.4], [68.095, 57.726, 68.953, 70.09, 70.182], [76.092, 76.439, 63.403, 63.019, 67.395], [75.274, 72.552, 71.866, 74.143, 68.871]]","[[78.0, 78.0, 78.0, 78.0, 78.0], [78.0, 78.0, 78.0, 78.0, 78.0], [78.0, 78.0, 78.0, 78.0, 78.0], [78.0, 78.0, 78.0, 77.992, 77.912], [78.0, 78.0, 78.0, 77.992, 77.933]]","[[78.0, 78.0, 78.0, 78.0, 78.0], [78.0, 78.0, 78.0, 78.0, 78.0], [78.0, 78.0, 78.0, 78.0, 78.0], [78.0, 78.0, 78.0, 77.992, 77.912], [78.0, 78.0, 78.0, 77.992, 77.933]]","[[78.0, 78.0, 78.0, 78.0, 78.0], [78.0, 78.0, 78.0, 78.0, 78.0], [78.0, 78.0, 78.0, 78.0, 78.0], [78.0, 78.0, 78.0, 77.992, 77.912], [78.0, 78.0, 78.0, 77.992, 77.933]]","[[0.809273, 0.773396, 0.750994, 0.752833, 0.749316], [0.792805, 0.750249, 0.733804, 0.733588, 0.738768], [0.761903, 0.747997, 0.743385, 0.731859, 0.738224], [0.758209, 0.736393, 0.731287, 0.731076, 0.7371], [0.781094, 0.745712, 0.743057, 0.736845, 0.75387]]","[[0.809273, 0.773396, 0.750994, 0.752833, 0.749316], [0.792805, 0.750249, 0.733804, 0.733588, 0.738768], [0.761903, 0.747997, 0.743385, 0.731859, 0.738224], [0.758209, 0.736393, 0.731287, 0.731076, 0.7371], [0.781094, 0.745712, 0.743057, 0.736845, 0.75387]]","[[0.809273, 0.773396, 0.750994, 0.752833, 0.749316], [0.792805, 0.750249, 0.733804, 0.733588, 0.738768], [0.761903, 0.747997, 0.743385, 0.731859, 0.738224], [0.758209, 0.736393, 0.731287, 0.731076, 0.7371], [0.781094, 0.745712, 0.743057, 0.736845, 0.75387]]","[[""q_uniformity"", ""q_scratch"", ""q_uniformity"", ""q_uniformity"", ""q_uniformity""], [""q_scratch"", ""q_uniformity"", ""q_uniformity"", ""q_uniformity"", ""q_uniformity""], [""q_scratch"", ""q_scratch"", ""q_scratch"", ""q_uniformity"", ""q_uniformity""], [""q_uniformity"", ""q_uniformity"", ""q_scratch"", ""q_scratch"", ""q_scratch""], [""q_uniformity"", ""q_uniformity"", ""q_uniformity"", ""q_uniformity"", ""q_scratch""]]","[[38.093, 37.734, 37.51, 37.528, 37.493], [37.928, 37.502, 37.338, 37.336, 37.388], [37.619, 37.48, 37.434, 37.319, 37.382], [37.582, 37.364, 37.313, 37.311, 37.371], [37.811, 37.457, 37.431, 37.368, 37.539]]","[[40.0, 40.0, 40.0, 40.0, 40.0], [40.0, 40.0, 40.0, 40.0, 40.0], [40.0, 40.0, 40.0, 40.0, 40.0], [40.0, 40.0, 40.0, 40.0, 40.0], [40.0, 40.0, 40.0, 40.0, 40.0]]","[[40.0, 40.0, 40.0, 40.0, 40.0], [40.0, 40.0, 40.0, 40.0, 40.0], [40.0, 40.0, 40.0, 40.0, 40.0], [40.0, 40.0, 40.0, 40.0, 40.0], [40.0, 40.0, 40.0, 40.0, 40.0]]"
finish_rule,29,0,1,continue,5.7779998779296875,5.777801513671875,5.659215927124023,6.929166793823242,0.0,5.945709068328142,0.0,0,54.81400265491786,64.66359718098192,0.2179168137077661,0.17703684358527294,2.2560399846258417,1.8805595157580555,1.8867678315486835,1.2637877285211516,40.47009098486221,39.11768859475807,1.3524023901041389,9.117688594758071,35.90275179419036,0.008116681465491077,0.07623432598597252,0.23897345630906522,0.9570225140910009,29.784431730161444,6.735022514091001,False,True,64.66359718098192,48.33175794070909,14,14,0,77.99313771634655,77.91156839296698,0,0,0,14,0,0:1;0:2;1:1;1:2;2:1;2:2;3:1;3:2;3:3;3:4;4:0;4:1;4:2;4:3,0:1;0:2;1:1;1:2;2:1;2:2;3:1;3:2;3:3;3:4;4:0;4:1;4:2;4:3,,,0:1;0:2;1:1;1:2;2:1;2:2;3:1;3:2;3:3;3:4;4:0;4:1;4:2;4:3,,"{""q_ra"": 6, ""q_scratch"": 8, ""q_thermal"": 0, ""q_uniformity"": 0}","[[75.537, 48.332, 69.917, 76.218, 75.399], [75.56, 64.312, 53.878, 76.735, 76.932], [75.996, 50.408, 50.071, 77.081, 76.08], [76.277, 56.77, 49.983, 49.196, 50.378], [57.972, 62.305, 50.274, 65.259, 75.72]]","[[75.537, 48.332, 69.917, 76.218, 75.399], [75.56, 64.312, 53.878, 76.735, 76.932], [75.996, 50.408, 50.071, 77.081, 76.08], [76.277, 56.77, 49.983, 49.196, 50.378], [57.972, 62.305, 50.274, 65.259, 75.72]]","[[75.537, 48.332, 69.917, 76.218, 75.399], [75.56, 64.312, 53.878, 76.735, 76.932], [75.996, 50.408, 50.071, 77.081, 76.08], [76.277, 56.77, 49.983, 49.196, 50.378], [57.972, 62.305, 50.274, 65.259, 75.72]]","[[78.0, 78.0, 78.0, 78.0, 78.0], [78.0, 78.0, 78.0, 78.0, 78.0], [78.0, 78.0, 78.0, 78.0, 78.0], [78.0, 78.0, 78.0, 77.992, 77.912], [78.0, 78.0, 78.0, 77.992, 77.933]]","[[78.0, 78.0, 78.0, 78.0, 78.0], [78.0, 78.0, 78.0, 78.0, 78.0], [78.0, 78.0, 78.0, 78.0, 78.0], [78.0, 78.0, 78.0, 77.992, 77.912], [78.0, 78.0, 78.0, 77.992, 77.933]]","[[78.0, 78.0, 78.0, 78.0, 78.0], [78.0, 78.0, 78.0, 78.0, 78.0], [78.0, 78.0, 78.0, 78.0, 78.0], [78.0, 78.0, 78.0, 77.992, 77.912], [78.0, 78.0, 78.0, 77.992, 77.933]]","[[0.900799, 0.88117, 0.869816, 0.854347, 0.864147], [0.853804, 0.838144, 0.822971, 0.832814, 0.845502], [0.844665, 0.816064, 0.814884, 0.808984, 0.831126], [0.863713, 0.853492, 0.82935, 0.828039, 0.85519], [0.883747, 0.878099, 0.860417, 0.858868, 0.877083]]","[[0.91817, 0.900109, 0.886779, 0.866775, 0.871996], [0.901057, 0.886042, 0.865714, 0.867456, 0.871344], [0.900001, 0.874486, 0.871702, 0.857445, 0.868974], [0.908396, 0.906203, 0.882685, 0.875718, 0.891994], [0.907261, 0.911449, 0.896723, 0.890623, 0.897348]]","[[0.904921, 0.886446, 0.864962, 0.861124, 0.865604], [0.888197, 0.870222, 0.861707, 0.856441, 0.860366], [0.897797, 0.874486, 0.871233, 0.856875, 0.85863], [0.900764, 0.890701, 0.881617, 0.867065, 0.867509], [0.907261, 0.903219, 0.893944, 0.887107, 0.888436]]","[[""q_uniformity"", ""q_ra"", ""q_scratch"", ""q_uniformity"", ""q_uniformity""], [""q_uniformity"", ""q_scratch"", ""q_scratch"", ""q_uniformity"", ""q_uniformity""], [""q_uniformity"", ""q_scratch"", ""q_ra"", ""q_uniformity"", ""q_uniformity""], [""q_uniformity"", ""q_scratch"", ""q_ra"", ""q_ra"", ""q_ra""], [""q_scratch"", ""q_scratch"", ""q_ra"", ""q_scratch"", ""q_uniformity""]]","[[40.071, 39.738, 39.442, 39.118, 39.13], [40.379, 40.007, 39.543, 39.375, 39.342], [41.578, 40.912, 40.457, 39.944, 39.937], [43.137, 42.62, 41.699, 41.119, 41.122], [44.234, 43.737, 42.825, 42.173, 42.033]]","[[40.969, 40.819, 40.647, 40.519, 40.47], [41.519, 41.294, 41.023, 40.807, 40.722], [42.864, 42.479, 41.996, 41.598, 41.435], [44.462, 43.926, 43.254, 42.697, 42.469], [45.689, 45.072, 44.303, 43.668, 43.41]]","[[41.18, 41.052, 40.855, 40.672, 40.565], [42.156, 41.94, 41.595, 41.257, 41.049], [43.707, 43.372, 42.832, 42.293, 41.956], [45.21, 44.786, 44.107, 43.428, 43.006], [46.107, 45.644, 44.906, 44.174, 43.72]]"
finish_rule,29,0,2,success,6.73502254486084,5.724648475646973,5.566516876220703,6.950495719909668,-0.4999999701976776,7.999825291335583,0.6908990144729614,0,64.66359718098192,70.30164509847974,0.17703684358527294,0.18986850385682835,1.8805595157580555,1.7093997536029133,1.2637877285211516,0.8799560914011635,39.11768859475807,38.084712599971574,1.0329759947864972,8.084712599971574,35.90275179419036,0.008116681465491077,0.0,0.18556954335290177,,,,True,True,70.30164509847974,60.56690164990232,11,11,0,77.99313771634655,77.91156839296698,0,0,0,11,0,0:1;1:1;1:2;2:1;2:2;3:1;3:2;3:3;3:4;4:0;4:2,0:1;1:1;1:2;2:1;2:2;3:1;3:2;3:3;3:4;4:0;4:2,,,0:1;1:1;1:2;2:1;2:2;3:1;3:2;3:3;3:4;4:0;4:2,,"{""q_ra"": 0, ""q_scratch"": 7, ""q_thermal"": 0, ""q_uniformity"": 4}","[[73.717, 60.567, 73.545, 75.715, 74.231], [74.364, 69.676, 66.199, 76.362, 76.665], [75.225, 61.103, 63.675, 76.751, 75.61], [75.905, 67.088, 63.702, 62.908, 64.193], [69.356, 70.85, 65.001, 70.334, 74.799]]","[[73.717, 60.567, 73.545, 75.715, 74.231], [74.364, 69.676, 66.199, 76.362, 76.665], [75.225, 61.103, 63.675, 76.751, 75.61], [75.905, 67.088, 63.702, 62.908, 64.193], [69.356, 70.85, 65.001, 70.334, 74.799]]","[[73.717, 60.567, 73.545, 75.715, 74.231], [74.364, 69.676, 66.199, 76.362, 76.665], [75.225, 61.103, 63.675, 76.751, 75.61], [75.905, 67.088, 63.702, 62.908, 64.193], [69.356, 70.85, 65.001, 70.334, 74.799]]","[[78.0, 78.0, 78.0, 78.0, 78.0], [78.0, 78.0, 78.0, 78.0, 78.0], [78.0, 78.0, 78.0, 78.0, 78.0], [78.0, 78.0, 78.0, 77.992, 77.912], [78.0, 78.0, 78.0, 77.992, 77.933]]","[[78.0, 78.0, 78.0, 78.0, 78.0], [78.0, 78.0, 78.0, 78.0, 78.0], [78.0, 78.0, 78.0, 78.0, 78.0], [78.0, 78.0, 78.0, 77.992, 77.912], [78.0, 78.0, 78.0, 77.992, 77.933]]","[[78.0, 78.0, 78.0, 78.0, 78.0], [78.0, 78.0, 78.0, 78.0, 78.0], [78.0, 78.0, 78.0, 78.0, 78.0], [78.0, 78.0, 78.0, 77.992, 77.912], [78.0, 78.0, 78.0, 77.992, 77.933]]","[[0.831322, 0.798752, 0.776465, 0.757555, 0.767412], [0.78248, 0.758632, 0.734634, 0.7419, 0.752564], [0.777036, 0.739257, 0.733596, 0.720442, 0.740331], [0.802064, 0.785687, 0.755611, 0.74855, 0.775008], [0.822624, 0.81713, 0.792554, 0.786219, 0.801223]]","[[0.847353, 0.81592, 0.791607, 0.768575, 0.774382], [0.825786, 0.801985, 0.772789, 0.772761, 0.775565], [0.827942, 0.792181, 0.784747, 0.763599, 0.774044], [0.843558, 0.83421, 0.804204, 0.791653, 0.808361], [0.844512, 0.848164, 0.825997, 0.815287, 0.819735]]","[[0.832227, 0.803821, 0.771384, 0.76518, 0.770039], [0.810157, 0.785762, 0.769446, 0.761357, 0.766466], [0.825811, 0.792181, 0.784374, 0.763142, 0.764821], [0.835066, 0.819891, 0.804204, 0.782269, 0.782443], [0.844512, 0.835833, 0.820938, 0.811626, 0.811606]]","[[""q_uniformity"", ""q_scratch"", ""q_uniformity"", ""q_uniformity"", ""q_uniformity""], [""q_uniformity"", ""q_scratch"", ""q_scratch"", ""q_uniformity"", ""q_uniformity""], [""q_uniformity"", ""q_scratch"", ""q_scratch"", ""q_uniformity"", ""q_uniformity""], [""q_uniformity"", ""q_scratch"", ""q_scratch"", ""q_uniformity"", ""q_uniformity""], [""q_uniformity"", ""q_uniformity"", ""q_uniformity"", ""q_uniformity"", ""q_uniformity""]]","[[39.294, 38.827, 38.428, 38.085, 38.108], [39.512, 39.058, 38.518, 38.352, 38.315], [40.651, 39.885, 39.414, 38.856, 38.852], [42.199, 41.617, 40.659, 40.051, 40.079], [43.25, 42.783, 41.814, 41.144, 40.993]]","[[40.969, 40.819, 40.647, 40.519, 40.47], [41.519, 41.294, 41.023, 40.807, 40.722], [42.864, 42.479, 41.996, 41.598, 41.435], [44.462, 43.926, 43.254, 42.697, 42.469], [45.689, 45.072, 44.303, 43.668, 43.41]]","[[41.18, 41.052, 40.855, 40.672, 40.565], [42.156, 41.94, 41.595, 41.257, 41.049], [43.707, 43.372, 42.832, 42.293, 41.956], [45.21, 44.786, 44.107, 43.428, 43.006], [46.107, 45.644, 44.906, 44.174, 43.72]]"
finish_rule,30,0,1,continue,5.7779998779296875,5.777801513671875,5.659216403961182,6.930119514465332,0.0,5.945709068328142,0.0,0,46.12300831611102,68.32284754473402,0.18161723563484752,0.12409322819490955,1.8981135889896805,1.399961879943926,1.5221551399456243,0.8379470337720363,40.0,38.51679620771785,1.483203792282147,8.516796207717853,35.90278134283363,0.008116997792504327,0.023959320789514037,0.2620864244109794,0.2742529016147353,24.865065874220264,6.052252901614735,False,True,68.32284754473402,54.69101353228462,15,15,0,77.99313708870655,77.91155624487133,0,0,0,15,0,0:3;0:4;1:0;1:2;1:3;2:1;2:2;2:3;3:1;3:2;3:3;3:4;4:2;4:3;4:4,0:3;0:4;1:0;1:2;1:3;2:1;2:2;2:3;3:1;3:2;3:3;3:4;4:2;4:3;4:4,,,0:3;0:4;1:0;1:2;1:3;2:1;2:2;2:3;3:1;3:2;3:3;3:4;4:2;4:3;4:4,,"{""q_ra"": 1, ""q_scratch"": 14, ""q_thermal"": 0, ""q_uniformity"": 0}","[[74.689, 76.446, 70.217, 60.312, 54.691], [69.398, 74.294, 67.799, 63.471, 70.2], [72.699, 69.706, 61.95, 62.435, 71.128], [71.561, 63.728, 64.359, 69.732, 68.885], [75.606, 71.447, 66.751, 67.286, 69.28]]","[[74.689, 76.446, 70.217, 60.312, 54.691], [69.398, 74.294, 67.799, 63.471, 70.2], [72.699, 69.706, 61.95, 62.435, 71.128], [71.561, 63.728, 64.359, 69.732, 68.885], [75.606, 71.447, 66.751, 67.286, 69.28]]","[[74.689, 76.446, 70.217, 60.312, 54.691], [69.398, 74.294, 67.799, 63.471, 70.2], [72.699, 69.706, 61.95, 62.435, 71.128], [71.561, 63.728, 64.359, 69.732, 68.885], [75.606, 71.447, 66.751, 67.286, 69.28]]","[[78.0, 78.0, 78.0, 78.0, 78.0], [78.0, 78.0, 78.0, 78.0, 78.0], [78.0, 78.0, 78.0, 78.0, 78.0], [78.0, 78.0, 78.0, 77.992, 77.912], [78.0, 78.0, 78.0, 77.992, 77.933]]","[[78.0, 78.0, 78.0, 78.0, 78.0], [78.0, 78.0, 78.0, 78.0, 78.0], [78.0, 78.0, 78.0, 78.0, 78.0], [78.0, 78.0, 78.0, 77.992, 77.912], [78.0, 78.0, 78.0, 77.992, 77.933]]","[[78.0, 78.0, 78.0, 78.0, 78.0], [78.0, 78.0, 78.0, 78.0, 78.0], [78.0, 78.0, 78.0, 78.0, 78.0], [78.0, 78.0, 78.0, 77.992, 77.912], [78.0, 78.0, 78.0, 77.992, 77.933]]","[[0.891009, 0.873709, 0.874764, 0.869279, 0.891024], [0.859701, 0.833822, 0.842689, 0.849734, 0.875099], [0.84312, 0.820781, 0.821708, 0.848827, 0.8663], [0.853875, 0.797024, 0.803526, 0.837585, 0.862802], [0.852639, 0.801312, 0.811147, 0.825966, 0.86486]]","[[0.91438, 0.906112, 0.901661, 0.88175, 0.897311], [0.903296, 0.888048, 0.888078, 0.872187, 0.891674], [0.890657, 0.886927, 0.881398, 0.883569, 0.891991], [0.859954, 0.861038, 0.869372, 0.883435, 0.892518], [0.852639, 0.85168, 0.878319, 0.878155, 0.892103]]","[[0.904484, 0.899292, 0.877215, 0.88175, 0.890295], [0.887443, 0.882213, 0.870974, 0.871733, 0.885299], [0.878533, 0.865879, 0.872579, 0.876795, 0.879609], [0.859954, 0.857938, 0.862363, 0.880713, 0.886608], [0.852639, 0.84701, 0.873794, 0.876777, 0.892103]]","[[""q_uniformity"", ""q_uniformity"", ""q_scratch"", ""q_scratch"", ""q_ra""], [""q_scratch"", ""q_scratch"", ""q_scratch"", ""q_scratch"", ""q_scratch""], [""q_scratch"", ""q_scratch"", ""q_scratch"", ""q_scratch"", ""q_scratch""], [""q_scratch"", ""q_scratch"", ""q_scratch"", ""q_scratch"", ""q_scratch""], [""q_uniformity"", ""q_scratch"", ""q_scratch"", ""q_scratch"", ""q_scratch""]]","[[41.037, 41.201, 41.731, 42.053, 42.544], [40.056, 40.238, 41.083, 41.843, 42.58], [39.044, 39.456, 40.523, 41.953, 42.873], [38.6, 38.702, 40.09, 41.951, 43.247], [38.526, 38.517, 40.102, 41.899, 43.547]]","[[42.071, 42.361, 43.01, 43.67, 43.979], [41.132, 41.528, 42.48, 43.579, 44.109], [40.155, 40.662, 41.939, 43.529, 44.432], [40.0, 40.107, 41.606, 43.528, 44.842], [40.0, 40.0, 41.501, 43.549, 45.186]]","[[42.387, 42.82, 43.41, 43.866, 44.078], [41.697, 42.278, 43.152, 43.938, 44.376], [40.727, 41.521, 42.806, 44.082, 44.86], [40.071, 40.919, 42.557, 44.268, 45.354], [40.0, 40.629, 42.454, 44.406, 45.664]]"
finish_rule,30,0,2,success,6.052252769470215,5.144517421722412,5.0022664070129395,6.370084285736084,-0.4999999701976776,7.999825291335583,0.6908990144729614,0,68.32284754473402,71.73725043637944,0.12409322819490955,0.13407760801750393,1.399961879943926,1.2285263009033067,0.8379470337720363,0.4867449983818952,38.51679620771785,37.63533350896972,0.8814626987481304,7.6353335089697225,35.90278134283363,0.008116997792504327,0.0,0.17621266582530704,,,,True,True,71.73725043637944,64.47546728780804,8,8,0,77.99313708870655,77.91155624487133,0,0,0,8,0,0:3;0:4;1:0;1:3;2:2;2:3;3:1;3:2,0:3;0:4;1:0;1:3;2:2;2:3;3:1;3:2,,,0:3;0:4;1:0;1:3;2:2;2:3;3:1;3:2,,"{""q_ra"": 0, ""q_scratch"": 4, ""q_thermal"": 0, ""q_uniformity"": 4}","[[72.925, 75.681, 72.798, 67.892, 64.475], [69.568, 75.518, 71.557, 67.706, 73.231], [75.069, 73.869, 68.566, 68.341, 74.759], [74.386, 68.46, 69.064, 72.897, 72.348], [75.169, 73.766, 72.164, 71.002, 72.22]]","[[72.925, 75.681, 72.798, 67.892, 64.475], [69.568, 75.518, 71.557, 67.706, 73.231], [75.069, 73.869, 68.566, 68.341, 74.759], [74.386, 68.46, 69.064, 72.897, 72.348], [75.169, 73.766, 72.164, 71.002, 72.22]]","[[72.925, 75.681, 72.798, 67.892, 64.475], [69.568, 75.518, 71.557, 67.706, 73.231], [75.069, 73.869, 68.566, 68.341, 74.759], [74.386, 68.46, 69.064, 72.897, 72.348], [75.169, 73.766, 72.164, 71.002, 72.22]]","[[78.0, 78.0, 78.0, 78.0, 78.0], [78.0, 78.0, 78.0, 78.0, 78.0], [78.0, 78.0, 78.0, 78.0, 78.0], [78.0, 78.0, 78.0, 77.992, 77.912], [78.0, 78.0, 78.0, 77.992, 77.933]]","[[78.0, 78.0, 78.0, 78.0, 78.0], [78.0, 78.0, 78.0, 78.0, 78.0], [78.0, 78.0, 78.0, 78.0, 78.0], [78.0, 78.0, 78.0, 77.992, 77.912], [78.0, 78.0, 78.0, 77.992, 77.933]]","[[78.0, 78.0, 78.0, 78.0, 78.0], [78.0, 78.0, 78.0, 78.0, 78.0], [78.0, 78.0, 78.0, 78.0, 78.0], [78.0, 78.0, 78.0, 77.992, 77.912], [78.0, 78.0, 78.0, 77.992, 77.933]]","[[0.82997, 0.810641, 0.807549, 0.803139, 0.826391], [0.794774, 0.764423, 0.776463, 0.782297, 0.812447], [0.765346, 0.748114, 0.753881, 0.78502, 0.804452], [0.76755, 0.71839, 0.734226, 0.775264, 0.80193], [0.76511, 0.718378, 0.741525, 0.759898, 0.805041]]","[[0.85174, 0.840705, 0.832379, 0.814661, 0.832223], [0.835076, 0.814136, 0.818285, 0.802968, 0.827836], [0.808498, 0.808404, 0.808644, 0.81715, 0.828309], [0.773015, 0.776089, 0.794392, 0.817703, 0.82955], [0.76511, 0.763533, 0.802931, 0.807912, 0.8304]]","[[0.842057, 0.832952, 0.808062, 0.814661, 0.825716], [0.814226, 0.809651, 0.80114, 0.80255, 0.818544], [0.799155, 0.78981, 0.79898, 0.811084, 0.814379], [0.773015, 0.774077, 0.787972, 0.815775, 0.824057], [0.76511, 0.759992, 0.798795, 0.806798, 0.829806]]","[[""q_uniformity"", ""q_uniformity"", ""q_uniformity"", ""q_uniformity"", ""q_uniformity""], [""q_scratch"", ""q_uniformity"", ""q_uniformity"", ""q_scratch"", ""q_uniformity""], [""q_uniformity"", ""q_uniformity"", ""q_uniformity"", ""q_uniformity"", ""q_uniformity""], [""q_uniformity"", ""q_scratch"", ""q_scratch"", ""q_uniformity"", ""q_uniformity""], [""q_uniformity"", ""q_uniformity"", ""q_uniformity"", ""q_uniformity"", ""q_uniformity""]]","[[40.281, 40.392, 40.83, 41.136, 41.634], [39.296, 39.386, 40.212, 40.903, 41.68], [38.21, 38.619, 39.654, 41.055, 41.954], [37.73, 37.844, 39.22, 41.062, 42.313], [37.651, 37.635, 39.235, 40.947, 42.61]]","[[42.071, 42.361, 43.01, 43.67, 43.979], [41.132, 41.528, 42.48, 43.579, 44.109], [40.155, 40.662, 41.939, 43.529, 44.432], [40.0, 40.107, 41.606, 43.528, 44.842], [40.0, 40.0, 41.501, 43.549, 45.186]]","[[42.387, 42.82, 43.41, 43.866, 44.078], [41.697, 42.278, 43.152, 43.938, 44.376], [40.727, 41.521, 42.806, 44.082, 44.86], [40.071, 40.919, 42.557, 44.268, 45.354], [40.0, 40.629, 42.454, 44.406, 45.664]]"
finish_rule,33,0,1,continue,5.7779998779296875,5.777801513671875,5.659215927124023,6.92963981628418,0.0,5.945709068328142,0.0,0,48.38176711651243,67.99600419742441,0.17906861046550263,0.13281831563762997,1.9905620677571356,1.4918396810996168,1.5598445055110153,0.9777002282533556,50.0,48.26582828706498,1.734171712935023,18.265828287064977,35.90281035846833,0.008118284153765847,0.028628511465365544,0.3064332118206201,0.28027488889282764,53.08115328108322,6.058274888892827,False,True,67.99600419742441,51.937176055496266,14,14,0,77.99313529913023,77.91153592348684,0,0,0,14,0,0:3;0:4;1:1;1:4;2:0;2:1;3:0;3:1;3:4;4:0;4:1;4:2;4:3;4:4,0:3;0:4;1:1;1:4;2:0;2:1;3:0;3:1;3:4;4:0;4:1;4:2;4:3;4:4,,,0:3;0:4;1:1;1:4;2:0;2:1;3:0;3:1;3:4;4:0;4:1;4:2;4:3;4:4,,"{""q_ra"": 1, ""q_scratch"": 13, ""q_thermal"": 0, ""q_uniformity"": 0}","[[75.427, 70.732, 71.864, 68.128, 68.778], [76.054, 61.78, 76.839, 75.003, 68.66], [69.967, 61.695, 72.469, 73.348, 70.41], [64.982, 68.109, 71.286, 77.362, 65.421], [66.875, 55.775, 51.937, 53.072, 63.928]]","[[75.427, 70.732, 71.864, 68.128, 68.778], [76.054, 61.78, 76.839, 75.003, 68.66], [69.967, 61.695, 72.469, 73.348, 70.41], [64.982, 68.109, 71.286, 77.362, 65.421], [66.875, 55.775, 51.937, 53.072, 63.928]]","[[75.427, 70.732, 71.864, 68.128, 68.778], [76.054, 61.78, 76.839, 75.003, 68.66], [69.967, 61.695, 72.469, 73.348, 70.41], [64.982, 68.109, 71.286, 77.362, 65.421], [66.875, 55.775, 51.937, 53.072, 63.928]]","[[78.0, 78.0, 78.0, 78.0, 78.0], [78.0, 78.0, 78.0, 78.0, 78.0], [78.0, 78.0, 78.0, 78.0, 78.0], [78.0, 78.0, 78.0, 77.992, 77.912], [78.0, 78.0, 78.0, 77.992, 77.933]]","[[78.0, 78.0, 78.0, 78.0, 78.0], [78.0, 78.0, 78.0, 78.0, 78.0], [78.0, 78.0, 78.0, 78.0, 78.0], [78.0, 78.0, 78.0, 77.992, 77.912], [78.0, 78.0, 78.0, 77.992, 77.933]]","[[78.0, 78.0, 78.0, 78.0, 78.0], [78.0, 78.0, 78.0, 78.0, 78.0], [78.0, 78.0, 78.0, 78.0, 78.0], [78.0, 78.0, 78.0, 77.992, 77.912], [78.0, 78.0, 78.0, 77.992, 77.933]]","[[0.93933, 0.932093, 0.928855, 0.926697, 0.926483], [0.937747, 0.925267, 0.920463, 0.913291, 0.91866], [0.930257, 0.922853, 0.918571, 0.914953, 0.915723], [0.930741, 0.920215, 0.916136, 0.915819, 0.919632], [0.931157, 0.918251, 0.920684, 0.917927, 0.928071]]","[[0.93933, 0.932093, 0.928855, 0.926697, 0.926483], [0.937747, 0.925267, 0.920463, 0.913291, 0.91866], [0.930257, 0.922853, 0.918571, 0.914953, 0.915723], [0.930741, 0.920215, 0.916136, 0.915819, 0.919632], [0.931157, 0.918251, 0.920684, 0.917927, 0.928071]]","[[0.93933, 0.932093, 0.928855, 0.926697, 0.926483], [0.937747, 0.925267, 0.920463, 0.913291, 0.91866], [0.930257, 0.922853, 0.918571, 0.914953, 0.915723], [0.930741, 0.920215, 0.916136, 0.915819, 0.919632], [0.931157, 0.918251, 0.920684, 0.917927, 0.928071]]","[[""q_uniformity"", ""q_scratch"", ""q_scratch"", ""q_scratch"", ""q_scratch""], [""q_uniformity"", ""q_scratch"", ""q_uniformity"", ""q_scratch"", ""q_scratch""], [""q_scratch"", ""q_scratch"", ""q_scratch"", ""q_scratch"", ""q_scratch""], [""q_scratch"", ""q_scratch"", ""q_scratch"", ""q_uniformity"", ""q_scratch""], [""q_scratch"", ""q_scratch"", ""q_ra"", ""q_scratch"", ""q_scratch""]]","[[48.787, 48.642, 48.577, 48.534, 48.53], [48.755, 48.505, 48.409, 48.266, 48.373], [48.605, 48.457, 48.371, 48.299, 48.314], [48.615, 48.404, 48.323, 48.316, 48.393], [48.623, 48.365, 48.414, 48.359, 48.561]]","[[50.0, 50.0, 50.0, 50.0, 50.0], [50.0, 50.0, 50.0, 50.0, 50.0], [50.0, 50.0, 50.0, 50.0, 50.0], [50.0, 50.0, 50.0, 50.0, 50.0], [50.0, 50.0, 50.0, 50.0, 50.0]]","[[50.0, 50.0, 50.0, 50.0, 50.0], [50.0, 50.0, 50.0, 50.0, 50.0], [50.0, 50.0, 50.0, 50.0, 50.0], [50.0, 50.0, 50.0, 50.0, 50.0], [50.0, 50.0, 50.0, 50.0, 50.0]]"
finish_rule,33,0,2,success,6.058274745941162,5.149540901184082,5.007230758666992,6.374839782714844,-0.4999999701976776,7.999825291335583,0.6908990144729614,0,67.99600419742441,72.15359863595309,0.13281831563762997,0.14460686546225665,1.4918396810996168,1.3063255713811621,0.9777002282533556,0.5635707857715948,48.26582828706498,47.32198345028404,0.94384483678094,17.321983450284037,35.90281035846833,0.008118284153765847,0.0,0.18849637299963526,,,,True,True,72.15359863595309,65.32882331944953,6,6,0,77.99313529913023,77.91153592348684,0,0,0,6,0,1:1;2:1;4:1;4:2;4:3;4:4,1:1;2:1;4:1;4:2;4:3;4:4,,,1:1;2:1;4:1;4:2;4:3;4:4,,"{""q_ra"": 0, ""q_scratch"": 3, ""q_thermal"": 0, ""q_uniformity"": 3}","[[73.72, 72.619, 73.747, 71.604, 72.712], [75.06, 68.657, 76.607, 76.348, 72.466], [74.586, 68.302, 75.257, 75.641, 73.616], [70.099, 72.698, 74.431, 77.213, 70.294], [71.403, 65.801, 65.329, 66.081, 69.551]]","[[73.72, 72.619, 73.747, 71.604, 72.712], [75.06, 68.657, 76.607, 76.348, 72.466], [74.586, 68.302, 75.257, 75.641, 73.616], [70.099, 72.698, 74.431, 77.213, 70.294], [71.403, 65.801, 65.329, 66.081, 69.551]]","[[73.72, 72.619, 73.747, 71.604, 72.712], [75.06, 68.657, 76.607, 76.348, 72.466], [74.586, 68.302, 75.257, 75.641, 73.616], [70.099, 72.698, 74.431, 77.213, 70.294], [71.403, 65.801, 65.329, 66.081, 69.551]]","[[78.0, 78.0, 78.0, 78.0, 78.0], [78.0, 78.0, 78.0, 78.0, 78.0], [78.0, 78.0, 78.0, 78.0, 78.0], [78.0, 78.0, 78.0, 77.992, 77.912], [78.0, 78.0, 78.0, 77.992, 77.933]]","[[78.0, 78.0, 78.0, 78.0, 78.0], [78.0, 78.0, 78.0, 78.0, 78.0], [78.0, 78.0, 78.0, 78.0, 78.0], [78.0, 78.0, 78.0, 77.992, 77.912], [78.0, 78.0, 78.0, 77.992, 77.933]]","[[78.0, 78.0, 78.0, 78.0, 78.0], [78.0, 78.0, 78.0, 78.0, 78.0], [78.0, 78.0, 78.0, 78.0, 78.0], [78.0, 78.0, 78.0, 77.992, 77.912], [78.0, 78.0, 78.0, 77.992, 77.933]]","[[0.899145, 0.888794, 0.884478, 0.881808, 0.879861], [0.896245, 0.880693, 0.874303, 0.866099, 0.872217], [0.886667, 0.878009, 0.871101, 0.867429, 0.867832], [0.887117, 0.875271, 0.868748, 0.868315, 0.87272], [0.88669, 0.872096, 0.87237, 0.87037, 0.881685]]","[[0.899145, 0.888794, 0.884478, 0.881808, 0.879861], [0.896245, 0.880693, 0.874303, 0.866099, 0.872217], [0.886667, 0.878009, 0.871101, 0.867429, 0.867832], [0.887117, 0.875271, 0.868748, 0.868315, 0.87272], [0.88669, 0.872096, 0.87237, 0.87037, 0.881685]]","[[0.899145, 0.888794, 0.884478, 0.881808, 0.879861], [0.896245, 0.880693, 0.874303, 0.866099, 0.872217], [0.886667, 0.878009, 0.871101, 0.867429, 0.867832], [0.887117, 0.875271, 0.868748, 0.868315, 0.87272], [0.88669, 0.872096, 0.87237, 0.87037, 0.881685]]","[[""q_uniformity"", ""q_uniformity"", ""q_uniformity"", ""q_uniformity"", ""q_uniformity""], [""q_uniformity"", ""q_scratch"", ""q_uniformity"", ""q_uniformity"", ""q_uniformity""], [""q_uniformity"", ""q_uniformity"", ""q_uniformity"", ""q_uniformity"", ""q_uniformity""], [""q_scratch"", ""q_uniformity"", ""q_uniformity"", ""q_uniformity"", ""q_uniformity""], [""q_uniformity"", ""q_uniformity"", ""q_scratch"", ""q_scratch"", ""q_uniformity""]]","[[47.983, 47.776, 47.69, 47.636, 47.597], [47.925, 47.614, 47.486, 47.322, 47.444], [47.733, 47.56, 47.422, 47.349, 47.357], [47.742, 47.505, 47.375, 47.366, 47.454], [47.734, 47.442, 47.447, 47.407, 47.634]]","[[50.0, 50.0, 50.0, 50.0, 50.0], [50.0, 50.0, 50.0, 50.0, 50.0], [50.0, 50.0, 50.0, 50.0, 50.0], [50.0, 50.0, 50.0, 50.0, 50.0], [50.0, 50.0, 50.0, 50.0, 50.0]]","[[50.0, 50.0, 50.0, 50.0, 50.0], [50.0, 50.0, 50.0, 50.0, 50.0], [50.0, 50.0, 50.0, 50.0, 50.0], [50.0, 50.0, 50.0, 50.0, 50.0], [50.0, 50.0, 50.0, 50.0, 50.0]]"
finish_rule,34,0,1,continue,5.7779998779296875,5.777801513671875,5.65920877456665,6.929029941558838,0.0,5.945709068328142,0.0,0,50.326237622610996,65.5020199604462,0.21414545194898127,0.16324043900829704,2.036335321931937,1.638123076744297,1.7030516720614979,1.0905455625985845,44.710076770949506,43.347588634830316,1.3624881361191896,13.347588634830316,35.90277945830263,0.008118115967479468,0.06425685770791136,0.24075594140340248,0.8006887472850951,47.133161361183944,6.578688747285095,False,True,65.5020199604462,48.843101877569225,15,15,0,77.99313564528636,77.91154135949378,0,0,0,15,0,0:0;1:0;1:2;1:3;1:4;2:0;2:1;2:2;2:3;2:4;3:0;3:3;3:4;4:0;4:1,0:0;1:0;1:2;1:3;1:4;2:0;2:1;2:2;2:3;2:4;3:0;3:3;3:4;4:0;4:1,,,0:0;1:0;1:2;1:3;1:4;2:0;2:1;2:2;2:3;2:4;3:0;3:3;3:4;4:0;4:1,,"{""q_ra"": 4, ""q_scratch"": 11, ""q_thermal"": 0, ""q_uniformity"": 0}","[[65.099, 75.978, 76.052, 75.759, 76.33], [64.077, 76.604, 61.814, 57.643, 64.089], [50.919, 56.592, 55.388, 65.358, 58.785], [51.641, 74.614, 71.382, 67.448, 66.755], [57.431, 48.843, 71.272, 71.684, 75.992]]","[[65.099, 75.978, 76.052, 75.759, 76.33], [64.077, 76.604, 61.814, 57.643, 64.089], [50.919, 56.592, 55.388, 65.358, 58.785], [51.641, 74.614, 71.382, 67.448, 66.755], [57.431, 48.843, 71.272, 71.684, 75.992]]","[[65.099, 75.978, 76.052, 75.759, 76.33], [64.077, 76.604, 61.814, 57.643, 64.089], [50.919, 56.592, 55.388, 65.358, 58.785], [51.641, 74.614, 71.382, 67.448, 66.755], [57.431, 48.843, 71.272, 71.684, 75.992]]","[[78.0, 78.0, 78.0, 78.0, 78.0], [78.0, 78.0, 78.0, 78.0, 78.0], [78.0, 78.0, 78.0, 78.0, 78.0], [78.0, 78.0, 78.0, 77.992, 77.912], [78.0, 78.0, 78.0, 77.992, 77.933]]","[[78.0, 78.0, 78.0, 78.0, 78.0], [78.0, 78.0, 78.0, 78.0, 78.0], [78.0, 78.0, 78.0, 78.0, 78.0], [78.0, 78.0, 78.0, 77.992, 77.912], [78.0, 78.0, 78.0, 77.992, 77.933]]","[[78.0, 78.0, 78.0, 78.0, 78.0], [78.0, 78.0, 78.0, 78.0, 78.0], [78.0, 78.0, 78.0, 78.0, 78.0], [78.0, 78.0, 78.0, 77.992, 77.912], [78.0, 78.0, 78.0, 77.992, 77.933]]","[[0.923954, 0.90524, 0.89817, 0.898539, 0.904562], [0.885235, 0.8759, 0.867389, 0.869314, 0.883936], [0.884991, 0.870694, 0.863182, 0.861488, 0.879656], [0.887728, 0.875161, 0.870766, 0.867634, 0.891555], [0.933199, 0.899387, 0.894632, 0.887075, 0.901294]]","[[0.939048, 0.924817, 0.913626, 0.907214, 0.910457], [0.919254, 0.914733, 0.901981, 0.894821, 0.90273], [0.92756, 0.918322, 0.908317, 0.896753, 0.903577], [0.923945, 0.918657, 0.915493, 0.904193, 0.913102], [0.933199, 0.922652, 0.929715, 0.917751, 0.915485]]","[[0.920058, 0.914903, 0.901994, 0.895358, 0.906414], [0.919254, 0.905371, 0.898693, 0.888487, 0.890771], [0.923472, 0.909753, 0.907241, 0.894594, 0.896718], [0.92319, 0.91593, 0.912485, 0.897524, 0.902912], [0.933199, 0.92211, 0.921128, 0.91463, 0.91358]]","[[""q_scratch"", ""q_uniformity"", ""q_uniformity"", ""q_uniformity"", ""q_uniformity""], [""q_scratch"", ""q_uniformity"", ""q_scratch"", ""q_scratch"", ""q_scratch""], [""q_ra"", ""q_scratch"", ""q_ra"", ""q_scratch"", ""q_scratch""], [""q_ra"", ""q_scratch"", ""q_scratch"", ""q_scratch"", ""q_scratch""], [""q_scratch"", ""q_ra"", ""q_scratch"", ""q_scratch"", ""q_uniformity""]]","[[44.548, 43.968, 43.527, 43.348, 43.393], [44.673, 44.237, 43.723, 43.462, 43.545], [45.933, 45.365, 44.736, 44.203, 44.177], [47.324, 46.724, 45.975, 45.153, 45.028], [48.664, 47.912, 47.126, 46.017, 45.582]]","[[45.492, 45.104, 44.806, 44.713, 44.71], [45.962, 45.564, 45.214, 45.044, 45.004], [47.177, 46.732, 46.223, 45.838, 45.69], [48.75, 48.205, 47.449, 46.758, 46.459], [50.0, 49.414, 48.421, 47.453, 47.02]]","[[45.746, 45.431, 45.061, 44.855, 44.806], [46.576, 46.254, 45.821, 45.485, 45.323], [48.003, 47.647, 47.071, 46.487, 46.116], [49.515, 49.11, 48.345, 47.464, 46.856], [50.0, 49.916, 49.143, 48.057, 47.288]]"
finish_rule,34,0,2,success,6.578688621520996,5.591806888580322,5.437318325042725,6.81667947769165,-0.4999999701976776,7.999825291335583,0.6908990144729614,0,65.5020199604462,70.93728765553921,0.16324043900829704,0.1700909595306437,1.638123076744297,1.4740955102573992,1.0905455625985845,0.6571262734422616,43.347588634830316,42.335444710239585,1.012143924590731,12.335444710239585,35.90277945830263,0.008118115967479468,0.0,0.186147630888022,,,,True,True,70.93728765553921,62.15744671017671,12,12,0,77.99313564528636,77.91154135949378,0,0,0,12,0,0:0;1:0;1:2;1:3;2:0;2:1;2:2;2:3;2:4;3:0;4:0;4:1,0:0;1:0;1:2;1:3;2:0;2:1;2:2;2:3;2:4;3:0;4:0;4:1,,,0:0;1:0;1:2;1:3;2:0;2:1;2:2;2:3;2:4;3:0;4:0;4:1,,"{""q_ra"": 0, ""q_scratch"": 3, ""q_thermal"": 0, ""q_uniformity"": 9}","[[66.596, 75.089, 75.492, 75.226, 75.473], [69.297, 76.165, 69.109, 67.936, 70.507], [64.828, 68.317, 67.805, 69.894, 68.604], [65.341, 75.729, 74.712, 71.795, 71.184], [67.36, 62.157, 75.376, 74.311, 75.131]]","[[66.596, 75.089, 75.492, 75.226, 75.473], [69.297, 76.165, 69.109, 67.936, 70.507], [64.828, 68.317, 67.805, 69.894, 68.604], [65.341, 75.729, 74.712, 71.795, 71.184], [67.36, 62.157, 75.376, 74.311, 75.131]]","[[66.596, 75.089, 75.492, 75.226, 75.473], [69.297, 76.165, 69.109, 67.936, 70.507], [64.828, 68.317, 67.805, 69.894, 68.604], [65.341, 75.729, 74.712, 71.795, 71.184], [67.36, 62.157, 75.376, 74.311, 75.131]]","[[78.0, 78.0, 78.0, 78.0, 78.0], [78.0, 78.0, 78.0, 78.0, 78.0], [78.0, 78.0, 78.0, 78.0, 78.0], [78.0, 78.0, 78.0, 77.992, 77.912], [78.0, 78.0, 78.0, 77.992, 77.933]]","[[78.0, 78.0, 78.0, 78.0, 78.0], [78.0, 78.0, 78.0, 78.0, 78.0], [78.0, 78.0, 78.0, 78.0, 78.0], [78.0, 78.0, 78.0, 77.992, 77.912], [78.0, 78.0, 78.0, 77.992, 77.933]]","[[78.0, 78.0, 78.0, 78.0, 78.0], [78.0, 78.0, 78.0, 78.0, 78.0], [78.0, 78.0, 78.0, 78.0, 78.0], [78.0, 78.0, 78.0, 77.992, 77.912], [78.0, 78.0, 78.0, 77.992, 77.933]]","[[0.870396, 0.848418, 0.833467, 0.830403, 0.838089], [0.831004, 0.818313, 0.804917, 0.802938, 0.817052], [0.835387, 0.81761, 0.805542, 0.79911, 0.815628], [0.839637, 0.824826, 0.817174, 0.809123, 0.830289], [0.885943, 0.849965, 0.84173, 0.832068, 0.84106]]","[[0.884615, 0.866767, 0.84781, 0.83842, 0.84355], [0.862939, 0.854593, 0.837017, 0.826498, 0.834423], [0.87557, 0.862334, 0.847663, 0.831822, 0.837808], [0.873891, 0.86582, 0.859149, 0.843217, 0.850355], [0.885943, 0.871952, 0.874739, 0.860841, 0.854303]]","[[0.863998, 0.856233, 0.837214, 0.82746, 0.840998], [0.862939, 0.844027, 0.8332, 0.819622, 0.822502], [0.872765, 0.851935, 0.846545, 0.829445, 0.831597], [0.872586, 0.862926, 0.855551, 0.835167, 0.841593], [0.885943, 0.871945, 0.866009, 0.855613, 0.852525]]","[[""q_scratch"", ""q_uniformity"", ""q_uniformity"", ""q_uniformity"", ""q_uniformity""], [""q_uniformity"", ""q_uniformity"", ""q_uniformity"", ""q_uniformity"", ""q_uniformity""], [""q_uniformity"", ""q_uniformity"", ""q_uniformity"", ""q_uniformity"", ""q_uniformity""], [""q_uniformity"", ""q_uniformity"", ""q_uniformity"", ""q_uniformity"", ""q_uniformity""], [""q_scratch"", ""q_scratch"", ""q_uniformity"", ""q_uniformity"", ""q_uniformity""]]","[[43.705, 43.092, 42.553, 42.335, 42.409], [43.774, 43.301, 42.735, 42.434, 42.52], [45.04, 44.428, 43.752, 43.175, 43.145], [46.386, 45.762, 44.991, 44.131, 43.996], [47.719, 46.928, 46.114, 45.024, 44.54]]","[[45.492, 45.104, 44.806, 44.713, 44.71], [45.962, 45.564, 45.214, 45.044, 45.004], [47.177, 46.732, 46.223, 45.838, 45.69], [48.75, 48.205, 47.449, 46.758, 46.459], [50.0, 49.414, 48.421, 47.453, 47.02]]","[[45.746, 45.431, 45.061, 44.855, 44.806], [46.576, 46.254, 45.821, 45.485, 45.323], [48.003, 47.647, 47.071, 46.487, 46.116], [49.515, 49.11, 48.345, 47.464, 46.856], [50.0, 49.916, 49.143, 48.057, 47.288]]"
finish_rule,35,0,1,continue,5.7779998779296875,5.777801513671875,5.659206867218018,6.929749011993408,0.0,5.945709068328142,0.0,0,43.28274454982118,65.2891751647322,0.23009887126950718,0.1531194767334267,1.9306767319993727,1.5409301916369191,1.5679493796128043,1.1013057181349684,42.84982310143065,41.528584206679504,1.321238894751147,11.528584206679504,35.90277155605769,0.00811797204821417,0.06729749764668286,0.2334671493287625,0.8647576051727461,40.81338309939954,6.642757605172745,False,True,65.2891751647322,45.58598399037733,16,16,0,77.99313567617503,77.91154025817929,0,0,0,16,0,0:0;0:1;0:2;0:4;1:0;1:1;1:2;2:0;2:1;2:2;3:0;3:2;3:3;4:2;4:3;4:4,0:0;0:1;0:2;0:4;1:0;1:1;1:2;2:0;2:1;2:2;3:0;3:2;3:3;4:2;4:3;4:4,,,0:0;0:1;0:2;0:4;1:0;1:1;1:2;2:0;2:1;2:2;3:0;3:2;3:3;4:2;4:3;4:4,,"{""q_ra"": 4, ""q_scratch"": 12, ""q_thermal"": 0, ""q_uniformity"": 0}","[[57.293, 45.586, 59.572, 70.676, 69.252], [55.347, 63.098, 49.693, 70.15, 72.188], [66.905, 56.849, 64.745, 76.976, 73.944], [68.312, 71.088, 63.088, 65.823, 70.463], [71.393, 72.792, 67.721, 69.534, 59.742]]","[[57.293, 45.586, 59.572, 70.676, 69.252], [55.347, 63.098, 49.693, 70.15, 72.188], [66.905, 56.849, 64.745, 76.976, 73.944], [68.312, 71.088, 63.088, 65.823, 70.463], [71.393, 72.792, 67.721, 69.534, 59.742]]","[[57.293, 45.586, 59.572, 70.676, 69.252], [55.347, 63.098, 49.693, 70.15, 72.188], [66.905, 56.849, 64.745, 76.976, 73.944], [68.312, 71.088, 63.088, 65.823, 70.463], [71.393, 72.792, 67.721, 69.534, 59.742]]","[[78.0, 78.0, 78.0, 78.0, 78.0], [78.0, 78.0, 78.0, 78.0, 78.0], [78.0, 78.0, 78.0, 78.0, 78.0], [78.0, 78.0, 78.0, 77.992, 77.912], [78.0, 78.0, 78.0, 77.992, 77.933]]","[[78.0, 78.0, 78.0, 78.0, 78.0], [78.0, 78.0, 78.0, 78.0, 78.0], [78.0, 78.0, 78.0, 78.0, 78.0], [78.0, 78.0, 78.0, 77.992, 77.912], [78.0, 78.0, 78.0, 77.992, 77.933]]","[[78.0, 78.0, 78.0, 78.0, 78.0], [78.0, 78.0, 78.0, 78.0, 78.0], [78.0, 78.0, 78.0, 78.0, 78.0], [78.0, 78.0, 78.0, 77.992, 77.912], [78.0, 78.0, 78.0, 77.992, 77.933]]","[[0.918954, 0.900159, 0.894616, 0.887582, 0.90077], [0.907261, 0.87393, 0.866407, 0.864093, 0.877426], [0.870134, 0.863108, 0.849231, 0.845265, 0.860305], [0.866981, 0.854283, 0.854587, 0.838274, 0.850422], [0.891124, 0.881692, 0.870356, 0.864162, 0.882952]]","[[0.937314, 0.926661, 0.921678, 0.908763, 0.913699], [0.940647, 0.913955, 0.906838, 0.899171, 0.90462], [0.912338, 0.912258, 0.898653, 0.889849, 0.897315], [0.90568, 0.899323, 0.901345, 0.880232, 0.884623], [0.908117, 0.90581, 0.896611, 0.886642, 0.897178]]","[[0.937314, 0.919699, 0.911644, 0.902686, 0.909528], [0.928788, 0.910588, 0.905881, 0.89847, 0.898052], [0.912338, 0.902764, 0.898653, 0.889849, 0.891058], [0.901423, 0.896022, 0.893366, 0.880232, 0.879487], [0.904301, 0.894606, 0.883121, 0.878323, 0.877236]]","[[""q_scratch"", ""q_ra"", ""q_scratch"", ""q_scratch"", ""q_scratch""], [""q_ra"", ""q_scratch"", ""q_ra"", ""q_scratch"", ""q_scratch""], [""q_scratch"", ""q_ra"", ""q_scratch"", ""q_uniformity"", ""q_scratch""], [""q_scratch"", ""q_scratch"", ""q_scratch"", ""q_scratch"", ""q_scratch""], [""q_scratch"", ""q_scratch"", ""q_scratch"", ""q_scratch"", ""q_scratch""]]","[[47.466, 46.642, 45.864, 45.158, 45.062], [46.613, 45.579, 44.825, 44.241, 44.154], [44.847, 44.359, 43.582, 43.022, 42.966], [43.572, 43.064, 42.586, 41.895, 41.796], [43.1, 42.68, 42.072, 41.549, 41.529]]","[[48.634, 47.96, 47.212, 46.679, 46.484], [47.661, 47.046, 46.348, 45.837, 45.646], [46.273, 45.74, 45.113, 44.634, 44.449], [44.985, 44.527, 43.964, 43.514, 43.335], [44.426, 43.999, 43.464, 43.026, 42.85]]","[[49.006, 48.488, 47.733, 47.077, 46.721], [48.311, 47.827, 47.111, 46.48, 46.131], [47.062, 46.636, 45.993, 45.406, 45.071], [45.654, 45.292, 44.728, 44.19, 43.871], [44.701, 44.382, 43.87, 43.365, 43.057]]"
finish_rule,35,0,2,success,6.642757415771484,5.646446228027344,5.490266799926758,6.8721232414245605,-0.4999999701976776,7.999825291335583,0.6908990144729614,0,65.2891751647322,70.90671903493768,0.1531194767334267,0.14990372334500207,1.5409301916369191,1.4216316543362355,1.1013057181349684,0.7133334268516445,41.528584206679504,40.457452916219125,1.0711312904603787,10.457452916219125,35.90277155605769,0.00811797204821417,0.0,0.19509640050182406,,,,True,True,70.90671903493768,57.73857233778297,9,9,0,77.99313567617503,77.91154025817929,0,0,0,9,0,0:0;0:1;0:2;1:0;1:1;1:2;2:1;2:2;4:4,0:0;0:1;0:2;1:0;1:1;1:2;2:1;2:2;4:4,,,0:0;0:1;0:2;1:0;1:1;1:2;2:1;2:2;4:4,,"{""q_ra"": 0, ""q_scratch"": 5, ""q_thermal"": 0, ""q_uniformity"": 4}","[[65.882, 57.739, 68.988, 73.898, 71.888], [67.374, 68.655, 64.411, 73.744, 74.828], [71.866, 68.066, 69.592, 76.63, 76.38], [72.359, 74.16, 70.142, 70.297, 74.655], [73.365, 75.794, 71.723, 71.998, 68.235]]","[[65.882, 57.739, 68.988, 73.898, 71.888], [67.374, 68.655, 64.411, 73.744, 74.828], [71.866, 68.066, 69.592, 76.63, 76.38], [72.359, 74.16, 70.142, 70.297, 74.655], [73.365, 75.794, 71.723, 71.998, 68.235]]","[[65.882, 57.739, 68.988, 73.898, 71.888], [67.374, 68.655, 64.411, 73.744, 74.828], [71.866, 68.066, 69.592, 76.63, 76.38], [72.359, 74.16, 70.142, 70.297, 74.655], [73.365, 75.794, 71.723, 71.998, 68.235]]","[[78.0, 78.0, 78.0, 78.0, 78.0], [78.0, 78.0, 78.0, 78.0, 78.0], [78.0, 78.0, 78.0, 78.0, 78.0], [78.0, 78.0, 78.0, 77.992, 77.912], [78.0, 78.0, 78.0, 77.992, 77.933]]","[[78.0, 78.0, 78.0, 78.0, 78.0], [78.0, 78.0, 78.0, 78.0, 78.0], [78.0, 78.0, 78.0, 78.0, 78.0], [78.0, 78.0, 78.0, 77.992, 77.912], [78.0, 78.0, 78.0, 77.992, 77.933]]","[[78.0, 78.0, 78.0, 78.0, 78.0], [78.0, 78.0, 78.0, 78.0, 78.0], [78.0, 78.0, 78.0, 78.0, 78.0], [78.0, 78.0, 78.0, 77.992, 77.912], [78.0, 78.0, 78.0, 77.992, 77.933]]","[[0.874126, 0.846315, 0.836675, 0.825771, 0.838813], [0.859176, 0.820407, 0.807238, 0.800379, 0.811492], [0.814826, 0.805962, 0.786759, 0.777978, 0.789053], [0.806029, 0.792259, 0.789224, 0.765833, 0.773535], [0.821796, 0.812402, 0.795598, 0.784124, 0.800916]]","[[0.891591, 0.871232, 0.861984, 0.845477, 0.850852], [0.890792, 0.857981, 0.844908, 0.83287, 0.836642], [0.854348, 0.851859, 0.832546, 0.819013, 0.822998], [0.842007, 0.834029, 0.832406, 0.804165, 0.804644], [0.837467, 0.834624, 0.819599, 0.804521, 0.813821]]","[[0.891591, 0.863688, 0.852903, 0.839056, 0.84714], [0.8791, 0.853786, 0.843817, 0.832754, 0.830752], [0.85374, 0.842653, 0.832546, 0.819013, 0.818043], [0.837756, 0.831604, 0.825535, 0.804165, 0.800708], [0.837467, 0.82641, 0.807624, 0.798642, 0.798408]]","[[""q_scratch"", ""q_scratch"", ""q_uniformity"", ""q_uniformity"", ""q_uniformity""], [""q_scratch"", ""q_scratch"", ""q_uniformity"", ""q_uniformity"", ""q_uniformity""], [""q_uniformity"", ""q_uniformity"", ""q_scratch"", ""q_uniformity"", ""q_uniformity""], [""q_uniformity"", ""q_uniformity"", ""q_uniformity"", ""q_uniformity"", ""q_uniformity""], [""q_uniformity"", ""q_uniformity"", ""q_uniformity"", ""q_uniformity"", ""q_uniformity""]]","[[46.614, 45.647, 44.837, 44.102, 44.026], [45.732, 44.625, 43.813, 43.19, 43.09], [43.903, 43.408, 42.583, 41.986, 41.892], [42.618, 42.116, 41.624, 40.867, 40.73], [42.081, 41.684, 41.035, 40.48, 40.457]]","[[48.634, 47.96, 47.212, 46.679, 46.484], [47.661, 47.046, 46.348, 45.837, 45.646], [46.273, 45.74, 45.113, 44.634, 44.449], [44.985, 44.527, 43.964, 43.514, 43.335], [44.426, 43.999, 43.464, 43.026, 42.85]]","[[49.006, 48.488, 47.733, 47.077, 46.721], [48.311, 47.827, 47.111, 46.48, 46.131], [47.062, 46.636, 45.993, 45.406, 45.071], [45.654, 45.292, 44.728, 44.19, 43.871], [44.701, 44.382, 43.87, 43.365, 43.057]]"
finish_rule,38,0,1,continue,5.7779998779296875,5.777801513671875,5.659216403961182,6.930119514465332,0.0,5.945709068328142,0.0,0,58.16168927570584,66.93093327517423,0.19976111939739474,0.16741924923481755,2.3186380827757014,1.972817993399132,1.825487092529219,1.136850698661403,40.0,38.26295981471776,1.7370401852822397,8.26295981471776,35.90278134283363,0.008116997792504327,0.043843810354653914,0.3069400534085239,0.4285248197598347,20.40450487047395,6.206524819759834,False,True,66.93093327517423,48.16353122508133,11,11,0,77.99313708870655,77.91155624487133,0,0,0,11,0,1:0;1:1;1:2;2:1;2:2;2:3;2:4;3:3;3:4;4:3;4:4,1:0;1:1;1:2;2:1;2:2;2:3;2:4;3:3;3:4;4:3;4:4,,,1:0;1:1;1:2;2:1;2:2;2:3;2:4;3:3;3:4;4:3;4:4,,"{""q_ra"": 6, ""q_scratch"": 5, ""q_thermal"": 0, ""q_uniformity"": 0}","[[75.434, 76.378, 75.957, 75.762, 75.308], [55.167, 64.782, 62.693, 76.837, 76.455], [75.659, 68.325, 52.039, 48.164, 50.641], [75.793, 76.77, 70.72, 54.572, 48.964], [76.045, 76.895, 71.651, 48.851, 63.409]]","[[75.434, 76.378, 75.957, 75.762, 75.308], [55.167, 64.782, 62.693, 76.837, 76.455], [75.659, 68.325, 52.039, 48.164, 50.641], [75.793, 76.77, 70.72, 54.572, 48.964], [76.045, 76.895, 71.651, 48.851, 63.409]]","[[75.434, 76.378, 75.957, 75.762, 75.308], [55.167, 64.782, 62.693, 76.837, 76.455], [75.659, 68.325, 52.039, 48.164, 50.641], [75.793, 76.77, 70.72, 54.572, 48.964], [76.045, 76.895, 71.651, 48.851, 63.409]]","[[78.0, 78.0, 78.0, 78.0, 78.0], [78.0, 78.0, 78.0, 78.0, 78.0], [78.0, 78.0, 78.0, 78.0, 78.0], [78.0, 78.0, 78.0, 77.992, 77.912], [78.0, 78.0, 78.0, 77.992, 77.933]]","[[78.0, 78.0, 78.0, 78.0, 78.0], [78.0, 78.0, 78.0, 78.0, 78.0], [78.0, 78.0, 78.0, 78.0, 78.0], [78.0, 78.0, 78.0, 77.992, 77.912], [78.0, 78.0, 78.0, 77.992, 77.933]]","[[78.0, 78.0, 78.0, 78.0, 78.0], [78.0, 78.0, 78.0, 78.0, 78.0], [78.0, 78.0, 78.0, 78.0, 78.0], [78.0, 78.0, 78.0, 77.992, 77.912], [78.0, 78.0, 78.0, 77.992, 77.933]]","[[0.881527, 0.872686, 0.85369, 0.843928, 0.838824], [0.872948, 0.843977, 0.839014, 0.839524, 0.839754], [0.85332, 0.849578, 0.834443, 0.829559, 0.836612], [0.840242, 0.84444, 0.834655, 0.826296, 0.83439], [0.83606, 0.854856, 0.837497, 0.831597, 0.840095]]","[[0.881527, 0.872686, 0.85369, 0.843928, 0.838824], [0.872948, 0.843977, 0.839014, 0.839524, 0.839754], [0.85332, 0.849578, 0.834443, 0.829559, 0.836612], [0.848105, 0.84444, 0.834655, 0.826296, 0.83439], [0.875486, 0.854856, 0.837497, 0.831597, 0.840095]]","[[0.881527, 0.872686, 0.85369, 0.843928, 0.838824], [0.872948, 0.843977, 0.839014, 0.839524, 0.839754], [0.85332, 0.849578, 0.834443, 0.829559, 0.836612], [0.848105, 0.84444, 0.834655, 0.826296, 0.83439], [0.87299, 0.854856, 0.837497, 0.831597, 0.840095]]","[[""q_uniformity"", ""q_uniformity"", ""q_uniformity"", ""q_uniformity"", ""q_uniformity""], [""q_scratch"", ""q_scratch"", ""q_scratch"", ""q_uniformity"", ""q_uniformity""], [""q_uniformity"", ""q_scratch"", ""q_ra"", ""q_ra"", ""q_ra""], [""q_uniformity"", ""q_uniformity"", ""q_scratch"", ""q_ra"", ""q_ra""], [""q_uniformity"", ""q_uniformity"", ""q_scratch"", ""q_ra"", ""q_scratch""]]","[[38.815, 38.727, 38.537, 38.439, 38.388], [38.729, 38.44, 38.39, 38.395, 38.398], [38.533, 38.496, 38.344, 38.296, 38.366], [38.481, 38.444, 38.347, 38.263, 38.344], [38.755, 38.549, 38.375, 38.316, 38.401]]","[[40.0, 40.0, 40.0, 40.0, 40.0], [40.0, 40.0, 40.0, 40.0, 40.0], [40.0, 40.0, 40.0, 40.0, 40.0], [40.0, 40.0, 40.0, 40.0, 40.0], [40.0, 40.0, 40.0, 40.0, 40.0]]","[[40.0, 40.0, 40.0, 40.0, 40.0], [40.0, 40.0, 40.0, 40.0, 40.0], [40.0, 40.0, 40.0, 40.0, 40.0], [40.094, 40.0, 40.0, 40.0, 40.0], [40.472, 40.0, 40.0, 40.0, 40.0]]"
finish_rule,38,0,2,success,6.206524848937988,5.275432586669922,5.129758358001709,6.501241207122803,-0.4999999701976776,7.999825291335583,0.6908990144729614,0,66.93093327517423,71.04935625184673,0.16741924923481755,0.17750509652857632,1.972817993399132,1.7601560350268173,1.136850698661403,0.7350283470299206,38.26295981471776,37.25692625372954,1.0060335609882216,7.256926253729539,35.90278134283363,0.008116997792504327,0.0,0.1961171444691833,,,,True,True,71.04935625184673,59.87721940762529,8,8,0,77.99313708870655,77.91155624487133,0,0,0,8,0,1:0;1:2;2:2;2:3;2:4;3:3;3:4;4:3,1:0;1:2;2:2;2:3;2:4;3:3;3:4;4:3,,,1:0;1:2;2:2;2:3;2:4;3:3;3:4;4:3,,"{""q_ra"": 0, ""q_scratch"": 7, ""q_thermal"": 0, ""q_uniformity"": 1}","[[73.713, 75.642, 75.364, 75.187, 74.18], [67.201, 70.05, 66.81, 76.534, 76.101], [75.014, 72.026, 63.589, 59.877, 61.973], [75.545, 76.609, 74.096, 65.078, 61.542], [75.623, 76.788, 75.001, 61.545, 71.145]]","[[73.713, 75.642, 75.364, 75.187, 74.18], [67.201, 70.05, 66.81, 76.534, 76.101], [75.014, 72.026, 63.589, 59.877, 61.973], [75.545, 76.609, 74.096, 65.078, 61.542], [75.623, 76.788, 75.001, 61.545, 71.145]]","[[73.713, 75.642, 75.364, 75.187, 74.18], [67.201, 70.05, 66.81, 76.534, 76.101], [75.014, 72.026, 63.589, 59.877, 61.973], [75.545, 76.609, 74.096, 65.078, 61.542], [75.623, 76.788, 75.001, 61.545, 71.145]]","[[78.0, 78.0, 78.0, 78.0, 78.0], [78.0, 78.0, 78.0, 78.0, 78.0], [78.0, 78.0, 78.0, 78.0, 78.0], [78.0, 78.0, 78.0, 77.992, 77.912], [78.0, 78.0, 78.0, 77.992, 77.933]]","[[78.0, 78.0, 78.0, 78.0, 78.0], [78.0, 78.0, 78.0, 78.0, 78.0], [78.0, 78.0, 78.0, 78.0, 78.0], [78.0, 78.0, 78.0, 77.992, 77.912], [78.0, 78.0, 78.0, 77.992, 77.933]]","[[78.0, 78.0, 78.0, 78.0, 78.0], [78.0, 78.0, 78.0, 78.0, 78.0], [78.0, 78.0, 78.0, 78.0, 78.0], [78.0, 78.0, 78.0, 77.992, 77.912], [78.0, 78.0, 78.0, 77.992, 77.933]]","[[0.800537, 0.786518, 0.761106, 0.747635, 0.7396], [0.788971, 0.751008, 0.743264, 0.743937, 0.741085], [0.762663, 0.758024, 0.737594, 0.730486, 0.737796], [0.749766, 0.753208, 0.739247, 0.725693, 0.734941], [0.750397, 0.764754, 0.741657, 0.7344, 0.74074]]","[[0.800537, 0.786518, 0.761106, 0.747635, 0.7396], [0.788971, 0.751008, 0.743264, 0.743937, 0.741085], [0.762663, 0.758024, 0.737594, 0.730486, 0.737796], [0.756783, 0.753208, 0.739247, 0.725693, 0.734941], [0.785783, 0.764754, 0.741657, 0.7344, 0.74074]]","[[0.800537, 0.786518, 0.761106, 0.747635, 0.7396], [0.788971, 0.751008, 0.743264, 0.743937, 0.741085], [0.762663, 0.758024, 0.737594, 0.730486, 0.737796], [0.756783, 0.753208, 0.739247, 0.725693, 0.734941], [0.783422, 0.764754, 0.741657, 0.7344, 0.74074]]","[[""q_uniformity"", ""q_uniformity"", ""q_uniformity"", ""q_uniformity"", ""q_uniformity""], [""q_scratch"", ""q_uniformity"", ""q_scratch"", ""q_uniformity"", ""q_uniformity""], [""q_uniformity"", ""q_uniformity"", ""q_scratch"", ""q_scratch"", ""q_scratch""], [""q_uniformity"", ""q_uniformity"", ""q_uniformity"", ""q_scratch"", ""q_uniformity""], [""q_uniformity"", ""q_uniformity"", ""q_uniformity"", ""q_scratch"", ""q_uniformity""]]","[[38.005, 37.865, 37.611, 37.476, 37.396], [37.89, 37.51, 37.433, 37.439, 37.411], [37.627, 37.58, 37.376, 37.305, 37.378], [37.568, 37.532, 37.392, 37.257, 37.349], [37.858, 37.648, 37.417, 37.344, 37.407]]","[[40.0, 40.0, 40.0, 40.0, 40.0], [40.0, 40.0, 40.0, 40.0, 40.0], [40.0, 40.0, 40.0, 40.0, 40.0], [40.0, 40.0, 40.0, 40.0, 40.0], [40.0, 40.0, 40.0, 40.0, 40.0]]","[[40.0, 40.0, 40.0, 40.0, 40.0], [40.0, 40.0, 40.0, 40.0, 40.0], [40.0, 40.0, 40.0, 40.0, 40.0], [40.094, 40.0, 40.0, 40.0, 40.0], [40.472, 40.0, 40.0, 40.0, 40.0]]"
finish_rule,39,0,1,continue,5.7779998779296875,5.777801513671875,5.659216403961182,6.930119514465332,0.0,5.945709068328142,0.0,0,49.24960071998712,66.92240530801489,0.2032867171655591,0.1555266545321514,2.105379636320238,1.6249114273959584,1.7427769316537065,1.1025162242815973,43.92725988179208,42.824817167923364,1.1024427138687187,12.824817167923364,35.90278134283363,0.008116997792504327,0.043965638456930176,0.19480483430480966,0.6770720852050951,55.56749762680865,6.455072085205095,False,True,66.92240530801489,52.90070105090532,16,16,0,77.99313708870655,77.91155624487133,0,0,0,16,0,0:1;0:2;0:3;1:2;1:3;1:4;2:1;2:2;2:3;2:4;3:1;3:3;3:4;4:1;4:3;4:4,0:1;0:2;0:3;1:2;1:3;1:4;2:1;2:2;2:3;2:4;3:1;3:3;3:4;4:1;4:3;4:4,,,0:1;0:2;0:3;1:2;1:3;1:4;2:1;2:2;2:3;2:4;3:1;3:3;3:4;4:1;4:3;4:4,,"{""q_ra"": 3, ""q_scratch"": 13, ""q_thermal"": 0, ""q_uniformity"": 0}","[[73.863, 68.259, 62.094, 53.84, 74.774], [76.15, 72.593, 69.638, 59.322, 56.841], [75.922, 69.664, 68.209, 61.064, 67.767], [75.685, 66.875, 74.005, 52.901, 66.224], [76.018, 67.525, 74.43, 55.584, 53.814]]","[[73.863, 68.259, 62.094, 53.84, 74.774], [76.15, 72.593, 69.638, 59.322, 56.841], [75.922, 69.664, 68.209, 61.064, 67.767], [75.685, 66.875, 74.005, 52.901, 66.224], [76.018, 67.525, 74.43, 55.584, 53.814]]","[[73.863, 68.259, 62.094, 53.84, 74.774], [76.15, 72.593, 69.638, 59.322, 56.841], [75.922, 69.664, 68.209, 61.064, 67.767], [75.685, 66.875, 74.005, 52.901, 66.224], [76.018, 67.525, 74.43, 55.584, 53.814]]","[[78.0, 78.0, 78.0, 78.0, 78.0], [78.0, 78.0, 78.0, 78.0, 78.0], [78.0, 78.0, 78.0, 78.0, 78.0], [78.0, 78.0, 78.0, 77.992, 77.912], [78.0, 78.0, 78.0, 77.992, 77.933]]","[[78.0, 78.0, 78.0, 78.0, 78.0], [78.0, 78.0, 78.0, 78.0, 78.0], [78.0, 78.0, 78.0, 78.0, 78.0], [78.0, 78.0, 78.0, 77.992, 77.912], [78.0, 78.0, 78.0, 77.992, 77.933]]","[[78.0, 78.0, 78.0, 78.0, 78.0], [78.0, 78.0, 78.0, 78.0, 78.0], [78.0, 78.0, 78.0, 78.0, 78.0], [78.0, 78.0, 78.0, 77.992, 77.912], [78.0, 78.0, 78.0, 77.992, 77.933]]","[[0.92541, 0.89793, 0.908071, 0.907801, 0.911458], [0.896935, 0.874995, 0.878991, 0.890326, 0.89638], [0.87748, 0.860639, 0.869435, 0.868509, 0.87992], [0.880989, 0.851546, 0.85915, 0.866831, 0.867032], [0.907049, 0.885766, 0.88209, 0.89842, 0.902319]]","[[0.94704, 0.929105, 0.931416, 0.916675, 0.918417], [0.935066, 0.923752, 0.920019, 0.915946, 0.913672], [0.919032, 0.915552, 0.921243, 0.907806, 0.911229], [0.912838, 0.896736, 0.905047, 0.905363, 0.899699], [0.920843, 0.911363, 0.906727, 0.916055, 0.914859]]","[[0.930439, 0.926856, 0.926732, 0.914752, 0.914631], [0.923237, 0.913935, 0.915412, 0.908887, 0.91147], [0.913957, 0.907734, 0.905496, 0.904091, 0.909642], [0.899007, 0.8937, 0.897943, 0.892354, 0.896178], [0.901556, 0.897418, 0.899683, 0.901309, 0.901012]]","[[""q_uniformity"", ""q_scratch"", ""q_scratch"", ""q_ra"", ""q_uniformity""], [""q_uniformity"", ""q_scratch"", ""q_scratch"", ""q_scratch"", ""q_ra""], [""q_uniformity"", ""q_scratch"", ""q_scratch"", ""q_scratch"", ""q_scratch""], [""q_uniformity"", ""q_scratch"", ""q_scratch"", ""q_ra"", ""q_scratch""], [""q_uniformity"", ""q_scratch"", ""q_uniformity"", ""q_scratch"", ""q_scratch""]]","[[46.736, 46.823, 47.627, 47.809, 47.779], [45.457, 45.69, 46.452, 46.98, 47.098], [44.006, 44.339, 45.215, 45.614, 45.921], [43.042, 43.123, 43.88, 44.403, 44.531], [42.825, 42.97, 43.459, 44.05, 44.218]]","[[47.672, 48.107, 48.925, 49.428, 49.359], [46.53, 46.986, 47.882, 48.539, 48.713], [45.24, 45.662, 46.516, 47.2, 47.472], [44.287, 44.634, 45.336, 45.909, 46.151], [43.927, 44.232, 44.844, 45.337, 45.542]]","[[48.085, 48.735, 49.412, 49.618, 49.506], [47.233, 47.932, 48.717, 49.072, 49.074], [45.962, 46.661, 47.5, 47.978, 48.093], [44.804, 45.411, 46.156, 46.616, 46.759], [44.139, 44.643, 45.259, 45.639, 45.758]]"
finish_rule,39,0,2,success,6.455071926116943,5.486530303955078,5.335170269012451,6.711458683013916,-0.4999999701976776,7.999825291335583,0.6908990144729614,0,66.92240530801489,71.55520884247275,0.1555266545321514,0.16069861162148444,1.6249114273959584,1.4397537520652977,1.1025162242815973,0.6051658395953385,42.824817167923364,41.90811367999994,0.9167034879234208,11.908113679999943,35.90278134283363,0.008116997792504327,0.0,0.17182272386839945,,,,True,True,71.55520884247275,64.92112328704015,8,8,0,77.99313708870655,77.91155624487133,0,0,0,8,0,0:2;0:3;1:3;1:4;2:3;3:3;4:3;4:4,0:2;0:3;1:3;1:4;2:3;3:3;4:3;4:4,,,0:2;0:3;1:3;1:4;2:3;3:3;4:3;4:4,,"{""q_ra"": 0, ""q_scratch"": 3, ""q_thermal"": 0, ""q_uniformity"": 5}","[[73.812, 70.071, 68.466, 68.026, 73.514], [75.186, 75.16, 72.916, 68.431, 68.829], [75.29, 74.177, 71.965, 67.349, 71.55], [75.395, 71.874, 76.086, 65.571, 70.636], [75.498, 72.114, 75.484, 66.558, 64.921]]","[[73.812, 70.071, 68.466, 68.026, 73.514], [75.186, 75.16, 72.916, 68.431, 68.829], [75.29, 74.177, 71.965, 67.349, 71.55], [75.395, 71.874, 76.086, 65.571, 70.636], [75.498, 72.114, 75.484, 66.558, 64.921]]","[[73.812, 70.071, 68.466, 68.026, 73.514], [75.186, 75.16, 72.916, 68.431, 68.829], [75.29, 74.177, 71.965, 67.349, 71.55], [75.395, 71.874, 76.086, 65.571, 70.636], [75.498, 72.114, 75.484, 66.558, 64.921]]","[[78.0, 78.0, 78.0, 78.0, 78.0], [78.0, 78.0, 78.0, 78.0, 78.0], [78.0, 78.0, 78.0, 78.0, 78.0], [78.0, 78.0, 78.0, 77.992, 77.912], [78.0, 78.0, 78.0, 77.992, 77.933]]","[[78.0, 78.0, 78.0, 78.0, 78.0], [78.0, 78.0, 78.0, 78.0, 78.0], [78.0, 78.0, 78.0, 78.0, 78.0], [78.0, 78.0, 78.0, 77.992, 77.912], [78.0, 78.0, 78.0, 77.992, 77.933]]","[[78.0, 78.0, 78.0, 78.0, 78.0], [78.0, 78.0, 78.0, 78.0, 78.0], [78.0, 78.0, 78.0, 78.0, 78.0], [78.0, 78.0, 78.0, 77.992, 77.912], [78.0, 78.0, 78.0, 77.992, 77.933]]","[[0.88105, 0.851607, 0.861494, 0.855425, 0.858279], [0.845812, 0.824381, 0.829291, 0.837924, 0.843438], [0.820176, 0.805513, 0.81708, 0.814489, 0.82565], [0.818406, 0.790671, 0.801829, 0.80786, 0.806169], [0.842214, 0.822125, 0.818564, 0.83596, 0.838727]]","[[0.901644, 0.881173, 0.883641, 0.863787, 0.864832], [0.881769, 0.870318, 0.867999, 0.862037, 0.859709], [0.859014, 0.856908, 0.865768, 0.851342, 0.855029], [0.847993, 0.83263, 0.844664, 0.843771, 0.836542], [0.855022, 0.845882, 0.841427, 0.85237, 0.850382]]","[[0.882964, 0.878218, 0.878194, 0.861317, 0.861268], [0.869735, 0.860576, 0.86387, 0.855024, 0.85779], [0.854834, 0.849894, 0.847783, 0.847229, 0.853874], [0.834913, 0.829677, 0.836107, 0.829063, 0.832856], [0.837521, 0.829842, 0.835253, 0.839593, 0.837948]]","[[""q_uniformity"", ""q_scratch"", ""q_scratch"", ""q_uniformity"", ""q_uniformity""], [""q_uniformity"", ""q_uniformity"", ""q_uniformity"", ""q_uniformity"", ""q_uniformity""], [""q_uniformity"", ""q_uniformity"", ""q_uniformity"", ""q_uniformity"", ""q_uniformity""], [""q_uniformity"", ""q_uniformity"", ""q_uniformity"", ""q_uniformity"", ""q_uniformity""], [""q_uniformity"", ""q_uniformity"", ""q_uniformity"", ""q_scratch"", ""q_scratch""]]","[[45.933, 45.955, 46.723, 46.782, 46.742], [44.576, 44.783, 45.522, 45.981, 46.088], [43.091, 43.421, 44.299, 44.643, 44.939], [42.115, 42.185, 42.954, 43.423, 43.511], [41.908, 42.038, 42.49, 43.073, 43.216]]","[[47.672, 48.107, 48.925, 49.428, 49.359], [46.53, 46.986, 47.882, 48.539, 48.713], [45.24, 45.662, 46.516, 47.2, 47.472], [44.287, 44.634, 45.336, 45.909, 46.151], [43.927, 44.232, 44.844, 45.337, 45.542]]","[[48.085, 48.735, 49.412, 49.618, 49.506], [47.233, 47.932, 48.717, 49.072, 49.074], [45.962, 46.661, 47.5, 47.978, 48.093], [44.804, 45.411, 46.156, 46.616, 46.759], [44.139, 44.643, 45.259, 45.639, 45.758]]"
finish_rule,40,0,1,continue,5.7779998779296875,5.777801513671875,5.659207344055176,6.929416656494141,0.0,5.945709068328142,0.0,0,47.75211195461442,64.73324368107353,0.22415165418120245,0.1600019944184874,2.0739534254936354,1.645460965551906,1.724949763626316,1.0229612288931258,41.356346952788435,40.21320126040327,1.1431456923851684,10.213201260403267,35.90281000540834,0.008117929615321031,0.07523937598466383,0.20199749238486694,1.1174303467289064,40.65991692983302,6.895430346728906,False,True,64.73324368107353,49.48507319090403,18,18,0,77.99313583602708,77.91154352093055,0,0,0,18,0,0:0;0:1;0:4;1:0;1:1;1:2;1:3;1:4;2:0;2:1;2:2;2:3;2:4;3:0;3:1;3:4;4:1;4:4,0:0;0:1;0:4;1:0;1:1;1:2;1:3;1:4;2:0;2:1;2:2;2:3;2:4;3:0;3:1;3:4;4:1;4:4,,,0:0;0:1;0:4;1:0;1:1;1:2;1:3;1:4;2:0;2:1;2:2;2:3;2:4;3:0;3:1;3:4;4:1;4:4,,"{""q_ra"": 3, ""q_scratch"": 15, ""q_thermal"": 0, ""q_uniformity"": 0}","[[49.485, 54.873, 70.479, 76.196, 62.906], [64.923, 67.551, 52.733, 61.428, 61.032], [56.479, 61.078, 62.168, 54.271, 52.425], [65.172, 66.904, 77.163, 76.984, 64.308], [75.589, 64.435, 76.498, 75.872, 67.377]]","[[49.485, 54.873, 70.479, 76.196, 62.906], [64.923, 67.551, 52.733, 61.428, 61.032], [56.479, 61.078, 62.168, 54.271, 52.425], [65.172, 66.904, 77.163, 76.984, 64.308], [75.589, 64.435, 76.498, 75.872, 67.377]]","[[49.485, 54.873, 70.479, 76.196, 62.906], [64.923, 67.551, 52.733, 61.428, 61.032], [56.479, 61.078, 62.168, 54.271, 52.425], [65.172, 66.904, 77.163, 76.984, 64.308], [75.589, 64.435, 76.498, 75.872, 67.377]]","[[78.0, 78.0, 78.0, 78.0, 78.0], [78.0, 78.0, 78.0, 78.0, 78.0], [78.0, 78.0, 78.0, 78.0, 78.0], [78.0, 78.0, 78.0, 77.992, 77.912], [78.0, 78.0, 78.0, 77.992, 77.933]]","[[78.0, 78.0, 78.0, 78.0, 78.0], [78.0, 78.0, 78.0, 78.0, 78.0], [78.0, 78.0, 78.0, 78.0, 78.0], [78.0, 78.0, 78.0, 77.992, 77.912], [78.0, 78.0, 78.0, 77.992, 77.933]]","[[78.0, 78.0, 78.0, 78.0, 78.0], [78.0, 78.0, 78.0, 78.0, 78.0], [78.0, 78.0, 78.0, 78.0, 78.0], [78.0, 78.0, 78.0, 77.992, 77.912], [78.0, 78.0, 78.0, 77.992, 77.933]]","[[0.915399, 0.903281, 0.871499, 0.8528, 0.874407], [0.88337, 0.867679, 0.839732, 0.81896, 0.8284], [0.879097, 0.85796, 0.859679, 0.849565, 0.8409], [0.882566, 0.861396, 0.863376, 0.857194, 0.859249], [0.902184, 0.887166, 0.884972, 0.887585, 0.89926]]","[[0.92537, 0.91538, 0.893915, 0.885229, 0.899339], [0.911527, 0.90157, 0.879724, 0.873755, 0.883168], [0.917303, 0.903344, 0.904312, 0.89998, 0.893978], [0.916529, 0.902163, 0.9022, 0.890686, 0.892699], [0.919925, 0.911886, 0.907711, 0.904302, 0.912532]]","[[0.908793, 0.895455, 0.881138, 0.8664, 0.867469], [0.897522, 0.88424, 0.871781, 0.869559, 0.87234], [0.899247, 0.895517, 0.890991, 0.886756, 0.887567], [0.903874, 0.897237, 0.89675, 0.887392, 0.891253], [0.910252, 0.910672, 0.906333, 0.901032, 0.911637]]","[[""q_ra"", ""q_scratch"", ""q_scratch"", ""q_uniformity"", ""q_scratch""], [""q_scratch"", ""q_scratch"", ""q_ra"", ""q_scratch"", ""q_scratch""], [""q_scratch"", ""q_scratch"", ""q_scratch"", ""q_scratch"", ""q_ra""], [""q_scratch"", ""q_scratch"", ""q_uniformity"", ""q_uniformity"", ""q_scratch""], [""q_uniformity"", ""q_scratch"", ""q_uniformity"", ""q_uniformity"", ""q_scratch""]]","[[41.349, 41.319, 40.872, 40.307, 40.213], [41.463, 41.46, 41.201, 40.784, 40.696], [42.305, 42.298, 42.619, 42.549, 42.361], [43.335, 43.34, 43.758, 43.868, 43.941], [44.287, 44.377, 44.748, 45.041, 45.313]]","[[42.264, 42.365, 42.162, 41.644, 41.356], [42.576, 42.711, 42.733, 42.343, 42.111], [43.415, 43.614, 43.954, 43.943, 43.827], [44.55, 44.787, 45.249, 45.571, 45.616], [45.531, 45.766, 46.247, 46.633, 46.781]]","[[42.398, 42.531, 42.475, 42.086, 41.68], [42.977, 43.208, 43.339, 43.168, 42.912], [43.998, 44.334, 44.679, 44.771, 44.7], [45.11, 45.487, 45.935, 46.179, 46.224], [45.836, 46.205, 46.664, 46.946, 47.029]]"
finish_rule,40,0,2,success,6.895430564880371,5.8612823486328125,5.69907808303833,7.087409496307373,-0.4999999701976776,7.999825291335583,0.6908990144729614,0,64.73324368107353,70.63058545803446,0.1600019944184874,0.16165565447502803,1.645460965551906,1.472573605316734,1.0229612288931258,0.5989698418418947,40.21320126040327,39.14545583939937,1.0677454210038988,9.145455839399368,35.90281000540834,0.008117929615321031,0.0,0.1873540606825052,,,,True,True,70.63058545803446,57.28217762753172,10,10,0,77.99313583602708,77.91154352093055,0,0,0,10,0,0:0;0:1;0:4;1:2;1:3;2:0;2:1;2:2;2:3;2:4,0:0;0:1;0:4;1:2;1:3;2:0;2:1;2:2;2:3;2:4,,,0:0;0:1;0:4;1:2;1:3;2:0;2:1;2:2;2:3;2:4,,"{""q_ra"": 1, ""q_scratch"": 3, ""q_thermal"": 0, ""q_uniformity"": 6}","[[57.282, 67.426, 73.115, 75.795, 68.235], [71.182, 70.932, 66.347, 69.489, 70.166], [69.288, 68.405, 68.103, 66.236, 66.739], [71.271, 71.158, 76.89, 76.748, 70.416], [74.92, 71.229, 76.45, 75.537, 72.404]]","[[57.282, 67.426, 73.115, 75.795, 68.235], [71.182, 70.932, 66.347, 69.489, 70.166], [69.288, 68.405, 68.103, 66.236, 66.739], [71.271, 71.158, 76.89, 76.748, 70.416], [74.92, 71.229, 76.45, 75.537, 72.404]]","[[57.282, 67.426, 73.115, 75.795, 68.235], [71.182, 70.932, 66.347, 69.489, 70.166], [69.288, 68.405, 68.103, 66.236, 66.739], [71.271, 71.158, 76.89, 76.748, 70.416], [74.92, 71.229, 76.45, 75.537, 72.404]]","[[78.0, 78.0, 78.0, 78.0, 78.0], [78.0, 78.0, 78.0, 78.0, 78.0], [78.0, 78.0, 78.0, 78.0, 78.0], [78.0, 78.0, 78.0, 77.992, 77.912], [78.0, 78.0, 78.0, 77.992, 77.933]]","[[78.0, 78.0, 78.0, 78.0, 78.0], [78.0, 78.0, 78.0, 78.0, 78.0], [78.0, 78.0, 78.0, 78.0, 78.0], [78.0, 78.0, 78.0, 77.992, 77.912], [78.0, 78.0, 78.0, 77.992, 77.933]]","[[78.0, 78.0, 78.0, 78.0, 78.0], [78.0, 78.0, 78.0, 78.0, 78.0], [78.0, 78.0, 78.0, 78.0, 78.0], [78.0, 78.0, 78.0, 77.992, 77.912], [78.0, 78.0, 78.0, 77.992, 77.933]]","[[0.846893, 0.826263, 0.787471, 0.764712, 0.782992], [0.813514, 0.793342, 0.761044, 0.73663, 0.744246], [0.814593, 0.790455, 0.790535, 0.781558, 0.768005], [0.818406, 0.798523, 0.800426, 0.787481, 0.790823], [0.840075, 0.827227, 0.823829, 0.822702, 0.836003]]","[[0.856117, 0.83733, 0.807725, 0.793792, 0.805317], [0.839445, 0.824329, 0.797288, 0.785917, 0.79345], [0.849996, 0.832268, 0.831577, 0.827937, 0.816482], [0.8499, 0.836314, 0.83642, 0.818249, 0.821609], [0.856595, 0.850276, 0.844997, 0.838198, 0.848341]]","[[0.839495, 0.818654, 0.798085, 0.775594, 0.7767], [0.823733, 0.805699, 0.788203, 0.783511, 0.783922], [0.830686, 0.824902, 0.817394, 0.813554, 0.81212], [0.838165, 0.831064, 0.829388, 0.815217, 0.82042], [0.847617, 0.848982, 0.842931, 0.83511, 0.847101]]","[[""q_ra"", ""q_scratch"", ""q_uniformity"", ""q_uniformity"", ""q_uniformity""], [""q_uniformity"", ""q_uniformity"", ""q_uniformity"", ""q_uniformity"", ""q_uniformity""], [""q_uniformity"", ""q_scratch"", ""q_scratch"", ""q_uniformity"", ""q_uniformity""], [""q_uniformity"", ""q_uniformity"", ""q_uniformity"", ""q_uniformity"", ""q_uniformity""], [""q_uniformity"", ""q_scratch"", ""q_uniformity"", ""q_uniformity"", ""q_uniformity""]]","[[40.5, 40.354, 39.824, 39.243, 39.145], [40.557, 40.478, 40.152, 39.7, 39.61], [41.402, 41.331, 41.604, 41.544, 41.29], [42.366, 42.366, 42.755, 42.741, 42.831], [43.304, 43.405, 43.729, 43.942, 44.236]]","[[42.264, 42.365, 42.162, 41.644, 41.356], [42.576, 42.711, 42.733, 42.343, 42.111], [43.415, 43.614, 43.954, 43.943, 43.827], [44.55, 44.787, 45.249, 45.571, 45.616], [45.531, 45.766, 46.247, 46.633, 46.781]]","[[42.398, 42.531, 42.475, 42.086, 41.68], [42.977, 43.208, 43.339, 43.168, 42.912], [43.998, 44.334, 44.679, 44.771, 44.7], [45.11, 45.487, 45.935, 46.179, 46.224], [45.836, 46.205, 46.664, 46.946, 47.029]]"
finish_rule,41,0,1,continue,5.7779998779296875,5.777801513671875,5.659207344055176,6.929416656494141,0.0,5.945709068328142,0.0,0,52.58279565650355,67.25767448273734,0.18740338400741735,0.14882697890146293,2.22955330609472,1.8264828979999443,1.8166362607849427,1.2717947069090796,45.15124386191987,44.24961489723592,0.901628964683951,14.249614897235922,35.90281000540834,0.008117929615321031,0.03917607881803795,0.15932071575908677,0.7376833319769386,76.88651685295528,6.5156833319769385,False,True,67.25767448273734,45.45413286789865,13,13,0,77.99313583602708,77.91154352093055,0,0,0,13,0,0:0;0:1;0:2;0:3;0:4;1:2;2:1;2:3;2:4;3:1;3:3;4:1;4:3,0:0;0:1;0:2;0:3;0:4;1:2;2:1;2:3;2:4;3:1;3:3;4:1;4:3,,,0:0;0:1;0:2;0:3;0:4;1:2;2:1;2:3;2:4;3:1;3:3;4:1;4:3,,"{""q_ra"": 3, ""q_scratch"": 10, ""q_thermal"": 0, ""q_uniformity"": 0}","[[57.951, 46.613, 45.454, 46.949, 61.29], [71.894, 76.555, 66.049, 71.739, 70.352], [71.794, 66.868, 73.647, 64.682, 67.729], [76.09, 65.165, 76.956, 68.493, 76.084], [75.864, 61.961, 76.522, 69.232, 75.509]]","[[57.951, 46.613, 45.454, 46.949, 61.29], [71.894, 76.555, 66.049, 71.739, 70.352], [71.794, 66.868, 73.647, 64.682, 67.729], [76.09, 65.165, 76.956, 68.493, 76.084], [75.864, 61.961, 76.522, 69.232, 75.509]]","[[57.951, 46.613, 45.454, 46.949, 61.29], [71.894, 76.555, 66.049, 71.739, 70.352], [71.794, 66.868, 73.647, 64.682, 67.729], [76.09, 65.165, 76.956, 68.493, 76.084], [75.864, 61.961, 76.522, 69.232, 75.509]]","[[78.0, 78.0, 78.0, 78.0, 78.0], [78.0, 78.0, 78.0, 78.0, 78.0], [78.0, 78.0, 78.0, 78.0, 78.0], [78.0, 78.0, 78.0, 77.992, 77.912], [78.0, 78.0, 78.0, 77.992, 77.933]]","[[78.0, 78.0, 78.0, 78.0, 78.0], [78.0, 78.0, 78.0, 78.0, 78.0], [78.0, 78.0, 78.0, 78.0, 78.0], [78.0, 78.0, 78.0, 77.992, 77.912], [78.0, 78.0, 78.0, 77.992, 77.933]]","[[78.0, 78.0, 78.0, 78.0, 78.0], [78.0, 78.0, 78.0, 78.0, 78.0], [78.0, 78.0, 78.0, 78.0, 78.0], [78.0, 78.0, 78.0, 77.992, 77.912], [78.0, 78.0, 78.0, 77.992, 77.933]]","[[0.935278, 0.91761, 0.904839, 0.891604, 0.911767], [0.918335, 0.8953, 0.877408, 0.874387, 0.880767], [0.917341, 0.887616, 0.862382, 0.873816, 0.87963], [0.91483, 0.882843, 0.867587, 0.868354, 0.909985], [0.915926, 0.885937, 0.87643, 0.89458, 0.92005]]","[[0.94142, 0.931599, 0.924503, 0.911801, 0.926576], [0.931132, 0.919836, 0.911672, 0.912243, 0.913886], [0.930831, 0.918009, 0.904981, 0.920549, 0.919486], [0.926005, 0.91526, 0.912588, 0.911803, 0.925592], [0.926117, 0.918877, 0.918943, 0.918793, 0.92005]]","[[0.923819, 0.91317, 0.904605, 0.902147, 0.915842], [0.916714, 0.904797, 0.901793, 0.896709, 0.907315], [0.909565, 0.903126, 0.904802, 0.910994, 0.918356], [0.912135, 0.914581, 0.909513, 0.91075, 0.920672], [0.919407, 0.918202, 0.917417, 0.917323, 0.92005]]","[[""q_scratch"", ""q_ra"", ""q_ra"", ""q_ra"", ""q_scratch""], [""q_scratch"", ""q_uniformity"", ""q_scratch"", ""q_scratch"", ""q_scratch""], [""q_scratch"", ""q_scratch"", ""q_scratch"", ""q_scratch"", ""q_scratch""], [""q_uniformity"", ""q_scratch"", ""q_uniformity"", ""q_scratch"", ""q_uniformity""], [""q_uniformity"", ""q_scratch"", ""q_uniformity"", ""q_scratch"", ""q_uniformity""]]","[[44.264, 44.25, 44.495, 44.773, 45.45], [44.259, 44.253, 44.558, 45.143, 45.677], [44.554, 44.611, 45.049, 46.147, 46.833], [44.703, 44.912, 45.812, 46.964, 48.185], [44.779, 45.151, 46.356, 47.817, 48.401]]","[[45.151, 45.296, 45.679, 46.203, 46.675], [45.314, 45.495, 45.968, 46.599, 47.154], [45.636, 45.916, 46.629, 47.54, 48.307], [45.878, 46.292, 47.326, 48.605, 49.646], [45.958, 46.489, 47.799, 49.391, 50.0]]","[[45.251, 45.529, 46.02, 46.57, 46.945], [45.527, 45.92, 46.592, 47.318, 47.799], [45.866, 46.461, 47.451, 48.478, 49.137], [46.072, 46.891, 48.225, 49.536, 49.983], [46.136, 47.102, 48.663, 49.916, 50.0]]"
finish_rule,41,0,2,success,6.515683174133301,5.538410186767578,5.38525915145874,6.764280796051025,-0.4999999701976776,7.999825291335583,0.6908990144729614,0,67.25767448273734,71.12752574483393,0.14882697890146293,0.15535164159444462,1.8264828979999443,1.5457563484253396,1.2717947069090796,0.8507809854239061,44.24961489723592,43.37236950970422,0.8772453875317012,13.372369509704221,35.90281000540834,0.008117929615321031,0.0,0.162897525051153,,,,True,True,71.12752574483393,57.177743429871526,6,6,0,77.99313583602708,77.91154352093055,0,0,0,6,0,0:0;0:1;0:2;0:3;0:4;4:1,0:0;0:1;0:2;0:3;0:4;4:1,,,0:0;0:1;0:2;0:3;0:4;4:1,,"{""q_ra"": 2, ""q_scratch"": 3, ""q_thermal"": 0, ""q_uniformity"": 1}","[[63.4, 57.178, 57.286, 60.62, 67.801], [72.987, 76.184, 71.683, 74.346, 74.724], [73.538, 71.514, 76.135, 70.453, 71.618], [75.897, 70.21, 76.635, 72.402, 75.727], [75.385, 69.273, 76.096, 72.487, 74.611]]","[[63.4, 57.178, 57.286, 60.62, 67.801], [72.987, 76.184, 71.683, 74.346, 74.724], [73.538, 71.514, 76.135, 70.453, 71.618], [75.897, 70.21, 76.635, 72.402, 75.727], [75.385, 69.273, 76.096, 72.487, 74.611]]","[[63.4, 57.178, 57.286, 60.62, 67.801], [72.987, 76.184, 71.683, 74.346, 74.724], [73.538, 71.514, 76.135, 70.453, 71.618], [75.897, 70.21, 76.635, 72.402, 75.727], [75.385, 69.273, 76.096, 72.487, 74.611]]","[[78.0, 78.0, 78.0, 78.0, 78.0], [78.0, 78.0, 78.0, 78.0, 78.0], [78.0, 78.0, 78.0, 78.0, 78.0], [78.0, 78.0, 78.0, 77.992, 77.912], [78.0, 78.0, 78.0, 77.992, 77.933]]","[[78.0, 78.0, 78.0, 78.0, 78.0], [78.0, 78.0, 78.0, 78.0, 78.0], [78.0, 78.0, 78.0, 78.0, 78.0], [78.0, 78.0, 78.0, 77.992, 77.912], [78.0, 78.0, 78.0, 77.992, 77.933]]","[[78.0, 78.0, 78.0, 78.0, 78.0], [78.0, 78.0, 78.0, 78.0, 78.0], [78.0, 78.0, 78.0, 78.0, 78.0], [78.0, 78.0, 78.0, 77.992, 77.912], [78.0, 78.0, 78.0, 77.992, 77.933]]","[[0.879477, 0.86112, 0.846915, 0.828622, 0.855795], [0.862782, 0.840274, 0.820847, 0.819211, 0.82432], [0.857966, 0.83252, 0.806953, 0.821985, 0.828931], [0.857141, 0.828696, 0.815866, 0.816905, 0.861115], [0.858608, 0.83292, 0.826482, 0.844092, 0.867753]]","[[0.885253, 0.874247, 0.86532, 0.847393, 0.869694], [0.874805, 0.863302, 0.852903, 0.854678, 0.855317], [0.870584, 0.861027, 0.846813, 0.865945, 0.866491], [0.867612, 0.859125, 0.858185, 0.85778, 0.875883], [0.86816, 0.863889, 0.866571, 0.866939, 0.867753]]","[[0.868702, 0.854606, 0.841882, 0.8386, 0.857478], [0.859476, 0.846418, 0.842565, 0.835992, 0.84877], [0.85081, 0.844425, 0.846705, 0.856697, 0.864634], [0.854741, 0.859103, 0.854908, 0.856614, 0.868665], [0.861999, 0.863477, 0.864319, 0.864432, 0.867753]]","[[""q_scratch"", ""q_ra"", ""q_ra"", ""q_uniformity"", ""q_scratch""], [""q_uniformity"", ""q_uniformity"", ""q_scratch"", ""q_uniformity"", ""q_uniformity""], [""q_uniformity"", ""q_uniformity"", ""q_uniformity"", ""q_uniformity"", ""q_uniformity""], [""q_uniformity"", ""q_uniformity"", ""q_uniformity"", ""q_uniformity"", ""q_uniformity""], [""q_uniformity"", ""q_scratch"", ""q_uniformity"", ""q_uniformity"", ""q_uniformity""]]","[[43.413, 43.372, 43.567, 43.73, 44.502], [43.397, 43.377, 43.62, 44.187, 44.672], [43.612, 43.704, 44.082, 45.189, 45.863], [43.776, 43.997, 44.869, 45.959, 47.208], [43.854, 44.245, 45.424, 46.811, 47.355]]","[[45.151, 45.296, 45.679, 46.203, 46.675], [45.314, 45.495, 45.968, 46.599, 47.154], [45.636, 45.916, 46.629, 47.54, 48.307], [45.878, 46.292, 47.326, 48.605, 49.646], [45.958, 46.489, 47.799, 49.391, 50.0]]","[[45.251, 45.529, 46.02, 46.57, 46.945], [45.527, 45.92, 46.592, 47.318, 47.799], [45.866, 46.461, 47.451, 48.478, 49.137], [46.072, 46.891, 48.225, 49.536, 49.983], [46.136, 47.102, 48.663, 49.916, 50.0]]"
finish_rule,44,0,1,continue,5.7779998779296875,5.777801513671875,5.659209728240967,6.9283294677734375,0.0,5.945709068328142,0.0,0,46.524911670514676,69.29458407096199,0.18510861976209114,0.13549878653339836,1.5251196969466436,1.142422813705337,1.0853433092503997,0.5361916151295743,42.53700826461812,41.53379230974095,1.0032159548771702,11.533792309740953,35.90279255648252,0.008118252256168005,0.010077370414828733,0.1772713864748385,0.17054140459818243,53.78077364501325,5.948541404598182,False,True,69.29458407096199,62.42809252145568,14,14,0,77.99313552830344,77.91153976622196,0,0,0,14,0,0:2;0:4;1:0;1:1;1:2;1:3;1:4;2:1;2:2;2:3;3:1;3:2;4:2;4:3,0:2;0:4;1:0;1:1;1:2;1:3;1:4;2:1;2:2;2:3;3:1;3:2;4:2;4:3,,,0:2;0:4;1:0;1:1;1:2;1:3;1:4;2:1;2:2;2:3;3:1;3:2;4:2;4:3,,"{""q_ra"": 0, ""q_scratch"": 14, ""q_thermal"": 0, ""q_uniformity"": 0}","[[74.417, 70.062, 69.502, 75.965, 68.585], [69.273, 69.047, 67.506, 67.007, 62.857], [70.372, 67.52, 65.471, 66.048, 70.051], [70.325, 66.936, 67.666, 71.757, 71.529], [73.092, 71.902, 62.428, 67.449, 75.598]]","[[74.417, 70.062, 69.502, 75.965, 68.585], [69.273, 69.047, 67.506, 67.007, 62.857], [70.372, 67.52, 65.471, 66.048, 70.051], [70.325, 66.936, 67.666, 71.757, 71.529], [73.092, 71.902, 62.428, 67.449, 75.598]]","[[74.417, 70.062, 69.502, 75.965, 68.585], [69.273, 69.047, 67.506, 67.007, 62.857], [70.372, 67.52, 65.471, 66.048, 70.051], [70.325, 66.936, 67.666, 71.757, 71.529], [73.092, 71.902, 62.428, 67.449, 75.598]]","[[78.0, 78.0, 78.0, 78.0, 78.0], [78.0, 78.0, 78.0, 78.0, 78.0], [78.0, 78.0, 78.0, 78.0, 78.0], [78.0, 78.0, 78.0, 77.992, 77.912], [78.0, 78.0, 78.0, 77.992, 77.933]]","[[78.0, 78.0, 78.0, 78.0, 78.0], [78.0, 78.0, 78.0, 78.0, 78.0], [78.0, 78.0, 78.0, 78.0, 78.0], [78.0, 78.0, 78.0, 77.992, 77.912], [78.0, 78.0, 78.0, 77.992, 77.933]]","[[78.0, 78.0, 78.0, 78.0, 78.0], [78.0, 78.0, 78.0, 78.0, 78.0], [78.0, 78.0, 78.0, 78.0, 78.0], [78.0, 78.0, 78.0, 77.992, 77.912], [78.0, 78.0, 78.0, 77.992, 77.933]]","[[0.913747, 0.908299, 0.890526, 0.892016, 0.909609], [0.892542, 0.885113, 0.882855, 0.885343, 0.893201], [0.858183, 0.853522, 0.846851, 0.870035, 0.883624], [0.857066, 0.84496, 0.856362, 0.862599, 0.877327], [0.896617, 0.878595, 0.870431, 0.881631, 0.890076]]","[[0.931112, 0.927649, 0.912818, 0.912692, 0.920195], [0.934048, 0.92276, 0.913477, 0.910992, 0.909991], [0.914417, 0.909515, 0.890285, 0.898464, 0.902597], [0.909515, 0.902838, 0.905401, 0.895309, 0.897192], [0.91998, 0.914982, 0.904169, 0.904092, 0.900862]]","[[0.931112, 0.927649, 0.912818, 0.906781, 0.910394], [0.930456, 0.917527, 0.91197, 0.901124, 0.903851], [0.905824, 0.891652, 0.890285, 0.895482, 0.90171], [0.893304, 0.886183, 0.888814, 0.887583, 0.893905], [0.903109, 0.885635, 0.893257, 0.893744, 0.897178]]","[[""q_uniformity"", ""q_scratch"", ""q_scratch"", ""q_uniformity"", ""q_scratch""], [""q_scratch"", ""q_scratch"", ""q_scratch"", ""q_scratch"", ""q_scratch""], [""q_scratch"", ""q_scratch"", ""q_scratch"", ""q_scratch"", ""q_scratch""], [""q_scratch"", ""q_scratch"", ""q_scratch"", ""q_scratch"", ""q_scratch""], [""q_scratch"", ""q_scratch"", ""q_scratch"", ""q_scratch"", ""q_uniformity""]]","[[47.242, 47.038, 46.386, 45.896, 45.781], [45.857, 45.735, 45.567, 45.305, 45.159], [43.677, 43.786, 43.853, 44.259, 44.42], [42.045, 42.235, 42.882, 43.323, 43.698], [41.534, 41.795, 42.368, 43.083, 43.485]]","[[48.518, 48.367, 47.951, 47.416, 47.15], [46.977, 47.052, 47.042, 46.8, 46.659], [44.957, 45.158, 45.56, 45.87, 45.976], [43.243, 43.552, 44.228, 44.881, 45.267], [42.537, 42.891, 43.678, 44.47, 44.969]]","[[48.87, 48.759, 48.4, 47.82, 47.35], [47.766, 47.777, 47.633, 47.287, 46.972], [45.937, 46.152, 46.358, 46.389, 46.319], [44.054, 44.48, 45.043, 45.445, 45.613], [42.864, 43.424, 44.209, 44.839, 45.15]]"
finish_rule,44,0,2,success,5.948541641235352,5.056434154510498,4.916543006896973,6.279725551605225,-0.4999999701976776,7.999825291335583,0.6908990144729614,0,69.29458407096199,72.52119810309671,0.13549878653339836,0.14178151393812516,1.142422813705337,1.0641340106055388,0.5361916151295743,0.20814448983808775,41.53379230974095,40.6894888101158,0.8443034996251555,10.689488810115797,35.90279255648252,0.008118252256168005,0.0,0.17172706481785244,,,,True,True,72.52119810309671,69.47706203051388,3,3,0,77.99313552830344,77.91153976622196,0,0,0,3,0,1:3;2:3;4:2,1:3;2:3;4:2,,,1:3;2:3;4:2,,"{""q_ra"": 0, ""q_scratch"": 0, ""q_thermal"": 0, ""q_uniformity"": 3}","[[72.613, 73.685, 72.412, 75.655, 71.986], [73.358, 72.709, 71.953, 69.477, 70.219], [73.125, 72.0, 70.57, 69.672, 72.55], [73.723, 70.678, 71.49, 74.804, 74.599], [75.131, 73.746, 69.817, 72.263, 74.797]]","[[72.613, 73.685, 72.412, 75.655, 71.986], [73.358, 72.709, 71.953, 69.477, 70.219], [73.125, 72.0, 70.57, 69.672, 72.55], [73.723, 70.678, 71.49, 74.804, 74.599], [75.131, 73.746, 69.817, 72.263, 74.797]]","[[72.613, 73.685, 72.412, 75.655, 71.986], [73.358, 72.709, 71.953, 69.477, 70.219], [73.125, 72.0, 70.57, 69.672, 72.55], [73.723, 70.678, 71.49, 74.804, 74.599], [75.131, 73.746, 69.817, 72.263, 74.797]]","[[78.0, 78.0, 78.0, 78.0, 78.0], [78.0, 78.0, 78.0, 78.0, 78.0], [78.0, 78.0, 78.0, 78.0, 78.0], [78.0, 78.0, 78.0, 77.992, 77.912], [78.0, 78.0, 78.0, 77.992, 77.933]]","[[78.0, 78.0, 78.0, 78.0, 78.0], [78.0, 78.0, 78.0, 78.0, 78.0], [78.0, 78.0, 78.0, 78.0, 78.0], [78.0, 78.0, 78.0, 77.992, 77.912], [78.0, 78.0, 78.0, 77.992, 77.933]]","[[78.0, 78.0, 78.0, 78.0, 78.0], [78.0, 78.0, 78.0, 78.0, 78.0], [78.0, 78.0, 78.0, 78.0, 78.0], [78.0, 78.0, 78.0, 77.992, 77.912], [78.0, 78.0, 78.0, 77.992, 77.933]]","[[0.871259, 0.863018, 0.841789, 0.842388, 0.85796], [0.846691, 0.8374, 0.833692, 0.83478, 0.837634], [0.80475, 0.801705, 0.791805, 0.815167, 0.827931], [0.797117, 0.788387, 0.800058, 0.804836, 0.81854], [0.830982, 0.816972, 0.808633, 0.819031, 0.826915]]","[[0.887817, 0.881404, 0.862861, 0.861913, 0.867945], [0.886064, 0.873018, 0.862608, 0.858964, 0.85338], [0.857482, 0.854299, 0.832415, 0.841803, 0.845709], [0.845898, 0.84239, 0.845873, 0.835356, 0.837073], [0.852635, 0.850807, 0.839976, 0.839896, 0.836936]]","[[0.887817, 0.881404, 0.862861, 0.855324, 0.858562], [0.882657, 0.868537, 0.861219, 0.848405, 0.849211], [0.849467, 0.834346, 0.832415, 0.838878, 0.845385], [0.833413, 0.825024, 0.830428, 0.828557, 0.83354], [0.837325, 0.821924, 0.831562, 0.830486, 0.833432]]","[[""q_uniformity"", ""q_uniformity"", ""q_uniformity"", ""q_uniformity"", ""q_uniformity""], [""q_uniformity"", ""q_uniformity"", ""q_uniformity"", ""q_uniformity"", ""q_uniformity""], [""q_uniformity"", ""q_uniformity"", ""q_uniformity"", ""q_uniformity"", ""q_uniformity""], [""q_uniformity"", ""q_uniformity"", ""q_uniformity"", ""q_uniformity"", ""q_uniformity""], [""q_uniformity"", ""q_uniformity"", ""q_uniformity"", ""q_uniformity"", ""q_uniformity""]]","[[46.44, 46.189, 45.489, 45.011, 44.885], [45.043, 44.887, 44.7, 44.431, 44.216], [42.825, 42.949, 42.953, 43.36, 43.511], [41.203, 41.416, 42.035, 42.431, 42.78], [40.689, 40.967, 41.49, 42.154, 42.528]]","[[48.518, 48.367, 47.951, 47.416, 47.15], [46.977, 47.052, 47.042, 46.8, 46.659], [44.957, 45.158, 45.56, 45.87, 45.976], [43.243, 43.552, 44.228, 44.881, 45.267], [42.537, 42.891, 43.678, 44.47, 44.969]]","[[48.87, 48.759, 48.4, 47.82, 47.35], [47.766, 47.777, 47.633, 47.287, 46.972], [45.937, 46.152, 46.358, 46.389, 46.319], [44.054, 44.48, 45.043, 45.445, 45.613], [42.864, 43.424, 44.209, 44.839, 45.15]]"
finish_rule,46,0,1,continue,5.7779998779296875,5.777801513671875,5.659206867218018,6.928823947906494,0.0,5.945709068328142,0.0,0,55.1332825010507,66.06146551542784,0.18948249524236815,0.16849223363189095,2.309639592780162,2.036252631283486,1.8825267192465143,1.3500645195508623,42.191144383099164,41.046399854561415,1.1447445285377498,11.046399854561415,35.90278522346493,0.008118131651768891,0.056264778351030845,0.20228002887982238,0.834458725301922,44.72216018881438,6.612458725301922,False,True,66.06146551542784,42.613669633101324,12,12,0,77.99313558850741,77.91153967505039,0,0,0,12,0,0:4;1:0;2:0;2:1;2:2;2:3;3:0;3:2;3:3;3:4;4:0;4:4,0:4;1:0;2:0;2:1;2:2;2:3;3:0;3:2;3:3;3:4;4:0;4:4,,,0:4;1:0;2:0;2:1;2:2;2:3;3:0;3:2;3:3;3:4;4:0;4:4,,"{""q_ra"": 4, ""q_scratch"": 8, ""q_thermal"": 0, ""q_uniformity"": 0}","[[75.475, 75.816, 76.461, 74.806, 69.755], [69.478, 76.888, 77.147, 71.958, 71.681], [44.072, 54.564, 55.687, 68.749, 71.064], [42.614, 76.951, 56.064, 49.054, 47.017], [51.357, 76.351, 76.09, 76.126, 66.31]]","[[75.475, 75.816, 76.461, 74.806, 69.755], [69.478, 76.888, 77.147, 71.958, 71.681], [44.072, 54.564, 55.687, 68.749, 71.064], [42.614, 76.951, 56.064, 49.054, 47.017], [51.357, 76.351, 76.09, 76.126, 66.31]]","[[75.475, 75.816, 76.461, 74.806, 69.755], [69.478, 76.888, 77.147, 71.958, 71.681], [44.072, 54.564, 55.687, 68.749, 71.064], [42.614, 76.951, 56.064, 49.054, 47.017], [51.357, 76.351, 76.09, 76.126, 66.31]]","[[78.0, 78.0, 78.0, 78.0, 78.0], [78.0, 78.0, 78.0, 78.0, 78.0], [78.0, 78.0, 78.0, 78.0, 78.0], [78.0, 78.0, 78.0, 77.992, 77.912], [78.0, 78.0, 78.0, 77.992, 77.933]]","[[78.0, 78.0, 78.0, 78.0, 78.0], [78.0, 78.0, 78.0, 78.0, 78.0], [78.0, 78.0, 78.0, 78.0, 78.0], [78.0, 78.0, 78.0, 77.992, 77.912], [78.0, 78.0, 78.0, 77.992, 77.933]]","[[78.0, 78.0, 78.0, 78.0, 78.0], [78.0, 78.0, 78.0, 78.0, 78.0], [78.0, 78.0, 78.0, 78.0, 78.0], [78.0, 78.0, 78.0, 77.992, 77.912], [78.0, 78.0, 78.0, 77.992, 77.933]]","[[0.913033, 0.881632, 0.876637, 0.893922, 0.908836], [0.888244, 0.85722, 0.860544, 0.88233, 0.893346], [0.876376, 0.848169, 0.852558, 0.865084, 0.868251], [0.89292, 0.849976, 0.838682, 0.861811, 0.885501], [0.899805, 0.848338, 0.83928, 0.852062, 0.883009]]","[[0.931057, 0.910018, 0.901818, 0.908263, 0.917318], [0.916036, 0.897047, 0.894743, 0.906312, 0.913436], [0.899378, 0.88938, 0.892239, 0.904677, 0.899226], [0.907359, 0.890484, 0.891199, 0.91284, 0.92123], [0.915343, 0.89385, 0.895722, 0.90084, 0.910901]]","[[0.911963, 0.903173, 0.901818, 0.903133, 0.913998], [0.898291, 0.894544, 0.893335, 0.893683, 0.896118], [0.88925, 0.88781, 0.89125, 0.897005, 0.899226], [0.887846, 0.888643, 0.890881, 0.897187, 0.907771], [0.893644, 0.88979, 0.894844, 0.90084, 0.910863]]","[[""q_uniformity"", ""q_uniformity"", ""q_uniformity"", ""q_scratch"", ""q_scratch""], [""q_scratch"", ""q_uniformity"", ""q_uniformity"", ""q_scratch"", ""q_scratch""], [""q_ra"", ""q_scratch"", ""q_scratch"", ""q_scratch"", ""q_scratch""], [""q_ra"", ""q_uniformity"", ""q_scratch"", ""q_ra"", ""q_ra""], [""q_scratch"", ""q_uniformity"", ""q_uniformity"", ""q_uniformity"", ""q_scratch""]]","[[42.401, 42.418, 42.979, 43.779, 44.3], [41.653, 41.792, 42.666, 43.767, 44.395], [41.046, 41.394, 42.576, 43.879, 44.616], [41.062, 41.374, 42.585, 44.358, 45.674], [41.163, 41.443, 42.825, 44.601, 46.175]]","[[43.319, 43.646, 44.392, 45.17, 45.589], [42.721, 43.145, 44.156, 45.191, 45.759], [42.282, 42.811, 44.094, 45.341, 46.254], [42.191, 42.773, 44.122, 45.729, 47.014], [42.196, 42.802, 44.318, 46.208, 47.757]]","[[43.582, 44.085, 44.806, 45.414, 45.735], [43.119, 43.756, 44.719, 45.603, 46.113], [42.605, 43.434, 44.75, 46.043, 46.833], [42.388, 43.382, 45.006, 46.66, 47.701], [42.407, 43.488, 45.281, 47.136, 48.318]]"
finish_rule,46,0,2,success,6.6124587059021,5.620500087738037,5.4652299880981445,6.847159385681152,-0.4999999701976776,7.999825291335583,0.6908990144729614,0,66.06146551542784,70.60982821925627,0.16849223363189095,0.18120085581870804,2.036252631283486,1.9192745095973838,1.3500645195508623,0.9001590740089842,41.046399854561415,40.087869918134714,0.9585299364267001,10.087869918134714,35.90278522346493,0.008118131651768891,0.0,0.1753869349531731,,,,True,True,70.60982821925627,53.75065624461436,8,8,0,77.99313558850741,77.91153967505039,0,0,0,8,0,2:0;2:1;2:2;3:0;3:2;3:3;3:4;4:0,2:0;2:1;2:2;3:0;3:2;3:3;3:4;4:0,,,2:0;2:1;2:2;3:0;3:2;3:3;3:4;4:0,,"{""q_ra"": 2, ""q_scratch"": 5, ""q_thermal"": 0, ""q_uniformity"": 1}","[[73.652, 74.785, 75.943, 75.19, 71.642], [71.623, 76.536, 76.944, 74.54, 74.145], [55.796, 66.49, 67.1, 72.696, 73.966], [53.751, 76.571, 64.9, 62.106, 61.413], [63.346, 76.013, 75.749, 75.811, 74.536]]","[[73.652, 74.785, 75.943, 75.19, 71.642], [71.623, 76.536, 76.944, 74.54, 74.145], [55.796, 66.49, 67.1, 72.696, 73.966], [53.751, 76.571, 64.9, 62.106, 61.413], [63.346, 76.013, 75.749, 75.811, 74.536]]","[[73.652, 74.785, 75.943, 75.19, 71.642], [71.623, 76.536, 76.944, 74.54, 74.145], [55.796, 66.49, 67.1, 72.696, 73.966], [53.751, 76.571, 64.9, 62.106, 61.413], [63.346, 76.013, 75.749, 75.811, 74.536]]","[[78.0, 78.0, 78.0, 78.0, 78.0], [78.0, 78.0, 78.0, 78.0, 78.0], [78.0, 78.0, 78.0, 78.0, 78.0], [78.0, 78.0, 78.0, 77.992, 77.912], [78.0, 78.0, 78.0, 77.992, 77.933]]","[[78.0, 78.0, 78.0, 78.0, 78.0], [78.0, 78.0, 78.0, 78.0, 78.0], [78.0, 78.0, 78.0, 78.0, 78.0], [78.0, 78.0, 78.0, 77.992, 77.912], [78.0, 78.0, 78.0, 77.992, 77.933]]","[[78.0, 78.0, 78.0, 78.0, 78.0], [78.0, 78.0, 78.0, 78.0, 78.0], [78.0, 78.0, 78.0, 78.0, 78.0], [78.0, 78.0, 78.0, 77.992, 77.912], [78.0, 78.0, 78.0, 77.992, 77.933]]","[[0.848976, 0.818884, 0.811182, 0.830041, 0.847508], [0.821841, 0.789032, 0.793161, 0.819229, 0.828682], [0.80033, 0.77737, 0.784941, 0.803038, 0.806352], [0.816673, 0.779117, 0.772174, 0.802612, 0.829252], [0.828528, 0.778188, 0.774307, 0.791332, 0.826306]]","[[0.865735, 0.84525, 0.834484, 0.843357, 0.855418], [0.847555, 0.825692, 0.824682, 0.841496, 0.847317], [0.821336, 0.815142, 0.821475, 0.839791, 0.835119], [0.829879, 0.816248, 0.820527, 0.850135, 0.862712], [0.842836, 0.819936, 0.82638, 0.836633, 0.852406]]","[[0.847981, 0.836113, 0.834484, 0.838561, 0.852056], [0.827161, 0.824632, 0.823303, 0.828077, 0.831066], [0.813295, 0.813698, 0.820479, 0.831816, 0.835119], [0.81217, 0.814827, 0.820296, 0.833354, 0.848476], [0.819434, 0.816109, 0.82638, 0.836633, 0.852212]]","[[""q_uniformity"", ""q_uniformity"", ""q_uniformity"", ""q_uniformity"", ""q_scratch""], [""q_uniformity"", ""q_uniformity"", ""q_uniformity"", ""q_uniformity"", ""q_uniformity""], [""q_ra"", ""q_scratch"", ""q_scratch"", ""q_uniformity"", ""q_uniformity""], [""q_ra"", ""q_uniformity"", ""q_scratch"", ""q_scratch"", ""q_uniformity""], [""q_scratch"", ""q_uniformity"", ""q_uniformity"", ""q_uniformity"", ""q_uniformity""]]","[[41.531, 41.534, 42.01, 42.794, 43.335], [40.782, 40.854, 41.674, 42.783, 43.353], [40.088, 40.443, 41.578, 42.883, 43.574], [40.117, 40.426, 41.587, 43.372, 44.678], [40.279, 40.496, 41.832, 43.56, 45.136]]","[[43.319, 43.646, 44.392, 45.17, 45.589], [42.721, 43.145, 44.156, 45.191, 45.759], [42.282, 42.811, 44.094, 45.341, 46.254], [42.191, 42.773, 44.122, 45.729, 47.014], [42.196, 42.802, 44.318, 46.208, 47.757]]","[[43.582, 44.085, 44.806, 45.414, 45.735], [43.119, 43.756, 44.719, 45.603, 46.113], [42.605, 43.434, 44.75, 46.043, 46.833], [42.388, 43.382, 45.006, 46.66, 47.701], [42.407, 43.488, 45.281, 47.136, 48.318]]"
finish_rule,48,0,1,continue,5.7779998779296875,5.777801513671875,5.659207344055176,6.929416656494141,0.0,5.945709068328142,0.0,0,46.67472117342942,60.01589206945575,0.3037093677753387,0.21300870045819156,2.277356929304048,1.840554348510305,1.7370636260779346,1.1603241449988613,42.42066270307789,41.13792591331004,1.2827367897678457,11.137925913310042,35.90281000540834,0.008117929615321031,0.14263011329348926,0.22666368482068808,1.887776333553249,40.31490938011965,7.665776333553248,False,True,60.01589206945575,43.27660428027576,20,20,0,77.99313583602708,77.91154352093055,0,0,0,20,0,0:0;0:1;0:2;0:3;0:4;1:0;1:1;1:2;1:3;1:4;2:1;2:2;2:3;2:4;3:0;3:1;3:2;3:4;4:1;4:4,0:0;0:1;0:2;0:3;0:4;1:0;1:1;1:2;1:3;1:4;2:1;2:2;2:3;2:4;3:0;3:1;3:2;3:4;4:1;4:4,,,0:0;0:1;0:2;0:3;0:4;1:0;1:1;1:2;1:3;1:4;2:1;2:2;2:3;2:4;3:0;3:1;3:2;3:4;4:1;4:4,,"{""q_ra"": 10, ""q_scratch"": 10, ""q_thermal"": 0, ""q_uniformity"": 0}","[[67.645, 56.336, 57.954, 43.277, 49.044], [45.117, 47.877, 60.232, 51.163, 51.168], [76.007, 60.114, 65.672, 62.052, 49.263], [49.877, 52.845, 65.946, 71.977, 59.077], [75.911, 63.709, 76.622, 71.661, 69.852]]","[[67.645, 56.336, 57.954, 43.277, 49.044], [45.117, 47.877, 60.232, 51.163, 51.168], [76.007, 60.114, 65.672, 62.052, 49.263], [49.877, 52.845, 65.946, 71.977, 59.077], [75.911, 63.709, 76.622, 71.661, 69.852]]","[[67.645, 56.336, 57.954, 43.277, 49.044], [45.117, 47.877, 60.232, 51.163, 51.168], [76.007, 60.114, 65.672, 62.052, 49.263], [49.877, 52.845, 65.946, 71.977, 59.077], [75.911, 63.709, 76.622, 71.661, 69.852]]","[[78.0, 78.0, 78.0, 78.0, 78.0], [78.0, 78.0, 78.0, 78.0, 78.0], [78.0, 78.0, 78.0, 78.0, 78.0], [78.0, 78.0, 78.0, 77.992, 77.912], [78.0, 78.0, 78.0, 77.992, 77.933]]","[[78.0, 78.0, 78.0, 78.0, 78.0], [78.0, 78.0, 78.0, 78.0, 78.0], [78.0, 78.0, 78.0, 78.0, 78.0], [78.0, 78.0, 78.0, 77.992, 77.912], [78.0, 78.0, 78.0, 77.992, 77.933]]","[[78.0, 78.0, 78.0, 78.0, 78.0], [78.0, 78.0, 78.0, 78.0, 78.0], [78.0, 78.0, 78.0, 78.0, 78.0], [78.0, 78.0, 78.0, 77.992, 77.912], [78.0, 78.0, 78.0, 77.992, 77.933]]","[[0.897393, 0.861725, 0.832175, 0.835474, 0.880639], [0.871401, 0.858743, 0.839242, 0.838667, 0.871167], [0.857633, 0.850415, 0.836765, 0.845194, 0.872], [0.864096, 0.857028, 0.854918, 0.860991, 0.882447], [0.899158, 0.894102, 0.885745, 0.873237, 0.88182]]","[[0.928052, 0.910031, 0.886924, 0.881013, 0.897965], [0.917572, 0.913732, 0.891946, 0.877509, 0.889765], [0.907377, 0.899743, 0.87874, 0.871894, 0.88612], [0.902212, 0.888465, 0.880699, 0.877665, 0.89036], [0.913322, 0.907655, 0.894113, 0.881691, 0.885638]]","[[0.928052, 0.909556, 0.886924, 0.879563, 0.878201], [0.917572, 0.900835, 0.884318, 0.869588, 0.870746], [0.907377, 0.893606, 0.87874, 0.871623, 0.873203], [0.897976, 0.888465, 0.878271, 0.871975, 0.874379], [0.902792, 0.888945, 0.882531, 0.877514, 0.877726]]","[[""q_scratch"", ""q_ra"", ""q_scratch"", ""q_ra"", ""q_ra""], [""q_ra"", ""q_ra"", ""q_ra"", ""q_ra"", ""q_ra""], [""q_uniformity"", ""q_scratch"", ""q_scratch"", ""q_scratch"", ""q_ra""], [""q_scratch"", ""q_ra"", ""q_scratch"", ""q_scratch"", ""q_scratch""], [""q_uniformity"", ""q_scratch"", ""q_uniformity"", ""q_scratch"", ""q_scratch""]]","[[46.636, 45.059, 43.059, 41.563, 41.153], [45.29, 44.355, 42.832, 41.548, 41.138], [43.668, 43.156, 42.217, 41.494, 41.265], [42.381, 42.176, 41.859, 41.513, 41.458], [41.994, 42.002, 41.874, 41.533, 41.463]]","[[47.926, 46.548, 44.724, 43.125, 42.421], [46.664, 45.71, 44.387, 43.159, 42.518], [45.064, 44.622, 43.903, 43.183, 42.712], [43.723, 43.705, 43.465, 43.118, 42.869], [43.132, 43.223, 43.28, 43.081, 42.943]]","[[48.538, 47.475, 45.692, 43.841, 42.665], [47.547, 46.716, 45.29, 43.769, 42.785], [45.937, 45.47, 44.601, 43.599, 42.918], [44.329, 44.208, 43.871, 43.372, 42.985], [43.339, 43.424, 43.406, 43.207, 42.999]]"
finish_rule,48,0,2,fail_finish_not_eligible,7.665776252746582,6.5157551765441895,6.335693836212158,7.742790699005127,-0.4999999701976776,7.999825291335583,0.6908990144729614,0,60.01589206945575,68.46037794028422,0.21300870045819156,0.20368532683399967,1.840554348510305,1.6547723230820268,1.1603241449988613,0.6679762519055417,41.13792591331004,39.85338891031566,1.2845370029943837,9.853388910315658,35.90281000540834,0.009419477958209905,0.0219946008530826,0.2027460663664824,,,,False,True,68.46037794028422,57.70203688054645,15,15,0,77.99266865404007,77.90355205080175,0,0,0,15,0,0:0;0:1;0:2;0:3;0:4;1:0;1:1;1:3;1:4;2:1;2:3;2:4;3:0;3:1;3:4,0:0;0:1;0:2;0:3;0:4;1:0;1:1;1:3;1:4;2:1;2:3;2:4;3:0;3:1;3:4,,,0:0;0:1;0:2;0:3;0:4;1:0;1:1;1:3;1:4;2:1;2:3;2:4;3:0;3:1;3:4,,"{""q_ra"": 2, ""q_scratch"": 2, ""q_thermal"": 0, ""q_uniformity"": 11}","[[69.086, 66.429, 67.946, 59.953, 60.936], [57.702, 61.815, 70.025, 66.072, 67.098], [75.194, 69.749, 70.472, 68.642, 66.207], [65.104, 67.419, 71.149, 75.317, 67.973], [75.119, 70.56, 76.418, 74.261, 70.863]]","[[69.086, 66.429, 67.946, 59.953, 60.936], [57.702, 61.815, 70.025, 66.072, 67.098], [75.194, 69.749, 70.472, 68.642, 66.207], [65.104, 67.419, 71.149, 75.317, 67.973], [75.119, 70.56, 76.418, 74.261, 70.863]]","[[69.086, 66.429, 67.946, 59.953, 60.936], [57.702, 61.815, 70.025, 66.072, 67.098], [75.194, 69.749, 70.472, 68.642, 66.207], [65.104, 67.419, 71.149, 75.317, 67.973], [75.119, 70.56, 76.418, 74.261, 70.863]]","[[78.0, 78.0, 78.0, 78.0, 78.0], [78.0, 78.0, 78.0, 78.0, 78.0], [78.0, 78.0, 78.0, 78.0, 78.0], [78.0, 78.0, 78.0, 77.991, 77.904], [78.0, 78.0, 78.0, 77.992, 77.93]]","[[78.0, 78.0, 78.0, 78.0, 78.0], [78.0, 78.0, 78.0, 78.0, 78.0], [78.0, 78.0, 78.0, 78.0, 78.0], [78.0, 78.0, 78.0, 77.991, 77.904], [78.0, 78.0, 78.0, 77.992, 77.93]]","[[78.0, 78.0, 78.0, 78.0, 78.0], [78.0, 78.0, 78.0, 78.0, 78.0], [78.0, 78.0, 78.0, 78.0, 78.0], [78.0, 78.0, 78.0, 77.991, 77.904], [78.0, 78.0, 78.0, 77.992, 77.93]]","[[0.840773, 0.795281, 0.752439, 0.745621, 0.782453], [0.809685, 0.792395, 0.762279, 0.746963, 0.770696], [0.789336, 0.777525, 0.750842, 0.752474, 0.775069], [0.788008, 0.774846, 0.765211, 0.767501, 0.787754], [0.816037, 0.806077, 0.794131, 0.779202, 0.78451]]","[[0.869498, 0.839862, 0.801942, 0.786263, 0.797847], [0.852587, 0.843135, 0.81015, 0.781557, 0.787148], [0.835119, 0.822626, 0.788506, 0.776245, 0.787619], [0.822769, 0.80327, 0.788286, 0.782364, 0.794818], [0.828892, 0.818296, 0.801634, 0.786746, 0.787907]]","[[0.869498, 0.839466, 0.801942, 0.784968, 0.781302], [0.852587, 0.827258, 0.80004, 0.774502, 0.770713], [0.835119, 0.815298, 0.788506, 0.776004, 0.777808], [0.818117, 0.80327, 0.786219, 0.777334, 0.779443], [0.820219, 0.803302, 0.792243, 0.783825, 0.781049]]","[[""q_uniformity"", ""q_uniformity"", ""q_scratch"", ""q_ra"", ""q_uniformity""], [""q_ra"", ""q_uniformity"", ""q_uniformity"", ""q_uniformity"", ""q_uniformity""], [""q_uniformity"", ""q_uniformity"", ""q_uniformity"", ""q_uniformity"", ""q_uniformity""], [""q_scratch"", ""q_uniformity"", ""q_uniformity"", ""q_uniformity"", ""q_uniformity""], [""q_uniformity"", ""q_scratch"", ""q_uniformity"", ""q_uniformity"", ""q_scratch""]]","[[45.587, 43.898, 41.808, 40.32, 39.91], [44.207, 43.246, 41.655, 40.285, 39.853], [42.58, 42.028, 40.963, 40.233, 40.013], [41.291, 41.009, 40.615, 40.263, 40.229], [40.885, 40.821, 40.646, 40.291, 40.198]]","[[47.926, 46.548, 44.724, 43.125, 42.421], [46.664, 45.71, 44.387, 43.159, 42.518], [45.064, 44.622, 43.903, 43.183, 42.712], [43.723, 43.705, 43.465, 43.118, 42.869], [43.132, 43.223, 43.28, 43.081, 42.943]]","[[48.538, 47.475, 45.692, 43.841, 42.665], [47.547, 46.716, 45.29, 43.769, 42.785], [45.937, 45.47, 44.601, 43.599, 42.918], [44.329, 44.208, 43.871, 43.372, 42.985], [43.339, 43.424, 43.406, 43.207, 42.999]]"
finish_rule,49,0,1,continue,5.7779998779296875,5.777801513671875,5.659207344055176,6.929416656494141,0.0,5.945709068328142,0.0,0,54.256250514811455,63.568357637513735,0.22858703252152113,0.18384925593771312,2.2868121978812206,1.964324804647641,1.7907224390572298,1.3287681292416058,40.0,38.39754348874005,1.6024565112599518,8.397543488740048,35.90281000540834,0.008117929615321031,0.09188060517837522,0.2831591800472346,0.9734518071748374,22.593452515552755,6.751451807174837,False,True,63.568357637513735,37.92403406324513,14,14,0,77.99313583602708,77.91154352093055,0,0,0,14,0,0:0;0:1;0:2;1:0;1:1;1:2;1:3;2:0;2:1;2:2;2:3;3:0;4:0;4:1,0:0;0:1;0:2;1:0;1:1;1:2;1:3;2:0;2:1;2:2;2:3;3:0;4:0;4:1,,,0:0;0:1;0:2;1:0;1:1;1:2;1:3;2:0;2:1;2:2;2:3;3:0;4:0;4:1,,"{""q_ra"": 5, ""q_scratch"": 9, ""q_thermal"": 0, ""q_uniformity"": 0}","[[61.278, 57.117, 65.265, 76.217, 75.621], [37.924, 50.926, 46.332, 60.552, 76.29], [51.297, 43.95, 50.334, 59.751, 76.537], [48.472, 74.273, 77.339, 76.519, 75.581], [60.912, 58.901, 76.248, 76.15, 75.423]]","[[61.278, 57.117, 65.265, 76.217, 75.621], [37.924, 50.926, 46.332, 60.552, 76.29], [51.297, 43.95, 50.334, 59.751, 76.537], [48.472, 74.273, 77.339, 76.519, 75.581], [60.912, 58.901, 76.248, 76.15, 75.423]]","[[61.278, 57.117, 65.265, 76.217, 75.621], [37.924, 50.926, 46.332, 60.552, 76.29], [51.297, 43.95, 50.334, 59.751, 76.537], [48.472, 74.273, 77.339, 76.519, 75.581], [60.912, 58.901, 76.248, 76.15, 75.423]]","[[78.0, 78.0, 78.0, 78.0, 78.0], [78.0, 78.0, 78.0, 78.0, 78.0], [78.0, 78.0, 78.0, 78.0, 78.0], [78.0, 78.0, 78.0, 77.992, 77.912], [78.0, 78.0, 78.0, 77.992, 77.933]]","[[78.0, 78.0, 78.0, 78.0, 78.0], [78.0, 78.0, 78.0, 78.0, 78.0], [78.0, 78.0, 78.0, 78.0, 78.0], [78.0, 78.0, 78.0, 77.992, 77.912], [78.0, 78.0, 78.0, 77.992, 77.933]]","[[78.0, 78.0, 78.0, 78.0, 78.0], [78.0, 78.0, 78.0, 78.0, 78.0], [78.0, 78.0, 78.0, 78.0, 78.0], [78.0, 78.0, 78.0, 77.992, 77.912], [78.0, 78.0, 78.0, 77.992, 77.933]]","[[0.88442, 0.862538, 0.825594, 0.815592, 0.857333], [0.866195, 0.847672, 0.813632, 0.814813, 0.85835], [0.849682, 0.839754, 0.795785, 0.816722, 0.849739], [0.853212, 0.840431, 0.787083, 0.826812, 0.844384], [0.861357, 0.84475, 0.809894, 0.842748, 0.863659]]","[[0.88442, 0.862538, 0.861002, 0.860944, 0.877148], [0.866195, 0.847672, 0.853449, 0.859152, 0.876813], [0.849682, 0.839754, 0.846479, 0.859181, 0.86564], [0.853212, 0.841369, 0.843863, 0.866035, 0.859434], [0.861357, 0.848128, 0.860983, 0.877524, 0.877141]]","[[0.88442, 0.862538, 0.855977, 0.859758, 0.877016], [0.866195, 0.847672, 0.850797, 0.859152, 0.876813], [0.849682, 0.839754, 0.841883, 0.858415, 0.86564], [0.853212, 0.841369, 0.843863, 0.857131, 0.857204], [0.861357, 0.848128, 0.860983, 0.871147, 0.877141]]","[[""q_scratch"", ""q_scratch"", ""q_scratch"", ""q_uniformity"", ""q_uniformity""], [""q_ra"", ""q_ra"", ""q_ra"", ""q_scratch"", ""q_uniformity""], [""q_scratch"", ""q_ra"", ""q_ra"", ""q_scratch"", ""q_uniformity""], [""q_scratch"", ""q_scratch"", ""q_uniformity"", ""q_uniformity"", ""q_uniformity""], [""q_scratch"", ""q_scratch"", ""q_uniformity"", ""q_uniformity"", ""q_uniformity""]]","[[38.844, 38.625, 38.61, 39.669, 40.927], [38.662, 38.477, 38.534, 39.665, 40.897], [38.497, 38.398, 38.465, 39.732, 40.757], [38.532, 38.414, 38.534, 39.936, 40.701], [38.614, 38.481, 38.895, 40.195, 40.97]]","[[40.0, 40.0, 40.0, 41.23, 42.458], [40.0, 40.0, 40.0, 41.249, 42.428], [40.0, 40.0, 40.0, 41.327, 42.427], [40.0, 40.0, 40.113, 41.473, 42.451], [40.0, 40.0, 40.331, 41.618, 42.506]]","[[40.0, 40.0, 40.429, 41.855, 42.745], [40.0, 40.0, 40.489, 41.861, 42.695], [40.0, 40.0, 40.637, 41.916, 42.66], [40.0, 40.011, 40.842, 42.017, 42.673], [40.0, 40.04, 40.983, 42.098, 42.702]]"
finish_rule,49,0,2,fail_quality_regression,6.7514519691467285,5.7384724617004395,5.5800957679748535,6.964369773864746,-0.4999999701976776,7.999825291335583,0.6908990144729614,0,63.568357637513735,68.60341654954965,0.18384925593771312,0.19131142889966787,1.964324804647641,1.832386455619322,1.3287681292416058,0.9773625165477111,38.39754348874005,37.34864561570137,1.0488978730386762,7.348645615701372,35.90281000540834,0.008117929615321031,0.01995119214929072,0.1879713031196498,,,,False,True,68.60341654954965,45.961162458114174,13,13,0,77.99313583602708,77.91154352093055,0,0,0,13,0,0:0;0:1;1:0;1:1;1:2;1:3;2:0;2:1;2:2;2:3;3:0;4:0;4:1,0:0;0:1;1:0;1:1;1:2;1:3;2:0;2:1;2:2;2:3;3:0;4:0;4:1,,,0:0;0:1;1:0;1:1;1:2;1:3;2:0;2:1;2:2;2:3;3:0;4:0;4:1,,"{""q_ra"": 2, ""q_scratch"": 8, ""q_thermal"": 0, ""q_uniformity"": 3}","[[64.986, 67.692, 70.107, 75.7, 74.506], [45.961, 61.532, 57.904, 67.329, 75.796], [63.059, 54.932, 62.669, 67.431, 76.203], [60.529, 76.12, 77.208, 76.177, 75.097], [69.361, 68.575, 75.956, 75.779, 74.478]]","[[64.986, 67.692, 70.107, 75.7, 74.506], [45.961, 61.532, 57.904, 67.329, 75.796], [63.059, 54.932, 62.669, 67.431, 76.203], [60.529, 76.12, 77.208, 76.177, 75.097], [69.361, 68.575, 75.956, 75.779, 74.478]]","[[64.986, 67.692, 70.107, 75.7, 74.506], [45.961, 61.532, 57.904, 67.329, 75.796], [63.059, 54.932, 62.669, 67.431, 76.203], [60.529, 76.12, 77.208, 76.177, 75.097], [69.361, 68.575, 75.956, 75.779, 74.478]]","[[78.0, 78.0, 78.0, 78.0, 78.0], [78.0, 78.0, 78.0, 78.0, 78.0], [78.0, 78.0, 78.0, 78.0, 78.0], [78.0, 78.0, 78.0, 77.992, 77.912], [78.0, 78.0, 78.0, 77.992, 77.933]]","[[78.0, 78.0, 78.0, 78.0, 78.0], [78.0, 78.0, 78.0, 78.0, 78.0], [78.0, 78.0, 78.0, 78.0, 78.0], [78.0, 78.0, 78.0, 77.992, 77.912], [78.0, 78.0, 78.0, 77.992, 77.933]]","[[78.0, 78.0, 78.0, 78.0, 78.0], [78.0, 78.0, 78.0, 78.0, 78.0], [78.0, 78.0, 78.0, 78.0, 78.0], [78.0, 78.0, 78.0, 77.992, 77.912], [78.0, 78.0, 78.0, 77.992, 77.933]]","[[0.79892, 0.765199, 0.730794, 0.725431, 0.774604], [0.77325, 0.746414, 0.718207, 0.724706, 0.775644], [0.748584, 0.734865, 0.698171, 0.726393, 0.76364], [0.754994, 0.736521, 0.690863, 0.738881, 0.756729], [0.764194, 0.738575, 0.718801, 0.757409, 0.780113]]","[[0.79892, 0.765199, 0.762137, 0.76577, 0.792507], [0.77325, 0.746414, 0.753355, 0.764142, 0.792329], [0.748584, 0.734865, 0.742646, 0.764156, 0.77793], [0.754994, 0.737343, 0.740702, 0.773932, 0.770216], [0.764194, 0.741528, 0.764143, 0.788664, 0.79229]]","[[0.79892, 0.765199, 0.75609, 0.764715, 0.792303], [0.77325, 0.746414, 0.749369, 0.764142, 0.792329], [0.748584, 0.734865, 0.737565, 0.763476, 0.77793], [0.754994, 0.737343, 0.740702, 0.76791, 0.768218], [0.764194, 0.741528, 0.762651, 0.781801, 0.79229]]","[[""q_scratch"", ""q_uniformity"", ""q_scratch"", ""q_uniformity"", ""q_uniformity""], [""q_ra"", ""q_scratch"", ""q_scratch"", ""q_scratch"", ""q_uniformity""], [""q_scratch"", ""q_ra"", ""q_scratch"", ""q_scratch"", ""q_uniformity""], [""q_scratch"", ""q_uniformity"", ""q_uniformity"", ""q_uniformity"", ""q_uniformity""], [""q_uniformity"", ""q_uniformity"", ""q_uniformity"", ""q_uniformity"", ""q_uniformity""]]","[[37.989, 37.652, 37.621, 38.6, 39.873], [37.732, 37.464, 37.534, 38.596, 39.847], [37.486, 37.349, 37.426, 38.656, 39.667], [37.55, 37.373, 37.49, 38.879, 39.59], [37.642, 37.415, 37.894, 39.163, 39.909]]","[[40.0, 40.0, 40.0, 41.23, 42.458], [40.0, 40.0, 40.0, 41.249, 42.428], [40.0, 40.0, 40.0, 41.327, 42.427], [40.0, 40.0, 40.113, 41.473, 42.451], [40.0, 40.0, 40.331, 41.618, 42.506]]","[[40.0, 40.0, 40.429, 41.855, 42.745], [40.0, 40.0, 40.489, 41.861, 42.695], [40.0, 40.0, 40.637, 41.916, 42.66], [40.0, 40.011, 40.842, 42.017, 42.673], [40.0, 40.04, 40.983, 42.098, 42.702]]"
finish_rule,50,0,1,continue,5.7779998779296875,5.777801513671875,5.659202575683594,6.930245399475098,0.0,5.945709068328142,0.0,0,51.09377143805603,62.316302832279426,0.287349986951348,0.20752933938667173,2.2861702677313227,1.9366491790800713,1.953778550061827,1.1833309171337592,40.0,38.250475561121355,1.7495244388786446,8.250475561121355,35.9028278976566,0.00811765977281084,0.1097671023960082,0.3091468127322362,1.0651939260756507,20.21847000743666,6.84319392607565,False,True,62.316302832279426,42.87889851181119,17,17,0,77.99313606886554,77.91154312555402,0,0,0,17,0,1:1;1:2;1:3;1:4;2:1;2:2;2:3;2:4;3:0;3:2;3:3;3:4;4:0;4:1;4:2;4:3;4:4,1:1;1:2;1:3;1:4;2:1;2:2;2:3;2:4;3:0;3:2;3:3;3:4;4:0;4:1;4:2;4:3;4:4,,,1:1;1:2;1:3;1:4;2:1;2:2;2:3;2:4;3:0;3:2;3:3;3:4;4:0;4:1;4:2;4:3;4:4,,"{""q_ra"": 8, ""q_scratch"": 9, ""q_thermal"": 0, ""q_uniformity"": 0}","[[75.513, 75.457, 75.745, 75.864, 75.102], [75.698, 57.134, 54.546, 54.959, 60.126], [76.19, 65.775, 44.752, 44.314, 42.879], [67.045, 76.321, 53.778, 54.224, 65.073], [69.578, 61.047, 50.258, 51.601, 54.929]]","[[75.513, 75.457, 75.745, 75.864, 75.102], [75.698, 57.134, 54.546, 54.959, 60.126], [76.19, 65.775, 44.752, 44.314, 42.879], [67.045, 76.321, 53.778, 54.224, 65.073], [69.578, 61.047, 50.258, 51.601, 54.929]]","[[75.513, 75.457, 75.745, 75.864, 75.102], [75.698, 57.134, 54.546, 54.959, 60.126], [76.19, 65.775, 44.752, 44.314, 42.879], [67.045, 76.321, 53.778, 54.224, 65.073], [69.578, 61.047, 50.258, 51.601, 54.929]]","[[78.0, 78.0, 78.0, 78.0, 78.0], [78.0, 78.0, 78.0, 78.0, 78.0], [78.0, 78.0, 78.0, 78.0, 78.0], [78.0, 78.0, 78.0, 77.992, 77.912], [78.0, 78.0, 78.0, 77.992, 77.933]]","[[78.0, 78.0, 78.0, 78.0, 78.0], [78.0, 78.0, 78.0, 78.0, 78.0], [78.0, 78.0, 78.0, 78.0, 78.0], [78.0, 78.0, 78.0, 77.992, 77.912], [78.0, 78.0, 78.0, 77.992, 77.933]]","[[78.0, 78.0, 78.0, 78.0, 78.0], [78.0, 78.0, 78.0, 78.0, 78.0], [78.0, 78.0, 78.0, 78.0, 78.0], [78.0, 78.0, 78.0, 77.992, 77.912], [78.0, 78.0, 78.0, 77.992, 77.933]]","[[0.894216, 0.855698, 0.849751, 0.837281, 0.836253], [0.860434, 0.845682, 0.841989, 0.833101, 0.833731], [0.856517, 0.840337, 0.835081, 0.8255, 0.834256], [0.85191, 0.830189, 0.828997, 0.825048, 0.828346], [0.848458, 0.849194, 0.837811, 0.830435, 0.830719]]","[[0.894216, 0.855698, 0.849751, 0.837281, 0.836253], [0.860434, 0.845682, 0.841989, 0.833101, 0.833731], [0.856517, 0.840337, 0.835081, 0.8255, 0.834256], [0.85191, 0.830189, 0.828997, 0.825048, 0.828346], [0.848458, 0.849194, 0.837811, 0.830435, 0.830719]]","[[0.894216, 0.855698, 0.849751, 0.837281, 0.836253], [0.860434, 0.845682, 0.841989, 0.833101, 0.833731], [0.856517, 0.840337, 0.835081, 0.8255, 0.834256], [0.85191, 0.830189, 0.828997, 0.825048, 0.828346], [0.848458, 0.849194, 0.837811, 0.830435, 0.830719]]","[[""q_uniformity"", ""q_uniformity"", ""q_uniformity"", ""q_uniformity"", ""q_uniformity""], [""q_uniformity"", ""q_scratch"", ""q_ra"", ""q_ra"", ""q_scratch""], [""q_uniformity"", ""q_scratch"", ""q_ra"", ""q_ra"", ""q_ra""], [""q_scratch"", ""q_uniformity"", ""q_ra"", ""q_ra"", ""q_scratch""], [""q_scratch"", ""q_scratch"", ""q_ra"", ""q_scratch"", ""q_scratch""]]","[[38.942, 38.557, 38.498, 38.373, 38.363], [38.604, 38.457, 38.42, 38.331, 38.337], [38.565, 38.403, 38.351, 38.255, 38.343], [38.519, 38.302, 38.29, 38.25, 38.283], [38.485, 38.492, 38.378, 38.304, 38.307]]","[[40.0, 40.0, 40.0, 40.0, 40.0], [40.0, 40.0, 40.0, 40.0, 40.0], [40.0, 40.0, 40.0, 40.0, 40.0], [40.0, 40.0, 40.0, 40.0, 40.0], [40.0, 40.0, 40.0, 40.0, 40.0]]","[[40.0, 40.0, 40.0, 40.0, 40.0], [40.0, 40.0, 40.0, 40.0, 40.0], [40.0, 40.0, 40.0, 40.0, 40.0], [40.0, 40.0, 40.0, 40.0, 40.0], [40.0, 40.0, 40.0, 40.0, 40.0]]"
finish_rule,50,0,2,fail_finish_not_eligible,6.843194007873535,5.816558361053467,5.655918598175049,7.042581558227539,-0.4999999701976776,7.999825291335583,0.6908990144729614,0,62.316302832279426,68.74713969792388,0.20752933938667173,0.21235818166265302,1.9366491790800713,1.7947164965119016,1.1833309171337592,0.6721393484051794,38.250475561121355,37.10140175522278,1.149073805898574,7.101401755222781,35.9028278976566,0.00811765977281084,0.06179090831326506,0.20316307350486565,,,,False,True,68.74713969792388,55.752181259471755,13,13,0,77.99313606886554,77.91154312555402,0,0,0,13,0,1:1;1:2;1:3;1:4;2:2;2:3;2:4;3:2;3:3;4:1;4:2;4:3;4:4,1:1;1:2;1:3;1:4;2:2;2:3;2:4;3:2;3:3;4:1;4:2;4:3;4:4,,,1:1;1:2;1:3;1:4;2:2;2:3;2:4;3:2;3:3;4:1;4:2;4:3;4:4,,"{""q_ra"": 3, ""q_scratch"": 4, ""q_thermal"": 0, ""q_uniformity"": 6}","[[73.684, 74.313, 74.908, 75.17, 73.713], [74.465, 67.481, 65.829, 66.218, 68.479], [75.445, 70.004, 57.543, 57.321, 55.752], [72.36, 75.857, 66.063, 66.442, 70.633], [72.783, 67.884, 64.896, 65.738, 65.697]]","[[73.684, 74.313, 74.908, 75.17, 73.713], [74.465, 67.481, 65.829, 66.218, 68.479], [75.445, 70.004, 57.543, 57.321, 55.752], [72.36, 75.857, 66.063, 66.442, 70.633], [72.783, 67.884, 64.896, 65.738, 65.697]]","[[73.684, 74.313, 74.908, 75.17, 73.713], [74.465, 67.481, 65.829, 66.218, 68.479], [75.445, 70.004, 57.543, 57.321, 55.752], [72.36, 75.857, 66.063, 66.442, 70.633], [72.783, 67.884, 64.896, 65.738, 65.697]]","[[78.0, 78.0, 78.0, 78.0, 78.0], [78.0, 78.0, 78.0, 78.0, 78.0], [78.0, 78.0, 78.0, 78.0, 78.0], [78.0, 78.0, 78.0, 77.992, 77.912], [78.0, 78.0, 78.0, 77.992, 77.933]]","[[78.0, 78.0, 78.0, 78.0, 78.0], [78.0, 78.0, 78.0, 78.0, 78.0], [78.0, 78.0, 78.0, 78.0, 78.0], [78.0, 78.0, 78.0, 77.992, 77.912], [78.0, 78.0, 78.0, 77.992, 77.933]]","[[78.0, 78.0, 78.0, 78.0, 78.0], [78.0, 78.0, 78.0, 78.0, 78.0], [78.0, 78.0, 78.0, 78.0, 78.0], [78.0, 78.0, 78.0, 77.992, 77.912], [78.0, 78.0, 78.0, 77.992, 77.933]]","[[0.808795, 0.754659, 0.744949, 0.725692, 0.723759], [0.762011, 0.741975, 0.735047, 0.721089, 0.721584], [0.756051, 0.735768, 0.724255, 0.71014, 0.719611], [0.750461, 0.722981, 0.719963, 0.710448, 0.712522], [0.742709, 0.744058, 0.729322, 0.715515, 0.715449]]","[[0.808795, 0.754659, 0.744949, 0.725692, 0.723759], [0.762011, 0.741975, 0.735047, 0.721089, 0.721584], [0.756051, 0.735768, 0.724255, 0.71014, 0.719611], [0.750461, 0.722981, 0.719963, 0.710448, 0.712522], [0.742709, 0.744058, 0.729322, 0.715515, 0.715449]]","[[0.808795, 0.754659, 0.744949, 0.725692, 0.723759], [0.762011, 0.741975, 0.735047, 0.721089, 0.721584], [0.756051, 0.735768, 0.724255, 0.71014, 0.719611], [0.750461, 0.722981, 0.719963, 0.710448, 0.712522], [0.742709, 0.744058, 0.729322, 0.715515, 0.715449]]","[[""q_uniformity"", ""q_uniformity"", ""q_uniformity"", ""q_uniformity"", ""q_uniformity""], [""q_uniformity"", ""q_scratch"", ""q_scratch"", ""q_scratch"", ""q_uniformity""], [""q_uniformity"", ""q_uniformity"", ""q_ra"", ""q_ra"", ""q_ra""], [""q_uniformity"", ""q_uniformity"", ""q_uniformity"", ""q_uniformity"", ""q_scratch""], [""q_uniformity"", ""q_scratch"", ""q_uniformity"", ""q_uniformity"", ""q_uniformity""]]","[[38.088, 37.547, 37.449, 37.257, 37.238], [37.62, 37.42, 37.35, 37.211, 37.216], [37.561, 37.358, 37.243, 37.101, 37.196], [37.505, 37.23, 37.2, 37.104, 37.125], [37.427, 37.441, 37.293, 37.155, 37.154]]","[[40.0, 40.0, 40.0, 40.0, 40.0], [40.0, 40.0, 40.0, 40.0, 40.0], [40.0, 40.0, 40.0, 40.0, 40.0], [40.0, 40.0, 40.0, 40.0, 40.0], [40.0, 40.0, 40.0, 40.0, 40.0]]","[[40.0, 40.0, 40.0, 40.0, 40.0], [40.0, 40.0, 40.0, 40.0, 40.0], [40.0, 40.0, 40.0, 40.0, 40.0], [40.0, 40.0, 40.0, 40.0, 40.0], [40.0, 40.0, 40.0, 40.0, 40.0]]"
finish_rule,52,0,1,continue,5.7779998779296875,5.777801513671875,5.659216403961182,6.9291276931762695,0.0,5.945709068328142,0.0,0,56.742823211300056,69.21372823585575,0.1559647785623133,0.1310693489568834,1.8315305729080897,1.6105377736718212,1.4980196573912918,1.1251111768060191,41.24332325252638,40.1827888915537,1.0605343609726816,10.182788891553699,35.902736713436646,0.008118178861081007,0.011232453773489226,0.18739950644586734,0.17981563537469386,43.664943663645126,5.957815635374693,False,True,69.21372823585575,44.405138882590634,10,10,0,77.99313546160872,77.91153941205465,0,0,0,10,0,0:0;0:1;1:0;2:0;2:1;3:0;3:1;4:0;4:1;4:4,0:0;0:1;1:0;2:0;2:1;3:0;3:1;4:0;4:1;4:4,,,0:0;0:1;1:0;2:0;2:1;3:0;3:1;4:0;4:1;4:4,,"{""q_ra"": 3, ""q_scratch"": 7, ""q_thermal"": 0, ""q_uniformity"": 0}","[[44.405, 69.243, 76.266, 76.061, 75.966], [50.799, 70.803, 77.054, 76.922, 72.023], [53.243, 66.046, 76.611, 74.343, 70.586], [56.346, 66.998, 76.732, 77.007, 70.25], [65.812, 65.874, 76.038, 75.496, 69.418]]","[[44.405, 69.243, 76.266, 76.061, 75.966], [50.799, 70.803, 77.054, 76.922, 72.023], [53.243, 66.046, 76.611, 74.343, 70.586], [56.346, 66.998, 76.732, 77.007, 70.25], [65.812, 65.874, 76.038, 75.496, 69.418]]","[[44.405, 69.243, 76.266, 76.061, 75.966], [50.799, 70.803, 77.054, 76.922, 72.023], [53.243, 66.046, 76.611, 74.343, 70.586], [56.346, 66.998, 76.732, 77.007, 70.25], [65.812, 65.874, 76.038, 75.496, 69.418]]","[[78.0, 78.0, 78.0, 78.0, 78.0], [78.0, 78.0, 78.0, 78.0, 78.0], [78.0, 78.0, 78.0, 78.0, 78.0], [78.0, 78.0, 78.0, 77.992, 77.912], [78.0, 78.0, 78.0, 77.992, 77.933]]","[[78.0, 78.0, 78.0, 78.0, 78.0], [78.0, 78.0, 78.0, 78.0, 78.0], [78.0, 78.0, 78.0, 78.0, 78.0], [78.0, 78.0, 78.0, 77.992, 77.912], [78.0, 78.0, 78.0, 77.992, 77.933]]","[[78.0, 78.0, 78.0, 78.0, 78.0], [78.0, 78.0, 78.0, 78.0, 78.0], [78.0, 78.0, 78.0, 78.0, 78.0], [78.0, 78.0, 78.0, 77.992, 77.912], [78.0, 78.0, 78.0, 77.992, 77.933]]","[[0.924411, 0.884106, 0.871156, 0.879398, 0.888539], [0.901938, 0.857244, 0.854117, 0.862106, 0.87922], [0.871622, 0.849133, 0.8428, 0.843983, 0.872404], [0.8613, 0.84569, 0.831786, 0.834548, 0.854767], [0.888462, 0.868881, 0.849965, 0.86829, 0.876573]]","[[0.937803, 0.91855, 0.91223, 0.91376, 0.907434], [0.923602, 0.8984, 0.903012, 0.90562, 0.908612], [0.90334, 0.899175, 0.899598, 0.894641, 0.909318], [0.89427, 0.896282, 0.887777, 0.883667, 0.888875], [0.905674, 0.904314, 0.891426, 0.903981, 0.896333]]","[[0.920735, 0.908678, 0.907619, 0.906123, 0.907434], [0.899988, 0.8984, 0.903012, 0.902743, 0.906997], [0.897047, 0.892113, 0.89009, 0.888477, 0.90008], [0.884618, 0.875566, 0.883814, 0.882567, 0.888875], [0.884678, 0.875381, 0.881566, 0.88443, 0.889351]]","[[""q_ra"", ""q_scratch"", ""q_uniformity"", ""q_uniformity"", ""q_uniformity""], [""q_ra"", ""q_scratch"", ""q_uniformity"", ""q_uniformity"", ""q_scratch""], [""q_scratch"", ""q_scratch"", ""q_uniformity"", ""q_scratch"", ""q_scratch""], [""q_ra"", ""q_scratch"", ""q_uniformity"", ""q_uniformity"", ""q_scratch""], [""q_scratch"", ""q_scratch"", ""q_uniformity"", ""q_uniformity"", ""q_scratch""]]","[[42.525, 42.684, 43.603, 44.825, 45.652], [42.031, 42.071, 43.041, 44.172, 45.083], [41.164, 41.443, 42.267, 43.196, 44.223], [40.375, 40.705, 41.366, 42.26, 43.107], [40.183, 40.47, 41.074, 42.191, 42.869]]","[[43.356, 43.809, 44.912, 46.224, 47.249], [43.026, 43.437, 44.441, 45.649, 46.6], [42.359, 42.726, 43.636, 44.75, 45.642], [41.602, 41.944, 42.803, 43.874, 44.746], [41.243, 41.578, 42.423, 43.486, 44.358]]","[[43.549, 44.347, 45.615, 46.858, 47.615], [43.339, 44.082, 45.268, 46.438, 47.155], [42.809, 43.476, 44.555, 45.635, 46.304], [42.046, 42.659, 43.665, 44.69, 45.334], [41.461, 42.05, 43.029, 44.04, 44.681]]"
finish_rule,52,0,2,success,5.957815647125244,5.064277648925781,4.924214839935303,6.289678573608398,-0.4999999701976776,7.999825291335583,0.6908990144729614,0,69.21372823585575,72.11520533923806,0.1310693489568834,0.13758369334226486,1.6105377736718212,1.5085726004697948,1.1251111768060191,0.7892689418460803,40.1827888915537,39.32121476584422,0.8615741257094811,9.321214765844218,35.902736713436646,0.008118178861081007,0.0,0.174966802569646,,,,True,True,72.11520533923806,52.55355145447129,6,6,0,77.99313546160872,77.91153941205465,0,0,0,6,0,0:0;1:0;2:0;3:0;4:0;4:1,0:0;1:0;2:0;3:0;4:0;4:1,,,0:0;1:0;2:0;3:0;4:0;4:1,,"{""q_ra"": 1, ""q_scratch"": 4, ""q_thermal"": 0, ""q_uniformity"": 1}","[[52.554, 72.501, 75.912, 75.774, 75.236], [62.535, 74.643, 76.822, 76.783, 74.734], [64.395, 70.785, 76.215, 75.636, 72.879], [67.323, 70.37, 76.324, 76.783, 73.1], [69.509, 69.015, 75.896, 75.176, 71.981]]","[[52.554, 72.501, 75.912, 75.774, 75.236], [62.535, 74.643, 76.822, 76.783, 74.734], [64.395, 70.785, 76.215, 75.636, 72.879], [67.323, 70.37, 76.324, 76.783, 73.1], [69.509, 69.015, 75.896, 75.176, 71.981]]","[[52.554, 72.501, 75.912, 75.774, 75.236], [62.535, 74.643, 76.822, 76.783, 74.734], [64.395, 70.785, 76.215, 75.636, 72.879], [67.323, 70.37, 76.324, 76.783, 73.1], [69.509, 69.015, 75.896, 75.176, 71.981]]","[[78.0, 78.0, 78.0, 78.0, 78.0], [78.0, 78.0, 78.0, 78.0, 78.0], [78.0, 78.0, 78.0, 78.0, 78.0], [78.0, 78.0, 78.0, 77.992, 77.912], [78.0, 78.0, 78.0, 77.992, 77.933]]","[[78.0, 78.0, 78.0, 78.0, 78.0], [78.0, 78.0, 78.0, 78.0, 78.0], [78.0, 78.0, 78.0, 78.0, 78.0], [78.0, 78.0, 78.0, 77.992, 77.912], [78.0, 78.0, 78.0, 77.992, 77.933]]","[[78.0, 78.0, 78.0, 78.0, 78.0], [78.0, 78.0, 78.0, 78.0, 78.0], [78.0, 78.0, 78.0, 78.0, 78.0], [78.0, 78.0, 78.0, 77.992, 77.912], [78.0, 78.0, 78.0, 77.992, 77.933]]","[[0.870893, 0.830603, 0.816702, 0.827612, 0.837514], [0.840353, 0.797918, 0.798075, 0.808386, 0.827797], [0.807206, 0.790214, 0.785317, 0.786329, 0.816913], [0.790434, 0.777566, 0.768744, 0.771643, 0.794413], [0.813289, 0.795871, 0.77998, 0.803613, 0.812028]]","[[0.883509, 0.862963, 0.855208, 0.85995, 0.855323], [0.860537, 0.836226, 0.843762, 0.849189, 0.85547], [0.836581, 0.836784, 0.83824, 0.833527, 0.851478], [0.820691, 0.824083, 0.820492, 0.817059, 0.826112], [0.829044, 0.828327, 0.818027, 0.836646, 0.830332]]","[[0.865931, 0.85045, 0.850203, 0.853695, 0.855323], [0.838067, 0.836226, 0.843762, 0.847885, 0.854521], [0.831268, 0.828665, 0.826103, 0.826816, 0.843723], [0.812409, 0.804255, 0.81571, 0.816866, 0.826112], [0.810162, 0.802346, 0.809542, 0.818305, 0.825447]]","[[""q_ra"", ""q_scratch"", ""q_uniformity"", ""q_uniformity"", ""q_uniformity""], [""q_scratch"", ""q_uniformity"", ""q_uniformity"", ""q_uniformity"", ""q_uniformity""], [""q_scratch"", ""q_scratch"", ""q_uniformity"", ""q_uniformity"", ""q_uniformity""], [""q_scratch"", ""q_uniformity"", ""q_uniformity"", ""q_uniformity"", ""q_uniformity""], [""q_scratch"", ""q_uniformity"", ""q_uniformity"", ""q_uniformity"", ""q_uniformity""]]","[[41.8, 41.917, 42.753, 43.952, 44.753], [41.21, 41.236, 42.185, 43.289, 44.201], [40.339, 40.649, 41.431, 42.294, 43.319], [39.522, 39.843, 40.505, 41.336, 42.182], [39.321, 39.59, 40.163, 41.283, 41.922]]","[[43.356, 43.809, 44.912, 46.224, 47.249], [43.026, 43.437, 44.441, 45.649, 46.6], [42.359, 42.726, 43.636, 44.75, 45.642], [41.602, 41.944, 42.803, 43.874, 44.746], [41.243, 41.578, 42.423, 43.486, 44.358]]","[[43.549, 44.347, 45.615, 46.858, 47.615], [43.339, 44.082, 45.268, 46.438, 47.155], [42.809, 43.476, 44.555, 45.635, 46.304], [42.046, 42.659, 43.665, 44.69, 45.334], [41.461, 42.05, 43.029, 44.04, 44.681]]"
finish_rule,53,0,1,continue,5.7779998779296875,5.777801513671875,5.659213066101074,6.927976608276367,0.0,5.945709068328142,0.0,0,49.75203540019942,66.2426090502625,0.20011957336364458,0.15364210062772016,1.9802015958581602,1.5732252226554544,1.4834573357942409,0.924799561266503,40.0,38.6014821404695,1.3985178595305001,8.6014821404695,35.90276909539096,0.008117781874659733,0.053677013567678546,0.24712231951606156,0.6516248350953566,26.713419303433014,6.429624835095356,False,True,66.2426090502625,49.319295715681164,17,17,0,77.99313592075362,77.91154321462741,0,0,0,17,0,0:0;0:4;1:0;1:1;1:3;1:4;2:0;2:1;2:2;3:1;3:2;3:3;4:0;4:1;4:2;4:3;4:4,0:0;0:4;1:0;1:1;1:3;1:4;2:0;2:1;2:2;3:1;3:2;3:3;4:0;4:1;4:2;4:3;4:4,,,0:0;0:4;1:0;1:1;1:3;1:4;2:0;2:1;2:2;3:1;3:2;3:3;4:0;4:1;4:2;4:3;4:4,,"{""q_ra"": 4, ""q_scratch"": 13, ""q_thermal"": 0, ""q_uniformity"": 0}","[[67.917, 76.648, 76.112, 76.202, 57.224], [69.188, 63.136, 76.989, 63.503, 67.869], [68.914, 52.203, 67.471, 72.57, 70.177], [75.393, 49.319, 64.746, 68.829, 72.676], [58.203, 50.869, 52.751, 67.599, 69.56]]","[[67.917, 76.648, 76.112, 76.202, 57.224], [69.188, 63.136, 76.989, 63.503, 67.869], [68.914, 52.203, 67.471, 72.57, 70.177], [75.393, 49.319, 64.746, 68.829, 72.676], [58.203, 50.869, 52.751, 67.599, 69.56]]","[[67.917, 76.648, 76.112, 76.202, 57.224], [69.188, 63.136, 76.989, 63.503, 67.869], [68.914, 52.203, 67.471, 72.57, 70.177], [75.393, 49.319, 64.746, 68.829, 72.676], [58.203, 50.869, 52.751, 67.599, 69.56]]","[[78.0, 78.0, 78.0, 78.0, 78.0], [78.0, 78.0, 78.0, 78.0, 78.0], [78.0, 78.0, 78.0, 78.0, 78.0], [78.0, 78.0, 78.0, 77.992, 77.912], [78.0, 78.0, 78.0, 77.992, 77.933]]","[[78.0, 78.0, 78.0, 78.0, 78.0], [78.0, 78.0, 78.0, 78.0, 78.0], [78.0, 78.0, 78.0, 78.0, 78.0], [78.0, 78.0, 78.0, 77.992, 77.912], [78.0, 78.0, 78.0, 77.992, 77.933]]","[[78.0, 78.0, 78.0, 78.0, 78.0], [78.0, 78.0, 78.0, 78.0, 78.0], [78.0, 78.0, 78.0, 78.0, 78.0], [78.0, 78.0, 78.0, 77.992, 77.912], [78.0, 78.0, 78.0, 77.992, 77.933]]","[[0.912508, 0.892036, 0.86751, 0.848638, 0.877177], [0.897513, 0.864981, 0.836374, 0.813863, 0.840632], [0.888351, 0.850645, 0.814518, 0.818259, 0.815142], [0.874966, 0.850357, 0.798204, 0.786469, 0.822506], [0.888752, 0.85449, 0.810658, 0.814381, 0.856294]]","[[0.922759, 0.914952, 0.900234, 0.881106, 0.897028], [0.91539, 0.900464, 0.885639, 0.86455, 0.878599], [0.913081, 0.897859, 0.878062, 0.885446, 0.864536], [0.901084, 0.902418, 0.865733, 0.853901, 0.869706], [0.90975, 0.900142, 0.868766, 0.867623, 0.860148]]","[[0.922237, 0.914952, 0.898997, 0.881106, 0.880483], [0.914579, 0.89973, 0.883133, 0.864533, 0.869997], [0.908235, 0.896937, 0.872633, 0.860936, 0.858484], [0.897313, 0.890938, 0.865733, 0.84556, 0.839156], [0.904314, 0.89044, 0.860581, 0.85611, 0.85457]]","[[""q_scratch"", ""q_uniformity"", ""q_uniformity"", ""q_uniformity"", ""q_scratch""], [""q_scratch"", ""q_scratch"", ""q_uniformity"", ""q_scratch"", ""q_scratch""], [""q_scratch"", ""q_ra"", ""q_scratch"", ""q_scratch"", ""q_scratch""], [""q_uniformity"", ""q_ra"", ""q_scratch"", ""q_scratch"", ""q_scratch""], [""q_scratch"", ""q_ra"", ""q_ra"", ""q_scratch"", ""q_scratch""]]","[[44.47, 43.807, 42.812, 41.833, 41.735], [44.066, 43.139, 41.99, 40.9, 40.732], [43.609, 42.484, 41.069, 40.19, 39.559], [43.047, 41.997, 40.211, 39.013, 38.743], [43.006, 41.735, 39.952, 38.812, 38.601]]","[[45.682, 45.091, 44.232, 43.43, 43.082], [45.366, 44.592, 43.538, 42.607, 42.215], [44.905, 43.904, 42.606, 41.508, 41.057], [44.479, 43.294, 41.794, 40.555, 40.053], [44.296, 43.037, 41.455, 40.157, 40.0]]","[[45.858, 45.479, 44.769, 43.944, 43.378], [45.672, 45.19, 44.336, 43.393, 42.767], [45.32, 44.676, 43.589, 42.453, 41.727], [44.912, 44.108, 42.792, 41.46, 40.63], [44.634, 43.734, 42.276, 40.821, 40.045]]"
finish_rule,53,0,2,success,6.429625034332275,5.465007781982422,5.314134120941162,6.689852237701416,-0.4999999701976776,7.999825291335583,0.6908990144729614,0,66.2426090502625,70.93759145702609,0.15364210062772016,0.16338280738754377,1.5732252226554544,1.4736807348703644,0.924799561266503,0.5519255405750778,38.6014821404695,37.60949655353729,0.9919855869322092,7.609496553537291,35.90276909539096,0.008117781874659733,0.0,0.18666927938892952,,,,True,True,70.93759145702609,62.195835091249485,11,11,0,77.99313592075362,77.91154321462741,0,0,0,11,0,0:0;0:4;1:0;1:1;1:3;2:1;3:1;3:2;4:0;4:1;4:2,0:0;0:4;1:0;1:1;1:3;2:1;3:1;3:2;4:0;4:1;4:2,,,0:0;0:4;1:0;1:1;1:3;2:1;3:1;3:2;4:0;4:1;4:2,,"{""q_ra"": 0, ""q_scratch"": 6, ""q_thermal"": 0, ""q_uniformity"": 5}","[[66.714, 75.871, 75.599, 75.888, 67.405], [69.507, 68.967, 76.781, 69.588, 71.725], [71.33, 65.015, 71.706, 75.083, 73.919], [74.738, 62.196, 69.064, 72.373, 74.369], [69.498, 65.219, 67.323, 71.842, 71.721]]","[[66.714, 75.871, 75.599, 75.888, 67.405], [69.507, 68.967, 76.781, 69.588, 71.725], [71.33, 65.015, 71.706, 75.083, 73.919], [74.738, 62.196, 69.064, 72.373, 74.369], [69.498, 65.219, 67.323, 71.842, 71.721]]","[[66.714, 75.871, 75.599, 75.888, 67.405], [69.507, 68.967, 76.781, 69.588, 71.725], [71.33, 65.015, 71.706, 75.083, 73.919], [74.738, 62.196, 69.064, 72.373, 74.369], [69.498, 65.219, 67.323, 71.842, 71.721]]","[[78.0, 78.0, 78.0, 78.0, 78.0], [78.0, 78.0, 78.0, 78.0, 78.0], [78.0, 78.0, 78.0, 78.0, 78.0], [78.0, 78.0, 78.0, 77.992, 77.912], [78.0, 78.0, 78.0, 77.992, 77.933]]","[[78.0, 78.0, 78.0, 78.0, 78.0], [78.0, 78.0, 78.0, 78.0, 78.0], [78.0, 78.0, 78.0, 78.0, 78.0], [78.0, 78.0, 78.0, 77.992, 77.912], [78.0, 78.0, 78.0, 77.992, 77.933]]","[[78.0, 78.0, 78.0, 78.0, 78.0], [78.0, 78.0, 78.0, 78.0, 78.0], [78.0, 78.0, 78.0, 78.0, 78.0], [78.0, 78.0, 78.0, 77.992, 77.912], [78.0, 78.0, 78.0, 77.992, 77.933]]","[[0.858748, 0.832788, 0.803283, 0.777959, 0.80468], [0.840006, 0.802248, 0.768099, 0.73871, 0.761179], [0.830277, 0.787791, 0.740416, 0.743682, 0.727606], [0.812881, 0.786272, 0.719714, 0.699603, 0.726857], [0.825151, 0.786811, 0.724644, 0.722827, 0.75754]]","[[0.868395, 0.854183, 0.833585, 0.807724, 0.82289], [0.856738, 0.835156, 0.813342, 0.784717, 0.795558], [0.85339, 0.831517, 0.798178, 0.804746, 0.771696], [0.837146, 0.834409, 0.780603, 0.759588, 0.768568], [0.844646, 0.828847, 0.776586, 0.770083, 0.76095]]","[[0.868091, 0.854183, 0.832219, 0.807724, 0.806601], [0.856382, 0.834569, 0.811415, 0.784717, 0.788395], [0.847168, 0.831018, 0.793243, 0.77939, 0.766649], [0.832641, 0.822592, 0.780603, 0.751331, 0.740837], [0.841873, 0.822102, 0.769749, 0.75901, 0.759101]]","[[""q_scratch"", ""q_uniformity"", ""q_uniformity"", ""q_uniformity"", ""q_uniformity""], [""q_scratch"", ""q_scratch"", ""q_uniformity"", ""q_uniformity"", ""q_uniformity""], [""q_scratch"", ""q_scratch"", ""q_uniformity"", ""q_uniformity"", ""q_uniformity""], [""q_uniformity"", ""q_scratch"", ""q_scratch"", ""q_uniformity"", ""q_uniformity""], [""q_uniformity"", ""q_uniformity"", ""q_uniformity"", ""q_uniformity"", ""q_uniformity""]]","[[43.618, 42.89, 41.863, 40.848, 40.765], [43.164, 42.186, 41.011, 39.893, 39.718], [42.72, 41.561, 40.062, 39.261, 38.533], [42.121, 41.093, 39.207, 38.017, 37.726], [42.075, 40.806, 38.896, 37.822, 37.609]]","[[45.682, 45.091, 44.232, 43.43, 43.082], [45.366, 44.592, 43.538, 42.607, 42.215], [44.905, 43.904, 42.606, 41.508, 41.057], [44.479, 43.294, 41.794, 40.555, 40.053], [44.296, 43.037, 41.455, 40.157, 40.0]]","[[45.858, 45.479, 44.769, 43.944, 43.378], [45.672, 45.19, 44.336, 43.393, 42.767], [45.32, 44.676, 43.589, 42.453, 41.727], [44.912, 44.108, 42.792, 41.46, 40.63], [44.634, 43.734, 42.276, 40.821, 40.045]]"
finish_rule,54,0,1,continue,5.7779998779296875,5.777801513671875,5.6592116355896,6.928313255310059,0.0,5.945709068328142,0.0,0,47.528596819214535,62.78019770279685,0.2719889305073877,0.21078398362207273,1.9790621847597307,1.68682350029447,1.649843612748378,0.9602174242683506,44.45819618310361,43.286681003349436,1.1715151797541736,13.286681003349436,35.90276083229829,0.008117982434806588,0.1031400328171879,0.20701031436724499,1.4947086061742771,54.5223122714861,7.272708606174277,False,True,62.78019770279685,50.5261054693506,18,18,0,77.99313580204813,77.91154265507924,0,0,0,18,0,0:1;0:2;0:3;1:1;1:2;1:3;1:4;2:0;2:1;2:2;2:3;2:4;3:0;3:1;3:2;3:3;4:1;4:3,0:1;0:2;0:3;1:1;1:2;1:3;1:4;2:0;2:1;2:2;2:3;2:4;3:0;3:1;3:2;3:3;4:1;4:3,,,0:1;0:2;0:3;1:1;1:2;1:3;1:4;2:0;2:1;2:2;2:3;2:4;3:0;3:1;3:2;3:3;4:1;4:3,,"{""q_ra"": 9, ""q_scratch"": 9, ""q_thermal"": 0, ""q_uniformity"": 0}","[[75.295, 55.06, 59.204, 55.188, 73.671], [75.522, 50.526, 51.84, 63.862, 58.354], [62.246, 53.137, 50.558, 57.225, 66.094], [55.776, 53.284, 56.816, 69.271, 76.273], [75.794, 53.784, 76.372, 68.89, 75.463]]","[[75.295, 55.06, 59.204, 55.188, 73.671], [75.522, 50.526, 51.84, 63.862, 58.354], [62.246, 53.137, 50.558, 57.225, 66.094], [55.776, 53.284, 56.816, 69.271, 76.273], [75.794, 53.784, 76.372, 68.89, 75.463]]","[[75.295, 55.06, 59.204, 55.188, 73.671], [75.522, 50.526, 51.84, 63.862, 58.354], [62.246, 53.137, 50.558, 57.225, 66.094], [55.776, 53.284, 56.816, 69.271, 76.273], [75.794, 53.784, 76.372, 68.89, 75.463]]","[[78.0, 78.0, 78.0, 78.0, 78.0], [78.0, 78.0, 78.0, 78.0, 78.0], [78.0, 78.0, 78.0, 78.0, 78.0], [78.0, 78.0, 78.0, 77.992, 77.912], [78.0, 78.0, 78.0, 77.992, 77.933]]","[[78.0, 78.0, 78.0, 78.0, 78.0], [78.0, 78.0, 78.0, 78.0, 78.0], [78.0, 78.0, 78.0, 78.0, 78.0], [78.0, 78.0, 78.0, 77.992, 77.912], [78.0, 78.0, 78.0, 77.992, 77.933]]","[[78.0, 78.0, 78.0, 78.0, 78.0], [78.0, 78.0, 78.0, 78.0, 78.0], [78.0, 78.0, 78.0, 78.0, 78.0], [78.0, 78.0, 78.0, 77.992, 77.912], [78.0, 78.0, 78.0, 77.992, 77.933]]","[[0.927901, 0.90227, 0.875247, 0.880245, 0.903517], [0.901419, 0.87953, 0.867258, 0.862887, 0.88065], [0.905189, 0.877396, 0.870695, 0.856464, 0.882626], [0.921997, 0.890085, 0.872855, 0.873117, 0.896097], [0.925783, 0.912103, 0.884841, 0.890706, 0.909042]]","[[0.944705, 0.932191, 0.910938, 0.911646, 0.918972], [0.930432, 0.92127, 0.915478, 0.907117, 0.910058], [0.934026, 0.919054, 0.918265, 0.89901, 0.910892], [0.92246, 0.922047, 0.912159, 0.90731, 0.915058], [0.925783, 0.928442, 0.916718, 0.917569, 0.919931]]","[[0.931861, 0.91734, 0.903592, 0.89145, 0.897891], [0.929474, 0.911623, 0.902845, 0.89332, 0.890883], [0.928154, 0.914589, 0.903771, 0.897951, 0.901245], [0.921994, 0.916971, 0.907551, 0.903946, 0.90246], [0.925783, 0.923458, 0.91454, 0.914834, 0.91231]]","[[""q_uniformity"", ""q_ra"", ""q_scratch"", ""q_ra"", ""q_scratch""], [""q_uniformity"", ""q_ra"", ""q_ra"", ""q_scratch"", ""q_scratch""], [""q_scratch"", ""q_ra"", ""q_ra"", ""q_ra"", ""q_scratch""], [""q_scratch"", ""q_ra"", ""q_scratch"", ""q_scratch"", ""q_uniformity""], [""q_uniformity"", ""q_ra"", ""q_uniformity"", ""q_scratch"", ""q_uniformity""]]","[[46.818, 45.782, 44.398, 43.54, 43.287], [46.937, 45.964, 44.833, 43.832, 43.518], [47.835, 46.734, 45.672, 44.474, 44.301], [48.44, 47.583, 46.315, 45.319, 45.069], [48.516, 48.191, 46.828, 45.881, 45.521]]","[[47.803, 46.93, 45.806, 44.852, 44.458], [48.203, 47.329, 46.203, 45.248, 44.854], [49.095, 48.208, 47.067, 46.1, 45.7], [49.99, 49.07, 47.887, 46.883, 46.468], [50.0, 49.593, 48.357, 47.307, 46.872]]","[[48.125, 47.492, 46.45, 45.382, 44.706], [48.789, 48.151, 47.104, 46.03, 45.35], [49.703, 49.072, 47.999, 46.9, 46.203], [50.0, 49.754, 48.692, 47.545, 46.817], [50.0, 49.944, 49.018, 47.829, 47.074]]"
finish_rule,54,0,2,fail_finish_not_eligible,7.272708415985107,6.181676864624023,6.010868072509766,7.407692909240723,-0.4999999701976776,7.999825291335583,0.6908990144729614,0,62.78019770279685,70.28629555899867,0.21078398362207273,0.21042347024827307,1.68682350029447,1.487934353912522,0.9602174242683506,0.4800287979123534,43.286681003349436,42.18349711574217,1.1031838876072655,12.18349711574217,35.90276083229829,0.008117982434806588,0.052117351241365295,0.18353154224971108,,,,False,True,70.28629555899867,64.72279032577487,15,15,0,77.99313580204813,77.91154265507924,0,0,0,15,0,0:1;0:2;0:3;1:1;1:2;1:3;1:4;2:0;2:1;2:2;2:3;3:0;3:1;3:2;4:1,0:1;0:2;0:3;1:1;1:2;1:3;1:4;2:0;2:1;2:2;2:3;3:0;3:1;3:2;4:1,,,0:1;0:2;0:3;1:1;1:2;1:3;1:4;2:0;2:1;2:2;2:3;3:0;3:1;3:2;4:1,,"{""q_ra"": 0, ""q_scratch"": 1, ""q_thermal"": 0, ""q_uniformity"": 14}","[[73.24, 65.662, 67.82, 68.792, 74.234], [74.166, 64.723, 66.326, 68.802, 69.217], [69.614, 68.22, 66.584, 69.064, 71.079], [67.461, 67.107, 66.963, 73.102, 75.916], [74.971, 69.077, 76.062, 74.629, 74.325]]","[[73.24, 65.662, 67.82, 68.792, 74.234], [74.166, 64.723, 66.326, 68.802, 69.217], [69.614, 68.22, 66.584, 69.064, 71.079], [67.461, 67.107, 66.963, 73.102, 75.916], [74.971, 69.077, 76.062, 74.629, 74.325]]","[[73.24, 65.662, 67.82, 68.792, 74.234], [74.166, 64.723, 66.326, 68.802, 69.217], [69.614, 68.22, 66.584, 69.064, 71.079], [67.461, 67.107, 66.963, 73.102, 75.916], [74.971, 69.077, 76.062, 74.629, 74.325]]","[[78.0, 78.0, 78.0, 78.0, 78.0], [78.0, 78.0, 78.0, 78.0, 78.0], [78.0, 78.0, 78.0, 78.0, 78.0], [78.0, 78.0, 78.0, 77.992, 77.912], [78.0, 78.0, 78.0, 77.992, 77.933]]","[[78.0, 78.0, 78.0, 78.0, 78.0], [78.0, 78.0, 78.0, 78.0, 78.0], [78.0, 78.0, 78.0, 78.0, 78.0], [78.0, 78.0, 78.0, 77.992, 77.912], [78.0, 78.0, 78.0, 77.992, 77.933]]","[[78.0, 78.0, 78.0, 78.0, 78.0], [78.0, 78.0, 78.0, 78.0, 78.0], [78.0, 78.0, 78.0, 78.0, 78.0], [78.0, 78.0, 78.0, 77.992, 77.912], [78.0, 78.0, 78.0, 77.992, 77.933]]","[[0.878371, 0.844177, 0.805624, 0.807065, 0.828499], [0.849464, 0.822146, 0.80374, 0.792452, 0.805937], [0.854399, 0.819924, 0.807601, 0.78785, 0.812396], [0.867114, 0.836046, 0.810651, 0.807637, 0.82766], [0.871705, 0.859254, 0.824424, 0.827591, 0.843676]]","[[0.894278, 0.872171, 0.838476, 0.835856, 0.842671], [0.876805, 0.861162, 0.848428, 0.833071, 0.832851], [0.881617, 0.858853, 0.851725, 0.826988, 0.838413], [0.86755, 0.866067, 0.847154, 0.839264, 0.845173], [0.871705, 0.874646, 0.854124, 0.852551, 0.853782]]","[[0.878814, 0.85608, 0.832738, 0.812892, 0.821953], [0.876102, 0.850187, 0.835284, 0.818428, 0.813982], [0.87518, 0.85468, 0.836561, 0.825822, 0.829641], [0.867111, 0.860231, 0.842962, 0.835215, 0.832628], [0.871705, 0.868736, 0.852249, 0.849191, 0.845289]]","[[""q_uniformity"", ""q_uniformity"", ""q_uniformity"", ""q_uniformity"", ""q_uniformity""], [""q_uniformity"", ""q_uniformity"", ""q_uniformity"", ""q_uniformity"", ""q_uniformity""], [""q_scratch"", ""q_uniformity"", ""q_uniformity"", ""q_uniformity"", ""q_uniformity""], [""q_uniformity"", ""q_uniformity"", ""q_uniformity"", ""q_uniformity"", ""q_uniformity""], [""q_uniformity"", ""q_uniformity"", ""q_uniformity"", ""q_scratch"", ""q_uniformity""]]","[[45.92, 44.766, 43.253, 42.414, 42.183], [45.96, 44.923, 43.747, 42.703, 42.371], [46.834, 45.638, 44.536, 43.315, 43.163], [47.342, 46.516, 45.153, 44.17, 43.918], [47.434, 47.137, 45.679, 44.755, 44.405]]","[[47.803, 46.93, 45.806, 44.852, 44.458], [48.203, 47.329, 46.203, 45.248, 44.854], [49.095, 48.208, 47.067, 46.1, 45.7], [49.99, 49.07, 47.887, 46.883, 46.468], [50.0, 49.593, 48.357, 47.307, 46.872]]","[[48.125, 47.492, 46.45, 45.382, 44.706], [48.789, 48.151, 47.104, 46.03, 45.35], [49.703, 49.072, 47.999, 46.9, 46.203], [50.0, 49.754, 48.692, 47.545, 46.817], [50.0, 49.944, 49.018, 47.829, 47.074]]"
finish_rule,55,0,1,continue,5.7779998779296875,5.777801513671875,5.65920352935791,6.928566932678223,0.0,5.945709068328142,0.0,0,46.473263363445604,63.81505140831808,0.2112935404146811,0.1749325225735879,2.1552434676585825,1.8672871541159526,1.7061251080136615,1.1367036127057946,40.23414414435606,39.094458766662626,1.1396853776934321,9.094458766662626,35.90276435510831,0.008117459624402761,0.0883564084525989,0.20138617948288215,1.3162235166208494,35.22813126938364,7.094223516620849,False,True,63.81505140831808,50.31509971905311,18,18,0,77.9931364678755,77.91155139925378,0,0,0,18,0,0:1;0:2;0:3;1:0;1:1;1:2;1:3;1:4;2:1;2:2;2:3;2:4;3:0;3:1;3:4;4:2;4:3;4:4,0:1;0:2;0:3;1:0;1:1;1:2;1:3;1:4;2:1;2:2;2:3;2:4;3:0;3:1;3:4;4:2;4:3;4:4,,,0:1;0:2;0:3;1:0;1:1;1:2;1:3;1:4;2:1;2:2;2:3;2:4;3:0;3:1;3:4;4:2;4:3;4:4,,"{""q_ra"": 5, ""q_scratch"": 13, ""q_thermal"": 0, ""q_uniformity"": 0}","[[74.033, 67.66, 67.53, 65.216, 75.392], [69.636, 64.124, 51.18, 57.129, 66.031], [76.119, 52.771, 50.498, 53.233, 54.936], [50.315, 58.122, 76.42, 74.508, 54.188], [75.646, 76.402, 66.36, 51.651, 66.276]]","[[74.033, 67.66, 67.53, 65.216, 75.392], [69.636, 64.124, 51.18, 57.129, 66.031], [76.119, 52.771, 50.498, 53.233, 54.936], [50.315, 58.122, 76.42, 74.508, 54.188], [75.646, 76.402, 66.36, 51.651, 66.276]]","[[74.033, 67.66, 67.53, 65.216, 75.392], [69.636, 64.124, 51.18, 57.129, 66.031], [76.119, 52.771, 50.498, 53.233, 54.936], [50.315, 58.122, 76.42, 74.508, 54.188], [75.646, 76.402, 66.36, 51.651, 66.276]]","[[78.0, 78.0, 78.0, 78.0, 78.0], [78.0, 78.0, 78.0, 78.0, 78.0], [78.0, 78.0, 78.0, 78.0, 78.0], [78.0, 78.0, 78.0, 77.992, 77.912], [78.0, 78.0, 78.0, 77.992, 77.933]]","[[78.0, 78.0, 78.0, 78.0, 78.0], [78.0, 78.0, 78.0, 78.0, 78.0], [78.0, 78.0, 78.0, 78.0, 78.0], [78.0, 78.0, 78.0, 77.992, 77.912], [78.0, 78.0, 78.0, 77.992, 77.933]]","[[78.0, 78.0, 78.0, 78.0, 78.0], [78.0, 78.0, 78.0, 78.0, 78.0], [78.0, 78.0, 78.0, 78.0, 78.0], [78.0, 78.0, 78.0, 77.992, 77.912], [78.0, 78.0, 78.0, 77.992, 77.933]]","[[0.90384, 0.861665, 0.845023, 0.848091, 0.871131], [0.864828, 0.834922, 0.830613, 0.81084, 0.822125], [0.853384, 0.836561, 0.82376, 0.820507, 0.84168], [0.872102, 0.850899, 0.827809, 0.840699, 0.85604], [0.885425, 0.873086, 0.853868, 0.867131, 0.883397]]","[[0.924942, 0.897032, 0.881968, 0.876397, 0.888639], [0.902658, 0.886698, 0.886424, 0.859446, 0.862367], [0.900154, 0.893971, 0.881173, 0.869504, 0.881746], [0.915989, 0.90327, 0.877111, 0.879653, 0.88247], [0.912057, 0.910709, 0.891061, 0.894657, 0.89649]]","[[0.903516, 0.889969, 0.87448, 0.851743, 0.857854], [0.899856, 0.877818, 0.874979, 0.85067, 0.855388], [0.900154, 0.893971, 0.87207, 0.862308, 0.865348], [0.908723, 0.899556, 0.876666, 0.874903, 0.875448], [0.911893, 0.905398, 0.891061, 0.884374, 0.888223]]","[[""q_uniformity"", ""q_scratch"", ""q_scratch"", ""q_scratch"", ""q_uniformity""], [""q_scratch"", ""q_scratch"", ""q_ra"", ""q_scratch"", ""q_scratch""], [""q_uniformity"", ""q_scratch"", ""q_ra"", ""q_scratch"", ""q_scratch""], [""q_ra"", ""q_scratch"", ""q_uniformity"", ""q_scratch"", ""q_ra""], [""q_uniformity"", ""q_uniformity"", ""q_scratch"", ""q_ra"", ""q_scratch""]]","[[41.474, 40.461, 39.602, 39.109, 39.094], [41.518, 40.698, 40.055, 39.356, 39.261], [42.347, 41.695, 40.94, 40.421, 40.444], [43.776, 42.97, 41.939, 41.521, 41.399], [44.794, 44.034, 42.905, 42.352, 42.154]]","[[42.405, 41.662, 40.887, 40.394, 40.234], [42.76, 42.065, 41.343, 40.886, 40.739], [43.716, 43.082, 42.415, 41.985, 41.845], [45.04, 44.359, 43.612, 43.097, 42.917], [46.221, 45.41, 44.482, 43.806, 43.557]]","[[42.695, 42.14, 41.363, 40.741, 40.44], [43.318, 42.814, 42.105, 41.539, 41.265], [44.468, 43.979, 43.28, 42.701, 42.409], [45.797, 45.243, 44.423, 43.704, 43.316], [46.709, 46.074, 45.113, 44.244, 43.758]]"
finish_rule,55,0,2,success,7.094223499298096,6.029990196228027,5.863371849060059,7.25618839263916,-0.4999999701976776,7.999825291335583,0.6908990144729614,0,63.81505140831808,70.08319593572611,0.1749325225735879,0.18639020273652693,1.8672871541159526,1.689303769784289,1.1367036127057946,0.7692423470228786,39.094458766662626,38.016186027669185,1.0782727389934408,8.016186027669185,35.90276435510831,0.008117459624402761,0.0,0.18389977077205086,,,,True,True,70.08319593572611,63.535013297884774,11,11,0,77.9931364678755,77.91155139925378,0,0,0,11,0,1:1;1:2;1:3;2:1;2:2;2:3;2:4;3:0;3:1;3:4;4:3,1:1;1:2;1:3;2:1;2:2;2:3;2:4;3:0;3:1;3:4;4:3,,,1:1;1:2;1:3;2:1;2:2;2:3;2:4;3:0;3:1;3:4;4:3,,"{""q_ra"": 0, ""q_scratch"": 6, ""q_thermal"": 0, ""q_uniformity"": 5}","[[73.525, 70.333, 72.369, 70.948, 74.134], [71.712, 68.845, 64.776, 66.854, 70.536], [75.422, 63.64, 65.026, 65.558, 66.964], [63.535, 65.589, 75.729, 77.19, 68.024], [74.905, 76.088, 71.741, 67.731, 70.906]]","[[73.525, 70.333, 72.369, 70.948, 74.134], [71.712, 68.845, 64.776, 66.854, 70.536], [75.422, 63.64, 65.026, 65.558, 66.964], [63.535, 65.589, 75.729, 77.19, 68.024], [74.905, 76.088, 71.741, 67.731, 70.906]]","[[73.525, 70.333, 72.369, 70.948, 74.134], [71.712, 68.845, 64.776, 66.854, 70.536], [75.422, 63.64, 65.026, 65.558, 66.964], [63.535, 65.589, 75.729, 77.19, 68.024], [74.905, 76.088, 71.741, 67.731, 70.906]]","[[78.0, 78.0, 78.0, 78.0, 78.0], [78.0, 78.0, 78.0, 78.0, 78.0], [78.0, 78.0, 78.0, 78.0, 78.0], [78.0, 78.0, 78.0, 77.992, 77.912], [78.0, 78.0, 78.0, 77.992, 77.933]]","[[78.0, 78.0, 78.0, 78.0, 78.0], [78.0, 78.0, 78.0, 78.0, 78.0], [78.0, 78.0, 78.0, 78.0, 78.0], [78.0, 78.0, 78.0, 77.992, 77.912], [78.0, 78.0, 78.0, 77.992, 77.933]]","[[78.0, 78.0, 78.0, 78.0, 78.0], [78.0, 78.0, 78.0, 78.0, 78.0], [78.0, 78.0, 78.0, 78.0, 78.0], [78.0, 78.0, 78.0, 77.992, 77.912], [78.0, 78.0, 78.0, 77.992, 77.933]]","[[0.831264, 0.780204, 0.752949, 0.746327, 0.768929], [0.794588, 0.756138, 0.746414, 0.715343, 0.721888], [0.784515, 0.764427, 0.743936, 0.730127, 0.750249], [0.809981, 0.784908, 0.748674, 0.759607, 0.770092], [0.823829, 0.809993, 0.78011, 0.789428, 0.80187]]","[[0.850671, 0.812228, 0.785868, 0.771236, 0.784383], [0.829344, 0.803028, 0.796568, 0.758225, 0.757224], [0.827511, 0.816887, 0.795786, 0.773726, 0.785963], [0.850742, 0.833217, 0.793262, 0.794804, 0.793868], [0.848609, 0.844897, 0.814091, 0.814487, 0.813754]]","[[0.830538, 0.805682, 0.781454, 0.749053, 0.753947], [0.826919, 0.792667, 0.785421, 0.749321, 0.75156], [0.827511, 0.816887, 0.784125, 0.767323, 0.771351], [0.843361, 0.831775, 0.792548, 0.789473, 0.787595], [0.848291, 0.83581, 0.814091, 0.8043, 0.806495]]","[[""q_uniformity"", ""q_scratch"", ""q_uniformity"", ""q_uniformity"", ""q_uniformity""], [""q_uniformity"", ""q_scratch"", ""q_scratch"", ""q_uniformity"", ""q_uniformity""], [""q_uniformity"", ""q_scratch"", ""q_uniformity"", ""q_scratch"", ""q_uniformity""], [""q_scratch"", ""q_scratch"", ""q_uniformity"", ""q_uniformity"", ""q_uniformity""], [""q_uniformity"", ""q_uniformity"", ""q_uniformity"", ""q_uniformity"", ""q_uniformity""]]","[[40.553, 39.472, 38.556, 38.016, 38.027], [40.582, 39.689, 39.036, 38.254, 38.132], [41.35, 40.686, 39.88, 39.273, 39.31], [42.795, 41.964, 40.798, 40.41, 40.255], [43.765, 43.02, 41.79, 41.245, 41.032]]","[[42.405, 41.662, 40.887, 40.394, 40.234], [42.76, 42.065, 41.343, 40.886, 40.739], [43.716, 43.082, 42.415, 41.985, 41.845], [45.04, 44.359, 43.612, 43.097, 42.917], [46.221, 45.41, 44.482, 43.806, 43.557]]","[[42.695, 42.14, 41.363, 40.741, 40.44], [43.318, 42.814, 42.105, 41.539, 41.265], [44.468, 43.979, 43.28, 42.701, 42.409], [45.797, 45.243, 44.423, 43.704, 43.316], [46.709, 46.074, 45.113, 44.244, 43.758]]"
finish_rule,56,0,1,continue,5.7779998779296875,5.777801513671875,5.659213066101074,6.927976608276367,0.0,5.945709068328142,0.0,0,49.85974043370349,67.53402352029777,0.20056850521684305,0.1505030513070793,1.8692264852057794,1.572631799574688,1.7022661968755046,1.0466348533231722,40.0,38.31069605487477,1.689303945125232,8.310696054874768,35.90276909539096,0.008117781874659733,0.03522823542431764,0.29850509697969035,0.3540465718752651,21.14099932874558,6.132046571875264,False,True,67.53402352029777,50.433080653271865,14,14,0,77.99313592075362,77.91154321462741,0,0,0,14,0,0:1;0:2;0:3;0:4;1:1;1:2;1:3;1:4;2:0;2:1;2:2;2:3;2:4;3:0,0:1;0:2;0:3;0:4;1:1;1:2;1:3;1:4;2:0;2:1;2:2;2:3;2:4;3:0,,,0:1;0:2;0:3;0:4;1:1;1:2;1:3;1:4;2:0;2:1;2:2;2:3;2:4;3:0,,"{""q_ra"": 2, ""q_scratch"": 12, ""q_thermal"": 0, ""q_uniformity"": 0}","[[75.405, 67.978, 50.433, 59.03, 54.682], [72.428, 60.324, 57.704, 56.335, 69.301], [67.327, 69.538, 65.787, 61.306, 65.891], [63.775, 71.782, 76.547, 73.464, 70.251], [76.257, 75.04, 75.465, 76.735, 75.566]]","[[75.405, 67.978, 50.433, 59.03, 54.682], [72.428, 60.324, 57.704, 56.335, 69.301], [67.327, 69.538, 65.787, 61.306, 65.891], [63.775, 71.782, 76.547, 73.464, 70.251], [76.257, 75.04, 75.465, 76.735, 75.566]]","[[75.405, 67.978, 50.433, 59.03, 54.682], [72.428, 60.324, 57.704, 56.335, 69.301], [67.327, 69.538, 65.787, 61.306, 65.891], [63.775, 71.782, 76.547, 73.464, 70.251], [76.257, 75.04, 75.465, 76.735, 75.566]]","[[78.0, 78.0, 78.0, 78.0, 78.0], [78.0, 78.0, 78.0, 78.0, 78.0], [78.0, 78.0, 78.0, 78.0, 78.0], [78.0, 78.0, 78.0, 77.992, 77.912], [78.0, 78.0, 78.0, 77.992, 77.933]]","[[78.0, 78.0, 78.0, 78.0, 78.0], [78.0, 78.0, 78.0, 78.0, 78.0], [78.0, 78.0, 78.0, 78.0, 78.0], [78.0, 78.0, 78.0, 77.992, 77.912], [78.0, 78.0, 78.0, 77.992, 77.933]]","[[78.0, 78.0, 78.0, 78.0, 78.0], [78.0, 78.0, 78.0, 78.0, 78.0], [78.0, 78.0, 78.0, 78.0, 78.0], [78.0, 78.0, 78.0, 77.992, 77.912], [78.0, 78.0, 78.0, 77.992, 77.933]]","[[0.879199, 0.839748, 0.825055, 0.847705, 0.867651], [0.865233, 0.826894, 0.781133, 0.802242, 0.847109], [0.865201, 0.845132, 0.809888, 0.787991, 0.84645], [0.861275, 0.844617, 0.828309, 0.790157, 0.848352], [0.86205, 0.848844, 0.816887, 0.79155, 0.838371]]","[[0.909739, 0.885389, 0.872457, 0.884341, 0.885557], [0.866972, 0.850275, 0.849977, 0.855016, 0.872004], [0.865201, 0.845186, 0.844958, 0.845519, 0.869493], [0.861275, 0.844617, 0.843916, 0.847914, 0.882373], [0.86205, 0.848844, 0.83107, 0.856966, 0.874958]]","[[0.888804, 0.871288, 0.869036, 0.869625, 0.879369], [0.866972, 0.849346, 0.849977, 0.849705, 0.872004], [0.865201, 0.845186, 0.839767, 0.843679, 0.866573], [0.861275, 0.844617, 0.843916, 0.846498, 0.867768], [0.86205, 0.848844, 0.83107, 0.856966, 0.874958]]","[[""q_uniformity"", ""q_scratch"", ""q_ra"", ""q_scratch"", ""q_ra""], [""q_scratch"", ""q_scratch"", ""q_scratch"", ""q_scratch"", ""q_scratch""], [""q_scratch"", ""q_scratch"", ""q_scratch"", ""q_scratch"", ""q_scratch""], [""q_scratch"", ""q_scratch"", ""q_uniformity"", ""q_scratch"", ""q_scratch""], [""q_uniformity"", ""q_uniformity"", ""q_uniformity"", ""q_uniformity"", ""q_uniformity""]]","[[39.201, 39.216, 39.729, 40.68, 41.359], [38.67, 38.503, 38.712, 39.768, 40.885], [38.652, 38.452, 38.45, 39.26, 40.759], [38.613, 38.446, 38.439, 39.211, 40.935], [38.62, 38.488, 38.311, 39.318, 41.04]]","[[40.114, 40.409, 41.151, 42.077, 42.827], [40.0, 40.0, 40.25, 41.425, 42.483], [40.0, 40.0, 40.0, 40.952, 42.373], [40.0, 40.0, 40.0, 40.863, 42.393], [40.0, 40.0, 40.0, 40.874, 42.617]]","[[40.466, 40.975, 41.792, 42.599, 43.092], [40.02, 40.283, 41.153, 42.176, 42.85], [40.0, 40.001, 40.433, 41.751, 42.71], [40.0, 40.0, 40.188, 41.657, 42.89], [40.0, 40.0, 40.174, 41.772, 43.168]]"
finish_rule,56,0,2,success,6.132046699523926,5.2122087478637695,5.068207740783691,6.437894821166992,-0.4999999701976776,7.999825291335583,0.6908990144729614,0,67.53402352029777,71.64523639544745,0.1505030513070793,0.15423003115647563,1.572631799574688,1.4270723012402473,1.0466348533231722,0.6609782090991518,38.31069605487477,37.35620171304575,0.9544943418290188,7.356201713045749,35.90276909539096,0.008117781874659733,0.0,0.1883297588905514,,,,True,True,71.64523639544745,60.64831532202248,7,7,0,77.99313592075362,77.91154321462741,0,0,0,7,0,0:2;0:3;0:4;1:1;1:2;1:3;2:3,0:2;0:3;0:4;1:1;1:2;1:3;2:3,,,0:2;0:3;0:4;1:1;1:2;1:3;2:3,,"{""q_ra"": 0, ""q_scratch"": 2, ""q_thermal"": 0, ""q_uniformity"": 5}","[[73.705, 71.784, 60.648, 66.837, 66.117], [74.991, 67.986, 66.723, 65.718, 72.018], [72.439, 73.876, 70.194, 68.822, 71.038], [70.812, 74.511, 76.232, 75.658, 73.643], [75.85, 74.85, 75.316, 76.524, 74.841]]","[[73.705, 71.784, 60.648, 66.837, 66.117], [74.991, 67.986, 66.723, 65.718, 72.018], [72.439, 73.876, 70.194, 68.822, 71.038], [70.812, 74.511, 76.232, 75.658, 73.643], [75.85, 74.85, 75.316, 76.524, 74.841]]","[[73.705, 71.784, 60.648, 66.837, 66.117], [74.991, 67.986, 66.723, 65.718, 72.018], [72.439, 73.876, 70.194, 68.822, 71.038], [70.812, 74.511, 76.232, 75.658, 73.643], [75.85, 74.85, 75.316, 76.524, 74.841]]","[[78.0, 78.0, 78.0, 78.0, 78.0], [78.0, 78.0, 78.0, 78.0, 78.0], [78.0, 78.0, 78.0, 78.0, 78.0], [78.0, 78.0, 78.0, 77.992, 77.912], [78.0, 78.0, 78.0, 77.992, 77.933]]","[[78.0, 78.0, 78.0, 78.0, 78.0], [78.0, 78.0, 78.0, 78.0, 78.0], [78.0, 78.0, 78.0, 78.0, 78.0], [78.0, 78.0, 78.0, 77.992, 77.912], [78.0, 78.0, 78.0, 77.992, 77.933]]","[[78.0, 78.0, 78.0, 78.0, 78.0], [78.0, 78.0, 78.0, 78.0, 78.0], [78.0, 78.0, 78.0, 78.0, 78.0], [78.0, 78.0, 78.0, 77.992, 77.912], [78.0, 78.0, 78.0, 77.992, 77.933]]","[[0.804783, 0.766434, 0.749432, 0.775802, 0.7936], [0.779469, 0.740071, 0.700002, 0.725547, 0.775344], [0.778459, 0.754643, 0.721725, 0.706984, 0.772373], [0.772503, 0.754851, 0.738785, 0.710284, 0.7747], [0.773156, 0.759007, 0.723066, 0.712707, 0.76667]]","[[0.832738, 0.808091, 0.79249, 0.80933, 0.809978], [0.781035, 0.760997, 0.761695, 0.773275, 0.798129], [0.778459, 0.754691, 0.752977, 0.758598, 0.7934], [0.772503, 0.754851, 0.752705, 0.762203, 0.805767], [0.773156, 0.759007, 0.73562, 0.771607, 0.800129]]","[[0.812603, 0.790822, 0.790275, 0.793128, 0.803799], [0.781035, 0.760258, 0.761695, 0.76772, 0.798129], [0.778459, 0.754691, 0.75035, 0.756846, 0.790708], [0.772503, 0.754851, 0.752705, 0.761167, 0.792164], [0.773156, 0.759007, 0.73562, 0.771607, 0.800129]]","[[""q_uniformity"", ""q_scratch"", ""q_scratch"", ""q_scratch"", ""q_uniformity""], [""q_uniformity"", ""q_uniformity"", ""q_uniformity"", ""q_uniformity"", ""q_uniformity""], [""q_uniformity"", ""q_uniformity"", ""q_uniformity"", ""q_uniformity"", ""q_uniformity""], [""q_uniformity"", ""q_uniformity"", ""q_uniformity"", ""q_uniformity"", ""q_uniformity""], [""q_uniformity"", ""q_uniformity"", ""q_uniformity"", ""q_uniformity"", ""q_uniformity""]]","[[38.423, 38.411, 38.837, 39.774, 40.389], [37.81, 37.61, 37.807, 38.834, 39.963], [37.785, 37.547, 37.53, 38.308, 39.817], [37.725, 37.549, 37.527, 38.28, 39.986], [37.732, 37.59, 37.356, 38.39, 40.095]]","[[40.114, 40.409, 41.151, 42.077, 42.827], [40.0, 40.0, 40.25, 41.425, 42.483], [40.0, 40.0, 40.0, 40.952, 42.373], [40.0, 40.0, 40.0, 40.863, 42.393], [40.0, 40.0, 40.0, 40.874, 42.617]]","[[40.466, 40.975, 41.792, 42.599, 43.092], [40.02, 40.283, 41.153, 42.176, 42.85], [40.0, 40.001, 40.433, 41.751, 42.71], [40.0, 40.0, 40.188, 41.657, 42.89], [40.0, 40.0, 40.174, 41.772, 43.168]]"
finish_rule,57,0,1,continue,5.7779998779296875,5.777801513671875,5.659205436706543,6.928618431091309,0.0,5.945709068328142,0.0,0,45.81660465563368,64.69841834447453,0.21974299729550914,0.16906181373318535,2.16659705891045,1.803235909036684,1.7447162724770466,1.189654575406887,45.05264932643602,43.93476176491729,1.117887561518728,13.93476176491729,35.90280574251339,0.008118387826848329,0.07573688079322097,0.19753436662113807,1.150233482234727,60.41866015045179,6.9282334822347265,False,True,64.69841834447453,45.63480370145997,15,15,0,77.99313520296873,77.9115355686524,0,0,0,15,0,0:1;0:2;0:3;0:4;1:1;1:2;1:3;2:0;2:1;2:2;3:0;3:1;3:2;4:1;4:2,0:1;0:2;0:3;0:4;1:1;1:2;1:3;2:0;2:1;2:2;3:0;3:1;3:2;4:1;4:2,,,0:1;0:2;0:3;0:4;1:1;1:2;1:3;2:0;2:1;2:2;3:0;3:1;3:2;4:1;4:2,,"{""q_ra"": 6, ""q_scratch"": 9, ""q_thermal"": 0, ""q_uniformity"": 0}","[[75.633, 69.048, 68.653, 69.472, 56.495], [75.501, 66.354, 61.91, 56.681, 70.191], [45.635, 63.877, 63.962, 70.241, 71.58], [50.016, 50.743, 69.534, 71.271, 72.636], [75.814, 46.73, 49.082, 71.03, 75.371]]","[[75.633, 69.048, 68.653, 69.472, 56.495], [75.501, 66.354, 61.91, 56.681, 70.191], [45.635, 63.877, 63.962, 70.241, 71.58], [50.016, 50.743, 69.534, 71.271, 72.636], [75.814, 46.73, 49.082, 71.03, 75.371]]","[[75.633, 69.048, 68.653, 69.472, 56.495], [75.501, 66.354, 61.91, 56.681, 70.191], [45.635, 63.877, 63.962, 70.241, 71.58], [50.016, 50.743, 69.534, 71.271, 72.636], [75.814, 46.73, 49.082, 71.03, 75.371]]","[[78.0, 78.0, 78.0, 78.0, 78.0], [78.0, 78.0, 78.0, 78.0, 78.0], [78.0, 78.0, 78.0, 78.0, 78.0], [78.0, 78.0, 78.0, 77.992, 77.912], [78.0, 78.0, 78.0, 77.992, 77.933]]","[[78.0, 78.0, 78.0, 78.0, 78.0], [78.0, 78.0, 78.0, 78.0, 78.0], [78.0, 78.0, 78.0, 78.0, 78.0], [78.0, 78.0, 78.0, 77.992, 77.912], [78.0, 78.0, 78.0, 77.992, 77.933]]","[[78.0, 78.0, 78.0, 78.0, 78.0], [78.0, 78.0, 78.0, 78.0, 78.0], [78.0, 78.0, 78.0, 78.0, 78.0], [78.0, 78.0, 78.0, 77.992, 77.912], [78.0, 78.0, 78.0, 77.992, 77.933]]","[[0.933598, 0.901904, 0.888545, 0.893636, 0.927709], [0.911858, 0.882088, 0.879036, 0.879499, 0.910644], [0.911112, 0.876269, 0.874788, 0.883704, 0.903268], [0.906343, 0.873753, 0.871406, 0.885859, 0.907286], [0.912853, 0.872521, 0.870777, 0.89861, 0.907206]]","[[0.946242, 0.930516, 0.925967, 0.92308, 0.927709], [0.930635, 0.915788, 0.919616, 0.915846, 0.918103], [0.930989, 0.910876, 0.912333, 0.914105, 0.919158], [0.923298, 0.907724, 0.90602, 0.912608, 0.919323], [0.925735, 0.906083, 0.907866, 0.927881, 0.920629]]","[[0.932727, 0.921693, 0.918639, 0.915149, 0.927709], [0.915752, 0.91394, 0.914322, 0.9142, 0.918103], [0.912546, 0.905389, 0.910629, 0.909664, 0.916137], [0.906598, 0.901657, 0.906003, 0.911249, 0.917449], [0.905499, 0.902878, 0.907866, 0.917907, 0.918777]]","[[""q_uniformity"", ""q_scratch"", ""q_scratch"", ""q_scratch"", ""q_ra""], [""q_uniformity"", ""q_scratch"", ""q_scratch"", ""q_scratch"", ""q_scratch""], [""q_ra"", ""q_scratch"", ""q_scratch"", ""q_scratch"", ""q_scratch""], [""q_ra"", ""q_ra"", ""q_scratch"", ""q_scratch"", ""q_scratch""], [""q_uniformity"", ""q_ra"", ""q_ra"", ""q_scratch"", ""q_uniformity""]]","[[45.46, 45.561, 46.44, 47.68, 48.554], [44.812, 44.946, 45.968, 47.134, 48.209], [44.393, 44.508, 45.577, 46.86, 47.935], [43.993, 44.257, 45.413, 46.822, 47.925], [43.935, 44.177, 45.448, 47.166, 48.03]]","[[46.339, 46.723, 47.754, 49.154, 50.0], [45.916, 46.321, 47.364, 48.708, 49.833], [45.46, 45.928, 47.074, 48.444, 49.512], [45.155, 45.707, 47.012, 48.432, 49.498], [45.053, 45.647, 47.015, 48.5, 49.584]]","[[46.56, 47.254, 48.502, 49.785, 50.0], [46.244, 46.944, 48.166, 49.482, 49.996], [45.797, 46.557, 47.807, 49.079, 49.855], [45.439, 46.318, 47.688, 48.989, 49.757], [45.265, 46.248, 47.74, 49.103, 49.874]]"
finish_rule,57,0,2,fail_quality_regression,6.928233623504639,5.88882303237915,5.7261962890625,7.114445686340332,-0.4999999701976776,7.999825291335583,0.6908990144729614,0,64.69841834447453,69.94948841829364,0.16906181373318535,0.17669176632999545,1.803235909036684,1.6522194734951716,1.189654575406887,0.7940596368986905,43.93476176491729,42.971840526491,0.96292123842629,12.971840526491,35.90280574251339,0.008118387826848329,0.0007215940243765675,0.1681607108484122,,,,False,True,69.94948841829364,55.901186992144304,10,10,0,77.99313520296873,77.9115355686524,0,0,0,10,0,0:4;1:2;1:3;2:0;2:1;2:2;3:0;3:1;4:1;4:2,0:4;1:2;1:3;2:0;2:1;2:2;3:0;3:1;4:1;4:2,,,0:4;1:2;1:3;2:0;2:1;2:2;3:0;3:1;4:1;4:2,,"{""q_ra"": 3, ""q_scratch"": 3, ""q_thermal"": 0, ""q_uniformity"": 4}","[[73.811, 71.054, 72.394, 74.027, 68.895], [74.196, 72.359, 68.728, 67.206, 72.931], [55.901, 69.702, 69.567, 73.806, 74.234], [59.244, 59.591, 74.067, 74.929, 74.939], [74.966, 59.386, 63.584, 74.826, 74.394]]","[[73.811, 71.054, 72.394, 74.027, 68.895], [74.196, 72.359, 68.728, 67.206, 72.931], [55.901, 69.702, 69.567, 73.806, 74.234], [59.244, 59.591, 74.067, 74.929, 74.939], [74.966, 59.386, 63.584, 74.826, 74.394]]","[[73.811, 71.054, 72.394, 74.027, 68.895], [74.196, 72.359, 68.728, 67.206, 72.931], [55.901, 69.702, 69.567, 73.806, 74.234], [59.244, 59.591, 74.067, 74.929, 74.939], [74.966, 59.386, 63.584, 74.826, 74.394]]","[[78.0, 78.0, 78.0, 78.0, 78.0], [78.0, 78.0, 78.0, 78.0, 78.0], [78.0, 78.0, 78.0, 78.0, 78.0], [78.0, 78.0, 78.0, 77.992, 77.912], [78.0, 78.0, 78.0, 77.992, 77.933]]","[[78.0, 78.0, 78.0, 78.0, 78.0], [78.0, 78.0, 78.0, 78.0, 78.0], [78.0, 78.0, 78.0, 78.0, 78.0], [78.0, 78.0, 78.0, 77.992, 77.912], [78.0, 78.0, 78.0, 77.992, 77.933]]","[[78.0, 78.0, 78.0, 78.0, 78.0], [78.0, 78.0, 78.0, 78.0, 78.0], [78.0, 78.0, 78.0, 78.0, 78.0], [78.0, 78.0, 78.0, 77.992, 77.912], [78.0, 78.0, 78.0, 77.992, 77.933]]","[[0.882916, 0.849054, 0.83515, 0.841857, 0.875967], [0.852046, 0.823678, 0.823826, 0.825437, 0.857488], [0.854039, 0.815964, 0.815747, 0.826022, 0.84909], [0.840215, 0.811684, 0.810514, 0.828084, 0.851777], [0.849773, 0.807784, 0.809829, 0.843983, 0.852121]]","[[0.894874, 0.87599, 0.870323, 0.869595, 0.875967], [0.869591, 0.855146, 0.861857, 0.85955, 0.864512], [0.87267, 0.848189, 0.850758, 0.85444, 0.864027], [0.855933, 0.843241, 0.842709, 0.853089, 0.863077], [0.861765, 0.838856, 0.844322, 0.871474, 0.864729]]","[[0.879295, 0.864765, 0.862202, 0.860129, 0.875967], [0.855004, 0.854124, 0.855828, 0.859217, 0.864512], [0.850184, 0.841778, 0.84917, 0.850288, 0.861917], [0.839898, 0.836144, 0.842693, 0.852737, 0.861198], [0.839329, 0.835679, 0.844322, 0.859976, 0.862719]]","[[""q_uniformity"", ""q_uniformity"", ""q_scratch"", ""q_uniformity"", ""q_uniformity""], [""q_uniformity"", ""q_scratch"", ""q_uniformity"", ""q_uniformity"", ""q_uniformity""], [""q_ra"", ""q_scratch"", ""q_scratch"", ""q_uniformity"", ""q_uniformity""], [""q_scratch"", ""q_ra"", ""q_uniformity"", ""q_uniformity"", ""q_uniformity""], [""q_uniformity"", ""q_ra"", ""q_uniformity"", ""q_uniformity"", ""q_uniformity""]]","[[44.621, 44.649, 45.452, 46.656, 47.519], [43.84, 43.957, 44.965, 46.081, 47.146], [43.492, 43.51, 44.526, 45.76, 46.859], [42.972, 43.245, 44.336, 45.724, 46.828], [42.972, 43.125, 44.366, 46.123, 46.935]]","[[46.339, 46.723, 47.754, 49.154, 50.0], [45.916, 46.321, 47.364, 48.708, 49.833], [45.46, 45.928, 47.074, 48.444, 49.512], [45.155, 45.707, 47.012, 48.432, 49.498], [45.053, 45.647, 47.015, 48.5, 49.584]]","[[46.56, 47.254, 48.502, 49.785, 50.0], [46.244, 46.944, 48.166, 49.482, 49.996], [45.797, 46.557, 47.807, 49.079, 49.855], [45.439, 46.318, 47.688, 48.989, 49.757], [45.265, 46.248, 47.74, 49.103, 49.874]]"
finish_rule,58,0,1,continue,5.7779998779296875,5.777801513671875,5.659202575683594,6.930245399475098,0.0,5.945709068328142,0.0,0,49.989809554748014,67.43140510159843,0.19003041316681668,0.1373474614550558,2.122859723918026,1.6718103014548031,1.7468567978585225,1.142272160869492,40.0,38.10159536011369,1.8984046398863086,8.101595360113691,35.9028278976566,0.00811765977281084,0.036694212834308154,0.33545444159277055,0.3281597285766774,18.189043290477,6.106159728576677,False,True,67.43140510159843,42.96201134977589,12,12,0,77.99313606886554,77.91154312555402,0,0,0,12,0,0:0;0:1;0:2;0:3;1:1;1:2;2:2;3:3;3:4;4:0;4:2;4:4,0:0;0:1;0:2;0:3;1:1;1:2;2:2;3:3;3:4;4:0;4:2;4:4,,,0:0;0:1;0:2;0:3;1:1;1:2;2:2;3:3;3:4;4:0;4:2;4:4,,"{""q_ra"": 3, ""q_scratch"": 9, ""q_thermal"": 0, ""q_uniformity"": 0}","[[59.452, 42.962, 57.129, 67.368, 75.384], [76.012, 62.661, 49.231, 74.905, 76.254], [73.157, 70.049, 69.781, 76.77, 73.638], [73.804, 70.6, 71.463, 68.842, 48.732], [68.839, 70.581, 68.868, 71.903, 67.399]]","[[59.452, 42.962, 57.129, 67.368, 75.384], [76.012, 62.661, 49.231, 74.905, 76.254], [73.157, 70.049, 69.781, 76.77, 73.638], [73.804, 70.6, 71.463, 68.842, 48.732], [68.839, 70.581, 68.868, 71.903, 67.399]]","[[59.452, 42.962, 57.129, 67.368, 75.384], [76.012, 62.661, 49.231, 74.905, 76.254], [73.157, 70.049, 69.781, 76.77, 73.638], [73.804, 70.6, 71.463, 68.842, 48.732], [68.839, 70.581, 68.868, 71.903, 67.399]]","[[78.0, 78.0, 78.0, 78.0, 78.0], [78.0, 78.0, 78.0, 78.0, 78.0], [78.0, 78.0, 78.0, 78.0, 78.0], [78.0, 78.0, 78.0, 77.992, 77.912], [78.0, 78.0, 78.0, 77.992, 77.933]]","[[78.0, 78.0, 78.0, 78.0, 78.0], [78.0, 78.0, 78.0, 78.0, 78.0], [78.0, 78.0, 78.0, 78.0, 78.0], [78.0, 78.0, 78.0, 77.992, 77.912], [78.0, 78.0, 78.0, 77.992, 77.933]]","[[78.0, 78.0, 78.0, 78.0, 78.0], [78.0, 78.0, 78.0, 78.0, 78.0], [78.0, 78.0, 78.0, 78.0, 78.0], [78.0, 78.0, 78.0, 77.992, 77.912], [78.0, 78.0, 78.0, 77.992, 77.933]]","[[0.880119, 0.856274, 0.85976, 0.832573, 0.812864], [0.857467, 0.845846, 0.841165, 0.836502, 0.839435], [0.857092, 0.847982, 0.832338, 0.823047, 0.841244], [0.862216, 0.842544, 0.833403, 0.81016, 0.830271], [0.870522, 0.851546, 0.843928, 0.842936, 0.844731]]","[[0.880119, 0.856274, 0.85976, 0.856016, 0.851924], [0.857467, 0.845846, 0.841165, 0.836502, 0.839435], [0.857092, 0.847982, 0.832338, 0.823047, 0.841244], [0.862216, 0.842544, 0.833403, 0.81016, 0.830271], [0.870522, 0.851546, 0.843928, 0.842936, 0.844731]]","[[0.880119, 0.856274, 0.85976, 0.856016, 0.848233], [0.857467, 0.845846, 0.841165, 0.836502, 0.839435], [0.857092, 0.847982, 0.832338, 0.823047, 0.841244], [0.862216, 0.842544, 0.833403, 0.81016, 0.830271], [0.870522, 0.851546, 0.843928, 0.842936, 0.844731]]","[[""q_scratch"", ""q_ra"", ""q_scratch"", ""q_scratch"", ""q_uniformity""], [""q_uniformity"", ""q_scratch"", ""q_ra"", ""q_scratch"", ""q_uniformity""], [""q_scratch"", ""q_scratch"", ""q_scratch"", ""q_uniformity"", ""q_scratch""], [""q_uniformity"", ""q_scratch"", ""q_scratch"", ""q_scratch"", ""q_ra""], [""q_scratch"", ""q_scratch"", ""q_scratch"", ""q_scratch"", ""q_scratch""]]","[[38.801, 38.563, 38.598, 38.56, 38.528], [38.575, 38.458, 38.412, 38.365, 38.394], [38.571, 38.48, 38.323, 38.23, 38.412], [38.622, 38.425, 38.334, 38.102, 38.303], [38.705, 38.515, 38.439, 38.429, 38.447]]","[[40.0, 40.0, 40.0, 40.0, 40.01], [40.0, 40.0, 40.0, 40.0, 40.0], [40.0, 40.0, 40.0, 40.0, 40.0], [40.0, 40.0, 40.0, 40.0, 40.0], [40.0, 40.0, 40.0, 40.0, 40.0]]","[[40.0, 40.0, 40.0, 40.282, 40.491], [40.0, 40.0, 40.0, 40.0, 40.0], [40.0, 40.0, 40.0, 40.0, 40.0], [40.0, 40.0, 40.0, 40.0, 40.0], [40.0, 40.0, 40.0, 40.0, 40.0]]"
finish_rule,58,0,2,success,6.106159687042236,5.190258502960205,5.046814441680908,6.416041851043701,-0.4999999701976776,7.999825291335583,0.6908990144729614,0,67.43140510159843,71.58197709787902,0.1373474614550558,0.1405241770323402,1.6718103014548031,1.5371584481317706,1.142272160869492,0.7138329151819218,38.10159536011369,37.07860871638098,1.0229866437327146,7.078608716380977,35.9028278976566,0.00811765977281084,0.0,0.20269947618521822,,,,True,True,71.58197709787902,54.31633988723037,6,6,0,77.99313606886554,77.91154312555402,0,0,0,6,0,0:0;0:1;0:2;1:1;1:2;3:4,0:0;0:1;0:2;1:1;1:2;3:4,,,0:0;0:1;0:2;1:1;1:2;3:4,,"{""q_ra"": 1, ""q_scratch"": 4, ""q_thermal"": 0, ""q_uniformity"": 1}","[[64.347, 54.316, 66.2, 71.71, 74.389], [75.067, 67.356, 61.589, 76.677, 75.889], [74.071, 74.605, 72.881, 76.47, 76.864], [75.075, 74.568, 75.052, 72.24, 63.656], [73.3, 73.537, 73.449, 75.611, 70.632]]","[[64.347, 54.316, 66.2, 71.71, 74.389], [75.067, 67.356, 61.589, 76.677, 75.889], [74.071, 74.605, 72.881, 76.47, 76.864], [75.075, 74.568, 75.052, 72.24, 63.656], [73.3, 73.537, 73.449, 75.611, 70.632]]","[[64.347, 54.316, 66.2, 71.71, 74.389], [75.067, 67.356, 61.589, 76.677, 75.889], [74.071, 74.605, 72.881, 76.47, 76.864], [75.075, 74.568, 75.052, 72.24, 63.656], [73.3, 73.537, 73.449, 75.611, 70.632]]","[[78.0, 78.0, 78.0, 78.0, 78.0], [78.0, 78.0, 78.0, 78.0, 78.0], [78.0, 78.0, 78.0, 78.0, 78.0], [78.0, 78.0, 78.0, 77.992, 77.912], [78.0, 78.0, 78.0, 77.992, 77.933]]","[[78.0, 78.0, 78.0, 78.0, 78.0], [78.0, 78.0, 78.0, 78.0, 78.0], [78.0, 78.0, 78.0, 78.0, 78.0], [78.0, 78.0, 78.0, 77.992, 77.912], [78.0, 78.0, 78.0, 77.992, 77.933]]","[[78.0, 78.0, 78.0, 78.0, 78.0], [78.0, 78.0, 78.0, 78.0, 78.0], [78.0, 78.0, 78.0, 78.0, 78.0], [78.0, 78.0, 78.0, 77.992, 77.912], [78.0, 78.0, 78.0, 77.992, 77.933]]","[[0.800051, 0.767385, 0.770111, 0.743813, 0.722158], [0.770188, 0.756297, 0.748381, 0.741842, 0.744423], [0.769703, 0.759009, 0.737599, 0.724956, 0.746528], [0.775698, 0.755132, 0.739281, 0.707861, 0.734144], [0.783638, 0.765287, 0.747568, 0.745158, 0.747021]]","[[0.800051, 0.767385, 0.770111, 0.764756, 0.75686], [0.770188, 0.756297, 0.748381, 0.741842, 0.744423], [0.769703, 0.759009, 0.737599, 0.724956, 0.746528], [0.775698, 0.755132, 0.739281, 0.707861, 0.734144], [0.783638, 0.765287, 0.747568, 0.745158, 0.747021]]","[[0.800051, 0.767385, 0.770111, 0.764756, 0.753581], [0.770188, 0.756297, 0.748381, 0.741842, 0.744423], [0.769703, 0.759009, 0.737599, 0.724956, 0.746528], [0.775698, 0.755132, 0.739281, 0.707861, 0.734144], [0.783638, 0.765287, 0.747568, 0.745158, 0.747021]]","[[""q_scratch"", ""q_ra"", ""q_scratch"", ""q_uniformity"", ""q_uniformity""], [""q_uniformity"", ""q_scratch"", ""q_scratch"", ""q_uniformity"", ""q_uniformity""], [""q_uniformity"", ""q_uniformity"", ""q_uniformity"", ""q_uniformity"", ""q_uniformity""], [""q_uniformity"", ""q_uniformity"", ""q_uniformity"", ""q_uniformity"", ""q_uniformity""], [""q_uniformity"", ""q_uniformity"", ""q_uniformity"", ""q_uniformity"", ""q_uniformity""]]","[[38.001, 37.674, 37.701, 37.648, 37.576], [37.702, 37.563, 37.484, 37.418, 37.444], [37.697, 37.59, 37.376, 37.25, 37.465], [37.757, 37.551, 37.393, 37.079, 37.341], [37.836, 37.653, 37.476, 37.452, 37.47]]","[[40.0, 40.0, 40.0, 40.0, 40.01], [40.0, 40.0, 40.0, 40.0, 40.0], [40.0, 40.0, 40.0, 40.0, 40.0], [40.0, 40.0, 40.0, 40.0, 40.0], [40.0, 40.0, 40.0, 40.0, 40.0]]","[[40.0, 40.0, 40.0, 40.282, 40.491], [40.0, 40.0, 40.0, 40.0, 40.0], [40.0, 40.0, 40.0, 40.0, 40.0], [40.0, 40.0, 40.0, 40.0, 40.0], [40.0, 40.0, 40.0, 40.0, 40.0]]"
finish_rule,59,0,1,continue,5.7779998779296875,5.777801513671875,5.659202575683594,6.930245399475098,0.0,5.945709068328142,0.0,0,47.63729617744966,65.5629204994286,0.2231031586766414,0.16239523344430506,2.1140803797956966,1.7231995050095672,1.7121186909086767,1.173855830678916,40.80850781618306,40.06186930125178,0.7466385149312771,10.061869301251782,35.9028278976566,0.00811765977281084,0.06338685000816285,0.13193351977528178,1.4413361392039192,61.10554251098061,7.219336139203919,False,True,65.5629204994286,48.476447590530384,19,19,0,77.99313606886554,77.91154312555402,0,0,0,19,0,0:2;0:3;0:4;1:1;1:2;1:3;1:4;2:1;2:2;2:3;3:1;3:2;3:3;3:4;4:0;4:1;4:2;4:3;4:4,0:2;0:3;0:4;1:1;1:2;1:3;1:4;2:1;2:2;2:3;3:1;3:2;3:3;3:4;4:0;4:1;4:2;4:3;4:4,,,0:2;0:3;0:4;1:1;1:2;1:3;1:4;2:1;2:2;2:3;3:1;3:2;3:3;3:4;4:0;4:1;4:2;4:3;4:4,,"{""q_ra"": 2, ""q_scratch"": 17, ""q_thermal"": 0, ""q_uniformity"": 0}","[[75.17, 71.973, 62.017, 67.695, 69.693], [75.302, 65.454, 53.981, 66.268, 65.024], [75.82, 48.476, 65.768, 69.884, 71.87], [76.055, 67.644, 56.195, 53.602, 53.322], [57.682, 67.714, 66.371, 67.055, 69.037]]","[[75.17, 71.973, 62.017, 67.695, 69.693], [75.302, 65.454, 53.981, 66.268, 65.024], [75.82, 48.476, 65.768, 69.884, 71.87], [76.055, 67.644, 56.195, 53.602, 53.322], [57.682, 67.714, 66.371, 67.055, 69.037]]","[[75.17, 71.973, 62.017, 67.695, 69.693], [75.302, 65.454, 53.981, 66.268, 65.024], [75.82, 48.476, 65.768, 69.884, 71.87], [76.055, 67.644, 56.195, 53.602, 53.322], [57.682, 67.714, 66.371, 67.055, 69.037]]","[[78.0, 78.0, 78.0, 78.0, 78.0], [78.0, 78.0, 78.0, 78.0, 78.0], [78.0, 78.0, 78.0, 78.0, 78.0], [78.0, 78.0, 78.0, 77.992, 77.912], [78.0, 78.0, 78.0, 77.992, 77.933]]","[[78.0, 78.0, 78.0, 78.0, 78.0], [78.0, 78.0, 78.0, 78.0, 78.0], [78.0, 78.0, 78.0, 78.0, 78.0], [78.0, 78.0, 78.0, 77.992, 77.912], [78.0, 78.0, 78.0, 77.992, 77.933]]","[[78.0, 78.0, 78.0, 78.0, 78.0], [78.0, 78.0, 78.0, 78.0, 78.0], [78.0, 78.0, 78.0, 78.0, 78.0], [78.0, 78.0, 78.0, 77.992, 77.912], [78.0, 78.0, 78.0, 77.992, 77.933]]","[[0.908308, 0.844788, 0.846765, 0.863703, 0.894568], [0.887656, 0.835987, 0.846124, 0.849232, 0.867718], [0.878166, 0.837176, 0.842781, 0.846793, 0.863128], [0.876814, 0.843768, 0.849687, 0.854082, 0.857073], [0.888264, 0.858092, 0.863226, 0.88137, 0.892907]]","[[0.932201, 0.903183, 0.906731, 0.910174, 0.918825], [0.918115, 0.892911, 0.899706, 0.897238, 0.900697], [0.909182, 0.885522, 0.884245, 0.890465, 0.900812], [0.901377, 0.87847, 0.876979, 0.885115, 0.88781], [0.901738, 0.879591, 0.879355, 0.894194, 0.903488]]","[[0.902665, 0.893276, 0.900956, 0.908973, 0.914529], [0.884733, 0.878407, 0.885958, 0.890263, 0.900697], [0.87939, 0.877852, 0.883363, 0.8854, 0.893516], [0.878265, 0.875074, 0.876979, 0.884605, 0.88781], [0.883196, 0.877335, 0.87732, 0.885259, 0.885625]]","[[""q_uniformity"", ""q_scratch"", ""q_scratch"", ""q_scratch"", ""q_scratch""], [""q_uniformity"", ""q_scratch"", ""q_scratch"", ""q_scratch"", ""q_scratch""], [""q_uniformity"", ""q_scratch"", ""q_scratch"", ""q_scratch"", ""q_scratch""], [""q_uniformity"", ""q_scratch"", ""q_ra"", ""q_scratch"", ""q_ra""], [""q_scratch"", ""q_scratch"", ""q_scratch"", ""q_scratch"", ""q_scratch""]]","[[40.076, 40.462, 42.158, 43.981, 45.427], [40.062, 40.437, 42.039, 43.444, 44.535], [40.322, 40.591, 41.783, 42.84, 43.656], [40.699, 40.817, 41.625, 42.278, 42.62], [41.095, 41.088, 41.625, 42.185, 42.462]]","[[40.809, 41.584, 43.409, 45.361, 46.79], [40.959, 41.688, 43.381, 44.984, 46.138], [41.354, 41.96, 43.325, 44.419, 45.16], [41.87, 42.313, 43.256, 43.872, 44.214], [42.304, 42.606, 43.22, 43.627, 43.793]]","[[41.093, 42.385, 44.358, 46.187, 47.246], [41.335, 42.484, 44.228, 45.831, 46.751], [41.755, 42.651, 43.981, 45.163, 45.822], [42.202, 42.82, 43.682, 44.376, 44.724], [42.491, 42.922, 43.467, 43.825, 43.957]]"
finish_rule,59,0,2,success,7.219336032867432,6.136580467224121,5.966750144958496,7.36130428314209,-0.4999999701976776,7.999825291335583,0.6908990144729614,0,65.5629204994286,70.69301080129502,0.16239523344430506,0.17196038928310597,1.7231995050095672,1.541607577045935,1.173855830678916,0.7368381966092783,40.06186930125178,39.20134813503471,0.8605211662170689,9.201348135034713,35.9028278976566,0.00811765977281084,0.0,0.14421940676435924,,,,True,True,70.69301080129502,61.75754786408424,9,9,0,77.99313606886554,77.91154312555402,0,0,0,9,0,0:2;1:1;1:2;2:1;2:2;3:2;3:3;3:4;4:0,0:2;1:1;1:2;2:1;2:2;3:2;3:3;3:4;4:0,,,0:2;1:1;1:2;2:1;2:2;3:2;3:3;3:4;4:0,,"{""q_ra"": 0, ""q_scratch"": 3, ""q_thermal"": 0, ""q_uniformity"": 6}","[[73.131, 73.507, 69.783, 71.187, 71.973], [73.991, 69.451, 65.144, 70.609, 71.072], [75.087, 61.758, 69.564, 73.145, 74.742], [75.782, 71.797, 66.488, 65.894, 67.852], [69.113, 71.747, 71.44, 72.005, 71.064]]","[[73.131, 73.507, 69.783, 71.187, 71.973], [73.991, 69.451, 65.144, 70.609, 71.072], [75.087, 61.758, 69.564, 73.145, 74.742], [75.782, 71.797, 66.488, 65.894, 67.852], [69.113, 71.747, 71.44, 72.005, 71.064]]","[[73.131, 73.507, 69.783, 71.187, 71.973], [73.991, 69.451, 65.144, 70.609, 71.072], [75.087, 61.758, 69.564, 73.145, 74.742], [75.782, 71.797, 66.488, 65.894, 67.852], [69.113, 71.747, 71.44, 72.005, 71.064]]","[[78.0, 78.0, 78.0, 78.0, 78.0], [78.0, 78.0, 78.0, 78.0, 78.0], [78.0, 78.0, 78.0, 78.0, 78.0], [78.0, 78.0, 78.0, 77.992, 77.912], [78.0, 78.0, 78.0, 77.992, 77.933]]","[[78.0, 78.0, 78.0, 78.0, 78.0], [78.0, 78.0, 78.0, 78.0, 78.0], [78.0, 78.0, 78.0, 78.0, 78.0], [78.0, 78.0, 78.0, 77.992, 77.912], [78.0, 78.0, 78.0, 77.992, 77.933]]","[[78.0, 78.0, 78.0, 78.0, 78.0], [78.0, 78.0, 78.0, 78.0, 78.0], [78.0, 78.0, 78.0, 78.0, 78.0], [78.0, 78.0, 78.0, 77.992, 77.912], [78.0, 78.0, 78.0, 77.992, 77.933]]","[[0.834634, 0.770479, 0.777027, 0.798394, 0.832351], [0.811741, 0.754149, 0.774645, 0.780032, 0.800071], [0.793941, 0.75607, 0.765197, 0.77328, 0.793253], [0.794612, 0.762012, 0.768996, 0.775791, 0.77924], [0.804652, 0.776319, 0.780939, 0.797714, 0.810389]]","[[0.85659, 0.823736, 0.832054, 0.84135, 0.854921], [0.839595, 0.8055, 0.8237, 0.824126, 0.830478], [0.821981, 0.799732, 0.802843, 0.813161, 0.827885], [0.816872, 0.793351, 0.793696, 0.80398, 0.807187], [0.816857, 0.795769, 0.79553, 0.80932, 0.819993]]","[[0.824586, 0.812231, 0.827195, 0.840159, 0.848451], [0.798726, 0.791697, 0.80682, 0.816249, 0.830478], [0.79195, 0.792153, 0.801855, 0.806919, 0.818684], [0.793056, 0.791069, 0.793696, 0.80398, 0.807187], [0.800061, 0.79351, 0.793689, 0.803281, 0.802338]]","[[""q_uniformity"", ""q_uniformity"", ""q_uniformity"", ""q_uniformity"", ""q_uniformity""], [""q_uniformity"", ""q_scratch"", ""q_scratch"", ""q_uniformity"", ""q_uniformity""], [""q_uniformity"", ""q_scratch"", ""q_uniformity"", ""q_uniformity"", ""q_uniformity""], [""q_uniformity"", ""q_uniformity"", ""q_uniformity"", ""q_uniformity"", ""q_uniformity""], [""q_uniformity"", ""q_uniformity"", ""q_uniformity"", ""q_uniformity"", ""q_uniformity""]]","[[39.258, 39.542, 41.157, 42.924, 44.354], [39.201, 39.415, 41.022, 42.348, 43.402], [39.332, 39.565, 40.698, 41.725, 42.551], [39.696, 39.769, 40.521, 41.153, 41.474], [40.051, 40.032, 40.517, 41.028, 41.31]]","[[40.809, 41.584, 43.409, 45.361, 46.79], [40.959, 41.688, 43.381, 44.984, 46.138], [41.354, 41.96, 43.325, 44.419, 45.16], [41.87, 42.313, 43.256, 43.872, 44.214], [42.304, 42.606, 43.22, 43.627, 43.793]]","[[41.093, 42.385, 44.358, 46.187, 47.246], [41.335, 42.484, 44.228, 45.831, 46.751], [41.755, 42.651, 43.981, 45.163, 45.822], [42.202, 42.82, 43.682, 44.376, 44.724], [42.491, 42.922, 43.467, 43.825, 43.957]]"
finish_rule,60,0,1,continue,5.7779998779296875,5.777801513671875,5.659209251403809,6.9290971755981445,0.0,5.945709068328142,0.0,0,47.03210946493018,60.22508234793542,0.27542154487785564,0.21112781091031865,2.2849985417361296,1.9675619922389544,1.8460136271610248,1.2278526648693262,40.39062862797367,39.25426016899138,1.1363684589822896,9.25426016899138,35.902835049972516,0.008117511434355814,0.13964168074377972,0.2007998659354052,2.086281483704288,36.12681779043112,7.864281483704287,False,True,60.22508234793542,44.48339133535316,19,19,0,77.99313639059969,77.91154913020446,0,0,0,19,0,0:0;0:1;0:2;0:3;1:0;1:1;1:2;1:3;1:4;2:0;2:1;2:2;2:3;3:0;3:1;3:2;3:3;4:1;4:2,0:0;0:1;0:2;0:3;1:0;1:1;1:2;1:3;1:4;2:0;2:1;2:2;2:3;3:0;3:1;3:2;3:3;4:1;4:2,,,0:0;0:1;0:2;0:3;1:0;1:1;1:2;1:3;1:4;2:0;2:1;2:2;2:3;3:0;3:1;3:2;3:3;4:1;4:2,,"{""q_ra"": 8, ""q_scratch"": 11, ""q_thermal"": 0, ""q_uniformity"": 0}","[[57.939, 46.6, 45.058, 60.261, 75.44], [52.461, 61.172, 57.261, 46.077, 56.734], [45.464, 62.531, 55.176, 55.088, 75.46], [65.568, 44.483, 59.411, 68.727, 76.51], [75.138, 63.818, 48.358, 75.311, 75.583]]","[[57.939, 46.6, 45.058, 60.261, 75.44], [52.461, 61.172, 57.261, 46.077, 56.734], [45.464, 62.531, 55.176, 55.088, 75.46], [65.568, 44.483, 59.411, 68.727, 76.51], [75.138, 63.818, 48.358, 75.311, 75.583]]","[[57.939, 46.6, 45.058, 60.261, 75.44], [52.461, 61.172, 57.261, 46.077, 56.734], [45.464, 62.531, 55.176, 55.088, 75.46], [65.568, 44.483, 59.411, 68.727, 76.51], [75.138, 63.818, 48.358, 75.311, 75.583]]","[[78.0, 78.0, 78.0, 78.0, 78.0], [78.0, 78.0, 78.0, 78.0, 78.0], [78.0, 78.0, 78.0, 78.0, 78.0], [78.0, 78.0, 78.0, 77.992, 77.912], [78.0, 78.0, 78.0, 77.992, 77.933]]","[[78.0, 78.0, 78.0, 78.0, 78.0], [78.0, 78.0, 78.0, 78.0, 78.0], [78.0, 78.0, 78.0, 78.0, 78.0], [78.0, 78.0, 78.0, 77.992, 77.912], [78.0, 78.0, 78.0, 77.992, 77.933]]","[[78.0, 78.0, 78.0, 78.0, 78.0], [78.0, 78.0, 78.0, 78.0, 78.0], [78.0, 78.0, 78.0, 78.0, 78.0], [78.0, 78.0, 78.0, 77.992, 77.912], [78.0, 78.0, 78.0, 77.992, 77.933]]","[[0.896493, 0.855626, 0.845299, 0.83396, 0.878369], [0.856957, 0.830358, 0.836714, 0.826543, 0.865543], [0.826613, 0.825238, 0.835279, 0.850902, 0.865768], [0.823183, 0.827005, 0.820407, 0.841385, 0.863248], [0.870421, 0.852987, 0.847936, 0.860782, 0.874522]]","[[0.932451, 0.905197, 0.898982, 0.875237, 0.892465], [0.915792, 0.891987, 0.892743, 0.864006, 0.878145], [0.890493, 0.882623, 0.879213, 0.876421, 0.873598], [0.875959, 0.876091, 0.855909, 0.860575, 0.869431], [0.890635, 0.878555, 0.871908, 0.877523, 0.881307]]","[[0.926895, 0.905197, 0.89239, 0.875237, 0.872121], [0.909428, 0.890713, 0.881247, 0.864006, 0.862483], [0.889201, 0.881486, 0.868364, 0.862188, 0.858396], [0.872546, 0.857559, 0.85238, 0.854773, 0.862445], [0.86976, 0.86376, 0.858158, 0.854365, 0.875593]]","[[""q_scratch"", ""q_ra"", ""q_ra"", ""q_scratch"", ""q_uniformity""], [""q_ra"", ""q_scratch"", ""q_scratch"", ""q_ra"", ""q_scratch""], [""q_ra"", ""q_scratch"", ""q_scratch"", ""q_ra"", ""q_uniformity""], [""q_scratch"", ""q_ra"", ""q_scratch"", ""q_scratch"", ""q_uniformity""], [""q_uniformity"", ""q_scratch"", ""q_ra"", ""q_uniformity"", ""q_uniformity""]]","[[45.168, 43.734, 42.357, 40.963, 40.726], [43.398, 42.46, 41.668, 40.602, 40.478], [41.276, 41.031, 40.756, 40.488, 40.349], [39.672, 39.753, 39.708, 39.957, 40.199], [39.254, 39.256, 39.494, 39.925, 40.26]]","[[46.267, 45.172, 43.746, 42.526, 42.019], [44.63, 43.968, 43.069, 42.271, 41.932], [42.662, 42.498, 42.233, 41.966, 41.846], [41.041, 41.132, 41.342, 41.57, 41.731], [40.391, 40.536, 40.889, 41.31, 41.641]]","[[46.92, 46.052, 44.619, 43.146, 42.212], [45.635, 45.005, 43.944, 42.827, 42.106], [43.641, 43.367, 42.877, 42.325, 41.953], [41.749, 41.793, 41.833, 41.834, 41.815], [40.632, 40.851, 41.197, 41.53, 41.732]]"
finish_rule,60,0,2,fail_finish_not_eligible,7.86428165435791,6.684889793395996,6.499736785888672,7.9095778465271,-0.4999999701976776,7.999825291335583,0.6908990144729614,0,60.22508234793542,67.91373075573219,0.21112781091031865,0.2149289858930251,1.9675619922389544,1.7956656630446355,1.2278526648693262,0.7263440776392032,39.25426016899138,38.0884516018122,1.1658085671791767,8.088451601812203,35.902835049972516,0.011709812716649323,0.07464492946512538,0.17936242736940036,,,,False,True,67.91373075573219,57.51350153706784,17,17,0,77.99069325641834,77.8749069329106,0,0,0,17,0,0:0;0:1;0:2;0:3;1:0;1:1;1:2;1:3;1:4;2:0;2:1;2:2;2:3;3:1;3:2;4:1;4:2,0:0;0:1;0:2;0:3;1:0;1:1;1:2;1:3;1:4;2:0;2:1;2:2;2:3;3:1;3:2;4:1;4:2,,,0:0;0:1;0:2;0:3;1:0;1:1;1:2;1:3;1:4;2:0;2:1;2:2;2:3;3:1;3:2;4:1;4:2,,"{""q_ra"": 4, ""q_scratch"": 6, ""q_thermal"": 0, ""q_uniformity"": 7}","[[65.927, 58.39, 58.636, 68.503, 73.954], [64.767, 68.723, 68.659, 61.085, 67.079], [59.115, 67.901, 68.554, 68.455, 74.588], [70.939, 57.514, 68.341, 73.953, 76.146], [73.939, 68.552, 64.534, 75.201, 74.389]]","[[65.927, 58.39, 58.636, 68.503, 73.954], [64.767, 68.723, 68.659, 61.085, 67.079], [59.115, 67.901, 68.554, 68.455, 74.588], [70.939, 57.514, 68.341, 73.953, 76.146], [73.939, 68.552, 64.534, 75.201, 74.389]]","[[65.927, 58.39, 58.636, 68.503, 73.954], [64.767, 68.723, 68.659, 61.085, 67.079], [59.115, 67.901, 68.554, 68.455, 74.588], [70.939, 57.514, 68.341, 73.953, 76.146], [73.939, 68.552, 64.534, 75.201, 74.389]]","[[78.0, 78.0, 78.0, 78.0, 78.0], [78.0, 78.0, 78.0, 78.0, 78.0], [78.0, 78.0, 78.0, 78.0, 78.0], [78.0, 78.0, 78.0, 77.986, 77.875], [78.0, 78.0, 78.0, 77.989, 77.918]]","[[78.0, 78.0, 78.0, 78.0, 78.0], [78.0, 78.0, 78.0, 78.0, 78.0], [78.0, 78.0, 78.0, 78.0, 78.0], [78.0, 78.0, 78.0, 77.986, 77.875], [78.0, 78.0, 78.0, 77.989, 77.918]]","[[78.0, 78.0, 78.0, 78.0, 78.0], [78.0, 78.0, 78.0, 78.0, 78.0], [78.0, 78.0, 78.0, 78.0, 78.0], [78.0, 78.0, 78.0, 77.986, 77.875], [78.0, 78.0, 78.0, 77.989, 77.918]]","[[0.835934, 0.783524, 0.764045, 0.737936, 0.774738], [0.786684, 0.752452, 0.748637, 0.725604, 0.758009], [0.743375, 0.738837, 0.738039, 0.74592, 0.756408], [0.723947, 0.729658, 0.713666, 0.731177, 0.755294], [0.761413, 0.745383, 0.737104, 0.74768, 0.769929]]","[[0.869463, 0.828918, 0.812567, 0.774461, 0.787172], [0.840694, 0.808298, 0.798768, 0.758492, 0.769045], [0.800822, 0.790213, 0.776858, 0.76829, 0.763248], [0.77036, 0.772966, 0.744548, 0.747854, 0.760704], [0.779096, 0.767726, 0.757943, 0.762222, 0.775902]]","[[0.864282, 0.828918, 0.805601, 0.774461, 0.768542], [0.834852, 0.807074, 0.789014, 0.758492, 0.755046], [0.799384, 0.790213, 0.766633, 0.755449, 0.748601], [0.76801, 0.750303, 0.740997, 0.742625, 0.754464], [0.76171, 0.751897, 0.748002, 0.741377, 0.770592]]","[[""q_scratch"", ""q_ra"", ""q_ra"", ""q_scratch"", ""q_uniformity""], [""q_scratch"", ""q_uniformity"", ""q_uniformity"", ""q_uniformity"", ""q_scratch""], [""q_ra"", ""q_scratch"", ""q_uniformity"", ""q_uniformity"", ""q_uniformity""], [""q_uniformity"", ""q_ra"", ""q_uniformity"", ""q_scratch"", ""q_uniformity""], [""q_uniformity"", ""q_scratch"", ""q_uniformity"", ""q_uniformity"", ""q_uniformity""]]","[[44.144, 42.577, 41.17, 39.701, 39.461], [42.3, 41.291, 40.439, 39.307, 39.176], [40.14, 39.876, 39.504, 39.194, 39.041], [38.506, 38.605, 38.445, 38.652, 38.924], [38.095, 38.088, 38.253, 38.621, 39.033]]","[[46.267, 45.172, 43.746, 42.526, 42.019], [44.63, 43.968, 43.069, 42.271, 41.932], [42.662, 42.498, 42.233, 41.966, 41.846], [41.041, 41.132, 41.342, 41.57, 41.731], [40.391, 40.536, 40.889, 41.31, 41.641]]","[[46.92, 46.052, 44.619, 43.146, 42.212], [45.635, 45.005, 43.944, 42.827, 42.106], [43.641, 43.367, 42.877, 42.325, 41.953], [41.749, 41.793, 41.833, 41.834, 41.815], [40.632, 40.851, 41.197, 41.53, 41.732]]"
finish_rule,61,0,1,continue,5.7779998779296875,5.777801513671875,5.659209251403809,6.9290971755981445,0.0,5.945709068328142,0.0,0,48.5472709192971,65.72894506407447,0.1953945613903408,0.1400975445961533,2.082882748056387,1.56836828960942,1.8185964001235386,1.184595531787833,40.0,38.44639736607638,1.5536026339236173,8.446397366076383,35.902835049972516,0.008117511434355814,0.061015070513221914,0.2745264514716848,0.666767120466515,23.481880640347974,6.444767120466515,False,True,65.72894506407447,48.41260572613928,14,14,0,77.99313639059969,77.91154913020446,0,0,0,14,0,0:0;0:1;1:0;1:1;1:3;2:0;2:1;2:2;2:4;3:1;3:2;4:2;4:3;4:4,0:0;0:1;1:0;1:1;1:3;2:0;2:1;2:2;2:4;3:1;3:2;4:2;4:3;4:4,,,0:0;0:1;1:0;1:1;1:3;2:0;2:1;2:2;2:4;3:1;3:2;4:2;4:3;4:4,,"{""q_ra"": 3, ""q_scratch"": 11, ""q_thermal"": 0, ""q_uniformity"": 0}","[[61.714, 54.829, 75.827, 71.325, 71.96], [56.741, 55.172, 71.22, 68.33, 71.292], [68.789, 53.316, 59.522, 72.547, 69.558], [75.964, 65.163, 61.529, 76.635, 70.521], [75.829, 75.914, 59.354, 48.413, 51.76]]","[[61.714, 54.829, 75.827, 71.325, 71.96], [56.741, 55.172, 71.22, 68.33, 71.292], [68.789, 53.316, 59.522, 72.547, 69.558], [75.964, 65.163, 61.529, 76.635, 70.521], [75.829, 75.914, 59.354, 48.413, 51.76]]","[[61.714, 54.829, 75.827, 71.325, 71.96], [56.741, 55.172, 71.22, 68.33, 71.292], [68.789, 53.316, 59.522, 72.547, 69.558], [75.964, 65.163, 61.529, 76.635, 70.521], [75.829, 75.914, 59.354, 48.413, 51.76]]","[[78.0, 78.0, 78.0, 78.0, 78.0], [78.0, 78.0, 78.0, 78.0, 78.0], [78.0, 78.0, 78.0, 78.0, 78.0], [78.0, 78.0, 78.0, 77.992, 77.912], [78.0, 78.0, 78.0, 77.992, 77.933]]","[[78.0, 78.0, 78.0, 78.0, 78.0], [78.0, 78.0, 78.0, 78.0, 78.0], [78.0, 78.0, 78.0, 78.0, 78.0], [78.0, 78.0, 78.0, 77.992, 77.912], [78.0, 78.0, 78.0, 77.992, 77.933]]","[[78.0, 78.0, 78.0, 78.0, 78.0], [78.0, 78.0, 78.0, 78.0, 78.0], [78.0, 78.0, 78.0, 78.0, 78.0], [78.0, 78.0, 78.0, 77.992, 77.912], [78.0, 78.0, 78.0, 77.992, 77.933]]","[[0.908651, 0.898771, 0.887095, 0.86625, 0.874389], [0.897433, 0.870465, 0.861263, 0.841818, 0.825821], [0.882979, 0.855588, 0.821485, 0.811753, 0.799289], [0.870628, 0.809632, 0.787101, 0.787807, 0.802212], [0.878991, 0.820965, 0.803488, 0.821711, 0.842708]]","[[0.916782, 0.907993, 0.908096, 0.905939, 0.908671], [0.912435, 0.89869, 0.890419, 0.893802, 0.88306], [0.90447, 0.902978, 0.875753, 0.868378, 0.866474], [0.896479, 0.866654, 0.855021, 0.854353, 0.866694], [0.907311, 0.87928, 0.864992, 0.84677, 0.84464]]","[[0.916782, 0.907925, 0.902789, 0.89803, 0.90856], [0.91095, 0.897743, 0.886024, 0.883839, 0.88306], [0.90447, 0.889177, 0.868876, 0.864364, 0.861652], [0.895703, 0.866654, 0.855021, 0.839406, 0.854402], [0.905792, 0.866943, 0.84657, 0.843826, 0.84464]]","[[""q_scratch"", ""q_scratch"", ""q_uniformity"", ""q_scratch"", ""q_scratch""], [""q_scratch"", ""q_scratch"", ""q_scratch"", ""q_scratch"", ""q_scratch""], [""q_scratch"", ""q_ra"", ""q_scratch"", ""q_scratch"", ""q_scratch""], [""q_uniformity"", ""q_scratch"", ""q_scratch"", ""q_uniformity"", ""q_scratch""], [""q_uniformity"", ""q_uniformity"", ""q_scratch"", ""q_ra"", ""q_ra""]]","[[43.349, 43.046, 43.054, 43.423, 44.218], [43.127, 42.393, 42.138, 42.232, 42.453], [42.848, 41.813, 40.75, 40.496, 40.474], [42.637, 40.858, 39.514, 38.901, 38.875], [42.764, 40.83, 39.226, 38.468, 38.446]]","[[44.561, 44.368, 44.375, 44.817, 45.647], [44.387, 43.79, 43.632, 43.685, 44.102], [44.205, 43.083, 42.275, 42.087, 42.088], [44.096, 42.529, 41.127, 40.418, 40.24], [44.068, 42.317, 40.666, 40.0, 40.0]]","[[44.691, 44.515, 44.715, 45.495, 46.26], [44.628, 44.237, 44.093, 44.53, 45.08], [44.551, 43.807, 43.085, 42.93, 43.104], [44.515, 43.412, 42.087, 41.298, 41.063], [44.521, 43.192, 41.483, 40.305, 40.023]]"
finish_rule,61,0,2,success,6.444766998291016,5.478312969207764,5.32664680480957,6.702573776245117,-0.4999999701976776,7.999825291335583,0.6908990144729614,0,65.72894506407447,70.92605385814228,0.1400975445961533,0.14659302851105804,1.56836828960942,1.3968532010584793,1.184595531787833,0.6208326539262146,38.44639736607638,37.40542687076976,1.0409704953066239,7.405426870769759,35.902835049972516,0.008117511434355814,0.0,0.19542697938348458,,,,True,True,70.92605385814228,63.59928691460098,11,11,0,77.99313639059969,77.91154913020446,0,0,0,11,0,0:0;0:1;1:0;1:1;2:1;2:2;3:1;3:2;4:2;4:3;4:4,0:0;0:1;1:0;1:1;2:1;2:2;3:1;3:2;4:2;4:3;4:4,,,0:0;0:1;1:0;1:1;2:1;2:2;3:1;3:2;4:2;4:3;4:4,,"{""q_ra"": 0, ""q_scratch"": 5, ""q_thermal"": 0, ""q_uniformity"": 6}","[[65.135, 66.954, 75.24, 74.227, 72.89], [67.424, 66.818, 75.161, 71.709, 73.722], [71.846, 66.755, 66.639, 75.776, 73.601], [75.704, 69.486, 67.296, 76.213, 74.334], [75.28, 75.665, 68.035, 63.599, 63.643]]","[[65.135, 66.954, 75.24, 74.227, 72.89], [67.424, 66.818, 75.161, 71.709, 73.722], [71.846, 66.755, 66.639, 75.776, 73.601], [75.704, 69.486, 67.296, 76.213, 74.334], [75.28, 75.665, 68.035, 63.599, 63.643]]","[[65.135, 66.954, 75.24, 74.227, 72.89], [67.424, 66.818, 75.161, 71.709, 73.722], [71.846, 66.755, 66.639, 75.776, 73.601], [75.704, 69.486, 67.296, 76.213, 74.334], [75.28, 75.665, 68.035, 63.599, 63.643]]","[[78.0, 78.0, 78.0, 78.0, 78.0], [78.0, 78.0, 78.0, 78.0, 78.0], [78.0, 78.0, 78.0, 78.0, 78.0], [78.0, 78.0, 78.0, 77.992, 77.912], [78.0, 78.0, 78.0, 77.992, 77.933]]","[[78.0, 78.0, 78.0, 78.0, 78.0], [78.0, 78.0, 78.0, 78.0, 78.0], [78.0, 78.0, 78.0, 78.0, 78.0], [78.0, 78.0, 78.0, 77.992, 77.912], [78.0, 78.0, 78.0, 77.992, 77.933]]","[[78.0, 78.0, 78.0, 78.0, 78.0], [78.0, 78.0, 78.0, 78.0, 78.0], [78.0, 78.0, 78.0, 78.0, 78.0], [78.0, 78.0, 78.0, 77.992, 77.912], [78.0, 78.0, 78.0, 77.992, 77.933]]","[[0.850844, 0.83601, 0.825052, 0.80524, 0.815553], [0.837828, 0.806405, 0.792773, 0.775092, 0.759268], [0.821506, 0.791327, 0.745613, 0.734187, 0.721164], [0.806975, 0.736467, 0.703825, 0.700033, 0.712887], [0.817077, 0.74648, 0.711109, 0.721934, 0.738849]]","[[0.858458, 0.844588, 0.844585, 0.842133, 0.847527], [0.851833, 0.832553, 0.81961, 0.822956, 0.811895], [0.841502, 0.835158, 0.794868, 0.785401, 0.781782], [0.830937, 0.788337, 0.764559, 0.759165, 0.770189], [0.843402, 0.799504, 0.765541, 0.74395, 0.740543]]","[[0.858458, 0.844525, 0.837734, 0.834191, 0.847527], [0.850299, 0.832195, 0.815399, 0.812838, 0.811895], [0.841502, 0.820457, 0.787626, 0.781694, 0.777706], [0.830217, 0.788337, 0.764559, 0.743512, 0.760878], [0.84199, 0.788108, 0.749831, 0.74395, 0.740543]]","[[""q_scratch"", ""q_scratch"", ""q_uniformity"", ""q_uniformity"", ""q_uniformity""], [""q_scratch"", ""q_scratch"", ""q_uniformity"", ""q_uniformity"", ""q_uniformity""], [""q_uniformity"", ""q_uniformity"", ""q_scratch"", ""q_uniformity"", ""q_uniformity""], [""q_uniformity"", ""q_uniformity"", ""q_uniformity"", ""q_uniformity"", ""q_uniformity""], [""q_uniformity"", ""q_uniformity"", ""q_uniformity"", ""q_uniformity"", ""q_uniformity""]]","[[42.5, 42.135, 42.141, 42.478, 43.261], [42.256, 41.481, 41.173, 41.262, 41.45], [41.953, 40.926, 39.757, 39.493, 39.45], [41.713, 39.877, 38.507, 37.909, 37.887], [41.865, 39.848, 38.165, 37.439, 37.405]]","[[44.561, 44.368, 44.375, 44.817, 45.647], [44.387, 43.79, 43.632, 43.685, 44.102], [44.205, 43.083, 42.275, 42.087, 42.088], [44.096, 42.529, 41.127, 40.418, 40.24], [44.068, 42.317, 40.666, 40.0, 40.0]]","[[44.691, 44.515, 44.715, 45.495, 46.26], [44.628, 44.237, 44.093, 44.53, 45.08], [44.551, 43.807, 43.085, 42.93, 43.104], [44.515, 43.412, 42.087, 41.298, 41.063], [44.521, 43.192, 41.483, 40.305, 40.023]]"
finish_rule,62,0,1,continue,5.7779998779296875,5.777801513671875,5.659214019775391,6.929046630859375,0.0,5.945709068328142,0.0,0,52.23012646153634,68.16881529993904,0.1915251536291365,0.13879889170098003,2.096614386429783,1.5667109242125172,1.6899204683103717,1.1554917244972736,40.50930539549875,39.44011325983893,1.0691921356598186,9.440113259838931,35.90273043007525,0.008117696753751439,0.02615978142944227,0.18892944001122156,0.415389704662574,39.380380629916765,6.193389704662573,False,True,68.16881529993904,46.5381103979966,9,9,0,77.9931360921613,77.91154506342625,0,0,0,9,0,2:4;3:1;3:2;3:3;3:4;4:1;4:2;4:3;4:4,2:4;3:1;3:2;3:3;3:4;4:1;4:2;4:3;4:4,,,2:4;3:1;3:2;3:3;3:4;4:1;4:2;4:3;4:4,,"{""q_ra"": 4, ""q_scratch"": 5, ""q_thermal"": 0, ""q_uniformity"": 0}","[[75.246, 76.016, 75.541, 71.801, 70.47], [76.286, 76.414, 73.287, 70.87, 73.774], [75.781, 70.963, 71.903, 77.009, 69.743], [76.705, 50.182, 60.205, 59.117, 65.007], [76.439, 64.16, 46.538, 49.457, 51.305]]","[[75.246, 76.016, 75.541, 71.801, 70.47], [76.286, 76.414, 73.287, 70.87, 73.774], [75.781, 70.963, 71.903, 77.009, 69.743], [76.705, 50.182, 60.205, 59.117, 65.007], [76.439, 64.16, 46.538, 49.457, 51.305]]","[[75.246, 76.016, 75.541, 71.801, 70.47], [76.286, 76.414, 73.287, 70.87, 73.774], [75.781, 70.963, 71.903, 77.009, 69.743], [76.705, 50.182, 60.205, 59.117, 65.007], [76.439, 64.16, 46.538, 49.457, 51.305]]","[[78.0, 78.0, 78.0, 78.0, 78.0], [78.0, 78.0, 78.0, 78.0, 78.0], [78.0, 78.0, 78.0, 78.0, 78.0], [78.0, 78.0, 78.0, 77.992, 77.912], [78.0, 78.0, 78.0, 77.992, 77.933]]","[[78.0, 78.0, 78.0, 78.0, 78.0], [78.0, 78.0, 78.0, 78.0, 78.0], [78.0, 78.0, 78.0, 78.0, 78.0], [78.0, 78.0, 78.0, 77.992, 77.912], [78.0, 78.0, 78.0, 77.992, 77.933]]","[[78.0, 78.0, 78.0, 78.0, 78.0], [78.0, 78.0, 78.0, 78.0, 78.0], [78.0, 78.0, 78.0, 78.0, 78.0], [78.0, 78.0, 78.0, 77.992, 77.912], [78.0, 78.0, 78.0, 77.992, 77.933]]","[[0.907581, 0.884638, 0.878869, 0.887539, 0.900098], [0.888054, 0.862799, 0.848859, 0.862144, 0.87488], [0.852436, 0.840999, 0.827391, 0.833928, 0.844731], [0.841746, 0.820367, 0.822022, 0.837405, 0.828522], [0.879963, 0.856943, 0.858144, 0.852513, 0.864069]]","[[0.925374, 0.915286, 0.909006, 0.90945, 0.913692], [0.922537, 0.909763, 0.895291, 0.900889, 0.904847], [0.898101, 0.899604, 0.886546, 0.886264, 0.888304], [0.88403, 0.874497, 0.878953, 0.889546, 0.871179], [0.898262, 0.886909, 0.890745, 0.879722, 0.883032]]","[[0.916619, 0.906262, 0.909006, 0.902745, 0.905719], [0.9091, 0.894032, 0.894594, 0.896041, 0.897364], [0.890687, 0.882305, 0.876479, 0.881832, 0.888304], [0.877327, 0.862897, 0.86513, 0.870636, 0.870066], [0.876337, 0.860971, 0.861471, 0.870727, 0.870269]]","[[""q_uniformity"", ""q_uniformity"", ""q_scratch"", ""q_scratch"", ""q_scratch""], [""q_uniformity"", ""q_uniformity"", ""q_scratch"", ""q_scratch"", ""q_scratch""], [""q_uniformity"", ""q_scratch"", ""q_scratch"", ""q_uniformity"", ""q_scratch""], [""q_uniformity"", ""q_scratch"", ""q_scratch"", ""q_ra"", ""q_scratch""], [""q_uniformity"", ""q_scratch"", ""q_ra"", ""q_ra"", ""q_ra""]]","[[43.009, 43.18, 43.764, 44.412, 44.855], [42.227, 42.347, 42.779, 43.48, 43.923], [40.85, 41.118, 41.511, 42.074, 42.475], [39.711, 39.812, 40.335, 40.968, 41.088], [39.44, 39.512, 39.996, 40.345, 40.722]]","[[44.058, 44.4, 45.141, 45.847, 46.259], [43.253, 43.572, 44.274, 44.963, 45.387], [42.081, 42.359, 42.984, 43.623, 44.043], [40.985, 41.22, 41.758, 42.33, 42.727], [40.509, 40.725, 41.222, 41.76, 42.143]]","[[44.333, 44.899, 45.661, 46.238, 46.504], [43.768, 44.311, 45.055, 45.635, 45.915], [42.728, 43.22, 43.912, 44.478, 44.768], [41.536, 41.961, 42.573, 43.098, 43.383], [40.728, 41.1, 41.648, 42.135, 42.409]]"
finish_rule,62,0,2,success,6.193389892578125,5.26435661315918,5.118904113769531,6.48931884765625,-0.4999999701976776,7.999825291335583,0.6908990144729614,0,68.16881529993904,71.88727053808678,0.13879889170098003,0.1514303474539996,1.5667109242125172,1.3354543992799612,1.1554917244972736,0.7976949766107864,39.44011325983893,38.588798496841726,0.8513147629972053,8.588798496841726,35.90273043007525,0.008117696753751439,0.0,0.16630801126108652,,,,True,True,71.88727053808678,60.09613692132053,6,6,0,77.9931360921613,77.91154506342625,0,0,0,6,0,3:1;3:2;3:3;4:2;4:3;4:4,3:1;3:2;3:3;4:2;4:3;4:4,,,3:1;3:2;3:3;4:2;4:3;4:4,,"{""q_ra"": 0, ""q_scratch"": 3, ""q_thermal"": 0, ""q_uniformity"": 3}","[[73.487, 75.136, 76.628, 73.525, 71.616], [75.435, 76.073, 75.042, 73.835, 75.322], [75.054, 74.762, 74.115, 76.766, 74.088], [76.407, 61.212, 66.528, 68.447, 70.361], [75.908, 70.787, 60.096, 63.75, 62.801]]","[[73.487, 75.136, 76.628, 73.525, 71.616], [75.435, 76.073, 75.042, 73.835, 75.322], [75.054, 74.762, 74.115, 76.766, 74.088], [76.407, 61.212, 66.528, 68.447, 70.361], [75.908, 70.787, 60.096, 63.75, 62.801]]","[[73.487, 75.136, 76.628, 73.525, 71.616], [75.435, 76.073, 75.042, 73.835, 75.322], [75.054, 74.762, 74.115, 76.766, 74.088], [76.407, 61.212, 66.528, 68.447, 70.361], [75.908, 70.787, 60.096, 63.75, 62.801]]","[[78.0, 78.0, 78.0, 78.0, 78.0], [78.0, 78.0, 78.0, 78.0, 78.0], [78.0, 78.0, 78.0, 78.0, 78.0], [78.0, 78.0, 78.0, 77.992, 77.912], [78.0, 78.0, 78.0, 77.992, 77.933]]","[[78.0, 78.0, 78.0, 78.0, 78.0], [78.0, 78.0, 78.0, 78.0, 78.0], [78.0, 78.0, 78.0, 78.0, 78.0], [78.0, 78.0, 78.0, 77.992, 77.912], [78.0, 78.0, 78.0, 77.992, 77.933]]","[[78.0, 78.0, 78.0, 78.0, 78.0], [78.0, 78.0, 78.0, 78.0, 78.0], [78.0, 78.0, 78.0, 78.0, 78.0], [78.0, 78.0, 78.0, 77.992, 77.912], [78.0, 78.0, 78.0, 77.992, 77.933]]","[[0.855772, 0.828983, 0.821479, 0.831033, 0.844978], [0.829588, 0.802193, 0.787569, 0.803432, 0.81732], [0.783794, 0.773024, 0.761343, 0.769822, 0.781132], [0.764484, 0.745744, 0.751691, 0.771945, 0.755239], [0.800607, 0.777493, 0.779466, 0.771773, 0.78364]]","[[0.872549, 0.857703, 0.849648, 0.851549, 0.85774], [0.861801, 0.845858, 0.830649, 0.839538, 0.845316], [0.825783, 0.826893, 0.815775, 0.818135, 0.821424], [0.802886, 0.79495, 0.803751, 0.820009, 0.794123], [0.817257, 0.804681, 0.809079, 0.796405, 0.800837]]","[[0.859595, 0.846387, 0.849648, 0.84518, 0.848769], [0.846067, 0.829742, 0.830562, 0.83468, 0.837121], [0.818309, 0.810261, 0.804134, 0.814486, 0.821424], [0.798388, 0.783013, 0.787699, 0.795389, 0.792767], [0.796563, 0.779812, 0.780391, 0.788665, 0.790169]]","[[""q_uniformity"", ""q_uniformity"", ""q_uniformity"", ""q_uniformity"", ""q_uniformity""], [""q_uniformity"", ""q_uniformity"", ""q_uniformity"", ""q_uniformity"", ""q_uniformity""], [""q_uniformity"", ""q_uniformity"", ""q_uniformity"", ""q_uniformity"", ""q_uniformity""], [""q_uniformity"", ""q_scratch"", ""q_scratch"", ""q_uniformity"", ""q_uniformity""], [""q_uniformity"", ""q_scratch"", ""q_scratch"", ""q_uniformity"", ""q_uniformity""]]","[[42.266, 42.351, 42.865, 43.494, 43.946], [41.422, 41.48, 41.856, 42.562, 43.007], [39.976, 40.22, 40.592, 41.145, 41.535], [38.819, 38.919, 39.451, 40.111, 40.107], [38.589, 38.63, 39.079, 39.365, 39.724]]","[[44.058, 44.4, 45.141, 45.847, 46.259], [43.253, 43.572, 44.274, 44.963, 45.387], [42.081, 42.359, 42.984, 43.623, 44.043], [40.985, 41.22, 41.758, 42.33, 42.727], [40.509, 40.725, 41.222, 41.76, 42.143]]","[[44.333, 44.899, 45.661, 46.238, 46.504], [43.768, 44.311, 45.055, 45.635, 45.915], [42.728, 43.22, 43.912, 44.478, 44.768], [41.536, 41.961, 42.573, 43.098, 43.383], [40.728, 41.1, 41.648, 42.135, 42.409]]"
finish_rule,63,0,1,continue,5.7779998779296875,5.777801513671875,5.659219264984131,6.927986145019531,0.0,5.945709068328142,0.0,0,49.102912757340434,66.80489856459445,0.16806753726186213,0.1435170168678719,2.2207585917018577,1.7675058030609643,1.9070695432687736,1.1939559194412015,40.0,38.353004022271875,1.6469959777281247,8.353004022271875,35.90280469370666,0.008118250888556446,0.04564430622007925,0.2910288328849091,0.47051323850922194,21.829466033642955,6.248513238509221,False,True,66.80489856459445,50.86620102775445,15,15,0,77.99313529028515,77.91153503552346,0,0,0,15,0,0:0;0:1;0:2;0:4;1:2;1:3;1:4;2:0;2:1;2:2;2:4;3:0;3:4;4:0;4:1,0:0;0:1;0:2;0:4;1:2;1:3;1:4;2:0;2:1;2:2;2:4;3:0;3:4;4:0;4:1,,,0:0;0:1;0:2;0:4;1:2;1:3;1:4;2:0;2:1;2:2;2:4;3:0;3:4;4:0;4:1,,"{""q_ra"": 2, ""q_scratch"": 13, ""q_thermal"": 0, ""q_uniformity"": 0}","[[50.866, 65.376, 65.471, 70.327, 69.222], [75.017, 76.26, 67.976, 68.209, 56.654], [69.1, 69.251, 68.833, 70.186, 51.033], [51.515, 76.77, 76.914, 72.174, 57.439], [52.875, 60.873, 76.798, 75.836, 75.15]]","[[50.866, 65.376, 65.471, 70.327, 69.222], [75.017, 76.26, 67.976, 68.209, 56.654], [69.1, 69.251, 68.833, 70.186, 51.033], [51.515, 76.77, 76.914, 72.174, 57.439], [52.875, 60.873, 76.798, 75.836, 75.15]]","[[50.866, 65.376, 65.471, 70.327, 69.222], [75.017, 76.26, 67.976, 68.209, 56.654], [69.1, 69.251, 68.833, 70.186, 51.033], [51.515, 76.77, 76.914, 72.174, 57.439], [52.875, 60.873, 76.798, 75.836, 75.15]]","[[78.0, 78.0, 78.0, 78.0, 78.0], [78.0, 78.0, 78.0, 78.0, 78.0], [78.0, 78.0, 78.0, 78.0, 78.0], [78.0, 78.0, 78.0, 77.992, 77.912], [78.0, 78.0, 78.0, 77.992, 77.933]]","[[78.0, 78.0, 78.0, 78.0, 78.0], [78.0, 78.0, 78.0, 78.0, 78.0], [78.0, 78.0, 78.0, 78.0, 78.0], [78.0, 78.0, 78.0, 77.992, 77.912], [78.0, 78.0, 78.0, 77.992, 77.933]]","[[78.0, 78.0, 78.0, 78.0, 78.0], [78.0, 78.0, 78.0, 78.0, 78.0], [78.0, 78.0, 78.0, 78.0, 78.0], [78.0, 78.0, 78.0, 77.992, 77.912], [78.0, 78.0, 78.0, 77.992, 77.933]]","[[0.889402, 0.872001, 0.845098, 0.850098, 0.874527], [0.860161, 0.837395, 0.828953, 0.808624, 0.834162], [0.829613, 0.824181, 0.804811, 0.803241, 0.821657], [0.817837, 0.813108, 0.814874, 0.810447, 0.818347], [0.877118, 0.846747, 0.849576, 0.834117, 0.837446]]","[[0.917682, 0.912384, 0.887644, 0.884907, 0.892648], [0.909651, 0.894014, 0.885212, 0.854452, 0.864955], [0.888213, 0.886285, 0.863316, 0.852812, 0.858266], [0.866155, 0.862083, 0.862005, 0.851043, 0.838666], [0.894114, 0.86539, 0.86211, 0.8353, 0.837446]]","[[0.917682, 0.912384, 0.885219, 0.876189, 0.879811], [0.900739, 0.88683, 0.872029, 0.854452, 0.851309], [0.888213, 0.883152, 0.863316, 0.852506, 0.848599], [0.865666, 0.854604, 0.858223, 0.839107, 0.836725], [0.864838, 0.855541, 0.854851, 0.8353, 0.837446]]","[[""q_ra"", ""q_scratch"", ""q_scratch"", ""q_scratch"", ""q_scratch""], [""q_uniformity"", ""q_uniformity"", ""q_scratch"", ""q_scratch"", ""q_scratch""], [""q_scratch"", ""q_scratch"", ""q_scratch"", ""q_scratch"", ""q_ra""], [""q_scratch"", ""q_uniformity"", ""q_uniformity"", ""q_scratch"", ""q_scratch""], [""q_scratch"", ""q_scratch"", ""q_uniformity"", ""q_uniformity"", ""q_uniformity""]]","[[43.814, 43.006, 41.778, 41.037, 40.849], [42.542, 41.78, 40.974, 40.04, 39.936], [40.801, 40.443, 39.726, 39.218, 39.112], [39.343, 39.138, 38.878, 38.511, 38.387], [39.138, 38.751, 38.621, 38.353, 38.374]]","[[45.054, 44.255, 43.268, 42.472, 42.154], [43.788, 43.176, 42.397, 41.75, 41.487], [42.16, 41.783, 41.265, 40.809, 40.617], [40.786, 40.6, 40.299, 40.001, 40.0], [40.22, 40.112, 40.0, 40.0, 40.0]]","[[45.532, 44.915, 43.936, 42.983, 42.406], [44.581, 44.067, 43.238, 42.416, 41.911], [43.019, 42.67, 42.084, 41.476, 41.09], [41.424, 41.239, 40.895, 40.502, 40.248], [40.418, 40.334, 40.148, 40.014, 40.0]]"
finish_rule,63,0,2,success,6.248513221740723,5.31122350692749,5.164458751678467,6.536765098571777,-0.4999999701976776,7.999825291335583,0.6908990144729614,0,66.80489856459445,71.15366862125374,0.1435170168678719,0.14912546936995139,1.7675058030609643,1.5389012827014157,1.1939559194412015,0.7329734169339379,38.353004022271875,37.324723271844846,1.0282807504270295,7.324723271844846,35.90280469370666,0.008118250888556446,0.0,0.19910716686290403,,,,True,True,71.15366862125374,58.11201841517829,8,8,0,77.99313529028515,77.91153503552346,0,0,0,8,0,0:0;0:1;1:4;2:4;3:0;3:4;4:0;4:1,0:0;0:1;1:4;2:4;3:0;3:4;4:0;4:1,,,0:0;0:1;1:4;2:4;3:0;3:4;4:0;4:1,,"{""q_ra"": 1, ""q_scratch"": 6, ""q_thermal"": 0, ""q_uniformity"": 1}","[[58.112, 69.743, 70.287, 73.481, 71.787], [73.902, 75.891, 71.849, 71.86, 65.547], [72.297, 73.315, 73.005, 73.379, 64.646], [64.755, 76.485, 76.692, 75.33, 65.891], [66.378, 67.876, 76.613, 75.479, 74.241]]","[[58.112, 69.743, 70.287, 73.481, 71.787], [73.902, 75.891, 71.849, 71.86, 65.547], [72.297, 73.315, 73.005, 73.379, 64.646], [64.755, 76.485, 76.692, 75.33, 65.891], [66.378, 67.876, 76.613, 75.479, 74.241]]","[[58.112, 69.743, 70.287, 73.481, 71.787], [73.902, 75.891, 71.849, 71.86, 65.547], [72.297, 73.315, 73.005, 73.379, 64.646], [64.755, 76.485, 76.692, 75.33, 65.891], [66.378, 67.876, 76.613, 75.479, 74.241]]","[[78.0, 78.0, 78.0, 78.0, 78.0], [78.0, 78.0, 78.0, 78.0, 78.0], [78.0, 78.0, 78.0, 78.0, 78.0], [78.0, 78.0, 78.0, 77.992, 77.912], [78.0, 78.0, 78.0, 77.992, 77.933]]","[[78.0, 78.0, 78.0, 78.0, 78.0], [78.0, 78.0, 78.0, 78.0, 78.0], [78.0, 78.0, 78.0, 78.0, 78.0], [78.0, 78.0, 78.0, 77.992, 77.912], [78.0, 78.0, 78.0, 77.992, 77.933]]","[[78.0, 78.0, 78.0, 78.0, 78.0], [78.0, 78.0, 78.0, 78.0, 78.0], [78.0, 78.0, 78.0, 78.0, 78.0], [78.0, 78.0, 78.0, 77.992, 77.912], [78.0, 78.0, 78.0, 77.992, 77.933]]","[[0.83541, 0.814096, 0.778892, 0.776794, 0.797752], [0.801245, 0.774153, 0.759736, 0.72921, 0.749641], [0.761952, 0.755283, 0.7278, 0.720338, 0.733273], [0.738767, 0.732461, 0.730701, 0.719283, 0.721994], [0.790847, 0.753642, 0.752568, 0.731434, 0.735184]]","[[0.861974, 0.851796, 0.818105, 0.808601, 0.814282], [0.847346, 0.826496, 0.811298, 0.770537, 0.777314], [0.815773, 0.812195, 0.780707, 0.764793, 0.765943], [0.782414, 0.776578, 0.772963, 0.755312, 0.739921], [0.806171, 0.770235, 0.763672, 0.732472, 0.735184]]","[[0.861974, 0.851796, 0.815008, 0.799458, 0.802531], [0.838964, 0.820127, 0.797761, 0.770537, 0.764892], [0.815773, 0.810397, 0.780707, 0.764793, 0.760813], [0.782414, 0.769775, 0.772388, 0.744092, 0.738376], [0.778917, 0.762136, 0.760735, 0.732472, 0.735184]]","[[""q_ra"", ""q_scratch"", ""q_uniformity"", ""q_uniformity"", ""q_scratch""], [""q_uniformity"", ""q_uniformity"", ""q_uniformity"", ""q_uniformity"", ""q_scratch""], [""q_uniformity"", ""q_uniformity"", ""q_uniformity"", ""q_uniformity"", ""q_uniformity""], [""q_scratch"", ""q_uniformity"", ""q_uniformity"", ""q_uniformity"", ""q_scratch""], [""q_scratch"", ""q_scratch"", ""q_uniformity"", ""q_uniformity"", ""q_uniformity""]]","[[42.976, 42.142, 40.855, 40.085, 39.897], [41.683, 40.89, 40.058, 39.054, 38.929], [39.92, 39.57, 38.795, 38.266, 38.132], [38.439, 38.232, 37.961, 37.554, 37.399], [38.239, 37.788, 37.637, 37.325, 37.352]]","[[45.054, 44.255, 43.268, 42.472, 42.154], [43.788, 43.176, 42.397, 41.75, 41.487], [42.16, 41.783, 41.265, 40.809, 40.617], [40.786, 40.6, 40.299, 40.001, 40.0], [40.22, 40.112, 40.0, 40.0, 40.0]]","[[45.532, 44.915, 43.936, 42.983, 42.406], [44.581, 44.067, 43.238, 42.416, 41.911], [43.019, 42.67, 42.084, 41.476, 41.09], [41.424, 41.239, 40.895, 40.502, 40.248], [40.418, 40.334, 40.148, 40.014, 40.0]]"
finish_rule,64,0,1,continue,5.7779998779296875,5.777801513671875,5.659214019775391,6.927783489227295,0.0,5.945709068328142,0.0,0,52.38423776782575,69.06739921720225,0.16523085449771183,0.13819216867998524,2.024032038672381,1.6539279223980692,1.6643903142131993,1.0584807966385719,42.27479102615485,41.09427084450071,1.1805201816541384,11.094270844500713,35.902760336535344,0.008117952204426458,0.01332286832568213,0.20860143785496776,0.19160273001011127,43.596395777595724,5.969602730010111,False,True,69.06739921720225,49.807176645619904,13,13,0,77.99313583926835,77.91154407155958,0,0,0,13,0,0:3;1:0;1:1;1:2;1:4;2:1;3:1;3:2;3:3;3:4;4:2;4:3;4:4,0:3;1:0;1:1;1:2;1:4;2:1;3:1;3:2;3:3;3:4;4:2;4:3;4:4,,,0:3;1:0;1:1;1:2;1:4;2:1;3:1;3:2;3:3;3:4;4:2;4:3;4:4,,"{""q_ra"": 1, ""q_scratch"": 12, ""q_thermal"": 0, ""q_uniformity"": 0}","[[70.314, 75.702, 75.746, 69.463, 70.294], [65.209, 58.275, 65.337, 76.585, 69.579], [76.24, 53.883, 71.635, 76.93, 76.798], [76.261, 60.608, 69.283, 67.521, 49.807], [76.738, 73.803, 69.235, 69.501, 61.936]]","[[70.314, 75.702, 75.746, 69.463, 70.294], [65.209, 58.275, 65.337, 76.585, 69.579], [76.24, 53.883, 71.635, 76.93, 76.798], [76.261, 60.608, 69.283, 67.521, 49.807], [76.738, 73.803, 69.235, 69.501, 61.936]]","[[70.314, 75.702, 75.746, 69.463, 70.294], [65.209, 58.275, 65.337, 76.585, 69.579], [76.24, 53.883, 71.635, 76.93, 76.798], [76.261, 60.608, 69.283, 67.521, 49.807], [76.738, 73.803, 69.235, 69.501, 61.936]]","[[78.0, 78.0, 78.0, 78.0, 78.0], [78.0, 78.0, 78.0, 78.0, 78.0], [78.0, 78.0, 78.0, 78.0, 78.0], [78.0, 78.0, 78.0, 77.992, 77.912], [78.0, 78.0, 78.0, 77.992, 77.933]]","[[78.0, 78.0, 78.0, 78.0, 78.0], [78.0, 78.0, 78.0, 78.0, 78.0], [78.0, 78.0, 78.0, 78.0, 78.0], [78.0, 78.0, 78.0, 77.992, 77.912], [78.0, 78.0, 78.0, 77.992, 77.933]]","[[78.0, 78.0, 78.0, 78.0, 78.0], [78.0, 78.0, 78.0, 78.0, 78.0], [78.0, 78.0, 78.0, 78.0, 78.0], [78.0, 78.0, 78.0, 77.992, 77.912], [78.0, 78.0, 78.0, 77.992, 77.933]]","[[0.938035, 0.918651, 0.895113, 0.886547, 0.899434], [0.924161, 0.913998, 0.888716, 0.855174, 0.868887], [0.905314, 0.895798, 0.864799, 0.82271, 0.848552], [0.898879, 0.881272, 0.842547, 0.817033, 0.857716], [0.907428, 0.881532, 0.843302, 0.826552, 0.872357]]","[[0.941936, 0.92379, 0.910561, 0.912963, 0.918432], [0.933139, 0.918593, 0.91723, 0.90008, 0.906019], [0.924643, 0.913543, 0.905016, 0.882589, 0.896191], [0.92934, 0.918005, 0.89336, 0.885815, 0.90403], [0.931986, 0.923569, 0.90256, 0.893917, 0.903826]]","[[0.932559, 0.920658, 0.910561, 0.899615, 0.912302], [0.925268, 0.914986, 0.906586, 0.899024, 0.895465], [0.921166, 0.909878, 0.904943, 0.882589, 0.881585], [0.925752, 0.918005, 0.890382, 0.876956, 0.877802], [0.931986, 0.920754, 0.900329, 0.886482, 0.885078]]","[[""q_scratch"", ""q_uniformity"", ""q_uniformity"", ""q_scratch"", ""q_scratch""], [""q_scratch"", ""q_scratch"", ""q_scratch"", ""q_uniformity"", ""q_scratch""], [""q_uniformity"", ""q_scratch"", ""q_scratch"", ""q_uniformity"", ""q_uniformity""], [""q_uniformity"", ""q_scratch"", ""q_scratch"", ""q_scratch"", ""q_ra""], [""q_uniformity"", ""q_scratch"", ""q_scratch"", ""q_scratch"", ""q_scratch""]]","[[45.973, 45.832, 45.389, 44.803, 44.543], [45.873, 45.755, 45.061, 43.841, 43.455], [46.084, 45.695, 44.457, 42.691, 42.211], [46.886, 45.994, 44.075, 42.068, 41.439], [47.812, 46.493, 44.178, 41.925, 41.094]]","[[46.958, 47.138, 46.9, 46.214, 45.834], [47.011, 47.152, 46.42, 45.378, 44.851], [47.395, 47.18, 45.974, 44.379, 43.625], [48.17, 47.422, 45.755, 43.624, 42.653], [49.112, 47.858, 45.709, 43.34, 42.275]]","[[47.028, 47.234, 47.192, 46.697, 46.169], [47.176, 47.238, 46.947, 46.186, 45.485], [47.766, 47.521, 46.717, 45.425, 44.39], [48.786, 48.148, 46.705, 44.771, 43.336], [49.629, 48.709, 46.813, 44.428, 42.718]]"
finish_rule,64,0,2,success,5.969602584838867,5.074214935302734,4.93395471572876,6.299013137817383,-0.4999999701976776,7.999825291335583,0.6908990144729614,0,69.06739921720225,72.47669653479436,0.13819216867998524,0.14574334915693687,1.6539279223980692,1.4970906684005374,1.0584807966385719,0.638557759207163,41.09427084450071,40.17923609938881,0.9150347451119032,10.17923609938881,35.902760336535344,0.008117952204426458,0.0,0.18545665654265128,,,,True,True,72.47669653479436,64.8763835386236,5,5,0,77.99313583926835,77.91154407155958,0,0,0,5,0,1:1;2:1;3:1;3:4;4:4,1:1;2:1;3:1;3:4;4:4,,,1:1;2:1;3:1;3:4;4:4,,"{""q_ra"": 0, ""q_scratch"": 4, ""q_thermal"": 0, ""q_uniformity"": 1}","[[73.487, 74.876, 75.219, 72.962, 73.719], [70.452, 66.416, 70.371, 76.287, 72.067], [75.745, 65.592, 74.685, 76.706, 76.803], [75.963, 66.789, 72.594, 71.036, 64.876], [76.298, 76.316, 72.079, 72.664, 67.915]]","[[73.487, 74.876, 75.219, 72.962, 73.719], [70.452, 66.416, 70.371, 76.287, 72.067], [75.745, 65.592, 74.685, 76.706, 76.803], [75.963, 66.789, 72.594, 71.036, 64.876], [76.298, 76.316, 72.079, 72.664, 67.915]]","[[73.487, 74.876, 75.219, 72.962, 73.719], [70.452, 66.416, 70.371, 76.287, 72.067], [75.745, 65.592, 74.685, 76.706, 76.803], [75.963, 66.789, 72.594, 71.036, 64.876], [76.298, 76.316, 72.079, 72.664, 67.915]]","[[78.0, 78.0, 78.0, 78.0, 78.0], [78.0, 78.0, 78.0, 78.0, 78.0], [78.0, 78.0, 78.0, 78.0, 78.0], [78.0, 78.0, 78.0, 77.992, 77.912], [78.0, 78.0, 78.0, 77.992, 77.933]]","[[78.0, 78.0, 78.0, 78.0, 78.0], [78.0, 78.0, 78.0, 78.0, 78.0], [78.0, 78.0, 78.0, 78.0, 78.0], [78.0, 78.0, 78.0, 77.992, 77.912], [78.0, 78.0, 78.0, 77.992, 77.933]]","[[78.0, 78.0, 78.0, 78.0, 78.0], [78.0, 78.0, 78.0, 78.0, 78.0], [78.0, 78.0, 78.0, 78.0, 78.0], [78.0, 78.0, 78.0, 77.992, 77.912], [78.0, 78.0, 78.0, 77.992, 77.933]]","[[0.892657, 0.86996, 0.843124, 0.833842, 0.845796], [0.877299, 0.863565, 0.838424, 0.800091, 0.809826], [0.857862, 0.845236, 0.812283, 0.762716, 0.783385], [0.854678, 0.834446, 0.787509, 0.756569, 0.787132], [0.864274, 0.836487, 0.790159, 0.763177, 0.800407]]","[[0.89637, 0.874827, 0.857675, 0.858688, 0.863661], [0.885823, 0.867907, 0.865325, 0.842105, 0.844434], [0.876178, 0.86198, 0.850058, 0.818229, 0.827365], [0.883641, 0.869227, 0.835003, 0.820261, 0.829635], [0.887664, 0.876377, 0.845682, 0.825376, 0.82928]]","[[0.887446, 0.871861, 0.857675, 0.844316, 0.85724], [0.87786, 0.864499, 0.852991, 0.841592, 0.837112], [0.872714, 0.858417, 0.849864, 0.818229, 0.816288], [0.879885, 0.869227, 0.832078, 0.810619, 0.804448], [0.887664, 0.87125, 0.843641, 0.820622, 0.810908]]","[[""q_uniformity"", ""q_uniformity"", ""q_uniformity"", ""q_uniformity"", ""q_uniformity""], [""q_uniformity"", ""q_scratch"", ""q_uniformity"", ""q_uniformity"", ""q_uniformity""], [""q_uniformity"", ""q_scratch"", ""q_uniformity"", ""q_uniformity"", ""q_uniformity""], [""q_uniformity"", ""q_scratch"", ""q_uniformity"", ""q_uniformity"", ""q_uniformity""], [""q_uniformity"", ""q_uniformity"", ""q_uniformity"", ""q_uniformity"", ""q_scratch""]]","[[45.2, 44.993, 44.495, 43.923, 43.675], [45.068, 44.886, 44.209, 42.95, 42.54], [45.241, 44.809, 43.579, 41.765, 41.273], [46.056, 45.144, 43.156, 41.175, 40.498], [46.965, 45.65, 43.285, 41.011, 40.179]]","[[46.958, 47.138, 46.9, 46.214, 45.834], [47.011, 47.152, 46.42, 45.378, 44.851], [47.395, 47.18, 45.974, 44.379, 43.625], [48.17, 47.422, 45.755, 43.624, 42.653], [49.112, 47.858, 45.709, 43.34, 42.275]]","[[47.028, 47.234, 47.192, 46.697, 46.169], [47.176, 47.238, 46.947, 46.186, 45.485], [47.766, 47.521, 46.717, 45.425, 44.39], [48.786, 48.148, 46.705, 44.771, 43.336], [49.629, 48.709, 46.813, 44.428, 42.718]]"
finish_rule,65,0,1,continue,5.7779998779296875,5.777801513671875,5.659216403961182,6.928872585296631,0.0,5.945709068328142,0.0,0,55.014390926730556,66.31765371638869,0.20179336573418166,0.14721072644880992,2.026504916022895,1.685603407415484,1.5264815320661143,1.0884133431899037,40.0,38.37389883676248,1.6261011632375215,8.373898836762478,35.90277083041684,0.008117951512658525,0.05260494690873299,0.2873368055159241,0.5492329478739644,22.182674528304517,6.327232947873964,False,True,66.31765371638869,43.09836020723621,12,12,0,77.99313575021176,77.9115414190309,0,0,0,12,0,0:0;0:1;0:2;1:0;1:1;1:2;1:3;2:0;2:1;3:1;4:0;4:1,0:0;0:1;0:2;1:0;1:1;1:2;1:3;2:0;2:1;3:1;4:0;4:1,,,0:0;0:1;0:2;1:0;1:1;1:2;1:3;2:0;2:1;3:1;4:0;4:1,,"{""q_ra"": 4, ""q_scratch"": 8, ""q_thermal"": 0, ""q_uniformity"": 0}","[[43.46, 68.892, 68.551, 71.839, 75.78], [43.098, 50.608, 52.699, 69.645, 76.234], [43.421, 59.178, 76.678, 77.001, 76.356], [75.967, 63.537, 70.036, 76.683, 75.494], [53.903, 59.252, 76.333, 76.802, 76.491]]","[[43.46, 68.892, 68.551, 71.839, 75.78], [43.098, 50.608, 52.699, 69.645, 76.234], [43.421, 59.178, 76.678, 77.001, 76.356], [75.967, 63.537, 70.036, 76.683, 75.494], [53.903, 59.252, 76.333, 76.802, 76.491]]","[[43.46, 68.892, 68.551, 71.839, 75.78], [43.098, 50.608, 52.699, 69.645, 76.234], [43.421, 59.178, 76.678, 77.001, 76.356], [75.967, 63.537, 70.036, 76.683, 75.494], [53.903, 59.252, 76.333, 76.802, 76.491]]","[[78.0, 78.0, 78.0, 78.0, 78.0], [78.0, 78.0, 78.0, 78.0, 78.0], [78.0, 78.0, 78.0, 78.0, 78.0], [78.0, 78.0, 78.0, 77.992, 77.912], [78.0, 78.0, 78.0, 77.992, 77.933]]","[[78.0, 78.0, 78.0, 78.0, 78.0], [78.0, 78.0, 78.0, 78.0, 78.0], [78.0, 78.0, 78.0, 78.0, 78.0], [78.0, 78.0, 78.0, 77.992, 77.912], [78.0, 78.0, 78.0, 77.992, 77.933]]","[[78.0, 78.0, 78.0, 78.0, 78.0], [78.0, 78.0, 78.0, 78.0, 78.0], [78.0, 78.0, 78.0, 78.0, 78.0], [78.0, 78.0, 78.0, 77.992, 77.912], [78.0, 78.0, 78.0, 77.992, 77.933]]","[[0.911922, 0.885824, 0.87493, 0.861218, 0.876731], [0.899684, 0.871737, 0.850203, 0.831102, 0.840939], [0.888807, 0.856868, 0.814176, 0.789652, 0.795], [0.885445, 0.842614, 0.798856, 0.78278, 0.828825], [0.8818, 0.847069, 0.795824, 0.835747, 0.864346]]","[[0.923024, 0.904122, 0.895385, 0.879789, 0.888832], [0.916254, 0.894166, 0.885176, 0.870628, 0.873397], [0.906477, 0.892666, 0.872475, 0.858456, 0.851902], [0.902814, 0.891444, 0.876614, 0.852243, 0.83739], [0.901807, 0.898661, 0.871591, 0.860431, 0.864346]]","[[0.920114, 0.901701, 0.890632, 0.879789, 0.879806], [0.912849, 0.893407, 0.884631, 0.867959, 0.860801], [0.902968, 0.884034, 0.871799, 0.85208, 0.843864], [0.90255, 0.890068, 0.869181, 0.849972, 0.833744], [0.900961, 0.892416, 0.86542, 0.860296, 0.864346]]","[[""q_ra"", ""q_scratch"", ""q_scratch"", ""q_scratch"", ""q_uniformity""], [""q_ra"", ""q_ra"", ""q_scratch"", ""q_scratch"", ""q_uniformity""], [""q_ra"", ""q_scratch"", ""q_uniformity"", ""q_uniformity"", ""q_uniformity""], [""q_uniformity"", ""q_scratch"", ""q_scratch"", ""q_uniformity"", ""q_uniformity""], [""q_scratch"", ""q_scratch"", ""q_uniformity"", ""q_uniformity"", ""q_uniformity""]]","[[43.101, 42.358, 41.683, 41.056, 41.01], [43.111, 42.259, 41.294, 40.435, 40.198], [43.169, 42.103, 40.584, 39.368, 38.867], [43.236, 41.829, 39.988, 38.522, 38.374], [43.203, 41.785, 39.622, 38.604, 38.643]]","[[44.194, 43.668, 43.048, 42.567, 42.387], [44.31, 43.71, 42.759, 41.985, 41.677], [44.528, 43.558, 42.131, 40.912, 40.408], [44.661, 43.27, 41.394, 40.0, 40.0], [44.641, 43.114, 41.039, 40.0, 40.0]]","[[44.367, 43.95, 43.353, 42.838, 42.558], [44.573, 44.062, 43.284, 42.555, 42.127], [44.817, 44.124, 43.0, 41.863, 41.153], [44.948, 44.039, 42.503, 40.887, 40.103], [44.973, 43.913, 42.09, 40.295, 40.0]]"
finish_rule,65,0,2,success,6.327232837677002,5.378130912780762,5.229515075683594,6.60269832611084,-0.4999999701976776,7.999825291335583,0.6908990144729614,0,66.31765371638869,70.6390864293831,0.14721072644880992,0.15185319436886882,1.685603407415484,1.4928492487165776,1.0884133431899037,0.7267084389199607,38.37389883676248,37.38587307429563,0.9880257624668474,7.385873074295631,35.90277083041684,0.008117951512658525,0.0,0.1889325775273139,,,,True,True,70.6390864293831,51.05191360503093,9,9,0,77.99313575021176,77.9115414190309,0,0,0,9,0,0:0;1:0;1:1;1:2;2:0;2:1;3:1;4:0;4:1,0:0;1:0;1:1;1:2;2:0;2:1;3:1;4:0;4:1,,,0:0;1:0;1:1;1:2;2:0;2:1;3:1;4:0;4:1,,"{""q_ra"": 3, ""q_scratch"": 3, ""q_thermal"": 0, ""q_uniformity"": 3}","[[51.052, 72.565, 73.221, 75.989, 74.823], [52.53, 62.19, 65.349, 74.964, 75.854], [56.042, 68.344, 76.158, 76.782, 76.107], [75.487, 68.417, 73.818, 76.477, 75.105], [67.752, 68.467, 76.064, 76.562, 75.86]]","[[51.052, 72.565, 73.221, 75.989, 74.823], [52.53, 62.19, 65.349, 74.964, 75.854], [56.042, 68.344, 76.158, 76.782, 76.107], [75.487, 68.417, 73.818, 76.477, 75.105], [67.752, 68.467, 76.064, 76.562, 75.86]]","[[51.052, 72.565, 73.221, 75.989, 74.823], [52.53, 62.19, 65.349, 74.964, 75.854], [56.042, 68.344, 76.158, 76.782, 76.107], [75.487, 68.417, 73.818, 76.477, 75.105], [67.752, 68.467, 76.064, 76.562, 75.86]]","[[78.0, 78.0, 78.0, 78.0, 78.0], [78.0, 78.0, 78.0, 78.0, 78.0], [78.0, 78.0, 78.0, 78.0, 78.0], [78.0, 78.0, 78.0, 77.992, 77.912], [78.0, 78.0, 78.0, 77.992, 77.933]]","[[78.0, 78.0, 78.0, 78.0, 78.0], [78.0, 78.0, 78.0, 78.0, 78.0], [78.0, 78.0, 78.0, 78.0, 78.0], [78.0, 78.0, 78.0, 77.992, 77.912], [78.0, 78.0, 78.0, 77.992, 77.933]]","[[78.0, 78.0, 78.0, 78.0, 78.0], [78.0, 78.0, 78.0, 78.0, 78.0], [78.0, 78.0, 78.0, 78.0, 78.0], [78.0, 78.0, 78.0, 77.992, 77.912], [78.0, 78.0, 78.0, 77.992, 77.933]]","[[0.856365, 0.821448, 0.803468, 0.785865, 0.800641], [0.842523, 0.805717, 0.777907, 0.753397, 0.759102], [0.828284, 0.787788, 0.738205, 0.707325, 0.704653], [0.824389, 0.776632, 0.722196, 0.693802, 0.731033], [0.818124, 0.778752, 0.712742, 0.741452, 0.769026]]","[[0.866791, 0.838416, 0.822253, 0.802811, 0.811692], [0.85804, 0.826448, 0.809905, 0.789227, 0.788402], [0.844751, 0.820701, 0.791064, 0.768956, 0.755089], [0.840561, 0.821638, 0.792492, 0.755369, 0.738587], [0.836686, 0.826183, 0.780599, 0.763351, 0.769026]]","[[0.864058, 0.836171, 0.818889, 0.802811, 0.802726], [0.854851, 0.825911, 0.809905, 0.788779, 0.776769], [0.841262, 0.812764, 0.790999, 0.763441, 0.747885], [0.840315, 0.821638, 0.785566, 0.75368, 0.733795], [0.835721, 0.822468, 0.775466, 0.76331, 0.769026]]","[[""q_ra"", ""q_scratch"", ""q_uniformity"", ""q_uniformity"", ""q_uniformity""], [""q_ra"", ""q_scratch"", ""q_scratch"", ""q_uniformity"", ""q_uniformity""], [""q_ra"", ""q_uniformity"", ""q_uniformity"", ""q_uniformity"", ""q_uniformity""], [""q_uniformity"", ""q_scratch"", ""q_scratch"", ""q_uniformity"", ""q_uniformity""], [""q_uniformity"", ""q_uniformity"", ""q_uniformity"", ""q_uniformity"", ""q_uniformity""]]","[[42.303, 41.46, 40.729, 40.089, 40.054], [42.278, 41.33, 40.334, 39.459, 39.206], [42.273, 41.127, 39.597, 38.391, 37.859], [42.323, 40.903, 39.029, 37.554, 37.386], [42.25, 40.835, 38.617, 37.634, 37.69]]","[[44.194, 43.668, 43.048, 42.567, 42.387], [44.31, 43.71, 42.759, 41.985, 41.677], [44.528, 43.558, 42.131, 40.912, 40.408], [44.661, 43.27, 41.394, 40.0, 40.0], [44.641, 43.114, 41.039, 40.0, 40.0]]","[[44.367, 43.95, 43.353, 42.838, 42.558], [44.573, 44.062, 43.284, 42.555, 42.127], [44.817, 44.124, 43.0, 41.863, 41.153], [44.948, 44.039, 42.503, 40.887, 40.103], [44.973, 43.913, 42.09, 40.295, 40.0]]"
finish_rule,66,0,1,continue,5.7779998779296875,5.777801513671875,5.659219264984131,6.927986145019531,0.0,5.945709068328142,0.0,0,47.170327569244826,63.14648021257342,0.2686534565194634,0.1891048696296471,2.0158393397652574,1.6803437838952906,1.6141377871042677,0.9351764994110383,40.93495351131395,39.921367005896045,1.013586505417905,9.921367005896045,35.90280469370666,0.008118250888556446,0.0979074255346654,0.17910359326230263,1.639957475190523,44.22785082985445,7.417957475190523,False,True,63.14648021257342,48.01391428194269,20,20,0,77.99313529028515,77.91153503552346,0,0,0,20,0,0:2;0:3;0:4;1:1;1:2;1:3;1:4;2:0;2:1;2:3;2:4;3:0;3:1;3:2;3:3;3:4;4:1;4:2;4:3;4:4,0:2;0:3;0:4;1:1;1:2;1:3;1:4;2:0;2:1;2:3;2:4;3:0;3:1;3:2;3:3;3:4;4:1;4:2;4:3;4:4,,,0:2;0:3;0:4;1:1;1:2;1:3;1:4;2:0;2:1;2:3;2:4;3:0;3:1;3:2;3:3;3:4;4:1;4:2;4:3;4:4,,"{""q_ra"": 6, ""q_scratch"": 14, ""q_thermal"": 0, ""q_uniformity"": 0}","[[75.128, 76.059, 48.014, 53.026, 60.116], [75.266, 56.805, 57.505, 58.314, 65.094], [62.756, 60.361, 76.654, 68.687, 57.554], [61.857, 54.574, 57.861, 66.551, 54.337], [75.531, 69.926, 66.568, 63.852, 56.264]]","[[75.128, 76.059, 48.014, 53.026, 60.116], [75.266, 56.805, 57.505, 58.314, 65.094], [62.756, 60.361, 76.654, 68.687, 57.554], [61.857, 54.574, 57.861, 66.551, 54.337], [75.531, 69.926, 66.568, 63.852, 56.264]]","[[75.128, 76.059, 48.014, 53.026, 60.116], [75.266, 56.805, 57.505, 58.314, 65.094], [62.756, 60.361, 76.654, 68.687, 57.554], [61.857, 54.574, 57.861, 66.551, 54.337], [75.531, 69.926, 66.568, 63.852, 56.264]]","[[78.0, 78.0, 78.0, 78.0, 78.0], [78.0, 78.0, 78.0, 78.0, 78.0], [78.0, 78.0, 78.0, 78.0, 78.0], [78.0, 78.0, 78.0, 77.992, 77.912], [78.0, 78.0, 78.0, 77.992, 77.933]]","[[78.0, 78.0, 78.0, 78.0, 78.0], [78.0, 78.0, 78.0, 78.0, 78.0], [78.0, 78.0, 78.0, 78.0, 78.0], [78.0, 78.0, 78.0, 77.992, 77.912], [78.0, 78.0, 78.0, 77.992, 77.933]]","[[78.0, 78.0, 78.0, 78.0, 78.0], [78.0, 78.0, 78.0, 78.0, 78.0], [78.0, 78.0, 78.0, 78.0, 78.0], [78.0, 78.0, 78.0, 77.992, 77.912], [78.0, 78.0, 78.0, 77.992, 77.933]]","[[0.905729, 0.888048, 0.890438, 0.876774, 0.890499], [0.89292, 0.869274, 0.867149, 0.8685, 0.868517], [0.861595, 0.83395, 0.843518, 0.855367, 0.886518], [0.855041, 0.825139, 0.833716, 0.841116, 0.880032], [0.883725, 0.839085, 0.838941, 0.841969, 0.890708]]","[[0.915936, 0.904422, 0.910432, 0.898079, 0.904666], [0.917437, 0.901262, 0.898797, 0.898594, 0.892711], [0.898694, 0.883304, 0.892585, 0.891443, 0.914089], [0.894136, 0.88444, 0.895976, 0.886328, 0.90573], [0.907308, 0.891733, 0.901766, 0.891826, 0.91485]]","[[0.907072, 0.902855, 0.893256, 0.893274, 0.892955], [0.899959, 0.896871, 0.889764, 0.891215, 0.892711], [0.885093, 0.880003, 0.885375, 0.888681, 0.904417], [0.88022, 0.870911, 0.880655, 0.883049, 0.89999], [0.881777, 0.869838, 0.890035, 0.888126, 0.908434]]","[[""q_uniformity"", ""q_uniformity"", ""q_ra"", ""q_ra"", ""q_scratch""], [""q_uniformity"", ""q_ra"", ""q_ra"", ""q_scratch"", ""q_scratch""], [""q_scratch"", ""q_scratch"", ""q_uniformity"", ""q_scratch"", ""q_scratch""], [""q_scratch"", ""q_scratch"", ""q_scratch"", ""q_scratch"", ""q_ra""], [""q_uniformity"", ""q_scratch"", ""q_scratch"", ""q_scratch"", ""q_ra""]]","[[42.473, 42.459, 42.98, 43.403, 44.077], [41.97, 42.002, 42.655, 43.509, 44.104], [40.936, 41.111, 42.225, 43.559, 44.885], [40.116, 40.474, 41.875, 43.452, 45.117], [39.921, 40.266, 41.763, 43.479, 45.447]]","[[43.618, 43.776, 44.257, 44.924, 45.56], [43.047, 43.316, 44.079, 45.034, 45.799], [42.168, 42.579, 43.696, 45.21, 46.284], [41.314, 41.843, 43.254, 45.177, 46.69], [40.935, 41.513, 43.045, 45.114, 46.885]]","[[43.771, 44.03, 44.577, 45.287, 45.808], [43.405, 43.806, 44.593, 45.555, 46.239], [42.692, 43.323, 44.492, 45.852, 46.79], [41.831, 42.694, 44.244, 45.993, 47.177], [41.227, 42.235, 44.022, 46.009, 47.343]]"
finish_rule,66,0,2,success,7.417957305908203,6.305224895477295,6.130901336669922,7.530999183654785,-0.4999999701976776,7.999825291335583,0.6908990144729614,0,63.14648021257342,70.12437505477521,0.1891048696296471,0.193848852840419,1.6803437838952906,1.5147990991117197,0.9351764994110383,0.4924451608902869,39.921367005896045,38.85042536369717,1.0709416421988749,8.85042536369717,35.90280469370666,0.008118250888556446,0.0,0.17467931440902468,,,,True,True,70.12437505477521,62.86362496836469,13,13,0,77.99313529028515,77.91153503552346,0,0,0,13,0,0:2;0:3;0:4;1:1;1:2;1:3;2:1;2:4;3:0;3:1;3:2;3:4;4:4,0:2;0:3;0:4;1:1;1:2;1:3;2:1;2:4;3:0;3:1;3:2;3:4;4:4,,,0:2;0:3;0:4;1:1;1:2;1:3;2:1;2:4;3:0;3:1;3:2;3:4;4:4,,"{""q_ra"": 0, ""q_scratch"": 1, ""q_thermal"": 0, ""q_uniformity"": 12}","[[73.014, 74.961, 62.864, 67.432, 68.955], [73.8, 68.551, 67.454, 68.576, 70.866], [70.098, 68.018, 76.031, 71.725, 68.045], [69.225, 66.072, 68.483, 71.091, 68.406], [74.663, 73.196, 71.814, 71.766, 68.004]]","[[73.014, 74.961, 62.864, 67.432, 68.955], [73.8, 68.551, 67.454, 68.576, 70.866], [70.098, 68.018, 76.031, 71.725, 68.045], [69.225, 66.072, 68.483, 71.091, 68.406], [74.663, 73.196, 71.814, 71.766, 68.004]]","[[73.014, 74.961, 62.864, 67.432, 68.955], [73.8, 68.551, 67.454, 68.576, 70.866], [70.098, 68.018, 76.031, 71.725, 68.045], [69.225, 66.072, 68.483, 71.091, 68.406], [74.663, 73.196, 71.814, 71.766, 68.004]]","[[78.0, 78.0, 78.0, 78.0, 78.0], [78.0, 78.0, 78.0, 78.0, 78.0], [78.0, 78.0, 78.0, 78.0, 78.0], [78.0, 78.0, 78.0, 77.992, 77.912], [78.0, 78.0, 78.0, 77.992, 77.933]]","[[78.0, 78.0, 78.0, 78.0, 78.0], [78.0, 78.0, 78.0, 78.0, 78.0], [78.0, 78.0, 78.0, 78.0, 78.0], [78.0, 78.0, 78.0, 77.992, 77.912], [78.0, 78.0, 78.0, 77.992, 77.933]]","[[78.0, 78.0, 78.0, 78.0, 78.0], [78.0, 78.0, 78.0, 78.0, 78.0], [78.0, 78.0, 78.0, 78.0, 78.0], [78.0, 78.0, 78.0, 77.992, 77.912], [78.0, 78.0, 78.0, 77.992, 77.933]]","[[0.832851, 0.814469, 0.819179, 0.799395, 0.811769], [0.818265, 0.794536, 0.793216, 0.794607, 0.792098], [0.777833, 0.752726, 0.768186, 0.779053, 0.817247], [0.765088, 0.742119, 0.75514, 0.765439, 0.811476], [0.788333, 0.750904, 0.761653, 0.767515, 0.826603]]","[[0.842236, 0.829486, 0.837573, 0.818819, 0.824684], [0.840732, 0.823774, 0.822166, 0.822141, 0.814163], [0.811326, 0.797273, 0.812872, 0.811911, 0.842664], [0.80007, 0.795454, 0.811532, 0.806583, 0.835172], [0.80937, 0.798018, 0.81869, 0.812964, 0.849007]]","[[0.834085, 0.827601, 0.814171, 0.814438, 0.814008], [0.822754, 0.819399, 0.810395, 0.813905, 0.814163], [0.799127, 0.794101, 0.803503, 0.809395, 0.832241], [0.790103, 0.781725, 0.798857, 0.803599, 0.828978], [0.785492, 0.776265, 0.811509, 0.809869, 0.837693]]","[[""q_uniformity"", ""q_uniformity"", ""q_uniformity"", ""q_uniformity"", ""q_uniformity""], [""q_uniformity"", ""q_uniformity"", ""q_uniformity"", ""q_uniformity"", ""q_scratch""], [""q_uniformity"", ""q_uniformity"", ""q_uniformity"", ""q_uniformity"", ""q_uniformity""], [""q_scratch"", ""q_uniformity"", ""q_uniformity"", ""q_uniformity"", ""q_uniformity""], [""q_uniformity"", ""q_scratch"", ""q_uniformity"", ""q_uniformity"", ""q_uniformity""]]","[[41.469, 41.427, 41.942, 42.22, 42.832], [40.969, 40.97, 41.576, 42.36, 42.863], [39.873, 40.029, 41.133, 42.349, 43.722], [39.052, 39.42, 40.756, 42.241, 43.939], [38.85, 39.188, 40.68, 42.287, 44.336]]","[[43.618, 43.776, 44.257, 44.924, 45.56], [43.047, 43.316, 44.079, 45.034, 45.799], [42.168, 42.579, 43.696, 45.21, 46.284], [41.314, 41.843, 43.254, 45.177, 46.69], [40.935, 41.513, 43.045, 45.114, 46.885]]","[[43.771, 44.03, 44.577, 45.287, 45.808], [43.405, 43.806, 44.593, 45.555, 46.239], [42.692, 43.323, 44.492, 45.852, 46.79], [41.831, 42.694, 44.244, 45.993, 47.177], [41.227, 42.235, 44.022, 46.009, 47.343]]"
finish_rule,67,0,1,continue,5.7779998779296875,5.777801513671875,5.659213542938232,6.927933692932129,0.0,5.945709068328142,0.0,0,59.27999583491969,69.04259613111414,0.16950144383032512,0.13982893636516336,2.072557458187178,1.6223466286291948,1.6561923462738055,1.0590304240751107,40.0,38.469746078545185,1.5302539214548148,8.469746078545185,35.90275099151296,0.008118134860641411,0.013677198126940888,0.2704004557955442,0.15174380627467418,23.926535402873373,5.929743806274674,False,True,69.04259613111414,49.488065032421346,9,9,0,77.99313561673817,77.91154006724574,0,0,0,9,0,0:2;1:2;2:2;2:3;2:4;3:3;3:4;4:3;4:4,0:2;1:2;2:2;2:3;2:4;3:3;3:4;4:3;4:4,,,0:2;1:2;2:2;2:3;2:4;3:3;3:4;4:3;4:4,,"{""q_ra"": 3, ""q_scratch"": 6, ""q_thermal"": 0, ""q_uniformity"": 0}","[[75.424, 75.314, 58.76, 71.641, 75.656], [75.938, 76.785, 49.488, 71.377, 76.61], [75.331, 76.515, 63.705, 54.237, 65.005], [76.145, 76.455, 72.982, 60.54, 56.956], [76.526, 76.121, 71.502, 66.39, 50.663]]","[[75.424, 75.314, 58.76, 71.641, 75.656], [75.938, 76.785, 49.488, 71.377, 76.61], [75.331, 76.515, 63.705, 54.237, 65.005], [76.145, 76.455, 72.982, 60.54, 56.956], [76.526, 76.121, 71.502, 66.39, 50.663]]","[[75.424, 75.314, 58.76, 71.641, 75.656], [75.938, 76.785, 49.488, 71.377, 76.61], [75.331, 76.515, 63.705, 54.237, 65.005], [76.145, 76.455, 72.982, 60.54, 56.956], [76.526, 76.121, 71.502, 66.39, 50.663]]","[[78.0, 78.0, 78.0, 78.0, 78.0], [78.0, 78.0, 78.0, 78.0, 78.0], [78.0, 78.0, 78.0, 78.0, 78.0], [78.0, 78.0, 78.0, 77.992, 77.912], [78.0, 78.0, 78.0, 77.992, 77.933]]","[[78.0, 78.0, 78.0, 78.0, 78.0], [78.0, 78.0, 78.0, 78.0, 78.0], [78.0, 78.0, 78.0, 78.0, 78.0], [78.0, 78.0, 78.0, 77.992, 77.912], [78.0, 78.0, 78.0, 77.992, 77.933]]","[[78.0, 78.0, 78.0, 78.0, 78.0], [78.0, 78.0, 78.0, 78.0, 78.0], [78.0, 78.0, 78.0, 78.0, 78.0], [78.0, 78.0, 78.0, 77.992, 77.912], [78.0, 78.0, 78.0, 77.992, 77.933]]","[[0.890903, 0.853155, 0.783545, 0.82161, 0.854742], [0.871085, 0.854788, 0.79353, 0.808671, 0.839125], [0.85722, 0.849231, 0.811543, 0.801785, 0.824134], [0.865245, 0.843967, 0.816067, 0.818911, 0.845035], [0.86816, 0.838064, 0.827006, 0.835079, 0.857564]]","[[0.890903, 0.855897, 0.857353, 0.887334, 0.891831], [0.871085, 0.85548, 0.862653, 0.877243, 0.885977], [0.85722, 0.849304, 0.862025, 0.855902, 0.864042], [0.865245, 0.846975, 0.859167, 0.854581, 0.87113], [0.869738, 0.855717, 0.859013, 0.862743, 0.873396]]","[[0.890903, 0.851684, 0.857353, 0.885489, 0.891831], [0.871085, 0.852119, 0.856245, 0.858264, 0.883851], [0.85722, 0.849304, 0.852734, 0.855753, 0.864042], [0.865245, 0.846975, 0.853328, 0.846446, 0.860552], [0.869738, 0.850312, 0.855471, 0.848757, 0.870542]]","[[""q_uniformity"", ""q_uniformity"", ""q_scratch"", ""q_scratch"", ""q_uniformity""], [""q_uniformity"", ""q_uniformity"", ""q_ra"", ""q_scratch"", ""q_uniformity""], [""q_uniformity"", ""q_uniformity"", ""q_scratch"", ""q_ra"", ""q_scratch""], [""q_uniformity"", ""q_uniformity"", ""q_scratch"", ""q_scratch"", ""q_scratch""], [""q_uniformity"", ""q_uniformity"", ""q_scratch"", ""q_scratch"", ""q_ra""]]","[[38.909, 38.559, 38.87, 40.879, 42.39], [38.711, 38.555, 38.743, 40.288, 41.619], [38.572, 38.493, 38.704, 39.686, 40.711], [38.652, 38.47, 38.719, 39.571, 40.478], [38.697, 38.557, 38.92, 39.662, 40.425]]","[[40.0, 40.0, 40.346, 42.26, 43.893], [40.0, 40.0, 40.135, 41.728, 43.115], [40.0, 40.0, 40.097, 41.317, 42.397], [40.0, 40.0, 40.148, 41.2, 42.028], [40.0, 40.0, 40.384, 41.199, 41.936]]","[[40.0, 40.032, 41.321, 43.241, 44.496], [40.0, 40.008, 41.018, 42.722, 43.847], [40.0, 40.001, 40.725, 42.081, 42.997], [40.0, 40.036, 40.684, 41.688, 42.4], [40.018, 40.211, 40.786, 41.57, 42.156]]"
finish_rule,67,0,2,success,5.929743766784668,5.040188789367676,4.901020050048828,6.265242576599121,-0.4999999701976776,7.999825291335583,0.6908990144729614,0,69.04259613111414,72.2824622950435,0.13982893636516336,0.1491215134947387,1.6223466286291948,1.4566421253824076,1.0590304240751107,0.6966360968520733,38.469746078545185,37.60721229345019,0.8625337850949961,7.607212293450189,35.90275099151296,0.008118134860641411,0.0,0.17599066649123438,,,,True,True,72.2824622950435,61.65440402796357,8,8,0,77.99313561673817,77.91154006724574,0,0,0,8,0,0:2;1:2;2:2;2:3;2:4;3:3;3:4;4:4,0:2;1:2;2:2;2:3;2:4;3:3;3:4;4:4,,,0:2;1:2;2:2;2:3;2:4;3:3;3:4;4:4,,"{""q_ra"": 0, ""q_scratch"": 4, ""q_thermal"": 0, ""q_uniformity"": 4}","[[73.848, 74.369, 67.532, 74.334, 74.725], [74.987, 76.488, 61.654, 74.503, 76.318], [74.704, 76.337, 68.151, 66.701, 69.431], [75.87, 76.307, 76.364, 67.536, 66.956], [76.471, 76.044, 73.519, 70.738, 63.174]]","[[73.848, 74.369, 67.532, 74.334, 74.725], [74.987, 76.488, 61.654, 74.503, 76.318], [74.704, 76.337, 68.151, 66.701, 69.431], [75.87, 76.307, 76.364, 67.536, 66.956], [76.471, 76.044, 73.519, 70.738, 63.174]]","[[73.848, 74.369, 67.532, 74.334, 74.725], [74.987, 76.488, 61.654, 74.503, 76.318], [74.704, 76.337, 68.151, 66.701, 69.431], [75.87, 76.307, 76.364, 67.536, 66.956], [76.471, 76.044, 73.519, 70.738, 63.174]]","[[78.0, 78.0, 78.0, 78.0, 78.0], [78.0, 78.0, 78.0, 78.0, 78.0], [78.0, 78.0, 78.0, 78.0, 78.0], [78.0, 78.0, 78.0, 77.992, 77.912], [78.0, 78.0, 78.0, 77.992, 77.933]]","[[78.0, 78.0, 78.0, 78.0, 78.0], [78.0, 78.0, 78.0, 78.0, 78.0], [78.0, 78.0, 78.0, 78.0, 78.0], [78.0, 78.0, 78.0, 77.992, 77.912], [78.0, 78.0, 78.0, 77.992, 77.933]]","[[78.0, 78.0, 78.0, 78.0, 78.0], [78.0, 78.0, 78.0, 78.0, 78.0], [78.0, 78.0, 78.0, 78.0, 78.0], [78.0, 78.0, 78.0, 77.992, 77.912], [78.0, 78.0, 78.0, 77.992, 77.933]]","[[0.815394, 0.76678, 0.706474, 0.756882, 0.792641], [0.789752, 0.768039, 0.716294, 0.736649, 0.775263], [0.771766, 0.763451, 0.732374, 0.728424, 0.752662], [0.77913, 0.75802, 0.736982, 0.744557, 0.774224], [0.78228, 0.753805, 0.748406, 0.757165, 0.782492]]","[[0.815394, 0.769244, 0.773022, 0.817428, 0.827035], [0.789752, 0.768661, 0.77869, 0.799114, 0.818549], [0.771766, 0.763516, 0.777932, 0.77759, 0.78911], [0.77913, 0.760721, 0.775905, 0.776989, 0.798133], [0.783702, 0.769683, 0.777371, 0.782248, 0.796939]]","[[0.815394, 0.765051, 0.773022, 0.817428, 0.827035], [0.789752, 0.765641, 0.771773, 0.781464, 0.815917], [0.771766, 0.763516, 0.771119, 0.777101, 0.78911], [0.77913, 0.760721, 0.772202, 0.767059, 0.783767], [0.783702, 0.765373, 0.774982, 0.76924, 0.79491]]","[[""q_uniformity"", ""q_uniformity"", ""q_scratch"", ""q_uniformity"", ""q_uniformity""], [""q_uniformity"", ""q_uniformity"", ""q_scratch"", ""q_uniformity"", ""q_uniformity""], [""q_uniformity"", ""q_uniformity"", ""q_scratch"", ""q_uniformity"", ""q_scratch""], [""q_uniformity"", ""q_uniformity"", ""q_uniformity"", ""q_uniformity"", ""q_uniformity""], [""q_uniformity"", ""q_uniformity"", ""q_uniformity"", ""q_uniformity"", ""q_uniformity""]]","[[38.154, 37.692, 37.998, 40.022, 41.49], [37.898, 37.687, 37.892, 39.372, 40.735], [37.718, 37.635, 37.855, 38.8, 39.783], [37.791, 37.607, 37.874, 38.702, 39.6], [37.837, 37.697, 38.072, 38.76, 39.512]]","[[40.0, 40.0, 40.346, 42.26, 43.893], [40.0, 40.0, 40.135, 41.728, 43.115], [40.0, 40.0, 40.097, 41.317, 42.397], [40.0, 40.0, 40.148, 41.2, 42.028], [40.0, 40.0, 40.384, 41.199, 41.936]]","[[40.0, 40.032, 41.321, 43.241, 44.496], [40.0, 40.008, 41.018, 42.722, 43.847], [40.0, 40.001, 40.725, 42.081, 42.997], [40.0, 40.036, 40.684, 41.688, 42.4], [40.018, 40.211, 40.786, 41.57, 42.156]]"
finish_rule,68,0,1,continue,5.7779998779296875,5.777801513671875,5.659209251403809,6.9290971755981445,0.0,5.945709068328142,0.0,0,43.63824757778451,60.42875275026654,0.25461774559638,0.1856561154909681,2.219037958737313,1.8110788802900717,1.8358859874511542,1.0957777697485713,48.421065254045516,47.17546192235344,1.2456033316920738,17.175461922353442,35.902835049972516,0.008117511434355814,0.13673210356762086,0.2201020100790747,1.863664536982165,68.94740269251265,7.641664536982164,False,True,60.42875275026654,45.61491835078478,19,19,0,77.99313639059969,77.91154913020446,0,0,0,19,0,0:0;0:1;0:2;0:3;1:0;1:1;1:2;1:3;1:4;2:0;2:1;2:4;3:1;3:2;3:3;3:4;4:0;4:2;4:4,0:0;0:1;0:2;0:3;1:0;1:1;1:2;1:3;1:4;2:0;2:1;2:4;3:1;3:2;3:3;3:4;4:0;4:2;4:4,,,0:0;0:1;0:2;0:3;1:0;1:1;1:2;1:3;1:4;2:0;2:1;2:4;3:1;3:2;3:3;3:4;4:0;4:2;4:4,,"{""q_ra"": 9, ""q_scratch"": 10, ""q_thermal"": 0, ""q_uniformity"": 0}","[[53.059, 54.569, 59.776, 68.32, 75.649], [55.253, 52.89, 62.971, 53.504, 53.061], [45.615, 51.946, 73.534, 77.067, 55.634], [71.286, 62.07, 53.864, 58.296, 47.84], [61.343, 70.602, 68.755, 71.422, 52.392]]","[[53.059, 54.569, 59.776, 68.32, 75.649], [55.253, 52.89, 62.971, 53.504, 53.061], [45.615, 51.946, 73.534, 77.067, 55.634], [71.286, 62.07, 53.864, 58.296, 47.84], [61.343, 70.602, 68.755, 71.422, 52.392]]","[[53.059, 54.569, 59.776, 68.32, 75.649], [55.253, 52.89, 62.971, 53.504, 53.061], [45.615, 51.946, 73.534, 77.067, 55.634], [71.286, 62.07, 53.864, 58.296, 47.84], [61.343, 70.602, 68.755, 71.422, 52.392]]","[[78.0, 78.0, 78.0, 78.0, 78.0], [78.0, 78.0, 78.0, 78.0, 78.0], [78.0, 78.0, 78.0, 78.0, 78.0], [78.0, 78.0, 78.0, 77.992, 77.912], [78.0, 78.0, 78.0, 77.992, 77.933]]","[[78.0, 78.0, 78.0, 78.0, 78.0], [78.0, 78.0, 78.0, 78.0, 78.0], [78.0, 78.0, 78.0, 78.0, 78.0], [78.0, 78.0, 78.0, 77.992, 77.912], [78.0, 78.0, 78.0, 77.992, 77.933]]","[[78.0, 78.0, 78.0, 78.0, 78.0], [78.0, 78.0, 78.0, 78.0, 78.0], [78.0, 78.0, 78.0, 78.0, 78.0], [78.0, 78.0, 78.0, 77.992, 77.912], [78.0, 78.0, 78.0, 77.992, 77.933]]","[[0.940687, 0.931522, 0.920636, 0.916369, 0.925631], [0.915935, 0.907781, 0.903169, 0.895078, 0.907745], [0.931711, 0.924636, 0.918511, 0.901123, 0.908166], [0.9254, 0.918934, 0.919294, 0.91569, 0.917636], [0.933597, 0.92681, 0.922227, 0.9222, 0.926582]]","[[0.953025, 0.94297, 0.930274, 0.926765, 0.932382], [0.9361, 0.929235, 0.92777, 0.916818, 0.92302], [0.931711, 0.924636, 0.918511, 0.919987, 0.92224], [0.9254, 0.918934, 0.919294, 0.91569, 0.925637], [0.933597, 0.92681, 0.922227, 0.9222, 0.931618]]","[[0.935755, 0.927749, 0.925881, 0.916792, 0.917448], [0.930851, 0.926189, 0.915721, 0.913112, 0.915536], [0.931711, 0.924636, 0.918511, 0.913384, 0.914127], [0.9254, 0.918934, 0.919294, 0.91569, 0.917022], [0.933597, 0.92681, 0.922227, 0.9222, 0.92223]]","[[""q_scratch"", ""q_ra"", ""q_scratch"", ""q_scratch"", ""q_uniformity""], [""q_scratch"", ""q_scratch"", ""q_scratch"", ""q_ra"", ""q_ra""], [""q_ra"", ""q_ra"", ""q_scratch"", ""q_uniformity"", ""q_ra""], [""q_scratch"", ""q_scratch"", ""q_ra"", ""q_scratch"", ""q_ra""], [""q_scratch"", ""q_scratch"", ""q_scratch"", ""q_scratch"", ""q_ra""]]","[[47.821, 47.695, 47.449, 47.189, 47.175], [48.194, 48.004, 47.775, 47.293, 47.268], [48.634, 48.493, 48.37, 47.943, 47.78], [48.508, 48.379, 48.386, 48.314, 48.23], [48.672, 48.536, 48.445, 48.444, 48.445]]","[[48.699, 48.765, 48.757, 48.547, 48.421], [49.436, 49.375, 49.159, 48.862, 48.708], [50.0, 50.0, 50.0, 49.503, 49.279], [50.0, 50.0, 50.0, 50.0, 49.695], [50.0, 50.0, 50.0, 50.0, 49.798]]","[[48.945, 48.995, 48.954, 48.757, 48.555], [49.864, 49.833, 49.681, 49.32, 49.023], [50.0, 50.0, 50.0, 49.912, 49.578], [50.0, 50.0, 50.0, 50.0, 49.867], [50.0, 50.0, 50.0, 50.0, 49.906]]"
finish_rule,68,0,2,fail_quality_regression,7.641664505004883,6.495540142059326,6.315759658813477,7.7220635414123535,-0.4999999701976776,7.999825291335583,0.6908990144729614,0,60.42875275026654,68.96748681227656,0.1856561154909681,0.1908787561070673,1.8110788802900717,1.6343797179928414,1.0957777697485713,0.6609414134177096,47.17546192235344,45.9851031855566,1.1903587367968385,15.985103185556603,35.902835049972516,0.009193768863206117,0.01475018839604912,0.18847435638810672,,,,False,True,68.96748681227656,60.418694623771174,17,17,0,77.99279147634971,77.90551122304893,0,0,0,17,0,0:0;0:1;0:2;1:0;1:1;1:2;1:3;1:4;2:0;2:1;2:4;3:1;3:2;3:3;3:4;4:0;4:4,0:0;0:1;0:2;1:0;1:1;1:2;1:3;1:4;2:0;2:1;2:4;3:1;3:2;3:3;3:4;4:0;4:4,,,0:0;0:1;0:2;1:0;1:1;1:2;1:3;1:4;2:0;2:1;2:4;3:1;3:2;3:3;3:4;4:0;4:4,,"{""q_ra"": 0, ""q_scratch"": 7, ""q_thermal"": 0, ""q_uniformity"": 10}","[[62.858, 67.784, 67.662, 72.236, 74.361], [65.444, 67.971, 68.528, 65.316, 67.758], [60.419, 64.652, 75.091, 76.738, 67.433], [75.398, 68.217, 66.555, 68.251, 64.788], [69.987, 74.116, 72.812, 74.536, 65.279]]","[[62.858, 67.784, 67.662, 72.236, 74.361], [65.444, 67.971, 68.528, 65.316, 67.758], [60.419, 64.652, 75.091, 76.738, 67.433], [75.398, 68.217, 66.555, 68.251, 64.788], [69.987, 74.116, 72.812, 74.536, 65.279]]","[[62.858, 67.784, 67.662, 72.236, 74.361], [65.444, 67.971, 68.528, 65.316, 67.758], [60.419, 64.652, 75.091, 76.738, 67.433], [75.398, 68.217, 66.555, 68.251, 64.788], [69.987, 74.116, 72.812, 74.536, 65.279]]","[[78.0, 78.0, 78.0, 78.0, 78.0], [78.0, 78.0, 78.0, 78.0, 78.0], [78.0, 78.0, 78.0, 78.0, 78.0], [78.0, 78.0, 78.0, 77.992, 77.906], [78.0, 78.0, 78.0, 77.992, 77.931]]","[[78.0, 78.0, 78.0, 78.0, 78.0], [78.0, 78.0, 78.0, 78.0, 78.0], [78.0, 78.0, 78.0, 78.0, 78.0], [78.0, 78.0, 78.0, 77.992, 77.906], [78.0, 78.0, 78.0, 77.992, 77.931]]","[[78.0, 78.0, 78.0, 78.0, 78.0], [78.0, 78.0, 78.0, 78.0, 78.0], [78.0, 78.0, 78.0, 78.0, 78.0], [78.0, 78.0, 78.0, 77.992, 77.906], [78.0, 78.0, 78.0, 77.992, 77.931]]","[[0.891997, 0.875091, 0.859561, 0.852845, 0.861479], [0.864318, 0.851896, 0.84266, 0.83232, 0.843828], [0.877452, 0.867458, 0.857643, 0.841022, 0.844127], [0.869438, 0.861091, 0.860458, 0.854548, 0.85529], [0.879846, 0.867868, 0.861059, 0.860856, 0.866512]]","[[0.903697, 0.885846, 0.86856, 0.862521, 0.867762], [0.883346, 0.872029, 0.865613, 0.852535, 0.858028], [0.877452, 0.867458, 0.857643, 0.858628, 0.857209], [0.869438, 0.861091, 0.860458, 0.854548, 0.862747], [0.879846, 0.867868, 0.861059, 0.860856, 0.871221]]","[[0.882818, 0.870348, 0.864651, 0.852194, 0.852906], [0.876371, 0.869414, 0.853627, 0.850073, 0.849747], [0.877452, 0.867458, 0.857643, 0.850488, 0.850698], [0.869438, 0.861091, 0.860458, 0.854548, 0.854975], [0.879846, 0.867868, 0.861059, 0.860856, 0.862442]]","[[""q_scratch"", ""q_uniformity"", ""q_scratch"", ""q_uniformity"", ""q_uniformity""], [""q_scratch"", ""q_scratch"", ""q_scratch"", ""q_uniformity"", ""q_uniformity""], [""q_scratch"", ""q_uniformity"", ""q_uniformity"", ""q_uniformity"", ""q_uniformity""], [""q_uniformity"", ""q_scratch"", ""q_uniformity"", ""q_uniformity"", ""q_uniformity""], [""q_uniformity"", ""q_uniformity"", ""q_uniformity"", ""q_uniformity"", ""q_uniformity""]]","[[46.899, 46.623, 46.292, 45.997, 45.985], [47.169, 46.896, 46.584, 46.08, 46.052], [47.549, 47.349, 47.153, 46.746, 46.526], [47.389, 47.222, 47.209, 47.091, 46.992], [47.597, 47.357, 47.221, 47.217, 47.249]]","[[48.699, 48.765, 48.757, 48.547, 48.421], [49.436, 49.375, 49.159, 48.862, 48.708], [50.0, 50.0, 50.0, 49.503, 49.279], [50.0, 50.0, 50.0, 50.0, 49.695], [50.0, 50.0, 50.0, 50.0, 49.798]]","[[48.945, 48.995, 48.954, 48.757, 48.555], [49.864, 49.833, 49.681, 49.32, 49.023], [50.0, 50.0, 50.0, 49.912, 49.578], [50.0, 50.0, 50.0, 50.0, 49.867], [50.0, 50.0, 50.0, 50.0, 49.906]]"
finish_rule,69,0,1,continue,5.7779998779296875,5.777801513671875,5.659209251403809,6.9290971755981445,0.0,5.945709068328142,0.0,0,51.5954772053894,66.26289254534677,0.2021671952468604,0.17460580722259086,1.96606341912389,1.6648313531911512,1.642038228178914,0.9555195139178085,47.466876105073716,46.09972154907252,1.3671545560011964,16.09972154907252,35.902835049972516,0.008117511434355814,0.053387249352188956,0.24158049212653934,0.6629746741830234,58.36448723553024,6.440974674183023,False,True,66.26289254534677,47.354726692261025,16,16,0,77.99313639059969,77.91154913020446,0,0,0,16,0,0:1;0:2;0:3;0:4;1:0;1:1;1:3;2:1;2:2;2:3;3:0;3:2;3:3;3:4;4:0;4:1,0:1;0:2;0:3;0:4;1:0;1:1;1:3;2:1;2:2;2:3;3:0;3:2;3:3;3:4;4:0;4:1,,,0:1;0:2;0:3;0:4;1:0;1:1;1:3;2:1;2:2;2:3;3:0;3:2;3:3;3:4;4:0;4:1,,"{""q_ra"": 3, ""q_scratch"": 13, ""q_thermal"": 0, ""q_uniformity"": 0}","[[74.681, 61.934, 47.355, 49.491, 65.627], [65.636, 60.415, 71.666, 52.945, 76.382], [76.416, 60.837, 64.962, 56.347, 76.64], [60.419, 76.956, 67.84, 67.733, 63.974], [66.223, 64.443, 75.805, 76.518, 75.326]]","[[74.681, 61.934, 47.355, 49.491, 65.627], [65.636, 60.415, 71.666, 52.945, 76.382], [76.416, 60.837, 64.962, 56.347, 76.64], [60.419, 76.956, 67.84, 67.733, 63.974], [66.223, 64.443, 75.805, 76.518, 75.326]]","[[74.681, 61.934, 47.355, 49.491, 65.627], [65.636, 60.415, 71.666, 52.945, 76.382], [76.416, 60.837, 64.962, 56.347, 76.64], [60.419, 76.956, 67.84, 67.733, 63.974], [66.223, 64.443, 75.805, 76.518, 75.326]]","[[78.0, 78.0, 78.0, 78.0, 78.0], [78.0, 78.0, 78.0, 78.0, 78.0], [78.0, 78.0, 78.0, 78.0, 78.0], [78.0, 78.0, 78.0, 77.992, 77.912], [78.0, 78.0, 78.0, 77.992, 77.933]]","[[78.0, 78.0, 78.0, 78.0, 78.0], [78.0, 78.0, 78.0, 78.0, 78.0], [78.0, 78.0, 78.0, 78.0, 78.0], [78.0, 78.0, 78.0, 77.992, 77.912], [78.0, 78.0, 78.0, 77.992, 77.933]]","[[78.0, 78.0, 78.0, 78.0, 78.0], [78.0, 78.0, 78.0, 78.0, 78.0], [78.0, 78.0, 78.0, 78.0, 78.0], [78.0, 78.0, 78.0, 77.992, 77.912], [78.0, 78.0, 78.0, 77.992, 77.933]]","[[0.940005, 0.930985, 0.925301, 0.91644, 0.923101], [0.936297, 0.925921, 0.91908, 0.916189, 0.919946], [0.918385, 0.900596, 0.894449, 0.8952, 0.899993], [0.916819, 0.896394, 0.885459, 0.882055, 0.877415], [0.928663, 0.902145, 0.903236, 0.911074, 0.912164]]","[[0.943971, 0.930985, 0.925301, 0.91644, 0.923101], [0.939896, 0.92716, 0.91908, 0.916189, 0.919946], [0.928399, 0.919815, 0.917341, 0.920958, 0.918973], [0.931735, 0.922564, 0.914412, 0.910652, 0.909787], [0.94111, 0.923381, 0.921333, 0.922068, 0.921729]]","[[0.937868, 0.930985, 0.925301, 0.91644, 0.923101], [0.93351, 0.92591, 0.91908, 0.916189, 0.919946], [0.928399, 0.917789, 0.915079, 0.918181, 0.917445], [0.921483, 0.919404, 0.913181, 0.908397, 0.909787], [0.931822, 0.920228, 0.914167, 0.908289, 0.907045]]","[[""q_uniformity"", ""q_scratch"", ""q_ra"", ""q_ra"", ""q_scratch""], [""q_scratch"", ""q_scratch"", ""q_scratch"", ""q_ra"", ""q_uniformity""], [""q_uniformity"", ""q_scratch"", ""q_scratch"", ""q_scratch"", ""q_uniformity""], [""q_scratch"", ""q_uniformity"", ""q_scratch"", ""q_scratch"", ""q_scratch""], [""q_scratch"", ""q_scratch"", ""q_uniformity"", ""q_uniformity"", ""q_uniformity""]]","[[48.757, 48.62, 48.506, 48.329, 48.462], [48.67, 48.518, 48.382, 48.324, 48.399], [48.151, 47.772, 47.682, 47.788, 47.949], [47.84, 47.098, 46.553, 46.411, 46.404], [47.854, 46.825, 46.256, 46.108, 46.1]]","[[49.871, 50.0, 50.0, 50.0, 50.0], [49.864, 49.973, 50.0, 50.0, 50.0], [49.551, 49.321, 49.275, 49.315, 49.531], [49.147, 48.533, 48.102, 48.021, 48.031], [48.971, 48.221, 47.644, 47.469, 47.467]]","[[49.955, 50.0, 50.0, 50.0, 50.0], [49.94, 50.0, 50.0, 50.0, 50.0], [49.764, 49.734, 49.768, 49.871, 49.943], [49.459, 49.074, 48.694, 48.606, 48.696], [49.225, 48.65, 47.998, 47.68, 47.65]]"
finish_rule,69,0,2,success,6.440974712371826,5.474659442901611,5.323518753051758,6.7003583908081055,-0.4999999701976776,7.999825291335583,0.6908990144729614,0,66.26289254534677,70.84917511829417,0.17460580722259086,0.1794500214730279,1.6648313531911512,1.525224802618447,0.9555195139178085,0.5600618941166347,46.09972154907252,45.09998352895436,0.9997380201181585,15.099983528954361,35.902835049972516,0.008117511434355814,0.0,0.1877964681809469,,,,True,True,70.84917511829417,59.97346516107146,11,11,0,77.99313639059969,77.91154913020446,0,0,0,11,0,0:1;0:2;0:3;0:4;1:0;1:1;1:3;2:1;2:2;2:3;3:0,0:1;0:2;0:3;0:4;1:0;1:1;1:3;2:1;2:2;2:3;3:0,,,0:1;0:2;0:3;0:4;1:0;1:1;1:3;2:1;2:2;2:3;3:0,,"{""q_ra"": 1, ""q_scratch"": 5, ""q_thermal"": 0, ""q_uniformity"": 5}","[[72.725, 68.244, 59.973, 63.128, 69.995], [69.802, 66.71, 75.694, 66.542, 76.017], [75.856, 67.884, 69.18, 65.897, 76.465], [69.377, 76.71, 71.837, 71.205, 70.454], [71.136, 71.027, 74.686, 76.303, 74.383]]","[[72.725, 68.244, 59.973, 63.128, 69.995], [69.802, 66.71, 75.694, 66.542, 76.017], [75.856, 67.884, 69.18, 65.897, 76.465], [69.377, 76.71, 71.837, 71.205, 70.454], [71.136, 71.027, 74.686, 76.303, 74.383]]","[[72.725, 68.244, 59.973, 63.128, 69.995], [69.802, 66.71, 75.694, 66.542, 76.017], [75.856, 67.884, 69.18, 65.897, 76.465], [69.377, 76.71, 71.837, 71.205, 70.454], [71.136, 71.027, 74.686, 76.303, 74.383]]","[[78.0, 78.0, 78.0, 78.0, 78.0], [78.0, 78.0, 78.0, 78.0, 78.0], [78.0, 78.0, 78.0, 78.0, 78.0], [78.0, 78.0, 78.0, 77.992, 77.912], [78.0, 78.0, 78.0, 77.992, 77.933]]","[[78.0, 78.0, 78.0, 78.0, 78.0], [78.0, 78.0, 78.0, 78.0, 78.0], [78.0, 78.0, 78.0, 78.0, 78.0], [78.0, 78.0, 78.0, 77.992, 77.912], [78.0, 78.0, 78.0, 77.992, 77.933]]","[[78.0, 78.0, 78.0, 78.0, 78.0], [78.0, 78.0, 78.0, 78.0, 78.0], [78.0, 78.0, 78.0, 78.0, 78.0], [78.0, 78.0, 78.0, 77.992, 77.912], [78.0, 78.0, 78.0, 77.992, 77.933]]","[[0.897192, 0.884793, 0.876755, 0.8646, 0.873041], [0.891343, 0.878864, 0.869235, 0.864567, 0.868504], [0.871862, 0.852304, 0.844051, 0.84657, 0.849475], [0.868817, 0.848003, 0.832958, 0.827523, 0.822845], [0.881856, 0.849674, 0.84702, 0.854697, 0.855522]]","[[0.900977, 0.884793, 0.876755, 0.8646, 0.873041], [0.894768, 0.88004, 0.869235, 0.864567, 0.868504], [0.881368, 0.870492, 0.865652, 0.870928, 0.86739], [0.882952, 0.87276, 0.860195, 0.854352, 0.853203], [0.893675, 0.869675, 0.863991, 0.865012, 0.864493]]","[[0.895152, 0.884793, 0.876755, 0.8646, 0.873041], [0.888689, 0.878853, 0.869235, 0.864567, 0.868504], [0.881368, 0.867898, 0.862778, 0.868256, 0.865881], [0.872855, 0.870172, 0.860032, 0.852565, 0.853203], [0.883543, 0.866759, 0.860431, 0.850594, 0.848816]]","[[""q_uniformity"", ""q_scratch"", ""q_ra"", ""q_uniformity"", ""q_uniformity""], [""q_scratch"", ""q_scratch"", ""q_uniformity"", ""q_uniformity"", ""q_uniformity""], [""q_uniformity"", ""q_scratch"", ""q_uniformity"", ""q_scratch"", ""q_uniformity""], [""q_uniformity"", ""q_uniformity"", ""q_uniformity"", ""q_uniformity"", ""q_uniformity""], [""q_uniformity"", ""q_uniformity"", ""q_uniformity"", ""q_uniformity"", ""q_uniformity""]]","[[47.903, 47.696, 47.535, 47.292, 47.461], [47.774, 47.577, 47.385, 47.291, 47.37], [47.232, 46.819, 46.685, 46.822, 46.941], [46.906, 46.175, 45.571, 45.397, 45.384], [46.954, 45.847, 45.244, 45.111, 45.1]]","[[49.871, 50.0, 50.0, 50.0, 50.0], [49.864, 49.973, 50.0, 50.0, 50.0], [49.551, 49.321, 49.275, 49.315, 49.531], [49.147, 48.533, 48.102, 48.021, 48.031], [48.971, 48.221, 47.644, 47.469, 47.467]]","[[49.955, 50.0, 50.0, 50.0, 50.0], [49.94, 50.0, 50.0, 50.0, 50.0], [49.764, 49.734, 49.768, 49.871, 49.943], [49.459, 49.074, 48.694, 48.606, 48.696], [49.225, 48.65, 47.998, 47.68, 47.65]]"
finish_rule,70,0,1,continue,5.7779998779296875,5.777801513671875,5.659205913543701,6.92940616607666,0.0,5.945709068328142,0.0,0,56.97610380872931,67.4302925787602,0.16876015220246918,0.1478314947280202,1.9606411846711937,1.553084877313889,1.4801437805437057,0.9420154491813768,40.88298663093693,39.86417859871929,1.0188080322176347,9.864178598719292,35.902835055386895,0.008117074959711553,0.0367101060177114,0.18002667649526716,0.6117444380862604,43.68340710286922,6.38974443808626,False,True,67.4302925787602,48.81361618294899,13,13,0,77.99313693518523,77.91155234050575,0,0,0,13,0,0:1;1:0;1:1;1:2;2:1;2:2;2:3;3:2;3:3;3:4;4:1;4:2;4:4,0:1;1:0;1:1;1:2;2:1;2:2;2:3;3:2;3:3;3:4;4:1;4:2;4:4,,,0:1;1:0;1:1;1:2;2:1;2:2;2:3;3:2;3:3;3:4;4:1;4:2;4:4,,"{""q_ra"": 1, ""q_scratch"": 12, ""q_thermal"": 0, ""q_uniformity"": 0}","[[75.272, 63.053, 75.658, 76.056, 75.068], [63.577, 48.814, 52.644, 76.978, 76.054], [75.887, 60.681, 57.543, 56.609, 76.454], [76.711, 77.134, 54.801, 62.986, 58.909], [72.259, 69.437, 67.024, 76.081, 60.067]]","[[75.272, 63.053, 75.658, 76.056, 75.068], [63.577, 48.814, 52.644, 76.978, 76.054], [75.887, 60.681, 57.543, 56.609, 76.454], [76.711, 77.134, 54.801, 62.986, 58.909], [72.259, 69.437, 67.024, 76.081, 60.067]]","[[75.272, 63.053, 75.658, 76.056, 75.068], [63.577, 48.814, 52.644, 76.978, 76.054], [75.887, 60.681, 57.543, 56.609, 76.454], [76.711, 77.134, 54.801, 62.986, 58.909], [72.259, 69.437, 67.024, 76.081, 60.067]]","[[78.0, 78.0, 78.0, 78.0, 78.0], [78.0, 78.0, 78.0, 78.0, 78.0], [78.0, 78.0, 78.0, 78.0, 78.0], [78.0, 78.0, 78.0, 77.992, 77.912], [78.0, 78.0, 78.0, 77.992, 77.933]]","[[78.0, 78.0, 78.0, 78.0, 78.0], [78.0, 78.0, 78.0, 78.0, 78.0], [78.0, 78.0, 78.0, 78.0, 78.0], [78.0, 78.0, 78.0, 77.992, 77.912], [78.0, 78.0, 78.0, 77.992, 77.933]]","[[78.0, 78.0, 78.0, 78.0, 78.0], [78.0, 78.0, 78.0, 78.0, 78.0], [78.0, 78.0, 78.0, 78.0, 78.0], [78.0, 78.0, 78.0, 77.992, 77.912], [78.0, 78.0, 78.0, 77.992, 77.933]]","[[0.917007, 0.885931, 0.855123, 0.839916, 0.87603], [0.893558, 0.864062, 0.830741, 0.807345, 0.822714], [0.890115, 0.869591, 0.841862, 0.825751, 0.827315], [0.904247, 0.887482, 0.873043, 0.857391, 0.850153], [0.909337, 0.903246, 0.888295, 0.877633, 0.890625]]","[[0.931779, 0.915595, 0.899354, 0.887158, 0.906385], [0.919916, 0.905223, 0.889309, 0.876323, 0.885954], [0.913148, 0.903609, 0.890218, 0.886734, 0.891002], [0.916299, 0.904135, 0.897475, 0.892979, 0.893571], [0.913505, 0.912856, 0.907072, 0.902701, 0.914207]]","[[0.917397, 0.899267, 0.883436, 0.869867, 0.870524], [0.913566, 0.899731, 0.881763, 0.873013, 0.871659], [0.910682, 0.897399, 0.890218, 0.88445, 0.88303], [0.912629, 0.902454, 0.89554, 0.890482, 0.893366], [0.912941, 0.90626, 0.904609, 0.902701, 0.91328]]","[[""q_uniformity"", ""q_scratch"", ""q_uniformity"", ""q_uniformity"", ""q_uniformity""], [""q_scratch"", ""q_ra"", ""q_scratch"", ""q_uniformity"", ""q_uniformity""], [""q_uniformity"", ""q_scratch"", ""q_scratch"", ""q_scratch"", ""q_uniformity""], [""q_uniformity"", ""q_uniformity"", ""q_scratch"", ""q_scratch"", ""q_scratch""], [""q_scratch"", ""q_scratch"", ""q_scratch"", ""q_uniformity"", ""q_scratch""]]","[[43.007, 42.208, 41.088, 40.051, 39.864], [43.163, 42.457, 41.469, 40.554, 40.334], [43.754, 43.304, 42.662, 42.193, 42.067], [44.448, 44.201, 44.077, 44.007, 44.033], [44.738, 44.767, 44.851, 45.135, 45.711]]","[[43.959, 43.334, 42.329, 41.329, 40.883], [44.309, 43.761, 42.896, 42.043, 41.664], [45.062, 44.723, 44.223, 43.75, 43.543], [45.768, 45.707, 45.685, 45.686, 45.705], [46.134, 46.176, 46.372, 46.767, 47.185]]","[[44.184, 43.78, 42.967, 41.967, 41.26], [44.731, 44.417, 43.806, 43.072, 42.56], [45.452, 45.299, 45.04, 44.766, 44.585], [45.978, 46.002, 46.124, 46.337, 46.507], [46.207, 46.348, 46.718, 47.246, 47.64]]"
finish_rule,70,0,2,success,6.389744281768799,5.431474685668945,5.281175136566162,6.654928207397461,-0.4999999701976776,7.999825291335583,0.6908990144729614,0,67.4302925787602,71.25409009173893,0.1478314947280202,0.15959424121135746,1.553084877313889,1.4278292685469625,0.9420154491813768,0.5923298297729631,39.86417859871929,38.95906681975295,0.9051117789663436,8.959066819752948,35.902835055386895,0.008117074959711553,0.0,0.1713845414251591,,,,True,True,71.25409009173893,61.881677586964635,11,11,0,77.99313693518523,77.91155234050575,0,0,0,11,0,0:1;1:0;1:1;1:2;2:1;2:2;2:3;3:2;3:3;3:4;4:4,0:1;1:0;1:1;1:2;2:1;2:2;2:3;3:2;3:3;3:4;4:4,,,0:1;1:0;1:1;1:2;2:1;2:2;2:3;3:2;3:3;3:4;4:4,,"{""q_ra"": 0, ""q_scratch"": 6, ""q_thermal"": 0, ""q_uniformity"": 5}","[[73.496, 67.985, 74.944, 75.619, 73.955], [65.14, 61.882, 64.589, 76.73, 75.63], [75.23, 68.026, 68.019, 65.988, 76.244], [76.563, 76.983, 66.306, 68.054, 67.852], [73.411, 73.257, 71.673, 75.801, 67.977]]","[[73.496, 67.985, 74.944, 75.619, 73.955], [65.14, 61.882, 64.589, 76.73, 75.63], [75.23, 68.026, 68.019, 65.988, 76.244], [76.563, 76.983, 66.306, 68.054, 67.852], [73.411, 73.257, 71.673, 75.801, 67.977]]","[[73.496, 67.985, 74.944, 75.619, 73.955], [65.14, 61.882, 64.589, 76.73, 75.63], [75.23, 68.026, 68.019, 65.988, 76.244], [76.563, 76.983, 66.306, 68.054, 67.852], [73.411, 73.257, 71.673, 75.801, 67.977]]","[[78.0, 78.0, 78.0, 78.0, 78.0], [78.0, 78.0, 78.0, 78.0, 78.0], [78.0, 78.0, 78.0, 78.0, 78.0], [78.0, 78.0, 78.0, 77.992, 77.912], [78.0, 78.0, 78.0, 77.992, 77.933]]","[[78.0, 78.0, 78.0, 78.0, 78.0], [78.0, 78.0, 78.0, 78.0, 78.0], [78.0, 78.0, 78.0, 78.0, 78.0], [78.0, 78.0, 78.0, 77.992, 77.912], [78.0, 78.0, 78.0, 77.992, 77.933]]","[[78.0, 78.0, 78.0, 78.0, 78.0], [78.0, 78.0, 78.0, 78.0, 78.0], [78.0, 78.0, 78.0, 78.0, 78.0], [78.0, 78.0, 78.0, 77.992, 77.912], [78.0, 78.0, 78.0, 77.992, 77.933]]","[[0.862001, 0.82046, 0.783813, 0.759412, 0.795648], [0.838235, 0.802534, 0.762053, 0.732604, 0.745832], [0.833161, 0.810061, 0.776722, 0.758609, 0.757807], [0.848261, 0.829575, 0.812203, 0.796064, 0.788534], [0.85145, 0.846952, 0.831976, 0.820249, 0.836494]]","[[0.875888, 0.847932, 0.824356, 0.802126, 0.823218], [0.862961, 0.840764, 0.815778, 0.795196, 0.803163], [0.85472, 0.841751, 0.821336, 0.814634, 0.816144], [0.859567, 0.845142, 0.834932, 0.829106, 0.828805], [0.855352, 0.855963, 0.849562, 0.843678, 0.858643]]","[[0.859661, 0.832105, 0.809674, 0.785788, 0.786029], [0.855192, 0.83558, 0.807634, 0.792121, 0.790837], [0.851851, 0.834114, 0.821336, 0.813438, 0.809192], [0.854641, 0.843571, 0.833063, 0.826506, 0.828805], [0.854824, 0.849074, 0.846085, 0.843678, 0.856831]]","[[""q_uniformity"", ""q_scratch"", ""q_uniformity"", ""q_uniformity"", ""q_uniformity""], [""q_scratch"", ""q_scratch"", ""q_scratch"", ""q_uniformity"", ""q_uniformity""], [""q_uniformity"", ""q_scratch"", ""q_uniformity"", ""q_scratch"", ""q_uniformity""], [""q_uniformity"", ""q_uniformity"", ""q_uniformity"", ""q_uniformity"", ""q_uniformity""], [""q_uniformity"", ""q_uniformity"", ""q_scratch"", ""q_uniformity"", ""q_uniformity""]]","[[42.226, 41.306, 40.164, 39.088, 38.959], [42.348, 41.57, 40.521, 39.577, 39.368], [42.874, 42.393, 41.682, 41.201, 41.053], [43.553, 43.275, 43.096, 43.005, 43.016], [43.8, 43.846, 43.909, 44.146, 44.756]]","[[43.959, 43.334, 42.329, 41.329, 40.883], [44.309, 43.761, 42.896, 42.043, 41.664], [45.062, 44.723, 44.223, 43.75, 43.543], [45.768, 45.707, 45.685, 45.686, 45.705], [46.134, 46.176, 46.372, 46.767, 47.185]]","[[44.184, 43.78, 42.967, 41.967, 41.26], [44.731, 44.417, 43.806, 43.072, 42.56], [45.452, 45.299, 45.04, 44.766, 44.585], [45.978, 46.002, 46.124, 46.337, 46.507], [46.207, 46.348, 46.718, 47.246, 47.64]]"
finish_rule,71,0,1,continue,5.7779998779296875,5.777801513671875,5.659205913543701,6.92940616607666,0.0,5.945709068328142,0.0,0,49.37854078885987,67.8951424413122,0.1643938955273612,0.13163814094457277,2.2393069129734626,1.704012285232007,1.9139987099343674,1.1858494689813461,43.397617319369466,42.29501039262232,1.1026069267471428,12.295010392622324,35.902835055386895,0.008117074959711553,0.030069393695539962,0.19483421235978823,0.46299969596734913,52.83984916166144,6.240999695967349,False,True,67.8951424413122,47.151995593111295,12,12,0,77.99313693518523,77.91155234050575,0,0,0,12,0,0:1;1:0;1:1;1:3;2:0;2:1;2:2;2:4;3:2;3:4;4:3;4:4,0:1;1:0;1:1;1:3;2:0;2:1;2:2;2:4;3:2;3:4;4:3;4:4,,,0:1;1:0;1:1;1:3;2:0;2:1;2:2;2:4;3:2;3:4;4:3;4:4,,"{""q_ra"": 1, ""q_scratch"": 11, ""q_thermal"": 0, ""q_uniformity"": 0}","[[74.848, 69.338, 73.863, 75.295, 75.69], [47.152, 53.282, 72.264, 64.613, 70.659], [55.797, 68.309, 68.307, 71.957, 58.642], [75.606, 73.821, 69.441, 70.409, 48.897], [75.79, 76.304, 76.623, 68.925, 61.546]]","[[74.848, 69.338, 73.863, 75.295, 75.69], [47.152, 53.282, 72.264, 64.613, 70.659], [55.797, 68.309, 68.307, 71.957, 58.642], [75.606, 73.821, 69.441, 70.409, 48.897], [75.79, 76.304, 76.623, 68.925, 61.546]]","[[74.848, 69.338, 73.863, 75.295, 75.69], [47.152, 53.282, 72.264, 64.613, 70.659], [55.797, 68.309, 68.307, 71.957, 58.642], [75.606, 73.821, 69.441, 70.409, 48.897], [75.79, 76.304, 76.623, 68.925, 61.546]]","[[78.0, 78.0, 78.0, 78.0, 78.0], [78.0, 78.0, 78.0, 78.0, 78.0], [78.0, 78.0, 78.0, 78.0, 78.0], [78.0, 78.0, 78.0, 77.992, 77.912], [78.0, 78.0, 78.0, 77.992, 77.933]]","[[78.0, 78.0, 78.0, 78.0, 78.0], [78.0, 78.0, 78.0, 78.0, 78.0], [78.0, 78.0, 78.0, 78.0, 78.0], [78.0, 78.0, 78.0, 77.992, 77.912], [78.0, 78.0, 78.0, 77.992, 77.933]]","[[78.0, 78.0, 78.0, 78.0, 78.0], [78.0, 78.0, 78.0, 78.0, 78.0], [78.0, 78.0, 78.0, 78.0, 78.0], [78.0, 78.0, 78.0, 77.992, 77.912], [78.0, 78.0, 78.0, 77.992, 77.933]]","[[0.913934, 0.908268, 0.907075, 0.902953, 0.910246], [0.884874, 0.881819, 0.889605, 0.888257, 0.885788], [0.866534, 0.863227, 0.869214, 0.855086, 0.86365], [0.863984, 0.866937, 0.854702, 0.85682, 0.857966], [0.909974, 0.891495, 0.878809, 0.886139, 0.888708]]","[[0.93479, 0.930198, 0.919947, 0.911434, 0.917833], [0.923488, 0.916307, 0.915795, 0.914166, 0.906201], [0.913284, 0.906545, 0.912502, 0.896441, 0.897766], [0.90533, 0.909818, 0.89891, 0.900547, 0.894011], [0.925212, 0.911326, 0.903163, 0.911478, 0.90674]]","[[0.93479, 0.930198, 0.918623, 0.909613, 0.917833], [0.922679, 0.915944, 0.910186, 0.905191, 0.906201], [0.913284, 0.902869, 0.898231, 0.896441, 0.897766], [0.900975, 0.898921, 0.89302, 0.888108, 0.893999], [0.906446, 0.890245, 0.891981, 0.885665, 0.895859]]","[[""q_uniformity"", ""q_scratch"", ""q_uniformity"", ""q_uniformity"", ""q_uniformity""], [""q_scratch"", ""q_scratch"", ""q_scratch"", ""q_scratch"", ""q_scratch""], [""q_scratch"", ""q_scratch"", ""q_scratch"", ""q_scratch"", ""q_scratch""], [""q_uniformity"", ""q_scratch"", ""q_scratch"", ""q_scratch"", ""q_ra""], [""q_uniformity"", ""q_uniformity"", ""q_uniformity"", ""q_scratch"", ""q_scratch""]]","[[47.445, 46.993, 46.626, 46.471, 46.69], [46.012, 45.74, 45.721, 45.786, 45.922], [44.238, 44.133, 44.312, 44.361, 44.788], [42.708, 42.833, 42.899, 43.333, 43.682], [42.396, 42.295, 42.45, 43.006, 43.389]]","[[48.662, 48.268, 48.072, 48.072, 48.185], [47.338, 47.177, 47.167, 47.268, 47.57], [45.59, 45.59, 45.684, 46.02, 46.472], [44.037, 44.105, 44.349, 44.806, 45.304], [43.398, 43.491, 43.784, 44.269, 44.766]]","[[49.088, 48.709, 48.329, 48.241, 48.336], [48.095, 47.849, 47.672, 47.772, 47.975], [46.431, 46.373, 46.465, 46.795, 47.122], [44.709, 44.802, 45.092, 45.561, 45.947], [43.622, 43.791, 44.166, 44.677, 45.066]]"
finish_rule,71,0,2,success,6.240999698638916,5.304729461669922,5.15825080871582,6.529895305633545,-0.4999999701976776,7.999825291335583,0.6908990144729614,0,67.8951424413122,71.97105470708404,0.13163814094457277,0.1397932503236826,1.704012285232007,1.488688993246762,1.1858494689813461,0.758867819888319,42.29501039262232,41.36225506005494,0.9327553325673819,11.362255060054942,35.902835055386895,0.008117074959711553,0.0,0.1808278362485436,,,,True,True,71.97105470708404,59.70037256003498,6,6,0,77.99313693518523,77.91155234050575,0,0,0,6,0,1:0;1:1;2:0;2:4;3:4;4:4,1:0;1:1;2:0;2:4;3:4;4:4,,,1:0;1:1;2:0;2:4;3:4;4:4,,"{""q_ra"": 0, ""q_scratch"": 5, ""q_thermal"": 0, ""q_uniformity"": 1}","[[72.977, 73.354, 74.021, 74.746, 74.779], [59.7, 64.839, 74.617, 73.733, 75.351], [64.698, 71.976, 72.814, 75.478, 67.094], [75.363, 75.936, 74.181, 72.77, 62.263], [75.343, 76.315, 76.373, 72.157, 68.399]]","[[72.977, 73.354, 74.021, 74.746, 74.779], [59.7, 64.839, 74.617, 73.733, 75.351], [64.698, 71.976, 72.814, 75.478, 67.094], [75.363, 75.936, 74.181, 72.77, 62.263], [75.343, 76.315, 76.373, 72.157, 68.399]]","[[72.977, 73.354, 74.021, 74.746, 74.779], [59.7, 64.839, 74.617, 73.733, 75.351], [64.698, 71.976, 72.814, 75.478, 67.094], [75.363, 75.936, 74.181, 72.77, 62.263], [75.343, 76.315, 76.373, 72.157, 68.399]]","[[78.0, 78.0, 78.0, 78.0, 78.0], [78.0, 78.0, 78.0, 78.0, 78.0], [78.0, 78.0, 78.0, 78.0, 78.0], [78.0, 78.0, 78.0, 77.992, 77.912], [78.0, 78.0, 78.0, 77.992, 77.933]]","[[78.0, 78.0, 78.0, 78.0, 78.0], [78.0, 78.0, 78.0, 78.0, 78.0], [78.0, 78.0, 78.0, 78.0, 78.0], [78.0, 78.0, 78.0, 77.992, 77.912], [78.0, 78.0, 78.0, 77.992, 77.933]]","[[78.0, 78.0, 78.0, 78.0, 78.0], [78.0, 78.0, 78.0, 78.0, 78.0], [78.0, 78.0, 78.0, 78.0, 78.0], [78.0, 78.0, 78.0, 77.992, 77.912], [78.0, 78.0, 78.0, 77.992, 77.933]]","[[0.870612, 0.861586, 0.856005, 0.849619, 0.85841], [0.836585, 0.831499, 0.838168, 0.836017, 0.831274], [0.81305, 0.809041, 0.814928, 0.798709, 0.806739], [0.802354, 0.807602, 0.796273, 0.799763, 0.798348], [0.844399, 0.823862, 0.807953, 0.820072, 0.824949]]","[[0.890479, 0.882389, 0.868152, 0.857599, 0.865565], [0.873092, 0.864019, 0.862843, 0.860402, 0.850431], [0.856914, 0.849641, 0.855513, 0.837336, 0.838607], [0.84075, 0.847548, 0.83746, 0.840577, 0.831888], [0.85854, 0.842189, 0.830343, 0.843521, 0.841688]]","[[0.890479, 0.882389, 0.866871, 0.855513, 0.865565], [0.872327, 0.863786, 0.855704, 0.849326, 0.850431], [0.856914, 0.846104, 0.839467, 0.837336, 0.838607], [0.837066, 0.83745, 0.832172, 0.826227, 0.831888], [0.841819, 0.826182, 0.820071, 0.818333, 0.833905]]","[[""q_uniformity"", ""q_uniformity"", ""q_uniformity"", ""q_uniformity"", ""q_uniformity""], [""q_scratch"", ""q_scratch"", ""q_scratch"", ""q_scratch"", ""q_uniformity""], [""q_scratch"", ""q_uniformity"", ""q_uniformity"", ""q_uniformity"", ""q_scratch""], [""q_uniformity"", ""q_uniformity"", ""q_uniformity"", ""q_uniformity"", ""q_uniformity""], [""q_uniformity"", ""q_uniformity"", ""q_uniformity"", ""q_uniformity"", ""q_scratch""]]","[[46.618, 46.119, 45.69, 45.498, 45.74], [45.138, 44.842, 44.812, 44.857, 44.942], [43.359, 43.246, 43.418, 43.414, 43.813], [41.802, 41.954, 42.017, 42.445, 42.731], [41.502, 41.362, 41.446, 42.036, 42.429]]","[[48.662, 48.268, 48.072, 48.072, 48.185], [47.338, 47.177, 47.167, 47.268, 47.57], [45.59, 45.59, 45.684, 46.02, 46.472], [44.037, 44.105, 44.349, 44.806, 45.304], [43.398, 43.491, 43.784, 44.269, 44.766]]","[[49.088, 48.709, 48.329, 48.241, 48.336], [48.095, 47.849, 47.672, 47.772, 47.975], [46.431, 46.373, 46.465, 46.795, 47.122], [44.709, 44.802, 45.092, 45.561, 45.947], [43.622, 43.791, 44.166, 44.677, 45.066]]"
finish_rule,73,0,1,continue,5.7779998779296875,5.777801513671875,5.659210681915283,6.9293622970581055,0.0,5.945709068328142,0.0,0,52.78430850780929,69.96367154996479,0.17396843733402734,0.13438012530568894,1.6763171343595447,1.38846636647231,1.3386046944555283,0.8741288864074792,41.3006683638792,40.28992286571906,1.0107454981601336,10.289922865719063,35.90282879883762,0.008118244914005396,0.0005189778576459097,0.178601850146717,0.008717342914750025,46.41566063794466,5.786717342914749,False,True,69.96367154996479,50.12202749944637,12,12,0,77.99313544372826,77.911538668655,0,0,0,12,0,0:1;0:2;1:0;1:1;1:4;2:0;2:1;2:2;2:4;3:3;4:0;4:1,0:1;0:2;1:0;1:1;1:4;2:0;2:1;2:2;2:4;3:3;4:0;4:1,,,0:1;0:2;1:0;1:1;1:4;2:0;2:1;2:2;2:4;3:3;4:0;4:1,,"{""q_ra"": 1, ""q_scratch"": 11, ""q_thermal"": 0, ""q_uniformity"": 0}","[[75.678, 69.458, 67.091, 70.565, 75.552], [66.706, 65.388, 70.702, 73.001, 69.008], [50.122, 67.236, 67.249, 70.68, 68.7], [75.886, 72.237, 75.76, 68.185, 73.385], [64.396, 68.804, 75.817, 71.468, 76.017]]","[[75.678, 69.458, 67.091, 70.565, 75.552], [66.706, 65.388, 70.702, 73.001, 69.008], [50.122, 67.236, 67.249, 70.68, 68.7], [75.886, 72.237, 75.76, 68.185, 73.385], [64.396, 68.804, 75.817, 71.468, 76.017]]","[[75.678, 69.458, 67.091, 70.565, 75.552], [66.706, 65.388, 70.702, 73.001, 69.008], [50.122, 67.236, 67.249, 70.68, 68.7], [75.886, 72.237, 75.76, 68.185, 73.385], [64.396, 68.804, 75.817, 71.468, 76.017]]","[[78.0, 78.0, 78.0, 78.0, 78.0], [78.0, 78.0, 78.0, 78.0, 78.0], [78.0, 78.0, 78.0, 78.0, 78.0], [78.0, 78.0, 78.0, 77.992, 77.912], [78.0, 78.0, 78.0, 77.992, 77.933]]","[[78.0, 78.0, 78.0, 78.0, 78.0], [78.0, 78.0, 78.0, 78.0, 78.0], [78.0, 78.0, 78.0, 78.0, 78.0], [78.0, 78.0, 78.0, 77.992, 77.912], [78.0, 78.0, 78.0, 77.992, 77.933]]","[[78.0, 78.0, 78.0, 78.0, 78.0], [78.0, 78.0, 78.0, 78.0, 78.0], [78.0, 78.0, 78.0, 78.0, 78.0], [78.0, 78.0, 78.0, 77.992, 77.912], [78.0, 78.0, 78.0, 77.992, 77.933]]","[[0.915192, 0.896628, 0.892865, 0.894618, 0.897359], [0.878386, 0.877029, 0.854079, 0.867142, 0.889188], [0.861731, 0.845137, 0.830039, 0.851244, 0.881801], [0.853175, 0.831502, 0.834533, 0.844382, 0.878395], [0.888694, 0.854803, 0.846223, 0.854888, 0.885239]]","[[0.932454, 0.913942, 0.914091, 0.916866, 0.911295], [0.918833, 0.919071, 0.895641, 0.903923, 0.911786], [0.914457, 0.902724, 0.885964, 0.897777, 0.908131], [0.899569, 0.889737, 0.895032, 0.893239, 0.903518], [0.910559, 0.89714, 0.897919, 0.899255, 0.906511]]","[[0.932274, 0.911591, 0.909341, 0.910443, 0.911295], [0.91405, 0.897745, 0.894038, 0.892218, 0.905625], [0.902279, 0.887147, 0.885917, 0.889885, 0.899642], [0.886192, 0.877144, 0.880078, 0.889725, 0.90241], [0.883452, 0.887669, 0.883054, 0.890191, 0.90376]]","[[""q_uniformity"", ""q_scratch"", ""q_scratch"", ""q_scratch"", ""q_uniformity""], [""q_scratch"", ""q_scratch"", ""q_scratch"", ""q_scratch"", ""q_scratch""], [""q_ra"", ""q_scratch"", ""q_scratch"", ""q_uniformity"", ""q_scratch""], [""q_uniformity"", ""q_scratch"", ""q_uniformity"", ""q_scratch"", ""q_scratch""], [""q_scratch"", ""q_scratch"", ""q_uniformity"", ""q_scratch"", ""q_uniformity""]]","[[45.026, 44.733, 44.87, 45.328, 45.758], [43.576, 43.674, 43.673, 44.464, 45.315], [42.008, 42.066, 42.467, 43.624, 44.761], [40.632, 40.828, 41.769, 43.011, 44.349], [40.29, 40.496, 41.488, 42.895, 44.278]]","[[46.114, 46.12, 46.268, 46.717, 47.292], [44.775, 44.878, 45.267, 46.001, 46.797], [43.131, 43.366, 44.072, 45.175, 46.254], [41.819, 42.17, 43.149, 44.567, 45.881], [41.301, 41.7, 42.794, 44.34, 45.751]]","[[46.418, 46.431, 46.654, 47.133, 47.56], [45.456, 45.591, 46.01, 46.68, 47.224], [43.935, 44.277, 45.02, 46.005, 46.739], [42.462, 43.022, 44.103, 45.409, 46.335], [41.579, 42.279, 43.575, 45.084, 46.129]]"
finish_rule,73,0,2,success,5.786717414855957,4.9188151359558105,4.782815933227539,6.143124580383301,-0.4999999701976776,7.999825291335583,0.6908990144729614,0,69.96367154996479,72.71603582445053,0.13438012530568894,0.13744918462374456,1.38846636647231,1.259421660944016,0.8741288864074792,0.49944554739829616,40.28992286571906,39.412265585298634,0.8776572804204292,9.412265585298634,35.90282879883762,0.008118244914005396,0.0,0.18350220720874966,,,,True,True,72.71603582445053,64.3520950924861,2,2,0,77.99313544372826,77.911538668655,0,0,0,2,0,1:1;2:0,1:1;2:0,,,1:1;2:0,,"{""q_ra"": 0, ""q_scratch"": 2, ""q_thermal"": 0, ""q_uniformity"": 0}","[[74.166, 71.929, 70.678, 72.946, 74.689], [70.749, 69.262, 72.754, 74.941, 72.009], [64.352, 70.536, 71.01, 72.562, 71.567], [75.694, 75.001, 76.487, 71.059, 75.492], [70.375, 73.547, 75.763, 74.864, 75.467]]","[[74.166, 71.929, 70.678, 72.946, 74.689], [70.749, 69.262, 72.754, 74.941, 72.009], [64.352, 70.536, 71.01, 72.562, 71.567], [75.694, 75.001, 76.487, 71.059, 75.492], [70.375, 73.547, 75.763, 74.864, 75.467]]","[[74.166, 71.929, 70.678, 72.946, 74.689], [70.749, 69.262, 72.754, 74.941, 72.009], [64.352, 70.536, 71.01, 72.562, 71.567], [75.694, 75.001, 76.487, 71.059, 75.492], [70.375, 73.547, 75.763, 74.864, 75.467]]","[[78.0, 78.0, 78.0, 78.0, 78.0], [78.0, 78.0, 78.0, 78.0, 78.0], [78.0, 78.0, 78.0, 78.0, 78.0], [78.0, 78.0, 78.0, 77.992, 77.912], [78.0, 78.0, 78.0, 77.992, 77.933]]","[[78.0, 78.0, 78.0, 78.0, 78.0], [78.0, 78.0, 78.0, 78.0, 78.0], [78.0, 78.0, 78.0, 78.0, 78.0], [78.0, 78.0, 78.0, 77.992, 77.912], [78.0, 78.0, 78.0, 77.992, 77.933]]","[[78.0, 78.0, 78.0, 78.0, 78.0], [78.0, 78.0, 78.0, 78.0, 78.0], [78.0, 78.0, 78.0, 78.0, 78.0], [78.0, 78.0, 78.0, 77.992, 77.912], [78.0, 78.0, 78.0, 77.992, 77.933]]","[[0.870414, 0.845761, 0.842819, 0.845109, 0.84786], [0.827033, 0.822412, 0.800153, 0.814011, 0.840346], [0.804116, 0.789202, 0.772914, 0.798326, 0.829653], [0.784834, 0.768796, 0.776564, 0.788689, 0.825455], [0.812895, 0.785177, 0.782179, 0.796522, 0.829865]]","[[0.886832, 0.862093, 0.862855, 0.866127, 0.861027], [0.865116, 0.861836, 0.839091, 0.848539, 0.861703], [0.853316, 0.842978, 0.82499, 0.841966, 0.854425], [0.827512, 0.82264, 0.83286, 0.834323, 0.849064], [0.832895, 0.824066, 0.829961, 0.837859, 0.849806]]","[[0.88666, 0.859876, 0.85733, 0.858162, 0.861027], [0.861303, 0.841839, 0.838251, 0.837384, 0.851762], [0.842434, 0.82614, 0.82499, 0.833417, 0.845126], [0.818401, 0.811562, 0.816622, 0.831934, 0.848598], [0.808528, 0.816195, 0.819849, 0.829701, 0.847939]]","[[""q_uniformity"", ""q_uniformity"", ""q_uniformity"", ""q_uniformity"", ""q_uniformity""], [""q_uniformity"", ""q_scratch"", ""q_uniformity"", ""q_uniformity"", ""q_uniformity""], [""q_scratch"", ""q_scratch"", ""q_uniformity"", ""q_uniformity"", ""q_uniformity""], [""q_uniformity"", ""q_uniformity"", ""q_uniformity"", ""q_uniformity"", ""q_uniformity""], [""q_uniformity"", ""q_uniformity"", ""q_uniformity"", ""q_uniformity"", ""q_uniformity""]]","[[44.291, 43.897, 44.037, 44.479, 44.889], [42.782, 42.823, 42.81, 43.577, 44.474], [41.205, 41.267, 41.609, 42.777, 43.888], [39.78, 40.011, 40.952, 42.153, 43.484], [39.412, 39.641, 40.618, 42.015, 43.385]]","[[46.114, 46.12, 46.268, 46.717, 47.292], [44.775, 44.878, 45.267, 46.001, 46.797], [43.131, 43.366, 44.072, 45.175, 46.254], [41.819, 42.17, 43.149, 44.567, 45.881], [41.301, 41.7, 42.794, 44.34, 45.751]]","[[46.418, 46.431, 46.654, 47.133, 47.56], [45.456, 45.591, 46.01, 46.68, 47.224], [43.935, 44.277, 45.02, 46.005, 46.739], [42.462, 43.022, 44.103, 45.409, 46.335], [41.579, 42.279, 43.575, 45.084, 46.129]]"
finish_rule,74,0,1,continue,5.7779998779296875,5.777801513671875,5.659201622009277,6.927639007568359,0.0,5.945709068328142,0.0,0,55.506893265600844,66.73061498965755,0.19387248388692443,0.15853817710242324,2.217699669963587,1.892875290880487,1.8974945253840614,1.3292230295482095,43.55019404047915,42.7367866245311,0.8134074159480491,12.7367866245311,35.90278033681582,0.008117979584593565,0.04670550014774924,0.14373183185144267,0.9748466894102369,74.70013069636761,6.752846689410236,False,True,66.73061498965755,44.825084229022536,11,11,0,77.9931358239447,77.91154375664581,0,0,0,11,0,0:0;0:1;1:0;1:1;2:0;2:1;3:0;3:1;4:0;4:1;4:2,0:0;0:1;1:0;1:1;2:0;2:1;3:0;3:1;4:0;4:1;4:2,,,0:0;0:1;1:0;1:1;2:0;2:1;3:0;3:1;4:0;4:1;4:2,,"{""q_ra"": 5, ""q_scratch"": 6, ""q_thermal"": 0, ""q_uniformity"": 0}","[[63.277, 58.92, 75.734, 76.099, 75.91], [63.546, 46.446, 76.638, 76.965, 76.238], [66.994, 48.025, 76.689, 76.906, 76.095], [63.741, 48.816, 70.021, 73.36, 76.463], [54.279, 44.825, 54.976, 71.14, 76.163]]","[[63.277, 58.92, 75.734, 76.099, 75.91], [63.546, 46.446, 76.638, 76.965, 76.238], [66.994, 48.025, 76.689, 76.906, 76.095], [63.741, 48.816, 70.021, 73.36, 76.463], [54.279, 44.825, 54.976, 71.14, 76.163]]","[[63.277, 58.92, 75.734, 76.099, 75.91], [63.546, 46.446, 76.638, 76.965, 76.238], [66.994, 48.025, 76.689, 76.906, 76.095], [63.741, 48.816, 70.021, 73.36, 76.463], [54.279, 44.825, 54.976, 71.14, 76.163]]","[[78.0, 78.0, 78.0, 78.0, 78.0], [78.0, 78.0, 78.0, 78.0, 78.0], [78.0, 78.0, 78.0, 78.0, 78.0], [78.0, 78.0, 78.0, 77.992, 77.912], [78.0, 78.0, 78.0, 77.992, 77.933]]","[[78.0, 78.0, 78.0, 78.0, 78.0], [78.0, 78.0, 78.0, 78.0, 78.0], [78.0, 78.0, 78.0, 78.0, 78.0], [78.0, 78.0, 78.0, 77.992, 77.912], [78.0, 78.0, 78.0, 77.992, 77.933]]","[[78.0, 78.0, 78.0, 78.0, 78.0], [78.0, 78.0, 78.0, 78.0, 78.0], [78.0, 78.0, 78.0, 78.0, 78.0], [78.0, 78.0, 78.0, 77.992, 77.912], [78.0, 78.0, 78.0, 77.992, 77.933]]","[[0.929626, 0.905378, 0.900013, 0.890653, 0.898364], [0.902783, 0.886361, 0.867996, 0.863056, 0.877684], [0.892184, 0.873481, 0.864454, 0.856572, 0.873511], [0.898692, 0.870866, 0.862254, 0.872496, 0.884574], [0.912331, 0.881178, 0.884384, 0.883766, 0.907779]]","[[0.939971, 0.926471, 0.927016, 0.915861, 0.915102], [0.925156, 0.921554, 0.910978, 0.906147, 0.913351], [0.916947, 0.913387, 0.914037, 0.905946, 0.914268], [0.918951, 0.907926, 0.90896, 0.918231, 0.918863], [0.92528, 0.911745, 0.923874, 0.919251, 0.928938]]","[[0.91693, 0.913025, 0.905615, 0.900996, 0.907309], [0.907376, 0.90355, 0.895296, 0.903594, 0.903254], [0.902975, 0.902198, 0.901181, 0.905946, 0.905065], [0.903046, 0.901251, 0.902991, 0.913647, 0.914959], [0.913484, 0.909727, 0.909202, 0.914749, 0.928161]]","[[""q_scratch"", ""q_scratch"", ""q_uniformity"", ""q_uniformity"", ""q_uniformity""], [""q_scratch"", ""q_scratch"", ""q_uniformity"", ""q_uniformity"", ""q_uniformity""], [""q_scratch"", ""q_ra"", ""q_uniformity"", ""q_uniformity"", ""q_uniformity""], [""q_scratch"", ""q_ra"", ""q_scratch"", ""q_scratch"", ""q_uniformity""], [""q_ra"", ""q_ra"", ""q_ra"", ""q_scratch"", ""q_uniformity""]]","[[42.737, 42.745, 43.244, 43.707, 44.218], [42.787, 42.947, 43.332, 43.944, 44.632], [43.234, 43.442, 44.116, 44.838, 45.69], [43.852, 44.006, 44.841, 46.052, 46.947], [44.352, 44.513, 45.668, 46.809, 48.008]]","[[43.55, 43.757, 44.286, 44.966, 45.537], [43.821, 44.049, 44.635, 45.388, 46.02], [44.433, 44.716, 45.444, 46.378, 47.161], [45.074, 45.426, 46.328, 47.482, 48.443], [45.511, 45.918, 46.959, 48.286, 49.385]]","[[43.701, 44.077, 44.715, 45.39, 45.826], [44.163, 44.607, 45.36, 46.156, 46.671], [44.834, 45.389, 46.329, 47.322, 47.961], [45.414, 46.082, 47.212, 48.398, 49.158], [45.731, 46.47, 47.716, 49.02, 49.837]]"
finish_rule,74,0,2,success,6.752846717834473,5.740079402923584,5.581255912780762,6.964879989624023,-0.4999999701976776,7.999825291335583,0.6908990144729614,0,66.73061498965755,70.59497725030742,0.15853817710242324,0.17517742772390607,1.892875290880487,1.7336865646177801,1.3292230295482095,0.899293256973047,42.7367866245311,41.89080494177978,0.8459816827513222,11.890804941779777,35.90278033681582,0.008117979584593565,0.0,0.15157550486335375,,,,True,True,70.59497725030742,55.229627002467794,10,10,0,77.9931358239447,77.91154375664581,0,0,0,10,0,0:0;0:1;1:0;1:1;2:1;3:0;3:1;4:0;4:1;4:2,0:0;0:1;1:0;1:1;2:1;3:0;3:1;4:0;4:1;4:2,,,0:0;0:1;1:0;1:1;2:1;3:0;3:1;4:0;4:1;4:2,,"{""q_ra"": 1, ""q_scratch"": 8, ""q_thermal"": 0, ""q_uniformity"": 1}","[[68.057, 66.665, 74.985, 75.681, 74.99], [68.719, 57.47, 76.153, 76.776, 75.829], [71.2, 59.618, 76.123, 76.687, 75.706], [67.802, 60.209, 73.808, 75.873, 76.18], [65.254, 55.23, 66.478, 74.006, 75.374]]","[[68.057, 66.665, 74.985, 75.681, 74.99], [68.719, 57.47, 76.153, 76.776, 75.829], [71.2, 59.618, 76.123, 76.687, 75.706], [67.802, 60.209, 73.808, 75.873, 76.18], [65.254, 55.23, 66.478, 74.006, 75.374]]","[[68.057, 66.665, 74.985, 75.681, 74.99], [68.719, 57.47, 76.153, 76.776, 75.829], [71.2, 59.618, 76.123, 76.687, 75.706], [67.802, 60.209, 73.808, 75.873, 76.18], [65.254, 55.23, 66.478, 74.006, 75.374]]","[[78.0, 78.0, 78.0, 78.0, 78.0], [78.0, 78.0, 78.0, 78.0, 78.0], [78.0, 78.0, 78.0, 78.0, 78.0], [78.0, 78.0, 78.0, 77.992, 77.912], [78.0, 78.0, 78.0, 77.992, 77.933]]","[[78.0, 78.0, 78.0, 78.0, 78.0], [78.0, 78.0, 78.0, 78.0, 78.0], [78.0, 78.0, 78.0, 78.0, 78.0], [78.0, 78.0, 78.0, 77.992, 77.912], [78.0, 78.0, 78.0, 77.992, 77.933]]","[[78.0, 78.0, 78.0, 78.0, 78.0], [78.0, 78.0, 78.0, 78.0, 78.0], [78.0, 78.0, 78.0, 78.0, 78.0], [78.0, 78.0, 78.0, 77.992, 77.912], [78.0, 78.0, 78.0, 77.992, 77.933]]","[[0.86788, 0.845914, 0.837328, 0.825248, 0.834271], [0.843161, 0.824819, 0.805938, 0.800143, 0.816949], [0.828775, 0.810906, 0.806223, 0.796204, 0.815139], [0.836113, 0.811143, 0.803895, 0.816926, 0.830114], [0.854183, 0.823156, 0.8291, 0.827813, 0.856117]]","[[0.877538, 0.865621, 0.86245, 0.848604, 0.849815], [0.864056, 0.857568, 0.845846, 0.840092, 0.850148], [0.851778, 0.847953, 0.852466, 0.842098, 0.853171], [0.854962, 0.845661, 0.84744, 0.859748, 0.862291], [0.866307, 0.851709, 0.866122, 0.861051, 0.876072]]","[[0.855455, 0.847821, 0.83892, 0.83402, 0.842494], [0.842573, 0.837811, 0.826852, 0.838318, 0.840791], [0.837083, 0.836258, 0.835321, 0.842098, 0.842842], [0.839269, 0.837537, 0.839931, 0.855918, 0.858391], [0.853955, 0.849416, 0.847303, 0.856564, 0.875675]]","[[""q_scratch"", ""q_scratch"", ""q_uniformity"", ""q_uniformity"", ""q_uniformity""], [""q_scratch"", ""q_scratch"", ""q_uniformity"", ""q_uniformity"", ""q_uniformity""], [""q_uniformity"", ""q_scratch"", ""q_uniformity"", ""q_uniformity"", ""q_uniformity""], [""q_scratch"", ""q_scratch"", ""q_scratch"", ""q_uniformity"", ""q_uniformity""], [""q_scratch"", ""q_ra"", ""q_uniformity"", ""q_uniformity"", ""q_uniformity""]]","[[41.891, 41.908, 42.321, 42.7, 43.203], [41.942, 42.048, 42.379, 42.927, 43.62], [42.294, 42.479, 43.165, 43.792, 44.641], [42.888, 43.045, 43.837, 45.03, 45.903], [43.437, 43.558, 44.689, 45.745, 46.983]]","[[43.55, 43.757, 44.286, 44.966, 45.537], [43.821, 44.049, 44.635, 45.388, 46.02], [44.433, 44.716, 45.444, 46.378, 47.161], [45.074, 45.426, 46.328, 47.482, 48.443], [45.511, 45.918, 46.959, 48.286, 49.385]]","[[43.701, 44.077, 44.715, 45.39, 45.826], [44.163, 44.607, 45.36, 46.156, 46.671], [44.834, 45.389, 46.329, 47.322, 47.961], [45.414, 46.082, 47.212, 48.398, 49.158], [45.731, 46.47, 47.716, 49.02, 49.837]]"
finish_rule,75,0,1,continue,5.7779998779296875,5.777801513671875,5.659214496612549,6.929435729980469,0.0,5.945709068328142,0.0,0,58.1208883757297,69.55092431032777,0.13989791821905267,0.12169258939850558,2.1090807943920193,1.7432858670712652,1.9061238290008369,1.3488735128363505,40.659856675334346,39.42087590354102,1.2389807717933294,9.420875903541017,35.902773072277036,0.008117891025340634,0.006415366995317535,0.21893158008676813,0.08790920422866763,33.89586783505575,5.865909204228667,False,True,69.55092431032777,43.72307607930077,9,9,0,77.9931359354957,77.91154544899243,0,0,0,9,0,0:0;1:0;1:1;1:2;2:1;2:3;2:4;3:1;3:4,0:0;1:0;1:1;1:2;2:1;2:3;2:4;3:1;3:4,,,0:0;1:0;1:1;1:2;2:1;2:3;2:4;3:1;3:4,,"{""q_ra"": 1, ""q_scratch"": 8, ""q_thermal"": 0, ""q_uniformity"": 0}","[[43.723, 75.792, 73.26, 70.596, 75.206], [58.894, 48.571, 69.365, 74.478, 76.381], [75.944, 59.85, 70.483, 68.849, 65.699], [76.43, 64.767, 71.941, 74.055, 63.864], [75.606, 77.025, 75.908, 76.169, 75.915]]","[[43.723, 75.792, 73.26, 70.596, 75.206], [58.894, 48.571, 69.365, 74.478, 76.381], [75.944, 59.85, 70.483, 68.849, 65.699], [76.43, 64.767, 71.941, 74.055, 63.864], [75.606, 77.025, 75.908, 76.169, 75.915]]","[[43.723, 75.792, 73.26, 70.596, 75.206], [58.894, 48.571, 69.365, 74.478, 76.381], [75.944, 59.85, 70.483, 68.849, 65.699], [76.43, 64.767, 71.941, 74.055, 63.864], [75.606, 77.025, 75.908, 76.169, 75.915]]","[[78.0, 78.0, 78.0, 78.0, 78.0], [78.0, 78.0, 78.0, 78.0, 78.0], [78.0, 78.0, 78.0, 78.0, 78.0], [78.0, 78.0, 78.0, 77.992, 77.912], [78.0, 78.0, 78.0, 77.992, 77.933]]","[[78.0, 78.0, 78.0, 78.0, 78.0], [78.0, 78.0, 78.0, 78.0, 78.0], [78.0, 78.0, 78.0, 78.0, 78.0], [78.0, 78.0, 78.0, 77.992, 77.912], [78.0, 78.0, 78.0, 77.992, 77.933]]","[[78.0, 78.0, 78.0, 78.0, 78.0], [78.0, 78.0, 78.0, 78.0, 78.0], [78.0, 78.0, 78.0, 78.0, 78.0], [78.0, 78.0, 78.0, 77.992, 77.912], [78.0, 78.0, 78.0, 77.992, 77.933]]","[[0.91007, 0.872141, 0.834516, 0.800162, 0.855571], [0.86397, 0.848053, 0.820116, 0.812546, 0.845859], [0.862623, 0.839551, 0.820403, 0.825978, 0.855479], [0.869549, 0.842026, 0.828617, 0.825477, 0.854466], [0.883187, 0.866658, 0.850994, 0.848927, 0.869552]]","[[0.935818, 0.914241, 0.897576, 0.862863, 0.884124], [0.907631, 0.902737, 0.883901, 0.865508, 0.873116], [0.906728, 0.891359, 0.874982, 0.867583, 0.870066], [0.899547, 0.87998, 0.868507, 0.855683, 0.867392], [0.895907, 0.88757, 0.874039, 0.866591, 0.876821]]","[[0.930873, 0.914241, 0.889803, 0.862765, 0.863613], [0.907631, 0.902737, 0.883901, 0.860968, 0.85418], [0.895447, 0.883205, 0.870364, 0.851985, 0.85902], [0.890276, 0.87998, 0.864745, 0.845059, 0.849535], [0.893865, 0.881413, 0.865465, 0.854398, 0.863516]]","[[""q_ra"", ""q_uniformity"", ""q_scratch"", ""q_scratch"", ""q_uniformity""], [""q_scratch"", ""q_scratch"", ""q_scratch"", ""q_scratch"", ""q_uniformity""], [""q_uniformity"", ""q_scratch"", ""q_scratch"", ""q_scratch"", ""q_scratch""], [""q_uniformity"", ""q_scratch"", ""q_scratch"", ""q_scratch"", ""q_scratch""], [""q_uniformity"", ""q_uniformity"", ""q_uniformity"", ""q_uniformity"", ""q_uniformity""]]","[[45.023, 43.953, 42.214, 40.088, 39.425], [43.364, 42.773, 41.47, 40.066, 39.421], [42.101, 41.528, 40.67, 39.892, 39.57], [41.212, 40.636, 40.04, 39.483, 39.436], [40.907, 40.459, 39.88, 39.462, 39.439]]","[[46.054, 45.261, 43.608, 41.691, 40.66], [44.724, 44.149, 42.976, 41.63, 40.79], [43.346, 42.933, 42.194, 41.402, 40.999], [42.464, 42.086, 41.56, 41.083, 40.879], [42.174, 41.784, 41.304, 40.919, 40.765]]","[[46.508, 45.998, 44.637, 42.607, 41.016], [45.468, 45.062, 43.985, 42.388, 41.138], [44.028, 43.731, 43.006, 41.977, 41.187], [42.894, 42.631, 42.116, 41.488, 41.044], [42.349, 42.069, 41.61, 41.146, 40.855]]"
finish_rule,75,0,2,success,5.865909099578857,4.986156940460205,4.848265171051025,6.209042072296143,-0.4999999701976776,7.999825291335583,0.6908990144729614,0,69.55092431032777,72.10713427307424,0.12169258939850558,0.12910592844563232,1.7432858670712652,1.600032755978892,1.3488735128363505,0.9807373003231654,39.42087590354102,38.52058588031018,0.9002900232308377,8.520585880310179,35.902773072277036,0.008117891025340634,0.0,0.18569323076767053,,,,True,True,72.10713427307424,51.66128408140564,5,5,0,77.9931359354957,77.91154544899243,0,0,0,5,0,0:0;1:0;1:1;2:1;3:4,0:0;1:0;1:1;2:1;3:4,,,0:0;1:0;1:1;2:1;3:4,,"{""q_ra"": 1, ""q_scratch"": 3, ""q_thermal"": 0, ""q_uniformity"": 1}","[[51.661, 74.888, 74.776, 73.009, 74.302], [64.738, 57.579, 73.376, 76.676, 76.223], [75.414, 65.688, 73.39, 73.291, 70.375], [76.287, 71.084, 75.417, 75.8, 69.586], [75.11, 76.857, 75.746, 76.097, 75.309]]","[[51.661, 74.888, 74.776, 73.009, 74.302], [64.738, 57.579, 73.376, 76.676, 76.223], [75.414, 65.688, 73.39, 73.291, 70.375], [76.287, 71.084, 75.417, 75.8, 69.586], [75.11, 76.857, 75.746, 76.097, 75.309]]","[[51.661, 74.888, 74.776, 73.009, 74.302], [64.738, 57.579, 73.376, 76.676, 76.223], [75.414, 65.688, 73.39, 73.291, 70.375], [76.287, 71.084, 75.417, 75.8, 69.586], [75.11, 76.857, 75.746, 76.097, 75.309]]","[[78.0, 78.0, 78.0, 78.0, 78.0], [78.0, 78.0, 78.0, 78.0, 78.0], [78.0, 78.0, 78.0, 78.0, 78.0], [78.0, 78.0, 78.0, 77.992, 77.912], [78.0, 78.0, 78.0, 77.992, 77.933]]","[[78.0, 78.0, 78.0, 78.0, 78.0], [78.0, 78.0, 78.0, 78.0, 78.0], [78.0, 78.0, 78.0, 78.0, 78.0], [78.0, 78.0, 78.0, 77.992, 77.912], [78.0, 78.0, 78.0, 77.992, 77.933]]","[[78.0, 78.0, 78.0, 78.0, 78.0], [78.0, 78.0, 78.0, 78.0, 78.0], [78.0, 78.0, 78.0, 78.0, 78.0], [78.0, 78.0, 78.0, 77.992, 77.912], [78.0, 78.0, 78.0, 77.992, 77.933]]","[[0.865892, 0.820604, 0.773804, 0.729076, 0.774729], [0.810819, 0.793319, 0.757977, 0.740084, 0.765026], [0.805559, 0.779295, 0.753951, 0.753286, 0.772795], [0.806586, 0.776696, 0.757286, 0.747689, 0.773228], [0.814438, 0.794292, 0.773107, 0.767235, 0.78638]]","[[0.89039, 0.860216, 0.832276, 0.786207, 0.800584], [0.851794, 0.844474, 0.816929, 0.788323, 0.789678], [0.846746, 0.827385, 0.804109, 0.791229, 0.785972], [0.834412, 0.811705, 0.793742, 0.775048, 0.784925], [0.826168, 0.813458, 0.794043, 0.783199, 0.792954]]","[[0.885685, 0.860216, 0.825247, 0.786117, 0.783747], [0.851794, 0.844474, 0.816929, 0.784188, 0.773407], [0.834753, 0.81931, 0.798721, 0.774458, 0.775994], [0.825057, 0.811705, 0.790605, 0.765658, 0.768937], [0.824707, 0.812674, 0.790108, 0.772098, 0.781892]]","[[""q_ra"", ""q_uniformity"", ""q_uniformity"", ""q_uniformity"", ""q_uniformity""], [""q_scratch"", ""q_scratch"", ""q_uniformity"", ""q_uniformity"", ""q_uniformity""], [""q_uniformity"", ""q_scratch"", ""q_uniformity"", ""q_uniformity"", ""q_scratch""], [""q_uniformity"", ""q_scratch"", ""q_uniformity"", ""q_uniformity"", ""q_uniformity""], [""q_uniformity"", ""q_uniformity"", ""q_uniformity"", ""q_uniformity"", ""q_uniformity""]]","[[44.294, 43.128, 41.326, 39.192, 38.534], [42.542, 41.949, 40.601, 39.168, 38.521], [41.3, 40.7, 39.806, 39.022, 38.645], [40.4, 39.81, 39.175, 38.59, 38.539], [40.058, 39.586, 38.976, 38.551, 38.536]]","[[46.054, 45.261, 43.608, 41.691, 40.66], [44.724, 44.149, 42.976, 41.63, 40.79], [43.346, 42.933, 42.194, 41.402, 40.999], [42.464, 42.086, 41.56, 41.083, 40.879], [42.174, 41.784, 41.304, 40.919, 40.765]]","[[46.508, 45.998, 44.637, 42.607, 41.016], [45.468, 45.062, 43.985, 42.388, 41.138], [44.028, 43.731, 43.006, 41.977, 41.187], [42.894, 42.631, 42.116, 41.488, 41.044], [42.349, 42.069, 41.61, 41.146, 40.855]]"
finish_rule,76,0,1,continue,5.7779998779296875,5.777801513671875,5.659210681915283,6.9293622970581055,0.0,5.945709068328142,0.0,0,44.861261484230475,64.1546679753755,0.24641948802163377,0.17710545292027177,1.9648502639122882,1.7097005408603725,1.4244306172985033,0.8516495475766837,42.18732244392762,40.73111936070948,1.456203083218142,10.731119360709478,35.90282879883762,0.008118244914005396,0.08350474320892139,0.2573155807525635,0.9735680555918627,33.931561140502346,6.7515680555918625,False,True,64.1546679753755,50.050886621373884,20,20,0,77.99313544372826,77.911538668655,0,0,0,20,0,0:0;0:1;0:3;1:0;1:3;1:4;2:0;2:1;2:2;2:3;2:4;3:0;3:1;3:2;3:3;4:0;4:1;4:2;4:3;4:4,0:0;0:1;0:3;1:0;1:3;1:4;2:0;2:1;2:2;2:3;2:4;3:0;3:1;3:2;3:3;4:0;4:1;4:2;4:3;4:4,,,0:0;0:1;0:3;1:0;1:3;1:4;2:0;2:1;2:2;2:3;2:4;3:0;3:1;3:2;3:3;4:0;4:1;4:2;4:3;4:4,,"{""q_ra"": 4, ""q_scratch"": 16, ""q_thermal"": 0, ""q_uniformity"": 0}","[[58.882, 55.173, 75.953, 64.265, 71.71], [59.746, 76.333, 76.46, 66.245, 58.987], [53.215, 67.713, 60.784, 65.849, 67.434], [66.998, 54.546, 54.183, 63.166, 70.012], [69.438, 68.53, 60.55, 50.051, 67.644]]","[[58.882, 55.173, 75.953, 64.265, 71.71], [59.746, 76.333, 76.46, 66.245, 58.987], [53.215, 67.713, 60.784, 65.849, 67.434], [66.998, 54.546, 54.183, 63.166, 70.012], [69.438, 68.53, 60.55, 50.051, 67.644]]","[[58.882, 55.173, 75.953, 64.265, 71.71], [59.746, 76.333, 76.46, 66.245, 58.987], [53.215, 67.713, 60.784, 65.849, 67.434], [66.998, 54.546, 54.183, 63.166, 70.012], [69.438, 68.53, 60.55, 50.051, 67.644]]","[[78.0, 78.0, 78.0, 78.0, 78.0], [78.0, 78.0, 78.0, 78.0, 78.0], [78.0, 78.0, 78.0, 78.0, 78.0], [78.0, 78.0, 78.0, 77.992, 77.912], [78.0, 78.0, 78.0, 77.992, 77.933]]","[[78.0, 78.0, 78.0, 78.0, 78.0], [78.0, 78.0, 78.0, 78.0, 78.0], [78.0, 78.0, 78.0, 78.0, 78.0], [78.0, 78.0, 78.0, 77.992, 77.912], [78.0, 78.0, 78.0, 77.992, 77.933]]","[[78.0, 78.0, 78.0, 78.0, 78.0], [78.0, 78.0, 78.0, 78.0, 78.0], [78.0, 78.0, 78.0, 78.0, 78.0], [78.0, 78.0, 78.0, 77.992, 77.912], [78.0, 78.0, 78.0, 77.992, 77.933]]","[[0.916976, 0.86934, 0.846158, 0.852415, 0.876218], [0.897617, 0.858938, 0.832905, 0.845929, 0.868261], [0.893854, 0.855568, 0.843929, 0.829728, 0.871163], [0.8836, 0.863488, 0.842061, 0.843157, 0.871418], [0.899033, 0.864255, 0.861529, 0.844543, 0.875732]]","[[0.937176, 0.9105, 0.892169, 0.887064, 0.889291], [0.922235, 0.904035, 0.881493, 0.882472, 0.882752], [0.923111, 0.901476, 0.890035, 0.860122, 0.880515], [0.911047, 0.90448, 0.88041, 0.87143, 0.882757], [0.917463, 0.896485, 0.894888, 0.870014, 0.885883]]","[[0.936202, 0.908595, 0.892169, 0.881402, 0.874237], [0.920456, 0.903135, 0.880189, 0.870783, 0.875522], [0.9171, 0.89638, 0.88362, 0.859994, 0.86241], [0.90762, 0.902003, 0.87947, 0.86333, 0.869894], [0.912249, 0.893124, 0.890203, 0.868437, 0.873307]]","[[""q_scratch"", ""q_scratch"", ""q_uniformity"", ""q_scratch"", ""q_scratch""], [""q_scratch"", ""q_uniformity"", ""q_uniformity"", ""q_scratch"", ""q_scratch""], [""q_ra"", ""q_scratch"", ""q_scratch"", ""q_scratch"", ""q_scratch""], [""q_scratch"", ""q_ra"", ""q_ra"", ""q_scratch"", ""q_scratch""], [""q_scratch"", ""q_scratch"", ""q_scratch"", ""q_ra"", ""q_scratch""]]","[[45.897, 44.151, 42.453, 41.377, 41.038], [45.449, 43.862, 42.131, 41.158, 40.801], [45.082, 43.557, 42.103, 40.813, 40.731], [44.466, 43.359, 41.916, 40.958, 40.772], [44.37, 43.138, 42.105, 41.008, 40.92]]","[[46.962, 45.542, 43.958, 42.826, 42.412], [46.751, 45.334, 43.762, 42.644, 42.236], [46.338, 45.039, 43.599, 42.572, 42.187], [45.878, 44.769, 43.535, 42.574, 42.202], [45.663, 44.655, 43.527, 42.653, 42.327]]","[[47.336, 46.278, 44.717, 43.347, 42.597], [47.211, 46.139, 44.565, 43.19, 42.44], [46.873, 45.845, 44.342, 43.032, 42.318], [46.371, 45.471, 44.151, 42.996, 42.361], [45.984, 45.201, 44.05, 43.034, 42.469]]"
finish_rule,76,0,2,success,6.751567840576172,5.738870620727539,5.580197334289551,6.964808940887451,-0.4999999701976776,7.999825291335583,0.6908990144729614,0,64.1546679753755,70.28981492206684,0.17710545292027177,0.18158728041801364,1.7097005408603725,1.5290278058365652,0.8516495475766837,0.5046560124823993,40.73111936070948,39.63568779000395,1.0954315707055287,9.63568779000395,35.90282879883762,0.008118244914005396,0.0,0.19630695924931743,,,,True,True,70.28981492206684,63.91134122183488,11,11,0,77.99313544372826,77.911538668655,0,0,0,11,0,0:0;0:1;0:3;1:0;1:4;2:0;2:2;3:1;3:2;4:2;4:3,0:0;0:1;0:3;1:0;1:4;2:0;2:2;3:1;3:2;4:2;4:3,,,0:0;0:1;0:3;1:0;1:4;2:0;2:2;3:1;3:2;4:2;4:3,,"{""q_ra"": 0, ""q_scratch"": 3, ""q_thermal"": 0, ""q_uniformity"": 8}","[[68.547, 66.901, 75.276, 69.932, 72.91], [67.128, 75.755, 75.967, 70.258, 68.401], [65.244, 72.088, 69.626, 70.586, 72.257], [70.704, 65.333, 65.077, 72.655, 74.046], [72.658, 72.339, 67.667, 63.911, 71.98]]","[[68.547, 66.901, 75.276, 69.932, 72.91], [67.128, 75.755, 75.967, 70.258, 68.401], [65.244, 72.088, 69.626, 70.586, 72.257], [70.704, 65.333, 65.077, 72.655, 74.046], [72.658, 72.339, 67.667, 63.911, 71.98]]","[[68.547, 66.901, 75.276, 69.932, 72.91], [67.128, 75.755, 75.967, 70.258, 68.401], [65.244, 72.088, 69.626, 70.586, 72.257], [70.704, 65.333, 65.077, 72.655, 74.046], [72.658, 72.339, 67.667, 63.911, 71.98]]","[[78.0, 78.0, 78.0, 78.0, 78.0], [78.0, 78.0, 78.0, 78.0, 78.0], [78.0, 78.0, 78.0, 78.0, 78.0], [78.0, 78.0, 78.0, 77.992, 77.912], [78.0, 78.0, 78.0, 77.992, 77.933]]","[[78.0, 78.0, 78.0, 78.0, 78.0], [78.0, 78.0, 78.0, 78.0, 78.0], [78.0, 78.0, 78.0, 78.0, 78.0], [78.0, 78.0, 78.0, 77.992, 77.912], [78.0, 78.0, 78.0, 77.992, 77.933]]","[[78.0, 78.0, 78.0, 78.0, 78.0], [78.0, 78.0, 78.0, 78.0, 78.0], [78.0, 78.0, 78.0, 78.0, 78.0], [78.0, 78.0, 78.0, 77.992, 77.912], [78.0, 78.0, 78.0, 77.992, 77.933]]","[[0.867879, 0.808436, 0.77629, 0.774235, 0.793537], [0.843209, 0.796879, 0.759373, 0.768411, 0.782579], [0.838127, 0.792977, 0.769892, 0.743624, 0.782235], [0.824028, 0.801545, 0.766975, 0.758724, 0.78412], [0.837853, 0.795061, 0.787409, 0.760629, 0.789822]]","[[0.886997, 0.846713, 0.818502, 0.805706, 0.805376], [0.866335, 0.838718, 0.803671, 0.801605, 0.79564], [0.86556, 0.835527, 0.811954, 0.770863, 0.790632], [0.849624, 0.839596, 0.801905, 0.784166, 0.794323], [0.855028, 0.82471, 0.817898, 0.78357, 0.798978]]","[[0.886075, 0.844913, 0.818502, 0.800563, 0.788267], [0.864381, 0.838418, 0.802654, 0.789277, 0.790741], [0.859189, 0.828205, 0.806102, 0.770751, 0.773523], [0.845658, 0.836829, 0.801, 0.777361, 0.783704], [0.851039, 0.821619, 0.813956, 0.781657, 0.787795]]","[[""q_scratch"", ""q_uniformity"", ""q_uniformity"", ""q_uniformity"", ""q_uniformity""], [""q_scratch"", ""q_uniformity"", ""q_uniformity"", ""q_uniformity"", ""q_uniformity""], [""q_scratch"", ""q_uniformity"", ""q_uniformity"", ""q_uniformity"", ""q_uniformity""], [""q_uniformity"", ""q_uniformity"", ""q_uniformity"", ""q_scratch"", ""q_uniformity""], [""q_uniformity"", ""q_uniformity"", ""q_uniformity"", ""q_uniformity"", ""q_uniformity""]]","[[45.045, 43.159, 41.425, 40.334, 39.996], [44.512, 42.861, 41.06, 40.135, 39.735], [44.142, 42.565, 41.042, 39.691, 39.636], [43.49, 42.4, 40.853, 39.86, 39.693], [43.392, 42.086, 41.063, 39.914, 39.849]]","[[46.962, 45.542, 43.958, 42.826, 42.412], [46.751, 45.334, 43.762, 42.644, 42.236], [46.338, 45.039, 43.599, 42.572, 42.187], [45.878, 44.769, 43.535, 42.574, 42.202], [45.663, 44.655, 43.527, 42.653, 42.327]]","[[47.336, 46.278, 44.717, 43.347, 42.597], [47.211, 46.139, 44.565, 43.19, 42.44], [46.873, 45.845, 44.342, 43.032, 42.318], [46.371, 45.471, 44.151, 42.996, 42.361], [45.984, 45.201, 44.05, 43.034, 42.469]]"
finish_rule,77,0,1,continue,5.7779998779296875,5.777801513671875,5.659201145172119,6.928744316101074,0.0,5.945709068328142,0.0,0,48.5912975002139,64.71216437525976,0.21321981242128143,0.1787633244936023,2.068890222567909,1.76767321022023,1.8028388366612136,1.162946164441312,41.89280967657284,40.77406558405497,1.1187440925178649,10.774065584054973,35.90274012022832,0.00811673309142172,0.07554050892486057,0.19768586834420415,1.1463719115217468,44.383878612799265,6.924371911521746,False,True,64.71216437525976,49.905979110988255,18,18,0,77.99313747056618,77.91156218905192,0,0,0,18,0,0:1;0:2;0:3;1:0;1:1;1:2;1:3;2:0;2:1;2:3;2:4;3:0;3:1;3:2;3:3;3:4;4:0;4:1,0:1;0:2;0:3;1:0;1:1;1:2;1:3;2:0;2:1;2:3;2:4;3:0;3:1;3:2;3:3;3:4;4:0;4:1,,,0:1;0:2;0:3;1:0;1:1;1:2;1:3;2:0;2:1;2:3;2:4;3:0;3:1;3:2;3:3;3:4;4:0;4:1,,"{""q_ra"": 5, ""q_scratch"": 13, ""q_thermal"": 0, ""q_uniformity"": 0}","[[74.968, 57.153, 56.141, 68.857, 75.627], [66.671, 59.843, 65.292, 60.621, 70.331], [55.606, 49.906, 76.654, 67.144, 66.15], [68.284, 49.962, 64.269, 59.59, 60.618], [57.366, 59.322, 75.961, 76.179, 75.289]]","[[74.968, 57.153, 56.141, 68.857, 75.627], [66.671, 59.843, 65.292, 60.621, 70.331], [55.606, 49.906, 76.654, 67.144, 66.15], [68.284, 49.962, 64.269, 59.59, 60.618], [57.366, 59.322, 75.961, 76.179, 75.289]]","[[74.968, 57.153, 56.141, 68.857, 75.627], [66.671, 59.843, 65.292, 60.621, 70.331], [55.606, 49.906, 76.654, 67.144, 66.15], [68.284, 49.962, 64.269, 59.59, 60.618], [57.366, 59.322, 75.961, 76.179, 75.289]]","[[78.0, 78.0, 78.0, 78.0, 78.0], [78.0, 78.0, 78.0, 78.0, 78.0], [78.0, 78.0, 78.0, 78.0, 78.0], [78.0, 78.0, 78.0, 77.992, 77.912], [78.0, 78.0, 78.0, 77.992, 77.933]]","[[78.0, 78.0, 78.0, 78.0, 78.0], [78.0, 78.0, 78.0, 78.0, 78.0], [78.0, 78.0, 78.0, 78.0, 78.0], [78.0, 78.0, 78.0, 77.992, 77.912], [78.0, 78.0, 78.0, 77.992, 77.933]]","[[78.0, 78.0, 78.0, 78.0, 78.0], [78.0, 78.0, 78.0, 78.0, 78.0], [78.0, 78.0, 78.0, 78.0, 78.0], [78.0, 78.0, 78.0, 77.992, 77.912], [78.0, 78.0, 78.0, 77.992, 77.933]]","[[0.92672, 0.912449, 0.887739, 0.866289, 0.898635], [0.92121, 0.899327, 0.864419, 0.848262, 0.87482], [0.906159, 0.891335, 0.853427, 0.832504, 0.862957], [0.907443, 0.875366, 0.840064, 0.81083, 0.837852], [0.918112, 0.881551, 0.855656, 0.832838, 0.877322]]","[[0.928214, 0.922623, 0.915331, 0.901093, 0.914981], [0.924836, 0.916605, 0.901748, 0.894562, 0.902659], [0.917925, 0.921482, 0.906546, 0.895184, 0.905857], [0.924609, 0.913571, 0.901953, 0.879988, 0.883607], [0.931558, 0.9151, 0.910036, 0.890207, 0.905931]]","[[0.926837, 0.922623, 0.913415, 0.899013, 0.899313], [0.924836, 0.916198, 0.901748, 0.889969, 0.892878], [0.917538, 0.908804, 0.899275, 0.888054, 0.886259], [0.918305, 0.903114, 0.899533, 0.873928, 0.871636], [0.922042, 0.909477, 0.901302, 0.876834, 0.874156]]","[[""q_uniformity"", ""q_ra"", ""q_ra"", ""q_scratch"", ""q_uniformity""], [""q_scratch"", ""q_scratch"", ""q_scratch"", ""q_scratch"", ""q_scratch""], [""q_ra"", ""q_ra"", ""q_uniformity"", ""q_scratch"", ""q_scratch""], [""q_scratch"", ""q_ra"", ""q_scratch"", ""q_scratch"", ""q_scratch""], [""q_scratch"", ""q_scratch"", ""q_uniformity"", ""q_uniformity"", ""q_uniformity""]]","[[46.609, 46.222, 45.221, 43.858, 43.496], [46.542, 45.956, 44.697, 43.372, 42.897], [46.175, 45.592, 44.122, 42.606, 42.117], [45.922, 44.894, 43.294, 41.538, 40.927], [45.847, 44.641, 43.049, 41.265, 40.774]]","[[47.893, 47.582, 46.629, 45.379, 44.75], [47.887, 47.407, 46.299, 44.948, 44.288], [47.622, 46.92, 45.578, 44.082, 43.377], [47.22, 46.303, 44.739, 43.111, 42.366], [47.011, 45.999, 44.339, 42.655, 41.893]]","[[47.922, 47.778, 47.146, 45.997, 45.019], [47.957, 47.742, 47.002, 45.764, 44.742], [47.85, 47.493, 46.547, 45.143, 44.042], [47.546, 47.015, 45.825, 44.23, 43.041], [47.26, 46.608, 45.251, 43.527, 42.281]]"
finish_rule,77,0,2,success,6.924371719360352,5.885519504547119,5.723004341125488,7.109536170959473,-0.4999999701976776,7.999825291335583,0.6908990144729614,0,64.71216437525976,70.07365256558603,0.1787633244936023,0.1861686906503817,1.76767321022023,1.6565361600082422,1.162946164441312,0.7555999748039253,40.77406558405497,39.74978916015689,1.0242764238980868,9.749789160156887,35.90274012022832,0.00811673309142172,0.0,0.1789753008813291,,,,True,True,70.07365256558603,60.65774011479005,13,13,0,77.99313747056618,77.91156218905192,0,0,0,13,0,0:1;0:2;1:1;1:2;1:3;2:0;2:1;3:1;3:2;3:3;3:4;4:0;4:1,0:1;0:2;1:1;1:2;1:3;2:0;2:1;3:1;3:2;3:3;3:4;4:0;4:1,,,0:1;0:2;1:1;1:2;1:3;2:0;2:1;3:1;3:2;3:3;3:4;4:0;4:1,,"{""q_ra"": 0, ""q_scratch"": 6, ""q_thermal"": 0, ""q_uniformity"": 7}","[[72.935, 67.909, 68.49, 72.139, 74.461], [70.848, 65.807, 69.879, 69.206, 73.994], [66.974, 61.368, 76.125, 70.954, 71.572], [73.195, 60.658, 69.985, 67.973, 68.391], [66.576, 66.667, 75.557, 75.881, 74.298]]","[[72.935, 67.909, 68.49, 72.139, 74.461], [70.848, 65.807, 69.879, 69.206, 73.994], [66.974, 61.368, 76.125, 70.954, 71.572], [73.195, 60.658, 69.985, 67.973, 68.391], [66.576, 66.667, 75.557, 75.881, 74.298]]","[[72.935, 67.909, 68.49, 72.139, 74.461], [70.848, 65.807, 69.879, 69.206, 73.994], [66.974, 61.368, 76.125, 70.954, 71.572], [73.195, 60.658, 69.985, 67.973, 68.391], [66.576, 66.667, 75.557, 75.881, 74.298]]","[[78.0, 78.0, 78.0, 78.0, 78.0], [78.0, 78.0, 78.0, 78.0, 78.0], [78.0, 78.0, 78.0, 78.0, 78.0], [78.0, 78.0, 78.0, 77.992, 77.912], [78.0, 78.0, 78.0, 77.992, 77.933]]","[[78.0, 78.0, 78.0, 78.0, 78.0], [78.0, 78.0, 78.0, 78.0, 78.0], [78.0, 78.0, 78.0, 78.0, 78.0], [78.0, 78.0, 78.0, 77.992, 77.912], [78.0, 78.0, 78.0, 77.992, 77.933]]","[[78.0, 78.0, 78.0, 78.0, 78.0], [78.0, 78.0, 78.0, 78.0, 78.0], [78.0, 78.0, 78.0, 78.0, 78.0], [78.0, 78.0, 78.0, 77.992, 77.912], [78.0, 78.0, 78.0, 77.992, 77.933]]","[[0.873867, 0.857171, 0.828424, 0.79948, 0.829305], [0.867554, 0.842819, 0.801331, 0.779977, 0.801428], [0.84998, 0.836132, 0.79098, 0.763465, 0.789465], [0.850577, 0.81383, 0.774045, 0.734435, 0.752759], [0.861988, 0.817762, 0.786237, 0.750916, 0.793916]]","[[0.875277, 0.866728, 0.854172, 0.831601, 0.844389], [0.870969, 0.859011, 0.835935, 0.82255, 0.826932], [0.861017, 0.864411, 0.840212, 0.820946, 0.828711], [0.866667, 0.84935, 0.83107, 0.797077, 0.793868], [0.874612, 0.848883, 0.836206, 0.802643, 0.819805]]","[[0.873978, 0.866728, 0.851238, 0.830159, 0.827916], [0.870969, 0.858598, 0.835935, 0.817093, 0.817336], [0.860517, 0.848512, 0.831003, 0.813563, 0.80898], [0.86059, 0.839074, 0.830157, 0.791289, 0.784751], [0.862248, 0.844292, 0.830241, 0.790647, 0.78695]]","[[""q_uniformity"", ""q_uniformity"", ""q_uniformity"", ""q_uniformity"", ""q_uniformity""], [""q_uniformity"", ""q_scratch"", ""q_uniformity"", ""q_uniformity"", ""q_uniformity""], [""q_uniformity"", ""q_scratch"", ""q_uniformity"", ""q_uniformity"", ""q_uniformity""], [""q_uniformity"", ""q_scratch"", ""q_scratch"", ""q_uniformity"", ""q_uniformity""], [""q_scratch"", ""q_scratch"", ""q_uniformity"", ""q_uniformity"", ""q_uniformity""]]","[[45.662, 45.239, 44.204, 42.789, 42.455], [45.579, 44.953, 43.625, 42.296, 41.815], [45.172, 44.626, 43.088, 41.561, 41.085], [44.924, 43.847, 42.249, 40.451, 39.817], [44.878, 43.582, 41.991, 40.157, 39.75]]","[[47.893, 47.582, 46.629, 45.379, 44.75], [47.887, 47.407, 46.299, 44.948, 44.288], [47.622, 46.92, 45.578, 44.082, 43.377], [47.22, 46.303, 44.739, 43.111, 42.366], [47.011, 45.999, 44.339, 42.655, 41.893]]","[[47.922, 47.778, 47.146, 45.997, 45.019], [47.957, 47.742, 47.002, 45.764, 44.742], [47.85, 47.493, 46.547, 45.143, 44.042], [47.546, 47.015, 45.825, 44.23, 43.041], [47.26, 46.608, 45.251, 43.527, 42.281]]"
finish_rule,78,0,1,continue,5.7779998779296875,5.777801513671875,5.659205913543701,6.92940616607666,0.0,5.945709068328142,0.0,0,54.92129709283776,69.6035747493196,0.17261543576772492,0.13148300793618278,1.8008603468294218,1.602509366102624,1.4487712077203545,0.9019192365269741,40.0,38.27251286861354,1.7274871313864608,8.27251286861354,35.902835055386895,0.008117074959711553,0.0056632178668627785,0.30525256684020124,0.055657692829434474,20.54859991364849,5.833657692829434,False,True,69.6035747493196,52.095558338233566,12,12,0,77.99313693518523,77.91155234050575,0,0,0,12,0,0:1;0:2;0:3;0:4;1:0;1:1;1:4;2:0;2:1;3:1;4:1;4:2,0:1;0:2;0:3;0:4;1:0;1:1;1:4;2:0;2:1;3:1;4:1;4:2,,,0:1;0:2;0:3;0:4;1:0;1:1;1:4;2:0;2:1;3:1;4:1;4:2,,"{""q_ra"": 0, ""q_scratch"": 12, ""q_thermal"": 0, ""q_uniformity"": 0}","[[75.353, 60.988, 68.231, 68.248, 64.222], [67.5, 52.096, 77.172, 76.63, 67.646], [68.122, 52.559, 76.907, 77.106, 71.072], [71.001, 64.052, 76.867, 73.197, 71.146], [73.18, 65.042, 69.603, 76.176, 75.977]]","[[75.353, 60.988, 68.231, 68.248, 64.222], [67.5, 52.096, 77.172, 76.63, 67.646], [68.122, 52.559, 76.907, 77.106, 71.072], [71.001, 64.052, 76.867, 73.197, 71.146], [73.18, 65.042, 69.603, 76.176, 75.977]]","[[75.353, 60.988, 68.231, 68.248, 64.222], [67.5, 52.096, 77.172, 76.63, 67.646], [68.122, 52.559, 76.907, 77.106, 71.072], [71.001, 64.052, 76.867, 73.197, 71.146], [73.18, 65.042, 69.603, 76.176, 75.977]]","[[78.0, 78.0, 78.0, 78.0, 78.0], [78.0, 78.0, 78.0, 78.0, 78.0], [78.0, 78.0, 78.0, 78.0, 78.0], [78.0, 78.0, 78.0, 77.992, 77.912], [78.0, 78.0, 78.0, 77.992, 77.933]]","[[78.0, 78.0, 78.0, 78.0, 78.0], [78.0, 78.0, 78.0, 78.0, 78.0], [78.0, 78.0, 78.0, 78.0, 78.0], [78.0, 78.0, 78.0, 77.992, 77.912], [78.0, 78.0, 78.0, 77.992, 77.933]]","[[78.0, 78.0, 78.0, 78.0, 78.0], [78.0, 78.0, 78.0, 78.0, 78.0], [78.0, 78.0, 78.0, 78.0, 78.0], [78.0, 78.0, 78.0, 77.992, 77.912], [78.0, 78.0, 78.0, 77.992, 77.933]]","[[0.881385, 0.864928, 0.822304, 0.847171, 0.864095], [0.87556, 0.854066, 0.827517, 0.815435, 0.834441], [0.865247, 0.846582, 0.838846, 0.813153, 0.806465], [0.857859, 0.847382, 0.840338, 0.827109, 0.834409], [0.854958, 0.858164, 0.854917, 0.838532, 0.841863]]","[[0.881385, 0.871904, 0.858954, 0.864817, 0.868912], [0.87556, 0.854155, 0.848697, 0.854138, 0.851699], [0.865247, 0.846582, 0.839237, 0.834608, 0.841234], [0.857859, 0.847382, 0.840338, 0.827251, 0.842294], [0.854958, 0.858164, 0.854917, 0.838532, 0.841863]]","[[0.881385, 0.860089, 0.858321, 0.864089, 0.867366], [0.87556, 0.854155, 0.847451, 0.845719, 0.850585], [0.865247, 0.846582, 0.839237, 0.83366, 0.841234], [0.857859, 0.847382, 0.840338, 0.82721, 0.838146], [0.854958, 0.858164, 0.854917, 0.838532, 0.841863]]","[[""q_uniformity"", ""q_scratch"", ""q_scratch"", ""q_scratch"", ""q_scratch""], [""q_scratch"", ""q_scratch"", ""q_uniformity"", ""q_uniformity"", ""q_scratch""], [""q_scratch"", ""q_scratch"", ""q_uniformity"", ""q_uniformity"", ""q_scratch""], [""q_scratch"", ""q_scratch"", ""q_uniformity"", ""q_scratch"", ""q_scratch""], [""q_uniformity"", ""q_scratch"", ""q_scratch"", ""q_uniformity"", ""q_uniformity""]]","[[38.814, 38.719, 38.765, 39.382, 39.676], [38.756, 38.542, 38.487, 38.822, 39.241], [38.652, 38.466, 38.392, 38.346, 38.603], [38.579, 38.474, 38.403, 38.273, 38.423], [38.55, 38.582, 38.549, 38.385, 38.419]]","[[40.0, 40.0, 40.204, 40.848, 41.136], [40.0, 40.0, 40.0, 40.328, 40.85], [40.0, 40.0, 40.0, 40.0, 40.226], [40.0, 40.0, 40.0, 40.0, 40.0], [40.0, 40.0, 40.0, 40.0, 40.0]]","[[40.0, 40.081, 40.659, 41.074, 41.198], [40.0, 40.001, 40.256, 40.818, 41.074], [40.0, 40.0, 40.005, 40.264, 40.667], [40.0, 40.0, 40.0, 40.002, 40.094], [40.0, 40.0, 40.0, 40.0, 40.0]]"
finish_rule,78,0,2,success,5.833657741546631,4.958773612976074,4.821610927581787,6.18375301361084,-0.4999999701976776,7.999825291335583,0.6908990144729614,0,69.6035747493196,72.92080592159178,0.13148300793618278,0.1398638919120269,1.602509366102624,1.4868506756550892,0.9019192365269741,0.562263778206233,38.27251286861354,37.36352859830157,0.9089842703119686,7.363528598301571,35.902835055386895,0.008117074959711553,0.0,0.18852294056166352,,,,True,True,72.92080592159178,65.11765379206913,4,4,0,77.99313693518523,77.91155234050575,0,0,0,4,0,0:1;1:1;2:1;3:1,0:1;1:1;2:1;3:1,,,0:1;1:1;2:1;3:1,,"{""q_ra"": 0, ""q_scratch"": 4, ""q_thermal"": 0, ""q_uniformity"": 0}","[[73.7, 68.902, 71.78, 72.182, 70.95], [72.281, 65.296, 76.981, 76.385, 71.959], [71.84, 65.118, 76.606, 76.98, 73.937], [74.064, 67.966, 76.614, 75.482, 74.346], [73.781, 70.625, 73.894, 75.982, 75.367]]","[[73.7, 68.902, 71.78, 72.182, 70.95], [72.281, 65.296, 76.981, 76.385, 71.959], [71.84, 65.118, 76.606, 76.98, 73.937], [74.064, 67.966, 76.614, 75.482, 74.346], [73.781, 70.625, 73.894, 75.982, 75.367]]","[[73.7, 68.902, 71.78, 72.182, 70.95], [72.281, 65.296, 76.981, 76.385, 71.959], [71.84, 65.118, 76.606, 76.98, 73.937], [74.064, 67.966, 76.614, 75.482, 74.346], [73.781, 70.625, 73.894, 75.982, 75.367]]","[[78.0, 78.0, 78.0, 78.0, 78.0], [78.0, 78.0, 78.0, 78.0, 78.0], [78.0, 78.0, 78.0, 78.0, 78.0], [78.0, 78.0, 78.0, 77.992, 77.912], [78.0, 78.0, 78.0, 77.992, 77.933]]","[[78.0, 78.0, 78.0, 78.0, 78.0], [78.0, 78.0, 78.0, 78.0, 78.0], [78.0, 78.0, 78.0, 78.0, 78.0], [78.0, 78.0, 78.0, 77.992, 77.912], [78.0, 78.0, 78.0, 77.992, 77.933]]","[[78.0, 78.0, 78.0, 78.0, 78.0], [78.0, 78.0, 78.0, 78.0, 78.0], [78.0, 78.0, 78.0, 78.0, 78.0], [78.0, 78.0, 78.0, 77.992, 77.912], [78.0, 78.0, 78.0, 77.992, 77.933]]","[[0.805062, 0.779739, 0.740924, 0.769274, 0.786947], [0.797123, 0.768553, 0.742166, 0.735109, 0.755479], [0.783907, 0.760798, 0.747795, 0.725469, 0.722888], [0.774584, 0.762044, 0.751002, 0.736226, 0.745209], [0.76978, 0.76913, 0.765959, 0.747652, 0.751509]]","[[0.805062, 0.786028, 0.773947, 0.785298, 0.791334], [0.797123, 0.768633, 0.761162, 0.77, 0.771104], [0.783907, 0.760798, 0.748144, 0.744611, 0.754054], [0.774584, 0.762044, 0.751002, 0.736353, 0.752251], [0.76978, 0.76913, 0.765959, 0.747652, 0.751509]]","[[0.805062, 0.775377, 0.773164, 0.783986, 0.789926], [0.797123, 0.768633, 0.761162, 0.763678, 0.770085], [0.783907, 0.760798, 0.748144, 0.743915, 0.754054], [0.774584, 0.762044, 0.751002, 0.736316, 0.750026], [0.76978, 0.76913, 0.765959, 0.747652, 0.751509]]","[[""q_uniformity"", ""q_scratch"", ""q_uniformity"", ""q_uniformity"", ""q_uniformity""], [""q_uniformity"", ""q_scratch"", ""q_uniformity"", ""q_uniformity"", ""q_uniformity""], [""q_uniformity"", ""q_scratch"", ""q_uniformity"", ""q_uniformity"", ""q_uniformity""], [""q_uniformity"", ""q_scratch"", ""q_uniformity"", ""q_uniformity"", ""q_uniformity""], [""q_uniformity"", ""q_uniformity"", ""q_uniformity"", ""q_uniformity"", ""q_uniformity""]]","[[38.051, 37.86, 37.897, 38.519, 38.812], [37.971, 37.686, 37.612, 37.953, 38.366], [37.839, 37.608, 37.481, 37.446, 37.711], [37.746, 37.62, 37.51, 37.364, 37.523], [37.698, 37.691, 37.66, 37.477, 37.515]]","[[40.0, 40.0, 40.204, 40.848, 41.136], [40.0, 40.0, 40.0, 40.328, 40.85], [40.0, 40.0, 40.0, 40.0, 40.226], [40.0, 40.0, 40.0, 40.0, 40.0], [40.0, 40.0, 40.0, 40.0, 40.0]]","[[40.0, 40.081, 40.659, 41.074, 41.198], [40.0, 40.001, 40.256, 40.818, 41.074], [40.0, 40.0, 40.005, 40.264, 40.667], [40.0, 40.0, 40.0, 40.002, 40.094], [40.0, 40.0, 40.0, 40.0, 40.0]]"
finish_rule,79,0,1,continue,5.7779998779296875,5.777801513671875,5.659205913543701,6.92940616607666,0.0,5.945709068328142,0.0,0,44.44941118197046,60.52041899816631,0.2745396257654751,0.2056674226284731,2.2101401978776893,1.8779081230687389,1.7506424669721417,1.2430366748071897,40.0,38.52829676681658,1.471703233183419,8.528296766816581,35.902835055386895,0.008117074959711553,0.13542258574048124,0.2600547242257638,1.5622394802901045,25.1035499787695,7.340239480290104,False,True,60.52041899816631,42.81575683402436,22,22,0,77.99313693518523,77.91155234050575,0,0,0,22,0,0:0;0:1;0:2;0:3;0:4;1:0;1:1;1:2;1:3;1:4;2:0;2:1;2:2;2:3;2:4;3:0;3:1;3:2;3:3;3:4;4:0;4:4,0:0;0:1;0:2;0:3;0:4;1:0;1:1;1:2;1:3;1:4;2:0;2:1;2:2;2:3;2:4;3:0;3:1;3:2;3:3;3:4;4:0;4:4,,,0:0;0:1;0:2;0:3;0:4;1:0;1:1;1:2;1:3;1:4;2:0;2:1;2:2;2:3;2:4;3:0;3:1;3:2;3:3;3:4;4:0;4:4,,"{""q_ra"": 8, ""q_scratch"": 14, ""q_thermal"": 0, ""q_uniformity"": 0}","[[56.985, 63.716, 62.69, 50.262, 65.606], [57.349, 57.512, 47.377, 52.335, 60.609], [66.71, 48.467, 60.995, 52.225, 68.829], [53.881, 51.467, 59.336, 67.337, 69.161], [42.816, 75.944, 76.904, 75.687, 68.812]]","[[56.985, 63.716, 62.69, 50.262, 65.606], [57.349, 57.512, 47.377, 52.335, 60.609], [66.71, 48.467, 60.995, 52.225, 68.829], [53.881, 51.467, 59.336, 67.337, 69.161], [42.816, 75.944, 76.904, 75.687, 68.812]]","[[56.985, 63.716, 62.69, 50.262, 65.606], [57.349, 57.512, 47.377, 52.335, 60.609], [66.71, 48.467, 60.995, 52.225, 68.829], [53.881, 51.467, 59.336, 67.337, 69.161], [42.816, 75.944, 76.904, 75.687, 68.812]]","[[78.0, 78.0, 78.0, 78.0, 78.0], [78.0, 78.0, 78.0, 78.0, 78.0], [78.0, 78.0, 78.0, 78.0, 78.0], [78.0, 78.0, 78.0, 77.992, 77.912], [78.0, 78.0, 78.0, 77.992, 77.933]]","[[78.0, 78.0, 78.0, 78.0, 78.0], [78.0, 78.0, 78.0, 78.0, 78.0], [78.0, 78.0, 78.0, 78.0, 78.0], [78.0, 78.0, 78.0, 77.992, 77.912], [78.0, 78.0, 78.0, 77.992, 77.933]]","[[78.0, 78.0, 78.0, 78.0, 78.0], [78.0, 78.0, 78.0, 78.0, 78.0], [78.0, 78.0, 78.0, 78.0, 78.0], [78.0, 78.0, 78.0, 77.992, 77.912], [78.0, 78.0, 78.0, 77.992, 77.933]]","[[0.882547, 0.857285, 0.85576, 0.837982, 0.856224], [0.854929, 0.825698, 0.805093, 0.82202, 0.830445], [0.828477, 0.804778, 0.79694, 0.814599, 0.814152], [0.857058, 0.842495, 0.825005, 0.854097, 0.848816], [0.885407, 0.861001, 0.856263, 0.869656, 0.867399]]","[[0.882547, 0.857285, 0.865029, 0.872912, 0.877084], [0.866898, 0.85283, 0.86753, 0.877595, 0.871552], [0.881375, 0.864766, 0.858956, 0.872753, 0.860905], [0.89402, 0.888507, 0.874913, 0.903403, 0.888999], [0.902496, 0.88787, 0.888128, 0.899917, 0.889173]]","[[0.882547, 0.857285, 0.85054, 0.860711, 0.866463], [0.865307, 0.850203, 0.847115, 0.846757, 0.860435], [0.87169, 0.852608, 0.858956, 0.859439, 0.860905], [0.884112, 0.873935, 0.874913, 0.878277, 0.885183], [0.891088, 0.880827, 0.888128, 0.884281, 0.887121]]","[[""q_ra"", ""q_scratch"", ""q_scratch"", ""q_ra"", ""q_scratch""], [""q_scratch"", ""q_scratch"", ""q_ra"", ""q_ra"", ""q_scratch""], [""q_scratch"", ""q_ra"", ""q_scratch"", ""q_ra"", ""q_scratch""], [""q_scratch"", ""q_ra"", ""q_scratch"", ""q_scratch"", ""q_scratch""], [""q_ra"", ""q_uniformity"", ""q_uniformity"", ""q_uniformity"", ""q_scratch""]]","[[38.825, 38.573, 38.65, 38.951, 39.516], [38.669, 38.528, 38.72, 39.392, 39.812], [39.363, 39.331, 39.642, 40.299, 40.581], [40.683, 40.767, 40.983, 41.849, 42.082], [41.597, 41.581, 42.018, 42.732, 43.033]]","[[40.0, 40.0, 40.0, 40.254, 40.849], [40.0, 40.0, 40.051, 40.702, 41.258], [40.623, 40.79, 41.226, 41.8, 42.291], [41.949, 42.118, 42.553, 43.116, 43.59], [42.85, 43.043, 43.532, 44.148, 44.657]]","[[40.0, 40.0, 40.108, 40.681, 41.114], [40.14, 40.329, 40.831, 41.426, 41.816], [41.302, 41.594, 42.099, 42.642, 42.997], [42.465, 42.78, 43.313, 43.873, 44.234], [43.098, 43.45, 44.035, 44.641, 45.025]]"
finish_rule,79,0,2,fail_finish_not_eligible,7.340239524841309,6.23898983001709,6.0666704177856445,7.463964462280273,-0.4999999701976776,7.999825291335583,0.6908990144729614,0,60.52041899816631,68.2611367188706,0.2056674226284731,0.2079360923983099,1.8779081230687389,1.7425364239893333,1.2430366748071897,0.7266125432836952,38.52829676681658,37.435739552843614,1.0925572139729667,7.435739552843614,35.902835055386895,0.008117074959711553,0.039680461991549454,0.18009173710342316,,,,False,True,68.2611367188706,56.18421880876958,17,17,0,77.99313693518523,77.91155234050575,0,0,0,17,0,0:0;0:1;0:2;0:3;1:0;1:1;1:2;1:3;1:4;2:1;2:2;2:3;3:0;3:1;3:2;4:0;4:4,0:0;0:1;0:2;0:3;1:0;1:1;1:2;1:3;1:4;2:1;2:2;2:3;3:0;3:1;3:2;4:0;4:4,,,0:0;0:1;0:2;0:3;1:0;1:1;1:2;1:3;1:4;2:1;2:2;2:3;3:0;3:1;3:2;4:0;4:4,,"{""q_ra"": 1, ""q_scratch"": 9, ""q_thermal"": 0, ""q_uniformity"": 7}","[[66.401, 68.274, 69.636, 64.596, 70.429], [67.111, 67.744, 62.498, 66.855, 67.947], [71.972, 61.868, 68.292, 66.58, 72.606], [65.766, 64.138, 67.988, 70.938, 72.465], [56.184, 75.485, 76.78, 75.091, 68.885]]","[[66.401, 68.274, 69.636, 64.596, 70.429], [67.111, 67.744, 62.498, 66.855, 67.947], [71.972, 61.868, 68.292, 66.58, 72.606], [65.766, 64.138, 67.988, 70.938, 72.465], [56.184, 75.485, 76.78, 75.091, 68.885]]","[[66.401, 68.274, 69.636, 64.596, 70.429], [67.111, 67.744, 62.498, 66.855, 67.947], [71.972, 61.868, 68.292, 66.58, 72.606], [65.766, 64.138, 67.988, 70.938, 72.465], [56.184, 75.485, 76.78, 75.091, 68.885]]","[[78.0, 78.0, 78.0, 78.0, 78.0], [78.0, 78.0, 78.0, 78.0, 78.0], [78.0, 78.0, 78.0, 78.0, 78.0], [78.0, 78.0, 78.0, 77.992, 77.912], [78.0, 78.0, 78.0, 77.992, 77.933]]","[[78.0, 78.0, 78.0, 78.0, 78.0], [78.0, 78.0, 78.0, 78.0, 78.0], [78.0, 78.0, 78.0, 78.0, 78.0], [78.0, 78.0, 78.0, 77.992, 77.912], [78.0, 78.0, 78.0, 77.992, 77.933]]","[[78.0, 78.0, 78.0, 78.0, 78.0], [78.0, 78.0, 78.0, 78.0, 78.0], [78.0, 78.0, 78.0, 78.0, 78.0], [78.0, 78.0, 78.0, 77.992, 77.912], [78.0, 78.0, 78.0, 77.992, 77.933]]","[[0.787978, 0.750494, 0.746687, 0.735381, 0.755224], [0.754963, 0.719918, 0.701079, 0.72132, 0.734584], [0.737892, 0.706991, 0.704132, 0.723873, 0.7208], [0.773798, 0.758939, 0.740297, 0.772177, 0.76847], [0.803758, 0.780201, 0.775947, 0.789635, 0.788168]]","[[0.787978, 0.750494, 0.754774, 0.766035, 0.773624], [0.765533, 0.743574, 0.755449, 0.770087, 0.770946], [0.785007, 0.759689, 0.758925, 0.775551, 0.762192], [0.807169, 0.800388, 0.785081, 0.816754, 0.804849], [0.819271, 0.804548, 0.804823, 0.817112, 0.807953]]","[[0.787978, 0.750494, 0.740675, 0.752083, 0.763944], [0.764075, 0.741197, 0.738092, 0.740602, 0.761048], [0.775578, 0.749008, 0.758925, 0.760359, 0.762192], [0.798075, 0.784269, 0.784365, 0.791556, 0.800838], [0.808915, 0.795092, 0.804823, 0.801334, 0.80526]]","[[""q_scratch"", ""q_scratch"", ""q_uniformity"", ""q_uniformity"", ""q_scratch""], [""q_uniformity"", ""q_scratch"", ""q_uniformity"", ""q_uniformity"", ""q_scratch""], [""q_scratch"", ""q_scratch"", ""q_scratch"", ""q_uniformity"", ""q_uniformity""], [""q_scratch"", ""q_scratch"", ""q_uniformity"", ""q_uniformity"", ""q_uniformity""], [""q_ra"", ""q_uniformity"", ""q_uniformity"", ""q_uniformity"", ""q_scratch""]]","[[37.88, 37.505, 37.548, 37.855, 38.393], [37.655, 37.436, 37.593, 38.242, 38.68], [38.339, 38.197, 38.519, 39.152, 39.368], [39.645, 39.699, 39.855, 40.713, 40.938], [40.527, 40.494, 40.891, 41.561, 41.842]]","[[40.0, 40.0, 40.0, 40.254, 40.849], [40.0, 40.0, 40.051, 40.702, 41.258], [40.623, 40.79, 41.226, 41.8, 42.291], [41.949, 42.118, 42.553, 43.116, 43.59], [42.85, 43.043, 43.532, 44.148, 44.657]]","[[40.0, 40.0, 40.108, 40.681, 41.114], [40.14, 40.329, 40.831, 41.426, 41.816], [41.302, 41.594, 42.099, 42.642, 42.997], [42.465, 42.78, 43.313, 43.873, 44.234], [43.098, 43.45, 44.035, 44.641, 45.025]]"
finish_rule,80,0,1,continue,5.7779998779296875,5.777801513671875,5.659209728240967,6.9276838302612305,0.0,5.945709068328142,0.0,0,51.44144367845314,65.74205272263515,0.2000637658597772,0.15550735635396143,2.107244824804598,1.6317858885089969,1.828375976639904,1.0389913654349627,41.935314936340646,40.83133187827828,1.1039830580623686,10.831331878278277,35.902849926154694,0.008117871805722229,0.06082781824806927,0.19507724772121424,0.9354420204092471,45.27094769605922,6.713442020409246,False,True,65.74205272263515,45.03471874807268,14,14,0,77.99313594448658,77.91154891430878,0,0,0,14,0,0:2;0:3;1:0;1:1;1:3;2:0;2:3;3:0;3:1;3:3;3:4;4:1;4:3;4:4,0:2;0:3;1:0;1:1;1:3;2:0;2:3;3:0;3:1;3:3;3:4;4:1;4:3;4:4,,,0:2;0:3;1:0;1:1;1:3;2:0;2:3;3:0;3:1;3:3;3:4;4:1;4:3;4:4,,"{""q_ra"": 6, ""q_scratch"": 8, ""q_thermal"": 0, ""q_uniformity"": 0}","[[75.021, 72.293, 68.63, 67.622, 75.454], [68.817, 67.131, 73.903, 54.006, 71.513], [62.701, 76.466, 76.262, 54.276, 70.236], [56.686, 62.299, 76.704, 51.749, 62.426], [76.02, 55.079, 75.396, 45.035, 47.829]]","[[75.021, 72.293, 68.63, 67.622, 75.454], [68.817, 67.131, 73.903, 54.006, 71.513], [62.701, 76.466, 76.262, 54.276, 70.236], [56.686, 62.299, 76.704, 51.749, 62.426], [76.02, 55.079, 75.396, 45.035, 47.829]]","[[75.021, 72.293, 68.63, 67.622, 75.454], [68.817, 67.131, 73.903, 54.006, 71.513], [62.701, 76.466, 76.262, 54.276, 70.236], [56.686, 62.299, 76.704, 51.749, 62.426], [76.02, 55.079, 75.396, 45.035, 47.829]]","[[78.0, 78.0, 78.0, 78.0, 78.0], [78.0, 78.0, 78.0, 78.0, 78.0], [78.0, 78.0, 78.0, 78.0, 78.0], [78.0, 78.0, 78.0, 77.992, 77.912], [78.0, 78.0, 78.0, 77.992, 77.933]]","[[78.0, 78.0, 78.0, 78.0, 78.0], [78.0, 78.0, 78.0, 78.0, 78.0], [78.0, 78.0, 78.0, 78.0, 78.0], [78.0, 78.0, 78.0, 77.992, 77.912], [78.0, 78.0, 78.0, 77.992, 77.933]]","[[78.0, 78.0, 78.0, 78.0, 78.0], [78.0, 78.0, 78.0, 78.0, 78.0], [78.0, 78.0, 78.0, 78.0, 78.0], [78.0, 78.0, 78.0, 77.992, 77.912], [78.0, 78.0, 78.0, 77.992, 77.933]]","[[0.915065, 0.898683, 0.902364, 0.892843, 0.898428], [0.885399, 0.866893, 0.862719, 0.862704, 0.87224], [0.862078, 0.847073, 0.834754, 0.841268, 0.857291], [0.863904, 0.860232, 0.831088, 0.833405, 0.866634], [0.892565, 0.871859, 0.856618, 0.871167, 0.882321]]","[[0.932889, 0.923367, 0.930697, 0.918237, 0.915], [0.921766, 0.910265, 0.908483, 0.903768, 0.902392], [0.905652, 0.899413, 0.889768, 0.891577, 0.895559], [0.900012, 0.907801, 0.882327, 0.880675, 0.902261], [0.907503, 0.899175, 0.890442, 0.902821, 0.901446]]","[[0.924299, 0.921279, 0.911791, 0.911236, 0.915], [0.910176, 0.90772, 0.903302, 0.899679, 0.902392], [0.895749, 0.890082, 0.888589, 0.89075, 0.894546], [0.891338, 0.880443, 0.881198, 0.878572, 0.891132], [0.88964, 0.881849, 0.883534, 0.880237, 0.896476]]","[[""q_uniformity"", ""q_scratch"", ""q_scratch"", ""q_scratch"", ""q_uniformity""], [""q_scratch"", ""q_scratch"", ""q_scratch"", ""q_ra"", ""q_scratch""], [""q_scratch"", ""q_uniformity"", ""q_uniformity"", ""q_ra"", ""q_scratch""], [""q_scratch"", ""q_scratch"", ""q_uniformity"", ""q_ra"", ""q_scratch""], [""q_uniformity"", ""q_ra"", ""q_uniformity"", ""q_ra"", ""q_ra""]]","[[44.797, 44.813, 45.381, 45.786, 46.271], [43.605, 43.622, 44.093, 44.696, 45.269], [42.153, 42.271, 42.67, 43.418, 44.119], [41.12, 41.423, 41.639, 42.348, 43.315], [40.831, 40.936, 41.368, 42.275, 42.92]]","[[45.862, 46.042, 46.526, 47.191, 47.783], [44.759, 44.965, 45.513, 46.26, 46.92], [43.419, 43.643, 44.239, 45.05, 45.766], [42.355, 42.583, 43.191, 44.021, 44.757], [41.935, 42.162, 42.767, 43.596, 44.333]]","[[46.17, 46.483, 47.045, 47.68, 48.111], [45.365, 45.714, 46.336, 47.034, 47.505], [44.097, 44.486, 45.178, 45.95, 46.47], [42.872, 43.279, 44.004, 44.816, 45.364], [42.135, 42.543, 43.271, 44.09, 44.644]]"
finish_rule,80,0,2,success,6.713441848754883,5.706435203552246,5.548691272735596,6.931943416595459,-0.4999999701976776,7.999825291335583,0.6908990144729614,0,65.74205272263515,70.73961924969763,0.15550735635396143,0.16816837453297173,1.6317858885089969,1.4374255512510241,1.0389913654349627,0.5991237071166537,40.83133187827828,39.87380299416667,0.9575288841116105,9.873802994166667,35.902849926154694,0.008117871805722229,0.0,0.1725684196589898,,,,True,True,70.73961924969763,58.341880382185025,10,10,0,77.99313594448658,77.91154891430878,0,0,0,10,0,1:3;2:0;2:3;3:0;3:1;3:3;3:4;4:1;4:3;4:4,1:3;2:0;2:3;3:0;3:1;3:3;3:4;4:1;4:3;4:4,,,1:3;2:0;2:3;3:0;3:1;3:3;3:4;4:1;4:3;4:4,,"{""q_ra"": 1, ""q_scratch"": 2, ""q_thermal"": 0, ""q_uniformity"": 7}","[[73.061, 74.788, 72.383, 71.858, 74.345], [71.09, 71.232, 75.702, 66.148, 73.394], [69.609, 76.084, 75.744, 66.542, 73.243], [66.905, 67.678, 76.247, 65.252, 68.965], [75.385, 67.794, 76.265, 58.342, 60.437]]","[[73.061, 74.788, 72.383, 71.858, 74.345], [71.09, 71.232, 75.702, 66.148, 73.394], [69.609, 76.084, 75.744, 66.542, 73.243], [66.905, 67.678, 76.247, 65.252, 68.965], [75.385, 67.794, 76.265, 58.342, 60.437]]","[[73.061, 74.788, 72.383, 71.858, 74.345], [71.09, 71.232, 75.702, 66.148, 73.394], [69.609, 76.084, 75.744, 66.542, 73.243], [66.905, 67.678, 76.247, 65.252, 68.965], [75.385, 67.794, 76.265, 58.342, 60.437]]","[[78.0, 78.0, 78.0, 78.0, 78.0], [78.0, 78.0, 78.0, 78.0, 78.0], [78.0, 78.0, 78.0, 78.0, 78.0], [78.0, 78.0, 78.0, 77.992, 77.912], [78.0, 78.0, 78.0, 77.992, 77.933]]","[[78.0, 78.0, 78.0, 78.0, 78.0], [78.0, 78.0, 78.0, 78.0, 78.0], [78.0, 78.0, 78.0, 78.0, 78.0], [78.0, 78.0, 78.0, 77.992, 77.912], [78.0, 78.0, 78.0, 77.992, 77.933]]","[[78.0, 78.0, 78.0, 78.0, 78.0], [78.0, 78.0, 78.0, 78.0, 78.0], [78.0, 78.0, 78.0, 78.0, 78.0], [78.0, 78.0, 78.0, 77.992, 77.912], [78.0, 78.0, 78.0, 77.992, 77.933]]","[[0.860532, 0.844259, 0.843979, 0.837204, 0.841927], [0.823731, 0.80632, 0.802756, 0.80261, 0.811374], [0.793381, 0.781313, 0.76799, 0.775606, 0.792337], [0.788869, 0.790134, 0.759355, 0.761415, 0.798904], [0.813659, 0.794068, 0.778022, 0.796959, 0.809108]]","[[0.877294, 0.867449, 0.870479, 0.861016, 0.857457], [0.857564, 0.846661, 0.845339, 0.840814, 0.839422], [0.833483, 0.829589, 0.818603, 0.821988, 0.827706], [0.821841, 0.833827, 0.806172, 0.804602, 0.831747], [0.827276, 0.818946, 0.808742, 0.825917, 0.826646]]","[[0.868893, 0.863857, 0.852499, 0.852736, 0.857457], [0.846975, 0.844364, 0.840026, 0.836249, 0.839422], [0.824339, 0.819085, 0.816836, 0.821478, 0.826511], [0.815438, 0.803784, 0.806172, 0.802311, 0.820406], [0.812733, 0.805142, 0.805212, 0.803608, 0.824378]]","[[""q_uniformity"", ""q_uniformity"", ""q_uniformity"", ""q_uniformity"", ""q_uniformity""], [""q_uniformity"", ""q_uniformity"", ""q_uniformity"", ""q_uniformity"", ""q_uniformity""], [""q_uniformity"", ""q_uniformity"", ""q_uniformity"", ""q_uniformity"", ""q_scratch""], [""q_scratch"", ""q_scratch"", ""q_uniformity"", ""q_uniformity"", ""q_uniformity""], [""q_uniformity"", ""q_uniformity"", ""q_uniformity"", ""q_ra"", ""q_uniformity""]]","[[43.915, 43.916, 44.385, 44.802, 45.248], [42.657, 42.67, 43.114, 43.672, 44.203], [41.185, 41.318, 41.656, 42.371, 43.05], [40.154, 40.492, 40.634, 41.281, 42.274], [39.874, 39.96, 40.325, 41.229, 41.848]]","[[45.862, 46.042, 46.526, 47.191, 47.783], [44.759, 44.965, 45.513, 46.26, 46.92], [43.419, 43.643, 44.239, 45.05, 45.766], [42.355, 42.583, 43.191, 44.021, 44.757], [41.935, 42.162, 42.767, 43.596, 44.333]]","[[46.17, 46.483, 47.045, 47.68, 48.111], [45.365, 45.714, 46.336, 47.034, 47.505], [44.097, 44.486, 45.178, 45.95, 46.47], [42.872, 43.279, 44.004, 44.816, 45.364], [42.135, 42.543, 43.271, 44.09, 44.644]]"
finish_rule,81,0,1,continue,5.7779998779296875,5.777801513671875,5.659209728240967,6.9276838302612305,0.0,5.945709068328142,0.0,0,49.01218331787287,69.35146394752316,0.1595739569722772,0.1346436797339971,1.765396396509424,1.4139328115433958,1.3547486330491514,0.8852512481522388,50.0,48.2211853746572,1.7788146253427968,18.221185374657203,35.902849926154694,0.008117871805722229,0.009264800749669178,0.31432208926027905,0.08842650007327982,51.6068896488691,5.866426500073279,False,True,69.35146394752316,54.9832901117607,11,11,0,77.99313594448658,77.91154891430878,0,0,0,11,0,0:1;0:2;0:3;0:4;1:1;1:2;2:2;3:2;3:3;4:1;4:2,0:1;0:2;0:3;0:4;1:1;1:2;2:2;3:2;3:3;4:1;4:2,,,0:1;0:2;0:3;0:4;1:1;1:2;2:2;3:2;3:3;4:1;4:2,,"{""q_ra"": 0, ""q_scratch"": 11, ""q_thermal"": 0, ""q_uniformity"": 0}","[[75.451, 62.176, 54.983, 62.301, 58.919], [74.875, 62.788, 67.852, 71.577, 76.501], [74.224, 72.675, 69.487, 71.366, 71.579], [73.097, 74.55, 67.865, 66.716, 76.028], [76.03, 65.324, 56.116, 75.348, 75.956]]","[[75.451, 62.176, 54.983, 62.301, 58.919], [74.875, 62.788, 67.852, 71.577, 76.501], [74.224, 72.675, 69.487, 71.366, 71.579], [73.097, 74.55, 67.865, 66.716, 76.028], [76.03, 65.324, 56.116, 75.348, 75.956]]","[[75.451, 62.176, 54.983, 62.301, 58.919], [74.875, 62.788, 67.852, 71.577, 76.501], [74.224, 72.675, 69.487, 71.366, 71.579], [73.097, 74.55, 67.865, 66.716, 76.028], [76.03, 65.324, 56.116, 75.348, 75.956]]","[[78.0, 78.0, 78.0, 78.0, 78.0], [78.0, 78.0, 78.0, 78.0, 78.0], [78.0, 78.0, 78.0, 78.0, 78.0], [78.0, 78.0, 78.0, 77.992, 77.912], [78.0, 78.0, 78.0, 77.992, 77.933]]","[[78.0, 78.0, 78.0, 78.0, 78.0], [78.0, 78.0, 78.0, 78.0, 78.0], [78.0, 78.0, 78.0, 78.0, 78.0], [78.0, 78.0, 78.0, 77.992, 77.912], [78.0, 78.0, 78.0, 77.992, 77.933]]","[[78.0, 78.0, 78.0, 78.0, 78.0], [78.0, 78.0, 78.0, 78.0, 78.0], [78.0, 78.0, 78.0, 78.0, 78.0], [78.0, 78.0, 78.0, 77.992, 77.912], [78.0, 78.0, 78.0, 77.992, 77.933]]","[[0.940972, 0.933187, 0.926888, 0.920036, 0.920192], [0.928551, 0.923148, 0.923226, 0.916726, 0.917854], [0.929566, 0.923772, 0.921566, 0.913751, 0.917918], [0.929151, 0.922231, 0.921092, 0.911059, 0.918849], [0.931198, 0.929396, 0.927771, 0.914994, 0.921145]]","[[0.940972, 0.933187, 0.926888, 0.920036, 0.920192], [0.928551, 0.923148, 0.923226, 0.916726, 0.917854], [0.929566, 0.923772, 0.921566, 0.913751, 0.917918], [0.929151, 0.922231, 0.921092, 0.911059, 0.918849], [0.931198, 0.929396, 0.927771, 0.914994, 0.921145]]","[[0.940972, 0.933187, 0.926888, 0.920036, 0.920192], [0.928551, 0.923148, 0.923226, 0.916726, 0.917854], [0.929566, 0.923772, 0.921566, 0.913751, 0.917918], [0.929151, 0.922231, 0.921092, 0.911059, 0.918849], [0.931198, 0.929396, 0.927771, 0.914994, 0.921145]]","[[""q_uniformity"", ""q_scratch"", ""q_scratch"", ""q_scratch"", ""q_scratch""], [""q_uniformity"", ""q_scratch"", ""q_scratch"", ""q_scratch"", ""q_uniformity""], [""q_uniformity"", ""q_scratch"", ""q_scratch"", ""q_scratch"", ""q_scratch""], [""q_scratch"", ""q_scratch"", ""q_scratch"", ""q_scratch"", ""q_uniformity""], [""q_uniformity"", ""q_scratch"", ""q_scratch"", ""q_uniformity"", ""q_uniformity""]]","[[48.819, 48.664, 48.538, 48.401, 48.404], [48.571, 48.463, 48.465, 48.335, 48.357], [48.591, 48.475, 48.431, 48.275, 48.358], [48.583, 48.445, 48.422, 48.221, 48.377], [48.624, 48.588, 48.555, 48.3, 48.423]]","[[50.0, 50.0, 50.0, 50.0, 50.0], [50.0, 50.0, 50.0, 50.0, 50.0], [50.0, 50.0, 50.0, 50.0, 50.0], [50.0, 50.0, 50.0, 50.0, 50.0], [50.0, 50.0, 50.0, 50.0, 50.0]]","[[50.0, 50.0, 50.0, 50.0, 50.0], [50.0, 50.0, 50.0, 50.0, 50.0], [50.0, 50.0, 50.0, 50.0, 50.0], [50.0, 50.0, 50.0, 50.0, 50.0], [50.0, 50.0, 50.0, 50.0, 50.0]]"
finish_rule,81,0,2,success,5.866426467895508,4.986370086669922,4.848684310913086,6.2130961418151855,-0.4999999701976776,7.999825291335583,0.6908990144729614,0,69.35146394752316,72.51910311212856,0.1346436797339971,0.14086151877256461,1.4139328115433958,1.23968694000284,0.8852512481522388,0.5318811102724137,48.2211853746572,47.28489706097288,0.9362883136843223,17.28489706097288,35.902849926154694,0.008117871805722229,0.0,0.19310152066963585,,,,True,True,72.51910311212856,65.2854576092246,6,6,0,77.99313594448658,77.91154891430878,0,0,0,6,0,0:1;0:2;0:3;0:4;1:1;4:2,0:1;0:2;0:3;0:4;1:1;4:2,,,0:1;0:2;0:3;0:4;1:1;4:2,,"{""q_ra"": 0, ""q_scratch"": 2, ""q_thermal"": 0, ""q_uniformity"": 4}","[[73.814, 68.422, 65.285, 69.955, 67.501], [73.77, 67.934, 72.207, 74.299, 76.354], [74.37, 75.114, 73.04, 74.284, 74.881], [74.891, 76.04, 70.517, 70.484, 75.796], [75.596, 70.382, 67.718, 74.989, 75.334]]","[[73.814, 68.422, 65.285, 69.955, 67.501], [73.77, 67.934, 72.207, 74.299, 76.354], [74.37, 75.114, 73.04, 74.284, 74.881], [74.891, 76.04, 70.517, 70.484, 75.796], [75.596, 70.382, 67.718, 74.989, 75.334]]","[[73.814, 68.422, 65.285, 69.955, 67.501], [73.77, 67.934, 72.207, 74.299, 76.354], [74.37, 75.114, 73.04, 74.284, 74.881], [74.891, 76.04, 70.517, 70.484, 75.796], [75.596, 70.382, 67.718, 74.989, 75.334]]","[[78.0, 78.0, 78.0, 78.0, 78.0], [78.0, 78.0, 78.0, 78.0, 78.0], [78.0, 78.0, 78.0, 78.0, 78.0], [78.0, 78.0, 78.0, 77.992, 77.912], [78.0, 78.0, 78.0, 77.992, 77.933]]","[[78.0, 78.0, 78.0, 78.0, 78.0], [78.0, 78.0, 78.0, 78.0, 78.0], [78.0, 78.0, 78.0, 78.0, 78.0], [78.0, 78.0, 78.0, 77.992, 77.912], [78.0, 78.0, 78.0, 77.992, 77.933]]","[[78.0, 78.0, 78.0, 78.0, 78.0], [78.0, 78.0, 78.0, 78.0, 78.0], [78.0, 78.0, 78.0, 78.0, 78.0], [78.0, 78.0, 78.0, 77.992, 77.912], [78.0, 78.0, 78.0, 77.992, 77.933]]","[[0.902521, 0.890812, 0.882814, 0.874488, 0.874882], [0.886709, 0.880067, 0.879893, 0.871709, 0.87248], [0.887236, 0.880782, 0.877651, 0.867671, 0.872515], [0.887441, 0.880059, 0.877352, 0.864245, 0.873684], [0.889365, 0.887065, 0.884185, 0.867834, 0.875472]]","[[0.902521, 0.890812, 0.882814, 0.874488, 0.874882], [0.886709, 0.880067, 0.879893, 0.871709, 0.87248], [0.887236, 0.880782, 0.877651, 0.867671, 0.872515], [0.887441, 0.880059, 0.877352, 0.864245, 0.873684], [0.889365, 0.887065, 0.884185, 0.867834, 0.875472]]","[[0.902521, 0.890812, 0.882814, 0.874488, 0.874882], [0.886709, 0.880067, 0.879893, 0.871709, 0.87248], [0.887236, 0.880782, 0.877651, 0.867671, 0.872515], [0.887441, 0.880059, 0.877352, 0.864245, 0.873684], [0.889365, 0.887065, 0.884185, 0.867834, 0.875472]]","[[""q_uniformity"", ""q_scratch"", ""q_scratch"", ""q_uniformity"", ""q_uniformity""], [""q_uniformity"", ""q_uniformity"", ""q_uniformity"", ""q_uniformity"", ""q_uniformity""], [""q_uniformity"", ""q_uniformity"", ""q_uniformity"", ""q_uniformity"", ""q_uniformity""], [""q_uniformity"", ""q_uniformity"", ""q_uniformity"", ""q_uniformity"", ""q_uniformity""], [""q_uniformity"", ""q_uniformity"", ""q_uniformity"", ""q_uniformity"", ""q_uniformity""]]","[[48.05, 47.816, 47.656, 47.49, 47.498], [47.734, 47.601, 47.598, 47.434, 47.45], [47.745, 47.616, 47.553, 47.353, 47.45], [47.749, 47.601, 47.547, 47.285, 47.474], [47.787, 47.741, 47.684, 47.357, 47.509]]","[[50.0, 50.0, 50.0, 50.0, 50.0], [50.0, 50.0, 50.0, 50.0, 50.0], [50.0, 50.0, 50.0, 50.0, 50.0], [50.0, 50.0, 50.0, 50.0, 50.0], [50.0, 50.0, 50.0, 50.0, 50.0]]","[[50.0, 50.0, 50.0, 50.0, 50.0], [50.0, 50.0, 50.0, 50.0, 50.0], [50.0, 50.0, 50.0, 50.0, 50.0], [50.0, 50.0, 50.0, 50.0, 50.0], [50.0, 50.0, 50.0, 50.0, 50.0]]"
finish_rule,82,0,1,continue,5.7779998779296875,5.777801513671875,5.659221649169922,6.9279022216796875,0.0,5.945709068328142,0.0,0,42.349163952044556,61.95391991420999,0.23831216768065402,0.15316338682739372,2.0983864661408873,1.5888906725837924,1.6110741766368786,1.0603788681321373,42.865199887313175,41.57224572184751,1.292954165465666,11.572245721847509,35.90277229768009,0.008119350859054776,0.11494400122557157,0.22846855020342113,1.5093193499485476,41.89743276842561,7.287319349948547,False,True,61.95391991420999,47.13438963972112,22,22,0,77.99313409616293,77.91152558784626,0,0,0,22,0,0:0;0:1;0:2;0:3;0:4;1:0;1:1;1:2;1:4;2:0;2:1;2:2;2:4;3:0;3:1;3:2;3:3;3:4;4:0;4:1;4:2;4:4,0:0;0:1;0:2;0:3;0:4;1:0;1:1;1:2;1:4;2:0;2:1;2:2;2:4;3:0;3:1;3:2;3:3;3:4;4:0;4:1;4:2;4:4,,,0:0;0:1;0:2;0:3;0:4;1:0;1:1;1:2;1:4;2:0;2:1;2:2;2:4;3:0;3:1;3:2;3:3;3:4;4:0;4:1;4:2;4:4,,"{""q_ra"": 6, ""q_scratch"": 16, ""q_thermal"": 0, ""q_uniformity"": 0}","[[48.366, 61.96, 63.913, 53.889, 53.665], [57.474, 51.432, 67.806, 76.809, 68.819], [62.077, 63.644, 55.855, 76.893, 59.146], [67.916, 59.933, 58.428, 60.546, 61.185], [47.134, 58.886, 68.732, 76.201, 68.139]]","[[48.366, 61.96, 63.913, 53.889, 53.665], [57.474, 51.432, 67.806, 76.809, 68.819], [62.077, 63.644, 55.855, 76.893, 59.146], [67.916, 59.933, 58.428, 60.546, 61.185], [47.134, 58.886, 68.732, 76.201, 68.139]]","[[48.366, 61.96, 63.913, 53.889, 53.665], [57.474, 51.432, 67.806, 76.809, 68.819], [62.077, 63.644, 55.855, 76.893, 59.146], [67.916, 59.933, 58.428, 60.546, 61.185], [47.134, 58.886, 68.732, 76.201, 68.139]]","[[78.0, 78.0, 78.0, 78.0, 78.0], [78.0, 78.0, 78.0, 78.0, 78.0], [78.0, 78.0, 78.0, 78.0, 78.0], [78.0, 78.0, 78.0, 77.992, 77.912], [78.0, 78.0, 78.0, 77.992, 77.933]]","[[78.0, 78.0, 78.0, 78.0, 78.0], [78.0, 78.0, 78.0, 78.0, 78.0], [78.0, 78.0, 78.0, 78.0, 78.0], [78.0, 78.0, 78.0, 77.992, 77.912], [78.0, 78.0, 78.0, 77.992, 77.933]]","[[78.0, 78.0, 78.0, 78.0, 78.0], [78.0, 78.0, 78.0, 78.0, 78.0], [78.0, 78.0, 78.0, 78.0, 78.0], [78.0, 78.0, 78.0, 77.992, 77.912], [78.0, 78.0, 78.0, 77.992, 77.933]]","[[0.91168, 0.877796, 0.854591, 0.8507, 0.886602], [0.907299, 0.876995, 0.852737, 0.846503, 0.882126], [0.908947, 0.87821, 0.849529, 0.840941, 0.86488], [0.905028, 0.870539, 0.85753, 0.848415, 0.872376], [0.89865, 0.878399, 0.860924, 0.863915, 0.884177]]","[[0.930359, 0.91411, 0.897673, 0.886851, 0.8995], [0.924478, 0.909842, 0.893326, 0.8836, 0.899094], [0.92489, 0.912525, 0.893434, 0.881156, 0.886963], [0.9278, 0.909336, 0.904384, 0.889984, 0.896139], [0.917509, 0.912517, 0.901614, 0.898914, 0.900772]]","[[0.930359, 0.91411, 0.897028, 0.884669, 0.884732], [0.924224, 0.909599, 0.891124, 0.8777, 0.881372], [0.922526, 0.908273, 0.893434, 0.880073, 0.871303], [0.916679, 0.906529, 0.897497, 0.88653, 0.885635], [0.917509, 0.912517, 0.898801, 0.897862, 0.886734]]","[[""q_ra"", ""q_scratch"", ""q_scratch"", ""q_ra"", ""q_ra""], [""q_scratch"", ""q_ra"", ""q_scratch"", ""q_uniformity"", ""q_scratch""], [""q_scratch"", ""q_scratch"", ""q_ra"", ""q_uniformity"", ""q_scratch""], [""q_scratch"", ""q_scratch"", ""q_scratch"", ""q_scratch"", ""q_scratch""], [""q_ra"", ""q_scratch"", ""q_scratch"", ""q_uniformity"", ""q_scratch""]]","[[46.296, 44.888, 43.226, 41.895, 41.572], [46.042, 44.753, 43.16, 41.887, 41.627], [46.047, 44.806, 43.233, 42.026, 41.687], [46.278, 44.993, 43.713, 42.525, 42.216], [46.509, 45.47, 44.104, 43.089, 42.721]]","[[47.516, 46.287, 44.734, 43.413, 42.865], [47.353, 46.215, 44.732, 43.453, 42.932], [47.35, 46.225, 44.812, 43.648, 43.176], [47.545, 46.487, 45.163, 44.073, 43.632], [47.994, 46.953, 45.643, 44.561, 44.122]]","[[47.875, 46.961, 45.477, 43.983, 43.052], [47.681, 46.822, 45.433, 44.043, 43.181], [47.655, 46.859, 45.577, 44.301, 43.512], [47.986, 47.222, 45.991, 44.763, 44.003], [48.371, 47.611, 46.383, 45.151, 44.387]]"
finish_rule,82,0,2,fail_quality_regression,7.287319183349609,6.194065570831299,6.022925853729248,7.423607349395752,-0.4999999701976776,7.999825291335583,0.6908990144729614,0,61.95391991420999,69.44202247634135,0.15316338682739372,0.15845121981273533,1.5888906725837924,1.4548869039793217,1.0603788681321373,0.5580397230838239,41.57224572184751,40.4344116249246,1.1378340969229086,10.4344116249246,35.90277229768009,0.008119350859054776,0.007971107480837855,0.18891716825940827,,,,False,True,69.44202247634135,58.01306361314001,15,15,0,77.99313409616293,77.91152558784626,0,0,0,15,0,0:0;0:2;0:3;0:4;1:0;1:1;2:1;2:2;2:4;3:1;3:2;3:3;3:4;4:0;4:1,0:0;0:2;0:3;0:4;1:0;1:1;2:1;2:2;2:4;3:1;3:2;3:3;3:4;4:0;4:1,,,0:0;0:2;0:3;0:4;1:0;1:1;2:1;2:2;2:4;3:1;3:2;3:3;3:4;4:0;4:1,,"{""q_ra"": 1, ""q_scratch"": 5, ""q_thermal"": 0, ""q_uniformity"": 9}","[[58.013, 70.715, 69.605, 67.805, 66.559], [67.098, 65.158, 72.91, 76.389, 72.84], [71.017, 69.483, 67.656, 76.509, 68.13], [72.533, 67.96, 67.458, 68.904, 69.063], [63.623, 67.988, 72.843, 75.777, 70.014]]","[[58.013, 70.715, 69.605, 67.805, 66.559], [67.098, 65.158, 72.91, 76.389, 72.84], [71.017, 69.483, 67.656, 76.509, 68.13], [72.533, 67.96, 67.458, 68.904, 69.063], [63.623, 67.988, 72.843, 75.777, 70.014]]","[[58.013, 70.715, 69.605, 67.805, 66.559], [67.098, 65.158, 72.91, 76.389, 72.84], [71.017, 69.483, 67.656, 76.509, 68.13], [72.533, 67.96, 67.458, 68.904, 69.063], [63.623, 67.988, 72.843, 75.777, 70.014]]","[[78.0, 78.0, 78.0, 78.0, 78.0], [78.0, 78.0, 78.0, 78.0, 78.0], [78.0, 78.0, 78.0, 78.0, 78.0], [78.0, 78.0, 78.0, 77.992, 77.912], [78.0, 78.0, 78.0, 77.992, 77.933]]","[[78.0, 78.0, 78.0, 78.0, 78.0], [78.0, 78.0, 78.0, 78.0, 78.0], [78.0, 78.0, 78.0, 78.0, 78.0], [78.0, 78.0, 78.0, 77.992, 77.912], [78.0, 78.0, 78.0, 77.992, 77.933]]","[[78.0, 78.0, 78.0, 78.0, 78.0], [78.0, 78.0, 78.0, 78.0, 78.0], [78.0, 78.0, 78.0, 78.0, 78.0], [78.0, 78.0, 78.0, 77.992, 77.912], [78.0, 78.0, 78.0, 77.992, 77.933]]","[[0.857692, 0.815521, 0.779809, 0.769109, 0.799428], [0.85096, 0.813993, 0.778859, 0.765167, 0.794782], [0.852572, 0.816393, 0.77645, 0.759987, 0.776234], [0.849975, 0.808718, 0.788881, 0.770999, 0.789472], [0.841048, 0.817405, 0.790003, 0.789541, 0.801816]]","[[0.875265, 0.849259, 0.819121, 0.801793, 0.811057], [0.867073, 0.84448, 0.815932, 0.798699, 0.81007], [0.867527, 0.848292, 0.816578, 0.796331, 0.796054], [0.871362, 0.84476, 0.831985, 0.808776, 0.810976], [0.858698, 0.849154, 0.827341, 0.821527, 0.816865]]","[[0.875265, 0.849259, 0.818532, 0.799821, 0.799439], [0.866835, 0.844254, 0.813845, 0.792193, 0.791867], [0.863086, 0.844313, 0.816578, 0.794857, 0.78024], [0.856762, 0.841542, 0.823724, 0.804744, 0.802816], [0.858698, 0.849154, 0.823926, 0.820066, 0.804282]]","[[""q_ra"", ""q_uniformity"", ""q_uniformity"", ""q_uniformity"", ""q_uniformity""], [""q_scratch"", ""q_scratch"", ""q_uniformity"", ""q_uniformity"", ""q_uniformity""], [""q_uniformity"", ""q_scratch"", ""q_uniformity"", ""q_uniformity"", ""q_uniformity""], [""q_uniformity"", ""q_scratch"", ""q_scratch"", ""q_uniformity"", ""q_uniformity""], [""q_uniformity"", ""q_uniformity"", ""q_scratch"", ""q_uniformity"", ""q_scratch""]]","[[45.331, 43.832, 42.069, 40.754, 40.434], [45.046, 43.693, 42.02, 40.745, 40.476], [45.052, 43.763, 42.095, 40.868, 40.489], [45.288, 43.928, 42.615, 41.382, 41.055], [45.451, 44.396, 42.942, 41.963, 41.536]]","[[47.516, 46.287, 44.734, 43.413, 42.865], [47.353, 46.215, 44.732, 43.453, 42.932], [47.35, 46.225, 44.812, 43.648, 43.176], [47.545, 46.487, 45.163, 44.073, 43.632], [47.994, 46.953, 45.643, 44.561, 44.122]]","[[47.875, 46.961, 45.477, 43.983, 43.052], [47.681, 46.822, 45.433, 44.043, 43.181], [47.655, 46.859, 45.577, 44.301, 43.512], [47.986, 47.222, 45.991, 44.763, 44.003], [48.371, 47.611, 46.383, 45.151, 44.387]]"
finish_rule,83,0,1,continue,5.7779998779296875,5.777801513671875,5.659211158752441,6.929375648498535,0.0,5.945709068328142,0.0,0,42.80555556877325,64.2857826424537,0.22605487906967253,0.16483466281279485,2.163914487877124,1.796852063262289,1.8635955169905198,1.3160831333656924,42.90032181866736,41.81942588218069,1.0808959364866695,11.819425882180688,35.9027862073978,0.00811851081345387,0.08163167653637576,0.19099763309149084,1.282188819019651,51.41124381094833,7.0601888190196505,False,True,64.2857826424537,39.496495463206074,18,18,0,77.99313519561746,77.91153657433328,0,0,0,18,0,0:3;0:4;1:0;1:2;1:3;1:4;2:0;2:1;2:2;2:4;3:0;3:1;3:3;3:4;4:0;4:1;4:3;4:4,0:3;0:4;1:0;1:2;1:3;1:4;2:0;2:1;2:2;2:4;3:0;3:1;3:3;3:4;4:0;4:1;4:3;4:4,,,0:3;0:4;1:0;1:2;1:3;1:4;2:0;2:1;2:2;2:4;3:0;3:1;3:3;3:4;4:0;4:1;4:3;4:4,,"{""q_ra"": 3, ""q_scratch"": 15, ""q_thermal"": 0, ""q_uniformity"": 0}","[[74.868, 70.243, 75.867, 58.333, 69.445], [69.189, 73.413, 67.247, 61.649, 61.285], [39.496, 53.093, 52.806, 70.53, 62.805], [47.264, 68.891, 71.399, 69.388, 67.441], [51.031, 63.313, 75.582, 68.612, 63.954]]","[[74.868, 70.243, 75.867, 58.333, 69.445], [69.189, 73.413, 67.247, 61.649, 61.285], [39.496, 53.093, 52.806, 70.53, 62.805], [47.264, 68.891, 71.399, 69.388, 67.441], [51.031, 63.313, 75.582, 68.612, 63.954]]","[[74.868, 70.243, 75.867, 58.333, 69.445], [69.189, 73.413, 67.247, 61.649, 61.285], [39.496, 53.093, 52.806, 70.53, 62.805], [47.264, 68.891, 71.399, 69.388, 67.441], [51.031, 63.313, 75.582, 68.612, 63.954]]","[[78.0, 78.0, 78.0, 78.0, 78.0], [78.0, 78.0, 78.0, 78.0, 78.0], [78.0, 78.0, 78.0, 78.0, 78.0], [78.0, 78.0, 78.0, 77.992, 77.912], [78.0, 78.0, 78.0, 77.992, 77.933]]","[[78.0, 78.0, 78.0, 78.0, 78.0], [78.0, 78.0, 78.0, 78.0, 78.0], [78.0, 78.0, 78.0, 78.0, 78.0], [78.0, 78.0, 78.0, 77.992, 77.912], [78.0, 78.0, 78.0, 77.992, 77.933]]","[[78.0, 78.0, 78.0, 78.0, 78.0], [78.0, 78.0, 78.0, 78.0, 78.0], [78.0, 78.0, 78.0, 78.0, 78.0], [78.0, 78.0, 78.0, 77.992, 77.912], [78.0, 78.0, 78.0, 77.992, 77.933]]","[[0.924759, 0.885555, 0.883957, 0.888712, 0.902063], [0.873484, 0.862215, 0.873749, 0.895275, 0.880839], [0.873608, 0.874762, 0.893499, 0.855506, 0.85515], [0.897818, 0.883588, 0.860935, 0.816822, 0.836891], [0.916296, 0.877325, 0.859834, 0.826085, 0.876917]]","[[0.958075, 0.936362, 0.931135, 0.917902, 0.91673], [0.93757, 0.92826, 0.919924, 0.911217, 0.904207], [0.924911, 0.91538, 0.912937, 0.903192, 0.905917], [0.928282, 0.913509, 0.915066, 0.892193, 0.900121], [0.929673, 0.91141, 0.921367, 0.895283, 0.916212]]","[[0.923434, 0.913195, 0.91149, 0.90413, 0.916656], [0.9183, 0.912679, 0.906537, 0.906937, 0.903038], [0.917126, 0.910838, 0.901611, 0.899054, 0.899082], [0.926903, 0.910338, 0.905707, 0.891629, 0.889422], [0.927035, 0.91018, 0.9063, 0.888628, 0.889899]]","[[""q_uniformity"", ""q_scratch"", ""q_uniformity"", ""q_scratch"", ""q_scratch""], [""q_scratch"", ""q_scratch"", ""q_scratch"", ""q_scratch"", ""q_scratch""], [""q_ra"", ""q_ra"", ""q_scratch"", ""q_scratch"", ""q_scratch""], [""q_ra"", ""q_scratch"", ""q_scratch"", ""q_scratch"", ""q_scratch""], [""q_scratch"", ""q_scratch"", ""q_uniformity"", ""q_scratch"", ""q_scratch""]]","[[43.091, 43.317, 44.471, 45.626, 46.48], [43.787, 44.059, 44.861, 45.695, 45.644], [45.655, 45.636, 45.713, 44.564, 44.14], [47.455, 46.653, 45.152, 43.059, 42.39], [48.292, 46.8, 44.895, 42.457, 41.819]]","[[43.664, 44.222, 45.541, 47.023, 47.977], [44.706, 45.146, 46.155, 47.224, 47.302], [46.926, 47.081, 47.212, 46.125, 45.609], [48.803, 48.23, 46.558, 44.637, 43.764], [49.676, 48.433, 46.167, 43.914, 42.9]]","[[44.156, 45.038, 46.371, 47.582, 48.269], [45.784, 46.306, 47.009, 47.531, 47.761], [47.92, 47.874, 47.586, 47.024, 46.535], [49.441, 48.847, 47.599, 45.987, 44.804], [49.963, 49.149, 47.323, 45.08, 43.478]]"
finish_rule,83,0,2,success,7.0601887702941895,6.001255989074707,5.835239887237549,7.231054782867432,-0.4999999701976776,7.999825291335583,0.6908990144729614,0,64.2857826424537,70.08139811023699,0.16483466281279485,0.170381666092091,1.796852063262289,1.6263995286843378,1.3160831333656924,0.7957313638460013,41.81942588218069,40.82030864895333,0.9991172332273592,10.820308648953329,35.9027862073978,0.00811851081345387,0.0,0.17122127839380905,,,,True,True,70.08139811023699,51.88355549176569,10,10,0,77.99313519561746,77.91153657433328,0,0,0,10,0,0:0;0:3;1:3;1:4;2:0;2:1;2:2;3:0;4:0;4:1,0:0;0:3;1:3;1:4;2:0;2:1;2:2;3:0;4:0;4:1,,,0:0;0:3;1:3;1:4;2:0;2:1;2:2;3:0;4:0;4:1,,"{""q_ra"": 1, ""q_scratch"": 3, ""q_thermal"": 0, ""q_uniformity"": 6}","[[69.335, 72.026, 75.254, 68.287, 71.841], [72.58, 76.258, 71.455, 69.009, 69.241], [51.884, 65.749, 65.801, 75.921, 70.227], [60.272, 73.604, 75.064, 73.455, 72.397], [65.157, 68.992, 75.081, 72.864, 70.279]]","[[69.335, 72.026, 75.254, 68.287, 71.841], [72.58, 76.258, 71.455, 69.009, 69.241], [51.884, 65.749, 65.801, 75.921, 70.227], [60.272, 73.604, 75.064, 73.455, 72.397], [65.157, 68.992, 75.081, 72.864, 70.279]]","[[69.335, 72.026, 75.254, 68.287, 71.841], [72.58, 76.258, 71.455, 69.009, 69.241], [51.884, 65.749, 65.801, 75.921, 70.227], [60.272, 73.604, 75.064, 73.455, 72.397], [65.157, 68.992, 75.081, 72.864, 70.279]]","[[78.0, 78.0, 78.0, 78.0, 78.0], [78.0, 78.0, 78.0, 78.0, 78.0], [78.0, 78.0, 78.0, 78.0, 78.0], [78.0, 78.0, 78.0, 77.992, 77.912], [78.0, 78.0, 78.0, 77.992, 77.933]]","[[78.0, 78.0, 78.0, 78.0, 78.0], [78.0, 78.0, 78.0, 78.0, 78.0], [78.0, 78.0, 78.0, 78.0, 78.0], [78.0, 78.0, 78.0, 77.992, 77.912], [78.0, 78.0, 78.0, 77.992, 77.933]]","[[78.0, 78.0, 78.0, 78.0, 78.0], [78.0, 78.0, 78.0, 78.0, 78.0], [78.0, 78.0, 78.0, 78.0, 78.0], [78.0, 78.0, 78.0, 77.992, 77.912], [78.0, 78.0, 78.0, 77.992, 77.933]]","[[0.874137, 0.832755, 0.824594, 0.827815, 0.843595], [0.817818, 0.803898, 0.815387, 0.834688, 0.814431], [0.817062, 0.817295, 0.82894, 0.791303, 0.786362], [0.846802, 0.826387, 0.798161, 0.747256, 0.762245], [0.864533, 0.818203, 0.796163, 0.750009, 0.80279]]","[[0.90563, 0.880531, 0.868603, 0.855004, 0.857311], [0.87782, 0.865475, 0.858478, 0.849551, 0.836037], [0.865044, 0.855244, 0.846973, 0.83541, 0.833046], [0.875536, 0.854371, 0.848346, 0.816208, 0.819835], [0.877154, 0.84999, 0.853138, 0.812834, 0.838763]]","[[0.862407, 0.848231, 0.848055, 0.840323, 0.857031], [0.858882, 0.850408, 0.843268, 0.844631, 0.834956], [0.857974, 0.850313, 0.836112, 0.83088, 0.828869], [0.874318, 0.849471, 0.839669, 0.81603, 0.811623], [0.874076, 0.848844, 0.838635, 0.806989, 0.808241]]","[[""q_uniformity"", ""q_uniformity"", ""q_uniformity"", ""q_uniformity"", ""q_uniformity""], [""q_uniformity"", ""q_uniformity"", ""q_uniformity"", ""q_uniformity"", ""q_uniformity""], [""q_ra"", ""q_scratch"", ""q_uniformity"", ""q_uniformity"", ""q_uniformity""], [""q_scratch"", ""q_uniformity"", ""q_uniformity"", ""q_uniformity"", ""q_uniformity""], [""q_scratch"", ""q_uniformity"", ""q_uniformity"", ""q_uniformity"", ""q_uniformity""]]","[[42.374, 42.523, 43.499, 44.555, 45.412], [42.909, 43.108, 43.869, 44.633, 44.465], [44.642, 44.609, 44.578, 43.471, 43.003], [46.463, 45.575, 44.047, 41.947, 41.285], [47.259, 45.668, 43.792, 41.31, 40.82]]","[[43.664, 44.222, 45.541, 47.023, 47.977], [44.706, 45.146, 46.155, 47.224, 47.302], [46.926, 47.081, 47.212, 46.125, 45.609], [48.803, 48.23, 46.558, 44.637, 43.764], [49.676, 48.433, 46.167, 43.914, 42.9]]","[[44.156, 45.038, 46.371, 47.582, 48.269], [45.784, 46.306, 47.009, 47.531, 47.761], [47.92, 47.874, 47.586, 47.024, 46.535], [49.441, 48.847, 47.599, 45.987, 44.804], [49.963, 49.149, 47.323, 45.08, 43.478]]"
finish_rule,84,0,1,continue,5.7779998779296875,5.777801513671875,5.65921688079834,6.930220127105713,0.0,5.945709068328142,0.0,0,49.599454953809364,67.99845393468271,0.173678499555635,0.13084945784143415,1.7366521504624777,1.4632785402245294,1.7392129256656432,1.0742898128880445,40.904268400436806,39.842714176301435,1.0615542241353708,9.842714176301435,35.90282514394533,0.008118383859832162,0.02859351521881836,0.18757970342808605,0.45730185136656565,41.81003612316809,6.2353018513665655,False,True,67.99845393468271,48.65144718472164,16,16,0,77.99313533494089,77.91153903796635,0,0,0,16,0,0:0;0:1;1:0;1:1;2:0;2:1;2:2;3:0;3:1;3:2;3:3;3:4;4:0;4:2;4:3;4:4,0:0;0:1;1:0;1:1;2:0;2:1;2:2;3:0;3:1;3:2;3:3;3:4;4:0;4:2;4:3;4:4,,,0:0;0:1;1:0;1:1;2:0;2:1;2:2;3:0;3:1;3:2;3:3;3:4;4:0;4:2;4:3;4:4,,"{""q_ra"": 2, ""q_scratch"": 14, ""q_thermal"": 0, ""q_uniformity"": 0}","[[61.901, 68.156, 76.227, 76.271, 76.116], [66.583, 64.007, 76.367, 76.931, 76.479], [60.723, 67.022, 58.187, 74.147, 76.453], [64.586, 69.596, 49.94, 69.177, 69.764], [60.507, 73.241, 48.651, 69.129, 69.8]]","[[61.901, 68.156, 76.227, 76.271, 76.116], [66.583, 64.007, 76.367, 76.931, 76.479], [60.723, 67.022, 58.187, 74.147, 76.453], [64.586, 69.596, 49.94, 69.177, 69.764], [60.507, 73.241, 48.651, 69.129, 69.8]]","[[61.901, 68.156, 76.227, 76.271, 76.116], [66.583, 64.007, 76.367, 76.931, 76.479], [60.723, 67.022, 58.187, 74.147, 76.453], [64.586, 69.596, 49.94, 69.177, 69.764], [60.507, 73.241, 48.651, 69.129, 69.8]]","[[78.0, 78.0, 78.0, 78.0, 78.0], [78.0, 78.0, 78.0, 78.0, 78.0], [78.0, 78.0, 78.0, 78.0, 78.0], [78.0, 78.0, 78.0, 77.992, 77.912], [78.0, 78.0, 78.0, 77.992, 77.933]]","[[78.0, 78.0, 78.0, 78.0, 78.0], [78.0, 78.0, 78.0, 78.0, 78.0], [78.0, 78.0, 78.0, 78.0, 78.0], [78.0, 78.0, 78.0, 77.992, 77.912], [78.0, 78.0, 78.0, 77.992, 77.933]]","[[78.0, 78.0, 78.0, 78.0, 78.0], [78.0, 78.0, 78.0, 78.0, 78.0], [78.0, 78.0, 78.0, 78.0, 78.0], [78.0, 78.0, 78.0, 77.992, 77.912], [78.0, 78.0, 78.0, 77.992, 77.933]]","[[0.908026, 0.905399, 0.898381, 0.902845, 0.902997], [0.881966, 0.867043, 0.865369, 0.864779, 0.875925], [0.854185, 0.846828, 0.828056, 0.847531, 0.86283], [0.847413, 0.823673, 0.825686, 0.831431, 0.856807], [0.880868, 0.854696, 0.855193, 0.864222, 0.881246]]","[[0.925469, 0.924714, 0.917877, 0.919918, 0.913967], [0.922914, 0.910412, 0.906004, 0.898241, 0.899918], [0.908424, 0.907623, 0.884685, 0.895797, 0.899454], [0.896374, 0.882886, 0.884182, 0.88053, 0.894079], [0.902648, 0.89161, 0.894537, 0.895497, 0.900042]]","[[0.922783, 0.914869, 0.916602, 0.910171, 0.913306], [0.914277, 0.901434, 0.900204, 0.894556, 0.899505], [0.893942, 0.8832, 0.884685, 0.887031, 0.899026], [0.876808, 0.871749, 0.874719, 0.878911, 0.890727], [0.883789, 0.874213, 0.876222, 0.879979, 0.893364]]","[[""q_scratch"", ""q_scratch"", ""q_uniformity"", ""q_uniformity"", ""q_uniformity""], [""q_scratch"", ""q_scratch"", ""q_uniformity"", ""q_uniformity"", ""q_uniformity""], [""q_scratch"", ""q_scratch"", ""q_scratch"", ""q_scratch"", ""q_uniformity""], [""q_scratch"", ""q_scratch"", ""q_ra"", ""q_scratch"", ""q_scratch""], [""q_scratch"", ""q_scratch"", ""q_ra"", ""q_scratch"", ""q_scratch""]]","[[44.528, 44.59, 44.703, 45.073, 45.293], [43.321, 43.294, 43.625, 44.015, 44.467], [41.641, 41.861, 42.111, 42.926, 43.495], [40.271, 40.383, 41.037, 41.717, 42.442], [39.843, 40.005, 40.708, 41.474, 42.082]]","[[45.698, 45.778, 46.018, 46.385, 46.733], [44.433, 44.602, 45.038, 45.603, 46.076], [42.814, 43.068, 43.689, 44.43, 45.003], [41.459, 41.761, 42.483, 43.307, 43.916], [40.904, 41.221, 41.97, 42.812, 43.424]]","[[45.999, 46.115, 46.366, 46.694, 46.936], [45.104, 45.332, 45.745, 46.207, 46.517], [43.628, 44.006, 44.625, 45.251, 45.64], [42.121, 42.606, 43.367, 44.093, 44.521], [41.174, 41.705, 42.521, 43.276, 43.71]]"
finish_rule,84,0,2,success,6.235301971435547,5.299992561340332,5.15354061126709,6.526548385620117,-0.4999999701976776,7.999825291335583,0.6908990144729614,0,67.99845393468271,72.0106366307656,0.13084945784143415,0.1452896149220044,1.4632785402245294,1.4356465883730523,1.0742898128880445,0.7186174619810508,39.842714176301435,38.94172488540282,0.9009892908986146,8.94172488540282,35.90282514394533,0.008118383859832162,0.0,0.1748291822768988,,,,True,True,72.0106366307656,62.18161693365479,6,6,0,77.99313533494089,77.91153903796635,0,0,0,6,0,0:0;1:1;2:2;3:2;4:0;4:2,0:0;1:1;2:2;3:2;4:0;4:2,,,0:0;1:1;2:2;3:2;4:0;4:2,,"{""q_ra"": 0, ""q_scratch"": 5, ""q_thermal"": 0, ""q_uniformity"": 1}","[[65.342, 71.865, 75.78, 75.915, 75.253], [71.307, 69.597, 75.977, 76.713, 76.211], [70.24, 71.112, 66.195, 76.729, 76.218], [70.683, 73.04, 62.988, 72.997, 72.857], [69.922, 76.257, 62.182, 72.866, 72.018]]","[[65.342, 71.865, 75.78, 75.915, 75.253], [71.307, 69.597, 75.977, 76.713, 76.211], [70.24, 71.112, 66.195, 76.729, 76.218], [70.683, 73.04, 62.988, 72.997, 72.857], [69.922, 76.257, 62.182, 72.866, 72.018]]","[[65.342, 71.865, 75.78, 75.915, 75.253], [71.307, 69.597, 75.977, 76.713, 76.211], [70.24, 71.112, 66.195, 76.729, 76.218], [70.683, 73.04, 62.988, 72.997, 72.857], [69.922, 76.257, 62.182, 72.866, 72.018]]","[[78.0, 78.0, 78.0, 78.0, 78.0], [78.0, 78.0, 78.0, 78.0, 78.0], [78.0, 78.0, 78.0, 78.0, 78.0], [78.0, 78.0, 78.0, 77.992, 77.912], [78.0, 78.0, 78.0, 77.992, 77.933]]","[[78.0, 78.0, 78.0, 78.0, 78.0], [78.0, 78.0, 78.0, 78.0, 78.0], [78.0, 78.0, 78.0, 78.0, 78.0], [78.0, 78.0, 78.0, 77.992, 77.912], [78.0, 78.0, 78.0, 77.992, 77.933]]","[[78.0, 78.0, 78.0, 78.0, 78.0], [78.0, 78.0, 78.0, 78.0, 78.0], [78.0, 78.0, 78.0, 78.0, 78.0], [78.0, 78.0, 78.0, 77.992, 77.912], [78.0, 78.0, 78.0, 77.992, 77.933]]","[[0.857041, 0.850552, 0.844253, 0.848792, 0.847852], [0.826855, 0.809848, 0.808224, 0.8055, 0.817213], [0.791522, 0.785388, 0.764307, 0.786258, 0.802514], [0.775465, 0.7552, 0.759481, 0.763443, 0.792426], [0.800234, 0.778953, 0.782353, 0.792207, 0.81151]]","[[0.873505, 0.868697, 0.862574, 0.864843, 0.858152], [0.865246, 0.850357, 0.846175, 0.836668, 0.839597], [0.841783, 0.841773, 0.816577, 0.831035, 0.836578], [0.820269, 0.809492, 0.813286, 0.808527, 0.826898], [0.820021, 0.812596, 0.818345, 0.820875, 0.828818]]","[[0.87097, 0.859076, 0.860973, 0.853594, 0.857137], [0.857081, 0.840952, 0.839035, 0.832613, 0.838815], [0.827571, 0.814998, 0.816577, 0.820889, 0.834885], [0.801792, 0.798257, 0.800621, 0.807524, 0.824239], [0.806153, 0.798125, 0.801194, 0.805235, 0.822701]]","[[""q_scratch"", ""q_scratch"", ""q_uniformity"", ""q_uniformity"", ""q_uniformity""], [""q_uniformity"", ""q_scratch"", ""q_uniformity"", ""q_uniformity"", ""q_uniformity""], [""q_uniformity"", ""q_uniformity"", ""q_scratch"", ""q_uniformity"", ""q_uniformity""], [""q_uniformity"", ""q_uniformity"", ""q_scratch"", ""q_uniformity"", ""q_uniformity""], [""q_uniformity"", ""q_uniformity"", ""q_scratch"", ""q_uniformity"", ""q_uniformity""]]","[[43.712, 43.706, 43.817, 44.17, 44.359], [42.488, 42.417, 42.725, 43.055, 43.498], [40.787, 41.0, 41.178, 41.992, 42.551], [39.399, 39.52, 40.152, 40.759, 41.507], [38.942, 39.118, 39.796, 40.517, 41.126]]","[[45.698, 45.778, 46.018, 46.385, 46.733], [44.433, 44.602, 45.038, 45.603, 46.076], [42.814, 43.068, 43.689, 44.43, 45.003], [41.459, 41.761, 42.483, 43.307, 43.916], [40.904, 41.221, 41.97, 42.812, 43.424]]","[[45.999, 46.115, 46.366, 46.694, 46.936], [45.104, 45.332, 45.745, 46.207, 46.517], [43.628, 44.006, 44.625, 45.251, 45.64], [42.121, 42.606, 43.367, 44.093, 44.521], [41.174, 41.705, 42.521, 43.276, 43.71]]"
finish_rule,85,0,1,continue,5.7779998779296875,5.777801513671875,5.6592116355896,6.926451683044434,0.0,5.945709068328142,0.0,0,54.96794133821791,68.75966731290934,0.15401095916122365,0.12348557884800386,1.906804090810408,1.5145839702038746,1.7442304988121977,1.152167187741958,40.83645086112807,39.69518391701095,1.1412669441171204,9.69518391701095,35.90276311019232,0.008118410924397511,0.017719038387009382,0.20166535864111018,0.26359071046816807,38.15818427549342,6.041590710468167,False,True,68.75966731290934,47.50547968745734,10,10,0,77.993135402125,77.91154132776596,0,0,0,10,0,0:0;0:1;0:4;1:0;1:1;1:2;1:3;2:3;3:1;3:2,0:0;0:1;0:4;1:0;1:1;1:2;1:3;2:3;3:1;3:2,,,0:0;0:1;0:4;1:0;1:1;1:2;1:3;2:3;3:1;3:2,,"{""q_ra"": 3, ""q_scratch"": 7, ""q_thermal"": 0, ""q_uniformity"": 0}","[[47.505, 68.098, 76.107, 75.702, 67.215], [64.814, 51.208, 54.054, 63.45, 70.325], [76.057, 71.317, 70.153, 55.994, 71.337], [71.688, 68.18, 69.685, 72.729, 73.279], [76.232, 75.9, 76.089, 76.069, 75.804]]","[[47.505, 68.098, 76.107, 75.702, 67.215], [64.814, 51.208, 54.054, 63.45, 70.325], [76.057, 71.317, 70.153, 55.994, 71.337], [71.688, 68.18, 69.685, 72.729, 73.279], [76.232, 75.9, 76.089, 76.069, 75.804]]","[[47.505, 68.098, 76.107, 75.702, 67.215], [64.814, 51.208, 54.054, 63.45, 70.325], [76.057, 71.317, 70.153, 55.994, 71.337], [71.688, 68.18, 69.685, 72.729, 73.279], [76.232, 75.9, 76.089, 76.069, 75.804]]","[[78.0, 78.0, 78.0, 78.0, 78.0], [78.0, 78.0, 78.0, 78.0, 78.0], [78.0, 78.0, 78.0, 78.0, 78.0], [78.0, 78.0, 78.0, 77.992, 77.912], [78.0, 78.0, 78.0, 77.992, 77.933]]","[[78.0, 78.0, 78.0, 78.0, 78.0], [78.0, 78.0, 78.0, 78.0, 78.0], [78.0, 78.0, 78.0, 78.0, 78.0], [78.0, 78.0, 78.0, 77.992, 77.912], [78.0, 78.0, 78.0, 77.992, 77.933]]","[[78.0, 78.0, 78.0, 78.0, 78.0], [78.0, 78.0, 78.0, 78.0, 78.0], [78.0, 78.0, 78.0, 78.0, 78.0], [78.0, 78.0, 78.0, 77.992, 77.912], [78.0, 78.0, 78.0, 77.992, 77.933]]","[[0.939564, 0.920092, 0.905435, 0.890078, 0.884208], [0.917642, 0.899374, 0.884258, 0.857879, 0.860597], [0.901851, 0.870662, 0.839482, 0.830617, 0.83539], [0.899341, 0.852786, 0.822971, 0.793279, 0.827558], [0.90513, 0.862047, 0.847539, 0.825098, 0.862921]]","[[0.94222, 0.926014, 0.919713, 0.910555, 0.905173], [0.921677, 0.914579, 0.91262, 0.896722, 0.905127], [0.916958, 0.905621, 0.893449, 0.896914, 0.900813], [0.921415, 0.899211, 0.890146, 0.867158, 0.892345], [0.924308, 0.904357, 0.905442, 0.879745, 0.894683]]","[[0.936832, 0.919536, 0.914888, 0.907302, 0.903606], [0.920101, 0.913931, 0.904964, 0.894192, 0.896995], [0.9156, 0.903077, 0.890972, 0.878528, 0.884913], [0.913243, 0.892739, 0.887349, 0.867158, 0.865759], [0.924308, 0.901613, 0.889847, 0.864159, 0.864799]]","[[""q_ra"", ""q_scratch"", ""q_uniformity"", ""q_uniformity"", ""q_scratch""], [""q_scratch"", ""q_ra"", ""q_ra"", ""q_scratch"", ""q_scratch""], [""q_uniformity"", ""q_scratch"", ""q_scratch"", ""q_scratch"", ""q_scratch""], [""q_scratch"", ""q_scratch"", ""q_scratch"", ""q_scratch"", ""q_scratch""], [""q_uniformity"", ""q_uniformity"", ""q_uniformity"", ""q_uniformity"", ""q_uniformity""]]","[[45.435, 45.263, 45.299, 45.368, 45.497], [45.103, 44.76, 44.476, 44.048, 44.116], [44.752, 43.92, 42.931, 42.327, 42.117], [44.464, 43.138, 41.77, 40.468, 40.355], [44.331, 42.907, 41.491, 40.005, 39.695]]","[[46.382, 46.482, 46.634, 46.878, 47.12], [46.387, 46.139, 45.862, 45.666, 45.596], [46.088, 45.371, 44.474, 43.744, 43.452], [45.698, 44.611, 43.223, 42.071, 41.604], [45.505, 44.272, 42.691, 41.373, 40.836]]","[[46.428, 46.588, 46.896, 47.266, 47.526], [46.459, 46.412, 46.37, 46.375, 46.402], [46.357, 45.988, 45.404, 44.841, 44.505], [46.083, 45.406, 44.302, 43.195, 42.512], [45.833, 44.972, 43.558, 42.126, 41.235]]"
finish_rule,85,0,2,success,6.041590690612793,5.135426998138428,4.993452548980713,6.3604841232299805,-0.4999999701976776,7.999825291335583,0.6908990144729614,0,68.75966731290934,71.8888221204186,0.12348557884800386,0.1324211192273179,1.5145839702038746,1.5146797256576687,1.152167187741958,0.8198503501610719,39.69518391701095,38.80332598178087,0.8918579352300782,8.803325981780873,35.90276311019232,0.008118410924397511,0.0,0.1786054691582337,,,,True,True,71.8888221204186,55.51746983883567,7,7,0,77.993135402125,77.91154132776596,0,0,0,7,0,0:0;0:4;1:0;1:1;1:2;1:3;2:3,0:0;0:4;1:0;1:1;1:2;1:3;2:3,,,0:0;0:4;1:0;1:1;1:2;1:3;2:3,,"{""q_ra"": 1, ""q_scratch"": 5, ""q_thermal"": 0, ""q_uniformity"": 1}","[[55.517, 71.473, 75.564, 75.227, 69.577], [69.425, 61.623, 65.456, 67.342, 73.267], [75.598, 74.857, 73.284, 64.881, 74.051], [74.159, 72.803, 73.952, 75.223, 75.146], [75.852, 75.748, 76.089, 75.928, 75.178]]","[[55.517, 71.473, 75.564, 75.227, 69.577], [69.425, 61.623, 65.456, 67.342, 73.267], [75.598, 74.857, 73.284, 64.881, 74.051], [74.159, 72.803, 73.952, 75.223, 75.146], [75.852, 75.748, 76.089, 75.928, 75.178]]","[[55.517, 71.473, 75.564, 75.227, 69.577], [69.425, 61.623, 65.456, 67.342, 73.267], [75.598, 74.857, 73.284, 64.881, 74.051], [74.159, 72.803, 73.952, 75.223, 75.146], [75.852, 75.748, 76.089, 75.928, 75.178]]","[[78.0, 78.0, 78.0, 78.0, 78.0], [78.0, 78.0, 78.0, 78.0, 78.0], [78.0, 78.0, 78.0, 78.0, 78.0], [78.0, 78.0, 78.0, 77.992, 77.912], [78.0, 78.0, 78.0, 77.992, 77.933]]","[[78.0, 78.0, 78.0, 78.0, 78.0], [78.0, 78.0, 78.0, 78.0, 78.0], [78.0, 78.0, 78.0, 78.0, 78.0], [78.0, 78.0, 78.0, 77.992, 77.912], [78.0, 78.0, 78.0, 77.992, 77.933]]","[[78.0, 78.0, 78.0, 78.0, 78.0], [78.0, 78.0, 78.0, 78.0, 78.0], [78.0, 78.0, 78.0, 78.0, 78.0], [78.0, 78.0, 78.0, 77.992, 77.912], [78.0, 78.0, 78.0, 77.992, 77.933]]","[[0.895153, 0.870115, 0.855232, 0.836812, 0.829431], [0.86767, 0.848338, 0.830265, 0.800991, 0.805068], [0.850797, 0.817642, 0.780821, 0.768269, 0.772878], [0.847339, 0.797445, 0.760587, 0.722857, 0.753847], [0.849657, 0.800031, 0.780886, 0.747925, 0.783541]]","[[0.897684, 0.875716, 0.868718, 0.856064, 0.849098], [0.871486, 0.86268, 0.856896, 0.837258, 0.846725], [0.865049, 0.850472, 0.831016, 0.82959, 0.833405], [0.868136, 0.840857, 0.822669, 0.790178, 0.812864], [0.867659, 0.839297, 0.834235, 0.797461, 0.812381]]","[[0.89255, 0.868599, 0.861616, 0.852828, 0.847628], [0.869995, 0.861992, 0.84908, 0.834938, 0.839161], [0.863291, 0.847478, 0.828916, 0.811778, 0.819753], [0.858155, 0.83453, 0.821342, 0.790178, 0.788922], [0.867659, 0.839034, 0.821549, 0.783839, 0.783502]]","[[""q_ra"", ""q_scratch"", ""q_uniformity"", ""q_uniformity"", ""q_uniformity""], [""q_scratch"", ""q_scratch"", ""q_scratch"", ""q_scratch"", ""q_uniformity""], [""q_uniformity"", ""q_uniformity"", ""q_uniformity"", ""q_scratch"", ""q_uniformity""], [""q_uniformity"", ""q_uniformity"", ""q_uniformity"", ""q_uniformity"", ""q_uniformity""], [""q_uniformity"", ""q_uniformity"", ""q_uniformity"", ""q_uniformity"", ""q_uniformity""]]","[[44.706, 44.434, 44.45, 44.449, 44.537], [44.281, 43.923, 43.592, 43.117, 43.205], [43.917, 43.073, 42.028, 41.402, 41.211], [43.628, 42.285, 40.878, 39.538, 39.432], [43.453, 41.978, 40.587, 39.069, 38.803]]","[[46.382, 46.482, 46.634, 46.878, 47.12], [46.387, 46.139, 45.862, 45.666, 45.596], [46.088, 45.371, 44.474, 43.744, 43.452], [45.698, 44.611, 43.223, 42.071, 41.604], [45.505, 44.272, 42.691, 41.373, 40.836]]","[[46.428, 46.588, 46.896, 47.266, 47.526], [46.459, 46.412, 46.37, 46.375, 46.402], [46.357, 45.988, 45.404, 44.841, 44.505], [46.083, 45.406, 44.302, 43.195, 42.512], [45.833, 44.972, 43.558, 42.126, 41.235]]"
finish_rule,86,0,1,continue,5.7779998779296875,5.777801513671875,5.659211158752441,6.929375648498535,0.0,5.945709068328142,0.0,0,53.45198498485615,68.33331900590892,0.15224426696281637,0.14155763527823143,1.9149300230561643,1.6377879445890295,1.6750314743917574,1.1300070704003295,40.0,38.4454802050361,1.5545197949639018,8.445480205036098,35.9027862073978,0.00811851081345387,0.02380972848701544,0.2746884241206846,0.26003711546892067,23.464695411424657,6.03803711546892,False,True,68.33331900590892,45.51473389632767,13,13,0,77.99313519561746,77.91153657433328,0,0,0,13,0,0:0;0:1;0:2;0:3;1:0;1:1;1:2;1:4;2:2;3:1;3:3;4:1;4:3,0:0;0:1;0:2;0:3;1:0;1:1;1:2;1:4;2:2;3:1;3:3;4:1;4:3,,,0:0;0:1;0:2;0:3;1:0;1:1;1:2;1:4;2:2;3:1;3:3;4:1;4:3,,"{""q_ra"": 2, ""q_scratch"": 11, ""q_thermal"": 0, ""q_uniformity"": 0}","[[66.346, 60.494, 69.938, 67.897, 75.886], [68.333, 45.515, 61.356, 70.033, 69.685], [75.96, 71.704, 48.651, 70.806, 75.648], [75.309, 64.078, 70.43, 65.519, 71.712], [75.421, 69.656, 76.746, 67.896, 73.317]]","[[66.346, 60.494, 69.938, 67.897, 75.886], [68.333, 45.515, 61.356, 70.033, 69.685], [75.96, 71.704, 48.651, 70.806, 75.648], [75.309, 64.078, 70.43, 65.519, 71.712], [75.421, 69.656, 76.746, 67.896, 73.317]]","[[66.346, 60.494, 69.938, 67.897, 75.886], [68.333, 45.515, 61.356, 70.033, 69.685], [75.96, 71.704, 48.651, 70.806, 75.648], [75.309, 64.078, 70.43, 65.519, 71.712], [75.421, 69.656, 76.746, 67.896, 73.317]]","[[78.0, 78.0, 78.0, 78.0, 78.0], [78.0, 78.0, 78.0, 78.0, 78.0], [78.0, 78.0, 78.0, 78.0, 78.0], [78.0, 78.0, 78.0, 77.992, 77.912], [78.0, 78.0, 78.0, 77.992, 77.933]]","[[78.0, 78.0, 78.0, 78.0, 78.0], [78.0, 78.0, 78.0, 78.0, 78.0], [78.0, 78.0, 78.0, 78.0, 78.0], [78.0, 78.0, 78.0, 77.992, 77.912], [78.0, 78.0, 78.0, 77.992, 77.933]]","[[78.0, 78.0, 78.0, 78.0, 78.0], [78.0, 78.0, 78.0, 78.0, 78.0], [78.0, 78.0, 78.0, 78.0, 78.0], [78.0, 78.0, 78.0, 77.992, 77.912], [78.0, 78.0, 78.0, 77.992, 77.933]]","[[0.896316, 0.875403, 0.847047, 0.857397, 0.867256], [0.852009, 0.826671, 0.834441, 0.817536, 0.833397], [0.8402, 0.80912, 0.821552, 0.815166, 0.81819], [0.853271, 0.824821, 0.822817, 0.825491, 0.835889], [0.848265, 0.839388, 0.842467, 0.850383, 0.86744]]","[[0.92272, 0.922858, 0.900351, 0.905605, 0.901513], [0.892795, 0.886336, 0.902546, 0.881269, 0.888438], [0.877759, 0.862956, 0.882436, 0.873193, 0.870281], [0.855134, 0.851759, 0.863941, 0.862397, 0.8681], [0.848265, 0.844548, 0.866306, 0.866903, 0.877626]]","[[0.904046, 0.894957, 0.889584, 0.896352, 0.899052], [0.879732, 0.881913, 0.879015, 0.874449, 0.88763], [0.864225, 0.862854, 0.861533, 0.8636, 0.867628], [0.855134, 0.851759, 0.8439, 0.844662, 0.861518], [0.848265, 0.844548, 0.858361, 0.857543, 0.86466]]","[[""q_scratch"", ""q_scratch"", ""q_scratch"", ""q_scratch"", ""q_uniformity""], [""q_scratch"", ""q_ra"", ""q_scratch"", ""q_scratch"", ""q_scratch""], [""q_uniformity"", ""q_scratch"", ""q_ra"", ""q_scratch"", ""q_uniformity""], [""q_uniformity"", ""q_scratch"", ""q_scratch"", ""q_scratch"", ""q_scratch""], [""q_uniformity"", ""q_scratch"", ""q_uniformity"", ""q_scratch"", ""q_scratch""]]","[[40.83, 41.202, 41.803, 42.914, 43.664], [39.728, 39.966, 40.886, 41.438, 42.129], [38.85, 38.952, 39.731, 40.217, 40.565], [38.551, 38.518, 38.995, 39.422, 39.734], [38.483, 38.445, 38.856, 39.261, 39.583]]","[[41.737, 42.138, 43.109, 44.26, 45.157], [40.896, 41.244, 42.061, 42.979, 43.652], [40.082, 40.373, 41.027, 41.7, 42.14], [40.0, 40.0, 40.412, 40.925, 41.213], [40.0, 40.0, 40.223, 40.683, 40.919]]","[[42.082, 42.796, 43.934, 45.061, 45.756], [41.418, 42.056, 43.046, 43.99, 44.554], [40.533, 41.063, 41.844, 42.533, 42.913], [40.022, 40.327, 40.932, 41.414, 41.645], [40.0, 40.061, 40.512, 40.89, 41.048]]"
finish_rule,86,0,2,success,6.038037300109863,5.132596015930176,4.990513324737549,6.358688831329346,-0.4999999701976776,7.999825291335583,0.6908990144729614,0,68.33331900590892,71.57401995915102,0.14155763527823143,0.15272224770426063,1.6377879445890295,1.4917114641038278,1.1300070704003295,0.7977453949266935,38.4454802050361,37.56080795649462,0.8846722485414773,7.560807956494621,35.9027862073978,0.00811851081345387,0.0,0.1772707917953515,,,,True,True,71.57401995915102,56.49740293004639,7,7,0,77.99313519561746,77.91153657433328,0,0,0,7,0,0:0;0:1;1:0;1:1;1:2;2:2;3:3,0:0;0:1;1:0;1:1;1:2;2:2;3:3,,,0:0;0:1;1:0;1:1;1:2;2:2;3:3,,"{""q_ra"": 0, ""q_scratch"": 6, ""q_thermal"": 0, ""q_uniformity"": 1}","[[69.376, 65.73, 73.375, 71.447, 75.119], [69.405, 56.497, 65.718, 73.569, 72.77], [75.307, 75.92, 61.115, 74.75, 75.309], [75.001, 70.342, 73.76, 68.985, 74.741], [74.981, 73.512, 76.721, 71.251, 74.651]]","[[69.376, 65.73, 73.375, 71.447, 75.119], [69.405, 56.497, 65.718, 73.569, 72.77], [75.307, 75.92, 61.115, 74.75, 75.309], [75.001, 70.342, 73.76, 68.985, 74.741], [74.981, 73.512, 76.721, 71.251, 74.651]]","[[69.376, 65.73, 73.375, 71.447, 75.119], [69.405, 56.497, 65.718, 73.569, 72.77], [75.307, 75.92, 61.115, 74.75, 75.309], [75.001, 70.342, 73.76, 68.985, 74.741], [74.981, 73.512, 76.721, 71.251, 74.651]]","[[78.0, 78.0, 78.0, 78.0, 78.0], [78.0, 78.0, 78.0, 78.0, 78.0], [78.0, 78.0, 78.0, 78.0, 78.0], [78.0, 78.0, 78.0, 77.992, 77.912], [78.0, 78.0, 78.0, 77.992, 77.933]]","[[78.0, 78.0, 78.0, 78.0, 78.0], [78.0, 78.0, 78.0, 78.0, 78.0], [78.0, 78.0, 78.0, 78.0, 78.0], [78.0, 78.0, 78.0, 77.992, 77.912], [78.0, 78.0, 78.0, 77.992, 77.933]]","[[78.0, 78.0, 78.0, 78.0, 78.0], [78.0, 78.0, 78.0, 78.0, 78.0], [78.0, 78.0, 78.0, 78.0, 78.0], [78.0, 78.0, 78.0, 77.992, 77.912], [78.0, 78.0, 78.0, 77.992, 77.933]]","[[0.834015, 0.813801, 0.786166, 0.799827, 0.810012], [0.778932, 0.758248, 0.767185, 0.752667, 0.771051], [0.758027, 0.731575, 0.747417, 0.74242, 0.746847], [0.767038, 0.741121, 0.744903, 0.746577, 0.757688], [0.759898, 0.751461, 0.759402, 0.765272, 0.784173]]","[[0.858583, 0.857915, 0.835639, 0.844798, 0.842008], [0.81622, 0.812975, 0.829801, 0.811343, 0.821975], [0.791912, 0.780251, 0.802807, 0.795268, 0.794395], [0.768713, 0.765326, 0.782132, 0.779955, 0.786886], [0.759898, 0.756081, 0.780892, 0.780139, 0.793382]]","[[0.840089, 0.828349, 0.823466, 0.835394, 0.839072], [0.803979, 0.811265, 0.807497, 0.804661, 0.821398], [0.780182, 0.780251, 0.78177, 0.785965, 0.789614], [0.768713, 0.765326, 0.759361, 0.760693, 0.780576], [0.759898, 0.756081, 0.7741, 0.771582, 0.781991]]","[[""q_scratch"", ""q_scratch"", ""q_uniformity"", ""q_uniformity"", ""q_uniformity""], [""q_scratch"", ""q_scratch"", ""q_scratch"", ""q_uniformity"", ""q_uniformity""], [""q_uniformity"", ""q_uniformity"", ""q_scratch"", ""q_uniformity"", ""q_uniformity""], [""q_uniformity"", ""q_scratch"", ""q_uniformity"", ""q_uniformity"", ""q_uniformity""], [""q_uniformity"", ""q_uniformity"", ""q_uniformity"", ""q_uniformity"", ""q_uniformity""]]","[[40.077, 40.414, 40.955, 42.047, 42.762], [38.894, 39.141, 40.008, 40.53, 41.222], [37.984, 38.094, 38.853, 39.305, 39.644], [37.687, 37.653, 38.143, 38.521, 38.824], [37.599, 37.561, 37.983, 38.334, 38.663]]","[[41.737, 42.138, 43.109, 44.26, 45.157], [40.896, 41.244, 42.061, 42.979, 43.652], [40.082, 40.373, 41.027, 41.7, 42.14], [40.0, 40.0, 40.412, 40.925, 41.213], [40.0, 40.0, 40.223, 40.683, 40.919]]","[[42.082, 42.796, 43.934, 45.061, 45.756], [41.418, 42.056, 43.046, 43.99, 44.554], [40.533, 41.063, 41.844, 42.533, 42.913], [40.022, 40.327, 40.932, 41.414, 41.645], [40.0, 40.061, 40.512, 40.89, 41.048]]"
finish_rule,87,0,1,continue,5.7779998779296875,5.777801513671875,5.659212589263916,6.9297075271606445,0.0,5.945709068328142,0.0,0,51.21166981094375,69.92392174855186,0.166270809161405,0.12349274744606797,1.8156980995072982,1.2322083511490272,1.396305917117088,0.8721576947954699,40.7020173394669,39.41198870561819,1.2900286338487064,9.411988705618192,35.90283727518009,0.008117695350295035,0.0010868321635448249,0.22795196566674625,0.01430343660822451,32.51557267312241,5.792303436608224,False,True,69.92392174855186,57.33106484959001,12,12,0,77.99313632642061,77.91155021001671,0,0,0,12,0,0:1;0:2;0:3;0:4;1:0;1:1;1:2;1:4;2:1;2:4;3:4;4:4,0:1;0:2;0:3;0:4;1:0;1:1;1:2;1:4;2:1;2:4;3:4;4:4,,,0:1;0:2;0:3;0:4;1:0;1:1;1:2;1:4;2:1;2:4;3:4;4:4,,"{""q_ra"": 0, ""q_scratch"": 12, ""q_thermal"": 0, ""q_uniformity"": 0}","[[75.045, 68.763, 65.973, 68.126, 57.331], [68.391, 58.315, 65.01, 73.184, 64.478], [71.61, 69.472, 74.533, 73.023, 67.072], [76.784, 76.071, 73.154, 71.352, 65.001], [76.522, 75.684, 76.32, 71.342, 65.541]]","[[75.045, 68.763, 65.973, 68.126, 57.331], [68.391, 58.315, 65.01, 73.184, 64.478], [71.61, 69.472, 74.533, 73.023, 67.072], [76.784, 76.071, 73.154, 71.352, 65.001], [76.522, 75.684, 76.32, 71.342, 65.541]]","[[75.045, 68.763, 65.973, 68.126, 57.331], [68.391, 58.315, 65.01, 73.184, 64.478], [71.61, 69.472, 74.533, 73.023, 67.072], [76.784, 76.071, 73.154, 71.352, 65.001], [76.522, 75.684, 76.32, 71.342, 65.541]]","[[78.0, 78.0, 78.0, 78.0, 78.0], [78.0, 78.0, 78.0, 78.0, 78.0], [78.0, 78.0, 78.0, 78.0, 78.0], [78.0, 78.0, 78.0, 77.992, 77.912], [78.0, 78.0, 78.0, 77.992, 77.933]]","[[78.0, 78.0, 78.0, 78.0, 78.0], [78.0, 78.0, 78.0, 78.0, 78.0], [78.0, 78.0, 78.0, 78.0, 78.0], [78.0, 78.0, 78.0, 77.992, 77.912], [78.0, 78.0, 78.0, 77.992, 77.933]]","[[78.0, 78.0, 78.0, 78.0, 78.0], [78.0, 78.0, 78.0, 78.0, 78.0], [78.0, 78.0, 78.0, 78.0, 78.0], [78.0, 78.0, 78.0, 77.992, 77.912], [78.0, 78.0, 78.0, 77.992, 77.933]]","[[0.909765, 0.849508, 0.851074, 0.861633, 0.893606], [0.895072, 0.86189, 0.838797, 0.836847, 0.853811], [0.89299, 0.878407, 0.834427, 0.812871, 0.816059], [0.889294, 0.853814, 0.823471, 0.803962, 0.804999], [0.893127, 0.855577, 0.837936, 0.851226, 0.854981]]","[[0.931387, 0.900486, 0.906214, 0.90294, 0.916821], [0.919158, 0.904015, 0.894469, 0.891314, 0.897161], [0.911501, 0.899589, 0.881616, 0.874443, 0.878298], [0.897007, 0.876679, 0.863866, 0.855943, 0.865922], [0.904192, 0.882094, 0.868327, 0.878853, 0.879459]]","[[0.900901, 0.898302, 0.898798, 0.900382, 0.910082], [0.903175, 0.878771, 0.883397, 0.888549, 0.897161], [0.895211, 0.878875, 0.877768, 0.861215, 0.878298], [0.891774, 0.869646, 0.863359, 0.855034, 0.865653], [0.897879, 0.87389, 0.859014, 0.852878, 0.864272]]","[[""q_uniformity"", ""q_scratch"", ""q_scratch"", ""q_scratch"", ""q_scratch""], [""q_scratch"", ""q_scratch"", ""q_scratch"", ""q_scratch"", ""q_scratch""], [""q_scratch"", ""q_scratch"", ""q_scratch"", ""q_scratch"", ""q_scratch""], [""q_uniformity"", ""q_uniformity"", ""q_scratch"", ""q_scratch"", ""q_scratch""], [""q_uniformity"", ""q_uniformity"", ""q_uniformity"", ""q_scratch"", ""q_scratch""]]","[[40.67, 41.003, 42.518, 43.94, 45.137], [40.651, 41.084, 41.972, 42.975, 43.808], [40.843, 41.088, 41.167, 41.478, 41.886], [40.976, 40.482, 40.101, 39.95, 40.067], [41.113, 40.274, 39.606, 39.465, 39.412]]","[[41.456, 42.219, 43.814, 45.438, 46.51], [41.588, 42.261, 43.384, 44.557, 45.391], [41.896, 42.325, 42.666, 43.126, 43.533], [42.236, 41.956, 41.693, 41.625, 41.626], [42.291, 41.647, 41.062, 40.769, 40.702]]","[[41.729, 42.953, 44.709, 46.178, 46.939], [41.899, 42.86, 44.272, 45.504, 46.172], [42.142, 42.622, 43.383, 44.121, 44.565], [42.342, 42.276, 42.266, 42.377, 42.506], [42.443, 42.008, 41.464, 41.119, 41.008]]"
finish_rule,87,0,2,success,5.792303562164307,4.923616409301758,4.787431240081787,6.14973258972168,-0.4999999701976776,7.999825291335583,0.6908990144729614,0,69.92392174855186,73.05148015082564,0.12349274744606797,0.12760288824500593,1.2322083511490272,1.0853286228726446,0.8721576947954699,0.41800716104821145,39.41198870561819,38.51697172282652,0.8950169827916739,8.516971722826518,35.90283727518009,0.008117695350295035,0.0,0.18695140210021766,,,,True,True,73.05148015082564,67.14177312695803,5,5,0,77.99313632642061,77.91155021001671,0,0,0,5,0,0:4;1:1;1:2;1:4;3:4,0:4;1:1;1:2;1:4;3:4,,,0:4;1:1;1:2;1:4;3:4,,"{""q_ra"": 0, ""q_scratch"": 0, ""q_thermal"": 0, ""q_uniformity"": 5}","[[73.359, 72.312, 71.757, 72.69, 67.958], [72.249, 67.142, 69.137, 75.383, 69.503], [73.722, 74.262, 76.521, 75.333, 70.337], [76.692, 75.936, 75.831, 74.113, 69.299], [76.1, 75.593, 76.247, 74.272, 70.54]]","[[73.359, 72.312, 71.757, 72.69, 67.958], [72.249, 67.142, 69.137, 75.383, 69.503], [73.722, 74.262, 76.521, 75.333, 70.337], [76.692, 75.936, 75.831, 74.113, 69.299], [76.1, 75.593, 76.247, 74.272, 70.54]]","[[73.359, 72.312, 71.757, 72.69, 67.958], [72.249, 67.142, 69.137, 75.383, 69.503], [73.722, 74.262, 76.521, 75.333, 70.337], [76.692, 75.936, 75.831, 74.113, 69.299], [76.1, 75.593, 76.247, 74.272, 70.54]]","[[78.0, 78.0, 78.0, 78.0, 78.0], [78.0, 78.0, 78.0, 78.0, 78.0], [78.0, 78.0, 78.0, 78.0, 78.0], [78.0, 78.0, 78.0, 77.992, 77.912], [78.0, 78.0, 78.0, 77.992, 77.933]]","[[78.0, 78.0, 78.0, 78.0, 78.0], [78.0, 78.0, 78.0, 78.0, 78.0], [78.0, 78.0, 78.0, 78.0, 78.0], [78.0, 78.0, 78.0, 77.992, 77.912], [78.0, 78.0, 78.0, 77.992, 77.933]]","[[78.0, 78.0, 78.0, 78.0, 78.0], [78.0, 78.0, 78.0, 78.0, 78.0], [78.0, 78.0, 78.0, 78.0, 78.0], [78.0, 78.0, 78.0, 77.992, 77.912], [78.0, 78.0, 78.0, 77.992, 77.933]]","[[0.852678, 0.789701, 0.793607, 0.80907, 0.843053], [0.838182, 0.800718, 0.780546, 0.781789, 0.800902], [0.833253, 0.812964, 0.772292, 0.748643, 0.756322], [0.821801, 0.785976, 0.754164, 0.732635, 0.734434], [0.825421, 0.784603, 0.755805, 0.77157, 0.773678]]","[[0.872944, 0.83709, 0.845023, 0.847858, 0.864955], [0.860738, 0.839853, 0.832353, 0.832672, 0.841565], [0.850525, 0.832568, 0.815967, 0.805349, 0.814005], [0.828929, 0.807025, 0.79116, 0.780004, 0.790017], [0.835647, 0.808921, 0.783217, 0.796612, 0.795829]]","[[0.83831, 0.834957, 0.839114, 0.845926, 0.857695], [0.839441, 0.81239, 0.820213, 0.829713, 0.841565], [0.827665, 0.81248, 0.811323, 0.792403, 0.814005], [0.824093, 0.800696, 0.790411, 0.779987, 0.789771], [0.829073, 0.802133, 0.782611, 0.775133, 0.785293]]","[[""q_uniformity"", ""q_uniformity"", ""q_uniformity"", ""q_uniformity"", ""q_uniformity""], [""q_uniformity"", ""q_uniformity"", ""q_uniformity"", ""q_uniformity"", ""q_uniformity""], [""q_uniformity"", ""q_uniformity"", ""q_uniformity"", ""q_uniformity"", ""q_uniformity""], [""q_uniformity"", ""q_uniformity"", ""q_uniformity"", ""q_uniformity"", ""q_uniformity""], [""q_uniformity"", ""q_uniformity"", ""q_uniformity"", ""q_uniformity"", ""q_uniformity""]]","[[40.001, 40.229, 41.673, 43.089, 44.28], [39.974, 40.297, 41.14, 42.121, 42.952], [40.118, 40.262, 40.335, 40.571, 41.016], [40.143, 39.649, 39.251, 39.068, 39.185], [40.271, 39.422, 38.664, 38.579, 38.517]]","[[41.456, 42.219, 43.814, 45.438, 46.51], [41.588, 42.261, 43.384, 44.557, 45.391], [41.896, 42.325, 42.666, 43.126, 43.533], [42.236, 41.956, 41.693, 41.625, 41.626], [42.291, 41.647, 41.062, 40.769, 40.702]]","[[41.729, 42.953, 44.709, 46.178, 46.939], [41.899, 42.86, 44.272, 45.504, 46.172], [42.142, 42.622, 43.383, 44.121, 44.565], [42.342, 42.276, 42.266, 42.377, 42.506], [42.443, 42.008, 41.464, 41.119, 41.008]]"
finish_rule,88,0,1,continue,5.7779998779296875,5.777801513671875,5.659209728240967,6.9276838302612305,0.0,5.945709068328142,0.0,0,47.80230297088938,63.439047629369185,0.25262146695129417,0.15673539091786837,2.1790022368869,1.7082816706399933,1.6636725778774384,1.1346529953544071,44.10234745235047,42.68563111776669,1.416716334583782,12.68563111776669,35.902849926154694,0.008117871805722229,0.09372789100901165,0.2503381925419709,1.1232152400393023,42.684781771663424,6.901215240039302,False,True,63.439047629369185,46.953012671510706,18,18,0,77.99313594448658,77.91154891430878,0,0,0,18,0,0:0;0:3;0:4;1:0;1:3;1:4;2:0;2:2;2:3;2:4;3:0;3:3;3:4;4:0;4:1;4:2;4:3;4:4,0:0;0:3;0:4;1:0;1:3;1:4;2:0;2:2;2:3;2:4;3:0;3:3;3:4;4:0;4:1;4:2;4:3;4:4,,,0:0;0:3;0:4;1:0;1:3;1:4;2:0;2:2;2:3;2:4;3:0;3:3;3:4;4:0;4:1;4:2;4:3;4:4,,"{""q_ra"": 6, ""q_scratch"": 12, ""q_thermal"": 0, ""q_uniformity"": 0}","[[55.544, 70.333, 72.747, 68.284, 64.015], [46.953, 76.252, 76.744, 69.684, 57.375], [48.501, 72.062, 69.702, 55.161, 60.564], [48.217, 76.903, 76.913, 54.03, 61.686], [58.008, 62.815, 68.725, 58.926, 55.831]]","[[55.544, 70.333, 72.747, 68.284, 64.015], [46.953, 76.252, 76.744, 69.684, 57.375], [48.501, 72.062, 69.702, 55.161, 60.564], [48.217, 76.903, 76.913, 54.03, 61.686], [58.008, 62.815, 68.725, 58.926, 55.831]]","[[55.544, 70.333, 72.747, 68.284, 64.015], [46.953, 76.252, 76.744, 69.684, 57.375], [48.501, 72.062, 69.702, 55.161, 60.564], [48.217, 76.903, 76.913, 54.03, 61.686], [58.008, 62.815, 68.725, 58.926, 55.831]]","[[78.0, 78.0, 78.0, 78.0, 78.0], [78.0, 78.0, 78.0, 78.0, 78.0], [78.0, 78.0, 78.0, 78.0, 78.0], [78.0, 78.0, 78.0, 77.992, 77.912], [78.0, 78.0, 78.0, 77.992, 77.933]]","[[78.0, 78.0, 78.0, 78.0, 78.0], [78.0, 78.0, 78.0, 78.0, 78.0], [78.0, 78.0, 78.0, 78.0, 78.0], [78.0, 78.0, 78.0, 77.992, 77.912], [78.0, 78.0, 78.0, 77.992, 77.933]]","[[78.0, 78.0, 78.0, 78.0, 78.0], [78.0, 78.0, 78.0, 78.0, 78.0], [78.0, 78.0, 78.0, 78.0, 78.0], [78.0, 78.0, 78.0, 77.992, 77.912], [78.0, 78.0, 78.0, 77.992, 77.933]]","[[0.9209, 0.882856, 0.869323, 0.871209, 0.899352], [0.901783, 0.874798, 0.849163, 0.845281, 0.853171], [0.903196, 0.877066, 0.860123, 0.854123, 0.841776], [0.897824, 0.88351, 0.873616, 0.861562, 0.8591], [0.900328, 0.88619, 0.880209, 0.892577, 0.901048]]","[[0.939335, 0.922129, 0.920763, 0.920634, 0.927614], [0.924009, 0.916699, 0.90595, 0.906109, 0.904928], [0.91412, 0.903142, 0.902099, 0.905464, 0.890405], [0.901849, 0.891661, 0.891904, 0.889105, 0.889169], [0.904755, 0.890482, 0.884523, 0.900445, 0.909766]]","[[0.921097, 0.916229, 0.910863, 0.920331, 0.920376], [0.915399, 0.904232, 0.902924, 0.902462, 0.904928], [0.904788, 0.896132, 0.890843, 0.889011, 0.888421], [0.894904, 0.890467, 0.885743, 0.885622, 0.887327], [0.902086, 0.883226, 0.882994, 0.88656, 0.898383]]","[[""q_scratch"", ""q_scratch"", ""q_uniformity"", ""q_scratch"", ""q_scratch""], [""q_ra"", ""q_uniformity"", ""q_uniformity"", ""q_scratch"", ""q_ra""], [""q_ra"", ""q_scratch"", ""q_scratch"", ""q_scratch"", ""q_scratch""], [""q_ra"", ""q_uniformity"", ""q_uniformity"", ""q_ra"", ""q_scratch""], [""q_scratch"", ""q_scratch"", ""q_scratch"", ""q_ra"", ""q_scratch""]]","[[44.019, 44.157, 45.177, 46.564, 47.898], [43.303, 43.485, 44.082, 45.102, 45.968], [42.897, 42.898, 43.303, 43.934, 44.209], [42.718, 42.686, 42.855, 43.032, 43.235], [42.853, 42.694, 42.702, 43.004, 43.218]]","[[44.924, 45.352, 46.483, 47.992, 49.294], [44.397, 44.71, 45.543, 46.667, 47.645], [44.109, 44.281, 44.746, 45.389, 45.958], [44.102, 44.227, 44.413, 44.657, 44.885], [44.206, 44.256, 44.36, 44.441, 44.529]]","[[45.223, 46.035, 47.458, 49.013, 49.901], [44.752, 45.415, 46.583, 47.866, 48.716], [44.28, 44.705, 45.466, 46.314, 46.88], [44.166, 44.358, 44.715, 45.126, 45.406], [44.276, 44.325, 44.431, 44.569, 44.67]]"
finish_rule,88,0,2,success,6.901215076446533,5.865952968597412,5.70387077331543,7.091550827026367,-0.4999999701976776,7.999825291335583,0.6908990144729614,0,63.439047629369185,70.04569150735108,0.15673539091786837,0.16002706555457558,1.7082816706399933,1.4897506938092095,1.1346529953544071,0.655825768848638,42.68563111776669,41.56825663054252,1.1173744872241684,11.568256630542521,35.902849926154694,0.008117871805722229,0.0,0.1958975810692646,,,,True,True,70.04569150735108,59.15535881462125,13,13,0,77.99313594448658,77.91154891430878,0,0,0,13,0,0:0;0:4;1:0;1:4;2:0;2:3;2:4;3:0;3:3;4:0;4:1;4:3;4:4,0:0;0:4;1:0;1:4;2:0;2:3;2:4;3:0;3:3;4:0;4:1;4:3;4:4,,,0:0;0:4;1:0;1:4;2:0;2:3;2:4;3:0;3:3;4:0;4:1;4:3;4:4,,"{""q_ra"": 1, ""q_scratch"": 2, ""q_thermal"": 0, ""q_uniformity"": 10}","[[64.673, 72.332, 74.399, 71.852, 68.884], [59.155, 75.684, 76.43, 73.644, 69.609], [61.983, 74.719, 74.342, 65.749, 69.358], [61.312, 76.52, 76.521, 66.745, 70.169], [68.46, 69.225, 72.702, 69.11, 67.564]]","[[64.673, 72.332, 74.399, 71.852, 68.884], [59.155, 75.684, 76.43, 73.644, 69.609], [61.983, 74.719, 74.342, 65.749, 69.358], [61.312, 76.52, 76.521, 66.745, 70.169], [68.46, 69.225, 72.702, 69.11, 67.564]]","[[64.673, 72.332, 74.399, 71.852, 68.884], [59.155, 75.684, 76.43, 73.644, 69.609], [61.983, 74.719, 74.342, 65.749, 69.358], [61.312, 76.52, 76.521, 66.745, 70.169], [68.46, 69.225, 72.702, 69.11, 67.564]]","[[78.0, 78.0, 78.0, 78.0, 78.0], [78.0, 78.0, 78.0, 78.0, 78.0], [78.0, 78.0, 78.0, 78.0, 78.0], [78.0, 78.0, 78.0, 77.992, 77.912], [78.0, 78.0, 78.0, 77.992, 77.933]]","[[78.0, 78.0, 78.0, 78.0, 78.0], [78.0, 78.0, 78.0, 78.0, 78.0], [78.0, 78.0, 78.0, 78.0, 78.0], [78.0, 78.0, 78.0, 77.992, 77.912], [78.0, 78.0, 78.0, 77.992, 77.933]]","[[78.0, 78.0, 78.0, 78.0, 78.0], [78.0, 78.0, 78.0, 78.0, 78.0], [78.0, 78.0, 78.0, 78.0, 78.0], [78.0, 78.0, 78.0, 77.992, 77.912], [78.0, 78.0, 78.0, 77.992, 77.933]]","[[0.861813, 0.825049, 0.812504, 0.817504, 0.847224], [0.838533, 0.813592, 0.787194, 0.786329, 0.794894], [0.834854, 0.810283, 0.793775, 0.790803, 0.774863], [0.825903, 0.81165, 0.802288, 0.789592, 0.787506], [0.830556, 0.807576, 0.80203, 0.81552, 0.827579]]","[[0.879065, 0.86175, 0.860581, 0.863882, 0.873848], [0.859199, 0.852561, 0.839837, 0.842914, 0.843115], [0.844951, 0.834374, 0.832514, 0.838338, 0.819626], [0.829606, 0.819138, 0.819083, 0.814834, 0.815069], [0.83464, 0.811487, 0.805962, 0.822709, 0.835586]]","[[0.860551, 0.854055, 0.849415, 0.863851, 0.864553], [0.85109, 0.837793, 0.838569, 0.841425, 0.843115], [0.836326, 0.82549, 0.818207, 0.818252, 0.816467], [0.823217, 0.818435, 0.811468, 0.811377, 0.813116], [0.828965, 0.805139, 0.804789, 0.81214, 0.827052]]","[[""q_scratch"", ""q_uniformity"", ""q_uniformity"", ""q_uniformity"", ""q_uniformity""], [""q_ra"", ""q_uniformity"", ""q_uniformity"", ""q_uniformity"", ""q_uniformity""], [""q_scratch"", ""q_uniformity"", ""q_uniformity"", ""q_uniformity"", ""q_uniformity""], [""q_uniformity"", ""q_uniformity"", ""q_uniformity"", ""q_uniformity"", ""q_uniformity""], [""q_uniformity"", ""q_uniformity"", ""q_uniformity"", ""q_uniformity"", ""q_uniformity""]]","[[43.119, 43.23, 44.185, 45.543, 46.86], [42.37, 42.542, 43.054, 44.049, 44.877], [41.921, 41.915, 42.277, 42.901, 43.08], [41.699, 41.654, 41.805, 41.943, 42.132], [41.857, 41.568, 41.574, 41.881, 42.141]]","[[44.924, 45.352, 46.483, 47.992, 49.294], [44.397, 44.71, 45.543, 46.667, 47.645], [44.109, 44.281, 44.746, 45.389, 45.958], [44.102, 44.227, 44.413, 44.657, 44.885], [44.206, 44.256, 44.36, 44.441, 44.529]]","[[45.223, 46.035, 47.458, 49.013, 49.901], [44.752, 45.415, 46.583, 47.866, 48.716], [44.28, 44.705, 45.466, 46.314, 46.88], [44.166, 44.358, 44.715, 45.126, 45.406], [44.276, 44.325, 44.431, 44.569, 44.67]]"
finish_rule,89,0,1,continue,5.7779998779296875,5.777801513671875,5.659209728240967,6.9276838302612305,0.0,5.945709068328142,0.0,0,54.781263268479606,66.83739051081473,0.179675918142624,0.1544564918511184,1.8784119177958432,1.6147781261979137,1.437346614310033,0.9352091316388322,40.0,38.2464003096671,1.7535996903328979,8.246400309667102,35.902849926154694,0.008117871805722229,0.04518013555978959,0.3098665316434497,0.43741544451573555,20.158357459703232,6.2154154445157355,False,True,66.83739051081473,45.90439347601963,14,14,0,77.99313594448658,77.91154891430878,0,0,0,14,0,0:0;0:1;0:3;0:4;1:0;1:1;1:2;1:3;2:1;2:2;2:3;2:4;3:2;3:3,0:0;0:1;0:3;0:4;1:0;1:1;1:2;1:3;2:1;2:2;2:3;2:4;3:2;3:3,,,0:0;0:1;0:3;0:4;1:0;1:1;1:2;1:3;2:1;2:2;2:3;2:4;3:2;3:3,,"{""q_ra"": 3, ""q_scratch"": 11, ""q_thermal"": 0, ""q_uniformity"": 0}","[[49.92, 56.267, 76.124, 64.059, 67.257], [55.837, 45.904, 50.877, 60.864, 70.771], [76.338, 59.473, 64.629, 63.13, 67.535], [76.221, 75.975, 68.721, 64.543, 75.897], [76.509, 76.21, 75.807, 76.248, 75.818]]","[[49.92, 56.267, 76.124, 64.059, 67.257], [55.837, 45.904, 50.877, 60.864, 70.771], [76.338, 59.473, 64.629, 63.13, 67.535], [76.221, 75.975, 68.721, 64.543, 75.897], [76.509, 76.21, 75.807, 76.248, 75.818]]","[[49.92, 56.267, 76.124, 64.059, 67.257], [55.837, 45.904, 50.877, 60.864, 70.771], [76.338, 59.473, 64.629, 63.13, 67.535], [76.221, 75.975, 68.721, 64.543, 75.897], [76.509, 76.21, 75.807, 76.248, 75.818]]","[[78.0, 78.0, 78.0, 78.0, 78.0], [78.0, 78.0, 78.0, 78.0, 78.0], [78.0, 78.0, 78.0, 78.0, 78.0], [78.0, 78.0, 78.0, 77.992, 77.912], [78.0, 78.0, 78.0, 77.992, 77.933]]","[[78.0, 78.0, 78.0, 78.0, 78.0], [78.0, 78.0, 78.0, 78.0, 78.0], [78.0, 78.0, 78.0, 78.0, 78.0], [78.0, 78.0, 78.0, 77.992, 77.912], [78.0, 78.0, 78.0, 77.992, 77.933]]","[[78.0, 78.0, 78.0, 78.0, 78.0], [78.0, 78.0, 78.0, 78.0, 78.0], [78.0, 78.0, 78.0, 78.0, 78.0], [78.0, 78.0, 78.0, 77.992, 77.912], [78.0, 78.0, 78.0, 77.992, 77.933]]","[[0.882119, 0.861357, 0.847427, 0.843474, 0.85313], [0.862718, 0.844872, 0.828171, 0.82464, 0.840369], [0.866642, 0.838339, 0.84096, 0.831129, 0.819937], [0.857953, 0.840608, 0.832838, 0.796885, 0.82108], [0.86502, 0.850882, 0.823977, 0.823587, 0.831988]]","[[0.882119, 0.861357, 0.847427, 0.843474, 0.85313], [0.862718, 0.844872, 0.828171, 0.82464, 0.840369], [0.866642, 0.838339, 0.84096, 0.832577, 0.836215], [0.857953, 0.840608, 0.836476, 0.842162, 0.865016], [0.86502, 0.850882, 0.849836, 0.865348, 0.853455]]","[[0.882119, 0.861357, 0.847427, 0.843474, 0.85313], [0.862718, 0.844872, 0.828171, 0.82464, 0.840369], [0.866642, 0.838339, 0.84096, 0.832577, 0.836215], [0.857953, 0.840608, 0.836476, 0.837165, 0.851975], [0.86502, 0.850882, 0.849836, 0.854376, 0.853455]]","[[""q_scratch"", ""q_ra"", ""q_uniformity"", ""q_scratch"", ""q_scratch""], [""q_scratch"", ""q_ra"", ""q_ra"", ""q_scratch"", ""q_scratch""], [""q_uniformity"", ""q_scratch"", ""q_scratch"", ""q_scratch"", ""q_scratch""], [""q_uniformity"", ""q_uniformity"", ""q_scratch"", ""q_scratch"", ""q_uniformity""], [""q_uniformity"", ""q_uniformity"", ""q_uniformity"", ""q_uniformity"", ""q_uniformity""]]","[[38.821, 38.614, 38.474, 38.435, 38.531], [38.627, 38.449, 38.282, 38.246, 38.404], [38.666, 38.383, 38.41, 38.326, 38.362], [38.58, 38.406, 38.365, 38.422, 39.077], [38.65, 38.509, 38.498, 39.222, 39.66]]","[[40.0, 40.0, 40.0, 40.0, 40.0], [40.0, 40.0, 40.0, 40.0, 40.0], [40.0, 40.0, 40.0, 40.0, 40.0], [40.0, 40.0, 40.0, 40.0, 40.493], [40.0, 40.0, 40.0, 40.657, 41.319]]","[[40.0, 40.0, 40.0, 40.0, 40.0], [40.0, 40.0, 40.0, 40.0, 40.0], [40.0, 40.0, 40.0, 40.017, 40.199], [40.0, 40.0, 40.044, 40.568, 41.055], [40.0, 40.0, 40.314, 41.198, 41.611]]"
finish_rule,89,0,2,success,6.2154154777526855,5.283190727233887,5.137105941772461,6.511547565460205,-0.4999999701976776,7.999825291335583,0.6908990144729614,0,66.83739051081473,70.93763539925793,0.1544564918511184,0.15881613566013233,1.6147781261979137,1.59358754731901,0.9352091316388322,0.7397573240295552,38.2464003096671,37.24531123499281,1.0010890746742902,7.245311234992812,35.902849926154694,0.008117871805722229,0.0,0.1948741345849845,,,,True,True,70.93763539925793,56.47041532501414,10,10,0,77.99313594448658,77.91154891430878,0,0,0,10,0,0:0;0:1;0:3;1:0;1:1;1:2;1:3;2:1;2:3;3:3,0:0;0:1;0:3;1:0;1:1;1:2;1:3;2:1;2:3;3:3,,,0:0;0:1;0:3;1:0;1:1;1:2;1:3;2:1;2:3;3:3,,"{""q_ra"": 1, ""q_scratch"": 4, ""q_thermal"": 0, ""q_uniformity"": 5}","[[56.47, 65.335, 75.631, 69.412, 71.703], [66.932, 59.311, 64.299, 67.965, 74.21], [75.828, 67.206, 70.149, 69.013, 71.081], [75.905, 75.619, 73.835, 68.99, 75.499], [76.223, 76.149, 75.565, 75.968, 75.142]]","[[56.47, 65.335, 75.631, 69.412, 71.703], [66.932, 59.311, 64.299, 67.965, 74.21], [75.828, 67.206, 70.149, 69.013, 71.081], [75.905, 75.619, 73.835, 68.99, 75.499], [76.223, 76.149, 75.565, 75.968, 75.142]]","[[56.47, 65.335, 75.631, 69.412, 71.703], [66.932, 59.311, 64.299, 67.965, 74.21], [75.828, 67.206, 70.149, 69.013, 71.081], [75.905, 75.619, 73.835, 68.99, 75.499], [76.223, 76.149, 75.565, 75.968, 75.142]]","[[78.0, 78.0, 78.0, 78.0, 78.0], [78.0, 78.0, 78.0, 78.0, 78.0], [78.0, 78.0, 78.0, 78.0, 78.0], [78.0, 78.0, 78.0, 77.992, 77.912], [78.0, 78.0, 78.0, 77.992, 77.933]]","[[78.0, 78.0, 78.0, 78.0, 78.0], [78.0, 78.0, 78.0, 78.0, 78.0], [78.0, 78.0, 78.0, 78.0, 78.0], [78.0, 78.0, 78.0, 77.992, 77.912], [78.0, 78.0, 78.0, 77.992, 77.933]]","[[78.0, 78.0, 78.0, 78.0, 78.0], [78.0, 78.0, 78.0, 78.0, 78.0], [78.0, 78.0, 78.0, 78.0, 78.0], [78.0, 78.0, 78.0, 77.992, 77.912], [78.0, 78.0, 78.0, 77.992, 77.933]]","[[0.802331, 0.772198, 0.752732, 0.747816, 0.759213], [0.775121, 0.753117, 0.729017, 0.724531, 0.743955], [0.780295, 0.744313, 0.745498, 0.733371, 0.724539], [0.766009, 0.750072, 0.736548, 0.70728, 0.73779], [0.776022, 0.760342, 0.736151, 0.741206, 0.746623]]","[[0.802331, 0.772198, 0.752732, 0.747816, 0.759213], [0.775121, 0.753117, 0.729017, 0.724531, 0.743955], [0.780295, 0.744313, 0.745498, 0.734648, 0.738924], [0.766009, 0.750072, 0.739765, 0.747466, 0.77727], [0.776022, 0.760342, 0.759254, 0.778789, 0.765888]]","[[0.802331, 0.772198, 0.752732, 0.747816, 0.759213], [0.775121, 0.753117, 0.729017, 0.724531, 0.743955], [0.780295, 0.744313, 0.745498, 0.734648, 0.738924], [0.766009, 0.750072, 0.739765, 0.741437, 0.763832], [0.776022, 0.760342, 0.759254, 0.767006, 0.765888]]","[[""q_scratch"", ""q_uniformity"", ""q_uniformity"", ""q_scratch"", ""q_uniformity""], [""q_scratch"", ""q_ra"", ""q_uniformity"", ""q_uniformity"", ""q_uniformity""], [""q_uniformity"", ""q_scratch"", ""q_scratch"", ""q_uniformity"", ""q_uniformity""], [""q_uniformity"", ""q_uniformity"", ""q_scratch"", ""q_uniformity"", ""q_uniformity""], [""q_uniformity"", ""q_uniformity"", ""q_uniformity"", ""q_uniformity"", ""q_uniformity""]]","[[38.023, 37.722, 37.527, 37.478, 37.592], [37.751, 37.531, 37.29, 37.245, 37.44], [37.803, 37.443, 37.455, 37.346, 37.389], [37.66, 37.501, 37.398, 37.475, 38.156], [37.76, 37.603, 37.593, 38.3, 38.669]]","[[40.0, 40.0, 40.0, 40.0, 40.0], [40.0, 40.0, 40.0, 40.0, 40.0], [40.0, 40.0, 40.0, 40.0, 40.0], [40.0, 40.0, 40.0, 40.0, 40.493], [40.0, 40.0, 40.0, 40.657, 41.319]]","[[40.0, 40.0, 40.0, 40.0, 40.0], [40.0, 40.0, 40.0, 40.0, 40.0], [40.0, 40.0, 40.0, 40.017, 40.199], [40.0, 40.0, 40.044, 40.568, 41.055], [40.0, 40.0, 40.314, 41.198, 41.611]]"
finish_rule,90,0,1,continue,5.7779998779296875,5.777801513671875,5.659209728240967,6.9276838302612305,0.0,5.945709068328142,0.0,0,50.9779161728713,64.93716646834444,0.1989072147059165,0.14164176196079747,2.33189124300894,2.0008512770318547,1.9367870384630135,1.3119617955142469,47.02872116979612,45.72061083405713,1.3081103357389878,15.720610834057133,35.902849926154694,0.008117871805722229,0.07232619330936509,0.23114717399695722,0.9387031481983489,59.35876522651213,6.716703148198349,False,True,64.93716646834444,45.08714549418705,17,17,0,77.99313594448658,77.91154891430878,0,0,0,17,0,0:0;0:1;0:2;0:3;1:1;1:2;1:3;1:4;2:1;2:2;3:0;3:1;4:0;4:1;4:2;4:3;4:4,0:0;0:1;0:2;0:3;1:1;1:2;1:3;1:4;2:1;2:2;3:0;3:1;4:0;4:1;4:2;4:3;4:4,,,0:0;0:1;0:2;0:3;1:1;1:2;1:3;1:4;2:1;2:2;3:0;3:1;4:0;4:1;4:2;4:3;4:4,,"{""q_ra"": 3, ""q_scratch"": 14, ""q_thermal"": 0, ""q_uniformity"": 0}","[[45.087, 60.501, 52.756, 68.352, 71.955], [76.131, 48.873, 66.884, 68.902, 69.838], [76.103, 59.44, 67.43, 77.031, 76.702], [62.179, 50.869, 70.062, 77.004, 76.821], [52.881, 47.681, 64.702, 68.55, 66.697]]","[[45.087, 60.501, 52.756, 68.352, 71.955], [76.131, 48.873, 66.884, 68.902, 69.838], [76.103, 59.44, 67.43, 77.031, 76.702], [62.179, 50.869, 70.062, 77.004, 76.821], [52.881, 47.681, 64.702, 68.55, 66.697]]","[[45.087, 60.501, 52.756, 68.352, 71.955], [76.131, 48.873, 66.884, 68.902, 69.838], [76.103, 59.44, 67.43, 77.031, 76.702], [62.179, 50.869, 70.062, 77.004, 76.821], [52.881, 47.681, 64.702, 68.55, 66.697]]","[[78.0, 78.0, 78.0, 78.0, 78.0], [78.0, 78.0, 78.0, 78.0, 78.0], [78.0, 78.0, 78.0, 78.0, 78.0], [78.0, 78.0, 78.0, 77.992, 77.912], [78.0, 78.0, 78.0, 77.992, 77.933]]","[[78.0, 78.0, 78.0, 78.0, 78.0], [78.0, 78.0, 78.0, 78.0, 78.0], [78.0, 78.0, 78.0, 78.0, 78.0], [78.0, 78.0, 78.0, 77.992, 77.912], [78.0, 78.0, 78.0, 77.992, 77.933]]","[[78.0, 78.0, 78.0, 78.0, 78.0], [78.0, 78.0, 78.0, 78.0, 78.0], [78.0, 78.0, 78.0, 78.0, 78.0], [78.0, 78.0, 78.0, 77.992, 77.912], [78.0, 78.0, 78.0, 77.992, 77.933]]","[[0.943682, 0.923018, 0.903583, 0.896041, 0.913701], [0.935303, 0.912125, 0.892603, 0.881653, 0.901993], [0.928635, 0.92357, 0.88532, 0.882361, 0.903026], [0.921457, 0.921107, 0.913023, 0.882033, 0.898214], [0.930124, 0.927565, 0.922059, 0.887928, 0.913192]]","[[0.952014, 0.938031, 0.926516, 0.919357, 0.923182], [0.936469, 0.932825, 0.924549, 0.911341, 0.91724], [0.928635, 0.92357, 0.919586, 0.91807, 0.923316], [0.921457, 0.921107, 0.926263, 0.918191, 0.918221], [0.930124, 0.927565, 0.922059, 0.915847, 0.926932]]","[[0.945909, 0.932235, 0.924122, 0.907941, 0.912347], [0.935294, 0.92205, 0.917122, 0.901644, 0.909808], [0.928635, 0.92357, 0.918207, 0.908454, 0.912426], [0.921457, 0.921107, 0.915186, 0.914067, 0.915243], [0.930124, 0.927565, 0.922059, 0.91433, 0.913363]]","[[""q_ra"", ""q_scratch"", ""q_scratch"", ""q_scratch"", ""q_scratch""], [""q_uniformity"", ""q_ra"", ""q_scratch"", ""q_scratch"", ""q_scratch""], [""q_uniformity"", ""q_scratch"", ""q_scratch"", ""q_uniformity"", ""q_uniformity""], [""q_scratch"", ""q_scratch"", ""q_scratch"", ""q_uniformity"", ""q_uniformity""], [""q_scratch"", ""q_ra"", ""q_scratch"", ""q_scratch"", ""q_scratch""]]","[[48.695, 48.033, 47.049, 46.062, 45.721], [48.706, 48.161, 47.166, 46.039, 45.73], [48.573, 48.471, 47.504, 46.507, 46.169], [48.429, 48.422, 48.251, 47.034, 46.584], [48.602, 48.551, 48.441, 47.467, 47.209]]","[[49.638, 49.224, 48.402, 47.471, 47.029], [49.975, 49.469, 48.567, 47.599, 47.149], [50.0, 50.0, 49.035, 47.98, 47.512], [50.0, 50.0, 49.704, 48.551, 48.061], [50.0, 50.0, 50.0, 49.072, 48.565]]","[[49.811, 49.537, 48.869, 47.926, 47.205], [50.0, 49.911, 49.231, 48.191, 47.439], [50.0, 50.0, 49.771, 48.708, 47.905], [50.0, 50.0, 49.99, 49.312, 48.464], [50.0, 50.0, 50.0, 49.672, 48.844]]"
finish_rule,90,0,2,fail_quality_regression,6.716702938079834,5.709030628204346,5.551381587982178,6.935309410095215,-0.4999999701976776,7.999825291335583,0.6908990144729614,0,64.93716646834444,69.85593049667143,0.14164176196079747,0.1566640530924761,2.0008512770318547,1.820883936754746,1.3119617955142469,0.9262016094687726,45.72061083405713,44.69540606223005,1.0252047718270845,14.695406062230049,35.902849926154694,0.008117871805722229,0.0020581357618366628,0.18467560832901184,,,,False,True,69.85593049667143,51.58184502446298,8,8,0,77.99313594448658,77.91154891430878,0,0,0,8,0,0:0;0:1;0:2;1:1;2:1;3:1;4:0;4:1,0:0;0:1;0:2;1:1;2:1;3:1;4:0;4:1,,,0:0;0:1;0:2;1:1;2:1;3:1;4:0;4:1,,"{""q_ra"": 1, ""q_scratch"": 7, ""q_thermal"": 0, ""q_uniformity"": 0}","[[51.582, 67.056, 65.096, 71.742, 72.191], [75.141, 61.328, 71.535, 72.664, 73.342], [75.48, 67.256, 71.872, 76.819, 76.438], [70.364, 61.13, 74.565, 76.79, 76.667], [64.643, 58.397, 71.413, 72.629, 70.258]]","[[51.582, 67.056, 65.096, 71.742, 72.191], [75.141, 61.328, 71.535, 72.664, 73.342], [75.48, 67.256, 71.872, 76.819, 76.438], [70.364, 61.13, 74.565, 76.79, 76.667], [64.643, 58.397, 71.413, 72.629, 70.258]]","[[51.582, 67.056, 65.096, 71.742, 72.191], [75.141, 61.328, 71.535, 72.664, 73.342], [75.48, 67.256, 71.872, 76.819, 76.438], [70.364, 61.13, 74.565, 76.79, 76.667], [64.643, 58.397, 71.413, 72.629, 70.258]]","[[78.0, 78.0, 78.0, 78.0, 78.0], [78.0, 78.0, 78.0, 78.0, 78.0], [78.0, 78.0, 78.0, 78.0, 78.0], [78.0, 78.0, 78.0, 77.992, 77.912], [78.0, 78.0, 78.0, 77.992, 77.933]]","[[78.0, 78.0, 78.0, 78.0, 78.0], [78.0, 78.0, 78.0, 78.0, 78.0], [78.0, 78.0, 78.0, 78.0, 78.0], [78.0, 78.0, 78.0, 77.992, 77.912], [78.0, 78.0, 78.0, 77.992, 77.933]]","[[78.0, 78.0, 78.0, 78.0, 78.0], [78.0, 78.0, 78.0, 78.0, 78.0], [78.0, 78.0, 78.0, 78.0, 78.0], [78.0, 78.0, 78.0, 77.992, 77.912], [78.0, 78.0, 78.0, 77.992, 77.933]]","[[0.903545, 0.874995, 0.850191, 0.838622, 0.854115], [0.889489, 0.863308, 0.841223, 0.823372, 0.84273], [0.880403, 0.87324, 0.833174, 0.827374, 0.846223], [0.870964, 0.870705, 0.861848, 0.82852, 0.840431], [0.882369, 0.878853, 0.8696, 0.833795, 0.85853]]","[[0.911523, 0.889227, 0.871768, 0.860444, 0.862978], [0.890598, 0.882901, 0.87133, 0.851097, 0.856975], [0.880403, 0.87324, 0.865421, 0.860858, 0.865237], [0.870964, 0.870705, 0.874346, 0.862484, 0.859151], [0.882369, 0.878853, 0.8696, 0.860012, 0.871448]]","[[0.904156, 0.884383, 0.869674, 0.848638, 0.852524], [0.889481, 0.871304, 0.862438, 0.841003, 0.850779], [0.880403, 0.87324, 0.863731, 0.850261, 0.852277], [0.870964, 0.870705, 0.861424, 0.859737, 0.858217], [0.882369, 0.878853, 0.8696, 0.858587, 0.856985]]","[[""q_ra"", ""q_scratch"", ""q_scratch"", ""q_uniformity"", ""q_uniformity""], [""q_uniformity"", ""q_scratch"", ""q_uniformity"", ""q_uniformity"", ""q_scratch""], [""q_uniformity"", ""q_scratch"", ""q_uniformity"", ""q_uniformity"", ""q_uniformity""], [""q_uniformity"", ""q_scratch"", ""q_uniformity"", ""q_uniformity"", ""q_uniformity""], [""q_scratch"", ""q_scratch"", ""q_uniformity"", ""q_uniformity"", ""q_uniformity""]]","[[47.9, 47.095, 46.042, 45.033, 44.695], [47.79, 47.189, 46.178, 44.978, 44.696], [47.608, 47.465, 46.473, 45.478, 45.152], [47.419, 47.414, 47.228, 46.0, 45.518], [47.647, 47.577, 47.392, 46.402, 46.179]]","[[49.638, 49.224, 48.402, 47.471, 47.029], [49.975, 49.469, 48.567, 47.599, 47.149], [50.0, 50.0, 49.035, 47.98, 47.512], [50.0, 50.0, 49.704, 48.551, 48.061], [50.0, 50.0, 50.0, 49.072, 48.565]]","[[49.811, 49.537, 48.869, 47.926, 47.205], [50.0, 49.911, 49.231, 48.191, 47.439], [50.0, 50.0, 49.771, 48.708, 47.905], [50.0, 50.0, 49.99, 49.312, 48.464], [50.0, 50.0, 50.0, 49.672, 48.844]]"
finish_rule,92,0,1,continue,5.7779998779296875,5.777801513671875,5.659221649169922,6.9279022216796875,0.0,5.945709068328142,0.0,0,43.5761984876877,65.63913938529366,0.2061955487442988,0.15415719895115684,1.8409012479119715,1.5334240771684835,1.5087670989127997,0.9914807233301017,46.843630464793335,45.77638330039987,1.0672471643934642,15.776383300399871,35.90277229768009,0.008119350859054776,0.06229800878151914,0.18858550354711853,0.9910307146055981,73.05112557051773,6.769030714605598,False,True,65.63913938529366,50.198873290126016,19,19,0,77.99313409616293,77.91152558784626,0,0,0,19,0,0:0;0:4;1:0;1:1;1:2;1:4;2:0;2:1;2:2;2:3;2:4;3:0;3:2;3:3;3:4;4:0;4:2;4:3;4:4,0:0;0:4;1:0;1:1;1:2;1:4;2:0;2:1;2:2;2:3;2:4;3:0;3:2;3:3;3:4;4:0;4:2;4:3;4:4,,,0:0;0:4;1:0;1:1;1:2;1:4;2:0;2:1;2:2;2:3;2:4;3:0;3:2;3:3;3:4;4:0;4:2;4:3;4:4,,"{""q_ra"": 1, ""q_scratch"": 18, ""q_thermal"": 0, ""q_uniformity"": 0}","[[63.572, 71.397, 72.247, 71.721, 68.533], [66.996, 62.461, 68.959, 72.635, 68.112], [59.785, 65.671, 67.236, 61.371, 62.514], [50.199, 76.682, 63.408, 60.789, 68.01], [50.473, 76.051, 56.737, 66.821, 68.6]]","[[63.572, 71.397, 72.247, 71.721, 68.533], [66.996, 62.461, 68.959, 72.635, 68.112], [59.785, 65.671, 67.236, 61.371, 62.514], [50.199, 76.682, 63.408, 60.789, 68.01], [50.473, 76.051, 56.737, 66.821, 68.6]]","[[63.572, 71.397, 72.247, 71.721, 68.533], [66.996, 62.461, 68.959, 72.635, 68.112], [59.785, 65.671, 67.236, 61.371, 62.514], [50.199, 76.682, 63.408, 60.789, 68.01], [50.473, 76.051, 56.737, 66.821, 68.6]]","[[78.0, 78.0, 78.0, 78.0, 78.0], [78.0, 78.0, 78.0, 78.0, 78.0], [78.0, 78.0, 78.0, 78.0, 78.0], [78.0, 78.0, 78.0, 77.992, 77.912], [78.0, 78.0, 78.0, 77.992, 77.933]]","[[78.0, 78.0, 78.0, 78.0, 78.0], [78.0, 78.0, 78.0, 78.0, 78.0], [78.0, 78.0, 78.0, 78.0, 78.0], [78.0, 78.0, 78.0, 77.992, 77.912], [78.0, 78.0, 78.0, 77.992, 77.933]]","[[78.0, 78.0, 78.0, 78.0, 78.0], [78.0, 78.0, 78.0, 78.0, 78.0], [78.0, 78.0, 78.0, 78.0, 78.0], [78.0, 78.0, 78.0, 77.992, 77.912], [78.0, 78.0, 78.0, 77.992, 77.933]]","[[0.926737, 0.920709, 0.908681, 0.912075, 0.91962], [0.923703, 0.917651, 0.9059, 0.889035, 0.883822], [0.914512, 0.903818, 0.895, 0.876685, 0.88188], [0.914203, 0.888842, 0.878, 0.908621, 0.914507], [0.925571, 0.888435, 0.876244, 0.919619, 0.922925]]","[[0.934768, 0.930244, 0.921859, 0.92592, 0.931376], [0.933288, 0.921764, 0.9194, 0.912886, 0.915967], [0.929158, 0.919531, 0.917101, 0.917051, 0.913838], [0.930183, 0.914795, 0.916584, 0.922509, 0.914507], [0.936638, 0.918569, 0.917123, 0.919619, 0.922925]]","[[0.934768, 0.929157, 0.918435, 0.912349, 0.915611], [0.928779, 0.919848, 0.91188, 0.908528, 0.910709], [0.921857, 0.909579, 0.913158, 0.91146, 0.913392], [0.914879, 0.910867, 0.916584, 0.914759, 0.914507], [0.913017, 0.912744, 0.915606, 0.919619, 0.922925]]","[[""q_scratch"", ""q_scratch"", ""q_scratch"", ""q_scratch"", ""q_scratch""], [""q_scratch"", ""q_scratch"", ""q_scratch"", ""q_scratch"", ""q_scratch""], [""q_scratch"", ""q_scratch"", ""q_scratch"", ""q_scratch"", ""q_scratch""], [""q_ra"", ""q_uniformity"", ""q_scratch"", ""q_scratch"", ""q_scratch""], [""q_scratch"", ""q_uniformity"", ""q_scratch"", ""q_scratch"", ""q_scratch""]]","[[47.157, 46.785, 46.201, 45.961, 45.943], [46.857, 46.65, 46.4, 46.205, 46.253], [46.288, 46.299, 46.674, 47.064, 47.496], [45.858, 45.956, 46.889, 48.166, 48.29], [45.776, 45.916, 47.126, 48.392, 48.458]]","[[48.354, 48.043, 47.574, 47.238, 47.118], [48.062, 48.063, 47.838, 47.751, 47.744], [47.529, 47.725, 48.181, 48.608, 49.146], [47.048, 47.443, 48.426, 49.692, 50.0], [46.844, 47.327, 48.674, 50.0, 50.0]]","[[48.513, 48.23, 47.829, 47.5, 47.337], [48.25, 48.144, 48.103, 48.227, 48.39], [47.81, 48.034, 48.63, 49.464, 49.839], [47.346, 47.952, 49.236, 49.993, 50.0], [47.045, 47.914, 49.545, 50.0, 50.0]]"
finish_rule,92,0,2,success,6.769030570983887,5.753857612609863,5.594625473022461,6.980989456176758,-0.4999999701976776,7.999825291335583,0.6908990144729614,0,65.63913938529366,71.0420271997388,0.15415719895115684,0.16204464139645675,1.5334240771684835,1.3652060823937324,0.9914807233301017,0.5372302231945114,45.77638330039987,44.79131418804546,0.9850691123544095,14.791314188045462,35.90277229768009,0.008119350859054776,0.0,0.17607418353640608,,,,True,True,71.0420271997388,65.11856780174824,9,9,0,77.99313409616293,77.91152558784626,0,0,0,9,0,0:0;1:1;2:0;2:3;3:0;3:2;3:3;4:0;4:2,0:0;1:1;2:0;2:3;3:0;3:2;3:3;4:0;4:2,,,0:0;1:1;2:0;2:3;3:0;3:2;3:3;4:0;4:2,,"{""q_ra"": 0, ""q_scratch"": 3, ""q_thermal"": 0, ""q_uniformity"": 6}","[[67.781, 73.297, 74.234, 74.356, 70.976], [70.699, 69.368, 73.159, 75.292, 72.476], [68.73, 70.229, 70.709, 68.627, 70.398], [65.119, 76.233, 69.762, 68.155, 72.073], [66.678, 75.832, 68.479, 72.182, 71.205]]","[[67.781, 73.297, 74.234, 74.356, 70.976], [70.699, 69.368, 73.159, 75.292, 72.476], [68.73, 70.229, 70.709, 68.627, 70.398], [65.119, 76.233, 69.762, 68.155, 72.073], [66.678, 75.832, 68.479, 72.182, 71.205]]","[[67.781, 73.297, 74.234, 74.356, 70.976], [70.699, 69.368, 73.159, 75.292, 72.476], [68.73, 70.229, 70.709, 68.627, 70.398], [65.119, 76.233, 69.762, 68.155, 72.073], [66.678, 75.832, 68.479, 72.182, 71.205]]","[[78.0, 78.0, 78.0, 78.0, 78.0], [78.0, 78.0, 78.0, 78.0, 78.0], [78.0, 78.0, 78.0, 78.0, 78.0], [78.0, 78.0, 78.0, 77.992, 77.912], [78.0, 78.0, 78.0, 77.992, 77.933]]","[[78.0, 78.0, 78.0, 78.0, 78.0], [78.0, 78.0, 78.0, 78.0, 78.0], [78.0, 78.0, 78.0, 78.0, 78.0], [78.0, 78.0, 78.0, 77.992, 77.912], [78.0, 78.0, 78.0, 77.992, 77.933]]","[[78.0, 78.0, 78.0, 78.0, 78.0], [78.0, 78.0, 78.0, 78.0, 78.0], [78.0, 78.0, 78.0, 78.0, 78.0], [78.0, 78.0, 78.0, 77.992, 77.912], [78.0, 78.0, 78.0, 77.992, 77.933]]","[[0.878524, 0.868323, 0.85164, 0.85527, 0.861157], [0.873564, 0.862921, 0.84998, 0.832236, 0.827328], [0.860688, 0.847739, 0.840023, 0.823583, 0.828317], [0.85782, 0.834029, 0.825885, 0.857922, 0.860359], [0.867779, 0.832775, 0.82304, 0.865925, 0.867685]]","[[0.886137, 0.877315, 0.863991, 0.868254, 0.872167], [0.882629, 0.866789, 0.862647, 0.854564, 0.857419], [0.874471, 0.862476, 0.860766, 0.861504, 0.858333], [0.872814, 0.858382, 0.862179, 0.871036, 0.860359], [0.878155, 0.861021, 0.861437, 0.865925, 0.867685]]","[[0.886137, 0.876416, 0.860951, 0.853805, 0.856857], [0.878008, 0.864987, 0.854805, 0.850968, 0.852573], [0.867473, 0.852573, 0.856388, 0.856596, 0.858058], [0.858144, 0.854633, 0.861953, 0.860902, 0.860359], [0.855287, 0.856156, 0.859486, 0.865925, 0.867685]]","[[""q_scratch"", ""q_uniformity"", ""q_uniformity"", ""q_uniformity"", ""q_uniformity""], [""q_uniformity"", ""q_uniformity"", ""q_uniformity"", ""q_uniformity"", ""q_uniformity""], [""q_scratch"", ""q_uniformity"", ""q_uniformity"", ""q_uniformity"", ""q_uniformity""], [""q_scratch"", ""q_uniformity"", ""q_uniformity"", ""q_uniformity"", ""q_uniformity""], [""q_uniformity"", ""q_uniformity"", ""q_uniformity"", ""q_uniformity"", ""q_uniformity""]]","[[46.264, 45.83, 45.184, 44.967, 44.93], [45.942, 45.657, 45.388, 45.17, 45.214], [45.329, 45.288, 45.65, 46.03, 46.433], [44.88, 44.972, 45.887, 47.152, 47.207], [44.791, 44.919, 46.086, 47.319, 47.354]]","[[48.354, 48.043, 47.574, 47.238, 47.118], [48.062, 48.063, 47.838, 47.751, 47.744], [47.529, 47.725, 48.181, 48.608, 49.146], [47.048, 47.443, 48.426, 49.692, 50.0], [46.844, 47.327, 48.674, 50.0, 50.0]]","[[48.513, 48.23, 47.829, 47.5, 47.337], [48.25, 48.144, 48.103, 48.227, 48.39], [47.81, 48.034, 48.63, 49.464, 49.839], [47.346, 47.952, 49.236, 49.993, 50.0], [47.045, 47.914, 49.545, 50.0, 50.0]]"
finish_rule,95,0,1,continue,5.7779998779296875,5.777801513671875,5.6592116355896,6.926451683044434,0.0,5.945709068328142,0.0,0,47.7271492378064,67.2015999415376,0.18342291448486828,0.14780253593160378,2.0685165611155014,1.596978470288568,1.496440963022844,0.9849771021054172,41.54650086086805,40.52482118647719,1.0216796743908603,10.52482118647719,35.90276311019232,0.008118410924397511,0.03997714369232008,0.18053392242229116,0.6643152127190025,47.22005189992261,6.442315212719002,False,True,67.2015999415376,48.27763101160996,16,16,0,77.993135402125,77.91154132776596,0,0,0,16,0,0:0;0:1;0:3;0:4;1:3;1:4;2:1;2:2;2:3;2:4;3:0;3:3;3:4;4:0;4:3;4:4,0:0;0:1;0:3;0:4;1:3;1:4;2:1;2:2;2:3;2:4;3:0;3:3;3:4;4:0;4:3;4:4,,,0:0;0:1;0:3;0:4;1:3;1:4;2:1;2:2;2:3;2:4;3:0;3:3;3:4;4:0;4:3;4:4,,"{""q_ra"": 2, ""q_scratch"": 14, ""q_thermal"": 0, ""q_uniformity"": 0}","[[68.78, 68.108, 71.362, 69.68, 57.424], [76.473, 72.811, 74.578, 63.352, 59.767], [75.777, 69.094, 54.601, 60.672, 67.326], [60.655, 75.214, 72.067, 68.643, 68.435], [48.278, 75.842, 76.351, 59.869, 64.879]]","[[68.78, 68.108, 71.362, 69.68, 57.424], [76.473, 72.811, 74.578, 63.352, 59.767], [75.777, 69.094, 54.601, 60.672, 67.326], [60.655, 75.214, 72.067, 68.643, 68.435], [48.278, 75.842, 76.351, 59.869, 64.879]]","[[68.78, 68.108, 71.362, 69.68, 57.424], [76.473, 72.811, 74.578, 63.352, 59.767], [75.777, 69.094, 54.601, 60.672, 67.326], [60.655, 75.214, 72.067, 68.643, 68.435], [48.278, 75.842, 76.351, 59.869, 64.879]]","[[78.0, 78.0, 78.0, 78.0, 78.0], [78.0, 78.0, 78.0, 78.0, 78.0], [78.0, 78.0, 78.0, 78.0, 78.0], [78.0, 78.0, 78.0, 77.992, 77.912], [78.0, 78.0, 78.0, 77.992, 77.933]]","[[78.0, 78.0, 78.0, 78.0, 78.0], [78.0, 78.0, 78.0, 78.0, 78.0], [78.0, 78.0, 78.0, 78.0, 78.0], [78.0, 78.0, 78.0, 77.992, 77.912], [78.0, 78.0, 78.0, 77.992, 77.933]]","[[78.0, 78.0, 78.0, 78.0, 78.0], [78.0, 78.0, 78.0, 78.0, 78.0], [78.0, 78.0, 78.0, 78.0, 78.0], [78.0, 78.0, 78.0, 77.992, 77.912], [78.0, 78.0, 78.0, 77.992, 77.933]]","[[0.910141, 0.877587, 0.845121, 0.834408, 0.87952], [0.914924, 0.874295, 0.830353, 0.813995, 0.827075], [0.905776, 0.886427, 0.857254, 0.8546, 0.846285], [0.916677, 0.888904, 0.871712, 0.867778, 0.870333], [0.917673, 0.903126, 0.889784, 0.89412, 0.902905]]","[[0.931591, 0.924358, 0.910296, 0.896596, 0.911516], [0.936114, 0.915587, 0.894862, 0.885662, 0.881001], [0.923499, 0.915275, 0.906363, 0.913496, 0.896049], [0.929692, 0.904983, 0.899424, 0.900994, 0.900651], [0.924833, 0.913477, 0.902667, 0.906861, 0.913931]]","[[0.931591, 0.922206, 0.895369, 0.880202, 0.871688], [0.927641, 0.910558, 0.891026, 0.883976, 0.872078], [0.923499, 0.912673, 0.894095, 0.887566, 0.888095], [0.923389, 0.90357, 0.896517, 0.890092, 0.888002], [0.923698, 0.910728, 0.902667, 0.902696, 0.904075]]","[[""q_scratch"", ""q_scratch"", ""q_scratch"", ""q_scratch"", ""q_scratch""], [""q_uniformity"", ""q_scratch"", ""q_scratch"", ""q_scratch"", ""q_ra""], [""q_uniformity"", ""q_scratch"", ""q_scratch"", ""q_scratch"", ""q_scratch""], [""q_scratch"", ""q_uniformity"", ""q_scratch"", ""q_scratch"", ""q_scratch""], [""q_ra"", ""q_uniformity"", ""q_uniformity"", ""q_scratch"", ""q_scratch""]]","[[46.748, 45.08, 42.843, 41.015, 40.525], [46.642, 45.031, 42.934, 41.367, 40.731], [46.166, 45.213, 43.783, 42.844, 42.189], [46.045, 45.175, 44.326, 43.775, 43.551], [45.862, 45.337, 44.751, 44.558, 44.587]]","[[47.978, 46.314, 44.109, 42.285, 41.547], [47.777, 46.417, 44.453, 42.835, 42.181], [47.506, 46.622, 45.207, 44.06, 43.603], [47.259, 46.769, 45.928, 45.289, 45.046], [47.152, 46.79, 46.342, 46.053, 45.961]]","[[48.402, 47.183, 45.197, 43.201, 41.967], [48.189, 47.192, 45.576, 43.965, 42.975], [47.848, 47.162, 46.078, 45.029, 44.403], [47.504, 47.072, 46.435, 45.874, 45.57], [47.286, 46.982, 46.578, 46.282, 46.156]]"
finish_rule,95,0,2,success,6.442315101623535,5.475941181182861,5.324618339538574,6.702441692352295,-0.4999999701976776,7.999825291335583,0.6908990144729614,0,67.2015999415376,71.4238398334092,0.14780253593160378,0.15515463231880502,1.596978470288568,1.4125000206613894,0.9849771021054172,0.6159620192892308,40.52482118647719,39.62550564644701,0.8993155400301802,9.62550564644701,35.90276311019232,0.008118410924397511,0.0,0.16889765288005862,,,,True,True,71.4238398334092,62.402871794415134,9,9,0,77.993135402125,77.91154132776596,0,0,0,9,0,0:0;0:4;1:3;1:4;2:2;2:3;3:0;4:0;4:3,0:0;0:4;1:3;1:4;2:2;2:3;3:0;4:0;4:3,,,0:0;0:4;1:3;1:4;2:2;2:3;3:0;4:0;4:3,,"{""q_ra"": 0, ""q_scratch"": 4, ""q_thermal"": 0, ""q_uniformity"": 5}","[[69.243, 71.099, 73.157, 72.764, 67.534], [75.516, 74.16, 75.977, 68.097, 69.327], [75.097, 73.826, 65.369, 67.484, 71.619], [67.504, 75.716, 74.887, 71.857, 72.323], [62.403, 75.52, 76.16, 68.502, 70.458]]","[[69.243, 71.099, 73.157, 72.764, 67.534], [75.516, 74.16, 75.977, 68.097, 69.327], [75.097, 73.826, 65.369, 67.484, 71.619], [67.504, 75.716, 74.887, 71.857, 72.323], [62.403, 75.52, 76.16, 68.502, 70.458]]","[[69.243, 71.099, 73.157, 72.764, 67.534], [75.516, 74.16, 75.977, 68.097, 69.327], [75.097, 73.826, 65.369, 67.484, 71.619], [67.504, 75.716, 74.887, 71.857, 72.323], [62.403, 75.52, 76.16, 68.502, 70.458]]","[[78.0, 78.0, 78.0, 78.0, 78.0], [78.0, 78.0, 78.0, 78.0, 78.0], [78.0, 78.0, 78.0, 78.0, 78.0], [78.0, 78.0, 78.0, 77.992, 77.912], [78.0, 78.0, 78.0, 77.992, 77.933]]","[[78.0, 78.0, 78.0, 78.0, 78.0], [78.0, 78.0, 78.0, 78.0, 78.0], [78.0, 78.0, 78.0, 78.0, 78.0], [78.0, 78.0, 78.0, 77.992, 77.912], [78.0, 78.0, 78.0, 77.992, 77.933]]","[[78.0, 78.0, 78.0, 78.0, 78.0], [78.0, 78.0, 78.0, 78.0, 78.0], [78.0, 78.0, 78.0, 78.0, 78.0], [78.0, 78.0, 78.0, 77.992, 77.912], [78.0, 78.0, 78.0, 77.992, 77.933]]","[[0.863807, 0.825617, 0.784007, 0.762539, 0.804367], [0.866683, 0.819535, 0.769326, 0.746749, 0.747664], [0.854968, 0.831665, 0.796129, 0.790552, 0.777234], [0.86595, 0.832418, 0.812037, 0.807236, 0.804099], [0.863518, 0.847584, 0.829492, 0.833255, 0.84111]]","[[0.884165, 0.869618, 0.844469, 0.819371, 0.83363], [0.886755, 0.85824, 0.829094, 0.812496, 0.796412], [0.871696, 0.85873, 0.841737, 0.845034, 0.822938], [0.878245, 0.847475, 0.837852, 0.838134, 0.832109], [0.870255, 0.857298, 0.841503, 0.845128, 0.851382]]","[[0.884165, 0.867128, 0.829794, 0.804919, 0.790445], [0.87878, 0.853479, 0.825224, 0.812456, 0.79159], [0.871696, 0.856286, 0.830004, 0.819697, 0.819311], [0.871645, 0.846152, 0.834469, 0.82621, 0.819755], [0.86933, 0.854689, 0.841503, 0.841677, 0.839724]]","[[""q_scratch"", ""q_scratch"", ""q_uniformity"", ""q_uniformity"", ""q_uniformity""], [""q_uniformity"", ""q_scratch"", ""q_uniformity"", ""q_uniformity"", ""q_uniformity""], [""q_uniformity"", ""q_uniformity"", ""q_scratch"", ""q_uniformity"", ""q_uniformity""], [""q_scratch"", ""q_uniformity"", ""q_uniformity"", ""q_uniformity"", ""q_uniformity""], [""q_scratch"", ""q_uniformity"", ""q_uniformity"", ""q_uniformity"", ""q_uniformity""]]","[[45.896, 44.187, 41.914, 40.066, 39.626], [45.764, 44.089, 41.983, 40.428, 39.701], [45.26, 44.273, 42.8, 41.882, 41.194], [45.157, 44.211, 43.346, 42.814, 42.52], [44.926, 44.394, 43.752, 43.567, 43.589]]","[[47.978, 46.314, 44.109, 42.285, 41.547], [47.777, 46.417, 44.453, 42.835, 42.181], [47.506, 46.622, 45.207, 44.06, 43.603], [47.259, 46.769, 45.928, 45.289, 45.046], [47.152, 46.79, 46.342, 46.053, 45.961]]","[[48.402, 47.183, 45.197, 43.201, 41.967], [48.189, 47.192, 45.576, 43.965, 42.975], [47.848, 47.162, 46.078, 45.029, 44.403], [47.504, 47.072, 46.435, 45.874, 45.57], [47.286, 46.982, 46.578, 46.282, 46.156]]"
finish_rule,96,0,1,continue,5.7779998779296875,5.777801513671875,5.659211158752441,6.929375648498535,0.0,5.945709068328142,0.0,0,51.826843962314314,67.79147958898291,0.19901545598437048,0.16436608464676827,1.9138074868654704,1.6019170041250657,1.5976308399985093,1.1095269735642914,40.0,38.554212528164996,1.4457874718350041,8.554212528164996,35.9027862073978,0.00811851081345387,0.031550291585958436,0.25547508853755585,0.3704896446056472,25.654996601367262,6.148489644605647,False,True,67.79147958898291,48.77147537258999,11,11,0,77.99313519561746,77.91153657433328,0,0,0,11,0,0:2;0:3;0:4;1:0;1:1;1:2;1:3;2:1;2:2;2:3;3:2,0:2;0:3;0:4;1:0;1:1;1:2;1:3;2:1;2:2;2:3;3:2,,,0:2;0:3;0:4;1:0;1:1;1:2;1:3;2:1;2:2;2:3;3:2,,"{""q_ra"": 2, ""q_scratch"": 9, ""q_thermal"": 0, ""q_uniformity"": 0}","[[75.23, 72.539, 69.221, 66.016, 57.76], [48.771, 59.591, 60.824, 55.137, 70.485], [71.489, 63.394, 63.285, 61.918, 71.072], [75.474, 76.673, 66.933, 70.097, 71.576], [76.209, 76.037, 72.583, 70.243, 72.229]]","[[75.23, 72.539, 69.221, 66.016, 57.76], [48.771, 59.591, 60.824, 55.137, 70.485], [71.489, 63.394, 63.285, 61.918, 71.072], [75.474, 76.673, 66.933, 70.097, 71.576], [76.209, 76.037, 72.583, 70.243, 72.229]]","[[75.23, 72.539, 69.221, 66.016, 57.76], [48.771, 59.591, 60.824, 55.137, 70.485], [71.489, 63.394, 63.285, 61.918, 71.072], [75.474, 76.673, 66.933, 70.097, 71.576], [76.209, 76.037, 72.583, 70.243, 72.229]]","[[78.0, 78.0, 78.0, 78.0, 78.0], [78.0, 78.0, 78.0, 78.0, 78.0], [78.0, 78.0, 78.0, 78.0, 78.0], [78.0, 78.0, 78.0, 77.992, 77.912], [78.0, 78.0, 78.0, 77.992, 77.933]]","[[78.0, 78.0, 78.0, 78.0, 78.0], [78.0, 78.0, 78.0, 78.0, 78.0], [78.0, 78.0, 78.0, 78.0, 78.0], [78.0, 78.0, 78.0, 77.992, 77.912], [78.0, 78.0, 78.0, 77.992, 77.933]]","[[78.0, 78.0, 78.0, 78.0, 78.0], [78.0, 78.0, 78.0, 78.0, 78.0], [78.0, 78.0, 78.0, 78.0, 78.0], [78.0, 78.0, 78.0, 77.992, 77.912], [78.0, 78.0, 78.0, 77.992, 77.933]]","[[0.914228, 0.878985, 0.879497, 0.859028, 0.885402], [0.903352, 0.87503, 0.863803, 0.832071, 0.821951], [0.886038, 0.864944, 0.816437, 0.789776, 0.800856], [0.87175, 0.856159, 0.816188, 0.788106, 0.800259], [0.881425, 0.847239, 0.825578, 0.819427, 0.850899]]","[[0.928512, 0.911796, 0.921839, 0.900264, 0.921682], [0.91542, 0.902865, 0.908386, 0.888119, 0.884528], [0.892019, 0.8916, 0.866793, 0.857466, 0.873413], [0.882759, 0.887453, 0.869923, 0.851935, 0.856279], [0.898784, 0.880819, 0.873141, 0.865641, 0.855421]]","[[0.911133, 0.906491, 0.900904, 0.898934, 0.907459], [0.903513, 0.891025, 0.887225, 0.881238, 0.884528], [0.892019, 0.884885, 0.86583, 0.857043, 0.860577], [0.881743, 0.87405, 0.863188, 0.84455, 0.848], [0.896541, 0.878062, 0.863822, 0.848812, 0.850724]]","[[""q_uniformity"", ""q_scratch"", ""q_scratch"", ""q_scratch"", ""q_scratch""], [""q_ra"", ""q_scratch"", ""q_scratch"", ""q_ra"", ""q_scratch""], [""q_scratch"", ""q_scratch"", ""q_scratch"", ""q_scratch"", ""q_scratch""], [""q_uniformity"", ""q_uniformity"", ""q_scratch"", ""q_scratch"", ""q_scratch""], [""q_uniformity"", ""q_uniformity"", ""q_scratch"", ""q_scratch"", ""q_scratch""]]","[[42.684, 42.759, 43.594, 43.995, 44.837], [42.27, 42.204, 42.488, 42.378, 42.406], [41.841, 41.507, 40.737, 40.217, 40.228], [41.715, 41.115, 39.97, 38.994, 38.718], [42.006, 40.96, 39.754, 38.745, 38.554]]","[[43.661, 43.993, 44.747, 45.545, 46.098], [43.403, 43.517, 43.747, 43.938, 44.026], [43.274, 42.905, 42.387, 41.915, 41.711], [43.271, 42.525, 41.461, 40.557, 40.182], [43.358, 42.443, 41.171, 40.102, 40.0]]","[[43.875, 44.516, 45.457, 46.292, 46.758], [43.582, 43.947, 44.457, 44.877, 45.094], [43.364, 43.303, 43.151, 42.936, 42.772], [43.438, 42.982, 42.215, 41.412, 40.895], [43.621, 42.936, 41.815, 40.672, 40.053]]"
finish_rule,96,0,2,success,6.148489475250244,5.226390361785889,5.081795692443848,6.454268455505371,-0.4999999701976776,7.999825291335583,0.6908990144729614,0,67.79147958898291,71.8173216187791,0.16436608464676827,0.1671710453315901,1.6019170041250657,1.4502253510577767,1.1095269735642914,0.73092312770292,38.554212528164996,37.59394867967881,0.9602638484861856,7.59394867967881,35.9027862073978,0.00811851081345387,0.0,0.18896152198995478,,,,True,True,71.8173216187791,59.318508136428676,8,8,0,77.99313519561746,77.91153657433328,0,0,0,8,0,0:4;1:0;1:1;1:2;1:3;2:1;2:2;2:3,0:4;1:0;1:1;1:2;1:3;2:1;2:2;2:3,,,0:4;1:0;1:1;1:2;1:3;2:1;2:2;2:3,,"{""q_ra"": 0, ""q_scratch"": 3, ""q_thermal"": 0, ""q_uniformity"": 5}","[[73.493, 75.278, 72.847, 70.275, 68.042], [59.319, 67.763, 68.325, 67.685, 74.229], [73.082, 67.663, 69.923, 69.029, 74.269], [75.221, 76.515, 71.404, 73.842, 73.812], [75.774, 75.951, 73.623, 74.011, 74.061]]","[[73.493, 75.278, 72.847, 70.275, 68.042], [59.319, 67.763, 68.325, 67.685, 74.229], [73.082, 67.663, 69.923, 69.029, 74.269], [75.221, 76.515, 71.404, 73.842, 73.812], [75.774, 75.951, 73.623, 74.011, 74.061]]","[[73.493, 75.278, 72.847, 70.275, 68.042], [59.319, 67.763, 68.325, 67.685, 74.229], [73.082, 67.663, 69.923, 69.029, 74.269], [75.221, 76.515, 71.404, 73.842, 73.812], [75.774, 75.951, 73.623, 74.011, 74.061]]","[[78.0, 78.0, 78.0, 78.0, 78.0], [78.0, 78.0, 78.0, 78.0, 78.0], [78.0, 78.0, 78.0, 78.0, 78.0], [78.0, 78.0, 78.0, 77.992, 77.912], [78.0, 78.0, 78.0, 77.992, 77.933]]","[[78.0, 78.0, 78.0, 78.0, 78.0], [78.0, 78.0, 78.0, 78.0, 78.0], [78.0, 78.0, 78.0, 78.0, 78.0], [78.0, 78.0, 78.0, 77.992, 77.912], [78.0, 78.0, 78.0, 77.992, 77.933]]","[[78.0, 78.0, 78.0, 78.0, 78.0], [78.0, 78.0, 78.0, 78.0, 78.0], [78.0, 78.0, 78.0, 78.0, 78.0], [78.0, 78.0, 78.0, 77.992, 77.912], [78.0, 78.0, 78.0, 77.992, 77.933]]","[[0.856413, 0.822877, 0.823213, 0.801799, 0.82902], [0.84131, 0.811463, 0.799557, 0.76797, 0.758768], [0.819764, 0.799086, 0.743804, 0.714321, 0.725098], [0.804263, 0.788742, 0.739023, 0.703212, 0.710863], [0.815614, 0.777111, 0.743357, 0.730204, 0.75538]]","[[0.869793, 0.853594, 0.862845, 0.840287, 0.862989], [0.852549, 0.837276, 0.840824, 0.8197, 0.816535], [0.825297, 0.823712, 0.78968, 0.775544, 0.790792], [0.814419, 0.817573, 0.787678, 0.760165, 0.760625], [0.831677, 0.807912, 0.786183, 0.771387, 0.759395]]","[[0.852796, 0.846817, 0.840944, 0.838981, 0.849672], [0.84135, 0.82571, 0.82148, 0.813571, 0.816535], [0.825297, 0.81712, 0.788515, 0.775182, 0.77917], [0.813452, 0.804311, 0.781678, 0.753806, 0.757685], [0.829602, 0.805768, 0.781091, 0.758777, 0.755575]]","[[""q_uniformity"", ""q_uniformity"", ""q_uniformity"", ""q_uniformity"", ""q_uniformity""], [""q_scratch"", ""q_scratch"", ""q_uniformity"", ""q_uniformity"", ""q_uniformity""], [""q_uniformity"", ""q_scratch"", ""q_uniformity"", ""q_uniformity"", ""q_uniformity""], [""q_uniformity"", ""q_uniformity"", ""q_uniformity"", ""q_uniformity"", ""q_uniformity""], [""q_uniformity"", ""q_uniformity"", ""q_uniformity"", ""q_uniformity"", ""q_uniformity""]]","[[41.882, 41.945, 42.724, 43.063, 43.893], [41.427, 41.317, 41.559, 41.425, 41.452], [40.955, 40.63, 39.782, 39.241, 39.261], [40.808, 40.24, 39.028, 38.025, 37.745], [41.11, 40.053, 38.783, 37.793, 37.594]]","[[43.661, 43.993, 44.747, 45.545, 46.098], [43.403, 43.517, 43.747, 43.938, 44.026], [43.274, 42.905, 42.387, 41.915, 41.711], [43.271, 42.525, 41.461, 40.557, 40.182], [43.358, 42.443, 41.171, 40.102, 40.0]]","[[43.875, 44.516, 45.457, 46.292, 46.758], [43.582, 43.947, 44.457, 44.877, 45.094], [43.364, 43.303, 43.151, 42.936, 42.772], [43.438, 42.982, 42.215, 41.412, 40.895], [43.621, 42.936, 41.815, 40.672, 40.053]]"
finish_rule,99,0,1,continue,5.7779998779296875,5.777801513671875,5.659209728240967,6.9276838302612305,0.0,5.945709068328142,0.0,0,58.15783318530069,67.78155907007114,0.15918740136266069,0.13217202684267867,2.344626551130312,2.0458464746800527,1.914255329506168,1.311698743120151,43.611398027392475,42.57443134118619,1.0369666862062843,12.574431341186191,35.902849926154694,0.008117871805722229,0.031692013284698006,0.18323524590925547,0.5188741902918558,57.70959232604747,6.296874190291855,False,True,67.78155907007114,44.085184630804676,11,11,0,77.99313594448658,77.91154891430878,0,0,0,11,0,0:0;0:1;0:2;1:0;1:1;1:2;2:0;2:1;3:0;4:0;4:1,0:0;0:1;0:2;1:0;1:1;1:2;2:0;2:1;3:0;4:0;4:1,,,0:0;0:1;0:2;1:0;1:1;1:2;2:0;2:1;3:0;4:0;4:1,,"{""q_ra"": 2, ""q_scratch"": 9, ""q_thermal"": 0, ""q_uniformity"": 0}","[[63.904, 59.332, 44.085, 72.036, 76.063], [66.965, 53.377, 49.25, 77.092, 76.538], [60.317, 52.452, 72.524, 77.14, 76.427], [65.507, 76.811, 76.541, 76.805, 75.889], [52.174, 65.201, 76.136, 76.623, 75.349]]","[[63.904, 59.332, 44.085, 72.036, 76.063], [66.965, 53.377, 49.25, 77.092, 76.538], [60.317, 52.452, 72.524, 77.14, 76.427], [65.507, 76.811, 76.541, 76.805, 75.889], [52.174, 65.201, 76.136, 76.623, 75.349]]","[[63.904, 59.332, 44.085, 72.036, 76.063], [66.965, 53.377, 49.25, 77.092, 76.538], [60.317, 52.452, 72.524, 77.14, 76.427], [65.507, 76.811, 76.541, 76.805, 75.889], [52.174, 65.201, 76.136, 76.623, 75.349]]","[[78.0, 78.0, 78.0, 78.0, 78.0], [78.0, 78.0, 78.0, 78.0, 78.0], [78.0, 78.0, 78.0, 78.0, 78.0], [78.0, 78.0, 78.0, 77.992, 77.912], [78.0, 78.0, 78.0, 77.992, 77.933]]","[[78.0, 78.0, 78.0, 78.0, 78.0], [78.0, 78.0, 78.0, 78.0, 78.0], [78.0, 78.0, 78.0, 78.0, 78.0], [78.0, 78.0, 78.0, 77.992, 77.912], [78.0, 78.0, 78.0, 77.992, 77.933]]","[[78.0, 78.0, 78.0, 78.0, 78.0], [78.0, 78.0, 78.0, 78.0, 78.0], [78.0, 78.0, 78.0, 78.0, 78.0], [78.0, 78.0, 78.0, 77.992, 77.912], [78.0, 78.0, 78.0, 77.992, 77.933]]","[[0.918177, 0.912657, 0.907638, 0.905468, 0.911305], [0.901176, 0.896855, 0.903929, 0.885428, 0.883787], [0.897973, 0.869242, 0.882336, 0.864797, 0.869279], [0.894538, 0.857015, 0.858376, 0.857316, 0.881127], [0.905205, 0.864783, 0.853999, 0.868178, 0.916296]]","[[0.928723, 0.917964, 0.911051, 0.911743, 0.920889], [0.923913, 0.917607, 0.916037, 0.91007, 0.914051], [0.928362, 0.905307, 0.911057, 0.907519, 0.911653], [0.922905, 0.902341, 0.903282, 0.910523, 0.919099], [0.923816, 0.911253, 0.909433, 0.920075, 0.916296]]","[[0.926902, 0.917931, 0.906861, 0.906864, 0.910112], [0.91962, 0.909707, 0.905931, 0.903496, 0.911937], [0.907607, 0.903172, 0.906046, 0.903524, 0.911653], [0.903152, 0.893804, 0.90305, 0.907173, 0.915048], [0.90185, 0.900321, 0.908877, 0.91751, 0.916296]]","[[""q_scratch"", ""q_scratch"", ""q_ra"", ""q_scratch"", ""q_uniformity""], [""q_scratch"", ""q_scratch"", ""q_scratch"", ""q_uniformity"", ""q_uniformity""], [""q_scratch"", ""q_scratch"", ""q_scratch"", ""q_uniformity"", ""q_uniformity""], [""q_scratch"", ""q_uniformity"", ""q_uniformity"", ""q_uniformity"", ""q_uniformity""], [""q_ra"", ""q_scratch"", ""q_uniformity"", ""q_uniformity"", ""q_uniformity""]]","[[45.013, 44.808, 44.646, 44.655, 44.839], [44.271, 44.314, 44.717, 44.828, 45.116], [43.509, 43.533, 44.602, 45.294, 46.047], [42.801, 43.054, 44.477, 46.003, 47.402], [42.574, 43.019, 44.594, 46.737, 48.326]]","[[46.165, 46.131, 46.076, 46.073, 46.113], [45.446, 45.599, 46.066, 46.293, 46.538], [44.551, 44.948, 46.028, 46.852, 47.602], [43.871, 44.466, 46.027, 47.575, 48.934], [43.611, 44.287, 46.048, 48.191, 50.0]]","[[46.351, 46.225, 46.136, 46.185, 46.283], [45.836, 45.96, 46.282, 46.747, 47.104], [45.044, 45.568, 46.549, 47.685, 48.46], [44.31, 45.231, 46.866, 48.666, 49.75], [43.891, 45.055, 47.089, 49.278, 50.0]]"
finish_rule,99,0,2,success,6.296874046325684,5.352344036102295,5.20442533493042,6.577284812927246,-0.4999999701976776,7.999825291335583,0.6908990144729614,0,67.78155907007114,71.72363189684219,0.13217202684267867,0.14691626370404662,2.0458464746800527,1.8806018682894354,1.311698743120151,0.925383715215327,42.57443134118619,41.68846093085434,0.8859704103318506,11.68846093085434,35.902849926154694,0.008117871805722229,0.0,0.1702340514687575,,,,True,True,71.72363189684219,55.50875991406434,8,8,0,77.99313594448658,77.91154891430878,0,0,0,8,0,0:0;0:1;0:2;1:1;1:2;2:0;2:1;4:0,0:0;0:1;0:2;1:1;1:2;2:0;2:1;4:0,,,0:0;0:1;0:2;1:1;1:2;2:0;2:1;4:0,,"{""q_ra"": 1, ""q_scratch"": 5, ""q_thermal"": 0, ""q_uniformity"": 2}","[[67.896, 68.42, 55.509, 76.074, 75.264], [71.656, 64.108, 59.497, 76.884, 76.269], [69.453, 61.727, 75.771, 77.038, 76.192], [71.795, 76.495, 76.162, 76.645, 75.645], [67.222, 70.407, 75.88, 76.503, 74.578]]","[[67.896, 68.42, 55.509, 76.074, 75.264], [71.656, 64.108, 59.497, 76.884, 76.269], [69.453, 61.727, 75.771, 77.038, 76.192], [71.795, 76.495, 76.162, 76.645, 75.645], [67.222, 70.407, 75.88, 76.503, 74.578]]","[[67.896, 68.42, 55.509, 76.074, 75.264], [71.656, 64.108, 59.497, 76.884, 76.269], [69.453, 61.727, 75.771, 77.038, 76.192], [71.795, 76.495, 76.162, 76.645, 75.645], [67.222, 70.407, 75.88, 76.503, 74.578]]","[[78.0, 78.0, 78.0, 78.0, 78.0], [78.0, 78.0, 78.0, 78.0, 78.0], [78.0, 78.0, 78.0, 78.0, 78.0], [78.0, 78.0, 78.0, 77.992, 77.912], [78.0, 78.0, 78.0, 77.992, 77.933]]","[[78.0, 78.0, 78.0, 78.0, 78.0], [78.0, 78.0, 78.0, 78.0, 78.0], [78.0, 78.0, 78.0, 78.0, 78.0], [78.0, 78.0, 78.0, 77.992, 77.912], [78.0, 78.0, 78.0, 77.992, 77.933]]","[[78.0, 78.0, 78.0, 78.0, 78.0], [78.0, 78.0, 78.0, 78.0, 78.0], [78.0, 78.0, 78.0, 78.0, 78.0], [78.0, 78.0, 78.0, 77.992, 77.912], [78.0, 78.0, 78.0, 77.992, 77.933]]","[[0.869452, 0.858645, 0.847438, 0.845647, 0.854269], [0.848135, 0.842676, 0.845606, 0.829246, 0.829126], [0.839747, 0.812303, 0.82783, 0.810246, 0.817328], [0.833543, 0.798447, 0.80318, 0.805227, 0.832304], [0.841426, 0.805227, 0.797984, 0.818326, 0.866598]]","[[0.879439, 0.863638, 0.850624, 0.851507, 0.863253], [0.869535, 0.862174, 0.856934, 0.852323, 0.857519], [0.868165, 0.846005, 0.854777, 0.850273, 0.857169], [0.859976, 0.840675, 0.845197, 0.855201, 0.868172], [0.858726, 0.848496, 0.849782, 0.867243, 0.866598]]","[[0.87705, 0.863606, 0.846823, 0.847214, 0.8522], [0.865687, 0.853212, 0.847208, 0.8449, 0.855322], [0.848568, 0.843856, 0.848031, 0.847402, 0.857169], [0.840121, 0.832733, 0.844966, 0.85187, 0.864283], [0.838336, 0.838943, 0.849153, 0.864145, 0.866598]]","[[""q_scratch"", ""q_uniformity"", ""q_ra"", ""q_uniformity"", ""q_uniformity""], [""q_scratch"", ""q_scratch"", ""q_scratch"", ""q_uniformity"", ""q_uniformity""], [""q_scratch"", ""q_scratch"", ""q_uniformity"", ""q_uniformity"", ""q_uniformity""], [""q_scratch"", ""q_uniformity"", ""q_uniformity"", ""q_uniformity"", ""q_uniformity""], [""q_uniformity"", ""q_uniformity"", ""q_uniformity"", ""q_uniformity"", ""q_uniformity""]]","[[44.216, 43.932, 43.674, 43.687, 43.91], [43.431, 43.449, 43.768, 43.887, 44.181], [42.633, 42.646, 43.7, 44.329, 45.088], [41.928, 42.161, 43.546, 45.03, 46.438], [41.688, 42.122, 43.637, 45.776, 47.332]]","[[46.165, 46.131, 46.076, 46.073, 46.113], [45.446, 45.599, 46.066, 46.293, 46.538], [44.551, 44.948, 46.028, 46.852, 47.602], [43.871, 44.466, 46.027, 47.575, 48.934], [43.611, 44.287, 46.048, 48.191, 50.0]]","[[46.351, 46.225, 46.136, 46.185, 46.283], [45.836, 45.96, 46.282, 46.747, 47.104], [45.044, 45.568, 46.549, 47.685, 48.46], [44.31, 45.231, 46.866, 48.666, 49.75], [43.891, 45.055, 47.089, 49.278, 50.0]]"
finish_rule,0,0,1,continue,5.7779998779296875,5.777801513671875,5.659209728240967,6.9276838302612305,0.0,5.945709068328142,0.0,0,44.05445542080665,60.18178042388318,0.24843911861113557,0.1847416186020857,2.2405000130120296,1.9636401817011941,1.8293398482433674,1.4203657500605082,40.0,38.2689040664544,1.7310959335456033,8.268904066454397,35.902849926154694,0.008117871805722229,0.1402602796588117,0.30589004766990213,1.3755950616298442,20.493978520083843,7.153595061629844,False,True,60.18178042388318,40.47926572121325,20,20,0,77.99313594448658,77.91154891430878,0,0,0,20,0,0:0;0:1;0:2;0:3;1:0;1:1;1:2;1:3;1:4;2:0;2:1;2:4;3:0;3:1;3:2;3:3;3:4;4:2;4:3;4:4,0:0;0:1;0:2;0:3;1:0;1:1;1:2;1:3;1:4;2:0;2:1;2:4;3:0;3:1;3:2;3:3;3:4;4:2;4:3;4:4,,,0:0;0:1;0:2;0:3;1:0;1:1;1:2;1:3;1:4;2:0;2:1;2:4;3:0;3:1;3:2;3:3;3:4;4:2;4:3;4:4,,"{""q_ra"": 7, ""q_scratch"": 13, ""q_thermal"": 0, ""q_uniformity"": 0}","[[40.479, 51.645, 55.959, 57.855, 75.358], [47.742, 49.755, 59.039, 49.016, 65.117], [52.086, 46.357, 70.755, 70.609, 50.824], [67.389, 61.079, 64.778, 69.679, 60.996], [75.816, 76.23, 69.596, 51.417, 64.968]]","[[40.479, 51.645, 55.959, 57.855, 75.358], [47.742, 49.755, 59.039, 49.016, 65.117], [52.086, 46.357, 70.755, 70.609, 50.824], [67.389, 61.079, 64.778, 69.679, 60.996], [75.816, 76.23, 69.596, 51.417, 64.968]]","[[40.479, 51.645, 55.959, 57.855, 75.358], [47.742, 49.755, 59.039, 49.016, 65.117], [52.086, 46.357, 70.755, 70.609, 50.824], [67.389, 61.079, 64.778, 69.679, 60.996], [75.816, 76.23, 69.596, 51.417, 64.968]]","[[78.0, 78.0, 78.0, 78.0, 78.0], [78.0, 78.0, 78.0, 78.0, 78.0], [78.0, 78.0, 78.0, 78.0, 78.0], [78.0, 78.0, 78.0, 77.992, 77.912], [78.0, 78.0, 78.0, 77.992, 77.933]]","[[78.0, 78.0, 78.0, 78.0, 78.0], [78.0, 78.0, 78.0, 78.0, 78.0], [78.0, 78.0, 78.0, 78.0, 78.0], [78.0, 78.0, 78.0, 77.992, 77.912], [78.0, 78.0, 78.0, 77.992, 77.933]]","[[78.0, 78.0, 78.0, 78.0, 78.0], [78.0, 78.0, 78.0, 78.0, 78.0], [78.0, 78.0, 78.0, 78.0, 78.0], [78.0, 78.0, 78.0, 77.992, 77.912], [78.0, 78.0, 78.0, 77.992, 77.933]]","[[0.896621, 0.860444, 0.847323, 0.848779, 0.848858], [0.862514, 0.8463, 0.830784, 0.831752, 0.830068], [0.857335, 0.846799, 0.842842, 0.831027, 0.831979], [0.853403, 0.84489, 0.82689, 0.833391, 0.835413], [0.863618, 0.853327, 0.852128, 0.839809, 0.841082]]","[[0.896621, 0.860444, 0.847323, 0.848779, 0.848858], [0.862514, 0.8463, 0.830784, 0.831752, 0.830068], [0.857335, 0.846799, 0.842842, 0.831027, 0.831979], [0.853403, 0.84489, 0.82689, 0.833391, 0.835413], [0.863618, 0.853327, 0.852128, 0.839809, 0.841082]]","[[0.896621, 0.860444, 0.847323, 0.848779, 0.848858], [0.862514, 0.8463, 0.830784, 0.831752, 0.830068], [0.857335, 0.846799, 0.842842, 0.831027, 0.831979], [0.853403, 0.84489, 0.82689, 0.833391, 0.835413], [0.863618, 0.853327, 0.852128, 0.839809, 0.841082]]","[[""q_ra"", ""q_scratch"", ""q_scratch"", ""q_scratch"", ""q_uniformity""], [""q_ra"", ""q_ra"", ""q_scratch"", ""q_ra"", ""q_scratch""], [""q_scratch"", ""q_ra"", ""q_scratch"", ""q_scratch"", ""q_ra""], [""q_scratch"", ""q_scratch"", ""q_scratch"", ""q_scratch"", ""q_scratch""], [""q_uniformity"", ""q_uniformity"", ""q_scratch"", ""q_ra"", ""q_scratch""]]","[[38.966, 38.604, 38.473, 38.488, 38.489], [38.625, 38.463, 38.308, 38.318, 38.301], [38.573, 38.468, 38.428, 38.31, 38.32], [38.534, 38.449, 38.269, 38.334, 38.354], [38.636, 38.533, 38.521, 38.398, 38.411]]","[[40.0, 40.0, 40.0, 40.0, 40.0], [40.0, 40.0, 40.0, 40.0, 40.0], [40.0, 40.0, 40.0, 40.0, 40.0], [40.0, 40.0, 40.0, 40.0, 40.0], [40.0, 40.0, 40.0, 40.0, 40.0]]","[[40.0, 40.0, 40.0, 40.0, 40.0], [40.0, 40.0, 40.0, 40.0, 40.0], [40.0, 40.0, 40.0, 40.0, 40.0], [40.0, 40.0, 40.0, 40.0, 40.0], [40.0, 40.0, 40.0, 40.0, 40.0]]"
finish_rule,0,0,2,continue,7.153594970703125,6.080260753631592,5.912421703338623,7.308744430541992,-0.4999999701976776,7.999825291335583,0.6908990144729614,0,60.18178042388318,68.00926313222799,0.1847416186020857,0.18187623925679014,1.9636401817011941,1.8181462594447335,1.4203657500605082,0.9943392411477006,38.2689040664544,37.1097251354755,1.1591789309788965,7.1097251354755,35.902849926154694,0.008117871805722229,0.028439098111028776,0.196058229460245,0.43516303583872884,26.062283381537963,6.213163035838728,False,True,68.00926313222799,48.93036478749391,14,14,0,77.99313594448658,77.91154891430878,0,0,0,14,0,0:0;0:1;0:2;0:3;1:0;1:1;1:2;1:3;2:0;2:1;2:4;3:1;3:4;4:3,0:0;0:1;0:2;0:3;1:0;1:1;1:2;1:3;2:0;2:1;2:4;3:1;3:4;4:3,,,0:0;0:1;0:2;0:3;1:0;1:1;1:2;1:3;2:0;2:1;2:4;3:1;3:4;4:3,,"{""q_ra"": 2, ""q_scratch"": 6, ""q_thermal"": 0, ""q_uniformity"": 6}","[[48.93, 63.264, 67.428, 67.08, 74.051], [58.435, 62.876, 68.262, 62.904, 70.255], [65.753, 58.269, 74.492, 74.441, 66.131], [73.131, 67.53, 70.231, 74.644, 69.212], [75.066, 75.98, 74.693, 66.926, 70.249]]","[[48.93, 63.264, 67.428, 67.08, 74.051], [58.435, 62.876, 68.262, 62.904, 70.255], [65.753, 58.269, 74.492, 74.441, 66.131], [73.131, 67.53, 70.231, 74.644, 69.212], [75.066, 75.98, 74.693, 66.926, 70.249]]","[[48.93, 63.264, 67.428, 67.08, 74.051], [58.435, 62.876, 68.262, 62.904, 70.255], [65.753, 58.269, 74.492, 74.441, 66.131], [73.131, 67.53, 70.231, 74.644, 69.212], [75.066, 75.98, 74.693, 66.926, 70.249]]","[[78.0, 78.0, 78.0, 78.0, 78.0], [78.0, 78.0, 78.0, 78.0, 78.0], [78.0, 78.0, 78.0, 78.0, 78.0], [78.0, 78.0, 78.0, 77.992, 77.912], [78.0, 78.0, 78.0, 77.992, 77.933]]","[[78.0, 78.0, 78.0, 78.0, 78.0], [78.0, 78.0, 78.0, 78.0, 78.0], [78.0, 78.0, 78.0, 78.0, 78.0], [78.0, 78.0, 78.0, 77.992, 77.912], [78.0, 78.0, 78.0, 77.992, 77.933]]","[[78.0, 78.0, 78.0, 78.0, 78.0], [78.0, 78.0, 78.0, 78.0, 78.0], [78.0, 78.0, 78.0, 78.0, 78.0], [78.0, 78.0, 78.0, 77.992, 77.912], [78.0, 78.0, 78.0, 77.992, 77.933]]","[[0.811321, 0.755732, 0.736319, 0.736321, 0.736238], [0.761759, 0.73908, 0.714077, 0.715162, 0.712243], [0.753994, 0.73943, 0.731718, 0.713946, 0.714996], [0.748755, 0.738799, 0.710973, 0.720067, 0.720512], [0.758258, 0.745689, 0.744929, 0.725371, 0.726822]]","[[0.811321, 0.755732, 0.736319, 0.736321, 0.736238], [0.761759, 0.73908, 0.714077, 0.715162, 0.712243], [0.753994, 0.73943, 0.731718, 0.713946, 0.714996], [0.748755, 0.738799, 0.710973, 0.720067, 0.720512], [0.758258, 0.745689, 0.744929, 0.725371, 0.726822]]","[[0.811321, 0.755732, 0.736319, 0.736321, 0.736238], [0.761759, 0.73908, 0.714077, 0.715162, 0.712243], [0.753994, 0.73943, 0.731718, 0.713946, 0.714996], [0.748755, 0.738799, 0.710973, 0.720067, 0.720512], [0.758258, 0.745689, 0.744929, 0.725371, 0.726822]]","[[""q_ra"", ""q_scratch"", ""q_uniformity"", ""q_scratch"", ""q_uniformity""], [""q_ra"", ""q_scratch"", ""q_uniformity"", ""q_uniformity"", ""q_scratch""], [""q_scratch"", ""q_scratch"", ""q_uniformity"", ""q_uniformity"", ""q_uniformity""], [""q_scratch"", ""q_scratch"", ""q_scratch"", ""q_uniformity"", ""q_uniformity""], [""q_uniformity"", ""q_uniformity"", ""q_uniformity"", ""q_uniformity"", ""q_uniformity""]]","[[38.113, 37.557, 37.363, 37.363, 37.362], [37.618, 37.391, 37.141, 37.152, 37.122], [37.54, 37.394, 37.317, 37.139, 37.15], [37.488, 37.388, 37.11, 37.201, 37.205], [37.583, 37.457, 37.449, 37.254, 37.268]]","[[40.0, 40.0, 40.0, 40.0, 40.0], [40.0, 40.0, 40.0, 40.0, 40.0], [40.0, 40.0, 40.0, 40.0, 40.0], [40.0, 40.0, 40.0, 40.0, 40.0], [40.0, 40.0, 40.0, 40.0, 40.0]]","[[40.0, 40.0, 40.0, 40.0, 40.0], [40.0, 40.0, 40.0, 40.0, 40.0], [40.0, 40.0, 40.0, 40.0, 40.0], [40.0, 40.0, 40.0, 40.0, 40.0], [40.0, 40.0, 40.0, 40.0, 40.0]]"
finish_rule,0,0,3,success,6.213162899017334,4.349369049072266,4.229082107543945,5.574455738067627,-0.9999999403953552,7.999825291335583,0.6908990144729614,0,68.00926313222799,70.30699609853808,0.18187623925679014,0.18272259284655742,1.8181462594447335,1.7106972157355314,0.9943392411477006,0.792882614383005,37.1097251354755,36.363751085204186,0.7459740502713146,6.363751085204186,35.902849926154694,0.008117871805722229,0.0,0.17639147959332047,,,,True,True,70.30699609853808,53.1755404490033,11,11,0,77.99313594448658,77.91154891430878,0,0,0,11,0,0:0;0:1;0:2;0:3;1:0;1:1;1:3;2:0;2:1;2:4;4:3,0:0;0:1;0:2;0:3;1:0;1:1;1:3;2:0;2:1;2:4;4:3,,,0:0;0:1;0:2;0:3;1:0;1:1;1:3;2:0;2:1;2:4;4:3,,"{""q_ra"": 1, ""q_scratch"": 0, ""q_thermal"": 0, ""q_uniformity"": 10}","[[53.176, 67.142, 69.302, 68.944, 73.428], [65.392, 67.002, 70.135, 66.778, 72.538], [68.055, 65.442, 75.483, 75.447, 68.185], [74.758, 70.734, 72.312, 75.761, 71.117], [74.65, 75.984, 75.761, 68.678, 71.469]]","[[53.176, 67.142, 69.302, 68.944, 73.428], [65.392, 67.002, 70.135, 66.778, 72.538], [68.055, 65.442, 75.483, 75.447, 68.185], [74.758, 70.734, 72.312, 75.761, 71.117], [74.65, 75.984, 75.761, 68.678, 71.469]]","[[53.176, 67.142, 69.302, 68.944, 73.428], [65.392, 67.002, 70.135, 66.778, 72.538], [68.055, 65.442, 75.483, 75.447, 68.185], [74.758, 70.734, 72.312, 75.761, 71.117], [74.65, 75.984, 75.761, 68.678, 71.469]]","[[78.0, 78.0, 78.0, 78.0, 78.0], [78.0, 78.0, 78.0, 78.0, 78.0], [78.0, 78.0, 78.0, 78.0, 78.0], [78.0, 78.0, 78.0, 77.992, 77.912], [78.0, 78.0, 78.0, 77.992, 77.933]]","[[78.0, 78.0, 78.0, 78.0, 78.0], [78.0, 78.0, 78.0, 78.0, 78.0], [78.0, 78.0, 78.0, 78.0, 78.0], [78.0, 78.0, 78.0, 77.992, 77.912], [78.0, 78.0, 78.0, 77.992, 77.933]]","[[78.0, 78.0, 78.0, 78.0, 78.0], [78.0, 78.0, 78.0, 78.0, 78.0], [78.0, 78.0, 78.0, 78.0, 78.0], [78.0, 78.0, 78.0, 77.992, 77.912], [78.0, 78.0, 78.0, 77.992, 77.933]]","[[0.749066, 0.682613, 0.661857, 0.660009, 0.660686], [0.689763, 0.665298, 0.63864, 0.639944, 0.636492], [0.680791, 0.66599, 0.657237, 0.638932, 0.63979], [0.674549, 0.664714, 0.636375, 0.646735, 0.64616], [0.682719, 0.66994, 0.671487, 0.650034, 0.651336]]","[[0.749066, 0.682613, 0.661857, 0.660009, 0.660686], [0.689763, 0.665298, 0.63864, 0.639944, 0.636492], [0.680791, 0.66599, 0.657237, 0.638932, 0.63979], [0.674549, 0.664714, 0.636375, 0.646735, 0.64616], [0.682719, 0.66994, 0.671487, 0.650034, 0.651336]]","[[0.749066, 0.682613, 0.661857, 0.660009, 0.660686], [0.689763, 0.665298, 0.63864, 0.639944, 0.636492], [0.680791, 0.66599, 0.657237, 0.638932, 0.63979], [0.674549, 0.664714, 0.636375, 0.646735, 0.64616], [0.682719, 0.66994, 0.671487, 0.650034, 0.651336]]","[[""q_ra"", ""q_uniformity"", ""q_uniformity"", ""q_uniformity"", ""q_uniformity""], [""q_uniformity"", ""q_uniformity"", ""q_uniformity"", ""q_uniformity"", ""q_uniformity""], [""q_uniformity"", ""q_uniformity"", ""q_uniformity"", ""q_uniformity"", ""q_uniformity""], [""q_uniformity"", ""q_scratch"", ""q_uniformity"", ""q_uniformity"", ""q_uniformity""], [""q_uniformity"", ""q_uniformity"", ""q_uniformity"", ""q_uniformity"", ""q_uniformity""]]","[[37.491, 36.826, 36.619, 36.6, 36.607], [36.898, 36.653, 36.386, 36.399, 36.365], [36.808, 36.66, 36.572, 36.389, 36.398], [36.745, 36.647, 36.364, 36.467, 36.462], [36.827, 36.699, 36.715, 36.5, 36.513]]","[[40.0, 40.0, 40.0, 40.0, 40.0], [40.0, 40.0, 40.0, 40.0, 40.0], [40.0, 40.0, 40.0, 40.0, 40.0], [40.0, 40.0, 40.0, 40.0, 40.0], [40.0, 40.0, 40.0, 40.0, 40.0]]","[[40.0, 40.0, 40.0, 40.0, 40.0], [40.0, 40.0, 40.0, 40.0, 40.0], [40.0, 40.0, 40.0, 40.0, 40.0], [40.0, 40.0, 40.0, 40.0, 40.0], [40.0, 40.0, 40.0, 40.0, 40.0]]"
finish_rule,16,0,1,continue,5.7779998779296875,5.777801513671875,5.659211158752441,6.929375648498535,0.0,5.945709068328142,0.0,0,43.341992053855364,64.28553216394624,0.23276477837563725,0.1798064685645391,2.1381286087230342,1.7786581151781524,1.7637122147279192,1.1411137630392156,50.0,48.20983601733841,1.7901639826615892,18.20983601733841,35.9027862073978,0.00811851081345387,0.08163525480076796,0.3163274761170471,0.7742159088061138,51.24384456360176,6.552215908806113,False,True,64.28553216394624,47.212366603385746,17,17,0,77.99313519561746,77.91153657433328,0,0,0,17,0,0:2;0:3;1:0;1:1;1:2;1:3;1:4;2:0;2:1;2:2;2:4;3:0;3:1;3:2;4:0;4:2;4:4,0:2;0:3;1:0;1:1;1:2;1:3;1:4;2:0;2:1;2:2;2:4;3:0;3:1;3:2;4:0;4:2;4:4,,,0:2;0:3;1:0;1:1;1:2;1:3;1:4;2:0;2:1;2:2;2:4;3:0;3:1;3:2;4:0;4:2;4:4,,"{""q_ra"": 4, ""q_scratch"": 13, ""q_thermal"": 0, ""q_uniformity"": 0}","[[74.773, 72.995, 59.259, 59.771, 75.38], [50.636, 67.637, 53.372, 58.858, 66.047], [47.971, 65.219, 60.024, 70.79, 57.533], [47.212, 64.077, 67.53, 70.514, 71.169], [60.773, 76.294, 68.639, 70.889, 69.774]]","[[74.773, 72.995, 59.259, 59.771, 75.38], [50.636, 67.637, 53.372, 58.858, 66.047], [47.971, 65.219, 60.024, 70.79, 57.533], [47.212, 64.077, 67.53, 70.514, 71.169], [60.773, 76.294, 68.639, 70.889, 69.774]]","[[74.773, 72.995, 59.259, 59.771, 75.38], [50.636, 67.637, 53.372, 58.858, 66.047], [47.971, 65.219, 60.024, 70.79, 57.533], [47.212, 64.077, 67.53, 70.514, 71.169], [60.773, 76.294, 68.639, 70.889, 69.774]]","[[78.0, 78.0, 78.0, 78.0, 78.0], [78.0, 78.0, 78.0, 78.0, 78.0], [78.0, 78.0, 78.0, 78.0, 78.0], [78.0, 78.0, 78.0, 77.992, 77.912], [78.0, 78.0, 78.0, 77.992, 77.933]]","[[78.0, 78.0, 78.0, 78.0, 78.0], [78.0, 78.0, 78.0, 78.0, 78.0], [78.0, 78.0, 78.0, 78.0, 78.0], [78.0, 78.0, 78.0, 77.992, 77.912], [78.0, 78.0, 78.0, 77.992, 77.933]]","[[78.0, 78.0, 78.0, 78.0, 78.0], [78.0, 78.0, 78.0, 78.0, 78.0], [78.0, 78.0, 78.0, 78.0, 78.0], [78.0, 78.0, 78.0, 77.992, 77.912], [78.0, 78.0, 78.0, 77.992, 77.933]]","[[0.939701, 0.930642, 0.922815, 0.923837, 0.923121], [0.930878, 0.925743, 0.916435, 0.910878, 0.916046], [0.926156, 0.92404, 0.915025, 0.910492, 0.916303], [0.925187, 0.92128, 0.920852, 0.916423, 0.916981], [0.933108, 0.923036, 0.920754, 0.919399, 0.921061]]","[[0.939701, 0.930642, 0.922815, 0.923837, 0.923121], [0.930878, 0.925743, 0.916435, 0.910878, 0.916046], [0.926156, 0.92404, 0.915025, 0.910492, 0.916303], [0.925187, 0.92128, 0.920852, 0.916423, 0.916981], [0.933108, 0.923036, 0.920754, 0.919399, 0.921061]]","[[0.939701, 0.930642, 0.922815, 0.923837, 0.923121], [0.930878, 0.925743, 0.916435, 0.910878, 0.916046], [0.926156, 0.92404, 0.915025, 0.910492, 0.916303], [0.925187, 0.92128, 0.920852, 0.916423, 0.916981], [0.933108, 0.923036, 0.920754, 0.919399, 0.921061]]","[[""q_uniformity"", ""q_scratch"", ""q_scratch"", ""q_scratch"", ""q_uniformity""], [""q_ra"", ""q_scratch"", ""q_ra"", ""q_scratch"", ""q_scratch""], [""q_ra"", ""q_scratch"", ""q_scratch"", ""q_scratch"", ""q_scratch""], [""q_ra"", ""q_scratch"", ""q_scratch"", ""q_scratch"", ""q_scratch""], [""q_scratch"", ""q_uniformity"", ""q_scratch"", ""q_scratch"", ""q_scratch""]]","[[48.794, 48.613, 48.456, 48.477, 48.462], [48.618, 48.515, 48.329, 48.218, 48.321], [48.523, 48.481, 48.301, 48.21, 48.326], [48.504, 48.426, 48.417, 48.328, 48.34], [48.662, 48.461, 48.415, 48.388, 48.421]]","[[50.0, 50.0, 50.0, 50.0, 50.0], [50.0, 50.0, 50.0, 50.0, 50.0], [50.0, 50.0, 50.0, 50.0, 50.0], [50.0, 50.0, 50.0, 50.0, 50.0], [50.0, 50.0, 50.0, 50.0, 50.0]]","[[50.0, 50.0, 50.0, 50.0, 50.0], [50.0, 50.0, 50.0, 50.0, 50.0], [50.0, 50.0, 50.0, 50.0, 50.0], [50.0, 50.0, 50.0, 50.0, 50.0], [50.0, 50.0, 50.0, 50.0, 50.0]]"
finish_rule,16,0,2,continue,6.552216053009033,5.569517612457275,5.415445327758789,6.796942710876465,-0.4999999701976776,7.999825291335583,0.6908990144729614,0,64.28553216394624,69.82823756767799,0.1798064685645391,0.18240643978378784,1.7786581151781524,1.6173327222243594,1.1411137630392156,0.7354090909779454,48.20983601733841,47.12193314063417,1.0879028767042414,17.12193314063417,35.9027862073978,0.00811851081345387,0.0024537490331716025,0.200888904025641,0.036643373287432716,75.27510398834194,5.814643373287432,False,True,69.82823756767799,59.78024637053196,12,12,0,77.99313519561746,77.91153657433328,0,0,0,12,0,0:2;0:3;1:0;1:2;1:3;2:0;2:1;2:2;2:4;3:0;3:1;4:0,0:2;0:3;1:0;1:2;1:3;2:0;2:1;2:2;2:4;3:0;3:1;4:0,,,0:2;0:3;1:0;1:2;1:3;2:0;2:1;2:2;2:4;3:0;3:1;4:0,,"{""q_ra"": 0, ""q_scratch"": 5, ""q_thermal"": 0, ""q_uniformity"": 7}","[[72.823, 75.375, 68.635, 68.379, 74.219], [60.271, 71.459, 67.783, 67.242, 70.06], [59.78, 69.229, 67.361, 74.642, 68.222], [59.854, 68.764, 71.682, 73.751, 74.68], [66.491, 76.071, 72.22, 74.354, 72.358]]","[[72.823, 75.375, 68.635, 68.379, 74.219], [60.271, 71.459, 67.783, 67.242, 70.06], [59.78, 69.229, 67.361, 74.642, 68.222], [59.854, 68.764, 71.682, 73.751, 74.68], [66.491, 76.071, 72.22, 74.354, 72.358]]","[[72.823, 75.375, 68.635, 68.379, 74.219], [60.271, 71.459, 67.783, 67.242, 70.06], [59.78, 69.229, 67.361, 74.642, 68.222], [59.854, 68.764, 71.682, 73.751, 74.68], [66.491, 76.071, 72.22, 74.354, 72.358]]","[[78.0, 78.0, 78.0, 78.0, 78.0], [78.0, 78.0, 78.0, 78.0, 78.0], [78.0, 78.0, 78.0, 78.0, 78.0], [78.0, 78.0, 78.0, 77.992, 77.912], [78.0, 78.0, 78.0, 77.992, 77.933]]","[[78.0, 78.0, 78.0, 78.0, 78.0], [78.0, 78.0, 78.0, 78.0, 78.0], [78.0, 78.0, 78.0, 78.0, 78.0], [78.0, 78.0, 78.0, 77.992, 77.912], [78.0, 78.0, 78.0, 77.992, 77.933]]","[[78.0, 78.0, 78.0, 78.0, 78.0], [78.0, 78.0, 78.0, 78.0, 78.0], [78.0, 78.0, 78.0, 78.0, 78.0], [78.0, 78.0, 78.0, 77.992, 77.912], [78.0, 78.0, 78.0, 77.992, 77.933]]","[[0.897135, 0.883625, 0.871495, 0.873389, 0.872206], [0.884551, 0.877993, 0.864077, 0.856654, 0.863357], [0.878083, 0.875571, 0.862066, 0.856097, 0.863727], [0.876882, 0.871519, 0.870765, 0.864408, 0.86473], [0.884789, 0.873496, 0.869029, 0.867351, 0.869397]]","[[0.897135, 0.883625, 0.871495, 0.873389, 0.872206], [0.884551, 0.877993, 0.864077, 0.856654, 0.863357], [0.878083, 0.875571, 0.862066, 0.856097, 0.863727], [0.876882, 0.871519, 0.870765, 0.864408, 0.86473], [0.884789, 0.873496, 0.869029, 0.867351, 0.869397]]","[[0.897135, 0.883625, 0.871495, 0.873389, 0.872206], [0.884551, 0.877993, 0.864077, 0.856654, 0.863357], [0.878083, 0.875571, 0.862066, 0.856097, 0.863727], [0.876882, 0.871519, 0.870765, 0.864408, 0.86473], [0.884789, 0.873496, 0.869029, 0.867351, 0.869397]]","[[""q_uniformity"", ""q_uniformity"", ""q_uniformity"", ""q_uniformity"", ""q_uniformity""], [""q_scratch"", ""q_uniformity"", ""q_uniformity"", ""q_uniformity"", ""q_uniformity""], [""q_scratch"", ""q_uniformity"", ""q_uniformity"", ""q_uniformity"", ""q_uniformity""], [""q_scratch"", ""q_scratch"", ""q_uniformity"", ""q_uniformity"", ""q_uniformity""], [""q_scratch"", ""q_uniformity"", ""q_uniformity"", ""q_uniformity"", ""q_uniformity""]]","[[47.943, 47.673, 47.43, 47.468, 47.444], [47.691, 47.56, 47.282, 47.133, 47.267], [47.562, 47.511, 47.241, 47.122, 47.275], [47.538, 47.43, 47.415, 47.288, 47.295], [47.696, 47.47, 47.381, 47.347, 47.388]]","[[50.0, 50.0, 50.0, 50.0, 50.0], [50.0, 50.0, 50.0, 50.0, 50.0], [50.0, 50.0, 50.0, 50.0, 50.0], [50.0, 50.0, 50.0, 50.0, 50.0], [50.0, 50.0, 50.0, 50.0, 50.0]]","[[50.0, 50.0, 50.0, 50.0, 50.0], [50.0, 50.0, 50.0, 50.0, 50.0], [50.0, 50.0, 50.0, 50.0, 50.0], [50.0, 50.0, 50.0, 50.0, 50.0], [50.0, 50.0, 50.0, 50.0, 50.0]]"
finish_rule,16,0,3,success,5.814643383026123,4.07029914855957,3.9578285217285156,5.291567802429199,-0.9999999403953552,7.999825291335583,0.6908990144729614,0,69.82823756767799,71.4587308929638,0.18240643978378784,0.18449070936559084,1.6173327222243594,1.435295139253551,0.7354090909779454,0.4781952670504661,47.12193314063417,46.41922815725416,0.7027049833800092,16.41922815725416,35.9027862073978,0.00811851081345387,0.0,0.17754811243644142,,,,True,True,71.4587308929638,65.66613013496834,9,9,0,77.99313519561746,77.91153657433328,0,0,0,9,0,0:3;1:0;1:2;1:3;2:0;2:2;2:4;3:0;4:0,0:3;1:0;1:2;1:3;2:0;2:2;2:4;3:0;4:0,,,0:3;1:0;1:2;1:3;2:0;2:2;2:4;3:0;4:0,,"{""q_ra"": 0, ""q_scratch"": 1, ""q_thermal"": 0, ""q_uniformity"": 8}","[[71.463, 74.973, 70.218, 69.399, 73.642], [65.666, 72.879, 69.145, 68.714, 71.542], [66.529, 71.021, 68.799, 75.373, 69.669], [66.915, 71.151, 72.813, 74.428, 75.415], [69.644, 76.149, 73.114, 75.157, 72.649]]","[[71.463, 74.973, 70.218, 69.399, 73.642], [65.666, 72.879, 69.145, 68.714, 71.542], [66.529, 71.021, 68.799, 75.373, 69.669], [66.915, 71.151, 72.813, 74.428, 75.415], [69.644, 76.149, 73.114, 75.157, 72.649]]","[[71.463, 74.973, 70.218, 69.399, 73.642], [65.666, 72.879, 69.145, 68.714, 71.542], [66.529, 71.021, 68.799, 75.373, 69.669], [66.915, 71.151, 72.813, 74.428, 75.415], [69.644, 76.149, 73.114, 75.157, 72.649]]","[[78.0, 78.0, 78.0, 78.0, 78.0], [78.0, 78.0, 78.0, 78.0, 78.0], [78.0, 78.0, 78.0, 78.0, 78.0], [78.0, 78.0, 78.0, 77.992, 77.912], [78.0, 78.0, 78.0, 77.992, 77.933]]","[[78.0, 78.0, 78.0, 78.0, 78.0], [78.0, 78.0, 78.0, 78.0, 78.0], [78.0, 78.0, 78.0, 78.0, 78.0], [78.0, 78.0, 78.0, 77.992, 77.912], [78.0, 78.0, 78.0, 77.992, 77.933]]","[[78.0, 78.0, 78.0, 78.0, 78.0], [78.0, 78.0, 78.0, 78.0, 78.0], [78.0, 78.0, 78.0, 78.0, 78.0], [78.0, 78.0, 78.0, 77.992, 77.912], [78.0, 78.0, 78.0, 77.992, 77.933]]","[[0.865847, 0.849842, 0.835877, 0.838863, 0.837473], [0.850917, 0.843903, 0.829225, 0.82156, 0.828525], [0.843741, 0.841227, 0.827114, 0.820961, 0.828928], [0.842539, 0.837122, 0.836272, 0.829795, 0.829476], [0.849359, 0.838838, 0.8339, 0.832059, 0.833956]]","[[0.865847, 0.849842, 0.835877, 0.838863, 0.837473], [0.850917, 0.843903, 0.829225, 0.82156, 0.828525], [0.843741, 0.841227, 0.827114, 0.820961, 0.828928], [0.842539, 0.837122, 0.836272, 0.829795, 0.829476], [0.849359, 0.838838, 0.8339, 0.832059, 0.833956]]","[[0.865847, 0.849842, 0.835877, 0.838863, 0.837473], [0.850917, 0.843903, 0.829225, 0.82156, 0.828525], [0.843741, 0.841227, 0.827114, 0.820961, 0.828928], [0.842539, 0.837122, 0.836272, 0.829795, 0.829476], [0.849359, 0.838838, 0.8339, 0.832059, 0.833956]]","[[""q_uniformity"", ""q_uniformity"", ""q_uniformity"", ""q_uniformity"", ""q_uniformity""], [""q_uniformity"", ""q_uniformity"", ""q_uniformity"", ""q_uniformity"", ""q_uniformity""], [""q_uniformity"", ""q_uniformity"", ""q_uniformity"", ""q_uniformity"", ""q_uniformity""], [""q_uniformity"", ""q_uniformity"", ""q_uniformity"", ""q_uniformity"", ""q_uniformity""], [""q_scratch"", ""q_uniformity"", ""q_uniformity"", ""q_uniformity"", ""q_uniformity""]]","[[47.317, 46.997, 46.718, 46.777, 46.749], [47.018, 46.878, 46.585, 46.431, 46.57], [46.875, 46.825, 46.542, 46.419, 46.579], [46.851, 46.742, 46.725, 46.596, 46.59], [46.987, 46.777, 46.678, 46.641, 46.679]]","[[50.0, 50.0, 50.0, 50.0, 50.0], [50.0, 50.0, 50.0, 50.0, 50.0], [50.0, 50.0, 50.0, 50.0, 50.0], [50.0, 50.0, 50.0, 50.0, 50.0], [50.0, 50.0, 50.0, 50.0, 50.0]]","[[50.0, 50.0, 50.0, 50.0, 50.0], [50.0, 50.0, 50.0, 50.0, 50.0], [50.0, 50.0, 50.0, 50.0, 50.0], [50.0, 50.0, 50.0, 50.0, 50.0], [50.0, 50.0, 50.0, 50.0, 50.0]]"
finish_rule,37,0,1,continue,5.7779998779296875,5.777801513671875,5.659201145172119,6.928406715393066,0.0,5.945709068328142,0.0,0,48.5329492646659,63.7613920747051,0.24869394389256785,0.1719270085957621,2.2365313973117207,1.9832749834343637,1.8290030347352184,1.249733974218953,40.0,38.92354558784624,1.0764544121537583,8.923545587846242,35.902755745686186,0.008117822230946835,0.08912297036135572,0.19021313866394104,1.405627986384479,36.398881993522075,7.1836279863844785,False,True,63.7613920747051,37.72955323607385,16,16,0,77.99313614319591,77.91154908855101,0,0,0,16,0,0:0;0:1;0:3;1:0;1:1;1:2;1:3;2:0;2:1;2:2;3:0;3:1;3:2;4:1;4:2;4:3,0:0;0:1;0:3;1:0;1:1;1:2;1:3;2:0;2:1;2:2;3:0;3:1;3:2;4:1;4:2;4:3,,,0:0;0:1;0:3;1:0;1:1;1:2;1:3;2:0;2:1;2:2;3:0;3:1;3:2;4:1;4:2;4:3,,"{""q_ra"": 4, ""q_scratch"": 12, ""q_thermal"": 0, ""q_uniformity"": 0}","[[37.73, 56.099, 76.191, 63.377, 72.353], [46.09, 54.024, 43.326, 63.37, 70.637], [51.478, 51.286, 60.184, 76.905, 70.699], [66.561, 67.865, 67.173, 77.196, 76.23], [71.81, 66.226, 68.21, 67.566, 71.451]]","[[37.73, 56.099, 76.191, 63.377, 72.353], [46.09, 54.024, 43.326, 63.37, 70.637], [51.478, 51.286, 60.184, 76.905, 70.699], [66.561, 67.865, 67.173, 77.196, 76.23], [71.81, 66.226, 68.21, 67.566, 71.451]]","[[37.73, 56.099, 76.191, 63.377, 72.353], [46.09, 54.024, 43.326, 63.37, 70.637], [51.478, 51.286, 60.184, 76.905, 70.699], [66.561, 67.865, 67.173, 77.196, 76.23], [71.81, 66.226, 68.21, 67.566, 71.451]]","[[78.0, 78.0, 78.0, 78.0, 78.0], [78.0, 78.0, 78.0, 78.0, 78.0], [78.0, 78.0, 78.0, 78.0, 78.0], [78.0, 78.0, 78.0, 77.992, 77.912], [78.0, 78.0, 78.0, 77.992, 77.933]]","[[78.0, 78.0, 78.0, 78.0, 78.0], [78.0, 78.0, 78.0, 78.0, 78.0], [78.0, 78.0, 78.0, 78.0, 78.0], [78.0, 78.0, 78.0, 77.992, 77.912], [78.0, 78.0, 78.0, 77.992, 77.933]]","[[78.0, 78.0, 78.0, 78.0, 78.0], [78.0, 78.0, 78.0, 78.0, 78.0], [78.0, 78.0, 78.0, 78.0, 78.0], [78.0, 78.0, 78.0, 77.992, 77.912], [78.0, 78.0, 78.0, 77.992, 77.933]]","[[0.89039, 0.875555, 0.859405, 0.855886, 0.863425], [0.846537, 0.827078, 0.829133, 0.832688, 0.829215], [0.835635, 0.831572, 0.826632, 0.815767, 0.832649], [0.860576, 0.835496, 0.830822, 0.834336, 0.844307], [0.887914, 0.879491, 0.877259, 0.862805, 0.875971]]","[[0.892479, 0.892355, 0.885581, 0.877518, 0.879867], [0.887052, 0.876445, 0.880877, 0.88135, 0.872699], [0.882368, 0.88845, 0.885945, 0.871033, 0.88308], [0.898487, 0.882778, 0.880693, 0.880687, 0.884104], [0.90714, 0.90938, 0.910028, 0.890896, 0.896515]]","[[0.883672, 0.869253, 0.862736, 0.867156, 0.862423], [0.864736, 0.863058, 0.859503, 0.862818, 0.864688], [0.875153, 0.873954, 0.867002, 0.863103, 0.877492], [0.884302, 0.875991, 0.880061, 0.880077, 0.884104], [0.898182, 0.900551, 0.889753, 0.890896, 0.896515]]","[[""q_ra"", ""q_scratch"", ""q_uniformity"", ""q_scratch"", ""q_scratch""], [""q_ra"", ""q_scratch"", ""q_ra"", ""q_scratch"", ""q_scratch""], [""q_scratch"", ""q_ra"", ""q_scratch"", ""q_uniformity"", ""q_scratch""], [""q_scratch"", ""q_scratch"", ""q_scratch"", ""q_uniformity"", ""q_uniformity""], [""q_scratch"", ""q_scratch"", ""q_scratch"", ""q_scratch"", ""q_scratch""]]","[[38.925, 38.924, 39.076, 39.296, 39.508], [39.005, 39.046, 39.426, 39.769, 39.887], [39.853, 40.093, 40.457, 40.692, 41.123], [41.125, 41.124, 41.549, 42.046, 42.449], [42.092, 42.338, 42.857, 43.148, 43.645]]","[[40.0, 40.0, 40.248, 40.594, 40.806], [40.152, 40.321, 40.7, 41.084, 41.33], [41.166, 41.36, 41.804, 42.275, 42.596], [42.382, 42.601, 43.113, 43.678, 44.081], [43.33, 43.568, 44.128, 44.758, 45.22]]","[[40.023, 40.192, 40.56, 40.862, 41.012], [40.637, 40.937, 41.368, 41.732, 41.924], [41.791, 42.137, 42.65, 43.106, 43.359], [42.927, 43.314, 43.9, 44.437, 44.745], [43.619, 44.029, 44.656, 45.239, 45.577]]"
finish_rule,37,0,2,continue,7.183628082275391,6.106048583984375,5.937248229980469,7.32989501953125,-0.4999999701976776,7.999825291335583,0.6908990144729614,0,63.7613920747051,69.30169020566542,0.1719270085957621,0.1714166772932691,1.9832749834343637,1.9070836786443626,1.249733974218953,0.9154471880867587,38.92354558784624,37.93206766233624,0.9914779255100044,7.932067662336237,35.902755745686186,0.008117822230946835,0.00997585420477967,0.16699283693470668,0.17921464874592513,35.52288691673431,5.957214648745925,False,True,69.30169020566542,44.01606347363372,10,10,0,77.99313614319591,77.91154908855101,0,0,0,10,0,0:0;0:1;0:3;1:0;1:1;1:2;1:3;2:0;2:1;2:2,0:0;0:1;0:3;1:0;1:1;1:2;1:3;2:0;2:1;2:2,,,0:0;0:1;0:3;1:0;1:1;1:2;1:3;2:0;2:1;2:2,,"{""q_ra"": 3, ""q_scratch"": 5, ""q_thermal"": 0, ""q_uniformity"": 2}","[[44.016, 66.273, 75.55, 69.662, 73.347], [55.967, 65.892, 57.191, 68.911, 73.527], [66.358, 65.515, 68.372, 76.637, 73.559], [71.049, 72.007, 72.885, 77.048, 75.856], [74.084, 71.281, 72.055, 71.741, 73.76]]","[[44.016, 66.273, 75.55, 69.662, 73.347], [55.967, 65.892, 57.191, 68.911, 73.527], [66.358, 65.515, 68.372, 76.637, 73.559], [71.049, 72.007, 72.885, 77.048, 75.856], [74.084, 71.281, 72.055, 71.741, 73.76]]","[[44.016, 66.273, 75.55, 69.662, 73.347], [55.967, 65.892, 57.191, 68.911, 73.527], [66.358, 65.515, 68.372, 76.637, 73.559], [71.049, 72.007, 72.885, 77.048, 75.856], [74.084, 71.281, 72.055, 71.741, 73.76]]","[[78.0, 78.0, 78.0, 78.0, 78.0], [78.0, 78.0, 78.0, 78.0, 78.0], [78.0, 78.0, 78.0, 78.0, 78.0], [78.0, 78.0, 78.0, 77.992, 77.912], [78.0, 78.0, 78.0, 77.992, 77.933]]","[[78.0, 78.0, 78.0, 78.0, 78.0], [78.0, 78.0, 78.0, 78.0, 78.0], [78.0, 78.0, 78.0, 78.0, 78.0], [78.0, 78.0, 78.0, 77.992, 77.912], [78.0, 78.0, 78.0, 77.992, 77.933]]","[[78.0, 78.0, 78.0, 78.0, 78.0], [78.0, 78.0, 78.0, 78.0, 78.0], [78.0, 78.0, 78.0, 78.0, 78.0], [78.0, 78.0, 78.0, 77.992, 77.912], [78.0, 78.0, 78.0, 77.992, 77.933]]","[[0.802416, 0.778274, 0.760452, 0.756857, 0.762697], [0.755279, 0.73812, 0.733325, 0.738717, 0.736072], [0.747185, 0.747342, 0.738986, 0.728804, 0.748315], [0.781862, 0.758038, 0.75281, 0.754398, 0.766184], [0.813015, 0.809662, 0.802471, 0.786921, 0.802133]]","[[0.804298, 0.793207, 0.783614, 0.775986, 0.777221], [0.791427, 0.782178, 0.779089, 0.781888, 0.774672], [0.788971, 0.798459, 0.79201, 0.778178, 0.793639], [0.816306, 0.800937, 0.797998, 0.796308, 0.802299], [0.830619, 0.837178, 0.832446, 0.812541, 0.820946]]","[[0.79236, 0.769484, 0.761605, 0.768019, 0.761232], [0.766605, 0.764907, 0.758288, 0.764454, 0.767426], [0.78252, 0.784861, 0.772472, 0.769576, 0.789524], [0.803395, 0.793468, 0.796887, 0.795723, 0.802299], [0.819146, 0.82617, 0.810419, 0.812541, 0.820946]]","[[""q_ra"", ""q_scratch"", ""q_uniformity"", ""q_scratch"", ""q_uniformity""], [""q_ra"", ""q_scratch"", ""q_ra"", ""q_scratch"", ""q_uniformity""], [""q_scratch"", ""q_uniformity"", ""q_uniformity"", ""q_uniformity"", ""q_uniformity""], [""q_uniformity"", ""q_uniformity"", ""q_scratch"", ""q_uniformity"", ""q_uniformity""], [""q_uniformity"", ""q_uniformity"", ""q_uniformity"", ""q_uniformity"", ""q_uniformity""]]","[[38.043, 37.932, 38.031, 38.221, 38.399], [38.034, 38.073, 38.337, 38.667, 38.777], [38.81, 39.071, 39.349, 39.552, 39.997], [40.107, 40.093, 40.464, 40.892, 41.297], [41.072, 41.359, 41.761, 41.992, 42.495]]","[[40.0, 40.0, 40.248, 40.594, 40.806], [40.152, 40.321, 40.7, 41.084, 41.33], [41.166, 41.36, 41.804, 42.275, 42.596], [42.382, 42.601, 43.113, 43.678, 44.081], [43.33, 43.568, 44.128, 44.758, 45.22]]","[[40.023, 40.192, 40.56, 40.862, 41.012], [40.637, 40.937, 41.368, 41.732, 41.924], [41.791, 42.137, 42.65, 43.106, 43.359], [42.927, 43.314, 43.9, 44.437, 44.745], [43.619, 44.029, 44.656, 45.239, 45.577]]"
finish_rule,37,0,3,success,5.957214832305908,4.169971942901611,4.054859161376953,5.392172336578369,-0.9999999403953552,7.999825291335583,0.6908990144729614,0,69.30169020566542,70.88197755777428,0.1714166772932691,0.17132152691642322,1.9070836786443626,1.8751289274538263,0.9154471880867587,0.8191951630967711,37.93206766233624,37.25567208493469,0.67639557740155,7.255672084934687,35.902755745686186,0.008117822230946835,0.0,0.16681111488268285,,,,True,True,70.88197755777428,46.80350481030098,8,8,0,77.99313614319591,77.91154908855101,0,0,0,8,0,0:0;0:1;1:0;1:1;1:2;2:0;2:1;2:2,0:0;0:1;1:0;1:1;1:2;2:0;2:1;2:2,,,0:0;0:1;1:0;1:1;1:2;2:0;2:1;2:2,,"{""q_ra"": 1, ""q_scratch"": 0, ""q_thermal"": 0, ""q_uniformity"": 7}","[[46.804, 68.163, 75.333, 71.436, 73.297], [61.989, 67.867, 65.541, 70.699, 74.184], [68.865, 68.077, 69.713, 76.585, 73.96], [72.747, 73.298, 74.577, 77.047, 75.876], [74.247, 72.862, 72.469, 72.493, 73.921]]","[[46.804, 68.163, 75.333, 71.436, 73.297], [61.989, 67.867, 65.541, 70.699, 74.184], [68.865, 68.077, 69.713, 76.585, 73.96], [72.747, 73.298, 74.577, 77.047, 75.876], [74.247, 72.862, 72.469, 72.493, 73.921]]","[[46.804, 68.163, 75.333, 71.436, 73.297], [61.989, 67.867, 65.541, 70.699, 74.184], [68.865, 68.077, 69.713, 76.585, 73.96], [72.747, 73.298, 74.577, 77.047, 75.876], [74.247, 72.862, 72.469, 72.493, 73.921]]","[[78.0, 78.0, 78.0, 78.0, 78.0], [78.0, 78.0, 78.0, 78.0, 78.0], [78.0, 78.0, 78.0, 78.0, 78.0], [78.0, 78.0, 78.0, 77.992, 77.912], [78.0, 78.0, 78.0, 77.992, 77.933]]","[[78.0, 78.0, 78.0, 78.0, 78.0], [78.0, 78.0, 78.0, 78.0, 78.0], [78.0, 78.0, 78.0, 78.0, 78.0], [78.0, 78.0, 78.0, 77.992, 77.912], [78.0, 78.0, 78.0, 77.992, 77.933]]","[[78.0, 78.0, 78.0, 78.0, 78.0], [78.0, 78.0, 78.0, 78.0, 78.0], [78.0, 78.0, 78.0, 78.0, 78.0], [78.0, 78.0, 78.0, 77.992, 77.912], [78.0, 78.0, 78.0, 77.992, 77.933]]","[[0.740194, 0.711908, 0.693982, 0.690397, 0.696975], [0.692764, 0.67717, 0.670976, 0.678175, 0.676529], [0.687759, 0.691009, 0.68317, 0.674218, 0.694427], [0.728716, 0.706448, 0.702957, 0.705083, 0.717192], [0.761231, 0.760842, 0.754112, 0.739589, 0.755022]]","[[0.741931, 0.725567, 0.715119, 0.707846, 0.710247], [0.725919, 0.71759, 0.712849, 0.717807, 0.712007], [0.726222, 0.738272, 0.732189, 0.719895, 0.736487], [0.760818, 0.746426, 0.745153, 0.744253, 0.750997], [0.777714, 0.786699, 0.78228, 0.763668, 0.77273]]","[[0.729105, 0.702363, 0.696343, 0.702648, 0.696421], [0.70145, 0.699828, 0.693755, 0.701975, 0.705596], [0.720284, 0.725841, 0.713423, 0.711959, 0.73246], [0.749011, 0.740248, 0.744611, 0.743801, 0.750997], [0.765856, 0.774773, 0.760913, 0.763668, 0.77273]]","[[""q_ra"", ""q_uniformity"", ""q_uniformity"", ""q_uniformity"", ""q_uniformity""], [""q_uniformity"", ""q_uniformity"", ""q_uniformity"", ""q_uniformity"", ""q_uniformity""], [""q_uniformity"", ""q_uniformity"", ""q_uniformity"", ""q_uniformity"", ""q_uniformity""], [""q_uniformity"", ""q_uniformity"", ""q_uniformity"", ""q_uniformity"", ""q_uniformity""], [""q_uniformity"", ""q_uniformity"", ""q_uniformity"", ""q_uniformity"", ""q_uniformity""]]","[[37.419, 37.256, 37.329, 37.499, 37.675], [37.369, 37.406, 37.628, 37.956, 38.067], [38.109, 38.387, 38.642, 38.836, 39.277], [39.42, 39.406, 39.771, 40.18, 40.575], [40.367, 40.674, 41.052, 41.27, 41.761]]","[[40.0, 40.0, 40.248, 40.594, 40.806], [40.152, 40.321, 40.7, 41.084, 41.33], [41.166, 41.36, 41.804, 42.275, 42.596], [42.382, 42.601, 43.113, 43.678, 44.081], [43.33, 43.568, 44.128, 44.758, 45.22]]","[[40.023, 40.192, 40.56, 40.862, 41.012], [40.637, 40.937, 41.368, 41.732, 41.924], [41.791, 42.137, 42.65, 43.106, 43.359], [42.927, 43.314, 43.9, 44.437, 44.745], [43.619, 44.029, 44.656, 45.239, 45.577]]"
finish_rule,42,0,1,continue,5.7779998779296875,5.777801513671875,5.659219264984131,6.929737091064453,0.0,5.945709068328142,0.0,0,55.055739141000494,64.99033036661055,0.22543844835210325,0.16334732687482345,2.4543425441040334,2.117228012951374,1.941888491648028,1.3722654994379617,50.0,48.23639645801907,1.7636035419809275,18.236396458019072,35.902737234127166,0.008117795505324663,0.07156670904842072,0.3116337182574022,0.6889502469303557,52.10089764615325,6.466950246930355,False,True,64.99033036661055,40.6882331240507,15,15,0,77.99313600547487,77.91154562145752,0,0,0,15,0,0:0;0:1;0:2;1:0;1:1;1:2;1:3;2:0;2:1;2:2;2:3;3:0;4:2;4:3;4:4,0:0;0:1;0:2;1:0;1:1;1:2;1:3;2:0;2:1;2:2;2:3;3:0;4:2;4:3;4:4,,,0:0;0:1;0:2;1:0;1:1;1:2;1:3;2:0;2:1;2:2;2:3;3:0;4:2;4:3;4:4,,"{""q_ra"": 6, ""q_scratch"": 9, ""q_thermal"": 0, ""q_uniformity"": 0}","[[64.799, 41.597, 44.818, 75.955, 76.086], [42.497, 65.545, 50.724, 64.391, 75.561], [67.777, 68.716, 66.542, 66.574, 76.224], [66.921, 76.808, 76.821, 77.149, 75.877], [75.963, 75.521, 64.206, 46.998, 40.688]]","[[64.799, 41.597, 44.818, 75.955, 76.086], [42.497, 65.545, 50.724, 64.391, 75.561], [67.777, 68.716, 66.542, 66.574, 76.224], [66.921, 76.808, 76.821, 77.149, 75.877], [75.963, 75.521, 64.206, 46.998, 40.688]]","[[64.799, 41.597, 44.818, 75.955, 76.086], [42.497, 65.545, 50.724, 64.391, 75.561], [67.777, 68.716, 66.542, 66.574, 76.224], [66.921, 76.808, 76.821, 77.149, 75.877], [75.963, 75.521, 64.206, 46.998, 40.688]]","[[78.0, 78.0, 78.0, 78.0, 78.0], [78.0, 78.0, 78.0, 78.0, 78.0], [78.0, 78.0, 78.0, 78.0, 78.0], [78.0, 78.0, 78.0, 77.992, 77.912], [78.0, 78.0, 78.0, 77.992, 77.933]]","[[78.0, 78.0, 78.0, 78.0, 78.0], [78.0, 78.0, 78.0, 78.0, 78.0], [78.0, 78.0, 78.0, 78.0, 78.0], [78.0, 78.0, 78.0, 77.992, 77.912], [78.0, 78.0, 78.0, 77.992, 77.933]]","[[78.0, 78.0, 78.0, 78.0, 78.0], [78.0, 78.0, 78.0, 78.0, 78.0], [78.0, 78.0, 78.0, 78.0, 78.0], [78.0, 78.0, 78.0, 77.992, 77.912], [78.0, 78.0, 78.0, 77.992, 77.933]]","[[0.944214, 0.929728, 0.925216, 0.92405, 0.927431], [0.931489, 0.919477, 0.919282, 0.917855, 0.920001], [0.924851, 0.920642, 0.920956, 0.91182, 0.917689], [0.93162, 0.922633, 0.920383, 0.91459, 0.913779], [0.934472, 0.919082, 0.91899, 0.914558, 0.924424]]","[[0.944214, 0.929728, 0.925216, 0.92405, 0.927431], [0.931489, 0.919477, 0.919282, 0.917855, 0.920001], [0.924851, 0.920642, 0.920956, 0.91182, 0.917689], [0.93162, 0.922633, 0.920383, 0.91459, 0.913779], [0.934472, 0.919082, 0.91899, 0.914558, 0.924424]]","[[0.944214, 0.929728, 0.925216, 0.92405, 0.927431], [0.931489, 0.919477, 0.919282, 0.917855, 0.920001], [0.924851, 0.920642, 0.920956, 0.91182, 0.917689], [0.93162, 0.922633, 0.920383, 0.91459, 0.913779], [0.934472, 0.919082, 0.91899, 0.914558, 0.924424]]","[[""q_scratch"", ""q_ra"", ""q_ra"", ""q_uniformity"", ""q_uniformity""], [""q_ra"", ""q_scratch"", ""q_ra"", ""q_scratch"", ""q_uniformity""], [""q_scratch"", ""q_scratch"", ""q_scratch"", ""q_scratch"", ""q_uniformity""], [""q_scratch"", ""q_uniformity"", ""q_uniformity"", ""q_uniformity"", ""q_uniformity""], [""q_uniformity"", ""q_uniformity"", ""q_scratch"", ""q_ra"", ""q_ra""]]","[[48.884, 48.595, 48.504, 48.481, 48.549], [48.63, 48.39, 48.386, 48.357, 48.4], [48.497, 48.413, 48.419, 48.236, 48.354], [48.632, 48.453, 48.408, 48.292, 48.276], [48.689, 48.382, 48.38, 48.291, 48.488]]","[[50.0, 50.0, 50.0, 50.0, 50.0], [50.0, 50.0, 50.0, 50.0, 50.0], [50.0, 50.0, 50.0, 50.0, 50.0], [50.0, 50.0, 50.0, 50.0, 50.0], [50.0, 50.0, 50.0, 50.0, 50.0]]","[[50.0, 50.0, 50.0, 50.0, 50.0], [50.0, 50.0, 50.0, 50.0, 50.0], [50.0, 50.0, 50.0, 50.0, 50.0], [50.0, 50.0, 50.0, 50.0, 50.0], [50.0, 50.0, 50.0, 50.0, 50.0]]"
finish_rule,42,0,2,continue,6.466950416564941,5.496861457824707,5.344978332519531,6.722540855407715,-0.4999999701976776,7.999825291335583,0.6908990144729614,0,64.99033036661055,69.30320530629223,0.16334732687482345,0.16410401131586133,2.117228012951374,1.9576078766082432,1.3722654994379617,0.902257655564483,48.23639645801907,47.15942531302427,1.0769711449948005,17.159425313024272,35.902737234127166,0.008117795505324663,0.009954209910111039,0.2014921442136389,0.14820741447205132,75.23581314887878,5.926207414472051,False,True,69.30320530629223,51.87066597008116,8,8,0,77.99313600547487,77.91154562145752,0,0,0,8,0,0:1;0:2;1:0;1:1;1:2;4:2;4:3;4:4,0:1;0:2;1:0;1:1;1:2;4:2;4:3;4:4,,,0:1;0:2;1:0;1:1;1:2;4:2;4:3;4:4,,"{""q_ra"": 4, ""q_scratch"": 3, ""q_thermal"": 0, ""q_uniformity"": 1}","[[70.06, 51.871, 56.303, 75.408, 75.153], [52.597, 69.215, 61.79, 70.011, 74.916], [72.93, 72.692, 71.742, 70.801, 75.906], [72.936, 76.621, 76.448, 76.767, 75.506], [75.462, 75.263, 68.676, 59.864, 53.641]]","[[70.06, 51.871, 56.303, 75.408, 75.153], [52.597, 69.215, 61.79, 70.011, 74.916], [72.93, 72.692, 71.742, 70.801, 75.906], [72.936, 76.621, 76.448, 76.767, 75.506], [75.462, 75.263, 68.676, 59.864, 53.641]]","[[70.06, 51.871, 56.303, 75.408, 75.153], [52.597, 69.215, 61.79, 70.011, 74.916], [72.93, 72.692, 71.742, 70.801, 75.906], [72.936, 76.621, 76.448, 76.767, 75.506], [75.462, 75.263, 68.676, 59.864, 53.641]]","[[78.0, 78.0, 78.0, 78.0, 78.0], [78.0, 78.0, 78.0, 78.0, 78.0], [78.0, 78.0, 78.0, 78.0, 78.0], [78.0, 78.0, 78.0, 77.992, 77.912], [78.0, 78.0, 78.0, 77.992, 77.933]]","[[78.0, 78.0, 78.0, 78.0, 78.0], [78.0, 78.0, 78.0, 78.0, 78.0], [78.0, 78.0, 78.0, 78.0, 78.0], [78.0, 78.0, 78.0, 77.992, 77.912], [78.0, 78.0, 78.0, 77.992, 77.933]]","[[78.0, 78.0, 78.0, 78.0, 78.0], [78.0, 78.0, 78.0, 78.0, 78.0], [78.0, 78.0, 78.0, 78.0, 78.0], [78.0, 78.0, 78.0, 77.992, 77.912], [78.0, 78.0, 78.0, 77.992, 77.933]]","[[0.904122, 0.883076, 0.875293, 0.873998, 0.877969], [0.885788, 0.870015, 0.868575, 0.86613, 0.868771], [0.876745, 0.871601, 0.871893, 0.857971, 0.865237], [0.885355, 0.875634, 0.870918, 0.862204, 0.859678], [0.887113, 0.869336, 0.868874, 0.860832, 0.874807]]","[[0.904122, 0.883076, 0.875293, 0.873998, 0.877969], [0.885788, 0.870015, 0.868575, 0.86613, 0.868771], [0.876745, 0.871601, 0.871893, 0.857971, 0.865237], [0.885355, 0.875634, 0.870918, 0.862204, 0.859678], [0.887113, 0.869336, 0.868874, 0.860832, 0.874807]]","[[0.904122, 0.883076, 0.875293, 0.873998, 0.877969], [0.885788, 0.870015, 0.868575, 0.86613, 0.868771], [0.876745, 0.871601, 0.871893, 0.857971, 0.865237], [0.885355, 0.875634, 0.870918, 0.862204, 0.859678], [0.887113, 0.869336, 0.868874, 0.860832, 0.874807]]","[[""q_scratch"", ""q_ra"", ""q_ra"", ""q_uniformity"", ""q_uniformity""], [""q_ra"", ""q_scratch"", ""q_scratch"", ""q_uniformity"", ""q_uniformity""], [""q_uniformity"", ""q_uniformity"", ""q_uniformity"", ""q_uniformity"", ""q_uniformity""], [""q_uniformity"", ""q_uniformity"", ""q_uniformity"", ""q_uniformity"", ""q_uniformity""], [""q_uniformity"", ""q_uniformity"", ""q_scratch"", ""q_uniformity"", ""q_ra""]]","[[48.082, 47.662, 47.506, 47.48, 47.559], [47.716, 47.4, 47.371, 47.323, 47.375], [47.535, 47.432, 47.438, 47.159, 47.305], [47.707, 47.513, 47.418, 47.244, 47.194], [47.742, 47.387, 47.377, 47.217, 47.496]]","[[50.0, 50.0, 50.0, 50.0, 50.0], [50.0, 50.0, 50.0, 50.0, 50.0], [50.0, 50.0, 50.0, 50.0, 50.0], [50.0, 50.0, 50.0, 50.0, 50.0], [50.0, 50.0, 50.0, 50.0, 50.0]]","[[50.0, 50.0, 50.0, 50.0, 50.0], [50.0, 50.0, 50.0, 50.0, 50.0], [50.0, 50.0, 50.0, 50.0, 50.0], [50.0, 50.0, 50.0, 50.0, 50.0], [50.0, 50.0, 50.0, 50.0, 50.0]]"
finish_rule,42,0,3,success,5.926207542419434,4.148421764373779,4.03377103805542,5.373232841491699,-0.9999999403953552,7.999825291335583,0.6908990144729614,0,69.30320530629223,71.32727742829171,0.16410401131586133,0.17128181410053367,1.9576078766082432,1.8574271072791553,0.902257655564483,0.5791012605903285,47.15942531302427,46.44284358401678,0.7165817290074941,16.442843584016778,35.902737234127166,0.008117795505324663,0.0,0.1776456130620989,,,,True,True,71.32727742829171,59.05394204812021,7,7,0,77.99313600547487,77.91154562145752,0,0,0,7,0,0:0;0:1;0:2;1:0;1:2;4:3;4:4,0:0;0:1;0:2;1:0;1:2;4:3;4:4,,,0:0;0:1;0:2;1:0;1:2;4:3;4:4,,"{""q_ra"": 1, ""q_scratch"": 0, ""q_thermal"": 0, ""q_uniformity"": 6}","[[69.808, 59.054, 64.437, 75.273, 74.618], [59.466, 71.089, 66.376, 71.363, 74.774], [73.695, 73.91, 73.195, 72.264, 76.011], [74.104, 76.583, 76.435, 76.673, 75.636], [75.128, 75.27, 71.227, 64.307, 62.485]]","[[69.808, 59.054, 64.437, 75.273, 74.618], [59.466, 71.089, 66.376, 71.363, 74.774], [73.695, 73.91, 73.195, 72.264, 76.011], [74.104, 76.583, 76.435, 76.673, 75.636], [75.128, 75.27, 71.227, 64.307, 62.485]]","[[69.808, 59.054, 64.437, 75.273, 74.618], [59.466, 71.089, 66.376, 71.363, 74.774], [73.695, 73.91, 73.195, 72.264, 76.011], [74.104, 76.583, 76.435, 76.673, 75.636], [75.128, 75.27, 71.227, 64.307, 62.485]]","[[78.0, 78.0, 78.0, 78.0, 78.0], [78.0, 78.0, 78.0, 78.0, 78.0], [78.0, 78.0, 78.0, 78.0, 78.0], [78.0, 78.0, 78.0, 77.992, 77.912], [78.0, 78.0, 78.0, 77.992, 77.933]]","[[78.0, 78.0, 78.0, 78.0, 78.0], [78.0, 78.0, 78.0, 78.0, 78.0], [78.0, 78.0, 78.0, 78.0, 78.0], [78.0, 78.0, 78.0, 77.992, 77.912], [78.0, 78.0, 78.0, 77.992, 77.933]]","[[78.0, 78.0, 78.0, 78.0, 78.0], [78.0, 78.0, 78.0, 78.0, 78.0], [78.0, 78.0, 78.0, 78.0, 78.0], [78.0, 78.0, 78.0, 77.992, 77.912], [78.0, 78.0, 78.0, 77.992, 77.933]]","[[0.873131, 0.848588, 0.839507, 0.838262, 0.842], [0.851418, 0.834612, 0.833088, 0.829994, 0.832687], [0.841502, 0.83633, 0.836611, 0.822142, 0.829195], [0.849818, 0.840328, 0.83634, 0.826959, 0.823317], [0.851347, 0.833641, 0.83314, 0.824778, 0.83906]]","[[0.873131, 0.848588, 0.839507, 0.838262, 0.842], [0.851418, 0.834612, 0.833088, 0.829994, 0.832687], [0.841502, 0.83633, 0.836611, 0.822142, 0.829195], [0.849818, 0.840328, 0.83634, 0.826959, 0.823317], [0.851347, 0.833641, 0.83314, 0.824778, 0.83906]]","[[0.873131, 0.848588, 0.839507, 0.838262, 0.842], [0.851418, 0.834612, 0.833088, 0.829994, 0.832687], [0.841502, 0.83633, 0.836611, 0.822142, 0.829195], [0.849818, 0.840328, 0.83634, 0.826959, 0.823317], [0.851347, 0.833641, 0.83314, 0.824778, 0.83906]]","[[""q_uniformity"", ""q_ra"", ""q_uniformity"", ""q_uniformity"", ""q_uniformity""], [""q_uniformity"", ""q_uniformity"", ""q_uniformity"", ""q_uniformity"", ""q_uniformity""], [""q_uniformity"", ""q_uniformity"", ""q_uniformity"", ""q_uniformity"", ""q_uniformity""], [""q_uniformity"", ""q_uniformity"", ""q_uniformity"", ""q_uniformity"", ""q_uniformity""], [""q_uniformity"", ""q_uniformity"", ""q_uniformity"", ""q_uniformity"", ""q_uniformity""]]","[[47.463, 46.972, 46.79, 46.765, 46.84], [47.028, 46.692, 46.662, 46.6, 46.654], [46.83, 46.727, 46.732, 46.443, 46.584], [46.996, 46.807, 46.727, 46.539, 46.466], [47.027, 46.673, 46.663, 46.496, 46.781]]","[[50.0, 50.0, 50.0, 50.0, 50.0], [50.0, 50.0, 50.0, 50.0, 50.0], [50.0, 50.0, 50.0, 50.0, 50.0], [50.0, 50.0, 50.0, 50.0, 50.0], [50.0, 50.0, 50.0, 50.0, 50.0]]","[[50.0, 50.0, 50.0, 50.0, 50.0], [50.0, 50.0, 50.0, 50.0, 50.0], [50.0, 50.0, 50.0, 50.0, 50.0], [50.0, 50.0, 50.0, 50.0, 50.0], [50.0, 50.0, 50.0, 50.0, 50.0]]"
finish_rule,45,0,1,continue,5.7779998779296875,5.777801513671875,5.659211158752441,6.928569793701172,0.0,5.945709068328142,0.0,0,43.59927072092852,62.29329540743069,0.24144588334637015,0.18241406446262792,2.170109301265234,1.8106099018501274,1.7404343863537437,1.1221523819004393,43.424668199751316,42.191974941172134,1.2326932585791823,12.191974941172134,35.9027307710548,0.008117378879739573,0.11009577989384728,0.21782068631115126,1.516326779035738,46.79066581680475,7.294326779035737,False,True,62.29329540743069,45.64675530189871,20,20,0,77.99313661666142,77.91155211316486,0,0,0,20,0,0:0;0:1;0:2;0:3;0:4;1:0;1:1;1:2;1:3;2:0;2:1;2:2;2:3;3:0;3:1;3:2;4:0;4:1;4:2;4:3,0:0;0:1;0:2;0:3;0:4;1:0;1:1;1:2;1:3;2:0;2:1;2:2;2:3;3:0;3:1;3:2;4:0;4:1;4:2;4:3,,,0:0;0:1;0:2;0:3;0:4;1:0;1:1;1:2;1:3;2:0;2:1;2:2;2:3;3:0;3:1;3:2;4:0;4:1;4:2;4:3,,"{""q_ra"": 3, ""q_scratch"": 17, ""q_thermal"": 0, ""q_uniformity"": 0}","[[67.297, 48.284, 57.874, 55.731, 64.88], [67.182, 62.961, 56.186, 66.135, 70.027], [47.809, 53.974, 67.224, 66.734, 71.175], [68.419, 53.698, 45.647, 72.788, 72.162], [58.281, 64.065, 65.564, 57.798, 75.437]]","[[67.297, 48.284, 57.874, 55.731, 64.88], [67.182, 62.961, 56.186, 66.135, 70.027], [47.809, 53.974, 67.224, 66.734, 71.175], [68.419, 53.698, 45.647, 72.788, 72.162], [58.281, 64.065, 65.564, 57.798, 75.437]]","[[67.297, 48.284, 57.874, 55.731, 64.88], [67.182, 62.961, 56.186, 66.135, 70.027], [47.809, 53.974, 67.224, 66.734, 71.175], [68.419, 53.698, 45.647, 72.788, 72.162], [58.281, 64.065, 65.564, 57.798, 75.437]]","[[78.0, 78.0, 78.0, 78.0, 78.0], [78.0, 78.0, 78.0, 78.0, 78.0], [78.0, 78.0, 78.0, 78.0, 78.0], [78.0, 78.0, 78.0, 77.992, 77.912], [78.0, 78.0, 78.0, 77.992, 77.933]]","[[78.0, 78.0, 78.0, 78.0, 78.0], [78.0, 78.0, 78.0, 78.0, 78.0], [78.0, 78.0, 78.0, 78.0, 78.0], [78.0, 78.0, 78.0, 77.992, 77.912], [78.0, 78.0, 78.0, 77.992, 77.933]]","[[78.0, 78.0, 78.0, 78.0, 78.0], [78.0, 78.0, 78.0, 78.0, 78.0], [78.0, 78.0, 78.0, 78.0, 78.0], [78.0, 78.0, 78.0, 77.992, 77.912], [78.0, 78.0, 78.0, 77.992, 77.933]]","[[0.922745, 0.890774, 0.881126, 0.878778, 0.896201], [0.908664, 0.884656, 0.881907, 0.866916, 0.888429], [0.906288, 0.880948, 0.863758, 0.86508, 0.884327], [0.900127, 0.882529, 0.85411, 0.845435, 0.870267], [0.911979, 0.878152, 0.857369, 0.857662, 0.892969]]","[[0.938432, 0.91846, 0.907082, 0.897373, 0.904285], [0.92895, 0.916599, 0.914103, 0.894232, 0.904393], [0.925578, 0.91401, 0.905849, 0.903217, 0.907561], [0.917599, 0.922351, 0.902814, 0.887796, 0.893781], [0.930364, 0.918041, 0.904657, 0.895643, 0.908177]]","[[0.932543, 0.914845, 0.902054, 0.897373, 0.895938], [0.926717, 0.916042, 0.905012, 0.887416, 0.892194], [0.920844, 0.910569, 0.900423, 0.889011, 0.888495], [0.916465, 0.908648, 0.89983, 0.887796, 0.884063], [0.929161, 0.910291, 0.900308, 0.886171, 0.885315]]","[[""q_scratch"", ""q_ra"", ""q_scratch"", ""q_scratch"", ""q_scratch""], [""q_scratch"", ""q_scratch"", ""q_scratch"", ""q_scratch"", ""q_scratch""], [""q_ra"", ""q_scratch"", ""q_scratch"", ""q_scratch"", ""q_scratch""], [""q_scratch"", ""q_scratch"", ""q_ra"", ""q_scratch"", ""q_scratch""], [""q_scratch"", ""q_scratch"", ""q_scratch"", ""q_scratch"", ""q_uniformity""]]","[[46.974, 45.683, 44.545, 43.729, 43.606], [46.945, 45.736, 44.6, 43.453, 43.302], [47.137, 45.804, 44.26, 43.19, 42.866], [47.096, 45.819, 43.936, 42.559, 42.205], [47.292, 45.661, 43.826, 42.484, 42.192]]","[[48.088, 47.076, 46.035, 45.299, 45.046], [48.241, 47.167, 45.972, 45.044, 44.709], [48.515, 47.291, 45.742, 44.603, 44.177], [48.632, 47.15, 45.436, 44.146, 43.655], [48.586, 47.06, 45.283, 43.939, 43.425]]","[[48.395, 47.606, 46.507, 45.622, 45.181], [48.648, 47.787, 46.555, 45.518, 44.973], [48.909, 47.94, 46.509, 45.247, 44.549], [48.993, 47.924, 46.316, 44.855, 44.024], [48.961, 47.835, 46.126, 44.556, 43.653]]"
finish_rule,45,0,2,continue,7.2943267822265625,6.199934482574463,6.028727054595947,7.4267778396606445,-0.4999999701976776,7.999825291335583,0.6908990144729614,0,62.29329540743069,69.3575564162415,0.18241406446262792,0.1873601411942616,1.8106099018501274,1.6968589121536855,1.1221523819004393,0.6714449884171292,42.191974941172134,41.0192124452099,1.1727624959622318,11.019212445209902,35.9027307710548,0.008117378879739573,0.009177765482264379,0.19452904159397738,0.14153823111029795,46.364349360415176,5.919538231110297,False,True,69.3575564162415,60.928340144476174,14,14,0,77.99313661666142,77.91155211316486,0,0,0,14,0,0:0;0:1;0:2;0:3;0:4;1:0;1:2;1:3;2:0;2:1;3:1;3:2;4:0;4:3,0:0;0:1;0:2;0:3;0:4;1:0;1:2;1:3;2:0;2:1;3:1;3:2;4:0;4:3,,,0:0;0:1;0:2;0:3;0:4;1:0;1:2;1:3;2:0;2:1;3:1;3:2;4:0;4:3,,"{""q_ra"": 0, ""q_scratch"": 6, ""q_thermal"": 0, ""q_uniformity"": 8}","[[69.577, 62.296, 66.651, 68.487, 69.682], [69.511, 70.759, 68.066, 69.638, 73.906], [61.029, 65.739, 72.81, 71.548, 73.623], [72.409, 64.724, 60.928, 76.173, 74.771], [68.53, 70.017, 70.766, 67.975, 74.326]]","[[69.577, 62.296, 66.651, 68.487, 69.682], [69.511, 70.759, 68.066, 69.638, 73.906], [61.029, 65.739, 72.81, 71.548, 73.623], [72.409, 64.724, 60.928, 76.173, 74.771], [68.53, 70.017, 70.766, 67.975, 74.326]]","[[69.577, 62.296, 66.651, 68.487, 69.682], [69.511, 70.759, 68.066, 69.638, 73.906], [61.029, 65.739, 72.81, 71.548, 73.623], [72.409, 64.724, 60.928, 76.173, 74.771], [68.53, 70.017, 70.766, 67.975, 74.326]]","[[78.0, 78.0, 78.0, 78.0, 78.0], [78.0, 78.0, 78.0, 78.0, 78.0], [78.0, 78.0, 78.0, 78.0, 78.0], [78.0, 78.0, 78.0, 77.992, 77.912], [78.0, 78.0, 78.0, 77.992, 77.933]]","[[78.0, 78.0, 78.0, 78.0, 78.0], [78.0, 78.0, 78.0, 78.0, 78.0], [78.0, 78.0, 78.0, 78.0, 78.0], [78.0, 78.0, 78.0, 77.992, 77.912], [78.0, 78.0, 78.0, 77.992, 77.933]]","[[78.0, 78.0, 78.0, 78.0, 78.0], [78.0, 78.0, 78.0, 78.0, 78.0], [78.0, 78.0, 78.0, 78.0, 78.0], [78.0, 78.0, 78.0, 77.992, 77.912], [78.0, 78.0, 78.0, 77.992, 77.933]]","[[0.871215, 0.829232, 0.810926, 0.805298, 0.819685], [0.855186, 0.825021, 0.814781, 0.792963, 0.811934], [0.851421, 0.820621, 0.794562, 0.78939, 0.807213], [0.842691, 0.826001, 0.784139, 0.766774, 0.786223], [0.857983, 0.815571, 0.78515, 0.776626, 0.807073]]","[[0.886026, 0.855005, 0.834815, 0.822338, 0.827078], [0.874279, 0.85481, 0.844526, 0.817949, 0.826524], [0.869543, 0.851419, 0.833281, 0.82419, 0.828421], [0.859049, 0.863272, 0.828853, 0.805193, 0.807467], [0.87528, 0.852618, 0.828455, 0.811019, 0.820818]]","[[0.879776, 0.85164, 0.829845, 0.822338, 0.819778], [0.871669, 0.854391, 0.835871, 0.810039, 0.814133], [0.863833, 0.848271, 0.828783, 0.812146, 0.808104], [0.857987, 0.84569, 0.826225, 0.805193, 0.79875], [0.874148, 0.847733, 0.824473, 0.802442, 0.800121]]","[[""q_uniformity"", ""q_uniformity"", ""q_uniformity"", ""q_uniformity"", ""q_uniformity""], [""q_scratch"", ""q_uniformity"", ""q_uniformity"", ""q_uniformity"", ""q_uniformity""], [""q_scratch"", ""q_scratch"", ""q_scratch"", ""q_uniformity"", ""q_uniformity""], [""q_uniformity"", ""q_scratch"", ""q_uniformity"", ""q_uniformity"", ""q_uniformity""], [""q_scratch"", ""q_uniformity"", ""q_scratch"", ""q_scratch"", ""q_uniformity""]]","[[46.026, 44.6, 43.386, 42.581, 42.444], [45.947, 44.675, 43.489, 42.305, 42.157], [46.099, 44.722, 43.118, 42.036, 41.744], [46.006, 44.805, 42.794, 41.39, 41.026], [46.268, 44.545, 42.661, 41.305, 41.019]]","[[48.088, 47.076, 46.035, 45.299, 45.046], [48.241, 47.167, 45.972, 45.044, 44.709], [48.515, 47.291, 45.742, 44.603, 44.177], [48.632, 47.15, 45.436, 44.146, 43.655], [48.586, 47.06, 45.283, 43.939, 43.425]]","[[48.395, 47.606, 46.507, 45.622, 45.181], [48.648, 47.787, 46.555, 45.518, 44.973], [48.909, 47.94, 46.509, 45.247, 44.549], [48.993, 47.924, 46.316, 44.855, 44.024], [48.961, 47.835, 46.126, 44.556, 43.653]]"
finish_rule,45,0,3,success,5.9195380210876465,4.143571376800537,4.029201507568359,5.368011951446533,-0.9999999403953552,7.999825291335583,0.6908990144729614,0,69.3575564162415,71.03614573934875,0.1873601411942616,0.19122598711949607,1.6968589121536855,1.6371671092648143,0.6714449884171292,0.4287867185414651,41.0192124452099,40.26918866457116,0.7500237806387418,10.26918866457116,35.9027307710548,0.008117378879739573,0.0,0.18614700188856634,,,,True,True,71.03614573934875,66.4428208521671,11,11,0,77.99313661666142,77.91155211316486,0,0,0,11,0,0:0;0:1;0:2;0:3;1:0;1:2;2:0;2:1;3:1;3:2;4:3,0:0;0:1;0:2;0:3;1:0;1:2;2:0;2:1;3:1;3:2;4:3,,,0:0;0:1;0:2;0:3;1:0;1:2;2:0;2:1;3:1;3:2;4:3,,"{""q_ra"": 0, ""q_scratch"": 0, ""q_thermal"": 0, ""q_uniformity"": 11}","[[69.372, 68.337, 68.644, 69.658, 70.309], [69.797, 71.549, 69.74, 71.073, 74.537], [66.986, 67.568, 74.499, 72.945, 74.147], [73.788, 66.443, 66.544, 76.478, 74.984], [70.398, 71.417, 72.817, 69.989, 73.882]]","[[69.372, 68.337, 68.644, 69.658, 70.309], [69.797, 71.549, 69.74, 71.073, 74.537], [66.986, 67.568, 74.499, 72.945, 74.147], [73.788, 66.443, 66.544, 76.478, 74.984], [70.398, 71.417, 72.817, 69.989, 73.882]]","[[69.372, 68.337, 68.644, 69.658, 70.309], [69.797, 71.549, 69.74, 71.073, 74.537], [66.986, 67.568, 74.499, 72.945, 74.147], [73.788, 66.443, 66.544, 76.478, 74.984], [70.398, 71.417, 72.817, 69.989, 73.882]]","[[78.0, 78.0, 78.0, 78.0, 78.0], [78.0, 78.0, 78.0, 78.0, 78.0], [78.0, 78.0, 78.0, 78.0, 78.0], [78.0, 78.0, 78.0, 77.992, 77.912], [78.0, 78.0, 78.0, 77.992, 77.933]]","[[78.0, 78.0, 78.0, 78.0, 78.0], [78.0, 78.0, 78.0, 78.0, 78.0], [78.0, 78.0, 78.0, 78.0, 78.0], [78.0, 78.0, 78.0, 77.992, 77.912], [78.0, 78.0, 78.0, 77.992, 77.933]]","[[78.0, 78.0, 78.0, 78.0, 78.0], [78.0, 78.0, 78.0, 78.0, 78.0], [78.0, 78.0, 78.0, 78.0, 78.0], [78.0, 78.0, 78.0, 77.992, 77.912], [78.0, 78.0, 78.0, 77.992, 77.933]]","[[0.836809, 0.789321, 0.767279, 0.759958, 0.772427], [0.819513, 0.785844, 0.772304, 0.747671, 0.764064], [0.814666, 0.781685, 0.751803, 0.742869, 0.757681], [0.806027, 0.788917, 0.741016, 0.717908, 0.732765], [0.821807, 0.774886, 0.7399, 0.726154, 0.752139]]","[[0.851035, 0.813854, 0.789882, 0.776038, 0.779395], [0.837809, 0.814219, 0.800498, 0.771231, 0.777793], [0.832005, 0.811022, 0.788438, 0.775618, 0.777588], [0.821672, 0.824515, 0.783271, 0.753879, 0.752564], [0.838375, 0.810085, 0.780709, 0.758311, 0.764949]]","[[0.844483, 0.81065, 0.785131, 0.776038, 0.772725], [0.834558, 0.813963, 0.792274, 0.763496, 0.766473], [0.826527, 0.808568, 0.784407, 0.765146, 0.759073], [0.820656, 0.806757, 0.780906, 0.753879, 0.74488], [0.837291, 0.808803, 0.776956, 0.750292, 0.746564]]","[[""q_uniformity"", ""q_uniformity"", ""q_uniformity"", ""q_uniformity"", ""q_uniformity""], [""q_uniformity"", ""q_uniformity"", ""q_uniformity"", ""q_uniformity"", ""q_uniformity""], [""q_uniformity"", ""q_uniformity"", ""q_uniformity"", ""q_uniformity"", ""q_uniformity""], [""q_uniformity"", ""q_uniformity"", ""q_uniformity"", ""q_uniformity"", ""q_uniformity""], [""q_uniformity"", ""q_uniformity"", ""q_uniformity"", ""q_uniformity"", ""q_uniformity""]]","[[45.394, 43.897, 42.665, 41.872, 41.727], [45.282, 43.978, 42.786, 41.603, 41.44], [45.404, 44.023, 42.412, 41.327, 41.024], [45.309, 44.141, 42.09, 40.664, 40.277], [45.582, 43.82, 41.932, 40.57, 40.269]]","[[48.088, 47.076, 46.035, 45.299, 45.046], [48.241, 47.167, 45.972, 45.044, 44.709], [48.515, 47.291, 45.742, 44.603, 44.177], [48.632, 47.15, 45.436, 44.146, 43.655], [48.586, 47.06, 45.283, 43.939, 43.425]]","[[48.395, 47.606, 46.507, 45.622, 45.181], [48.648, 47.787, 46.555, 45.518, 44.973], [48.909, 47.94, 46.509, 45.247, 44.549], [48.993, 47.924, 46.316, 44.855, 44.024], [48.961, 47.835, 46.126, 44.556, 43.653]]"
finish_rule,72,0,1,continue,5.7779998779296875,5.777801513671875,5.659205913543701,6.928940773010254,0.0,5.945709068328142,0.0,0,38.08327149259314,58.74485071432346,0.3092978374851612,0.19925739490399616,2.288186552607849,1.8726085801468888,1.7550257262754239,1.2258331459242573,42.95307113387615,41.707531092607354,1.2455400412687965,11.707531092607354,35.90274149841902,0.008118167805874248,0.16078784693823625,0.22009095627496966,2.1916554363645457,44.1069058761292,7.969655436364546,False,True,58.74485071432346,41.37215186660682,24,24,0,77.99313562228559,77.91154253120348,0,0,0,24,0,0:0;0:1;0:2;0:3;0:4;1:0;1:1;1:2;1:3;1:4;2:0;2:1;2:2;2:3;2:4;3:0;3:1;3:2;3:3;3:4;4:0;4:1;4:2;4:4,0:0;0:1;0:2;0:3;0:4;1:0;1:1;1:2;1:3;1:4;2:0;2:1;2:2;2:3;2:4;3:0;3:1;3:2;3:3;3:4;4:0;4:1;4:2;4:4,,,0:0;0:1;0:2;0:3;0:4;1:0;1:1;1:2;1:3;1:4;2:0;2:1;2:2;2:3;2:4;3:0;3:1;3:2;3:3;3:4;4:0;4:1;4:2;4:4,,"{""q_ra"": 10, ""q_scratch"": 14, ""q_thermal"": 0, ""q_uniformity"": 0}","[[65.941, 56.287, 68.471, 63.016, 55.882], [45.791, 65.398, 69.326, 62.474, 49.787], [48.179, 54.761, 58.104, 56.674, 52.208], [45.375, 64.99, 54.64, 68.731, 65.225], [41.372, 62.349, 60.578, 74.249, 58.815]]","[[65.941, 56.287, 68.471, 63.016, 55.882], [45.791, 65.398, 69.326, 62.474, 49.787], [48.179, 54.761, 58.104, 56.674, 52.208], [45.375, 64.99, 54.64, 68.731, 65.225], [41.372, 62.349, 60.578, 74.249, 58.815]]","[[65.941, 56.287, 68.471, 63.016, 55.882], [45.791, 65.398, 69.326, 62.474, 49.787], [48.179, 54.761, 58.104, 56.674, 52.208], [45.375, 64.99, 54.64, 68.731, 65.225], [41.372, 62.349, 60.578, 74.249, 58.815]]","[[78.0, 78.0, 78.0, 78.0, 78.0], [78.0, 78.0, 78.0, 78.0, 78.0], [78.0, 78.0, 78.0, 78.0, 78.0], [78.0, 78.0, 78.0, 77.992, 77.912], [78.0, 78.0, 78.0, 77.992, 77.933]]","[[78.0, 78.0, 78.0, 78.0, 78.0], [78.0, 78.0, 78.0, 78.0, 78.0], [78.0, 78.0, 78.0, 78.0, 78.0], [78.0, 78.0, 78.0, 77.992, 77.912], [78.0, 78.0, 78.0, 77.992, 77.933]]","[[78.0, 78.0, 78.0, 78.0, 78.0], [78.0, 78.0, 78.0, 78.0, 78.0], [78.0, 78.0, 78.0, 78.0, 78.0], [78.0, 78.0, 78.0, 77.992, 77.912], [78.0, 78.0, 78.0, 77.992, 77.933]]","[[0.910806, 0.889793, 0.894183, 0.878858, 0.886975], [0.878178, 0.862551, 0.854774, 0.837349, 0.857653], [0.866388, 0.860352, 0.843531, 0.837273, 0.842591], [0.87241, 0.865964, 0.865941, 0.860455, 0.863931], [0.893561, 0.894648, 0.89417, 0.88132, 0.891151]]","[[0.925024, 0.90609, 0.903842, 0.899006, 0.904786], [0.9083, 0.895298, 0.884443, 0.877719, 0.89586], [0.907309, 0.902365, 0.885209, 0.887912, 0.888808], [0.91021, 0.903075, 0.904569, 0.905466, 0.903874], [0.912947, 0.913162, 0.913719, 0.906628, 0.912603]]","[[0.916659, 0.895684, 0.879033, 0.878547, 0.895325], [0.900957, 0.894029, 0.878165, 0.876553, 0.887727], [0.907309, 0.89474, 0.883402, 0.884855, 0.885934], [0.909312, 0.897766, 0.899303, 0.89543, 0.899164], [0.912947, 0.909179, 0.903979, 0.904948, 0.912603]]","[[""q_scratch"", ""q_ra"", ""q_scratch"", ""q_scratch"", ""q_scratch""], [""q_ra"", ""q_scratch"", ""q_scratch"", ""q_scratch"", ""q_ra""], [""q_ra"", ""q_ra"", ""q_scratch"", ""q_ra"", ""q_ra""], [""q_ra"", ""q_scratch"", ""q_ra"", ""q_scratch"", ""q_scratch""], [""q_ra"", ""q_scratch"", ""q_scratch"", ""q_scratch"", ""q_scratch""]]","[[42.324, 41.782, 41.708, 41.727, 42.153], [42.386, 41.965, 41.794, 41.81, 42.426], [43.212, 42.974, 42.722, 42.925, 43.345], [44.518, 44.29, 44.314, 44.528, 44.922], [45.739, 45.636, 45.646, 45.713, 46.215]]","[[43.323, 43.003, 42.953, 43.045, 43.432], [43.636, 43.364, 43.335, 43.456, 43.871], [44.562, 44.377, 44.372, 44.557, 45.014], [45.95, 45.824, 45.824, 46.045, 46.509], [47.239, 47.123, 47.124, 47.331, 47.768]]","[[43.531, 43.241, 43.093, 43.344, 43.702], [44.104, 43.871, 43.798, 44.105, 44.489], [45.25, 45.079, 45.082, 45.437, 45.838], [46.641, 46.502, 46.53, 46.884, 47.272], [47.613, 47.478, 47.498, 47.829, 48.196]]"
finish_rule,72,0,2,continue,7.969655513763428,6.774054050445557,6.58680534362793,8.000933647155762,-0.4999999701976776,7.999825291335583,0.6908990144729614,0,58.74485071432346,68.31895052777752,0.19925739490399616,0.1979261456695928,1.8726085801468888,1.6343829270580708,1.2258331459242573,0.6528529277417556,41.707531092607354,40.45783869236959,1.2496924002377625,10.457838692369592,35.90274149841902,0.013175929720243904,0.024014992460321186,0.18972663302502388,0.37973043758944075,44.57907968700446,6.15773043758944,False,True,68.31895052777752,57.01551547082063,15,15,0,77.9888210154877,77.84942605350649,0,0,0,15,0,0:1;0:3;0:4;1:0;1:4;2:0;2:1;2:2;2:3;2:4;3:0;3:2;4:0;4:1;4:2,0:1;0:3;0:4;1:0;1:4;2:0;2:1;2:2;2:3;2:4;3:0;3:2;4:0;4:1;4:2,,,0:1;0:3;0:4;1:0;1:4;2:0;2:1;2:2;2:3;2:4;3:0;3:2;4:0;4:1;4:2,,"{""q_ra"": 2, ""q_scratch"": 2, ""q_thermal"": 0, ""q_uniformity"": 11}","[[70.014, 69.37, 71.664, 69.966, 67.995], [58.207, 71.076, 73.651, 70.335, 65.651], [63.682, 67.259, 68.7, 68.831, 68.026], [59.891, 70.51, 68.779, 72.058, 70.558], [57.016, 69.878, 69.321, 75.451, 70.085]]","[[70.014, 69.37, 71.664, 69.966, 67.995], [58.207, 71.076, 73.651, 70.335, 65.651], [63.682, 67.259, 68.7, 68.831, 68.026], [59.891, 70.51, 68.779, 72.058, 70.558], [57.016, 69.878, 69.321, 75.451, 70.085]]","[[70.014, 69.37, 71.664, 69.966, 67.995], [58.207, 71.076, 73.651, 70.335, 65.651], [63.682, 67.259, 68.7, 68.831, 68.026], [59.891, 70.51, 68.779, 72.058, 70.558], [57.016, 69.878, 69.321, 75.451, 70.085]]","[[78.0, 78.0, 78.0, 78.0, 78.0], [78.0, 78.0, 78.0, 78.0, 78.0], [78.0, 78.0, 78.0, 78.0, 78.0], [78.0, 78.0, 78.0, 77.979, 77.849], [78.0, 78.0, 78.0, 77.986, 77.906]]","[[78.0, 78.0, 78.0, 78.0, 78.0], [78.0, 78.0, 78.0, 78.0, 78.0], [78.0, 78.0, 78.0, 78.0, 78.0], [78.0, 78.0, 78.0, 77.979, 77.849], [78.0, 78.0, 78.0, 77.986, 77.906]]","[[78.0, 78.0, 78.0, 78.0, 78.0], [78.0, 78.0, 78.0, 78.0, 78.0], [78.0, 78.0, 78.0, 78.0, 78.0], [78.0, 78.0, 78.0, 77.979, 77.849], [78.0, 78.0, 78.0, 77.986, 77.906]]","[[0.837776, 0.801941, 0.798735, 0.785119, 0.800007], [0.798342, 0.778529, 0.76213, 0.746512, 0.773512], [0.792962, 0.781516, 0.75877, 0.754861, 0.760291], [0.804067, 0.793076, 0.791939, 0.784484, 0.787763], [0.826137, 0.825379, 0.820178, 0.809175, 0.821526]]","[[0.850854, 0.816629, 0.807364, 0.803118, 0.816072], [0.825725, 0.808086, 0.788584, 0.782504, 0.807971], [0.830415, 0.819679, 0.796259, 0.800516, 0.801994], [0.838905, 0.827064, 0.827266, 0.82552, 0.824185], [0.84406, 0.84246, 0.83811, 0.832412, 0.841302]]","[[0.842384, 0.807489, 0.783645, 0.783136, 0.804611], [0.819051, 0.807864, 0.782986, 0.782347, 0.797584], [0.830415, 0.812453, 0.794215, 0.797395, 0.798351], [0.838761, 0.821795, 0.821388, 0.815504, 0.819284], [0.84406, 0.838785, 0.827692, 0.829401, 0.841302]]","[[""q_uniformity"", ""q_uniformity"", ""q_uniformity"", ""q_uniformity"", ""q_uniformity""], [""q_ra"", ""q_uniformity"", ""q_uniformity"", ""q_uniformity"", ""q_uniformity""], [""q_scratch"", ""q_scratch"", ""q_uniformity"", ""q_uniformity"", ""q_uniformity""], [""q_uniformity"", ""q_scratch"", ""q_uniformity"", ""q_uniformity"", ""q_uniformity""], [""q_ra"", ""q_uniformity"", ""q_uniformity"", ""q_uniformity"", ""q_uniformity""]]","[[41.336, 40.619, 40.458, 40.477, 40.962], [41.26, 40.799, 40.516, 40.529, 41.207], [42.092, 41.785, 41.444, 41.653, 42.042], [43.381, 43.087, 43.091, 43.245, 43.606], [44.551, 44.426, 44.352, 44.427, 44.948]]","[[43.323, 43.003, 42.953, 43.045, 43.432], [43.636, 43.364, 43.335, 43.456, 43.871], [44.562, 44.377, 44.372, 44.557, 45.014], [45.95, 45.824, 45.824, 46.045, 46.509], [47.239, 47.123, 47.124, 47.331, 47.768]]","[[43.531, 43.241, 43.093, 43.344, 43.702], [44.104, 43.871, 43.798, 44.105, 44.489], [45.25, 45.079, 45.082, 45.437, 45.838], [46.641, 46.502, 46.53, 46.884, 47.272], [47.613, 47.478, 47.498, 47.829, 48.196]]"
finish_rule,72,0,3,fail_max_passes,6.157730579376221,4.310498237609863,4.191305160522461,5.53404426574707,-0.9999999403953552,7.999825291335583,0.6908990144729614,0,68.31895052777752,70.33017111511934,0.1979261456695928,0.20157116786688298,1.6343829270580708,1.5349288765433688,0.6528529277417556,0.4485557659435164,40.45783869236959,39.70680183706768,0.751036855301912,9.70680183706768,35.90274149841902,0.013175929720243904,0.007855839334414833,0.1791892564578363,,,,False,True,70.33017111511934,63.297892884058406,11,11,0,77.9888210154877,77.84942605350649,0,0,0,11,0,0:4;1:0;1:4;2:0;2:1;2:2;2:3;2:4;3:0;3:2;4:0,0:4;1:0;1:4;2:0;2:1;2:2;2:3;2:4;3:0;3:2;4:0,,,0:4;1:0;1:4;2:0;2:1;2:2;2:3;2:4;3:0;3:2;4:0,,"{""q_ra"": 0, ""q_scratch"": 0, ""q_thermal"": 0, ""q_uniformity"": 11}","[[70.075, 70.397, 72.694, 71.239, 69.499], [63.298, 72.727, 75.032, 71.21, 68.799], [68.252, 69.026, 69.932, 69.497, 68.743], [66.49, 72.388, 69.828, 72.94, 71.46], [66.415, 71.343, 70.625, 75.974, 70.372]]","[[70.075, 70.397, 72.694, 71.239, 69.499], [63.298, 72.727, 75.032, 71.21, 68.799], [68.252, 69.026, 69.932, 69.497, 68.743], [66.49, 72.388, 69.828, 72.94, 71.46], [66.415, 71.343, 70.625, 75.974, 70.372]]","[[70.075, 70.397, 72.694, 71.239, 69.499], [63.298, 72.727, 75.032, 71.21, 68.799], [68.252, 69.026, 69.932, 69.497, 68.743], [66.49, 72.388, 69.828, 72.94, 71.46], [66.415, 71.343, 70.625, 75.974, 70.372]]","[[78.0, 78.0, 78.0, 78.0, 78.0], [78.0, 78.0, 78.0, 78.0, 78.0], [78.0, 78.0, 78.0, 78.0, 78.0], [78.0, 78.0, 78.0, 77.979, 77.849], [78.0, 78.0, 78.0, 77.986, 77.906]]","[[78.0, 78.0, 78.0, 78.0, 78.0], [78.0, 78.0, 78.0, 78.0, 78.0], [78.0, 78.0, 78.0, 78.0, 78.0], [78.0, 78.0, 78.0, 77.979, 77.849], [78.0, 78.0, 78.0, 77.986, 77.906]]","[[78.0, 78.0, 78.0, 78.0, 78.0], [78.0, 78.0, 78.0, 78.0, 78.0], [78.0, 78.0, 78.0, 78.0, 78.0], [78.0, 78.0, 78.0, 77.979, 77.849], [78.0, 78.0, 78.0, 77.986, 77.906]]","[[0.790368, 0.747122, 0.741374, 0.728449, 0.745717], [0.748149, 0.725577, 0.707683, 0.69331, 0.723395], [0.745459, 0.732218, 0.708347, 0.707064, 0.713816], [0.761018, 0.749123, 0.747818, 0.741595, 0.744317], [0.784995, 0.783884, 0.777711, 0.767768, 0.780716]]","[[0.802706, 0.760806, 0.749382, 0.745148, 0.760691], [0.773811, 0.753124, 0.732247, 0.726736, 0.755621], [0.780668, 0.767974, 0.743345, 0.749827, 0.752969], [0.793991, 0.781228, 0.781176, 0.780388, 0.77873], [0.802026, 0.800107, 0.794714, 0.789815, 0.799509]]","[[0.794249, 0.752137, 0.727408, 0.727073, 0.750511], [0.767555, 0.753124, 0.727048, 0.726736, 0.74586], [0.780668, 0.761284, 0.741879, 0.74843, 0.749707], [0.793991, 0.777221, 0.776717, 0.770767, 0.774099], [0.802026, 0.796616, 0.784141, 0.786167, 0.799509]]","[[""q_uniformity"", ""q_uniformity"", ""q_uniformity"", ""q_uniformity"", ""q_uniformity""], [""q_uniformity"", ""q_uniformity"", ""q_uniformity"", ""q_uniformity"", ""q_uniformity""], [""q_uniformity"", ""q_uniformity"", ""q_uniformity"", ""q_uniformity"", ""q_uniformity""], [""q_uniformity"", ""q_uniformity"", ""q_uniformity"", ""q_uniformity"", ""q_uniformity""], [""q_uniformity"", ""q_uniformity"", ""q_uniformity"", ""q_uniformity"", ""q_uniformity""]]","[[40.694, 39.893, 39.707, 39.72, 40.218], [40.552, 40.065, 39.764, 39.779, 40.481], [41.368, 41.041, 40.683, 40.915, 41.305], [42.664, 42.362, 42.361, 42.521, 42.856], [43.826, 43.7, 43.608, 43.688, 44.206]]","[[43.323, 43.003, 42.953, 43.045, 43.432], [43.636, 43.364, 43.335, 43.456, 43.871], [44.562, 44.377, 44.372, 44.557, 45.014], [45.95, 45.824, 45.824, 46.045, 46.509], [47.239, 47.123, 47.124, 47.331, 47.768]]","[[43.531, 43.241, 43.093, 43.344, 43.702], [44.104, 43.871, 43.798, 44.105, 44.489], [45.25, 45.079, 45.082, 45.437, 45.838], [46.641, 46.502, 46.53, 46.884, 47.272], [47.613, 47.478, 47.498, 47.829, 48.196]]"
finish_rule,91,0,1,continue,5.7779998779296875,5.777801513671875,5.659209728240967,6.9276838302612305,0.0,5.945709068328142,0.0,0,46.71505051069169,60.83436414002138,0.2804602172555024,0.19419213298648932,2.2994645693436766,1.8927192745785535,1.8932276888626607,1.1673177827917023,40.0,38.25289071751044,1.7471092824895607,8.25289071751044,35.902849926154694,0.008117871805722229,0.13093765514255173,0.30871965634548215,1.2723937635770943,20.254268197658757,7.050393763577094,False,True,60.83436414002138,41.159430703804276,20,20,0,77.99313594448658,77.91154891430878,0,0,0,20,0,0:0;0:1;0:3;0:4;1:0;1:1;1:2;1:3;1:4;2:0;2:2;2:4;3:0;3:1;3:2;3:3;3:4;4:0;4:1;4:2,0:0;0:1;0:3;0:4;1:0;1:1;1:2;1:3;1:4;2:0;2:2;2:4;3:0;3:1;3:2;3:3;3:4;4:0;4:1;4:2,,,0:0;0:1;0:3;0:4;1:0;1:1;1:2;1:3;1:4;2:0;2:2;2:4;3:0;3:1;3:2;3:3;3:4;4:0;4:1;4:2,,"{""q_ra"": 8, ""q_scratch"": 12, ""q_thermal"": 0, ""q_uniformity"": 0}","[[67.828, 67.318, 76.405, 63.147, 62.173], [52.715, 69.196, 54.818, 68.534, 60.067], [48.313, 70.526, 52.714, 70.571, 53.583], [59.499, 52.977, 50.332, 48.623, 64.625], [58.768, 41.159, 55.64, 76.319, 75.008]]","[[67.828, 67.318, 76.405, 63.147, 62.173], [52.715, 69.196, 54.818, 68.534, 60.067], [48.313, 70.526, 52.714, 70.571, 53.583], [59.499, 52.977, 50.332, 48.623, 64.625], [58.768, 41.159, 55.64, 76.319, 75.008]]","[[67.828, 67.318, 76.405, 63.147, 62.173], [52.715, 69.196, 54.818, 68.534, 60.067], [48.313, 70.526, 52.714, 70.571, 53.583], [59.499, 52.977, 50.332, 48.623, 64.625], [58.768, 41.159, 55.64, 76.319, 75.008]]","[[78.0, 78.0, 78.0, 78.0, 78.0], [78.0, 78.0, 78.0, 78.0, 78.0], [78.0, 78.0, 78.0, 78.0, 78.0], [78.0, 78.0, 78.0, 77.992, 77.912], [78.0, 78.0, 78.0, 77.992, 77.933]]","[[78.0, 78.0, 78.0, 78.0, 78.0], [78.0, 78.0, 78.0, 78.0, 78.0], [78.0, 78.0, 78.0, 78.0, 78.0], [78.0, 78.0, 78.0, 77.992, 77.912], [78.0, 78.0, 78.0, 77.992, 77.933]]","[[78.0, 78.0, 78.0, 78.0, 78.0], [78.0, 78.0, 78.0, 78.0, 78.0], [78.0, 78.0, 78.0, 78.0, 78.0], [78.0, 78.0, 78.0, 77.992, 77.912], [78.0, 78.0, 78.0, 77.992, 77.933]]","[[0.871906, 0.858237, 0.855987, 0.838564, 0.839841], [0.859192, 0.845462, 0.833189, 0.828779, 0.829989], [0.85237, 0.840972, 0.829974, 0.825289, 0.828901], [0.840963, 0.829532, 0.825922, 0.816262, 0.812188], [0.841442, 0.825564, 0.821258, 0.827415, 0.825373]]","[[0.871906, 0.858237, 0.855987, 0.838564, 0.839841], [0.859192, 0.845462, 0.833189, 0.828779, 0.829989], [0.85237, 0.840972, 0.829974, 0.825289, 0.828901], [0.852535, 0.839065, 0.835865, 0.829629, 0.828665], [0.861438, 0.846062, 0.847487, 0.858809, 0.855963]]","[[0.871906, 0.858237, 0.855987, 0.838564, 0.839841], [0.859192, 0.845462, 0.833189, 0.828779, 0.829989], [0.85237, 0.840972, 0.829974, 0.825289, 0.828901], [0.852133, 0.839065, 0.835865, 0.829629, 0.828665], [0.861438, 0.845543, 0.847487, 0.853646, 0.855963]]","[[""q_scratch"", ""q_scratch"", ""q_uniformity"", ""q_scratch"", ""q_scratch""], [""q_scratch"", ""q_scratch"", ""q_ra"", ""q_scratch"", ""q_scratch""], [""q_ra"", ""q_scratch"", ""q_ra"", ""q_scratch"", ""q_scratch""], [""q_scratch"", ""q_ra"", ""q_ra"", ""q_ra"", ""q_scratch""], [""q_ra"", ""q_ra"", ""q_scratch"", ""q_uniformity"", ""q_uniformity""]]","[[38.719, 38.582, 38.56, 38.386, 38.398], [38.592, 38.455, 38.332, 38.288, 38.3], [38.524, 38.41, 38.3, 38.253, 38.289], [38.525, 38.391, 38.359, 38.296, 38.287], [39.045, 38.875, 38.902, 39.114, 39.206]]","[[40.0, 40.0, 40.0, 40.0, 40.0], [40.0, 40.0, 40.0, 40.0, 40.0], [40.0, 40.0, 40.0, 40.0, 40.0], [40.0, 40.0, 40.0, 40.0, 40.0], [40.5, 40.49, 40.504, 40.613, 40.755]]","[[40.0, 40.0, 40.0, 40.0, 40.0], [40.0, 40.0, 40.0, 40.0, 40.0], [40.0, 40.0, 40.0, 40.0, 40.0], [40.138, 40.115, 40.12, 40.164, 40.203], [40.75, 40.75, 40.839, 41.015, 41.154]]"
finish_rule,91,0,2,continue,7.050393581390381,5.9927802085876465,5.827142238616943,7.220691204071045,-0.4999999701976776,7.999825291335583,0.6908990144729614,0,60.83436414002138,68.23592453627728,0.19419213298648932,0.19639334616492912,1.8927192745785535,1.6496347575418238,1.1673177827917023,0.7192940809104256,38.25289071751044,37.08378096350465,1.1691097540057882,7.083780963504651,35.902849926154694,0.008117871805722229,0.0252010780531817,0.20063175157421131,0.3768258691176325,25.33886547675491,6.154825869117632,False,True,68.23592453627728,54.866506470796374,16,16,0,77.99313594448658,77.91154891430878,0,0,0,16,0,0:0;0:4;1:0;1:2;1:4;2:0;2:2;2:4;3:0;3:1;3:2;3:3;3:4;4:0;4:1;4:2,0:0;0:4;1:0;1:2;1:4;2:0;2:2;2:4;3:0;3:1;3:2;3:3;3:4;4:0;4:1;4:2,,,0:0;0:4;1:0;1:2;1:4;2:0;2:2;2:4;3:0;3:1;3:2;3:3;3:4;4:0;4:1;4:2,,"{""q_ra"": 1, ""q_scratch"": 8, ""q_thermal"": 0, ""q_uniformity"": 7}","[[67.191, 70.234, 75.856, 70.804, 69.535], [64.457, 72.759, 67.309, 72.763, 69.108], [60.857, 73.432, 64.287, 74.154, 65.462], [67.285, 65.506, 63.607, 61.954, 69.692], [68.631, 54.867, 66.627, 75.866, 73.655]]","[[67.191, 70.234, 75.856, 70.804, 69.535], [64.457, 72.759, 67.309, 72.763, 69.108], [60.857, 73.432, 64.287, 74.154, 65.462], [67.285, 65.506, 63.607, 61.954, 69.692], [68.631, 54.867, 66.627, 75.866, 73.655]]","[[67.191, 70.234, 75.856, 70.804, 69.535], [64.457, 72.759, 67.309, 72.763, 69.108], [60.857, 73.432, 64.287, 74.154, 65.462], [67.285, 65.506, 63.607, 61.954, 69.692], [68.631, 54.867, 66.627, 75.866, 73.655]]","[[78.0, 78.0, 78.0, 78.0, 78.0], [78.0, 78.0, 78.0, 78.0, 78.0], [78.0, 78.0, 78.0, 78.0, 78.0], [78.0, 78.0, 78.0, 77.992, 77.912], [78.0, 78.0, 78.0, 77.992, 77.933]]","[[78.0, 78.0, 78.0, 78.0, 78.0], [78.0, 78.0, 78.0, 78.0, 78.0], [78.0, 78.0, 78.0, 78.0, 78.0], [78.0, 78.0, 78.0, 77.992, 77.912], [78.0, 78.0, 78.0, 77.992, 77.933]]","[[78.0, 78.0, 78.0, 78.0, 78.0], [78.0, 78.0, 78.0, 78.0, 78.0], [78.0, 78.0, 78.0, 78.0, 78.0], [78.0, 78.0, 78.0, 77.992, 77.912], [78.0, 78.0, 78.0, 77.992, 77.933]]","[[0.776394, 0.755271, 0.749376, 0.724606, 0.728421], [0.757587, 0.73886, 0.720794, 0.715548, 0.716627], [0.747408, 0.733158, 0.714945, 0.708378, 0.712611], [0.738263, 0.72233, 0.713195, 0.701453, 0.697172], [0.745185, 0.721852, 0.718303, 0.724976, 0.724252]]","[[0.776394, 0.755271, 0.749376, 0.724606, 0.728421], [0.757587, 0.73886, 0.720794, 0.715548, 0.716627], [0.747408, 0.733158, 0.714945, 0.708378, 0.712611], [0.748421, 0.730632, 0.721781, 0.71294, 0.711316], [0.762894, 0.739774, 0.741243, 0.752483, 0.751094]]","[[0.776394, 0.755271, 0.749376, 0.724606, 0.728421], [0.757587, 0.73886, 0.720794, 0.715548, 0.716627], [0.747408, 0.733158, 0.714945, 0.708378, 0.712611], [0.748421, 0.730632, 0.721781, 0.71294, 0.711316], [0.762894, 0.739321, 0.741243, 0.747959, 0.751094]]","[[""q_scratch"", ""q_scratch"", ""q_uniformity"", ""q_uniformity"", ""q_uniformity""], [""q_scratch"", ""q_uniformity"", ""q_uniformity"", ""q_uniformity"", ""q_uniformity""], [""q_uniformity"", ""q_uniformity"", ""q_uniformity"", ""q_scratch"", ""q_scratch""], [""q_scratch"", ""q_scratch"", ""q_scratch"", ""q_uniformity"", ""q_scratch""], [""q_uniformity"", ""q_ra"", ""q_scratch"", ""q_uniformity"", ""q_uniformity""]]","[[37.764, 37.553, 37.494, 37.246, 37.284], [37.576, 37.389, 37.208, 37.155, 37.166], [37.474, 37.332, 37.149, 37.084, 37.126], [37.484, 37.306, 37.218, 37.129, 37.113], [38.01, 37.76, 37.786, 37.986, 38.078]]","[[40.0, 40.0, 40.0, 40.0, 40.0], [40.0, 40.0, 40.0, 40.0, 40.0], [40.0, 40.0, 40.0, 40.0, 40.0], [40.0, 40.0, 40.0, 40.0, 40.0], [40.5, 40.49, 40.504, 40.613, 40.755]]","[[40.0, 40.0, 40.0, 40.0, 40.0], [40.0, 40.0, 40.0, 40.0, 40.0], [40.0, 40.0, 40.0, 40.0, 40.0], [40.138, 40.115, 40.12, 40.164, 40.203], [40.75, 40.75, 40.839, 41.015, 41.154]]"
finish_rule,91,0,3,fail_max_passes,6.154825687408447,4.308530330657959,4.189373970031738,5.532886505126953,-0.9999999403953552,7.999825291335583,0.6908990144729614,0,68.23592453627728,70.20721885622068,0.19639334616492912,0.20130740472003,1.6496347575418238,1.5052664281910655,0.7192940809104256,0.4497593485458311,37.08378096350465,36.32771462382862,0.7560663396760319,6.327714623828619,35.902849926154694,0.008117871805722229,0.00653702360014996,0.18047239159943126,,,,False,True,70.20721885622068,66.02060223791244,14,14,0,77.99313594448658,77.91154891430878,0,0,0,14,0,0:0;0:4;1:0;1:2;2:0;2:2;2:4;3:0;3:1;3:2;3:3;4:0;4:1;4:2,0:0;0:4;1:0;1:2;2:0;2:2;2:4;3:0;3:1;3:2;3:3;4:0;4:1;4:2,,,0:0;0:4;1:0;1:2;2:0;2:2;2:4;3:0;3:1;3:2;3:3;4:0;4:1;4:2,,"{""q_ra"": 0, ""q_scratch"": 1, ""q_thermal"": 0, ""q_uniformity"": 13}","[[66.723, 70.334, 75.594, 71.628, 69.487], [68.435, 73.489, 68.63, 73.964, 70.093], [66.662, 74.394, 66.954, 75.29, 67.693], [69.567, 67.974, 66.915, 66.826, 71.971], [69.33, 66.021, 68.283, 75.912, 73.01]]","[[66.723, 70.334, 75.594, 71.628, 69.487], [68.435, 73.489, 68.63, 73.964, 70.093], [66.662, 74.394, 66.954, 75.29, 67.693], [69.567, 67.974, 66.915, 66.826, 71.971], [69.33, 66.021, 68.283, 75.912, 73.01]]","[[66.723, 70.334, 75.594, 71.628, 69.487], [68.435, 73.489, 68.63, 73.964, 70.093], [66.662, 74.394, 66.954, 75.29, 67.693], [69.567, 67.974, 66.915, 66.826, 71.971], [69.33, 66.021, 68.283, 75.912, 73.01]]","[[78.0, 78.0, 78.0, 78.0, 78.0], [78.0, 78.0, 78.0, 78.0, 78.0], [78.0, 78.0, 78.0, 78.0, 78.0], [78.0, 78.0, 78.0, 77.992, 77.912], [78.0, 78.0, 78.0, 77.992, 77.933]]","[[78.0, 78.0, 78.0, 78.0, 78.0], [78.0, 78.0, 78.0, 78.0, 78.0], [78.0, 78.0, 78.0, 78.0, 78.0], [78.0, 78.0, 78.0, 77.992, 77.912], [78.0, 78.0, 78.0, 77.992, 77.933]]","[[78.0, 78.0, 78.0, 78.0, 78.0], [78.0, 78.0, 78.0, 78.0, 78.0], [78.0, 78.0, 78.0, 78.0, 78.0], [78.0, 78.0, 78.0, 77.992, 77.912], [78.0, 78.0, 78.0, 77.992, 77.933]]","[[0.708028, 0.682275, 0.675042, 0.649135, 0.654357], [0.684831, 0.664616, 0.646081, 0.641408, 0.642409], [0.674207, 0.660355, 0.639095, 0.632771, 0.636866], [0.666745, 0.650461, 0.639443, 0.626281, 0.621888], [0.67891, 0.65369, 0.650418, 0.656158, 0.655435]]","[[0.708028, 0.682275, 0.675042, 0.649135, 0.654357], [0.684831, 0.664616, 0.646081, 0.641408, 0.642409], [0.674207, 0.660355, 0.639095, 0.632771, 0.636866], [0.675919, 0.657937, 0.647141, 0.636537, 0.634505], [0.695044, 0.66992, 0.67119, 0.681054, 0.679727]]","[[0.708028, 0.682275, 0.675042, 0.649135, 0.654357], [0.684831, 0.664616, 0.646081, 0.641408, 0.642409], [0.674207, 0.660355, 0.639095, 0.632771, 0.636866], [0.675919, 0.657937, 0.647141, 0.636537, 0.634505], [0.695044, 0.669296, 0.67119, 0.676499, 0.679566]]","[[""q_scratch"", ""q_uniformity"", ""q_uniformity"", ""q_uniformity"", ""q_uniformity""], [""q_uniformity"", ""q_uniformity"", ""q_uniformity"", ""q_uniformity"", ""q_uniformity""], [""q_uniformity"", ""q_uniformity"", ""q_uniformity"", ""q_uniformity"", ""q_uniformity""], [""q_uniformity"", ""q_uniformity"", ""q_uniformity"", ""q_uniformity"", ""q_uniformity""], [""q_uniformity"", ""q_uniformity"", ""q_uniformity"", ""q_uniformity"", ""q_uniformity""]]","[[37.08, 36.823, 36.75, 36.491, 36.544], [36.848, 36.646, 36.461, 36.414, 36.424], [36.742, 36.604, 36.391, 36.328, 36.369], [36.759, 36.579, 36.471, 36.365, 36.345], [37.298, 37.027, 37.05, 37.228, 37.311]]","[[40.0, 40.0, 40.0, 40.0, 40.0], [40.0, 40.0, 40.0, 40.0, 40.0], [40.0, 40.0, 40.0, 40.0, 40.0], [40.0, 40.0, 40.0, 40.0, 40.0], [40.5, 40.49, 40.504, 40.613, 40.755]]","[[40.0, 40.0, 40.0, 40.0, 40.0], [40.0, 40.0, 40.0, 40.0, 40.0], [40.0, 40.0, 40.0, 40.0, 40.0], [40.138, 40.115, 40.12, 40.164, 40.203], [40.75, 40.75, 40.839, 41.015, 41.154]]"
