candidate_id,control_step,sim_time_s,force_cmd_n,force_sensor_raw_n,force_sensor_filtered_n,force_model_n,force_used_n,sensor_matrix_n,sensor_fault,force_hard_limit_n,pad_u_m,pad_v_m,pad_gap_m,command_clearance_m,surface_normal_x,surface_normal_y,surface_normal_z
freeform_s0_cross,1,0.05000000074505806,5.7779998779296875,0.0,0.0,0.4122498631477356,0.0,0.0,False,14.0,-0.29846805334091187,0.12451519072055817,0.2337740957736969,0.06149999052286148,-2.6487934068342156e-10,-1.942831659440536e-11,1.0
freeform_s0_cross,2,0.10000000149011612,5.7779998779296875,0.0,0.0,0.4199356734752655,0.0,0.0,False,14.0,-0.19135138392448425,0.10308392345905304,0.19258534908294678,0.06089998036623001,-3.253287104598712e-06,-6.060678856556478e-07,1.0
freeform_s0_cross,3,0.15000002086162567,5.7779998779296875,0.0,0.0,0.41999948024749756,0.0,0.0,False,14.0,-0.10991406440734863,0.08280110359191895,0.12579095363616943,0.06029997020959854,-0.0003180090570822358,-0.00012258067727088928,0.9999999403953552
freeform_s0_cross,4,0.20000006258487701,5.7779998779296875,0.0,0.0,0.42000001668930054,0.0,0.0,False,14.0,-0.0765354335308075,0.07607102394104004,0.1064542829990387,0.05969996005296707,-0.0011172752128913999,-0.0005799967329949141,0.9999992251396179
freeform_s0_cross,5,0.25000008940696716,5.7779998779296875,0.0,0.0,0.42000001668930054,0.0,0.0,False,14.0,-0.05037260055541992,0.07450690120458603,0.11682063341140747,0.0590999498963356,-0.0024986884091049433,-0.0015912653179839253,0.9999955892562866
freeform_s0_cross,6,0.30000004172325134,5.7779998779296875,0.0,0.0,0.42000001668930054,0.0,0.0,False,14.0,-0.025242924690246582,0.08062929660081863,0.13505437970161438,0.05849993973970413,-0.00517154298722744,-0.0036722426302731037,0.9999799132347107
freeform_s0_cross,7,0.3499999940395355,5.7779998779296875,0.0,0.0,0.42000001668930054,0.0,0.0,False,14.0,-0.006088137626647949,0.08016012609004974,0.15253356099128723,0.05789992958307266,-0.007151659578084946,-0.005810524336993694,0.9999575614929199
freeform_s0_cross,8,0.3999999463558197,5.7779998779296875,0.0,0.0,0.42000001668930054,0.0,0.0,False,14.0,0.011587589979171753,0.07681009918451309,0.13745850324630737,0.05729991942644119,-0.00865141861140728,-0.00779005466029048,0.9999322295188904
freeform_s0_cross,9,0.4499998986721039,5.7779998779296875,0.0,0.0,0.42000001668930054,0.0,0.0,False,14.0,0.030466169118881226,0.07361407577991486,0.10610300302505493,0.05669990926980972,-0.01039170753210783,-0.009454920887947083,0.999901294708252
freeform_s0_cross,10,0.49999985098838806,5.7779998779296875,0.0,0.0,0.42000001668930054,0.0,0.0,False,14.0,0.046742409467697144,0.0690682902932167,0.07566115260124207,0.05609989911317825,-0.011669395491480827,-0.010081741958856583,0.9998810887336731
freeform_s0_cross,11,0.5499998331069946,5.7779998779296875,0.0,0.0,0.42000001668930054,0.0,0.0,False,14.0,0.059939831495285034,0.07101550698280334,0.05920186638832092,0.05549988895654678,-0.011753709986805916,-0.009908684529364109,0.9998818039894104
freeform_s0_cross,12,0.5999997854232788,5.7779998779296875,0.0,0.0,0.42000001668930054,0.0,0.0,False,14.0,0.06677648425102234,0.07542409002780914,0.05373197793960571,0.054899878799915314,-0.010543115437030792,-0.009110421873629093,0.9999029040336609
freeform_s0_cross,13,0.649999737739563,5.7779998779296875,0.0,0.0,0.42000001668930054,0.0,0.0,False,14.0,0.06847333908081055,0.07513304054737091,0.05239143967628479,0.054299868643283844,-0.010224469006061554,-0.008948048576712608,0.9999076724052429
freeform_s0_cross,14,0.6999996900558472,5.7779998779296875,0.0,0.0,0.42000001668930054,0.0,0.0,False,14.0,0.06901887059211731,0.0742475688457489,0.051719099283218384,0.053699858486652374,-0.010202276520431042,-0.008965686894953251,0.9999077320098877
freeform_s0_cross,15,0.7499996423721313,5.7779998779296875,0.0,0.0,0.42000001668930054,0.0,0.0,False,14.0,0.0695154070854187,0.07339604198932648,0.051118403673172,0.053099848330020905,-0.010182997211813927,-0.00898973923176527,0.9999077320098877
freeform_s0_cross,16,0.7999995946884155,5.7779998779296875,0.0,0.0,0.42000001668930054,0.0,0.0,False,14.0,0.06873491406440735,0.07245263457298279,0.050616055727005005,0.052499838173389435,-0.010455083101987839,-0.009159247390925884,0.9999033808708191
freeform_s0_cross,17,0.8499995470046997,5.7779998779296875,0.0,0.0,0.42000001668930054,0.0,0.0,False,14.0,0.06795379519462585,0.07193590700626373,0.05012178421020508,0.051899828016757965,-0.010664328932762146,-0.009281071834266186,0.9999000430107117
freeform_s0_cross,18,0.8999994993209839,5.7779998779296875,0.0,0.0,0.42000001668930054,0.0,0.0,False,14.0,0.06775462627410889,0.0717056393623352,0.04955315589904785,0.051299817860126495,-0.010724079795181751,-0.009319402277469635,0.9998990893363953
freeform_s0_cross,19,0.9499994516372681,5.7779998779296875,0.0,0.0,0.42000001668930054,0.0,0.0,False,14.0,0.06797701120376587,0.0716060996055603,0.04894575476646423,0.050699807703495026,-0.010690449737012386,-0.00930760893970728,0.9998995065689087
freeform_s0_cross,20,0.9999994039535522,5.7779998779296875,0.0,0.0,0.42000001668930054,0.0,0.0,False,14.0,0.06842488050460815,0.07156297564506531,0.04832959175109863,0.050099797546863556,-0.010605815798044205,-0.009269751608371735,0.9999008178710938
freeform_s0_cross,21,1.0499993562698364,5.7779998779296875,0.0,0.0,0.42000001668930054,0.0,0.0,False,14.0,0.06897896528244019,0.07154452800750732,0.047714799642562866,0.049499787390232086,-0.0104929618537426,-0.009218581020832062,0.9999024271965027
freeform_s0_cross,22,1.0999993085861206,5.7779998779296875,0.0,0.0,0.42000001668930054,0.0,0.0,False,14.0,0.06957989931106567,0.07153712213039398,0.0471036434173584,0.048899777233600616,-0.010363028384745121,-0.009160258807241917,0.9999043345451355
freeform_s0_cross,23,1.1499992609024048,5.7779998779296875,0.0,0.0,0.42000001668930054,0.0,0.0,False,14.0,0.07020062208175659,0.0715344101190567,0.04649507999420166,0.04829976707696915,-0.010221242904663086,-0.009097680449485779,0.9999063611030579
freeform_s0_cross,24,1.199999213218689,5.7779998779296875,0.0,0.0,0.42000001668930054,0.0,0.0,False,14.0,0.07082962989807129,0.0715334564447403,0.04588785767555237,0.04769975692033768,-0.01006988249719143,-0.009032143279910088,0.9999085068702698
freeform_s0_cross,25,1.2499991655349731,5.7779998779296875,0.0,0.0,0.42000001668930054,0.0,0.0,False,14.0,0.07146167755126953,0.07153374701738358,0.045281291007995605,0.04709974676370621,-0.009909909218549728,-0.008964184671640396,0.9999107122421265
freeform_s0_cross,26,1.2999991178512573,5.7779998779296875,0.0,0.0,0.42000001668930054,0.0,0.0,False,14.0,0.07209500670433044,0.07153414189815521,0.044674962759017944,0.04649973660707474,-0.009741667658090591,-0.008894096128642559,0.9999129772186279
freeform_s0_cross,27,1.3499990701675415,5.7779998779296875,0.0,0.0,0.42000001668930054,0.0,0.0,False,14.0,0.07272899150848389,0.07153470814228058,0.044069111347198486,0.04589972645044327,-0.009565146639943123,-0.008821939118206501,0.999915361404419
freeform_s0_cross,28,1.3999990224838257,5.7779998779296875,0.0,0.0,0.42000001668930054,0.0,0.0,False,14.0,0.07336321473121643,0.07153523713350296,0.04346299171447754,0.0452997162938118,-0.009380334056913853,-0.00874779000878334,0.99991774559021
freeform_s0_cross,29,1.4499989748001099,5.7779998779296875,0.0,0.0,0.42000001668930054,0.0,0.0,False,14.0,0.07399716973304749,0.0715361163020134,0.04285731911659241,0.04469970613718033,-0.009187204763293266,-0.008671671152114868,0.9999201893806458
freeform_s0_cross,30,1.499998927116394,5.7779998779296875,0.0,0.0,0.42000001668930054,0.0,0.0,False,14.0,0.07463154196739197,0.0715368241071701,0.0422515869140625,0.04409969598054886,-0.008985482156276703,-0.008593574166297913,0.9999226927757263
freeform_s0_cross,31,1.5499988794326782,5.7779998779296875,0.0,0.0,0.42000001668930054,0.0,0.0,False,14.0,0.0752657949924469,0.0715373307466507,0.041645437479019165,0.04349968582391739,-0.008775217458605766,-0.00851358100771904,0.9999252557754517
freeform_s0_cross,32,1.5999988317489624,5.7779998779296875,0.0,0.0,0.42000001668930054,0.0,0.0,False,14.0,0.07589980959892273,0.07153812050819397,0.04103976488113403,0.04289967566728592,-0.008556276559829712,-0.008431659080088139,0.999927818775177
freeform_s0_cross,33,1.6499987840652466,5.7779998779296875,0.0,0.0,0.42000001668930054,0.0,0.0,False,14.0,0.07653412222862244,0.07153891026973724,0.04043412208557129,0.04229966551065445,-0.008328397758305073,-0.008347786031663418,0.9999305009841919
freeform_s0_cross,34,1.6999987363815308,5.7779998779296875,0.0,0.0,0.42000001668930054,0.0,0.0,False,14.0,0.07716834545135498,0.07153946161270142,0.039827942848205566,0.04169965535402298,-0.008091640658676624,-0.008262060582637787,0.999933123588562
freeform_s0_cross,35,1.749998688697815,5.7779998779296875,0.0,0.0,0.42000001668930054,0.0,0.0,False,14.0,0.07780244946479797,0.07154028117656708,0.03922203183174133,0.04109964519739151,-0.007845849730074406,-0.008174431510269642,0.9999358057975769
freeform_s0_cross,36,1.7999986410140991,5.7779998779296875,0.0,0.0,0.42000001668930054,0.0,0.0,False,14.0,0.07843655347824097,0.0715409368276596,0.0386163592338562,0.04049963504076004,-0.007590943016111851,-0.008084956556558609,0.9999384880065918
freeform_s0_cross,37,1.8499985933303833,5.7779998779296875,0.0,0.0,0.42000001668930054,0.0,0.0,False,14.0,0.07907086610794067,0.07154181599617004,0.03801044821739197,0.03989962488412857,-0.007326686754822731,-0.007993565872311592,0.9999412298202515
freeform_s0_cross,38,1.8999985456466675,5.7779998779296875,0.0,0.0,0.42000001668930054,0.0,0.0,False,14.0,0.07970502972602844,0.07154236733913422,0.037404865026474,0.0392996147274971,-0.007053222972899675,-0.00790040660649538,0.9999439120292664
freeform_s0_cross,39,1.9499984979629517,5.7779998779296875,0.0,0.0,0.42000001668930054,0.0,0.0,False,14.0,0.08033913373947144,0.07154299318790436,0.036798566579818726,0.03869960457086563,-0.0067703817039728165,-0.007805423345416784,0.9999465942382812
freeform_s0_cross,40,1.9999984502792358,5.7779998779296875,0.0,0.0,0.42000001668930054,0.0,0.0,False,14.0,0.08097341656684875,0.0715436339378357,0.03619292378425598,0.03809959441423416,-0.0064779906533658504,-0.007708603981882334,0.9999492764472961
freeform_s0_cross,41,2.0499989986419678,5.7779998779296875,0.0,0.0,0.42000001668930054,0.0,0.0,False,14.0,0.08160758018493652,0.07154431939125061,0.03558707237243652,0.03749958425760269,-0.006176115944981575,-0.007610005792230368,0.999951958656311
freeform_s0_cross,42,2.0999996662139893,5.7779998779296875,0.0,0.0,0.42000001668930054,0.0,0.0,False,14.0,0.0822417140007019,0.07154513895511627,0.03498116135597229,0.03689957410097122,-0.0058646476827561855,-0.007509616669267416,0.9999545812606812
freeform_s0_cross,43,2.1500003337860107,5.7779998779296875,0.0,0.0,0.42000001668930054,0.0,0.0,False,14.0,0.08287578821182251,0.07154572755098343,0.03437536954879761,0.03629956394433975,-0.005543610546737909,-0.007407519035041332,0.9999572038650513
freeform_s0_cross,44,2.2000010013580322,5.7779998779296875,0.0,0.0,0.42000001668930054,0.0,0.0,False,14.0,0.08350974321365356,0.07154645025730133,0.0337696373462677,0.03569955378770828,-0.005212940741330385,-0.0073036798276007175,0.9999597668647766
freeform_s0_cross,45,2.2500016689300537,5.7779998779296875,0.0,0.0,0.42000001668930054,0.0,0.0,False,14.0,0.08414414525032043,0.0715472400188446,0.03316351771354675,0.03509954363107681,-0.004872312303632498,-0.007198033854365349,0.9999622106552124
freeform_s0_cross,46,2.300002336502075,5.7779998779296875,0.0,0.0,0.42000001668930054,0.0,0.0,False,14.0,0.08477813005447388,0.07154770195484161,0.032557904720306396,0.03449953347444534,-0.0045222328044474125,-0.007090810686349869,0.9999646544456482
freeform_s0_cross,47,2.3500030040740967,5.7779998779296875,0.0,0.0,0.42000001668930054,0.0,0.0,False,14.0,0.08541238307952881,0.07154850661754608,0.031952083110809326,0.03389952331781387,-0.004162199329584837,-0.006981796119362116,0.9999669790267944
freeform_s0_cross,48,2.400003671646118,5.7779998779296875,0.0,0.0,0.42000001668930054,0.0,0.0,False,14.0,0.08604651689529419,0.07154922187328339,0.031346410512924194,0.033299513161182404,-0.003792497329413891,-0.006871150340884924,0.9999691843986511
freeform_s0_cross,49,2.4500043392181396,5.7779998779296875,0.0,0.0,0.42000001668930054,0.0,0.0,False,14.0,0.08668050169944763,0.07154975831508636,0.03074061870574951,0.032699503004550934,-0.0034131729044020176,-0.006758915260434151,0.999971330165863
freeform_s0_cross,50,2.500005006790161,5.7779998779296875,0.0,0.0,0.42000001668930054,0.0,0.0,False,14.0,0.08731460571289062,0.07155051082372665,0.030134469270706177,0.032099492847919464,-0.0030240125488489866,-0.006644988898187876,0.9999733567237854
freeform_s0_cross,51,2.5500056743621826,5.7779998779296875,0.0,0.0,0.42000001668930054,0.0,0.0,False,14.0,0.08794870972633362,0.07155115902423859,0.029528915882110596,0.031499482691287994,-0.002625170396640897,-0.006529470440000296,0.9999752640724182
freeform_s0_cross,52,2.600006341934204,5.7779998779296875,0.0,0.0,0.42000001668930054,0.0,0.0,False,14.0,0.08858278393745422,0.07155207544565201,0.028922975063323975,0.030899472534656525,-0.0022166355047374964,-0.00641231331974268,0.9999769926071167
freeform_s0_cross,53,2.6500070095062256,5.7779998779296875,0.0,0.0,0.42000001668930054,0.0,0.0,False,14.0,0.08921676874160767,0.07155276089906693,0.028317242860794067,0.030299462378025055,-0.00179859041236341,-0.006293643265962601,0.9999786019325256
freeform_s0_cross,54,2.700007677078247,5.7779998779296875,0.0,0.0,0.42000001668930054,0.0,0.0,False,14.0,0.0898507833480835,0.07155343890190125,0.02771127223968506,0.029699452221393585,-0.001370978425256908,-0.006173414643853903,0.9999800324440002
freeform_s0_cross,55,2.7500083446502686,5.7779998779296875,0.0,0.0,0.42000001668930054,0.0,0.0,False,14.0,0.0904850959777832,0.07155397534370422,0.027105599641799927,0.029099442064762115,-0.0009337104856967926,-0.006051621865481138,0.9999812245368958
freeform_s0_cross,56,2.80000901222229,5.7779998779296875,0.0,0.0,0.42000001668930054,0.0,0.0,False,14.0,0.09111914038658142,0.07155480980873108,0.026499778032302856,0.028499431908130646,-0.000487177079776302,-0.005928304512053728,0.9999822974205017
freeform_s0_cross,57,2.8500096797943115,5.7779998779296875,0.0,0.0,0.42000001668930054,0.0,0.0,False,14.0,0.09175291657447815,0.07155542820692062,0.02589401602745056,0.027899421751499176,-3.158816252835095e-05,-0.005803585983812809,0.9999831318855286
freeform_s0_cross,58,2.900010347366333,5.7779998779296875,0.0,0.0,0.42000001668930054,0.0,0.0,False,14.0,0.09238702058792114,0.07155615091323853,0.02528834342956543,0.027299411594867706,0.0004334370023570955,-0.005677304230630398,0.9999837875366211
freeform_s0_cross,59,2.9500110149383545,5.7779998779296875,0.0,0.0,0.42000001668930054,0.0,0.0,False,14.0,0.09302124381065369,0.0715569257736206,0.024682283401489258,0.026699401438236237,0.0009076204150915146,-0.005549528170377016,0.9999842047691345
freeform_s0_cross,60,3.000011682510376,5.7779998779296875,0.0,0.0,0.42000001668930054,0.0,0.0,False,14.0,0.09365513920783997,0.07155745476484299,0.024076640605926514,0.026099391281604767,0.0013904244406148791,-0.00542042963206768,0.9999843239784241
freeform_s0_cross,61,3.0500123500823975,5.7779998779296875,0.0,0.0,0.42000001668930054,0.0,0.0,False,14.0,0.09428909420967102,0.07155818492174149,0.023470759391784668,0.025499381124973297,0.0018820768455043435,-0.005289856810122728,0.9999842643737793
freeform_s0_cross,62,3.100013017654419,5.7779998779296875,0.0,0.0,0.42000001668930054,0.0,0.0,False,14.0,0.09492325782775879,0.07155890762805939,0.022864699363708496,0.024899370968341827,0.002382490085437894,-0.00515784090384841,0.9999838471412659
freeform_s0_cross,63,3.1500136852264404,5.7779998779296875,0.0,0.0,0.42000001668930054,0.0,0.0,False,14.0,0.09555724263191223,0.07155951857566833,0.02225920557975769,0.024299360811710358,0.0028911561239510775,-0.005024502985179424,0.9999831914901733
freeform_s0_cross,64,3.200014352798462,5.7779998779296875,0.0,0.0,0.42000001668930054,0.0,0.0,False,14.0,0.09619128704071045,0.07156023383140564,0.021653324365615845,0.023699350655078888,0.0034081139601767063,-0.0048897662200033665,0.9999822378158569
freeform_s0_cross,65,3.2500150203704834,5.7779998779296875,0.0,0.0,0.42000001668930054,0.0,0.0,False,14.0,0.09682509303092957,0.07156085968017578,0.021047383546829224,0.023099340498447418,0.003932866267859936,-0.004753755405545235,0.9999809861183167
freeform_s0_cross,66,3.300015687942505,5.7779998779296875,0.0,0.0,0.42000001668930054,0.0,0.0,False,14.0,0.0974591076374054,0.07156147062778473,0.020441651344299316,0.02249933034181595,0.004465573001652956,-0.004616376478224993,0.9999793767929077
freeform_s0_cross,67,3.3500163555145264,5.7779998779296875,0.0,0.0,0.42000001668930054,0.0,0.0,False,14.0,0.09809303283691406,0.07156241685152054,0.01983579993247986,0.02189932018518448,0.005005822516977787,-0.004477636888623238,0.9999774694442749
freeform_s0_cross,68,3.400017023086548,5.7779998779296875,0.0,0.0,0.42000001668930054,0.0,0.0,False,14.0,0.09872710704803467,0.07156287133693695,0.019230157136917114,0.02129931002855301,0.005553383380174637,-0.004337681923061609,0.9999751448631287
freeform_s0_cross,69,3.4500176906585693,5.7779998779296875,0.0,0.0,0.42000001668930054,0.0,0.0,False,14.0,0.0993608832359314,0.07156365364789963,0.018624305725097656,0.02069929987192154,0.0061077759601175785,-0.00419645057991147,0.9999725222587585
freeform_s0_cross,70,3.500018358230591,5.7779998779296875,0.0,0.0,0.42000001668930054,0.0,0.0,False,14.0,0.09999498724937439,0.0715644508600235,0.018018364906311035,0.02009928971529007,0.006669193971902132,-0.004053889773786068,0.9999695420265198
freeform_s0_cross,71,3.5500190258026123,5.7779998779296875,0.0,0.0,0.596997082233429,0.0,0.0,False,14.0,0.10062891244888306,0.0715649425983429,0.01741248369216919,0.0194992795586586,0.0072368173860013485,-0.0039102002047002316,0.9999661445617676
freeform_s0_cross,72,3.600019693374634,5.7779998779296875,0.0,0.0,0.8087365627288818,0.0,0.0,False,14.0,0.10126280784606934,0.07156579196453094,0.016806691884994507,0.01889926940202713,0.007810609415173531,-0.0037652221508324146,0.9999623894691467
freeform_s0_cross,73,3.6500203609466553,5.7779998779296875,0.0,0.0,1.0207639932632446,0.0,0.0,False,14.0,0.10189682245254517,0.07156636565923691,0.016200989484786987,0.01829925924539566,0.008390230126678944,-0.003619076916947961,0.9999582767486572
freeform_s0_cross,74,3.7000210285186768,5.7779998779296875,0.0,0.0,1.232804775238037,0.0,0.0,False,14.0,0.10253062844276428,0.07156704366207123,0.015595048666000366,0.01769924908876419,0.008975117467343807,-0.003471774747595191,0.9999536871910095
freeform_s0_cross,75,3.7500216960906982,5.7779998779296875,0.0,0.0,1.444828748703003,0.0,0.0,False,14.0,0.1031646728515625,0.07156766951084137,0.014989256858825684,0.01709923893213272,0.00956528540700674,-0.0033232627902179956,0.9999487400054932
freeform_s0_cross,76,3.8000223636627197,5.7779998779296875,0.0,0.0,1.6568434238433838,0.0,0.0,False,14.0,0.10379844903945923,0.07156839966773987,0.014383584260940552,0.01649922877550125,0.01015991996973753,-0.003173643024638295,0.9999433755874634
freeform_s0_cross,77,3.850023031234741,5.7779998779296875,0.0,0.0,1.8688936233520508,0.0,0.0,False,14.0,0.10443219542503357,0.07156901806592941,0.013777732849121094,0.01589921861886978,0.010758798569440842,-0.00302292313426733,0.9999375343322754
freeform_s0_cross,78,3.9000236988067627,5.7779998779296875,0.0,0.0,2.08095645904541,0.0,0.0,False,14.0,0.1050662100315094,0.07156958431005478,0.013171732425689697,0.015299208462238312,0.011361809447407722,-0.0028710351325571537,0.9999313354492188
freeform_s0_cross,79,3.950024366378784,5.7779998779296875,0.0,0.0,2.293006658554077,0.0,0.0,False,14.0,0.10570013523101807,0.07157034426927567,0.012565910816192627,0.014699198305606842,0.011968251317739487,-0.0027180281467735767,0.9999246597290039
freeform_s0_cross,80,4.000024795532227,5.7779998779296875,0.0,0.0,2.5050644874572754,0.0,0.0,False,14.0,0.10633394122123718,0.07157111167907715,0.011960029602050781,0.014099188148975372,0.012577611021697521,-0.002563966205343604,0.9999176263809204
freeform_s0_cross,81,4.050024032592773,5.7779998779296875,0.0,0.0,2.7170872688293457,0.0,0.0,False,14.0,0.10696801543235779,0.07157188653945923,0.011354297399520874,0.013499177992343903,0.013189809396862984,-0.0024087706115096807,0.9999101161956787
freeform_s0_cross,82,4.10002326965332,5.7779998779296875,0.0,0.0,2.929232120513916,0.0,0.0,False,14.0,0.1076018214225769,0.07157241553068161,0.010748088359832764,0.01289917528629303,0.013803801499307156,-0.002252640901133418,0.9999021887779236
freeform_s0_cross,83,4.150022506713867,5.7779998779296875,0.0,0.0,3.1412267684936523,0.0,0.0,False,14.0,0.10823574662208557,0.07157302647829056,0.010142415761947632,0.012299176305532455,0.014419561251997948,-0.0020954289939254522,0.999893844127655
freeform_s0_cross,84,4.200021743774414,5.7779998779296875,0.0,0.0,3.3533077239990234,0.0,0.0,False,14.0,0.10886943340301514,0.07157380878925323,0.00953647494316101,0.011699177324771881,0.015036270953714848,-0.0019372215028852224,0.999885082244873
freeform_s0_cross,85,4.250020980834961,5.7779998779296875,0.0,0.0,3.565298080444336,0.0,0.0,False,14.0,0.10950314998626709,0.0715746134519577,0.008930802345275879,0.011099178344011307,0.01565364934504032,-0.001777998055331409,0.9998759031295776
freeform_s0_cross,86,4.300020217895508,5.7779998779296875,0.0,0.0,3.7774691581726074,0.0,0.0,False,14.0,0.11013701558113098,0.07157525420188904,0.008324593305587769,0.010499179363250732,0.01627124845981598,-0.0016177805373445153,0.9998663067817688
freeform_s0_cross,87,4.350019454956055,5.7779998779296875,0.0,0.0,3.989435911178589,0.0,0.0,False,14.0,0.11077091097831726,0.07157586514949799,0.0077190101146698,0.009899180382490158,0.01688845455646515,-0.00145658606197685,0.9998562932014465
freeform_s0_cross,88,4.400018692016602,5.7779998779296875,0.0,0.0,4.2015814781188965,0.0,0.0,False,14.0,0.11140468716621399,0.07157641649246216,0.007112711668014526,0.009299181401729584,0.017504574730992317,-0.0012944728368893266,0.9998459219932556
freeform_s0_cross,89,4.450017929077148,5.7779998779296875,0.0,0.0,4.413641452789307,0.0,0.0,False,14.0,0.1120384931564331,0.07157715409994125,0.006507009267807007,0.00869918242096901,0.018119262531399727,-0.0011313703143969178,0.999835193157196
freeform_s0_cross,90,4.500017166137695,5.7779998779296875,0.0,0.0,4.625720024108887,0.0,0.0,False,14.0,0.11267238855361938,0.0715777724981308,0.00590100884437561,0.008099183440208435,0.01873193494975567,-0.0009673359454609454,0.999824047088623
freeform_s0_cross,91,4.550016403198242,5.7779998779296875,0.0,0.0,4.837813377380371,0.0,0.0,False,14.0,0.1133061945438385,0.07157859206199646,0.005295068025588989,0.007499184459447861,0.019341932609677315,-0.0008023706031963229,0.9998126029968262
freeform_s0_cross,92,4.600015640258789,5.7779998779296875,0.0,0.0,5.04986572265625,0.0,0.0,False,14.0,0.11393991112709045,0.0715792328119278,0.0046891868114471436,0.006899185478687286,0.019948573783040047,-0.0006365592125803232,0.9998008012771606
freeform_s0_cross,93,4.650014877319336,5.7779998779296875,0.0,0.0,5.261967182159424,0.0,0.0,False,14.0,0.1145736575126648,0.07158003747463226,0.004083156585693359,0.006299186497926712,0.020551476627588272,-0.00046982261119410396,0.9997887015342712
freeform_s0_cross,94,4.700014114379883,5.7779998779296875,0.0,0.0,5.474059104919434,0.0,0.0,False,14.0,0.11520746350288391,0.07158064842224121,0.0034771859645843506,0.005699187517166138,0.021149976179003716,-0.00030223041540011764,0.9997762441635132
freeform_s0_cross,95,4.75001335144043,5.7779998779296875,0.0,0.0,5.686214447021484,0.0,0.0,False,14.0,0.11584112048149109,0.07158133387565613,0.0028709471225738525,0.005099188536405563,0.021743344143033028,-0.00013380462769418955,0.999763548374176
freeform_s0_cross,96,4.800012588500977,5.7779998779296875,0.0,0.0,5.898346424102783,0.0,0.0,False,14.0,0.11647477746009827,0.07158192992210388,0.002264857292175293,0.004499189555644989,0.02233107015490532,3.545220533851534e-05,0.9997506141662598
freeform_s0_cross,97,4.850011825561523,5.7779998779296875,0.0,0.0,6.110467910766602,0.0,0.0,False,14.0,0.11710870265960693,0.07158269733190536,0.0016588568687438965,0.0038991905748844147,0.022912854328751564,0.00020564092847052962,0.9997374415397644
freeform_s0_cross,98,4.90001106262207,5.7779998779296875,0.0,0.0,6.322559356689453,0.0,0.0,False,14.0,0.11774232983589172,0.07158339768648148,0.0010528862476348877,0.0032991915941238403,0.023487495258450508,0.00037655618507415056,0.9997240304946899
freeform_s0_cross,99,4.950010299682617,5.7779998779296875,4.66949462890625,3.524550437927246,6.516583442687988,3.524550437927246,4.66949462890625,False,14.0,0.11829182505607605,0.07158829271793365,0.0005161464214324951,0.002699192613363266,0.023980971425771713,0.0005260772886686027,0.9997122883796692
freeform_s0_cross,100,5.000009536743164,5.7779998779296875,5.092806339263916,5.5297088623046875,6.206940650939941,5.5297088623046875,5.092806339263916,False,14.0,0.11879175901412964,0.07160459458827972,0.00012961030006408691,0.002570217475295067,0.024427948519587517,0.0006643473752774298,0.9997013807296753
freeform_s0_cross,101,5.050008773803711,5.7779998779296875,5.991267681121826,5.7338361740112305,6.424166679382324,5.7338361740112305,5.991267681121826,False,14.0,0.1193946897983551,0.0716075748205185,-9.244680404663086e-05,0.0023631229996681213,0.024955421686172485,0.0008292030543088913,0.9996882081031799
freeform_s0_cross,102,5.100008010864258,5.7779998779296875,5.998830795288086,5.80763053894043,6.414196968078613,5.80763053894043,5.998830795288086,False,14.0,0.12000390887260437,0.0715986043214798,-0.00022616982460021973,0.002330627292394638,0.025476746261119843,0.0009948017541319132,0.999674916267395
freeform_s0_cross,103,5.150007247924805,5.7779998779296875,5.606194496154785,5.573726654052734,6.445110321044922,5.573726654052734,5.606194496154785,False,14.0,0.12063109874725342,0.0715920627117157,-0.00029543042182922363,0.002313971519470215,0.026004794985055923,0.0011664654593914747,0.9996611475944519
freeform_s0_cross,104,5.200006484985352,5.7779998779296875,5.541414260864258,5.711743354797363,6.383247375488281,5.711743354797363,5.541414260864258,False,14.0,0.12124866247177124,0.0716107189655304,-0.0003311336040496826,0.0023420508950948715,0.02652178891003132,0.0013394844718277454,0.999647319316864
freeform_s0_cross,105,5.250005722045898,5.7779998779296875,5.412743091583252,5.655930519104004,6.403782844543457,5.655930519104004,5.412743091583252,False,14.0,0.12188589572906494,0.07161377370357513,-0.0003463327884674072,0.0023253560066223145,0.027039909735322,0.0015165492659434676,0.9996331930160522
freeform_s0_cross,106,5.300004959106445,5.7779998779296875,5.831676959991455,5.867278099060059,6.40439510345459,5.867278099060059,5.831676959991455,False,14.0,0.12254589796066284,0.07159645855426788,-0.00036284327507019043,0.002317076548933983,0.027558522298932076,0.0016982705565169454,0.9996187686920166
freeform_s0_cross,107,5.350004196166992,5.7779998779296875,5.8612518310546875,5.820803642272949,6.4313273429870605,5.820803642272949,5.8612518310546875,False,14.0,0.12319663166999817,0.07158020883798599,-0.0003701746463775635,0.002315126359462738,0.028057098388671875,0.0018784675048664212,0.9996045827865601
freeform_s0_cross,108,5.400003433227539,5.7779998779296875,5.781552791595459,5.783321380615234,6.426547527313232,5.783321380615234,5.781552791595459,False,14.0,0.12383890151977539,0.07157041132450104,-0.0003725290298461914,0.0023287180811166763,0.02853766642510891,0.0020578699186444283,0.9995905756950378
freeform_s0_cross,109,5.450002670288086,5.7779998779296875,5.565064907073975,5.664385795593262,6.413079738616943,5.664385795593262,5.565064907073975,False,14.0,0.12445846199989319,0.07158386707305908,-0.0003599822521209717,0.002373483031988144,0.02899463102221489,0.0022339713759720325,0.9995770454406738
freeform_s0_cross,110,5.500001907348633,5.7779998779296875,5.094547271728516,5.5294270515441895,6.382817268371582,5.5294270515441895,5.094547271728516,False,14.0,0.12509053945541382,0.07158956676721573,-0.0003465414047241211,0.00239371694624424,0.02944478578865528,0.0024133583065122366,0.9995635151863098
freeform_s0_cross,111,5.55000114440918,5.7779998779296875,6.095069885253906,6.0836181640625,6.380709648132324,6.0836181640625,6.095069885253906,False,14.0,0.1257103979587555,0.07160352170467377,-0.00035250186920166016,0.002351650968194008,0.029874537140130997,0.0025905570946633816,0.9995502829551697
freeform_s0_cross,112,5.600000381469727,5.7779998779296875,6.280928611755371,6.276506423950195,6.329822063446045,6.276506423950195,6.280928611755371,False,14.0,0.12634718418121338,0.07160395383834839,-0.00033411383628845215,0.002422573044896126,0.030296990647912025,0.0027718995697796345,0.9995371103286743
freeform_s0_cross,113,5.649999618530273,5.7779998779296875,6.028134822845459,5.879037380218506,6.416579723358154,5.879037380218506,6.028134822845459,False,14.0,0.12700581550598145,0.0715925395488739,-0.000295788049697876,0.002449141815304756,0.030713845044374466,0.002959198784083128,0.9995238184928894
freeform_s0_cross,114,5.69999885559082,5.7779998779296875,5.551982402801514,5.425406455993652,6.497013092041016,5.425406455993652,5.551982402801514,False,14.0,0.12765231728553772,0.07159873843193054,-0.00030308961868286133,0.002412606030702591,0.031110888347029686,0.003144996939226985,0.9995110034942627
freeform_s0_cross,115,5.749998092651367,5.7779998779296875,5.337903022766113,5.649526119232178,6.368000030517578,5.649526119232178,5.337903022766113,False,14.0,0.1282736361026764,0.0716002881526947,-0.0003132820129394531,0.0024372320622205734,0.031474702060222626,0.003323754295706749,0.9994990229606628
freeform_s0_cross,116,5.799997329711914,5.7779998779296875,5.60989236831665,5.798553466796875,6.342033386230469,5.798553466796875,5.60989236831665,False,14.0,0.1289145052433014,0.07160662114620209,-0.00028461217880249023,0.0025071334093809128,0.03183385729789734,0.003508923575282097,0.999487042427063
freeform_s0_cross,117,5.849996566772461,5.7779998779296875,5.956330299377441,5.948890686035156,6.3639116287231445,5.948890686035156,5.956330299377441,False,14.0,0.12956014275550842,0.07160443812608719,-0.0002626180648803711,0.00251065194606781,0.032174739986658096,0.0036954989191144705,0.9994754195213318
freeform_s0_cross,118,5.899995803833008,5.7779998779296875,5.865303039550781,5.8426194190979,6.374940395355225,5.8426194190979,5.865303039550781,False,14.0,0.1301986575126648,0.07159443199634552,-0.0002435445785522461,0.002539733424782753,0.03249083831906319,0.0038802139461040497,0.9994645118713379
freeform_s0_cross,119,5.949995040893555,5.7779998779296875,5.789835453033447,5.8021440505981445,6.369417190551758,5.8021440505981445,5.789835453033447,False,14.0,0.13083890080451965,0.07159069180488586,-0.00023025274276733398,0.0025652851909399033,0.032790407538414,0.004066272638738155,0.9994539618492126
freeform_s0_cross,120,5.999994277954102,5.7779998779296875,5.305052280426025,5.588574409484863,6.356047630310059,5.588574409484863,5.305052280426025,False,14.0,0.13147693872451782,0.07159459590911865,-0.00021669268608093262,0.002586148679256439,0.03307156637310982,0.004252424463629723,0.9994439482688904
freeform_s0_cross,121,6.049993515014648,5.7779998779296875,5.988868713378906,6.002314567565918,6.334666728973389,6.002314567565918,5.988868713378906,False,14.0,0.13210269808769226,0.07161196321249008,-0.00021606683731079102,0.002576919272542,0.03333185240626335,0.004435677547007799,0.9994344711303711
freeform_s0_cross,122,6.099992752075195,5.7779998779296875,5.808913707733154,5.7044677734375,6.406103610992432,5.7044677734375,5.808913707733154,False,14.0,0.1327517032623291,0.07160201668739319,-0.00020834803581237793,0.0025753825902938843,0.03357288986444473,0.004625455476343632,0.9994255900382996
freeform_s0_cross,123,6.149991989135742,5.7779998779296875,5.698917388916016,5.7877631187438965,6.342281341552734,5.7877631187438965,5.698917388916016,False,14.0,0.13339367508888245,0.07157977670431137,-0.00020462274551391602,0.002619665116071701,0.03378646820783615,0.004813577048480511,0.9994174838066101
freeform_s0_cross,124,6.199991226196289,5.7779998779296875,5.545910835266113,5.763822078704834,6.298696517944336,5.763822078704834,5.545910835266113,False,14.0,0.1340145468711853,0.071583092212677,-0.00017216801643371582,0.00270797498524189,0.03397989273071289,0.004996220115572214,0.9994100332260132
freeform_s0_cross,125,6.249990463256836,5.7779998779296875,5.722739219665527,5.871224403381348,6.306423187255859,5.871224403381348,5.722739219665527,False,14.0,0.13465535640716553,0.07158318907022476,-0.0001372992992401123,0.0027182195335626602,0.0341571569442749,0.005185019224882126,0.9994029998779297
freeform_s0_cross,126,6.299989700317383,5.7779998779296875,5.93687105178833,5.902636528015137,6.32615852355957,5.902636528015137,5.93687105178833,False,14.0,0.13530021905899048,0.07158501446247101,-0.00011745095252990723,0.0027269814163446426,0.034313783049583435,0.005375295877456665,0.9993966817855835
freeform_s0_cross,127,6.34998893737793,5.7779998779296875,5.7302117347717285,5.68991756439209,6.354991912841797,5.68991756439209,5.7302117347717285,False,14.0,0.13594430685043335,0.07158489525318146,-0.0001017451286315918,0.0027391426265239716,0.03444703668355942,0.005565623752772808,0.9993910193443298
freeform_s0_cross,128,6.399988174438477,5.7779998779296875,5.807980060577393,5.859646797180176,6.302648544311523,5.859646797180176,5.807980060577393,False,14.0,0.1365780532360077,0.07158444821834564,-9.492039680480957e-05,0.002767784520983696,0.03455573320388794,0.005753138568252325,0.999386191368103
freeform_s0_cross,129,6.449987411499023,5.7779998779296875,5.601905822753906,5.542252540588379,6.388415336608887,5.542252540588379,5.601905822753906,False,14.0,0.13723847270011902,0.07158182561397552,-9.810924530029297e-05,0.002745179459452629,0.03464454039931297,0.005948827601969242,0.9993820190429688
freeform_s0_cross,130,6.49998664855957,5.7779998779296875,4.99573278427124,5.462519645690918,6.303329944610596,5.462519645690918,4.99573278427124,False,14.0,0.13786956667900085,0.07158196717500687,-0.0001035928726196289,0.0027620941400527954,0.03470725193619728,0.006135930772870779,0.9993786811828613
freeform_s0_cross,131,6.549985885620117,5.7779998779296875,5.932162761688232,6.039897918701172,6.270513534545898,6.039897918701172,5.932162761688232,False,14.0,0.13849276304244995,0.07158543914556503,-0.00011703372001647949,0.0027638841420412064,0.03474798798561096,0.006320674903690815,0.999376118183136
freeform_s0_cross,132,6.599985122680664,5.7779998779296875,6.1417236328125,6.0939459800720215,6.2940168380737305,6.0939459800720215,6.1417236328125,False,14.0,0.13912007212638855,0.07159850001335144,-0.00010499358177185059,0.0027910973876714706,0.03476942703127861,0.00650621997192502,0.9993742108345032
freeform_s0_cross,133,6.649984359741211,5.7779998779296875,5.831005096435547,5.8025617599487305,6.322307586669922,5.8025617599487305,5.831005096435547,False,14.0,0.1397569477558136,0.07161102443933487,-7.432699203491211e-05,0.002834789454936981,0.03476785495877266,0.006694529205560684,0.9993730187416077
freeform_s0_cross,134,6.699983596801758,5.7779998779296875,5.980340480804443,5.970422744750977,6.277411460876465,5.970422744750977,5.980340480804443,False,14.0,0.14036551117897034,0.0716228038072586,-4.690885543823242e-05,0.002878950908780098,0.034744441509246826,0.006874355487525463,0.9993726015090942
freeform_s0_cross,135,6.749982833862305,5.7779998779296875,5.594087600708008,5.729263782501221,6.281125068664551,5.729263782501221,5.594087600708008,False,14.0,0.1410200595855713,0.07160720974206924,-1.290440559387207e-05,0.002930624410510063,0.03468697518110275,0.007069495972245932,0.999373197555542
freeform_s0_cross,136,6.799982070922852,5.7779998779296875,5.825873374938965,5.855445861816406,6.27645206451416,5.855445861816406,5.825873374938965,False,14.0,0.1417006254196167,0.07156142592430115,5.5730342864990234e-06,0.0029419511556625366,0.034592147916555405,0.0072746966034173965,0.99937504529953
freeform_s0_cross,137,6.849981307983398,5.7779998779296875,5.878702163696289,5.8367133140563965,6.29194450378418,5.8367133140563965,5.878702163696289,False,14.0,0.14235588908195496,0.07154607772827148,1.946091651916504e-05,0.0029459521174430847,0.03448402136564255,0.007470410317182541,0.9993773102760315
freeform_s0_cross,138,6.899980545043945,5.7779998779296875,5.80201530456543,5.814000129699707,6.276834487915039,5.814000129699707,5.80201530456543,False,14.0,0.1429949700832367,0.07154253125190735,2.9742717742919922e-05,0.002970859408378601,0.03435802832245827,0.007660332135856152,0.9993802309036255
freeform_s0_cross,139,6.949979782104492,5.7779998779296875,6.024855613708496,5.974505424499512,6.269985675811768,5.974505424499512,6.024855613708496,False,14.0,0.14362892508506775,0.07154111564159393,2.8580427169799805e-05,0.0029584262520074844,0.03421039506793022,0.007848374545574188,0.999383807182312
freeform_s0_cross,140,6.999979019165039,5.7779998779296875,6.072466850280762,6.0086669921875,6.257887840270996,6.0086669921875,6.072466850280762,False,14.0,0.14426714181900024,0.07153932750225067,3.6776065826416016e-05,0.00299777090549469,0.034038346260786057,0.008037475869059563,0.9993882179260254
freeform_s0_cross,141,7.049978256225586,5.7779998779296875,5.826585292816162,5.799042701721191,6.277047157287598,5.799042701721191,5.826585292816162,False,14.0,0.14490258693695068,0.0715421736240387,6.0439109802246094e-05,0.003029460087418556,0.033845286816358566,0.008225005120038986,0.9993932247161865
freeform_s0_cross,142,7.099977493286133,5.7779998779296875,5.824927806854248,5.8640546798706055,6.243252277374268,5.8640546798706055,5.824927806854248,False,14.0,0.14554643630981445,0.07153593748807907,7.987022399902344e-05,0.0030651111155748367,0.033623624593019485,0.008415592834353447,0.9993991255760193
freeform_s0_cross,143,7.14997673034668,5.7779998779296875,5.882230758666992,5.861209869384766,6.253559589385986,5.861209869384766,5.882230758666992,False,14.0,0.1461876928806305,0.07153355330228806,9.909272193908691e-05,0.0030802786350250244,0.03338080644607544,0.008604636415839195,0.9994056820869446
freeform_s0_cross,144,7.199975967407227,5.7779998779296875,5.426314830780029,5.554167747497559,6.308097839355469,5.554167747497559,5.426314830780029,False,14.0,0.14675778150558472,0.07161278277635574,9.042024612426758e-05,0.003008553758263588,0.03316950798034668,0.00876295380294323,0.9994113445281982
freeform_s0_cross,145,7.249975204467773,5.7779998779296875,5.086752414703369,5.439318656921387,6.287313461303711,5.439318656921387,5.086752414703369,False,14.0,0.14727166295051575,0.07169103622436523,6.29425048828125e-05,0.0029471665620803833,0.0329655297100544,0.00890395138412714,0.9994168281555176
freeform_s0_cross,146,7.29997444152832,5.7779998779296875,6.027280807495117,5.9242448806762695,6.304338455200195,5.9242448806762695,6.027280807495117,False,14.0,0.14776510000228882,0.07177186012268066,3.331899642944336e-05,0.00283079594373703,0.032757606357336044,0.009037798270583153,0.9994224905967712
freeform_s0_cross,147,7.349973678588867,5.7779998779296875,9.041650772094727,7.344964504241943,6.318743705749512,7.344964504241943,9.041650772094727,False,14.0,0.14835846424102783,0.07180729508399963,1.627206802368164e-05,0.0028284862637519836,0.032472122460603714,0.009205383248627186,0.999430239200592
freeform_s0_cross,148,7.399972915649414,5.7779998779296875,4.2936882972717285,5.055461883544922,6.169736385345459,5.055461883544922,4.2936882972717285,False,14.0,0.14924755692481995,0.0716714859008789,7.292628288269043e-05,0.0032669231295585632,0.03195483610033989,0.009479857049882412,0.9994443655014038
freeform_s0_cross,149,7.449972152709961,5.7779998779296875,6.433866024017334,6.227138519287109,6.254554748535156,6.227138519287109,6.433866024017334,False,14.0,0.14994794130325317,0.07162486016750336,0.00010517239570617676,0.0030988529324531555,0.03153591230511665,0.009687952697277069,0.9994556903839111
freeform_s0_cross,150,7.499971389770508,5.7779998779296875,5.370711326599121,5.5171003341674805,6.263751983642578,5.5171003341674805,5.370711326599121,False,14.0,0.15060508251190186,0.07161101698875427,0.00012362003326416016,0.003175932914018631,0.03112880326807499,0.009878503158688545,0.9994665384292603
freeform_s0_cross,151,7.549970626831055,5.7779998779296875,5.935154914855957,5.975955963134766,6.209805488586426,5.975955963134766,5.935154914855957,False,14.0,0.15124547481536865,0.07160739600658417,0.00013169646263122559,0.0031762775033712387,0.03071422688663006,0.010062004439532757,0.9994775652885437
freeform_s0_cross,152,7.599969863891602,5.7779998779296875,5.8543267250061035,5.877597808837891,6.227022171020508,5.877597808837891,5.8543267250061035,False,14.0,0.15189224481582642,0.07160793244838715,0.00014346837997436523,0.0032039470970630646,0.030276475474238396,0.010245800018310547,0.9994890689849854
freeform_s0_cross,153,7.649969100952148,5.7779998779296875,5.86163854598999,5.840044975280762,6.236579895019531,5.840044975280762,5.86163854598999,False,14.0,0.15252980589866638,0.07160753011703491,0.0001589655876159668,0.0032180342823266983,0.029825281351804733,0.010426116175949574,0.9995007514953613
freeform_s0_cross,154,7.699968338012695,5.7779998779296875,5.771486282348633,5.883339881896973,6.180699825286865,5.883339881896973,5.771486282348633,False,14.0,0.15314558148384094,0.0716051459312439,0.00018709897994995117,0.0032888874411582947,0.029371138662099838,0.010599572211503983,0.9995123744010925
freeform_s0_cross,155,7.749967575073242,5.7779998779296875,4.750926971435547,5.316878795623779,6.2066755294799805,5.316878795623779,4.750926971435547,False,14.0,0.15379533171653748,0.0716005191206932,0.0002135932445526123,0.0033033322542905807,0.028872936964035034,0.010781797580420971,0.9995249509811401
freeform_s0_cross,156,7.799966812133789,5.7779998779296875,6.17115592956543,6.0976033210754395,6.212039947509766,6.0976033210754395,6.17115592956543,False,14.0,0.15443536639213562,0.07159015536308289,0.00017750263214111328,0.0032073799520730972,0.028362678363919258,0.010961009189486504,0.9995375871658325
freeform_s0_cross,157,7.849966049194336,5.7779998779296875,5.76988410949707,5.735990524291992,6.256455421447754,5.735990524291992,5.76988410949707,False,14.0,0.15508988499641418,0.07159654796123505,0.00016176700592041016,0.003228314220905304,0.027827808633446693,0.01114032045006752,0.9995506405830383
freeform_s0_cross,158,7.899965286254883,5.7779998779296875,5.889771938323975,5.710574150085449,6.281932830810547,5.710574150085449,5.889771938323975,False,14.0,0.15571528673171997,0.0716114193201065,0.00015282630920410156,0.0032189246267080307,0.02730291336774826,0.011308922432363033,0.9995632171630859
freeform_s0_cross,159,7.94996452331543,5.7779998779296875,5.745105266571045,5.837836265563965,6.205861568450928,5.837836265563965,5.745105266571045,False,14.0,0.15622445940971375,0.07165549695491791,0.0001627206802368164,0.0032500121742486954,0.026872903108596802,0.011440048925578594,0.9995734095573425
freeform_s0_cross,160,7.999963760375977,5.7779998779296875,5.85579776763916,5.56011962890625,6.368903160095215,5.56011962890625,5.85579776763916,False,14.0,0.15672510862350464,0.07173173129558563,0.00017762184143066406,0.0031060297042131424,0.02644924633204937,0.01156271155923605,0.9995833039283752
freeform_s0_cross,161,8.049962997436523,5.7779998779296875,5.660923957824707,5.69258975982666,6.250642776489258,5.69258975982666,5.660923957824707,False,14.0,0.1572490930557251,0.07181797921657562,0.00016298890113830566,0.003104856237769127,0.02599751204252243,0.011688949540257454,0.9995936751365662
freeform_s0_cross,162,8.09996223449707,5.7779998779296875,5.723476886749268,5.716574668884277,6.263294219970703,5.716574668884277,5.723476886749268,False,14.0,0.15779471397399902,0.07188919931650162,0.0001525580883026123,0.003075791522860527,0.02551165595650673,0.011822206899523735,0.9996046423912048
freeform_s0_cross,163,8.149961471557617,5.7779998779296875,5.1001996994018555,5.860874652862549,6.005030632019043,5.860874652862549,5.1001996994018555,False,14.0,0.1587671935558319,0.07168383151292801,0.00014859437942504883,0.003421654924750328,0.024534113705158234,0.012110610492527485,0.9996256232261658
freeform_s0_cross,164,8.199960708618164,5.7779998779296875,5.788985252380371,5.811361312866211,6.21589469909668,5.811361312866211,5.788985252380371,False,14.0,0.15952351689338684,0.07161520421504974,0.00021117925643920898,0.003403652459383011,0.023778166621923447,0.01231744047254324,0.9996413588523865
freeform_s0_cross,165,8.249959945678711,5.7779998779296875,5.789052963256836,5.807189464569092,6.200033187866211,5.807189464569092,5.789052963256836,False,14.0,0.16018256545066833,0.07159652560949326,0.00025269389152526855,0.003421744331717491,0.02311689220368862,0.01248884852975607,0.9996547698974609
freeform_s0_cross,166,8.299959182739258,5.7779998779296875,5.865049839019775,5.866662979125977,6.1850996017456055,5.866662979125977,5.865049839019775,False,14.0,0.16082161664962769,0.07158950716257095,0.00027498602867126465,0.0034421905875205994,0.022467510774731636,0.012651264667510986,0.9996675252914429
freeform_s0_cross,167,8.349958419799805,5.7779998779296875,5.823580265045166,5.976377487182617,6.114611625671387,5.976377487182617,5.823580265045166,False,14.0,0.16144710779190063,0.07158443331718445,0.00030553340911865234,0.0035222209990024567,0.021822597831487656,0.012807969935238361,0.9996798038482666
freeform_s0_cross,168,8.399957656860352,5.7779998779296875,5.945103168487549,5.884134292602539,6.175137042999268,5.884134292602539,5.945103168487549,False,14.0,0.1620905101299286,0.07158085703849792,0.00034356117248535156,0.0035292208194732666,0.021150311455130577,0.012966781854629517,0.9996922016143799
freeform_s0_cross,169,8.449956893920898,5.7779998779296875,5.968469142913818,5.916058540344238,6.168717384338379,5.916058540344238,5.968469142913818,False,14.0,0.1627415120601654,0.07158361375331879,0.00034949183464050293,0.0035177432000637054,0.02046281099319458,0.013124188408255577,0.9997044801712036
freeform_s0_cross,170,8.499956130981445,5.7779998779296875,6.002340316772461,5.966577053070068,6.148101329803467,5.966577053070068,6.002340316772461,False,14.0,0.16337385773658752,0.07157997786998749,0.00035458803176879883,0.0035528186708688736,0.019785787910223007,0.013275831937789917,0.9997161030769348
freeform_s0_cross,171,8.549955368041992,5.7779998779296875,5.808038711547852,5.791698932647705,6.167858123779297,5.791698932647705,5.808038711547852,False,14.0,0.16401204466819763,0.07157638669013977,0.0003725290298461914,0.0035769790410995483,0.0190956462174654,0.013426519930362701,0.9997274875640869
freeform_s0_cross,172,8.599954605102539,5.7779998779296875,5.165704727172852,5.081600189208984,6.345890998840332,5.081600189208984,5.165704727172852,False,14.0,0.1646612584590912,0.07157746702432632,0.00034731626510620117,0.0034445207566022873,0.01838838681578636,0.013576586730778217,0.9997387528419495
freeform_s0_cross,173,8.649953842163086,5.7779998779296875,5.759096145629883,5.7895612716674805,6.20466423034668,5.7895612716674805,5.759096145629883,False,14.0,0.16520190238952637,0.07161575555801392,0.00027617812156677246,0.0033601615577936172,0.017803596332669258,0.013693943619728088,0.9997476935386658
freeform_s0_cross,174,8.699953079223633,5.7779998779296875,5.575383186340332,5.352953910827637,6.370558738708496,5.352953910827637,5.575383186340332,False,14.0,0.1657199263572693,0.07171885669231415,0.00022363662719726562,0.003201764076948166,0.017254699021577835,0.013794956728816032,0.9997559785842896
freeform_s0_cross,175,8.74995231628418,5.7779998779296875,5.65249490737915,5.698631286621094,6.2493896484375,5.698631286621094,5.65249490737915,False,14.0,0.1662294566631317,0.07180595397949219,0.0001614391803741455,0.0031677447259426117,0.01670844294130802,0.013895213603973389,0.9997638463973999
freeform_s0_cross,176,8.799951553344727,5.7779998779296875,6.304040908813477,6.777756690979004,5.935538291931152,6.777756690979004,6.304040908813477,False,14.0,0.16692352294921875,0.07177554816007614,0.00013467669486999512,0.0034255702048540115,0.01592789590358734,0.014051003381609917,0.9997743964195251
freeform_s0_cross,177,8.849950790405273,5.7779998779296875,4.902857780456543,4.877501487731934,6.41055965423584,4.877501487731934,4.902857780456543,False,14.0,0.167751282453537,0.07170375436544418,0.00016558170318603516,0.0033707432448863983,0.014986098743975163,0.014237222261726856,0.9997863173484802
freeform_s0_cross,178,8.89995002746582,5.7779998779296875,5.713347911834717,5.84416389465332,6.219682693481445,5.84416389465332,5.713347911834717,False,14.0,0.1685377061367035,0.07159066200256348,0.00011786818504333496,0.0033314041793346405,0.014080638065934181,0.01441515889018774,0.9997969269752502
freeform_s0_cross,179,8.949949264526367,5.7779998779296875,5.780522346496582,5.766817092895508,6.261417865753174,5.766817092895508,5.780522346496582,False,14.0,0.1689819097518921,0.07160107791423798,0.00011083483695983887,0.0033543575555086136,0.013584201224148273,0.014503441751003265,0.9998025298118591
freeform_s0_cross,180,8.999948501586914,5.7779998779296875,5.687681674957275,5.516880989074707,6.363842487335205,5.516880989074707,5.687681674957275,False,14.0,0.16941890120506287,0.07162946462631226,0.00010165572166442871,0.003253282979130745,0.013099339790642262,0.014586581848561764,0.9998077750205994
freeform_s0_cross,181,9.049947738647461,5.7779998779296875,5.850236415863037,6.302534103393555,6.059538841247559,6.302534103393555,5.850236415863037,False,14.0,0.17034661769866943,0.07156077772378922,8.955597877502441e-05,0.0034085139632225037,0.012046045623719692,0.014774678274989128,0.9998182654380798
freeform_s0_cross,182,9.099946975708008,5.7779998779296875,6.029238700866699,5.942577838897705,6.2511444091796875,5.942577838897705,6.029238700866699,False,14.0,0.1709640920162201,0.07155591249465942,0.00012969970703125,0.0033997073769569397,0.011354872025549412,0.01489083468914032,0.9998246431350708
freeform_s0_cross,183,9.149946212768555,5.7779998779296875,5.896240234375,5.923498153686523,6.200438499450684,5.923498153686523,5.896240234375,False,14.0,0.17150375247001648,0.07157685607671738,0.00016614794731140137,0.003468792885541916,0.010757171548902988,0.014986937865614891,0.9998298287391663
freeform_s0_cross,184,9.199945449829102,5.7779998779296875,5.906301498413086,5.8719635009765625,6.220293045043945,5.8719635009765625,5.906301498413086,False,14.0,0.17229169607162476,0.07155770063400269,0.00019237399101257324,0.0034965835511684418,0.009879456833004951,0.015128702856600285,0.9998367428779602
freeform_s0_cross,185,9.249944686889648,5.7779998779296875,5.298588275909424,5.352165222167969,6.286783218383789,5.352165222167969,5.298588275909424,False,14.0,0.17303591966629028,0.07153939455747604,0.00020703673362731934,0.0034822430461645126,0.009056027047336102,0.015257651917636395,0.9998425841331482
freeform_s0_cross,186,9.299943923950195,5.7779998779296875,5.801252841949463,5.876194000244141,6.197855472564697,5.876194000244141,5.801252841949463,False,14.0,0.1736760437488556,0.07154550403356552,0.0001932680606842041,0.003474840894341469,0.008356546983122826,0.015362478792667389,0.9998470544815063
freeform_s0_cross,187,9.349943161010742,5.7779998779296875,5.801424026489258,5.714361667633057,6.264307975769043,5.714361667633057,5.801424026489258,False,14.0,0.17423948645591736,0.07158538699150085,0.00020194053649902344,0.003443630412220955,0.007750663440674543,0.015448672696948051,0.9998506307601929
freeform_s0_cross,188,9.399942398071289,5.7779998779296875,5.702439308166504,5.631203651428223,6.2723388671875,5.631203651428223,5.702439308166504,False,14.0,0.17475441098213196,0.0716552585363388,0.00021460652351379395,0.003405548632144928,0.007205775938928127,0.015522425994277,0.9998535513877869
freeform_s0_cross,189,9.449941635131836,5.7779998779296875,5.536548614501953,5.400074481964111,6.329427719116211,5.400074481964111,5.536548614501953,False,14.0,0.17525696754455566,0.07176205515861511,0.0002111196517944336,0.0033241622149944305,0.006683225743472576,0.015589590184390545,0.9998561143875122
freeform_s0_cross,190,9.499940872192383,5.7779998779296875,5.842381954193115,5.79396915435791,6.2479023933410645,5.79396915435791,5.842381954193115,False,14.0,0.1757493019104004,0.07186421751976013,0.00019255280494689941,0.0032647754997015,0.0061742812395095825,0.01565438136458397,0.9998583793640137
freeform_s0_cross,191,9.54994010925293,5.7779998779296875,7.107565402984619,7.202763557434082,5.9727373123168945,7.202763557434082,7.107565402984619,False,14.0,0.1766577959060669,0.07170763611793518,0.00012040138244628906,0.003437696024775505,0.0051970756612718105,0.0157944206148386,0.9998617768287659
freeform_s0_cross,192,9.599939346313477,5.7779998779296875,5.466983318328857,5.191587448120117,6.427999496459961,5.191587448120117,5.466983318328857,False,14.0,0.1775171160697937,0.07157298922538757,0.00011456012725830078,0.0034203585237264633,0.004292498342692852,0.01591651700437069,0.9998641014099121
freeform_s0_cross,193,9.649938583374023,5.7779998779296875,5.716609477996826,5.836858749389648,6.228416442871094,5.836858749389648,5.716609477996826,False,14.0,0.1781887412071228,0.07153378427028656,8.574128150939941e-05,0.0034292470663785934,0.0036063992884010077,0.016001859679818153,0.9998654723167419
freeform_s0_cross,194,9.69993782043457,5.7779998779296875,5.920904159545898,5.983382225036621,6.176754951477051,5.983382225036621,5.920904159545898,False,14.0,0.17844992876052856,0.07161517441272736,0.00016763806343078613,0.0035260431468486786,0.0033539633732289076,0.016028711572289467,0.9998658895492554
freeform_s0_cross,195,9.749937057495117,5.7779998779296875,5.9520697593688965,5.943575859069824,6.179421424865723,5.943575859069824,5.9520697593688965,False,14.0,0.17883488535881042,0.07169288396835327,0.00025156140327453613,0.0035787299275398254,0.002979385433718562,0.01606992445886135,0.9998664259910583
freeform_s0_cross,196,9.799936294555664,5.7779998779296875,5.719625473022461,5.529901504516602,6.250336647033691,5.529901504516602,5.719625473022461,False,14.0,0.17962318658828735,0.07167522609233856,0.00028756260871887207,0.003606291487812996,0.0022030873224139214,0.016158675774931908,0.9998670220375061
freeform_s0_cross,197,9.849935531616211,5.7779998779296875,5.2687506675720215,5.4670562744140625,6.21391487121582,5.4670562744140625,5.2687506675720215,False,14.0,0.18066030740737915,0.0715520828962326,0.00024244189262390137,0.003661971539258957,0.0011975215747952461,0.01626841351389885,0.9998669624328613
freeform_s0_cross,198,9.899934768676758,5.7779998779296875,5.89872407913208,5.860998153686523,6.225237846374512,5.860998153686523,5.89872407913208,False,14.0,0.1813780963420868,0.07152171432971954,0.0002231895923614502,0.0035957898944616318,0.0005255494033917785,0.01633526384830475,0.9998664259910583
freeform_s0_cross,199,9.949934005737305,5.7779998779296875,5.909411907196045,5.821637153625488,6.240134239196777,5.821637153625488,5.909411907196045,False,14.0,0.1818932592868805,0.07154785096645355,0.00021347403526306152,0.0035785268992185593,5.6763146858429536e-05,0.016378972679376602,0.9998658299446106
freeform_s0_cross,200,9.999933242797852,5.7779998779296875,5.832005500793457,5.859296798706055,6.199512004852295,5.859296798706055,5.832005500793457,False,14.0,0.182432621717453,0.07157053798437119,0.0002092421054840088,0.003619229421019554,-0.00042617946746759117,0.01642216555774212,0.9998650550842285
freeform_s0_cross,201,10.049932479858398,5.7779998779296875,5.62693452835083,5.625898361206055,6.254488468170166,5.625898361206055,5.62693452835083,False,14.0,0.1831578016281128,0.07157725095748901,0.0002103745937347412,0.0036107655614614487,-0.0010634607169777155,0.01647593267261982,0.9998636841773987
freeform_s0_cross,202,10.099931716918945,5.7779998779296875,4.970460891723633,4.987939834594727,6.365419387817383,4.987939834594727,4.970460891723633,False,14.0,0.18374714255332947,0.07163326442241669,0.00021517276763916016,0.0035148877650499344,-0.0015659404452890158,0.016515953466296196,0.9998623728752136
freeform_s0_cross,203,10.149930953979492,5.7779998779296875,5.862327575683594,5.879202842712402,6.220877647399902,5.879202842712402,5.862327575683594,False,14.0,0.18427667021751404,0.07169798016548157,0.00018990039825439453,0.0034374427050352097,-0.002007546368986368,0.016549618914723396,0.9998610019683838
freeform_s0_cross,204,10.199930191040039,5.7779998779296875,6.906317710876465,6.623428821563721,6.1543097496032715,6.623428821563721,6.906317710876465,False,14.0,0.18491336703300476,0.07170526683330536,0.00015375018119812012,0.003476269543170929,-0.0025309796910732985,0.016585838049650192,0.9998592138290405
freeform_s0_cross,205,10.249929428100586,5.7779998779296875,5.44451379776001,5.555397987365723,6.242029666900635,5.555397987365723,5.44451379776001,False,14.0,0.18560060858726501,0.0716836154460907,0.00014677643775939941,0.003621697425842285,-0.003082151524722576,0.016619406640529633,0.9998571276664734
freeform_s0_cross,206,10.299928665161133,5.7779998779296875,5.844169616699219,5.923544883728027,6.21391487121582,5.923544883728027,5.844169616699219,False,14.0,0.18646058440208435,0.07154273986816406,0.00013378262519836426,0.0036033261567354202,-0.0037526690866798162,0.016649652272462845,0.999854326248169
freeform_s0_cross,207,10.34992790222168,5.7779998779296875,5.386965274810791,5.3421630859375,6.346311569213867,5.3421630859375,5.386965274810791,False,14.0,0.18694081902503967,0.07156059145927429,0.0001550912857055664,0.003532160073518753,-0.004111823160201311,0.016665956005454063,0.9998526573181152
freeform_s0_cross,208,10.399927139282227,5.7779998779296875,5.845399379730225,5.805899620056152,6.25499153137207,5.805899620056152,5.845399379730225,False,14.0,0.18730884790420532,0.07162681221961975,0.0001690685749053955,0.0034639984369277954,-0.004380291327834129,0.016679339110851288,0.9998512864112854
freeform_s0_cross,209,10.449926376342773,5.7779998779296875,6.416195392608643,6.130852699279785,6.224223613739014,6.130852699279785,6.416195392608643,False,14.0,0.18787911534309387,0.07166201621294022,0.00017216801643371582,0.0034807920455932617,-0.0047891754657030106,0.01669473387300968,0.9998491406440735
freeform_s0_cross,210,10.49992561340332,5.7779998779296875,4.745965480804443,5.160571098327637,6.223601341247559,5.160571098327637,4.745965480804443,False,14.0,0.18890079855918884,0.07155483961105347,0.00013333559036254883,0.00371667742729187,-0.005495286546647549,0.016703680157661438,0.9998453855514526
freeform_s0_cross,211,10.549924850463867,5.7779998779296875,6.180187702178955,6.05092716217041,6.255617141723633,6.05092716217041,6.180187702178955,False,14.0,0.18948453664779663,0.07156619429588318,0.000122755765914917,0.0035913195461034775,-0.005880486685782671,0.01670776680111885,0.9998431205749512
freeform_s0_cross,212,10.599924087524414,5.7779998779296875,5.288041114807129,5.400374412536621,6.295548915863037,5.400374412536621,5.288041114807129,False,14.0,0.19019705057144165,0.0715496838092804,0.00011029839515686035,0.00362224318087101,-0.006333878729492426,0.016705568879842758,0.9998403787612915
freeform_s0_cross,213,10.649923324584961,5.7779998779296875,5.687352657318115,5.7391862869262695,6.269598007202148,5.7391862869262695,5.687352657318115,False,14.0,0.1909887194633484,0.07149548828601837,8.07344913482666e-05,0.0035895761102437973,-0.0068150474689900875,0.016693253070116043,0.9998374581336975
freeform_s0_cross,214,10.699922561645508,5.7779998779296875,6.075157642364502,5.946681022644043,6.263875961303711,5.946681022644043,6.075157642364502,False,14.0,0.19165319204330444,0.07147620618343353,7.992982864379883e-05,0.00359211303293705,-0.007201002910733223,0.01667945645749569,0.9998349547386169
freeform_s0_cross,215,10.749921798706055,5.7779998779296875,5.796319484710693,5.759350776672363,6.274385452270508,5.759350776672363,5.796319484710693,False,14.0,0.1922328770160675,0.07151567935943604,0.00010123848915100098,0.0036055687814950943,-0.0075258188880980015,0.01666899584233761,0.9998327493667603
freeform_s0_cross,216,10.799921035766602,5.7779998779296875,5.469903945922852,5.645590305328369,6.24593448638916,5.645590305328369,5.469903945922852,False,14.0,0.1927562952041626,0.07159188389778137,0.00012868642807006836,0.003623606637120247,-0.007810251787304878,0.01666122116148472,0.9998306632041931
freeform_s0_cross,217,10.849920272827148,5.7779998779296875,5.667273044586182,5.736712455749512,6.243011474609375,5.736712455749512,5.667273044586182,False,14.0,0.19325444102287292,0.07168646156787872,0.00015336275100708008,0.0036095548421144485,-0.008073188364505768,0.01665439084172249,0.9998286962509155
freeform_s0_cross,218,10.899919509887695,5.7779998779296875,5.873677730560303,5.902144432067871,6.208404541015625,5.902144432067871,5.873677730560303,False,14.0,0.19374093413352966,0.07179379463195801,0.00018236041069030762,0.003628423437476158,-0.00832272320985794,0.01664792373776436,0.9998267889022827
freeform_s0_cross,219,10.949918746948242,5.7779998779296875,6.744750499725342,5.9060869216918945,6.38298225402832,5.9060869216918945,6.744750499725342,False,14.0,0.1945834457874298,0.07170024514198303,0.0001462697982788086,0.003562910482287407,-0.008723132312297821,0.016597947105765343,0.9998241662979126
freeform_s0_cross,220,10.999917984008789,5.7779998779296875,5.026642799377441,5.161995887756348,6.337448596954346,5.161995887756348,5.026642799377441,False,14.0,0.1954568326473236,0.07153531908988953,6.479024887084961e-05,0.0036330372095108032,-0.009105173870921135,0.016527384519577026,0.9998219609260559
freeform_s0_cross,221,11.049917221069336,5.7779998779296875,5.871389389038086,5.8576483726501465,6.295004844665527,5.8576483726501465,5.871389389038086,False,14.0,0.19615301489830017,0.07148037850856781,1.1056661605834961e-05,0.0035479459911584854,-0.00939316675066948,0.016474248841404915,0.9998201727867126
freeform_s0_cross,222,11.099916458129883,5.7779998779296875,6.519687175750732,6.636700630187988,6.03935432434082,6.636700630187988,6.519687175750732,False,14.0,0.1964641511440277,0.07156366109848022,8.875131607055664e-05,0.003809873014688492,-0.00952384527772665,0.0164642296731472,0.9998190999031067
freeform_s0_cross,223,11.14991569519043,5.7779998779296875,6.454448223114014,6.225410461425781,6.1631059646606445,6.225410461425781,6.454448223114014,False,14.0,0.1968180239200592,0.07166720181703568,0.0002314746379852295,0.003941258415579796,-0.009669560939073563,0.016453571617603302,0.9998178482055664
freeform_s0_cross,224,11.199914932250977,5.7779998779296875,0.709888219833374,3.374358654022217,6.117895603179932,3.374358654022217,0.709888219833374,False,14.0,0.1974528431892395,0.07170402258634567,0.00032597780227661133,0.004061663523316383,-0.00990977045148611,0.01641000248491764,0.9998162388801575
freeform_s0_cross,225,11.249914169311523,5.7779998779296875,6.558865547180176,6.203182220458984,6.308873176574707,6.203182220458984,6.558865547180176,False,14.0,0.19862854480743408,0.07152388989925385,0.00017175078392028809,0.0036589819937944412,-0.010296187363564968,0.016278592869639397,0.999814510345459
freeform_s0_cross,226,11.29991340637207,5.7779998779296875,5.488773822784424,5.41188907623291,6.353151321411133,5.41188907623291,5.488773822784424,False,14.0,0.19938188791275024,0.0714760273694992,8.401274681091309e-05,0.003644077107310295,-0.01052378211170435,0.016196761280298233,0.999813437461853
freeform_s0_cross,227,11.349912643432617,5.7779998779296875,5.753669738769531,5.882275581359863,6.224241733551025,5.882275581359863,5.753669738769531,False,14.0,0.19989454746246338,0.0715009942650795,5.066394805908203e-05,0.003683514893054962,-0.010673655197024345,0.01614765264093876,0.999812662601471
freeform_s0_cross,228,11.399911880493164,5.7779998779296875,5.9103217124938965,5.878752708435059,6.2695417404174805,5.878752708435059,5.9103217124938965,False,14.0,0.20044133067131042,0.07153040170669556,5.176663398742676e-05,0.003692781552672386,-0.010824646800756454,0.016093213111162186,0.9998118877410889
freeform_s0_cross,229,11.449911117553711,5.7779998779296875,5.5984206199646,5.439315319061279,6.412703514099121,5.439315319061279,5.5984206199646,False,14.0,0.2011599838733673,0.07153087854385376,1.3619661331176758e-05,0.003569064661860466,-0.011004473082721233,0.016010595485568047,0.9998112916946411
freeform_s0_cross,230,11.499910354614258,5.7779998779296875,5.388162136077881,5.516544342041016,6.328978538513184,5.516544342041016,5.388162136077881,False,14.0,0.20173043012619019,0.071580670773983,-1.558661460876465e-05,0.0035337544977664948,-0.011141758412122726,0.015950990840792656,0.9998106956481934
freeform_s0_cross,231,11.549909591674805,5.7779998779296875,5.882656574249268,5.853677749633789,6.3057756423950195,5.853677749633789,5.882656574249268,False,14.0,0.20228001475334167,0.07164707779884338,-2.6881694793701172e-05,0.0035004913806915283,-0.011267364956438541,0.015894729644060135,0.9998101592063904
freeform_s0_cross,232,11.599908828735352,5.7779998779296875,7.274537563323975,6.809566020965576,6.211272239685059,6.809566020965576,7.274537563323975,False,14.0,0.20288795232772827,0.07167232781648636,-3.159046173095703e-05,0.0035670343786478043,-0.011389974504709244,0.015820255503058434,0.999809980392456
freeform_s0_cross,233,11.649908065795898,5.7779998779296875,5.431546688079834,5.6017374992370605,6.2610764503479,5.6017374992370605,5.431546688079834,False,14.0,0.20357081294059753,0.07164964079856873,1.7881393432617188e-06,0.003790043294429779,-0.011507830582559109,0.015722407028079033,0.9998101592063904
freeform_s0_cross,234,11.699907302856445,5.7779998779296875,6.4996819496154785,6.054572105407715,6.408203125,6.054572105407715,6.4996819496154785,False,14.0,0.2044163942337036,0.07151015102863312,-3.674626350402832e-05,0.003565369173884392,-0.011618276126682758,0.015571750700473785,0.9998112320899963
freeform_s0_cross,235,11.749906539916992,5.7779998779296875,6.4698486328125,6.577676773071289,6.135393142700195,6.577676773071289,6.4698486328125,False,14.0,0.20495739579200745,0.07149757444858551,-3.463029861450195e-05,0.0037359707057476044,-0.011688996106386185,0.01548770908266306,0.9998117089271545
freeform_s0_cross,236,11.799905776977539,5.7779998779296875,6.187248706817627,6.112049102783203,6.221898078918457,6.112049102783203,6.187248706817627,False,14.0,0.20535337924957275,0.07156679034233093,6.92605972290039e-05,0.0038577839732170105,-0.01174782495945692,0.015441544353961945,0.9998117685317993
freeform_s0_cross,237,11.849905014038086,5.7779998779296875,1.765946626663208,4.007946968078613,6.142949104309082,4.007946968078613,1.765946626663208,False,14.0,0.20592999458312988,0.07160642743110657,0.00015339255332946777,0.0040021855384111404,-0.011816950514912605,0.015359140001237392,0.9998121857643127
freeform_s0_cross,238,11.899904251098633,5.7779998779296875,8.569125175476074,7.316135406494141,6.292931079864502,7.316135406494141,8.569125175476074,False,14.0,0.20692935585975647,0.07149285078048706,4.369020462036133e-05,0.003670673817396164,-0.011886403895914555,0.015169354155659676,0.9998142719268799
freeform_s0_cross,239,11.94990348815918,5.7779998779296875,5.474637508392334,5.481047630310059,6.286580562591553,5.481047630310059,5.474637508392334,False,14.0,0.20744666457176208,0.07153090834617615,8.934736251831055e-05,0.003915183246135712,-0.011928479187190533,0.015089638531208038,0.9998149871826172
freeform_s0_cross,240,11.999902725219727,5.7779998779296875,3.183584690093994,4.649681091308594,6.1909027099609375,4.649681091308594,3.183584690093994,False,14.0,0.20808616280555725,0.07152999192476273,0.00011736154556274414,0.0039473362267017365,-0.01196338515728712,0.01497741136699915,0.9998162388801575
freeform_s0_cross,241,12.049901962280273,5.7779998779296875,6.114596366882324,6.086193084716797,6.266983985900879,6.086193084716797,6.114596366882324,False,14.0,0.20895281434059143,0.07145608961582184,3.692507743835449e-05,0.0037326831370592117,-0.011981939896941185,0.014803280122578144,0.9998186230659485
freeform_s0_cross,242,12.09990119934082,5.7779998779296875,5.701688289642334,5.624929428100586,6.347964286804199,5.624929428100586,5.701688289642334,False,14.0,0.20963433384895325,0.0714384987950325,-4.857778549194336e-06,0.003716755658388138,-0.011991603299975395,0.01467179786413908,0.9998204708099365
freeform_s0_cross,243,12.149900436401367,5.7779998779296875,6.192558765411377,6.03724479675293,6.27908992767334,6.03724479675293,6.192558765411377,False,14.0,0.21019640564918518,0.07148761302232742,-6.9141387939453125e-06,0.0037418678402900696,-0.012004125863313675,0.014576180838048458,0.9998217225074768
freeform_s0_cross,244,12.199899673461914,5.7779998779296875,6.0676374435424805,6.134706497192383,6.19807243347168,6.134706497192383,6.0676374435424805,False,14.0,0.21074184775352478,0.07156205177307129,2.6941299438476562e-05,0.003866957500576973,-0.01201553363353014,0.01448807306587696,0.9998228549957275
freeform_s0_cross,245,12.249898910522461,5.7779998779296875,5.29168176651001,5.403943061828613,6.30437707901001,5.403943061828613,5.29168176651001,False,14.0,0.21131858229637146,0.07160450518131256,7.539987564086914e-05,0.0039067622274160385,-0.012014325708150864,0.014384196139872074,0.9998243451118469
freeform_s0_cross,246,12.299898147583008,5.7779998779296875,5.91664981842041,5.938003063201904,6.24077844619751,5.938003063201904,5.91664981842041,False,14.0,0.21195098757743835,0.07158175110816956,7.727742195129395e-05,0.0038926564157009125,-0.011991708539426327,0.014250841923058033,0.9998265504837036
freeform_s0_cross,247,12.349897384643555,5.7779998779296875,5.909762859344482,5.4447526931762695,6.471065521240234,5.4447526931762695,5.909762859344482,False,14.0,0.21274033188819885,0.07150321453809738,3.1501054763793945e-05,0.0037411749362945557,-0.011942172423005104,0.01406824216246605,0.9998297095298767
freeform_s0_cross,248,12.399896621704102,5.7779998779296875,5.809925556182861,5.88144588470459,6.273805618286133,5.88144588470459,5.809925556182861,False,14.0,0.21344462037086487,0.07145059108734131,-3.4242868423461914e-05,0.003772301599383354,-0.011891611851751804,0.01390630379319191,0.9998325705528259
freeform_s0_cross,249,12.449895858764648,5.7779998779296875,5.8078389167785645,5.761072158813477,6.334836959838867,5.761072158813477,5.8078389167785645,False,14.0,0.21409806609153748,0.0714331865310669,-5.2928924560546875e-05,0.0037528928369283676,-0.01184355840086937,0.013761340640485287,0.999835193157196
freeform_s0_cross,250,12.499895095825195,5.7779998779296875,5.56117057800293,5.529144287109375,6.383844375610352,5.529144287109375,5.56117057800293,False,14.0,0.21476349234580994,0.07143741846084595,-8.597970008850098e-05,0.0037163924425840378,-0.011792193166911602,0.013616888783872128,0.9998377561569214
freeform_s0_cross,251,12.549894332885742,5.7779998779296875,5.768448829650879,5.780759811401367,6.3429179191589355,5.780759811401367,5.768448829650879,False,14.0,0.21541032195091248,0.07144422829151154,-0.00012663006782531738,0.003690958023071289,-0.011736310087144375,0.013474984094500542,0.9998403191566467
freeform_s0_cross,252,12.599893569946289,5.7779998779296875,5.899965763092041,5.906518936157227,6.313412189483643,5.906518936157227,5.899965763092041,False,14.0,0.2158767282962799,0.07145139575004578,-0.00012704730033874512,0.003728499636054039,-0.01169270183891058,0.01337196584790945,0.9998422265052795
freeform_s0_cross,253,12.649892807006836,5.7779998779296875,5.901824951171875,5.904652118682861,6.310091972351074,5.904652118682861,5.901824951171875,False,14.0,0.21641770005226135,0.0714646428823471,-0.0001131296157836914,0.003771655261516571,-0.011639419011771679,0.013252467848360538,0.9998444318771362
freeform_s0_cross,254,12.699892044067383,5.7779998779296875,6.10086727142334,6.002724647521973,6.36336612701416,6.002724647521973,6.10086727142334,False,14.0,0.21724984049797058,0.07142584770917892,-0.0001652240753173828,0.003655819222331047,-0.011536126025021076,0.01305083092302084,0.9998483061790466
freeform_s0_cross,255,12.74989128112793,5.7779998779296875,5.8886895179748535,6.282033920288086,6.14206600189209,6.282033920288086,5.8886895179748535,False,14.0,0.2177877128124237,0.07145710289478302,-0.00014129281044006348,0.00386606901884079,-0.011477694846689701,0.012933456338942051,0.9998505115509033
freeform_s0_cross,256,12.799890518188477,5.7779998779296875,6.102371692657471,5.998623847961426,6.304338455200195,5.998623847961426,6.102371692657471,False,14.0,0.2183157503604889,0.07149863243103027,-6.273388862609863e-05,0.0038993526250123978,-0.01141961570829153,0.012819920666515827,0.9998525977134705
freeform_s0_cross,257,12.849889755249023,5.7779998779296875,6.130007743835449,5.715628623962402,6.439178466796875,5.715628623962402,6.130007743835449,False,14.0,0.2190721333026886,0.07150791585445404,-4.559755325317383e-05,0.0038109607994556427,-0.011319118551909924,0.01264245342463255,0.9998559951782227
freeform_s0_cross,258,12.89988899230957,5.7779998779296875,4.819415092468262,5.392535209655762,6.265156269073486,5.392535209655762,4.819415092468262,False,14.0,0.21971818804740906,0.07154016941785812,-4.482269287109375e-05,0.0038929060101509094,-0.011234285309910774,0.012495551258325577,0.9998587965965271
freeform_s0_cross,259,12.949888229370117,5.7779998779296875,5.98378324508667,5.756041526794434,6.402719497680664,5.756041526794434,5.98378324508667,False,14.0,0.22024503350257874,0.07159806787967682,-4.526972770690918e-05,0.003689071163535118,-0.011169743724167347,0.012382900342345238,0.999860942363739
freeform_s0_cross,260,12.999887466430664,5.7779998779296875,6.603419780731201,6.179155349731445,6.318449974060059,6.179155349731445,6.603419780731201,False,14.0,0.2207985818386078,0.07164006680250168,-5.695223808288574e-05,0.00370916910469532,-0.011094645597040653,0.012258700095117092,0.99986332654953
freeform_s0_cross,261,13.049886703491211,5.7779998779296875,6.239740371704102,6.159975051879883,6.249153137207031,6.159975051879883,6.239740371704102,False,14.0,0.22145876288414001,0.0715985894203186,-6.54757022857666e-05,0.003879580646753311,-0.01097902562469244,0.01208568923175335,0.9998666644096375
freeform_s0_cross,262,13.099885940551758,5.7779998779296875,5.186328887939453,4.966960430145264,6.501786231994629,4.966960430145264,5.186328887939453,False,14.0,0.22226718068122864,0.07151290774345398,-7.906556129455566e-05,0.0038421470671892166,-0.010823558084666729,0.011863318271934986,0.9998710751533508
freeform_s0_cross,263,13.149885177612305,5.7779998779296875,5.670572280883789,5.791428565979004,6.317256927490234,5.791428565979004,5.670572280883789,False,14.0,0.22294852137565613,0.07145277410745621,-0.00012797117233276367,0.0038123708218336105,-0.010691365227103233,0.01167791336774826,0.9998746514320374
freeform_s0_cross,264,13.199884414672852,5.7779998779296875,5.887217044830322,5.840579032897949,6.332424163818359,5.840579032897949,5.887217044830322,False,14.0,0.22325477004051208,0.07153806835412979,-7.385015487670898e-05,0.0037844739854335785,-0.010658973827958107,0.011623055674135685,0.9998756647109985
freeform_s0_cross,265,13.249883651733398,5.7779998779296875,6.432587623596191,6.314685821533203,6.220281600952148,6.314685821533203,6.432587623596191,False,14.0,0.22360530495643616,0.0716112032532692,-9.864568710327148e-06,0.003866676241159439,-0.010615088976919651,0.01155368983745575,0.9998769164085388
freeform_s0_cross,266,13.299882888793945,5.7779998779296875,6.560503005981445,5.547868251800537,6.542365074157715,5.547868251800537,6.560503005981445,False,14.0,0.22457382082939148,0.07157042622566223,-4.3898820877075195e-05,0.003771526739001274,-0.01042870245873928,0.011298710480332375,0.9998818039894104
freeform_s0_cross,267,13.349882125854492,5.7779998779296875,5.449875354766846,5.829354763031006,6.209407806396484,5.829354763031006,5.449875354766846,False,14.0,0.22535982728004456,0.07151393592357635,-0.00011610984802246094,0.0039771683514118195,-0.010267386212944984,0.0110849030315876,0.9998858571052551
freeform_s0_cross,268,13.399881362915039,5.7779998779296875,6.020641326904297,5.912694931030273,6.342789649963379,5.912694931030273,6.020641326904297,False,14.0,0.2259400188922882,0.07150870561599731,-0.00010201334953308105,0.003934090957045555,-0.010155481286346912,0.01093585416674614,0.9998886585235596
freeform_s0_cross,269,13.449880599975586,5.7779998779296875,6.0795769691467285,5.69270133972168,6.492130279541016,5.69270133972168,6.0795769691467285,False,14.0,0.22682848572731018,0.07143387198448181,-0.00016561150550842285,0.0037632547318935394,-0.009964012540876865,0.01069035567343235,0.9998931884765625
freeform_s0_cross,270,13.499879837036133,5.7779998779296875,5.554959774017334,5.561483383178711,6.410373687744141,5.561483383178711,5.554959774017334,False,14.0,0.22754862904548645,0.07141024619340897,-0.00022619962692260742,0.003766154870390892,-0.009815875440835953,0.010500340722501278,0.9998967051506042
freeform_s0_cross,271,13.54987907409668,5.7779998779296875,5.784742832183838,5.757907867431641,6.398118495941162,5.757907867431641,5.784742832183838,False,14.0,0.2281261384487152,0.07144734263420105,-0.00024434924125671387,0.0037367288023233414,-0.009710090234875679,0.010361592285335064,0.99989914894104
freeform_s0_cross,272,13.599878311157227,5.7779998779296875,5.861177444458008,5.955416679382324,6.3154988288879395,5.955416679382324,5.861177444458008,False,14.0,0.2286640703678131,0.0714983195066452,-0.00022873282432556152,0.003807254135608673,-0.009614831767976284,0.010236161760985851,0.9999013543128967
freeform_s0_cross,273,13.649877548217773,5.7779998779296875,5.815701007843018,5.809767723083496,6.360476493835449,5.809767723083496,5.815701007843018,False,14.0,0.2292061746120453,0.07156532257795334,-0.0001881420612335205,0.0038273409008979797,-0.009522033855319023,0.010113346390426159,0.9999035000801086
freeform_s0_cross,274,13.69987678527832,5.7779998779296875,5.7606635093688965,6.027434349060059,6.227965354919434,6.027434349060059,5.7606635093688965,False,14.0,0.22986146807670593,0.07159359753131866,-0.00016927719116210938,0.003990892320871353,-0.009395357221364975,0.009951961226761341,0.9999063611030579
freeform_s0_cross,275,13.749876022338867,5.7779998779296875,4.426797866821289,4.522518634796143,6.5403289794921875,4.522518634796143,4.426797866821289,False,14.0,0.23060181736946106,0.07155940681695938,-0.00015407800674438477,0.003911629319190979,-0.009234178811311722,0.009753922931849957,0.9999098181724548
freeform_s0_cross,276,13.799875259399414,5.7779998779296875,5.965473175048828,6.207620143890381,6.233454704284668,6.207620143890381,5.965473175048828,False,14.0,0.23126593232154846,0.07148681581020355,-0.0002041161060333252,0.003920918330550194,-0.009078100323677063,0.009566819295287132,0.9999130368232727
freeform_s0_cross,277,13.849874496459961,5.7779998779296875,5.665348052978516,5.641557216644287,6.398119926452637,5.641557216644287,5.665348052978516,False,14.0,0.2317093312740326,0.07144248485565186,-0.00018545985221862793,0.003921696916222572,-0.008974661119282246,0.009443238377571106,0.9999151229858398
freeform_s0_cross,278,13.899873733520508,5.7779998779296875,5.782366752624512,5.800447463989258,6.354075908660889,5.800447463989258,5.782366752624512,False,14.0,0.23217490315437317,0.07141923904418945,-0.00016555190086364746,0.0039110854268074036,-0.008871793746948242,0.009319216944277287,0.999917209148407
freeform_s0_cross,279,13.949872970581055,5.7779998779296875,6.479399681091309,6.065818786621094,6.4372453689575195,6.065818786621094,6.479399681091309,False,14.0,0.2331211268901825,0.0714254379272461,-0.0002180039882659912,0.0038178302347660065,-0.008675827644765377,0.009080302901566029,0.9999211430549622
freeform_s0_cross,280,13.999872207641602,5.7779998779296875,5.651103973388672,5.742866516113281,6.359797477722168,5.742866516113281,5.651103973388672,False,14.0,0.2338024079799652,0.07146427035331726,-0.00024759769439697266,0.0039015859365463257,-0.008543150499463081,0.008916693739593029,0.9999237656593323
freeform_s0_cross,281,14.049871444702148,5.7779998779296875,5.951673984527588,5.933514595031738,6.3594255447387695,5.933514595031738,5.951673984527588,False,14.0,0.23436400294303894,0.0714941918849945,-0.00024259090423583984,0.003911621868610382,-0.008433151990175247,0.008781715296208858,0.9999258518218994
freeform_s0_cross,282,14.099870681762695,5.7779998779296875,5.934309482574463,5.742918014526367,6.466870307922363,5.742918014526367,5.934309482574463,False,14.0,0.23518159985542297,0.07145833969116211,-0.00028228759765625,0.0038227494806051254,-0.00825310219079256,0.008568499237298965,0.9999292492866516
freeform_s0_cross,283,14.149869918823242,5.7779998779296875,6.237218856811523,6.327916145324707,6.282387733459473,6.327916145324707,6.237218856811523,False,14.0,0.23574939370155334,0.07146435976028442,-0.00029525160789489746,0.0039049629122018814,-0.008135989308357239,0.008428000845015049,0.9999313950538635
freeform_s0_cross,284,14.199869155883789,5.7779998779296875,5.985846519470215,5.914753437042236,6.371858596801758,5.914753437042236,5.985846519470215,False,14.0,0.23624995350837708,0.07150007784366608,-0.0002536773681640625,0.003966435790061951,-0.00804045144468546,0.008311168290674686,0.999933123588562
freeform_s0_cross,285,14.249868392944336,5.7779998779296875,5.237793445587158,5.115072250366211,6.526599884033203,5.115072250366211,5.237793445587158,False,14.0,0.23695430159568787,0.07148358225822449,-0.0002442598342895508,0.003911834210157394,-0.007889769971370697,0.008133324794471264,0.9999358057975769
freeform_s0_cross,286,14.299867630004883,5.7779998779296875,5.860480308532715,5.865448951721191,6.384105682373047,5.865448951721191,5.860480308532715,False,14.0,0.23762401938438416,0.07148440182209015,-0.0002678036689758301,0.0038495883345603943,-0.007751070894300938,0.007968824356794357,0.9999381899833679
freeform_s0_cross,287,14.34986686706543,5.7779998779296875,5.771437168121338,5.686279296875,6.43684196472168,5.686279296875,5.771437168121338,False,14.0,0.2381490170955658,0.0715530663728714,-0.0002606809139251709,0.0037962626665830612,-0.007659320253878832,0.007854626514017582,0.9999397993087769
freeform_s0_cross,288,14.399866104125977,5.7779998779296875,5.810211658477783,5.81436824798584,6.381383419036865,5.81436824798584,5.810211658477783,False,14.0,0.23868194222450256,0.07161843776702881,-0.00025457143783569336,0.003799350932240486,-0.007565355394035578,0.007738213986158371,0.9999414682388306
freeform_s0_cross,289,14.449865341186523,5.7779998779296875,5.943009853363037,5.977350234985352,6.352225303649902,5.977350234985352,5.943009853363037,False,14.0,0.23938152194023132,0.07157611101865768,-0.00029781460762023926,0.0038381479680538177,-0.007411518134176731,0.007560474332422018,0.9999439716339111
freeform_s0_cross,290,14.49986457824707,5.7779998779296875,5.963755130767822,5.971590042114258,6.3936662673950195,5.971590042114258,5.963755130767822,False,14.0,0.24013343453407288,0.07151837646961212,-0.00033342838287353516,0.0038529150187969208,-0.007244396489113569,0.007368932012468576,0.9999465942382812
freeform_s0_cross,291,14.549863815307617,5.7779998779296875,5.842615127563477,5.97778844833374,6.312403678894043,5.97778844833374,5.842615127563477,False,14.0,0.24061539769172668,0.07147759199142456,-0.0003070235252380371,0.004028536379337311,-0.007137089967727661,0.007246547844260931,0.999948263168335
freeform_s0_cross,292,14.599863052368164,5.7779998779296875,5.486809253692627,5.462920188903809,6.438040733337402,5.462920188903809,5.486809253692627,False,14.0,0.24109753966331482,0.07150641083717346,-0.00023359060287475586,0.0040286388248205185,-0.007046711165457964,0.007138356100767851,0.9999496936798096
freeform_s0_cross,293,14.649862289428711,5.7779998779296875,6.014070510864258,5.9391303062438965,6.353443145751953,5.9391303062438965,6.014070510864258,False,14.0,0.24150297045707703,0.07159529626369476,-0.0001601874828338623,0.003980705514550209,-0.006986167281866074,0.007060091942548752,0.999950647354126
freeform_s0_cross,294,14.699861526489258,5.7779998779296875,7.002727508544922,5.908563137054443,6.555873870849609,5.908563137054443,7.002727508544922,False,14.0,0.24249979853630066,0.07155744731426239,-0.0002065598964691162,0.0038830358535051346,-0.006778688635677099,0.006821217946708202,0.9999537467956543
freeform_s0_cross,295,14.749860763549805,5.7779998779296875,5.219653606414795,5.536297798156738,6.339115619659424,5.536297798156738,5.219653606414795,False,14.0,0.24331596493721008,0.07151937484741211,-0.0002811253070831299,0.004065835848450661,-0.006609167438000441,0.006627217400819063,0.9999561905860901
freeform_s0_cross,296,14.799860000610352,5.7779998779296875,6.0330400466918945,5.951767444610596,6.397095203399658,5.951767444610596,6.0330400466918945,False,14.0,0.24389949440956116,0.07152636349201202,-0.0002887845039367676,0.0040053147822618484,-0.0064968541264534,0.006496247835457325,0.999957799911499
freeform_s0_cross,297,14.849859237670898,5.7779998779296875,5.800548076629639,5.582343101501465,6.52780818939209,5.582343101501465,5.800548076629639,False,14.0,0.2447766363620758,0.07142874598503113,-0.00035309791564941406,0.003894329071044922,-0.006305669900029898,0.006283017806708813,0.9999603629112244
freeform_s0_cross,298,14.899858474731445,5.7779998779296875,6.3227715492248535,6.187954902648926,6.391654014587402,6.187954902648926,6.3227715492248535,False,14.0,0.24532553553581238,0.07133780419826508,-0.0003923773765563965,0.003908222541213036,-0.006180926691740751,0.006146460305899382,0.9999620318412781
freeform_s0_cross,299,14.949857711791992,5.7779998779296875,5.757988452911377,5.945534706115723,6.347235202789307,5.945534706115723,5.757988452911377,False,14.0,0.2457161843776703,0.07127232104539871,-0.0003694593906402588,0.0040390100330114365,-0.006092770956456661,0.006050179246813059,0.9999631643295288
freeform_s0_cross,300,14.999856948852539,5.7779998779296875,6.013946056365967,5.9931488037109375,6.369653701782227,5.9931488037109375,6.013946056365967,False,14.0,0.24611946940422058,0.07124888896942139,-0.00031632184982299805,0.0040923189371824265,-0.006011980585753918,0.005959019996225834,0.99996417760849
freeform_s0_cross,301,15.049856185913086,5.7779998779296875,5.505905628204346,5.356266975402832,6.544322967529297,5.356266975402832,5.505905628204346,False,14.0,0.24688705801963806,0.07138867676258087,-0.0003037452697753906,0.003945302218198776,-0.005898964591324329,0.0058174594305455685,0.9999656677246094
freeform_s0_cross,302,15.099855422973633,5.7779998779296875,5.9825663566589355,5.871701717376709,6.433230400085449,5.871701717376709,5.9825663566589355,False,14.0,0.24767360091209412,0.0714782327413559,-0.0003514885902404785,0.0038901977241039276,-0.005772899370640516,0.0056653376668691635,0.9999672770500183
freeform_s0_cross,303,15.14985466003418,5.7779998779296875,5.313641548156738,5.561995029449463,6.429356575012207,5.561995029449463,5.313641548156738,False,14.0,0.24843916296958923,0.07151104509830475,-0.00040009617805480957,0.003915635868906975,-0.005640236660838127,0.005510724149644375,0.9999688863754272
freeform_s0_cross,304,15.199853897094727,5.7779998779296875,6.197025775909424,6.075993537902832,6.399163246154785,6.075993537902832,6.197025775909424,False,14.0,0.24907967448234558,0.07138876616954803,-0.0004374086856842041,0.003982136026024818,-0.005499945022165775,0.005360499024391174,0.9999704957008362
freeform_s0_cross,305,15.249853134155273,5.7779998779296875,5.835890293121338,6.0598554611206055,6.32293176651001,6.0598554611206055,5.835890293121338,False,14.0,0.24950888752937317,0.07139238715171814,-0.0003954768180847168,0.004130085930228233,-0.005424346309155226,0.005274010822176933,0.9999713897705078
freeform_s0_cross,306,15.29985237121582,5.7779998779296875,6.056085109710693,5.960824966430664,6.412259101867676,5.960824966430664,6.056085109710693,False,14.0,0.2500505745410919,0.07144523411989212,-0.00033980607986450195,0.004127338528633118,-0.005339407362043858,0.005173053126782179,0.9999723434448242
freeform_s0_cross,307,15.349851608276367,5.7779998779296875,5.749578475952148,5.920793533325195,6.328306198120117,5.920793533325195,5.749578475952148,False,14.0,0.2505744993686676,0.07152438908815384,-0.0002759397029876709,0.00421430729329586,-0.005263480823487043,0.0050804088823497295,0.9999732375144958
freeform_s0_cross,308,15.399850845336914,5.7779998779296875,5.777358055114746,5.745291709899902,6.384856224060059,5.745291709899902,5.777358055114746,False,14.0,0.251072496175766,0.07161214202642441,-0.00019404292106628418,0.004207227379083633,-0.0051942854188382626,0.004994886927306652,0.9999740123748779
freeform_s0_cross,309,15.449850082397461,5.7779998779296875,6.388443470001221,5.406003952026367,6.644671440124512,5.406003952026367,6.388443470001221,False,14.0,0.2521238625049591,0.07155326008796692,-0.0002422332763671875,0.004022270441055298,-0.005002993158996105,0.0047834147699177265,0.9999760389328003
freeform_s0_cross,310,15.499849319458008,5.7779998779296875,5.213444709777832,5.251267433166504,6.511270046234131,5.251267433166504,5.213444709777832,False,14.0,0.2531460225582123,0.07147620618343353,-0.00038233399391174316,0.00402090884745121,-0.004817470442503691,0.004580679815262556,0.9999778866767883
freeform_s0_cross,311,15.549848556518555,5.7779998779296875,6.254032135009766,6.254484176635742,6.393590927124023,6.254484176635742,6.254032135009766,False,14.0,0.25377175211906433,0.07144775241613388,-0.00044983625411987305,0.003970237448811531,-0.00470945006236434,0.004461742006242275,0.9999789595603943
freeform_s0_cross,312,15.599847793579102,5.7779998779296875,5.888747215270996,5.855615615844727,6.437845230102539,5.855615615844727,5.888747215270996,False,14.0,0.2542620003223419,0.07145237922668457,-0.000436931848526001,0.0040384456515312195,-0.004630729556083679,0.004373339936137199,0.9999797344207764
freeform_s0_cross,313,15.649847030639648,5.7779998779296875,5.25692081451416,5.2790961265563965,6.517041206359863,5.2790961265563965,5.25692081451416,False,14.0,0.2549149692058563,0.07144466042518616,-0.0004329383373260498,0.0040397047996521,-0.004524672403931618,0.004255614243447781,0.9999806880950928
freeform_s0_cross,314,15.699846267700195,5.7779998779296875,5.698933124542236,5.721149444580078,6.474552154541016,5.721149444580078,5.698933124542236,False,14.0,0.2555743157863617,0.07146312296390533,-0.0004493296146392822,0.0039627403020858765,-0.004423697013407946,0.0041419691406190395,0.9999816417694092
freeform_s0_cross,315,15.749845504760742,5.7779998779296875,5.739990234375,5.6373114585876465,6.518315315246582,5.6373114585876465,5.739990234375,False,14.0,0.2561087906360626,0.0715361163020134,-0.00044605135917663574,0.0038776155561208725,-0.004352842923253775,0.004058077931404114,0.9999822974205017
freeform_s0_cross,316,15.799844741821289,5.7779998779296875,5.709543704986572,5.726580619812012,6.463307857513428,5.726580619812012,5.709543704986572,False,14.0,0.25663986802101135,0.07160328328609467,-0.0004456937313079834,0.003864869475364685,-0.00428216764703393,0.0039750984869897366,0.9999829530715942
freeform_s0_cross,317,15.849843978881836,5.7779998779296875,5.873461723327637,6.109947204589844,6.339044094085693,6.109947204589844,5.873461723327637,False,14.0,0.25730106234550476,0.07158847153186798,-0.00047147274017333984,0.003967311233282089,-0.0041786800138652325,0.00386220240034163,0.9999837875366211
freeform_s0_cross,318,15.899843215942383,5.7779998779296875,5.572611331939697,5.6677141189575195,6.470597267150879,5.6677141189575195,5.572611331939697,False,14.0,0.25801029801368713,0.07154715061187744,-0.0004801154136657715,0.003971537575125694,-0.00406532222405076,0.0037407521158456802,0.9999847412109375
freeform_s0_cross,319,15.94984245300293,5.7779998779296875,5.8878021240234375,6.085176467895508,6.3320770263671875,6.085176467895508,5.8878021240234375,False,14.0,0.25853660702705383,0.07144974172115326,-0.0004680752754211426,0.0041578225791454315,-0.003971824422478676,0.003645241027697921,0.9999854564666748
freeform_s0_cross,320,15.999841690063477,5.7779998779296875,5.726640224456787,5.798076629638672,6.428360939025879,5.798076629638672,5.726640224456787,False,14.0,0.25899508595466614,0.07143561542034149,-0.00040090084075927734,0.004184894263744354,-0.003902748227119446,0.003570862114429474,0.9999859929084778
freeform_s0_cross,321,16.049840927124023,5.7779998779296875,5.721563816070557,5.675312042236328,6.450072765350342,5.675312042236328,5.721563816070557,False,14.0,0.2594093978404999,0.07148776948451996,-0.00032085180282592773,0.004147341474890709,-0.003851135727018118,0.003511217888444662,0.9999864101409912
freeform_s0_cross,322,16.09984016418457,5.7779998779296875,5.544036388397217,5.536190986633301,6.442845344543457,5.536190986633301,5.544036388397217,False,14.0,0.25980082154273987,0.07156495749950409,-0.00024628639221191406,0.004090378060936928,-0.003807059256359935,0.003458268940448761,0.9999867677688599
freeform_s0_cross,323,16.149839401245117,5.7779998779296875,5.578829765319824,6.236122131347656,6.186243057250977,6.236122131347656,5.578829765319824,False,14.0,0.26117178797721863,0.07145633548498154,-0.00040331482887268066,0.00422854907810688,-0.003598565934225917,0.0032404358498752117,0.9999882578849792
freeform_s0_cross,324,16.199838638305664,5.7779998779296875,5.746223449707031,5.622938632965088,6.510745525360107,5.622938632965088,5.746223449707031,False,14.0,0.2618228495121002,0.07144728302955627,-0.00040540099143981934,0.004155606031417847,-0.003508488880470395,0.0031444611959159374,0.9999889135360718
freeform_s0_cross,325,16.24983787536621,5.7779998779296875,5.888071537017822,5.698115825653076,6.510098934173584,5.698115825653076,5.888071537017822,False,14.0,0.2626174986362457,0.07141286879777908,-0.00045225024223327637,0.004108704626560211,-0.00339731527492404,0.0030279832426458597,0.9999896287918091
freeform_s0_cross,326,16.299837112426758,5.7779998779296875,5.43845796585083,5.524514198303223,6.509560585021973,5.524514198303223,5.43845796585083,False,14.0,0.2633914649486542,0.07138331234455109,-0.000510096549987793,0.004084687680006027,-0.0032919147051870823,0.0029179104603827,0.9999903440475464
freeform_s0_cross,327,16.349836349487305,5.7779998779296875,5.6989426612854,5.603410720825195,6.5517096519470215,5.603410720825195,5.6989426612854,False,14.0,0.2639932334423065,0.07140545547008514,-0.0005401670932769775,0.00399644672870636,-0.003217587247490883,0.0028381578158587217,0.9999908208847046
freeform_s0_cross,328,16.39983558654785,5.7779998779296875,6.147080898284912,5.955448150634766,6.495112419128418,5.955448150634766,6.147080898284912,False,14.0,0.26447346806526184,0.07141588628292084,-0.0005479156970977783,0.0039852075278759,-0.0031581141520291567,0.002775036497041583,0.9999911785125732
freeform_s0_cross,329,16.4498348236084,5.7779998779296875,5.912520408630371,5.981283664703369,6.404788017272949,5.981283664703369,5.912520408630371,False,14.0,0.2648606598377228,0.07138662785291672,-0.0005182027816772461,0.004119662567973137,-0.003105791052803397,0.0027218370232731104,0.9999914765357971
freeform_s0_cross,330,16.499834060668945,5.7779998779296875,5.90323543548584,5.915186882019043,6.437652111053467,5.915186882019043,5.90323543548584,False,14.0,0.26531675457954407,0.07137784361839294,-0.00047215819358825684,0.004154132679104805,-0.003048235783353448,0.0026621855795383453,0.9999918341636658
freeform_s0_cross,331,16.549833297729492,5.7779998779296875,7.109193325042725,6.4147796630859375,6.470847129821777,6.4147796630859375,7.109193325042725,False,14.0,0.26624664664268494,0.07150399684906006,-0.0004858076572418213,0.004200177267193794,-0.0029510720632970333,0.0025544967502355576,0.9999923706054688
freeform_s0_cross,332,16.59983253479004,5.7779998779296875,4.817930698394775,5.121747016906738,6.502281665802002,5.121747016906738,4.817930698394775,False,14.0,0.2666991651058197,0.0724446028470993,-0.0004964172840118408,0.004349030554294586,-0.003013682086020708,0.002568672178313136,0.9999921321868896
freeform_s0_cross,333,16.649831771850586,5.7779998779296875,5.550163269042969,5.6494269371032715,6.5130157470703125,5.6494269371032715,5.550163269042969,False,14.0,0.2670494019985199,0.07449755817651749,-0.0005300343036651611,0.004203883931040764,-0.0032329855021089315,0.0026757423765957355,0.9999911785125732
freeform_s0_cross,334,16.699831008911133,5.7779998779296875,5.987635612487793,5.9360246658325195,6.476921081542969,5.9360246658325195,5.987635612487793,False,14.0,0.2671249806880951,0.0769028589129448,-0.0005347728729248047,0.004174098372459412,-0.0035479869693517685,0.0028414535336196423,0.9999896883964539
freeform_s0_cross,335,16.74983024597168,5.7779998779296875,5.064277648925781,5.388715744018555,6.497673988342285,5.388715744018555,5.064277648925781,False,14.0,0.2668302357196808,0.0791703313589096,-0.00048729777336120605,0.004151957109570503,-0.003918235190212727,0.0030484101735055447,0.9999876618385315
freeform_s0_cross,336,16.799829483032227,5.7779998779296875,6.74008846282959,6.531458854675293,6.374817848205566,6.531458854675293,6.74008846282959,False,14.0,0.2664761245250702,0.08143552392721176,-0.00044468045234680176,0.004111951217055321,-0.004323121160268784,0.0032656225375831127,0.9999853372573853
freeform_s0_cross,337,16.849828720092773,5.7779998779296875,5.094589710235596,5.231212615966797,6.525454521179199,5.231212615966797,5.094589710235596,False,14.0,0.2665652930736542,0.08425021916627884,-0.00046622753143310547,0.0041820816695690155,-0.0047648134641349316,0.0034462385810911655,0.9999827146530151
freeform_s0_cross,338,16.89982795715332,5.7779998779296875,5.747936725616455,5.475574493408203,6.576142311096191,5.475574493408203,5.747936725616455,False,14.0,0.26622065901756287,0.0865924134850502,-0.0004544258117675781,0.004043977707624435,-0.005232908297330141,0.0036586434580385685,0.9999796152114868
freeform_s0_cross,339,16.949827194213867,5.7779998779296875,6.9702911376953125,6.048121452331543,6.55119514465332,6.048121452331543,6.9702911376953125,False,14.0,0.2660529315471649,0.08905510604381561,-0.00047141313552856445,0.004103170707821846,-0.00571170449256897,0.003839213401079178,0.9999763369560242
freeform_s0_cross,340,16.999826431274414,5.7779998779296875,4.152239799499512,4.8689799308776855,6.469059944152832,4.8689799308776855,4.152239799499512,False,14.0,0.26560428738594055,0.091645747423172,-0.000437319278717041,0.004195611923933029,-0.006302896421402693,0.00406691525131464,0.999971866607666
freeform_s0_cross,341,17.04982566833496,5.7779998779296875,6.239894866943359,6.164697647094727,6.401605606079102,6.164697647094727,6.239894866943359,False,14.0,0.26528480648994446,0.09426072239875793,-0.0004653334617614746,0.004140056669712067,-0.006898581050336361,0.004254857078194618,0.9999671578407288
freeform_s0_cross,342,17.099824905395508,5.7779998779296875,5.428516387939453,5.388044834136963,6.522311687469482,5.388044834136963,5.428516387939453,False,14.0,0.26451733708381653,0.09641990065574646,-0.0003949403762817383,0.004121236503124237,-0.007546542212367058,0.004499179311096668,0.9999613761901855
freeform_s0_cross,343,17.149824142456055,5.7779998779296875,5.660813808441162,6.027761459350586,6.293741226196289,6.027761459350586,5.660813808441162,False,14.0,0.2641535699367523,0.09908299148082733,-0.0004024803638458252,0.0042447540909051895,-0.008220151998102665,0.004657415207475424,0.9999553561210632
freeform_s0_cross,344,17.1998233795166,5.7779998779296875,6.0403642654418945,5.8153581619262695,6.5060224533081055,5.8153581619262695,6.0403642654418945,False,14.0,0.26354721188545227,0.10160855948925018,-0.00040528178215026855,0.004130881279706955,-0.008961345069110394,0.004836295265704393,0.9999481439590454
freeform_s0_cross,345,17.24982261657715,5.7779998779296875,5.923802375793457,6.084077835083008,6.347809791564941,6.084077835083008,5.923802375793457,False,14.0,0.2626875340938568,0.10376390069723129,-0.00039881467819213867,0.004199732095003128,-0.009728970006108284,0.005043123848736286,0.9999399781227112
freeform_s0_cross,346,17.299821853637695,5.7779998779296875,6.098119258880615,5.934582710266113,6.458653450012207,5.934582710266113,6.098119258880615,False,14.0,0.2618802487850189,0.10629674792289734,-0.0003847479820251465,0.004149893298745155,-0.010596700012683868,0.005208428483456373,0.9999302625656128
freeform_s0_cross,347,17.349821090698242,5.7779998779296875,5.397522926330566,5.451921463012695,6.471936225891113,5.451921463012695,5.397522926330566,False,14.0,0.2608669102191925,0.1086413711309433,-0.00037404894828796387,0.00416027195751667,-0.011523762717843056,0.005388528574258089,0.999919056892395
freeform_s0_cross,348,17.39982032775879,5.7779998779296875,5.427459239959717,5.615099906921387,6.392176628112793,5.615099906921387,5.427459239959717,False,14.0,0.25961485505104065,0.11074929684400558,-0.0003427565097808838,0.004196930676698685,-0.012516195885837078,0.0055999718606472015,0.9999060034751892
freeform_s0_cross,349,17.449819564819336,5.7779998779296875,6.066584587097168,6.211164474487305,6.282303810119629,6.211164474487305,6.066584587097168,False,14.0,0.2580430805683136,0.11253808438777924,-0.00029221177101135254,0.004274457693099976,-0.013591199181973934,0.005878718104213476,0.9998903274536133
freeform_s0_cross,350,17.499818801879883,5.7779998779296875,3.4998693466186523,3.465850353240967,6.7493391036987305,3.465850353240967,3.4998693466186523,False,14.0,0.25652334094047546,0.1141839474439621,-0.00025904178619384766,0.004020800814032555,-0.014640425331890583,0.006130407098680735,0.9998740553855896
freeform_s0_cross,351,17.54981803894043,5.7779998779296875,6.045224666595459,6.5704450607299805,6.143726348876953,6.5704450607299805,6.045224666595459,False,14.0,0.25538328289985657,0.11500246822834015,-0.0003046393394470215,0.004016902297735214,-0.015335764735937119,0.006345050409436226,0.9998622536659241
freeform_s0_cross,352,17.599817276000977,5.7779998779296875,6.545792579650879,6.3236236572265625,6.3413896560668945,6.3236236572265625,6.545792579650879,False,14.0,0.2545512616634369,0.11538718640804291,-0.00025910139083862305,0.004071630537509918,-0.01579279452562332,0.006521864794194698,0.9998540282249451
freeform_s0_cross,353,17.649816513061523,5.7779998779296875,5.6161580085754395,5.744559288024902,6.332736015319824,5.744559288024902,5.6161580085754395,False,14.0,0.25385209918022156,0.1155109703540802,-0.0002071857452392578,0.004209263250231743,-0.016125578433275223,0.006693610455840826,0.9998475909233093
freeform_s0_cross,354,17.69981575012207,5.7779998779296875,6.086092948913574,6.05570650100708,6.3102521896362305,6.05570650100708,6.086092948913574,False,14.0,0.25320032238960266,0.11557726562023163,-0.0001596212387084961,0.004232466220855713,-0.016422610729932785,0.0068614366464316845,0.999841570854187
freeform_s0_cross,355,17.749814987182617,5.7779998779296875,5.3001203536987305,5.37821102142334,6.394139289855957,5.37821102142334,5.3001203536987305,False,14.0,0.25254037976264954,0.11560887098312378,-0.00012737512588500977,0.004251079633831978,-0.01671307533979416,0.007037896662950516,0.9998355507850647
freeform_s0_cross,356,17.799814224243164,5.7779998779296875,5.984576225280762,5.923666954040527,6.342466354370117,5.923666954040527,5.984576225280762,False,14.0,0.25190457701683044,0.11561724543571472,-0.00013238191604614258,0.004190489649772644,-0.01698576845228672,0.007212952245026827,0.9998297095298767
freeform_s0_cross,357,17.84981346130371,5.7779998779296875,5.542161464691162,5.650821685791016,6.330251693725586,5.650821685791016,5.542161464691162,False,14.0,0.25125107169151306,0.11557995527982712,-0.00012376904487609863,0.004254324361681938,-0.01725163869559765,0.007401184178888798,0.999823808670044
freeform_s0_cross,358,17.899812698364258,5.7779998779296875,5.626922130584717,5.682862758636475,6.352331161499023,5.682862758636475,5.626922130584717,False,14.0,0.25061455368995667,0.11557050049304962,-0.00010445713996887207,0.004213770851492882,-0.01751631312072277,0.007583637721836567,0.9998177886009216
freeform_s0_cross,359,17.949811935424805,5.7779998779296875,5.698787689208984,5.806622505187988,6.291774749755859,5.806622505187988,5.698787689208984,False,14.0,0.2499704658985138,0.11561104655265808,-8.511543273925781e-05,0.004268443211913109,-0.01779664121568203,0.007763994392007589,0.9998114705085754
freeform_s0_cross,360,17.99981117248535,5.7779998779296875,5.727695941925049,5.582822799682617,6.395204544067383,5.582822799682617,5.727695941925049,False,14.0,0.24934110045433044,0.11559848487377167,-7.474422454833984e-05,0.00421171635389328,-0.018053369596600533,0.00794935505837202,0.9998054504394531
freeform_s0_cross,361,18.0498104095459,5.7779998779296875,5.740590572357178,5.813170433044434,6.300388336181641,5.813170433044434,5.740590572357178,False,14.0,0.24872300028800964,0.11557167768478394,-8.252263069152832e-05,0.004240712150931358,-0.018298810347914696,0.008135599084198475,0.9997994899749756
freeform_s0_cross,362,18.099809646606445,5.7779998779296875,5.796578884124756,5.805172920227051,6.311490058898926,5.805172920227051,5.796578884124756,False,14.0,0.2480766475200653,0.11557386070489883,-5.9992074966430664e-05,0.00425645150244236,-0.018561655655503273,0.008328397758305073,0.9997930526733398
freeform_s0_cross,363,18.149808883666992,5.7779998779296875,5.926257133483887,5.863746166229248,6.30976676940918,5.863746166229248,5.926257133483887,False,14.0,0.24743685126304626,0.11556573957204819,-4.166364669799805e-05,0.004264421761035919,-0.018815744668245316,0.00852285884320736,0.9997866153717041
freeform_s0_cross,364,18.19980812072754,5.7779998779296875,5.796226978302002,5.806405067443848,6.301573276519775,5.806405067443848,5.796226978302002,False,14.0,0.24680277705192566,0.11556421220302582,-2.6881694793701172e-05,0.0042817238718271255,-0.01906631886959076,0.00871669128537178,0.9997802376747131
freeform_s0_cross,365,18.249807357788086,5.7779998779296875,5.7582926750183105,5.761822700500488,6.302305698394775,5.761822700500488,5.7582926750183105,False,14.0,0.24611720442771912,0.11556680500507355,4.380941390991211e-06,0.004281863570213318,-0.019334672018885612,0.008927826769649982,0.9997732043266296
freeform_s0_cross,366,18.299806594848633,5.7779998779296875,5.8424763679504395,5.8479814529418945,6.274740695953369,5.8479814529418945,5.8424763679504395,False,14.0,0.24546393752098083,0.11556147038936615,2.9414892196655273e-05,0.004295282065868378,-0.01958390139043331,0.009132254868745804,0.9997665286064148
freeform_s0_cross,367,18.34980583190918,5.7779998779296875,5.678826332092285,5.702453136444092,6.291873931884766,5.702453136444092,5.678826332092285,False,14.0,0.2448582947254181,0.11557123810052872,4.178285598754883e-05,0.004305627197027206,-0.01981578767299652,0.009321184828877449,0.9997602105140686
freeform_s0_cross,368,18.399805068969727,5.7779998779296875,6.453064441680908,6.128194808959961,6.279651641845703,6.128194808959961,6.453064441680908,False,14.0,0.24422016739845276,0.11557406932115555,5.2094459533691406e-05,0.004295378923416138,-0.020053571090102196,0.009523093700408936,0.9997535347938538
freeform_s0_cross,369,18.449804306030273,5.7779998779296875,5.640336036682129,5.6214399337768555,6.300575256347656,5.6214399337768555,5.640336036682129,False,14.0,0.24354854226112366,0.1155896931886673,8.401274681091309e-05,0.004324369132518768,-0.02030293457210064,0.009735281579196453,0.9997465014457703
freeform_s0_cross,370,18.49980354309082,5.7779998779296875,5.780332565307617,5.724559783935547,6.286683559417725,5.724559783935547,5.780332565307617,False,14.0,0.24290665984153748,0.11559746414422989,9.679794311523438e-05,0.004302376881241798,-0.020533939823508263,0.00994081236422062,0.9997397065162659
freeform_s0_cross,371,18.549802780151367,5.7779998779296875,5.758523464202881,5.7955827713012695,6.251204967498779,5.7955827713012695,5.758523464202881,False,14.0,0.2422727644443512,0.11560028791427612,0.00010016560554504395,0.004318226128816605,-0.02075537107884884,0.010146045126020908,0.9997330904006958
freeform_s0_cross,372,18.599802017211914,5.7779998779296875,5.166938781738281,5.072032928466797,6.437422752380371,5.072032928466797,5.166938781738281,False,14.0,0.24167445302009583,0.11559900641441345,5.704164505004883e-05,0.00420684739947319,-0.020958133041858673,0.01034169364720583,0.9997268915176392
freeform_s0_cross,373,18.64980125427246,5.7779998779296875,5.355799198150635,5.618642807006836,6.288214683532715,5.618642807006836,5.355799198150635,False,14.0,0.24104467034339905,0.1155816838145256,4.231929779052734e-06,0.004139019176363945,-0.021160826086997986,0.010551733896136284,0.9997203946113586
freeform_s0_cross,374,18.699800491333008,5.7779998779296875,5.9259934425354,6.086650848388672,6.195248603820801,6.086650848388672,5.9259934425354,False,14.0,0.24037805199623108,0.1155954897403717,2.592802047729492e-06,0.004225876182317734,-0.02137954905629158,0.010769586078822613,0.9997134208679199
freeform_s0_cross,375,18.749799728393555,5.7779998779296875,5.792927265167236,5.7055463790893555,6.327495574951172,5.7055463790893555,5.792927265167236,False,14.0,0.23971405625343323,0.11561618745326996,2.9981136322021484e-05,0.004203729331493378,-0.021592892706394196,0.010986368171870708,0.999706506729126
freeform_s0_cross,376,18.7997989654541,5.7779998779296875,5.807130336761475,5.841425895690918,6.262911796569824,5.841425895690918,5.807130336761475,False,14.0,0.23906871676445007,0.11562429368495941,4.3392181396484375e-05,0.004225842654705048,-0.021789390593767166,0.011200212873518467,0.9996998310089111
freeform_s0_cross,377,18.84979820251465,5.7779998779296875,6.055378437042236,5.922926902770996,6.28081750869751,5.922926902770996,6.055378437042236,False,14.0,0.2384651005268097,0.11560014635324478,6.860494613647461e-05,0.004216920584440231,-0.021956127136945724,0.011407114565372467,0.9996938705444336
freeform_s0_cross,378,18.899797439575195,5.7779998779296875,5.6189680099487305,5.771513938903809,6.22789192199707,5.771513938903809,5.6189680099487305,False,14.0,0.23784276843070984,0.11556495726108551,9.021162986755371e-05,0.004292724654078484,-0.02211773954331875,0.011623304337263107,0.9996877908706665
freeform_s0_cross,379,18.949796676635742,5.7779998779296875,5.816379547119141,5.7040300369262695,6.313327312469482,5.7040300369262695,5.816379547119141,False,14.0,0.23718568682670593,0.11554373055696487,0.00010305643081665039,0.004221824929118156,-0.022285930812358856,0.011849290691316128,0.9996814131736755
freeform_s0_cross,380,18.99979591369629,5.7779998779296875,5.728751182556152,5.7847723960876465,6.246471881866455,5.7847723960876465,5.728751182556152,False,14.0,0.23654910922050476,0.11553508043289185,0.00010481476783752441,0.004243768751621246,-0.022444991394877434,0.012066476047039032,0.9996752738952637
freeform_s0_cross,381,19.049795150756836,5.7779998779296875,5.788344383239746,5.757965087890625,6.273170471191406,5.757965087890625,5.788344383239746,False,14.0,0.23590978980064392,0.11553437262773514,0.0001150369644165039,0.00422552227973938,-0.02259933389723301,0.01228340808302164,0.9996691346168518
freeform_s0_cross,382,19.099794387817383,5.7779998779296875,5.810231685638428,5.827541351318359,6.241238594055176,5.827541351318359,5.810231685638428,False,14.0,0.2352621853351593,0.11553119868040085,0.00012496113777160645,0.0042417291551828384,-0.022746266797184944,0.01250393781810999,0.9996630549430847
freeform_s0_cross,383,19.14979362487793,5.7779998779296875,6.0437750816345215,5.901696681976318,6.2559051513671875,5.901696681976318,6.0437750816345215,False,14.0,0.2346174418926239,0.1155308336019516,0.0001379847526550293,0.004241520538926125,-0.02288462407886982,0.012723056599497795,0.999657154083252
freeform_s0_cross,384,19.199792861938477,5.7779998779296875,5.696320533752441,5.703225135803223,6.255370140075684,5.703225135803223,5.696320533752441,False,14.0,0.23397371172904968,0.11555581539869308,0.0001582503318786621,0.004256252199411392,-0.02302224561572075,0.012936367653310299,0.9996512532234192
freeform_s0_cross,385,19.249792098999023,5.7779998779296875,5.677022933959961,5.589143753051758,6.293170928955078,5.589143753051758,5.677022933959961,False,14.0,0.23334136605262756,0.11556774377822876,0.0001710355281829834,0.004216551780700684,-0.02314397133886814,0.013148360885679722,0.9996456503868103
freeform_s0_cross,386,19.29979133605957,5.7779998779296875,5.864163875579834,5.920001983642578,6.198516845703125,5.920001983642578,5.864163875579834,False,14.0,0.23271921277046204,0.11555352061986923,0.00016769766807556152,0.0042476411908864975,-0.02324579283595085,0.013362365774810314,0.9996404647827148
freeform_s0_cross,387,19.349790573120117,5.7779998779296875,5.615355968475342,5.7031755447387695,6.2177276611328125,5.7031755447387695,5.615355968475342,False,14.0,0.2320660650730133,0.11555387079715729,0.00019562244415283203,0.004294818267226219,-0.023347828537225723,0.01358325406908989,0.9996351003646851
freeform_s0_cross,388,19.399789810180664,5.7779998779296875,6.448492527008057,6.141421318054199,6.220314979553223,6.141421318054199,6.448492527008057,False,14.0,0.2314339578151703,0.11555962264537811,0.00020617246627807617,0.004279455170035362,-0.023438332602381706,0.013795225881040096,0.9996300935745239
freeform_s0_cross,389,19.44978904724121,5.7779998779296875,5.558762073516846,5.432016372680664,6.327121734619141,5.432016372680664,5.558762073516846,False,14.0,0.23079416155815125,0.11555933952331543,0.000214308500289917,0.0042174700647592545,-0.023517509922385216,0.014010448008775711,0.9996252655982971
freeform_s0_cross,390,19.499788284301758,5.7779998779296875,6.064090728759766,5.7891130447387695,6.278965950012207,5.7891130447387695,6.064090728759766,False,14.0,0.23013702034950256,0.11556699872016907,0.0002136528491973877,0.0041596777737140656,-0.02359035238623619,0.014228738844394684,0.9996204376220703
freeform_s0_cross,391,19.549787521362305,5.7779998779296875,5.64900541305542,5.866560935974121,6.142411231994629,5.866560935974121,5.64900541305542,False,14.0,0.2295011579990387,0.11555568873882294,0.0002122819423675537,0.0042869895696640015,-0.02364356815814972,0.014443358406424522,0.9996160864830017
freeform_s0_cross,392,19.59978675842285,5.7779998779296875,5.8152756690979,5.687528610229492,6.276338577270508,5.687528610229492,5.8152756690979,False,14.0,0.22886058688163757,0.11555463075637817,0.0002288520336151123,0.0042155105620622635,-0.023689409717917442,0.014655975624918938,0.9996119141578674
freeform_s0_cross,393,19.6497859954834,5.7779998779296875,6.174121379852295,6.027400016784668,6.195560455322266,6.027400016784668,6.174121379852295,False,14.0,0.22822830080986023,0.11554647982120514,0.00022795796394348145,0.004242351278662682,-0.023721028119325638,0.014866285026073456,0.9996080994606018
freeform_s0_cross,394,19.699785232543945,5.7779998779296875,5.605570316314697,5.621851444244385,6.234102249145508,5.621851444244385,5.605570316314697,False,14.0,0.22757741808891296,0.11555792391300201,0.00025388598442077637,0.004262980073690414,-0.023748090490698814,0.01507642026990652,0.9996042847633362
freeform_s0_cross,395,19.749784469604492,5.7779998779296875,6.172656536102295,6.1126837730407715,6.158217430114746,6.1126837730407715,6.172656536102295,False,14.0,0.22693762183189392,0.11556516587734222,0.00027626752853393555,0.0042686741799116135,-0.02376123145222664,0.01528226025402546,0.9996008276939392
freeform_s0_cross,396,19.79978370666504,5.7779998779296875,5.650577068328857,5.688887596130371,6.19148063659668,5.688887596130371,5.650577068328857,False,14.0,0.22629204392433167,0.11557374894618988,0.00031509995460510254,0.0043195635080337524,-0.02376243844628334,0.015487774275243282,0.9995976686477661
freeform_s0_cross,397,19.849782943725586,5.7779998779296875,5.905378341674805,5.908384799957275,6.155048370361328,5.908384799957275,5.905378341674805,False,14.0,0.22565045952796936,0.11557486653327942,0.0003444850444793701,0.004327867180109024,-0.02374863252043724,0.01569189690053463,0.9995948076248169
freeform_s0_cross,398,19.899782180786133,5.7779998779296875,6.205435276031494,5.98455810546875,6.170952320098877,5.98455810546875,6.205435276031494,False,14.0,0.2250126302242279,0.11557254195213318,0.0003718137741088867,0.004344120621681213,-0.023721136152744293,0.0158936008810997,0.9995922446250916
freeform_s0_cross,399,19.94978141784668,5.7779998779296875,5.7122273445129395,5.703537940979004,6.170931816101074,5.703537940979004,5.7122273445129395,False,14.0,0.22437933087348938,0.11557446420192719,0.0004070103168487549,0.004368579015135765,-0.023682430386543274,0.01609054207801819,0.9995900392532349
freeform_s0_cross,400,19.999780654907227,5.7779998779296875,5.366395473480225,5.365415573120117,6.226832389831543,5.365415573120117,5.366395473480225,False,14.0,0.22373536229133606,0.11558318138122559,0.0004195272922515869,0.004324723035097122,-0.02363189496099949,0.016286559402942657,0.9995880722999573
freeform_s0_cross,401,20.049779891967773,5.7779998779296875,5.905150413513184,5.902665615081787,6.144697189331055,5.902665615081787,5.905150413513184,False,14.0,0.22310462594032288,0.11557609587907791,0.00039201974868774414,0.004289621487259865,-0.023564474657177925,0.016480127349495888,0.9995864629745483
freeform_s0_cross,402,20.09977912902832,5.7779998779296875,5.529210567474365,5.571199417114258,6.178590297698975,5.571199417114258,5.529210567474365,False,14.0,0.22246739268302917,0.11557482182979584,0.0003960132598876953,0.004321634769439697,-0.023484768345952034,0.016671424731612206,0.9995851516723633
freeform_s0_cross,403,20.149778366088867,5.7779998779296875,5.779443264007568,5.7852783203125,6.163576126098633,5.7852783203125,5.779443264007568,False,14.0,0.2218126356601715,0.11557899415493011,0.0004093348979949951,0.004279768094420433,-0.023390252143144608,0.016863489523530006,0.9995841979980469
freeform_s0_cross,404,20.199777603149414,5.7779998779296875,5.718706130981445,5.853052139282227,6.093084335327148,5.853052139282227,5.718706130981445,False,14.0,0.22115930914878845,0.11559247970581055,0.00043392181396484375,0.004359571263194084,-0.023284005001187325,0.01704934611916542,0.9995834827423096
freeform_s0_cross,405,20.24977684020996,5.7779998779296875,5.700010776519775,5.685582160949707,6.163924217224121,5.685582160949707,5.700010776519775,False,14.0,0.2205241620540619,0.11559316515922546,0.0004571080207824707,0.004337377846240997,-0.023162927478551865,0.01723017916083336,0.9995831847190857
freeform_s0_cross,406,20.299776077270508,5.7779998779296875,5.794380187988281,5.797122001647949,6.1348042488098145,5.797122001647949,5.794380187988281,False,14.0,0.2198924720287323,0.11558863520622253,0.0004645884037017822,0.004329899325966835,-0.02302706427872181,0.017408164218068123,0.9995832443237305
freeform_s0_cross,407,20.349775314331055,5.7779998779296875,5.69166374206543,5.643689155578613,6.179732322692871,5.643689155578613,5.69166374206543,False,14.0,0.21925339102745056,0.11559310555458069,0.00046050548553466797,0.004290971904993057,-0.022877762094140053,0.01758219115436077,0.9995836615562439
freeform_s0_cross,408,20.3997745513916,5.7779998779296875,6.435630798339844,6.117254734039307,6.139156341552734,6.117254734039307,6.435630798339844,False,14.0,0.21862110495567322,0.11559359729290009,0.0004507899284362793,0.004282310605049133,-0.02271459251642227,0.01775183342397213,0.9995843768119812
freeform_s0_cross,409,20.44977378845215,5.7779998779296875,5.611351490020752,5.6623125076293945,6.130331039428711,5.6623125076293945,5.611351490020752,False,14.0,0.21798673272132874,0.11559008061885834,0.0004850924015045166,0.004354098811745644,-0.022535350173711777,0.017919398844242096,0.9995854496955872
freeform_s0_cross,410,20.499773025512695,5.7779998779296875,5.659749507904053,5.5992937088012695,6.169090270996094,5.5992937088012695,5.659749507904053,False,14.0,0.21733424067497253,0.11559293419122696,0.0005071759223937988,0.004312049597501755,-0.022337397560477257,0.01808580942451954,0.9995868802070618
freeform_s0_cross,411,20.549772262573242,5.7779998779296875,5.829266548156738,5.856820583343506,6.102419376373291,5.856820583343506,5.829266548156738,False,14.0,0.21669116616249084,0.11559572070837021,0.0005030035972595215,0.004317892715334892,-0.022126981988549232,0.018245596438646317,0.999588668346405
freeform_s0_cross,412,20.59977149963379,5.7779998779296875,5.630264759063721,5.628199577331543,6.152896404266357,5.628199577331543,5.630264759063721,False,14.0,0.2160508930683136,0.1156000941991806,0.0005041658878326416,0.004303261637687683,-0.021902652457356453,0.018399905413389206,0.9995907545089722
freeform_s0_cross,413,20.649770736694336,5.7779998779296875,6.230213642120361,6.013379096984863,6.12417459487915,6.013379096984863,6.230213642120361,False,14.0,0.21541789174079895,0.11560006439685822,0.0005020201206207275,0.004284331575036049,-0.0216648168861866,0.018549354746937752,0.999593198299408
freeform_s0_cross,414,20.699769973754883,5.7779998779296875,5.652513027191162,5.692705154418945,6.115974426269531,5.692705154418945,5.652513027191162,False,14.0,0.21478423476219177,0.1155964583158493,0.000525742769241333,0.004334120079874992,-0.021410925313830376,0.01869552582502365,0.9995959401130676
freeform_s0_cross,415,20.74976921081543,5.7779998779296875,5.506752967834473,5.689582824707031,6.09096622467041,5.689582824707031,5.506752967834473,False,14.0,0.21414920687675476,0.11558808386325836,0.0005390048027038574,0.00434001162648201,-0.021140366792678833,0.01883879117667675,0.999599039554596
freeform_s0_cross,416,20.799768447875977,5.7779998779296875,5.874989986419678,5.80838680267334,6.12580680847168,5.80838680267334,5.874989986419678,False,14.0,0.21350756287574768,0.1155889481306076,0.0005490481853485107,0.00428873673081398,-0.02085363306105137,0.01897597312927246,0.9996024370193481
freeform_s0_cross,417,20.849767684936523,5.7779998779296875,5.753316879272461,5.732143402099609,6.11979866027832,5.732143402099609,5.753316879272461,False,14.0,0.21285948157310486,0.11559169739484787,0.0005518496036529541,0.004286831244826317,-0.02054857648909092,0.019108902662992477,0.9996062517166138
freeform_s0_cross,418,20.89976692199707,5.7779998779296875,6.215473651885986,6.003752708435059,6.101848602294922,6.003752708435059,6.215473651885986,False,14.0,0.21222081780433655,0.11558078229427338,0.0005598366260528564,0.004287891089916229,-0.020229676738381386,0.01923883520066738,0.9996102452278137
freeform_s0_cross,419,20.949766159057617,5.7779998779296875,5.589605808258057,5.72148323059082,6.048968315124512,5.72148323059082,5.589605808258057,False,14.0,0.21158716082572937,0.11558255553245544,0.0006147623062133789,0.004402369260787964,-0.01990048587322235,0.01935887709259987,0.9996145367622375
freeform_s0_cross,420,20.999765396118164,5.7779998779296875,5.402414798736572,5.462179183959961,6.122413158416748,5.462179183959961,5.402414798736572,False,14.0,0.21093705296516418,0.11558207869529724,0.0006420016288757324,0.004362151026725769,-0.019546443596482277,0.01947728917002678,0.99961918592453
freeform_s0_cross,421,21.04976463317871,5.7779998779296875,5.848878383636475,5.819244384765625,6.086568832397461,5.819244384765625,5.848878383636475,False,14.0,0.21029779314994812,0.11557529866695404,0.0006280839443206787,0.004308955743908882,-0.01918158493936062,0.019590135663747787,0.9996240735054016
freeform_s0_cross,422,21.099763870239258,5.7779998779296875,5.749077320098877,5.64752197265625,6.143830299377441,5.64752197265625,5.749077320098877,False,14.0,0.20965242385864258,0.11559861898422241,0.0006067752838134766,0.0042477939277887344,-0.018802443519234657,0.01968940533697605,0.9996293187141418
freeform_s0_cross,423,21.149763107299805,5.7779998779296875,6.3863525390625,6.078178405761719,6.096269607543945,6.078178405761719,6.3863525390625,False,14.0,0.20902234315872192,0.11560527980327606,0.0005835592746734619,0.0042431894689798355,-0.018414206802845,0.019785597920417786,0.9996346831321716
freeform_s0_cross,424,21.19976234436035,5.7779998779296875,5.6103901863098145,5.696704864501953,6.067028522491455,5.696704864501953,5.6103901863098145,False,14.0,0.20837968587875366,0.11560685932636261,0.0006177723407745361,0.004332326352596283,-0.01800188608467579,0.019879544153809547,0.9996402859687805
freeform_s0_cross,425,21.2497615814209,5.7779998779296875,6.032227516174316,6.0022358894348145,6.041289329528809,6.0022358894348145,6.032227516174316,False,14.0,0.20774251222610474,0.1156044453382492,0.0006509721279144287,0.004334364086389542,-0.0175771564245224,0.019968083128333092,0.9996460676193237
freeform_s0_cross,426,21.299760818481445,5.7779998779296875,5.753000259399414,5.760161399841309,6.057070732116699,5.760161399841309,5.753000259399414,False,14.0,0.20710033178329468,0.11560692638158798,0.0006895661354064941,0.0043676141649484634,-0.017134325578808784,0.02004990726709366,0.9996521472930908
freeform_s0_cross,427,21.349760055541992,5.7779998779296875,5.733461856842041,5.526594161987305,6.172763824462891,5.526594161987305,5.733461856842041,False,14.0,0.20646247267723083,0.11561118811368942,0.0006743967533111572,0.0042483191937208176,-0.016679396852850914,0.020124666392803192,0.9996583461761475
freeform_s0_cross,428,21.39975929260254,5.7779998779296875,6.319148063659668,6.061825752258301,6.066509246826172,6.061825752258301,6.319148063659668,False,14.0,0.20583221316337585,0.11560007184743881,0.0006402134895324707,0.004251228645443916,-0.016213376075029373,0.02019723504781723,0.9996645450592041
freeform_s0_cross,429,21.449758529663086,5.7779998779296875,5.636305809020996,5.673280239105225,6.071918964385986,5.673280239105225,5.636305809020996,False,14.0,0.2051868736743927,0.11558349430561066,0.0006614625453948975,0.0043057650327682495,-0.01572076976299286,0.020266929641366005,0.9996709823608398
freeform_s0_cross,430,21.499757766723633,5.7779998779296875,5.252147197723389,5.246148109436035,6.167756080627441,5.246148109436035,5.252147197723389,False,14.0,0.20453661680221558,0.11558668315410614,0.0006586313247680664,0.004235215485095978,-0.015211056917905807,0.020324815064668655,0.9996777176856995
freeform_s0_cross,431,21.54975700378418,5.7779998779296875,5.813364028930664,5.81730842590332,6.086065292358398,5.81730842590332,5.813364028930664,False,14.0,0.20390093326568604,0.11558748781681061,0.0006089210510253906,0.004171237349510193,-0.014697747305035591,0.020375868305563927,0.9996843338012695
freeform_s0_cross,432,21.599756240844727,5.7779998779296875,5.673442363739014,5.7853498458862305,6.053133010864258,5.7853498458862305,5.673442363739014,False,14.0,0.20326098799705505,0.11558181047439575,0.000604778528213501,0.0042232125997543335,-0.014165944419801235,0.020422933623194695,0.9996910691261292
freeform_s0_cross,433,21.649755477905273,5.7779998779296875,5.869750022888184,5.800308704376221,6.098325252532959,5.800308704376221,5.869750022888184,False,14.0,0.2026214897632599,0.11557954549789429,0.0006176233291625977,0.00419781357049942,-0.013620341196656227,0.020462624728679657,0.9996978640556335
freeform_s0_cross,434,21.69975471496582,5.7779998779296875,5.729626178741455,5.739771842956543,6.085637092590332,5.739771842956543,5.729626178741455,False,14.0,0.20198333263397217,0.11557811498641968,0.0006252527236938477,0.004202177748084068,-0.013061722740530968,0.02049565501511097,0.9997045993804932
freeform_s0_cross,435,21.749753952026367,5.7779998779296875,5.791432857513428,5.769062042236328,6.086650848388672,5.769062042236328,5.791432857513428,False,14.0,0.20134076476097107,0.11557814478874207,0.0006326138973236084,0.004190132021903992,-0.012485149316489697,0.020522065460681915,0.9997114539146423
freeform_s0_cross,436,21.799753189086914,5.7779998779296875,5.751716613769531,5.761474609375,6.077371597290039,5.761474609375,5.751716613769531,False,14.0,0.20069992542266846,0.11557837575674057,0.0006386935710906982,0.00419151596724987,-0.011896178126335144,0.020541919395327568,0.999718189239502
freeform_s0_cross,437,21.84975242614746,5.7779998779296875,5.701737880706787,5.580493927001953,6.163938522338867,5.580493927001953,5.701737880706787,False,14.0,0.2000507414340973,0.1155865266919136,0.0006192624568939209,0.004091246053576469,-0.011285683140158653,0.020553167909383774,0.9997250437736511
freeform_s0_cross,438,21.899751663208008,5.7779998779296875,5.5407395362854,5.725104331970215,6.068756103515625,5.725104331970215,5.5407395362854,False,14.0,0.19940686225891113,0.11558976024389267,0.0005857944488525391,0.004098301753401756,-0.010666340589523315,0.020559241995215416,0.999731719493866
freeform_s0_cross,439,21.949750900268555,5.7779998779296875,5.822055816650391,5.716873645782471,6.147831439971924,5.716873645782471,5.822055816650391,False,14.0,0.19876417517662048,0.11559000611305237,0.000559389591217041,0.0040280781686306,-0.010034803301095963,0.020559711381793022,0.9997382760047913
freeform_s0_cross,440,21.9997501373291,5.7779998779296875,5.873749732971191,5.759690284729004,6.133693218231201,5.759690284729004,5.873749732971191,False,14.0,0.19811835885047913,0.1155928522348404,0.0005426704883575439,0.004018314182758331,-0.009387052617967129,0.020552942529320717,0.999744713306427
freeform_s0_cross,441,22.04974937438965,5.7779998779296875,5.650210380554199,5.723535537719727,6.100863456726074,5.723535537719727,5.650210380554199,False,14.0,0.19748049974441528,0.11559494584798813,0.0005363523960113525,0.0040473733097314835,-0.008734644390642643,0.02054010145366192,0.9997508525848389
freeform_s0_cross,442,22.099748611450195,5.7779998779296875,5.356409549713135,5.284892559051514,6.210259437561035,5.284892559051514,5.356409549713135,False,14.0,0.1969803273677826,0.11559343338012695,0.0005360841751098633,0.003985708579421043,-0.00821456965059042,0.020526524633169174,0.9997555613517761
freeform_s0_cross,443,22.149747848510742,5.7779998779296875,5.567890167236328,5.710344314575195,6.07521390914917,5.710344314575195,5.567890167236328,False,14.0,0.19657552242279053,0.11557011306285858,0.000534355640411377,0.004042370244860649,-0.007789120078086853,0.020518949255347252,0.9997591376304626
freeform_s0_cross,444,22.19974708557129,5.7779998779296875,4.763683319091797,5.304768085479736,6.049820899963379,5.304768085479736,4.763683319091797,False,14.0,0.19572821259498596,0.11557571589946747,0.0005638599395751953,0.004126632586121559,-0.006881489418447018,0.020479530096054077,0.9997665882110596
freeform_s0_cross,445,22.249746322631836,5.7779998779296875,6.373045444488525,6.227243423461914,6.070269584655762,6.227243423461914,6.373045444488525,False,14.0,0.1949462890625,0.11557755619287491,0.0005863308906555176,0.004007317125797272,-0.006026221439242363,0.02043440379202366,0.9997730255126953
freeform_s0_cross,446,22.299745559692383,5.7779998779296875,5.561830043792725,5.620630741119385,6.09412956237793,5.620630741119385,5.561830043792725,False,14.0,0.19427567720413208,0.11557578295469284,0.0006075203418731689,0.004074674099683762,-0.005279840901494026,0.020389292389154434,0.999778151512146
freeform_s0_cross,447,22.34974479675293,5.7779998779296875,6.240568161010742,6.0404863357543945,6.123479843139648,6.0404863357543945,6.240568161010742,False,14.0,0.1936231553554535,0.11558346450328827,0.0005737543106079102,0.00393134169280529,-0.004541686270385981,0.02033640630543232,0.9997828602790833
freeform_s0_cross,448,22.399744033813477,5.7779998779296875,6.4778008460998535,6.214427947998047,6.082594871520996,6.214427947998047,6.4778008460998535,False,14.0,0.19299185276031494,0.11558139324188232,0.0005575418472290039,0.003965411335229874,-0.0038181785494089127,0.020281871780753136,0.9997870326042175
freeform_s0_cross,449,22.449743270874023,5.7779998779296875,5.52866792678833,5.594111442565918,6.100316524505615,5.594111442565918,5.52866792678833,False,14.0,0.19235584139823914,0.1155814602971077,0.0005928575992584229,0.004043729975819588,-0.0030794497579336166,0.020220492035150528,0.9997907876968384
freeform_s0_cross,450,22.49974250793457,5.7779998779296875,5.980701446533203,5.810369968414307,6.130064010620117,5.810369968414307,5.980701446533203,False,14.0,0.19171208143234253,0.11559012532234192,0.000606536865234375,0.003975013270974159,-0.0023213240783661604,0.02015020325779915,0.9997942447662354
freeform_s0_cross,451,22.549741744995117,5.7779998779296875,5.619483947753906,5.694263458251953,6.0811920166015625,5.694263458251953,5.619483947753906,False,14.0,0.1910732388496399,0.1155950278043747,0.0006062686443328857,0.004008641466498375,-0.00156030326616019,0.020075690001249313,0.9997972249984741
freeform_s0_cross,452,22.599740982055664,5.7779998779296875,5.739862442016602,5.698325157165527,6.11195707321167,5.698325157165527,5.739862442016602,False,14.0,0.19040820002555847,0.11559884250164032,0.0006094276905059814,0.003988146781921387,-0.0007591235917061567,0.019992481917142868,0.9997998476028442
freeform_s0_cross,453,22.64974021911621,5.7779998779296875,5.690410614013672,5.744534492492676,6.079358100891113,5.744534492492676,5.690410614013672,False,14.0,0.18975964188575745,0.11559949815273285,0.0006107091903686523,0.003993712365627289,3.0241475542425178e-05,0.019906355068087578,0.9998018741607666
freeform_s0_cross,454,22.699739456176758,5.7779998779296875,5.8744659423828125,5.8475799560546875,6.081997871398926,5.8475799560546875,5.8744659423828125,False,14.0,0.18911835551261902,0.1156001016497612,0.0006118416786193848,0.003982111811637878,0.00081843655789271,0.019815705716609955,0.9998033046722412
freeform_s0_cross,455,22.749738693237305,5.7779998779296875,5.732944011688232,5.934377670288086,5.999820709228516,5.934377670288086,5.732944011688232,False,14.0,0.1884714961051941,0.11560273915529251,0.0006346702575683594,0.004055919125676155,0.0016210518078878522,0.01971834897994995,0.9998042583465576
freeform_s0_cross,456,22.79973793029785,5.7779998779296875,6.7899489402771,6.592379570007324,5.9476518630981445,6.592379570007324,6.7899489402771,False,14.0,0.1879306435585022,0.11559559404850006,0.0006734132766723633,0.0041300151497125626,0.0022958952467888594,0.019635163247585297,0.9998045563697815
freeform_s0_cross,457,22.8497371673584,5.7779998779296875,5.129849433898926,5.367836952209473,6.069077014923096,5.367836952209473,5.129849433898926,False,14.0,0.18754872679710388,0.11556124687194824,0.0007277727127075195,0.0042112525552511215,0.0027702220249921083,0.01958128996193409,0.9998044371604919
freeform_s0_cross,458,22.899736404418945,5.7779998779296875,5.518863677978516,5.638731002807617,6.050268173217773,5.638731002807617,5.518863677978516,False,14.0,0.18708649277687073,0.11553937941789627,0.0007650256156921387,0.0041467491537332535,0.0033500513527542353,0.019508766010403633,0.9998040795326233
freeform_s0_cross,459,22.949735641479492,5.7779998779296875,4.545050621032715,4.40005350112915,6.319199562072754,4.40005350112915,4.545050621032715,False,14.0,0.18607062101364136,0.11558087170124054,0.0007325112819671631,0.003981027752161026,0.004649850074201822,0.019319159910082817,0.9998025298118591
freeform_s0_cross,460,22.99973487854004,5.7779998779296875,5.994049072265625,6.128419399261475,5.975920677185059,6.128419399261475,5.994049072265625,False,14.0,0.18539771437644958,0.1155802458524704,0.0006559789180755615,0.003962978720664978,0.005512716714292765,0.019193731248378754,0.9998005628585815
freeform_s0_cross,461,23.049734115600586,5.7779998779296875,6.025345802307129,5.862067222595215,6.077129364013672,5.862067222595215,6.025345802307129,False,14.0,0.18486171960830688,0.11556191742420197,0.0006337761878967285,0.004004204645752907,0.006199857220053673,0.019094258546829224,0.9997984766960144
freeform_s0_cross,462,23.099733352661133,5.7779998779296875,6.105613708496094,5.730669021606445,6.184824466705322,5.730669021606445,6.105613708496094,False,14.0,0.18411442637443542,0.11555348336696625,0.0006205737590789795,0.003930669277906418,0.007165331859141588,0.018946431577205658,0.9997948408126831
freeform_s0_cross,463,23.14973258972168,5.7779998779296875,4.430500507354736,5.206435203552246,6.026572227478027,5.206435203552246,4.430500507354736,False,14.0,0.18341508507728577,0.11554291099309921,0.0006141960620880127,0.004027185961604118,0.00807202234864235,0.018803374841809273,0.999790608882904
freeform_s0_cross,464,23.199731826782227,5.7779998779296875,6.558111667633057,6.522425651550293,5.9828715324401855,6.522425651550293,6.558111667633057,False,14.0,0.18268045783042908,0.11559674143791199,0.0006248950958251953,0.003927532583475113,0.0090416818857193,0.018633970990777016,0.9997854828834534
freeform_s0_cross,465,23.249731063842773,5.7779998779296875,5.909598350524902,5.916522026062012,6.0391764640808105,5.916522026062012,5.909598350524902,False,14.0,0.18199914693832397,0.1156194880604744,0.000657886266708374,0.0040014684200286865,0.009937718510627747,0.018478404730558395,0.9997798800468445
freeform_s0_cross,466,23.29973030090332,5.7779998779296875,5.900598526000977,5.889495849609375,6.034363746643066,5.889495849609375,5.900598526000977,False,14.0,0.181348979473114,0.11562633514404297,0.0006993412971496582,0.004035826772451401,0.010790953412652016,0.018329299986362457,0.9997737407684326
freeform_s0_cross,467,23.349729537963867,5.7779998779296875,5.9193572998046875,6.11672306060791,5.945490837097168,6.11672306060791,5.9193572998046875,False,14.0,0.18072044849395752,0.11562730371952057,0.0007330477237701416,0.004071738570928574,0.011615181341767311,0.018182918429374695,0.9997671842575073
freeform_s0_cross,468,23.399728775024414,5.7779998779296875,6.109663963317871,5.921175479888916,6.04801082611084,5.921175479888916,6.109663963317871,False,14.0,0.18008321523666382,0.1156298965215683,0.0007693767547607422,0.004052633419632912,0.012451296672224998,0.01803092285990715,0.9997599124908447
freeform_s0_cross,469,23.44972801208496,5.7779998779296875,5.711883068084717,5.6916656494140625,6.029388427734375,5.6916656494140625,5.711883068084717,False,14.0,0.17944225668907166,0.11563199758529663,0.0008009672164916992,0.004099663347005844,0.013291699811816216,0.017875006422400475,0.9997518658638
freeform_s0_cross,470,23.499727249145508,5.7779998779296875,5.668405532836914,6.492632865905762,5.687440872192383,6.492632865905762,5.668405532836914,False,14.0,0.17889100313186646,0.11563189327716827,0.0008495450019836426,0.0043540578335523605,0.01401317585259676,0.01773889921605587,0.9997444748878479
freeform_s0_cross,471,23.549726486206055,5.7779998779296875,6.036538124084473,6.448559284210205,5.752436637878418,6.448559284210205,6.036538124084473,False,14.0,0.17849478125572205,0.11561951041221619,0.0009525120258331299,0.004501912742853165,0.014527944847941399,0.017642080783843994,0.9997388124465942
freeform_s0_cross,472,23.5997257232666,5.7779998779296875,1.5571129322052002,1.7723485231399536,6.282857894897461,1.7723485231399536,1.5571129322052002,False,14.0,0.1777457594871521,0.11563214659690857,0.001007765531539917,0.00431535579264164,0.015507961623370647,0.01744949445128441,0.9997274875640869
freeform_s0_cross,473,23.64972496032715,5.7779998779296875,7.044814586639404,6.486401081085205,6.052072048187256,6.486401081085205,7.044814586639404,False,14.0,0.1769057810306549,0.11563779413700104,0.0008799135684967041,0.00391523540019989,0.016600528731942177,0.017231136560440063,0.9997137188911438
freeform_s0_cross,474,23.699724197387695,5.7779998779296875,5.134723663330078,5.14588737487793,6.119205474853516,5.14588737487793,5.134723663330078,False,14.0,0.17621010541915894,0.11563669890165329,0.0007951557636260986,0.003970690071582794,0.017499489709734917,0.01704838126897812,0.9997014999389648
freeform_s0_cross,475,23.749723434448242,5.7779998779296875,5.664145469665527,5.796377658843994,6.011626720428467,5.796377658843994,5.664145469665527,False,14.0,0.17554917931556702,0.11563273519277573,0.0007353127002716064,0.003939073532819748,0.01834830455482006,0.016872989013791084,0.9996892809867859
freeform_s0_cross,476,23.79972267150879,5.7779998779296875,5.797107219696045,5.924659729003906,5.993852615356445,5.924659729003906,5.797107219696045,False,14.0,0.17500248551368713,0.11558984965085983,0.0007184147834777832,0.003972059115767479,0.01903594098985195,0.01673286408185959,0.9996787905693054
freeform_s0_cross,477,23.849721908569336,5.7779998779296875,5.7963714599609375,5.776874542236328,6.051491737365723,5.776874542236328,5.7963714599609375,False,14.0,0.17442980408668518,0.1155545562505722,0.0007184743881225586,0.003981538116931915,0.019754605367779732,0.016582826152443886,0.9996673464775085
freeform_s0_cross,478,23.899721145629883,5.7779998779296875,3.9820151329040527,4.561861038208008,6.146257400512695,4.561861038208008,3.9820151329040527,False,14.0,0.17377892136573792,0.11555185914039612,0.0007152259349822998,0.0039495378732681274,0.02057594060897827,0.016404693946242332,0.999653697013855
freeform_s0_cross,479,23.94972038269043,5.7779998779296875,6.498415946960449,6.3906145095825195,6.019107818603516,6.3906145095825195,6.498415946960449,False,14.0,0.17303702235221863,0.11560454964637756,0.0006518959999084473,0.003752250224351883,0.021519578993320465,0.016191570088267326,0.9996373057365417
freeform_s0_cross,480,23.999719619750977,5.7779998779296875,4.754699230194092,5.397350311279297,5.944897651672363,5.397350311279297,4.754699230194092,False,14.0,0.1723688244819641,0.11562564969062805,0.0006982982158660889,0.003993989899754524,0.022354286164045334,0.016002541407942772,0.9996220469474792
freeform_s0_cross,481,24.049718856811523,5.7779998779296875,5.843720436096191,6.148265838623047,5.916656970977783,6.148265838623047,5.843720436096191,False,14.0,0.17173072695732117,0.11563391983509064,0.0007582306861877441,0.003992307931184769,0.023140396922826767,0.01582290232181549,0.9996070265769958
freeform_s0_cross,482,24.09971809387207,5.7779998779296875,6.093919277191162,6.017513275146484,5.986675262451172,6.017513275146484,6.093919277191162,False,14.0,0.17109262943267822,0.11564338207244873,0.0008193254470825195,0.004026016220450401,0.023918721824884415,0.015642380341887474,0.9995915293693542
freeform_s0_cross,483,24.149717330932617,5.7779998779296875,5.040668964385986,5.127790451049805,6.101685523986816,5.127790451049805,5.040668964385986,False,14.0,0.1705223023891449,0.11561307311058044,0.0008359253406524658,0.004008892923593521,0.024596132338047028,0.015485789626836777,0.999577522277832
freeform_s0_cross,484,24.199716567993164,5.7779998779296875,6.446121692657471,6.083859443664551,6.050941467285156,6.083859443664551,6.446121692657471,False,14.0,0.17000001668930054,0.11555679142475128,0.000799715518951416,0.0038855038583278656,0.0252019464969635,0.015345538966357708,0.9995645880699158
freeform_s0_cross,485,24.24971580505371,5.7779998779296875,8.433520317077637,8.85425853729248,5.6482672691345215,8.85425853729248,8.433520317077637,False,14.0,0.1695728600025177,0.11556297540664673,0.0008528530597686768,0.004190575331449509,0.025707360357046127,0.015223744325339794,0.9995535612106323
freeform_s0_cross,486,24.299715042114258,5.7779998779296875,6.959043979644775,6.030307769775391,6.072656631469727,6.030307769775391,6.959043979644775,False,14.0,0.16912761330604553,0.11559028923511505,0.0010001659393310547,0.004327761009335518,0.0262353103607893,0.015094130299985409,0.9995418190956116
freeform_s0_cross,487,24.349714279174805,5.7779998779296875,0.0,1.4770874977111816,6.105755805969238,1.4770874977111816,0.0,False,14.0,0.16835764050483704,0.11561723798513412,0.0010911524295806885,0.004468847066164017,0.027130525559186935,0.014872664585709572,0.9995212554931641
freeform_s0_cross,488,24.39971351623535,5.7779998779296875,4.494609832763672,3.5777082443237305,6.35749626159668,3.5777082443237305,4.494609832763672,False,14.0,0.16735774278640747,0.11565123498439789,0.0010088682174682617,0.0038688480854034424,0.02826862595975399,0.0145857660099864,0.9994939565658569
freeform_s0_cross,489,24.4497127532959,5.7779998779296875,5.083911418914795,5.711297035217285,5.882393836975098,5.711297035217285,5.083911418914795,False,14.0,0.16662666201591492,0.11564863473176956,0.0008102059364318848,0.0038520507514476776,0.029074672609567642,0.014379751868546009,0.9994738101959229
freeform_s0_cross,490,24.499711990356445,5.7779998779296875,5.768979549407959,5.7762603759765625,6.047380447387695,5.7762603759765625,5.768979549407959,False,14.0,0.1660410463809967,0.11560146510601044,0.0007367134094238281,0.0037852562963962555,0.029695939272642136,0.014219943434000015,0.999457836151123
freeform_s0_cross,491,24.549711227416992,5.7779998779296875,5.942222595214844,5.8918070793151855,6.045373916625977,5.8918070793151855,5.942222595214844,False,14.0,0.16545146703720093,0.11556841433048248,0.000702202320098877,0.0037795528769493103,0.030314555391669273,0.01405772939324379,0.9994415640830994
freeform_s0_cross,492,24.59971046447754,5.7779998779296875,5.82846212387085,5.830369472503662,6.03628396987915,5.830369472503662,5.82846212387085,False,14.0,0.16471242904663086,0.11562127619981766,0.0007187128067016602,0.0037978794425725937,0.031100207939743996,0.013845809735357761,0.9994203448295593
freeform_s0_cross,493,24.649709701538086,5.7779998779296875,5.993390083312988,6.182790279388428,5.927218437194824,6.182790279388428,5.993390083312988,False,14.0,0.16404366493225098,0.11564117670059204,0.0007466375827789307,0.0038770362734794617,0.03178722783923149,0.013658065348863602,0.999401330947876
freeform_s0_cross,494,24.699708938598633,5.7779998779296875,6.233278751373291,6.04194450378418,6.023394584655762,6.04194450378418,6.233278751373291,False,14.0,0.16340014338493347,0.11565127223730087,0.0007935464382171631,0.003869377076625824,0.03243085741996765,0.013479434885084629,0.9993830919265747
freeform_s0_cross,495,24.74970817565918,5.7779998779296875,6.003719806671143,5.929287433624268,5.99741792678833,5.929287433624268,6.003719806671143,False,14.0,0.16276073455810547,0.11565020680427551,0.0008306205272674561,0.003906857222318649,0.03305237367749214,0.013304146006703377,0.9993650913238525
freeform_s0_cross,496,24.799707412719727,5.7779998779296875,4.46720027923584,5.105648994445801,6.0065836906433105,5.105648994445801,4.46720027923584,False,14.0,0.16212257742881775,0.11565495282411575,0.0008421540260314941,0.003928821533918381,0.033658966422080994,0.013129970990121365,0.9993471503257751
freeform_s0_cross,497,24.849706649780273,5.7779998779296875,6.280872344970703,5.940643310546875,6.127377033233643,5.940643310546875,6.280872344970703,False,14.0,0.1614724099636078,0.11566326022148132,0.0007485747337341309,0.0036391224712133408,0.034261755645275116,0.012953685596585274,0.9993289709091187
freeform_s0_cross,498,24.89970588684082,5.7779998779296875,6.125922203063965,6.0874128341674805,6.0054931640625,6.0874128341674805,6.125922203063965,False,14.0,0.1608969271183014,0.11566528677940369,0.0006842315196990967,0.0037093181163072586,0.034779928624629974,0.012799386866390705,0.9993130564689636
freeform_s0_cross,499,24.949705123901367,5.7779998779296875,6.048105239868164,6.098625183105469,5.965400695800781,6.098625183105469,6.048105239868164,False,14.0,0.1604633629322052,0.11565199494361877,0.0007064640522003174,0.0038362443447113037,0.03515757620334625,0.012685096822679043,0.9993012547492981
freeform_s0_cross,500,24.999704360961914,5.7779998779296875,5.848227024078369,5.836016654968262,6.010926246643066,5.836016654968262,5.848227024078369,False,14.0,0.16003108024597168,0.11563431471586227,0.0007628500461578369,0.003905346617102623,0.03552531450986862,0.012572149746119976,0.9992896914482117
freeform_s0_cross,501,25.04970359802246,5.7779998779296875,5.960116386413574,5.867392539978027,6.016015529632568,5.867392539978027,5.960116386413574,False,14.0,0.15956413745880127,0.11561372876167297,0.0008029341697692871,0.003924891352653503,0.035913486033678055,0.01245102472603321,0.9992773532867432
freeform_s0_cross,502,25.099702835083008,5.7779998779296875,1.7494820356369019,3.6775827407836914,6.029559135437012,3.6775827407836914,1.7494820356369019,False,14.0,0.15893325209617615,0.11560268700122833,0.0008377730846405029,0.003934672102332115,0.036427754908800125,0.012287594377994537,0.9992607235908508
freeform_s0_cross,503,25.149702072143555,5.7779998779296875,7.495075225830078,6.836297988891602,6.071765422821045,6.836297988891602,7.495075225830078,False,14.0,0.1577702760696411,0.11564899981021881,0.0007373690605163574,0.003530999645590782,0.03734767064452171,0.01198683213442564,0.9992304444313049
freeform_s0_cross,504,25.1997013092041,5.7779998779296875,5.773604393005371,5.719485759735107,6.068603515625,5.719485759735107,5.773604393005371,False,14.0,0.15706977248191833,0.11563198268413544,0.0006798803806304932,0.00366361066699028,0.03786144405603409,0.011811616830527782,0.9992131590843201
freeform_s0_cross,505,25.24970054626465,5.7779998779296875,6.258795261383057,6.444498062133789,5.87216854095459,6.444498062133789,6.258795261383057,False,14.0,0.15659916400909424,0.11560799181461334,0.000689387321472168,0.0038379617035388947,0.03819113224744797,0.011695893481373787,0.9992020130157471
freeform_s0_cross,506,25.299699783325195,5.7779998779296875,6.126171112060547,5.913729190826416,6.057829856872559,5.913729190826416,6.126171112060547,False,14.0,0.15615659952163696,0.1155901849269867,0.0007485449314117432,0.0038662943989038467,0.038493212312459946,0.011587734334170818,0.9991917014122009
freeform_s0_cross,507,25.349699020385742,5.7779998779296875,2.8252077102661133,2.5085465908050537,6.4136433601379395,2.5085465908050537,2.8252077102661133,False,14.0,0.15528663992881775,0.11563892662525177,0.0007415711879730225,0.003615356981754303,0.039080969989299774,0.01137374248355627,0.9991713166236877
freeform_s0_cross,508,25.39969825744629,5.7779998779296875,5.730799198150635,5.88955020904541,6.086800575256348,5.88955020904541,5.730799198150635,False,14.0,0.15448108315467834,0.11564518511295319,0.0005564093589782715,0.0033457092940807343,0.03958400338888168,0.011181262321770191,0.9991536736488342
freeform_s0_cross,509,25.449697494506836,5.7779998779296875,5.4537506103515625,5.40701150894165,6.235640525817871,5.40701150894165,5.4537506103515625,False,14.0,0.15378978848457336,0.11564339697360992,0.0004285573959350586,0.003262002021074295,0.03998938575387001,0.011019213125109673,0.9991393685340881
freeform_s0_cross,510,25.499696731567383,5.7779998779296875,5.609315395355225,5.620953559875488,6.217411994934082,5.620953559875488,5.609315395355225,False,14.0,0.15312758088111877,0.11564664542675018,0.0003275275230407715,0.003192335367202759,0.0403573177754879,0.010866211727261543,0.9991261959075928
freeform_s0_cross,511,25.54969596862793,5.7779998779296875,8.629621505737305,7.924187660217285,5.989159107208252,7.924187660217285,8.629621505737305,False,14.0,0.15254536271095276,0.11562927067279816,0.00028270483016967773,0.0032426081597805023,0.04065867140889168,0.010734486393630505,0.9991154074668884
freeform_s0_cross,512,25.599695205688477,5.7779998779296875,5.249302864074707,5.084831714630127,6.288588523864746,5.084831714630127,5.249302864074707,False,14.0,0.15206700563430786,0.11558521538972855,0.000391155481338501,0.0034335050731897354,0.04088733717799187,0.010628686286509037,0.9991072416305542
freeform_s0_cross,513,25.649694442749023,5.7779998779296875,3.952925443649292,5.69645357131958,5.7793965339660645,5.69645357131958,3.952925443649292,False,14.0,0.15167197585105896,0.11556888371706009,0.00048086047172546387,0.0037183668464422226,0.0410723052918911,0.010541445575654507,0.9991005659103394
freeform_s0_cross,514,25.69969367980957,5.7779998779296875,6.09917688369751,5.943532943725586,6.161932945251465,5.943532943725586,6.09917688369751,False,14.0,0.15114322304725647,0.11559620499610901,0.0005373358726501465,0.003480754792690277,0.04131867736577988,0.010424349457025528,0.999091625213623
freeform_s0_cross,515,25.749692916870117,5.7779998779296875,2.3937299251556396,3.406214714050293,6.305721759796143,3.406214714050293,2.3937299251556396,False,14.0,0.15035676956176758,0.1156226173043251,0.0005436241626739502,0.0034541580826044083,0.04165620356798172,0.010253660380840302,0.9990794062614441
freeform_s0_cross,516,25.799692153930664,5.7779998779296875,6.846839904785156,6.952110767364502,5.926932334899902,6.952110767364502,6.846839904785156,False,14.0,0.14948207139968872,0.1156301200389862,0.0004757344722747803,0.003309043124318123,0.04199066013097763,0.010068610310554504,0.9990672469139099
freeform_s0_cross,517,25.84969139099121,5.7779998779296875,5.8655104637146,5.750632286071777,6.160299301147461,5.750632286071777,5.8655104637146,False,14.0,0.14895322918891907,0.11561879515647888,0.0004693567752838135,0.003388224169611931,0.04217107221484184,0.009959209710359573,0.9990607500076294
freeform_s0_cross,518,25.899690628051758,5.7779998779296875,6.102576732635498,5.582461357116699,6.28055477142334,5.582461357116699,6.102576732635498,False,14.0,0.1482572853565216,0.11559906601905823,0.00045800209045410156,0.0032910648733377457,0.04238631948828697,0.009817619808018208,0.9990530610084534
freeform_s0_cross,519,25.949689865112305,5.7779998779296875,5.357152462005615,5.543988227844238,6.123763084411621,5.543988227844238,5.357152462005615,False,14.0,0.1475527286529541,0.11555750668048859,0.00045117735862731934,0.003379231318831444,0.04257543385028839,0.009677308611571789,0.9990463852882385
freeform_s0_cross,520,25.99968910217285,5.7779998779296875,6.695167064666748,6.484058380126953,6.054884910583496,6.484058380126953,6.695167064666748,False,14.0,0.14697033166885376,0.11552906036376953,0.0004621744155883789,0.003398248925805092,0.04271440580487251,0.009563060477375984,0.9990415573120117
freeform_s0_cross,521,26.0496883392334,5.7779998779296875,3.291161060333252,4.4318695068359375,6.149100303649902,4.4318695068359375,3.291161060333252,False,14.0,0.14638444781303406,0.11551126837730408,0.0004962682723999023,0.003488253802061081,0.04283937066793442,0.009449631907045841,0.9990372657775879
freeform_s0_cross,522,26.099687576293945,5.7779998779296875,7.852006912231445,7.108458518981934,6.13163948059082,7.108458518981934,7.852006912231445,False,14.0,0.1455487608909607,0.1156119555234909,0.00044921040534973145,0.0031312983483076096,0.043011896312236786,0.009288797155022621,0.9990313649177551
freeform_s0_cross,523,26.149686813354492,5.7779998779296875,5.368284702301025,5.115405082702637,6.315828800201416,5.115405082702637,5.368284702301025,False,14.0,0.14485308527946472,0.11564323306083679,0.0004253387451171875,0.003178119659423828,0.04311874136328697,0.0091586047783494,0.9990279674530029
freeform_s0_cross,524,26.19968605041504,5.7779998779296875,4.770455837249756,5.28648042678833,6.132574558258057,5.28648042678833,4.770455837249756,False,14.0,0.1441960632801056,0.11564908921718597,0.0003897547721862793,0.0032161790877580643,0.04319322109222412,0.009038220159709454,0.9990258812904358
freeform_s0_cross,525,26.249685287475586,5.7779998779296875,6.122980117797852,6.079229831695557,6.158287048339844,6.079229831695557,6.122980117797852,False,14.0,0.1435547173023224,0.11565203964710236,0.0003407597541809082,0.0030976086854934692,0.04324495047330856,0.008922716602683067,0.9990246295928955
freeform_s0_cross,526,26.299684524536133,5.7779998779296875,5.541891098022461,5.108612537384033,6.410228252410889,5.108612537384033,5.541891098022461,False,14.0,0.14294907450675964,0.11565691232681274,0.0002751350402832031,0.002976059913635254,0.04327572509646416,0.008815347217023373,0.9990242719650269
freeform_s0_cross,527,26.34968376159668,5.7779998779296875,5.739428520202637,5.892805099487305,6.173309803009033,5.892805099487305,5.739428520202637,False,14.0,0.14251708984375,0.11566005647182465,0.00019747018814086914,0.0029768161475658417,0.04328673332929611,0.008739764802157879,0.9990244507789612
freeform_s0_cross,528,26.399682998657227,5.7779998779296875,8.164396286010742,7.351935863494873,6.11582088470459,7.351935863494873,8.164396286010742,False,14.0,0.14205867052078247,0.115659698843956,0.00021219253540039062,0.00300595723092556,0.04328793287277222,0.008660475723445415,0.9990251064300537
freeform_s0_cross,529,26.449682235717773,5.7779998779296875,5.098839282989502,5.57525634765625,6.061042785644531,5.57525634765625,5.098839282989502,False,14.0,0.14166215062141418,0.11564770340919495,0.0003165304660797119,0.003422010689973831,0.04327886551618576,0.008592705242335796,0.9990260601043701
freeform_s0_cross,530,26.49968147277832,5.7779998779296875,6.756202697753906,6.651819229125977,6.014978408813477,6.651819229125977,6.756202697753906,False,14.0,0.14127635955810547,0.11561915278434753,0.00042131543159484863,0.0034727565944194794,0.04326004534959793,0.008527494966983795,0.9990274310112
freeform_s0_cross,531,26.549680709838867,5.7779998779296875,4.790587425231934,3.255814552307129,6.562530994415283,3.255814552307129,4.790587425231934,False,14.0,0.13996845483779907,0.1156679093837738,0.00040709972381591797,0.0030220653861761093,0.043168529868125916,0.008309588767588139,0.9990332722663879
freeform_s0_cross,532,26.599679946899414,5.7779998779296875,5.751552581787109,6.284677028656006,5.979649543762207,6.284677028656006,5.751552581787109,False,14.0,0.13919967412948608,0.11566288769245148,0.00028455257415771484,0.003050966188311577,0.04307205602526665,0.008184653706848621,0.9990384578704834
freeform_s0_cross,533,26.64967918395996,5.7779998779296875,6.305898666381836,6.079154014587402,6.217843055725098,6.079154014587402,6.305898666381836,False,14.0,0.13858115673065186,0.11560964584350586,0.00025659799575805664,0.003007039427757263,0.04296707734465599,0.008085735142230988,0.9990437626838684
freeform_s0_cross,534,26.699678421020508,5.7779998779296875,5.752016067504883,5.63765287399292,6.255393981933594,5.63765287399292,5.752016067504883,False,14.0,0.13799500465393066,0.11556527018547058,0.0002472102642059326,0.003029409795999527,0.04285285621881485,0.007992965169250965,0.9990494251251221
freeform_s0_cross,535,26.749677658081055,5.7779998779296875,6.4171624183654785,5.572734832763672,6.482170104980469,5.572734832763672,6.4171624183654785,False,14.0,0.13725173473358154,0.11562500149011612,0.00020143389701843262,0.002765210345387459,0.04270436614751816,0.007876559160649776,0.9990566968917847
freeform_s0_cross,536,26.7996768951416,5.7779998779296875,4.99114465713501,5.072913646697998,6.31716251373291,5.072913646697998,4.99114465713501,False,14.0,0.1365613341331482,0.1156662181019783,0.00015059113502502441,0.0028435848653316498,0.0425424799323082,0.007769857533276081,0.9990644454956055
freeform_s0_cross,537,26.84967613220215,5.7779998779296875,5.569941520690918,5.821307182312012,6.199817657470703,5.821307182312012,5.569941520690918,False,14.0,0.13590842485427856,0.11567234992980957,0.00011345744132995605,0.002822546288371086,0.042365532368421555,0.007670095656067133,0.9990727305412292
freeform_s0_cross,538,26.899675369262695,5.7779998779296875,5.741874694824219,5.719607830047607,6.291529655456543,5.719607830047607,5.741874694824219,False,14.0,0.13528266549110413,0.11568951606750488,8.806586265563965e-05,0.0027700643986463547,0.04218084737658501,0.007575392723083496,0.9990812540054321
freeform_s0_cross,539,26.949674606323242,5.7779998779296875,5.704013347625732,5.68994140625,6.300347328186035,5.68994140625,5.704013347625732,False,14.0,0.13465163111686707,0.11570283025503159,6.35981559753418e-05,0.002740073949098587,0.0419776551425457,0.007480711676180363,0.9990905523300171
freeform_s0_cross,540,26.99967384338379,5.7779998779296875,5.760480880737305,5.7297258377075195,6.3104143142700195,5.7297258377075195,5.760480880737305,False,14.0,0.13414502143859863,0.11565510928630829,2.321600914001465e-05,0.002714032307267189,0.041794199496507645,0.007405131123960018,0.9990987777709961
freeform_s0_cross,541,27.049673080444336,5.7779998779296875,6.515196323394775,6.4102983474731445,6.18980598449707,6.4102983474731445,6.515196323394775,False,14.0,0.1337321400642395,0.1156262680888176,2.828240394592285e-05,0.002780972048640251,0.04163869470357895,0.007343813311308622,0.9991057515144348
freeform_s0_cross,542,27.099672317504883,5.7779998779296875,5.757293224334717,5.835930824279785,6.228339672088623,5.835930824279785,5.757293224334717,False,14.0,0.13324376940727234,0.11561961472034454,6.824731826782227e-05,0.002925889566540718,0.041450243443250656,0.007271663751453161,0.9991140961647034
freeform_s0_cross,543,27.14967155456543,5.7779998779296875,5.8158183097839355,5.826048851013184,6.247494697570801,5.826048851013184,5.8158183097839355,False,14.0,0.1327548623085022,0.11561243236064911,0.00011521577835083008,0.0029455777257680893,0.041252341121435165,0.0071997386403381824,0.9991227984428406
freeform_s0_cross,544,27.199670791625977,5.7779998779296875,6.4259724617004395,5.028903007507324,6.663543701171875,5.028903007507324,6.4259724617004395,False,14.0,0.1316537857055664,0.11566901206970215,0.00010335445404052734,0.002550184726715088,0.04078448936343193,0.007039024960249662,0.9991431832313538
freeform_s0_cross,545,27.249670028686523,5.7779998779296875,4.311835289001465,4.79609489440918,6.315629959106445,4.79609489440918,4.311835289001465,False,14.0,0.13083100318908691,0.11567901074886322,3.567337989807129e-05,0.0026903990656137466,0.04040145501494408,0.006919445004314184,0.999159574508667
freeform_s0_cross,546,27.29966926574707,5.7779998779296875,6.252079010009766,6.543874740600586,6.107952117919922,6.543874740600586,6.252079010009766,False,14.0,0.13022509217262268,0.11565250158309937,-8.314847946166992e-06,0.0026952754706144333,0.040099337697029114,0.0068314033560454845,0.9991723299026489
freeform_s0_cross,547,27.349668502807617,5.7779998779296875,6.26897668838501,5.859346389770508,6.3938164710998535,5.859346389770508,6.26897668838501,False,14.0,0.12965837121009827,0.11563174426555634,-1.4096498489379883e-05,0.0026215463876724243,0.039806067943573,0.00674913777038455,0.9991846084594727
freeform_s0_cross,548,27.399667739868164,5.7779998779296875,3.9816715717315674,4.116619110107422,6.568121910095215,4.116619110107422,3.9816715717315674,False,14.0,0.12896999716758728,0.11564519256353378,-3.719329833984375e-05,0.002544756978750229,0.039441194385290146,0.006649497896432877,0.9991997480392456
freeform_s0_cross,549,27.44966697692871,5.7779998779296875,5.347788333892822,5.917213439941406,6.18704891204834,5.917213439941406,5.347788333892822,False,14.0,0.1282632052898407,0.1156700849533081,-0.00010940432548522949,0.0025363750755786896,0.03905241936445236,0.006547215860337019,0.9992157220840454
freeform_s0_cross,550,27.499666213989258,5.7779998779296875,6.007526397705078,5.628334045410156,6.489347457885742,5.628334045410156,6.007526397705078,False,14.0,0.12760508060455322,0.11567553877830505,-0.00015848875045776367,0.0023691635578870773,0.0386740006506443,0.006451680324971676,0.9992310404777527
freeform_s0_cross,551,27.549665451049805,5.7779998779296875,5.3726630210876465,5.502320289611816,6.386923789978027,5.502320289611816,5.3726630210876465,False,14.0,0.12695977091789246,0.11567734181880951,-0.0002097785472869873,0.0023933183401823044,0.03828992694616318,0.006357727572321892,0.9992464184761047
freeform_s0_cross,552,27.59966468811035,5.7779998779296875,5.787217617034912,5.777671813964844,6.396668434143066,5.777671813964844,5.787217617034912,False,14.0,0.12632378935813904,0.11567802727222443,-0.00024640560150146484,0.0023338794708251953,0.03789956122636795,0.00626479834318161,0.9992619156837463
freeform_s0_cross,553,27.6496639251709,5.7779998779296875,5.5723724365234375,5.386383056640625,6.526934623718262,5.386383056640625,5.5723724365234375,False,14.0,0.12569931149482727,0.11570333689451218,-0.00029727816581726074,0.002226371318101883,0.0375090055167675,0.006173406261950731,0.9992772340774536
freeform_s0_cross,554,27.699663162231445,5.7779998779296875,5.462978363037109,5.583667755126953,6.436429977416992,5.583667755126953,5.462978363037109,False,14.0,0.12505921721458435,0.11571520566940308,-0.00036728382110595703,0.0022043846547603607,0.03709588944911957,0.006079130340367556,0.9992932081222534
freeform_s0_cross,555,27.749662399291992,5.7779998779296875,6.14616584777832,6.185778617858887,6.329729080200195,6.185778617858887,6.14616584777832,False,14.0,0.12461581826210022,0.11572407186031342,-0.0003693103790283203,0.0023036450147628784,0.03680367395281792,0.006013516336679459,0.9993044137954712
freeform_s0_cross,556,27.79966163635254,5.7779998779296875,6.033973217010498,6.02690315246582,6.358026504516602,6.02690315246582,6.033973217010498,False,14.0,0.1241803765296936,0.11572447419166565,-0.00032204389572143555,0.0023964885622262955,0.03651073947548866,0.005948710720986128,0.9993155598640442
freeform_s0_cross,557,27.849660873413086,5.7779998779296875,5.9917497634887695,5.996358871459961,6.342543601989746,5.996358871459961,5.9917497634887695,False,14.0,0.12372741103172302,0.1157129630446434,-0.00026470422744750977,0.0024757254868745804,0.03619939833879471,0.005880836397409439,0.9993273019790649
freeform_s0_cross,558,27.899660110473633,5.7779998779296875,5.903428077697754,5.934525012969971,6.329435348510742,5.934525012969971,5.903428077697754,False,14.0,0.12328130006790161,0.11569458246231079,-0.00020250678062438965,0.0025431551039218903,0.03588702529668808,0.005813547410070896,0.9993389248847961
freeform_s0_cross,559,27.94965934753418,5.7779998779296875,2.867439031600952,2.2843666076660156,6.749526023864746,2.2843666076660156,2.867439031600952,False,14.0,0.12219274044036865,0.11570437997579575,-0.00021144747734069824,0.0022692494094371796,0.03511451184749603,0.005648430436849594,0.999367356300354
freeform_s0_cross,560,27.999658584594727,5.7779998779296875,6.73374605178833,6.804829120635986,6.268291473388672,6.804829120635986,6.73374605178833,False,14.0,0.12128236889839172,0.11571209132671356,-0.00037786364555358887,0.002081573009490967,0.0344494991004467,0.005508451722562313,0.9993912577629089
freeform_s0_cross,561,28.049657821655273,5.7779998779296875,5.727752208709717,5.365742206573486,6.618110656738281,5.365742206573486,5.727752208709717,False,14.0,0.12059164047241211,0.11572097986936569,-0.000443190336227417,0.0020063649863004684,0.03393477201461792,0.005401033442467451,0.9994094371795654
freeform_s0_cross,562,28.09965705871582,5.7779998779296875,5.332464218139648,5.522466659545898,6.47331428527832,5.522466659545898,5.332464218139648,False,14.0,0.11995431780815125,0.11572696268558502,-0.0005061328411102295,0.002025032415986061,0.03345188871026039,0.0053008622489869595,0.9994262456893921
freeform_s0_cross,563,28.149656295776367,5.7779998779296875,5.810189247131348,5.780546188354492,6.507498741149902,5.780546188354492,5.810189247131348,False,14.0,0.11932021379470825,0.11572956293821335,-0.0005481541156768799,0.0019557401537895203,0.03296409174799919,0.005200113169848919,0.999442994594574
freeform_s0_cross,564,28.199655532836914,5.7779998779296875,6.7474894523620605,6.18351936340332,6.53498649597168,6.18351936340332,6.7474894523620605,False,14.0,0.11872312426567078,0.11574021726846695,-0.000576317310333252,0.001925671473145485,0.0325002521276474,0.005104396492242813,0.9994586706161499
freeform_s0_cross,565,28.24965476989746,5.7779998779296875,5.611686706542969,5.873963356018066,6.385051250457764,5.873963356018066,5.611686706542969,False,14.0,0.11828470230102539,0.11580224335193634,-0.000548243522644043,0.002142118290066719,0.03216509521007538,0.00503440760076046,0.9994698762893677
freeform_s0_cross,566,28.299654006958008,5.7779998779296875,6.1305460929870605,6.041826248168945,6.45076847076416,6.041826248168945,6.1305460929870605,False,14.0,0.11779534816741943,0.11585371196269989,-0.0005042850971221924,0.002143377438187599,0.03178504854440689,0.004955383483320475,0.9994824528694153
freeform_s0_cross,567,28.349653244018555,5.7779998779296875,6.039425373077393,5.684597015380859,6.622252464294434,5.684597015380859,6.039425373077393,False,14.0,0.11697733402252197,0.11572632193565369,-0.0005191564559936523,0.0019009057432413101,0.031107496470212936,0.0048179421573877335,0.9995044469833374
freeform_s0_cross,568,28.3996524810791,5.7779998779296875,6.098257064819336,6.139736175537109,6.3985795974731445,6.139736175537109,6.098257064819336,False,14.0,0.11632576584815979,0.11566676944494247,-0.0005471110343933105,0.0020023342221975327,0.030568554997444153,0.0047075944021344185,0.9995216131210327
freeform_s0_cross,569,28.44965171813965,5.7779998779296875,6.100574016571045,5.990251541137695,6.456480979919434,5.990251541137695,6.100574016571045,False,14.0,0.11582618951797485,0.11564114689826965,-0.0005216896533966064,0.0020665377378463745,0.030155356973409653,0.004622424487024546,0.999534547328949
freeform_s0_cross,570,28.499650955200195,5.7779998779296875,5.909597396850586,6.103964328765869,6.344561576843262,6.103964328765869,5.909597396850586,False,14.0,0.11535170674324036,0.11565947532653809,-0.0004767775535583496,0.0022146757692098618,0.02976776659488678,0.004541674628853798,0.9995465278625488
freeform_s0_cross,571,28.549650192260742,5.7779998779296875,6.0400776863098145,5.989002227783203,6.415962219238281,5.989002227783203,6.0400776863098145,False,14.0,0.11488652229309082,0.11567068099975586,-0.00041562318801879883,0.0022554416209459305,0.0293845497071743,0.004461672622710466,0.9995582103729248
freeform_s0_cross,572,28.59964942932129,5.7779998779296875,4.355071544647217,3.347226142883301,6.852471828460693,3.347226142883301,4.355071544647217,False,14.0,0.11376163363456726,0.11571049690246582,-0.00044420361518859863,0.0018813423812389374,0.02845257706940174,0.004265620838850737,0.9995860457420349
freeform_s0_cross,573,28.649648666381836,5.7779998779296875,4.741146564483643,5.76335334777832,6.241813659667969,5.76335334777832,4.741146564483643,False,14.0,0.11292839050292969,0.11570528149604797,-0.0005473196506500244,0.002008214592933655,0.027750153094530106,0.004116898402571678,0.9996064305305481
freeform_s0_cross,574,28.699647903442383,5.7779998779296875,6.403843879699707,6.028787136077881,6.564304351806641,6.028787136077881,6.403843879699707,False,14.0,0.11229458451271057,0.11569862067699432,-0.0005759298801422119,0.0018090568482875824,0.027212481945753098,0.004002116620540619,0.9996216893196106
freeform_s0_cross,575,28.74964714050293,5.7779998779296875,5.273767948150635,5.326116561889648,6.579154014587402,5.326116561889648,5.273767948150635,False,14.0,0.11171185970306396,0.11567152291536331,-0.0006147027015686035,0.0018306616693735123,0.02671242319047451,0.0038948068395256996,0.9996355772018433
freeform_s0_cross,576,28.799646377563477,5.7779998779296875,5.574527263641357,5.598784923553467,6.565047264099121,5.598784923553467,5.574527263641357,False,14.0,0.11107373237609863,0.11565813422203064,-0.0006592869758605957,0.0017489828169345856,0.0261660348623991,0.0037763442378491163,0.9996504783630371
freeform_s0_cross,577,28.849645614624023,5.7779998779296875,5.705296993255615,5.7061357498168945,6.563694953918457,5.7061357498168945,5.705296993255615,False,14.0,0.11043289303779602,0.11565224826335907,-0.000702977180480957,0.0017068944871425629,0.02561725117266178,0.0036561547312885523,0.9996651411056519
freeform_s0_cross,578,28.89964485168457,5.7779998779296875,5.652913570404053,5.674716949462891,6.5678558349609375,5.674716949462891,5.652913570404053,False,14.0,0.10972416400909424,0.11568833887577057,-0.0007297098636627197,0.0016953181475400925,0.02501717023551464,0.003522839630022645,0.9996808171272278
freeform_s0_cross,579,28.949644088745117,5.7779998779296875,5.424458980560303,5.507917404174805,6.593904972076416,5.507917404174805,5.424458980560303,False,14.0,0.10909277200698853,0.11571161448955536,-0.0007513761520385742,0.0016676224768161774,0.024480247870087624,0.0034024184569716454,0.9996945261955261
freeform_s0_cross,580,28.999643325805664,5.7779998779296875,5.749197006225586,5.764824867248535,6.579468727111816,5.764824867248535,5.749197006225586,False,14.0,0.10847759246826172,0.11572925746440887,-0.0007857382297515869,0.00162428617477417,0.023955855518579483,0.003283671336248517,0.9997076392173767
freeform_s0_cross,581,29.04964256286621,5.7779998779296875,5.9404616355896,5.947546005249023,6.545291900634766,5.947546005249023,5.9404616355896,False,14.0,0.1079244315624237,0.11568013578653336,-0.0007999241352081299,0.0016405116766691208,0.023471521213650703,0.003173705656081438,0.9997194409370422
freeform_s0_cross,582,29.099641799926758,5.7779998779296875,5.704949378967285,5.7221760749816895,6.581766128540039,5.7221760749816895,5.704949378967285,False,14.0,0.10735121369361877,0.11562363803386688,-0.0007956624031066895,0.0016618352383375168,0.022968461737036705,0.003058363450691104,0.9997315406799316
freeform_s0_cross,583,29.149641036987305,5.7779998779296875,5.953505516052246,6.0824432373046875,6.476356029510498,6.0824432373046875,5.953505516052246,False,14.0,0.10686290264129639,0.1156080886721611,-0.0007680356502532959,0.0017430409789085388,0.0225465539842844,0.0029602881986647844,0.9997414350509644
freeform_s0_cross,584,29.19964027404785,5.7779998779296875,5.501618385314941,5.558609485626221,6.578498840332031,5.558609485626221,5.501618385314941,False,14.0,0.10655111074447632,0.11559942364692688,-0.000702589750289917,0.0017452798783779144,0.0222775861620903,0.0028972853906452656,0.999747633934021
freeform_s0_cross,585,29.2496395111084,5.7779998779296875,8.818848609924316,7.788182258605957,6.397595405578613,7.788182258605957,8.818848609924316,False,14.0,0.10608157515525818,0.11559203267097473,-0.0006635785102844238,0.0017317701131105423,0.021874036639928818,0.0028019987512379885,0.9997568130493164
freeform_s0_cross,586,29.299638748168945,5.7779998779296875,5.066247463226318,5.04266357421875,6.591460227966309,5.04266357421875,5.066247463226318,False,14.0,0.10554134845733643,0.1156153604388237,-0.0006015896797180176,0.0020013470202684402,0.021416911855340004,0.0026926742866635323,0.999767005443573
freeform_s0_cross,587,29.349637985229492,5.7779998779296875,2.4977967739105225,2.5111987590789795,6.821251392364502,2.5111987590789795,2.4977967739105225,False,14.0,0.10446733236312866,0.11565971374511719,-0.0005750954151153564,0.001804884523153305,0.02051074057817459,0.0024726679548621178,0.9997865557670593
freeform_s0_cross,588,29.39963722229004,5.7779998779296875,5.812819480895996,5.997228622436523,6.478475570678711,5.997228622436523,5.812819480895996,False,14.0,0.10343796014785767,0.1156974583864212,-0.0006851553916931152,0.0016223564743995667,0.019645974040031433,0.002258496591821313,0.9998044371604919
freeform_s0_cross,589,29.449636459350586,5.7779998779296875,6.257139682769775,5.9284820556640625,6.612537384033203,5.9284820556640625,6.257139682769775,False,14.0,0.10273832082748413,0.11570525169372559,-0.0007493197917938232,0.0015552826225757599,0.01905757375061512,0.002110483590513468,0.9998161792755127
freeform_s0_cross,590,29.499635696411133,5.7779998779296875,5.419682502746582,5.4641008377075195,6.614130020141602,5.4641008377075195,5.419682502746582,False,14.0,0.10214400291442871,0.11568155139684677,-0.0007785558700561523,0.0015758723020553589,0.018553463742136955,0.001982335699722171,0.9998258948326111
freeform_s0_cross,591,29.54963493347168,5.7779998779296875,5.649718761444092,5.6881866455078125,6.595911026000977,5.6881866455078125,5.649718761444092,False,14.0,0.10149616003036499,0.11565038561820984,-0.0008086860179901123,0.0015272274613380432,0.018005235120654106,0.0018412359058856964,0.9998362064361572
freeform_s0_cross,592,29.599634170532227,5.7779998779296875,5.755719184875488,5.740546226501465,6.605861663818359,5.740546226501465,5.755719184875488,False,14.0,0.10084325075149536,0.11562620103359222,-0.0008334815502166748,0.0014961622655391693,0.017457079142332077,0.0016981742810457945,0.9998461604118347
freeform_s0_cross,593,29.649633407592773,5.7779998779296875,5.738038539886475,5.4552741050720215,6.754438877105713,5.4552741050720215,5.738038539886475,False,14.0,0.10016581416130066,0.11568568646907806,-0.0008979141712188721,0.0013447422534227371,0.016910137608647346,0.001552706235088408,0.9998558163642883
freeform_s0_cross,594,29.69963264465332,5.7779998779296875,7.089140892028809,6.41304349899292,6.6361236572265625,6.41304349899292,7.089140892028809,False,14.0,0.099551260471344,0.11570505797863007,-0.0009607672691345215,0.0013474859297275543,0.016409579664468765,0.0014182020677253604,0.9998643398284912
freeform_s0_cross,595,29.749631881713867,5.7779998779296875,5.077828407287598,5.345191955566406,6.5994086265563965,5.345191955566406,5.077828407287598,False,14.0,0.09903910756111145,0.11563481390476227,-0.0009057223796844482,0.001567365601658821,0.015975642949342728,0.0013010100228711963,0.999871551990509
freeform_s0_cross,596,29.799631118774414,5.7779998779296875,6.267966270446777,6.164734840393066,6.562071800231934,6.164734840393066,6.267966270446777,False,14.0,0.09845206141471863,0.11558721959590912,-0.0008666813373565674,0.0015254244208335876,0.015488202683627605,0.0011675239074975252,0.9998793601989746
freeform_s0_cross,597,29.84963035583496,5.7779998779296875,6.056549072265625,6.035159111022949,6.533648490905762,6.035159111022949,6.056549072265625,False,14.0,0.09792721271514893,0.11559022963047028,-0.0008153021335601807,0.001622173935174942,0.015065176412463188,0.0010499609634280205,0.9998859763145447
freeform_s0_cross,598,29.899629592895508,5.7779998779296875,5.440711975097656,5.519565582275391,6.593291759490967,5.519565582275391,5.440711975097656,False,14.0,0.09759435057640076,0.11558681726455688,-0.0007483065128326416,0.0016377177089452744,0.014797024428844452,0.0009748307056725025,0.9998900294303894
freeform_s0_cross,599,29.949628829956055,5.7779998779296875,5.564502239227295,5.654322624206543,6.566676616668701,5.654322624206543,5.564502239227295,False,14.0,0.09697079658508301,0.11561883985996246,-0.0007412433624267578,0.001616084948182106,0.014306249096989632,0.0008357157348655164,0.999897301197052
freeform_s0_cross,600,29.9996280670166,5.7779998779296875,3.9576416015625,4.2802886962890625,6.771631717681885,4.2802886962890625,3.9576416015625,False,14.0,0.09612956643104553,0.11566006392240524,-0.0007587671279907227,0.0014685094356536865,0.01364993304014206,0.0006470162770710886,0.999906599521637
freeform_s0_cross,601,30.04962730407715,5.7779998779296875,6.51227331161499,6.803555488586426,6.36042594909668,6.803555488586426,6.51227331161499,False,14.0,0.09513553977012634,0.1157025545835495,-0.0008486509323120117,0.001461908221244812,0.01288258470594883,0.00042248208774253726,0.9999169111251831
freeform_s0_cross,602,30.099626541137695,5.7779998779296875,6.24247407913208,5.806044578552246,6.700430870056152,5.806044578552246,6.24247407913208,False,14.0,0.09442725777626038,0.1157008707523346,-0.0008445084095001221,0.001394776627421379,0.012335045263171196,0.00025978550547733903,0.9999238848686218
freeform_s0_cross,603,30.149625778198242,5.7779998779296875,5.507748126983643,5.565685272216797,6.6180830001831055,5.565685272216797,5.507748126983643,False,14.0,0.09382310509681702,0.11566052585840225,-0.0008559226989746094,0.0014319587498903275,0.011863444931805134,0.00011800777429016307,0.9999296069145203
freeform_s0_cross,604,30.19962501525879,5.7779998779296875,5.813625335693359,5.820916175842285,6.595508575439453,5.820916175842285,5.813625335693359,False,14.0,0.09320041537284851,0.11562825739383698,-0.0008642077445983887,0.0014101453125476837,0.011383840814232826,-2.8017419026582502e-05,0.9999352097511292
freeform_s0_cross,605,30.249624252319336,5.7779998779296875,5.778318405151367,5.7492499351501465,6.61711311340332,5.7492499351501465,5.778318405151367,False,14.0,0.09257060289382935,0.11560796201229095,-0.0008662641048431396,0.00139620341360569,0.010906183160841465,-0.0001753143733367324,0.9999405145645142
freeform_s0_cross,606,30.299623489379883,5.7779998779296875,5.704712390899658,5.720436096191406,6.611577033996582,5.720436096191406,5.704712390899658,False,14.0,0.09193623065948486,0.11560018360614777,-0.000868678092956543,0.001390872523188591,0.010432768613100052,-0.00032313980045728385,0.9999455213546753
freeform_s0_cross,607,30.34962272644043,5.7779998779296875,5.765743255615234,5.771728515625,6.606087684631348,5.771728515625,5.765743255615234,False,14.0,0.09130445122718811,0.11559604108333588,-0.0008711814880371094,0.0013819672167301178,0.009966974146664143,-0.00047034636372700334,0.9999502301216125
freeform_s0_cross,608,30.399621963500977,5.7779998779296875,5.586661338806152,5.605858325958252,6.626065731048584,5.605858325958252,5.586661338806152,False,14.0,0.09060207009315491,0.11565311253070831,-0.0008697509765625,0.0013858936727046967,0.009469264186918736,-0.0006296495557762682,0.9999549388885498
freeform_s0_cross,609,30.449621200561523,5.7779998779296875,5.685901165008545,5.760120391845703,6.591033458709717,5.760120391845703,5.685901165008545,False,14.0,0.08995458483695984,0.11568276584148407,-0.0008710920810699463,0.0013870764523744583,0.009010585024952888,-0.0007781347376294434,0.9999591112136841
freeform_s0_cross,610,30.49962043762207,5.7779998779296875,5.8138322830200195,5.798488616943359,6.607276916503906,5.798488616943359,5.8138322830200195,False,14.0,0.08932510018348694,0.11569669842720032,-0.0008713006973266602,0.001372992992401123,0.008566283620893955,-0.0009235581965185702,0.9999628663063049
freeform_s0_cross,611,30.549619674682617,5.7779998779296875,5.5422821044921875,5.7545061111450195,6.557538032531738,5.7545061111450195,5.5422821044921875,False,14.0,0.08883160352706909,0.11569561064243317,-0.0008625984191894531,0.0014151185750961304,0.008218717761337757,-0.0010384449269622564,0.9999656677246094
freeform_s0_cross,612,30.599618911743164,5.7779998779296875,5.657832145690918,5.6486711502075195,6.6262969970703125,5.6486711502075195,5.657832145690918,False,14.0,0.08843827247619629,0.11567571759223938,-0.0008405745029449463,0.0013749916106462479,0.007939525879919529,-0.0011314882431179285,0.9999678134918213
freeform_s0_cross,613,30.64961814880371,5.7779998779296875,5.611583232879639,5.7270402908325195,6.586660861968994,5.7270402908325195,5.611583232879639,False,14.0,0.08772885799407959,0.11567479372024536,-0.0008423924446105957,0.0013603083789348602,0.007449196185916662,-0.0012964081251993775,0.9999713897705078
freeform_s0_cross,614,30.699617385864258,5.7779998779296875,5.861070156097412,5.900880813598633,6.579264163970947,5.900880813598633,5.861070156097412,False,14.0,0.08682599663734436,0.1157006174325943,-0.0008602738380432129,0.0013388097286224365,0.006840967573225498,-0.0015036296099424362,0.9999754428863525
freeform_s0_cross,615,30.749616622924805,5.7779998779296875,5.7474141120910645,5.728704452514648,6.616615295410156,5.728704452514648,5.7474141120910645,False,14.0,0.08614733815193176,0.11570706963539124,-0.0008688867092132568,0.0013393107801675797,0.006387860979884863,-0.0016600169474259019,0.999978244304657
freeform_s0_cross,616,30.79961585998535,5.7779998779296875,5.8909077644348145,5.892371654510498,6.584604263305664,5.892371654510498,5.8909077644348145,False,14.0,0.08553007245063782,0.115687794983387,-0.0008713901042938232,0.0013478714972734451,0.005975272040814161,-0.001804061932489276,0.9999805092811584
freeform_s0_cross,617,30.8496150970459,5.7779998779296875,5.765444278717041,5.728147983551025,6.6211018562316895,5.728147983551025,5.765444278717041,False,14.0,0.08491525053977966,0.11565738171339035,-0.0008636116981506348,0.0013400595635175705,0.005566834472119808,-0.001948180957697332,0.9999825954437256
freeform_s0_cross,618,30.899614334106445,5.7779998779296875,5.7521748542785645,5.8132758140563965,6.579290866851807,5.8132758140563965,5.7521748542785645,False,14.0,0.0843113362789154,0.11564677208662033,-0.0008648037910461426,0.001362113282084465,0.005175043363124132,-0.002087622880935669,0.9999844431877136
freeform_s0_cross,619,30.949613571166992,5.7779998779296875,5.581303119659424,5.640372276306152,6.621129989624023,5.640372276306152,5.581303119659424,False,14.0,0.08369287848472595,0.11563590168952942,-0.0008601248264312744,0.0013368651270866394,0.004778929054737091,-0.0022299194242805243,0.9999861121177673
freeform_s0_cross,620,30.99961280822754,5.7779998779296875,5.8355488777160645,5.823472023010254,6.601884841918945,5.823472023010254,5.8355488777160645,False,14.0,0.08305522799491882,0.11562959849834442,-0.0008653998374938965,0.0013104472309350967,0.004377067554742098,-0.002375571522861719,0.9999876022338867
freeform_s0_cross,621,31.049612045288086,5.7779998779296875,5.609567165374756,5.59627628326416,6.640320301055908,5.59627628326416,5.609567165374756,False,14.0,0.08240780234336853,0.1156185120344162,-0.0008695423603057861,0.001290859654545784,0.003973628859966993,-0.0025232010520994663,0.9999889135360718
freeform_s0_cross,622,31.099611282348633,5.7779998779296875,5.714621543884277,5.768003463745117,6.598126411437988,5.768003463745117,5.714621543884277,False,14.0,0.08176958560943604,0.11560725420713425,-0.0008800327777862549,0.0012865345925092697,0.003581434953957796,-0.002668015891686082,0.9999900460243225
freeform_s0_cross,623,31.14961051940918,5.7779998779296875,5.885167121887207,5.752032279968262,6.655773639678955,5.752032279968262,5.885167121887207,False,14.0,0.08114376664161682,0.1156226098537445,-0.0008972585201263428,0.0012320391833782196,0.0032081338576972485,-0.0028066139202564955,0.9999909400939941
freeform_s0_cross,624,31.199609756469727,5.7779998779296875,6.4150285720825195,6.063847541809082,6.627355575561523,6.063847541809082,6.4150285720825195,False,14.0,0.08050894737243652,0.11562612652778625,-0.0009100735187530518,0.0012379977852106094,0.0028321563731878996,-0.0029474799521267414,0.9999916553497314
freeform_s0_cross,625,31.249608993530273,5.7779998779296875,6.1258745193481445,6.019179344177246,6.575458526611328,6.019179344177246,6.1258745193481445,False,14.0,0.07986462116241455,0.11567310243844986,-0.0008876919746398926,0.0013190601021051407,0.002465651836246252,-0.003084999043494463,0.9999921917915344
freeform_s0_cross,626,31.29960823059082,5.7779998779296875,4.556878089904785,4.669267654418945,6.772514820098877,4.669267654418945,4.556878089904785,False,14.0,0.0792163610458374,0.11570237576961517,-0.0008668005466461182,0.001275656744837761,0.002098462078720331,-0.0032240115106105804,0.9999926090240479
freeform_s0_cross,627,31.349607467651367,5.7779998779296875,5.701206684112549,6.024867057800293,6.504057884216309,6.024867057800293,5.701206684112549,False,14.0,0.0785042941570282,0.11572220921516418,-0.0009052157402038574,0.0012595336884260178,0.0016988418065011501,-0.003376597771421075,0.999992847442627
freeform_s0_cross,628,31.399606704711914,5.7779998779296875,6.088973522186279,5.871716499328613,6.6678338050842285,5.871716499328613,6.088973522186279,False,14.0,0.07783868908882141,0.11574062705039978,-0.0009211897850036621,0.001177879050374031,0.0013313221279531717,-0.003517865901812911,0.9999929070472717
freeform_s0_cross,629,31.44960594177246,5.7779998779296875,5.272665977478027,5.3846611976623535,6.669821739196777,5.3846611976623535,5.272665977478027,False,14.0,0.07721009850502014,0.11574620008468628,-0.0009404420852661133,0.001190580427646637,0.0009870734065771103,-0.0036512967199087143,0.999992847442627
freeform_s0_cross,630,31.499605178833008,5.7779998779296875,5.735491752624512,5.8167724609375,6.618236541748047,5.8167724609375,5.735491752624512,False,14.0,0.07658341526985168,0.1157461553812027,-0.0009687840938568115,0.0011603161692619324,0.0006478777504526079,-0.003783690743148327,0.9999926090240479
freeform_s0_cross,631,31.549604415893555,5.7779998779296875,5.93329381942749,5.85821533203125,6.649742126464844,5.85821533203125,5.93329381942749,False,14.0,0.07598859071731567,0.1157086193561554,-0.0009780824184417725,0.001134570688009262,0.00032290429226122797,-0.0039123953320086,0.999992311000824
freeform_s0_cross,632,31.5996036529541,5.7779998779296875,5.698378086090088,5.6845245361328125,6.663084030151367,5.6845245361328125,5.698378086090088,False,14.0,0.07537862658500671,0.11567257344722748,-0.0009804368019104004,0.0011321455240249634,-4.859937689616345e-06,-0.004042949061840773,0.9999918341636658
freeform_s0_cross,633,31.64960289001465,5.7779998779296875,5.668160438537598,5.7800679206848145,6.6198930740356445,5.7800679206848145,5.668160438537598,False,14.0,0.07474911212921143,0.11566714942455292,-0.0009913146495819092,0.0011500101536512375,-0.0003313901543151587,-0.004172732122242451,0.999991238117218
freeform_s0_cross,634,31.699602127075195,5.7779998779296875,5.628077507019043,5.614861488342285,6.687900543212891,5.614861488342285,5.628077507019043,False,14.0,0.07411602139472961,0.11565802991390228,-0.0009927451610565186,0.0011011064052581787,-0.0006553013226948678,-0.004302226472645998,0.9999905228614807
freeform_s0_cross,635,31.749601364135742,5.7779998779296875,5.746570587158203,5.780792236328125,6.6438188552856445,5.780792236328125,5.746570587158203,False,14.0,0.07347297668457031,0.11564645171165466,-0.0010022521018981934,0.0010919664055109024,-0.0009794289944693446,-0.004432495217770338,0.9999896883964539
freeform_s0_cross,636,31.79960060119629,5.7779998779296875,6.494662761688232,6.409869194030762,6.553682804107666,6.409869194030762,6.494662761688232,False,14.0,0.07290294766426086,0.11560922861099243,-0.0009908974170684814,0.0011351220309734344,-0.001267584040760994,-0.004549873992800713,0.999988853931427
freeform_s0_cross,637,31.849599838256836,5.7779998779296875,5.622448921203613,5.674769401550293,6.623542308807373,5.674769401550293,5.622448921203613,False,14.0,0.07233670353889465,0.11555521190166473,-0.0009423494338989258,0.0012365933507680893,-0.001552879810333252,-0.004667323548346758,0.9999879002571106
freeform_s0_cross,638,31.899599075317383,5.7779998779296875,5.45930814743042,5.303696632385254,6.744290351867676,5.303696632385254,5.45930814743042,False,14.0,0.07160171866416931,0.1155695840716362,-0.0009115636348724365,0.0011401455849409103,-0.0019005670910701156,-0.004807612858712673,0.9999866485595703
freeform_s0_cross,639,31.94959831237793,5.7779998779296875,5.163296699523926,5.583863258361816,6.561651229858398,5.583863258361816,5.163296699523926,False,14.0,0.0708877444267273,0.11560999602079391,-0.0009171068668365479,0.0011862460523843765,-0.00222692359238863,-0.004938332363963127,0.9999853372573853
freeform_s0_cross,640,31.999597549438477,5.7779998779296875,6.323456764221191,6.180468559265137,6.606618881225586,6.180468559265137,6.323456764221191,False,14.0,0.07018828392028809,0.11570650339126587,-0.0009401142597198486,0.0010962598025798798,-0.0025302099529653788,-0.005056892987340689,0.9999840259552002
freeform_s0_cross,641,32.04960632324219,5.7779998779296875,5.787631034851074,5.5796966552734375,6.717107772827148,5.5796966552734375,5.787631034851074,False,14.0,0.06956756114959717,0.11574133485555649,-0.0009558200836181641,0.0010715201497077942,-0.0028040979523211718,-0.00516647519543767,0.9999827146530151
freeform_s0_cross,642,32.09961700439453,5.7779998779296875,5.499733924865723,5.619511604309082,6.637657642364502,5.619511604309082,5.499733924865723,False,14.0,0.06894788146018982,0.1157555878162384,-0.0009762942790985107,0.0010931678116321564,-0.003076719120144844,-0.005276646930724382,0.9999813437461853
freeform_s0_cross,643,32.149627685546875,5.7779998779296875,5.804194450378418,5.821049213409424,6.635568618774414,5.821049213409424,5.804194450378418,False,14.0,0.06831780076026917,0.11575779318809509,-0.000983893871307373,0.001075897365808487,-0.0033514071255922318,-0.00538836931809783,0.9999798536300659
freeform_s0_cross,644,32.19963836669922,5.7779998779296875,5.874637603759766,5.804819583892822,6.654997825622559,5.804819583892822,5.874637603759766,False,14.0,0.06769642233848572,0.11574993282556534,-0.0009842216968536377,0.0010658465325832367,-0.003619392402470112,-0.005497986916452646,0.9999783635139465
freeform_s0_cross,645,32.24964904785156,5.7779998779296875,5.702325344085693,5.720968723297119,6.646866321563721,5.720968723297119,5.702325344085693,False,14.0,0.0670877993106842,0.11572220921516418,-0.0009794235229492188,0.0010769963264465332,-0.0038807911332696676,-0.005606190767139196,0.9999767541885376
freeform_s0_cross,646,32.299659729003906,5.7779998779296875,5.776051998138428,5.943636894226074,6.566253662109375,5.943636894226074,5.776051998138428,False,14.0,0.0664578378200531,0.11568570137023926,-0.0009612441062927246,0.0011280309408903122,-0.004147887695580721,-0.005717344116419554,0.9999750256538391
freeform_s0_cross,647,32.34967041015625,5.7779998779296875,5.9740214347839355,5.883964538574219,6.632259368896484,5.883964538574219,5.9740214347839355,False,14.0,0.06582590937614441,0.11566175520420074,-0.0009323060512542725,0.001111544668674469,-0.004408849403262138,-0.005825181491672993,0.9999732971191406
freeform_s0_cross,648,32.399681091308594,5.7779998779296875,5.99882173538208,5.879568099975586,6.6434550285339355,5.879568099975586,5.99882173538208,False,14.0,0.06518521904945374,0.11566413938999176,-0.0009340047836303711,0.0010729916393756866,-0.004664268810302019,-0.005928827449679375,0.9999715685844421
freeform_s0_cross,649,32.44969177246094,5.7779998779296875,5.697205066680908,5.708133697509766,6.635418891906738,5.708133697509766,5.697205066680908,False,14.0,0.06454667448997498,0.1156567633152008,-0.0009340047836303711,0.0010887254029512405,-0.004915700759738684,-0.006031309720128775,0.9999697208404541
freeform_s0_cross,650,32.49970245361328,5.7779998779296875,5.782596111297607,5.799407958984375,6.618995666503906,5.799407958984375,5.782596111297607,False,14.0,0.06390920281410217,0.11564445495605469,-0.0009315609931945801,0.0010871123522520065,-0.005162802524864674,-0.006132147274911404,0.9999678730964661
freeform_s0_cross,651,32.549713134765625,5.7779998779296875,6.104637145996094,6.0485453605651855,6.587780952453613,6.0485453605651855,6.104637145996094,False,14.0,0.06335735321044922,0.11560629308223724,-0.0009222924709320068,0.0011027008295059204,-0.005377104040235281,-0.006221511401236057,0.9999662041664124
freeform_s0_cross,652,32.59972381591797,5.7779998779296875,5.798123359680176,5.835972309112549,6.58811092376709,5.835972309112549,5.798123359680176,False,14.0,0.06278955936431885,0.11555902659893036,-0.0009004771709442139,0.0011670980602502823,-0.005594997201114893,-0.00631289929151535,0.9999644160270691
freeform_s0_cross,653,32.64973449707031,5.7779998779296875,5.7511091232299805,5.463522911071777,6.731452941894531,5.463522911071777,5.7511091232299805,False,14.0,0.0619431734085083,0.11567527055740356,-0.0008757710456848145,0.0010800901800394058,-0.0058859302662312984,-0.006419607903808355,0.9999620914459229
freeform_s0_cross,654,32.699745178222656,5.7779998779296875,5.217106342315674,5.426957130432129,6.607204437255859,5.426957130432129,5.217106342315674,False,14.0,0.06126764416694641,0.11572475731372833,-0.0008792877197265625,0.0011333152651786804,-0.006119346711784601,-0.006507817190140486,0.9999601244926453
freeform_s0_cross,655,32.749755859375,5.7779998779296875,5.869449615478516,5.939424514770508,6.571352005004883,5.939424514770508,5.869449615478516,False,14.0,0.06065434217453003,0.1157412976026535,-0.0008890628814697266,0.0011108964681625366,-0.006331174168735743,-0.00658965390175581,0.9999582171440125
freeform_s0_cross,656,32.799766540527344,5.7779998779296875,5.904439449310303,5.808429718017578,6.630884170532227,5.808429718017578,5.904439449310303,False,14.0,0.06002753973007202,0.11574797332286835,-0.0008885562419891357,0.0010897982865571976,-0.006544982083141804,-0.006672524381428957,0.9999563097953796
freeform_s0_cross,657,32.84977722167969,5.7779998779296875,5.631484031677246,5.676782131195068,6.617762565612793,5.676782131195068,5.631484031677246,False,14.0,0.05939507484436035,0.11575080454349518,-0.0008875131607055664,0.0011007096618413925,-0.00675705773755908,-0.006754410453140736,0.999954342842102
freeform_s0_cross,658,32.89978790283203,5.7779998779296875,5.789488792419434,5.813564300537109,6.5999298095703125,5.813564300537109,5.789488792419434,False,14.0,0.05876001715660095,0.11575155705213547,-0.0008878409862518311,0.0010967180132865906,-0.006966067478060722,-0.006834602449089289,0.9999523758888245
freeform_s0_cross,659,32.949798583984375,5.7779998779296875,5.8763041496276855,5.808226585388184,6.618603706359863,5.808226585388184,5.8763041496276855,False,14.0,0.05814170837402344,0.11573528498411179,-0.0008821487426757812,0.0010873954743146896,-0.0071676066145300865,-0.006912922021001577,0.9999504089355469
freeform_s0_cross,660,32.99980926513672,5.7779998779296875,5.72086763381958,5.733451843261719,6.609369277954102,5.733451843261719,5.72086763381958,False,14.0,0.05752715468406677,0.11571183800697327,-0.0008747279644012451,0.0010990072041749954,-0.007364765275269747,-0.006989642046391964,0.9999484419822693
freeform_s0_cross,661,33.04981994628906,5.7779998779296875,5.672259330749512,5.916437149047852,6.501758575439453,5.916437149047852,5.672259330749512,False,14.0,0.05692708492279053,0.11569030582904816,-0.0008469223976135254,0.0012034885585308075,-0.007553247269243002,-0.007062232121825218,0.9999465346336365
freeform_s0_cross,662,33.099830627441406,5.7779998779296875,6.2276129722595215,6.136362075805664,6.547422885894775,6.136362075805664,6.2276129722595215,False,14.0,0.05637061595916748,0.11590850353240967,-0.0008070170879364014,0.0011969450861215591,-0.007698335684835911,-0.0070920479483902454,0.9999452233314514
freeform_s0_cross,663,33.14984130859375,5.7779998779296875,6.721324920654297,5.912432670593262,6.739198684692383,5.912432670593262,6.721324920654297,False,14.0,0.055786311626434326,0.11745321750640869,-0.0007836520671844482,0.0010412726551294327,-0.0077095902524888515,-0.0069153085350990295,0.9999463558197021
freeform_s0_cross,664,33.199851989746094,5.7779998779296875,3.834132194519043,4.31497049331665,6.686328411102295,4.31497049331665,3.834132194519043,False,14.0,0.05572673678398132,0.11960363388061523,-0.0007739663124084473,0.001168999820947647,-0.007505080197006464,-0.006562813650816679,0.9999502897262573
freeform_s0_cross,665,33.24986267089844,5.7779998779296875,5.627509117126465,6.056635856628418,6.439375877380371,6.056635856628418,5.627509117126465,False,14.0,0.05589038133621216,0.12213882058858871,-0.0008096694946289062,0.0011499226093292236,-0.007195806596428156,-0.006086719688028097,0.9999555945396423
freeform_s0_cross,666,33.29987335205078,5.7779998779296875,4.4012651443481445,4.828157424926758,6.651540756225586,4.828157424926758,4.4012651443481445,False,14.0,0.056049227714538574,0.12422041594982147,-0.0007780492305755615,0.001101173460483551,-0.006936739198863506,-0.00566401332616806,0.9999598860740662
freeform_s0_cross,667,33.349884033203125,5.7779998779296875,3.5866026878356934,5.16499137878418,6.3323073387146,5.16499137878418,3.5866026878356934,False,14.0,0.05623883008956909,0.12673689424991608,-0.000783085823059082,0.0012914147228002548,-0.00662853941321373,-0.005118044093251228,0.9999649524688721
freeform_s0_cross,668,33.39989471435547,5.7779998779296875,5.6991143226623535,5.659846305847168,6.633072853088379,5.659846305847168,5.6991143226623535,False,14.0,0.05646872520446777,0.1292644441127777,-0.0007719099521636963,0.0010105352848768234,-0.006309772841632366,-0.004527826327830553,0.9999698400497437
freeform_s0_cross,669,33.44990539550781,5.7779998779296875,4.979635238647461,5.369643688201904,6.557440757751465,5.369643688201904,4.979635238647461,False,14.0,0.05670389533042908,0.13186012208461761,-0.0008253157138824463,0.0010660532861948013,-0.005988326855003834,-0.0038832547143101692,0.9999745488166809
freeform_s0_cross,670,33.499916076660156,5.7779998779296875,5.251478672027588,5.085082054138184,6.755469799041748,5.085082054138184,5.251478672027588,False,14.0,0.0569303035736084,0.13381114602088928,-0.0008013546466827393,0.0009128432720899582,-0.005731317680329084,-0.0033698405604809523,0.9999778866767883
freeform_s0_cross,671,33.5499267578125,5.7779998779296875,5.105515003204346,5.541388511657715,6.524838447570801,5.541388511657715,5.105515003204346,False,14.0,0.05727165937423706,0.13664419949054718,-0.0008980333805084229,0.0010298285633325577,-0.005358609836548567,-0.0025881289038807154,0.9999822974205017
freeform_s0_cross,672,33.599937438964844,5.7779998779296875,6.732794284820557,6.5161027908325195,6.574774265289307,6.5161027908325195,6.732794284820557,False,14.0,0.05779540538787842,0.13941426575183868,-0.0009449422359466553,0.0009045898914337158,-0.004921367391943932,-0.001771995797753334,0.9999862909317017
freeform_s0_cross,673,33.64994812011719,5.7779998779296875,4.111948490142822,4.685761451721191,6.727635383605957,4.685761451721191,4.111948490142822,False,14.0,0.058308035135269165,0.1417350471019745,-0.0009477436542510986,0.0009187310934066772,-0.00452607125043869,-0.001058531692251563,0.9999892115592957
freeform_s0_cross,674,33.69995880126953,5.7779998779296875,7.164200305938721,7.23433256149292,6.41014289855957,7.23433256149292,7.164200305938721,False,14.0,0.05855053663253784,0.1435890793800354,-0.0009536445140838623,0.0008175130933523178,-0.004285141825675964,-0.0004869616241194308,0.999990701675415
freeform_s0_cross,675,33.749969482421875,5.7779998779296875,1.666524052619934,3.116053819656372,6.7238664627075195,3.116053819656372,1.666524052619934,False,14.0,0.05950278043746948,0.14644116163253784,-0.0009480118751525879,0.001149393618106842,-0.003662803675979376,0.0004529869183897972,0.9999932050704956
freeform_s0_cross,676,33.79998016357422,5.7779998779296875,7.212165832519531,6.8964338302612305,6.564334869384766,6.8964338302612305,7.212165832519531,False,14.0,0.06030872464179993,0.14907433092594147,-0.0009676218032836914,0.000856524333357811,-0.0031220214441418648,0.001330294762738049,0.9999942183494568
freeform_s0_cross,677,33.84999084472656,5.7779998779296875,4.436659812927246,4.579792022705078,6.817863464355469,4.579792022705078,4.436659812927246,False,14.0,0.060377031564712524,0.1510736644268036,-0.0008894205093383789,0.0008244160562753677,-0.0029669408686459064,0.001969890668988228,0.9999936819076538
freeform_s0_cross,678,33.900001525878906,5.7779998779296875,7.1080474853515625,7.166171073913574,6.345370292663574,7.166171073913574,7.1080474853515625,False,14.0,0.061651527881622314,0.15357719361782074,-0.0009449422359466553,0.0008995942771434784,-0.002225111471489072,0.0028457706794142723,0.9999935030937195
freeform_s0_cross,679,33.95001220703125,5.7779998779296875,5.325954437255859,5.234134674072266,6.729096412658691,5.234134674072266,5.325954437255859,False,14.0,0.06347957253456116,0.15587133169174194,-0.0009396076202392578,0.0009977798908948898,-0.001224220497533679,0.0036768841091543436,0.9999924898147583
freeform_s0_cross,680,34.000022888183594,5.7779998779296875,6.052517414093018,6.028532028198242,6.593630790710449,6.028532028198242,6.052517414093018,False,14.0,0.06516489386558533,0.1578538864850998,-0.0009484589099884033,0.000980515033006668,-0.0002983708109240979,0.004386131186038256,0.9999903440475464
freeform_s0_cross,681,34.05003356933594,5.7779998779296875,5.5450520515441895,5.961710453033447,6.500519275665283,5.961710453033447,5.5450520515441895,False,14.0,0.06680673360824585,0.1590912938117981,-0.0009617209434509277,0.0011202972382307053,0.0005816561751998961,0.004843288566917181,0.9999880790710449
freeform_s0_cross,682,34.10004425048828,5.7779998779296875,6.292703628540039,6.016674995422363,6.675649642944336,6.016674995422363,6.292703628540039,False,14.0,0.06781783699989319,0.15955542027950287,-0.0009626448154449463,0.00101546011865139,0.001117786392569542,0.005025853402912617,0.9999867677688599
freeform_s0_cross,683,34.150054931640625,5.7779998779296875,5.56873083114624,5.6114420890808105,6.650404453277588,5.6114420890808105,5.56873083114624,False,14.0,0.06857147812843323,0.15973618626594543,-0.0009640753269195557,0.0010591968894004822,0.0015150095568969846,0.00510860001668334,0.9999858140945435
freeform_s0_cross,684,34.20006561279297,5.7779998779296875,5.0666680335998535,5.155824661254883,6.743697166442871,5.155824661254883,5.0666680335998535,False,14.0,0.06904304027557373,0.1598113775253296,-0.0009593069553375244,0.0009656194597482681,0.001764009241014719,0.005147929769009352,0.9999852180480957
freeform_s0_cross,685,34.25007629394531,5.7779998779296875,5.822783946990967,6.245763778686523,6.421601295471191,6.245763778686523,5.822783946990967,False,14.0,0.06958922743797302,0.1598571389913559,-0.0009706318378448486,0.0011275187134742737,0.0020528065506368876,0.00518018938601017,0.9999845027923584
freeform_s0_cross,686,34.300086975097656,5.7779998779296875,5.893148422241211,5.7679009437561035,6.664897918701172,5.7679009437561035,5.893148422241211,False,14.0,0.07028016448020935,0.15987201035022736,-0.0009471476078033447,0.0011093057692050934,0.0024195893201977015,0.005207025445997715,0.9999834895133972
freeform_s0_cross,687,34.35009765625,5.7779998779296875,5.749570369720459,5.764527320861816,6.632493019104004,5.764527320861816,5.749570369720459,False,14.0,0.07114666700363159,0.15985262393951416,-0.0009455382823944092,0.0011005382984876633,0.0028829912189394236,0.005227924324572086,0.9999821782112122
freeform_s0_cross,688,34.400108337402344,5.7779998779296875,5.823309421539307,5.797021865844727,6.635728359222412,5.797021865844727,5.823309421539307,False,14.0,0.07181000709533691,0.159849151968956,-0.0009482502937316895,0.0010904762893915176,0.0032415566965937614,0.005246355198323727,0.9999809861183167
freeform_s0_cross,689,34.45011901855469,5.7779998779296875,5.7369303703308105,5.756710052490234,6.632131576538086,5.756710052490234,5.7369303703308105,False,14.0,0.07244500517845154,0.15984803438186646,-0.0009520053863525391,0.0010969042778015137,0.0035876452457159758,0.005263808183372021,0.9999797344207764
freeform_s0_cross,690,34.50012969970703,5.7779998779296875,5.778696060180664,5.79782247543335,6.624180793762207,5.79782247543335,5.778696060180664,False,14.0,0.07308131456375122,0.15983900427818298,-0.0009540021419525146,0.0011076759546995163,0.003936948254704475,0.005278118886053562,0.9999783039093018
freeform_s0_cross,691,34.550140380859375,5.7779998779296875,5.836557388305664,5.793313026428223,6.639456748962402,5.793313026428223,5.836557388305664,False,14.0,0.07372897863388062,0.15984280407428741,-0.0009531974792480469,0.0011045187711715698,0.004295587074011564,0.005295577459037304,0.9999767541885376
freeform_s0_cross,692,34.60015106201172,5.7779998779296875,5.76389217376709,5.777976989746094,6.627810478210449,5.777976989746094,5.76389217376709,False,14.0,0.07436537742614746,0.15984652936458588,-0.0009526312351226807,0.0011184364557266235,0.00465066684409976,0.005311778746545315,0.9999750852584839
freeform_s0_cross,693,34.65016174316406,5.7779998779296875,5.782963752746582,5.784168243408203,6.630663871765137,5.784168243408203,5.782963752746582,False,14.0,0.07499384880065918,0.1598452627658844,-0.0009528100490570068,0.0011234953999519348,0.005003803875297308,0.005325409583747387,0.9999732971191406
freeform_s0_cross,694,34.700172424316406,5.7779998779296875,5.728984355926514,5.769331932067871,6.626303672790527,5.769331932067871,5.728984355926514,False,14.0,0.07562917470932007,0.1598442643880844,-0.0009527802467346191,0.0011313706636428833,0.0053634075447916985,0.0053382981568574905,0.9999713897705078
freeform_s0_cross,695,34.75018310546875,5.7779998779296875,5.823171615600586,5.821469783782959,6.626747131347656,5.821469783782959,5.823171615600586,False,14.0,0.07626810669898987,0.15984272956848145,-0.0009547770023345947,0.0011322367936372757,0.005727667827159166,0.005350095685571432,0.9999693036079407
freeform_s0_cross,696,34.800193786621094,5.7779998779296875,5.833864688873291,5.832826137542725,6.623560905456543,5.832826137542725,5.833864688873291,False,14.0,0.07690438628196716,0.1598418802022934,-0.0009540021419525146,0.001143127679824829,0.006093026604503393,0.005360993091017008,0.9999670386314392
freeform_s0_cross,697,34.85020446777344,5.7779998779296875,5.8133463859558105,5.803802490234375,6.629027366638184,5.803802490234375,5.8133463859558105,False,14.0,0.07754144072532654,0.15984134376049042,-0.0009508430957794189,0.0011519528925418854,0.00646141218021512,0.00537091726437211,0.999964714050293
freeform_s0_cross,698,34.90021514892578,5.7779998779296875,5.7371907234191895,5.734320640563965,6.638136863708496,5.734320640563965,5.7371907234191895,False,14.0,0.07816800475120544,0.15987814962863922,-0.0009439289569854736,0.0011536087840795517,0.006826717872172594,0.005389789119362831,0.9999621510505676
freeform_s0_cross,699,34.950225830078125,5.7779998779296875,5.281805992126465,5.543064594268799,6.623590469360352,5.543064594268799,5.281805992126465,False,14.0,0.07878386974334717,0.15990722179412842,-0.0009397566318511963,0.0011557266116142273,0.007187964394688606,0.005405148956924677,0.9999595284461975
freeform_s0_cross,700,35.00023651123047,5.7779998779296875,5.8712897300720215,5.92388916015625,6.594418048858643,5.92388916015625,5.8712897300720215,False,14.0,0.07939422130584717,0.159927099943161,-0.0009445846080780029,0.0011471975594758987,0.0075481063686311245,0.005416742525994778,0.9999568462371826
freeform_s0_cross,701,35.05024719238281,5.7779998779296875,6.216854095458984,6.160195350646973,6.575772762298584,6.160195350646973,6.216854095458984,False,14.0,0.08006522059440613,0.15990020334720612,-0.0009457767009735107,0.0011802911758422852,0.007946234196424484,0.005415185354650021,0.9999537467956543
freeform_s0_cross,702,35.100257873535156,5.7779998779296875,5.8543267250061035,5.741608619689941,6.657660484313965,5.741608619689941,5.8543267250061035,False,14.0,0.08073514699935913,0.1598636656999588,-0.0009350180625915527,0.0011890623718500137,0.008346515707671642,0.0054098935797810555,0.9999505281448364
freeform_s0_cross,703,35.1502685546875,5.7779998779296875,5.625731468200684,5.718581676483154,6.60128927230835,5.718581676483154,5.625731468200684,False,14.0,0.08136957883834839,0.15985490381717682,-0.0009175539016723633,0.0012419912964105606,0.00872831791639328,0.005410477053374052,0.9999472498893738
freeform_s0_cross,704,35.200279235839844,5.7779998779296875,5.4903459548950195,5.596716403961182,6.624890327453613,5.596716403961182,5.4903459548950195,False,14.0,0.08200874924659729,0.15984848141670227,-0.0009066760540008545,0.0012370049953460693,0.009115449152886868,0.005410426761955023,0.9999437928199768
freeform_s0_cross,705,35.25028991699219,5.7779998779296875,5.818994998931885,5.860740661621094,6.597209930419922,5.860740661621094,5.818994998931885,False,14.0,0.08264398574829102,0.15984447300434113,-0.0009151101112365723,0.0012313686311244965,0.009502625092864037,0.005409684497863054,0.9999402165412903
freeform_s0_cross,706,35.30030059814453,5.7779998779296875,5.793135166168213,5.923479080200195,6.557402610778809,5.923479080200195,5.793135166168213,False,14.0,0.08327972888946533,0.15983718633651733,-0.0009035468101501465,0.0012818053364753723,0.009892510250210762,0.005406791344285011,0.9999364614486694
freeform_s0_cross,707,35.350311279296875,5.7779998779296875,5.959111213684082,5.898639678955078,6.602520942687988,5.898639678955078,5.959111213684082,False,14.0,0.08392059803009033,0.15983417630195618,-0.0008825361728668213,0.0012818332761526108,0.010287929326295853,0.005403576884418726,0.9999324679374695
freeform_s0_cross,708,35.40032196044922,5.7779998779296875,6.1095147132873535,5.913509368896484,6.654604911804199,5.913509368896484,6.1095147132873535,False,14.0,0.08457192778587341,0.15983347594738007,-0.0009124577045440674,0.0011953264474868774,0.01069222018122673,0.005399417132139206,0.9999282360076904
freeform_s0_cross,709,35.45033264160156,5.7779998779296875,6.1096343994140625,5.971536636352539,6.614272117614746,5.971536636352539,6.1096343994140625,False,14.0,0.0851975679397583,0.15983173251152039,-0.0009301602840423584,0.0012290608137845993,0.011082850396633148,0.005393728613853455,0.9999240636825562
freeform_s0_cross,710,35.500343322753906,5.7779998779296875,5.730040073394775,5.7268829345703125,6.625330448150635,5.7268829345703125,5.730040073394775,False,14.0,0.08583393692970276,0.15982715785503387,-0.0009197592735290527,0.0012661162763834,0.011482477188110352,0.00538581283763051,0.999919593334198
freeform_s0_cross,711,35.55035400390625,5.7779998779296875,5.725505352020264,5.799787521362305,6.591445446014404,5.799787521362305,5.725505352020264,False,14.0,0.08641290664672852,0.15982037782669067,-0.0008977353572845459,0.0012892987579107285,0.011848066002130508,0.0053767054341733456,0.999915361404419
freeform_s0_cross,712,35.600364685058594,5.7779998779296875,5.876157760620117,5.859158039093018,6.596129417419434,5.859158039093018,5.876157760620117,False,14.0,0.08700564503669739,0.15982435643672943,-0.0008743405342102051,0.0012918245047330856,0.012224104255437851,0.005368590820580721,0.9999108910560608
freeform_s0_cross,713,35.65037536621094,5.7779998779296875,5.590080738067627,5.7957377433776855,6.5391435623168945,5.7957377433776855,5.590080738067627,False,14.0,0.08770343661308289,0.15983235836029053,-0.0008587539196014404,0.0013785697519779205,0.012669133022427559,0.005357982125133276,0.9999054074287415
freeform_s0_cross,714,35.70038604736328,5.7779998779296875,5.9427032470703125,5.898735523223877,6.586254596710205,5.898735523223877,5.9427032470703125,False,14.0,0.08837312459945679,0.15983308851718903,-0.0008420050144195557,0.0013620425015687943,0.013098780065774918,0.005344370845705271,0.9998999238014221
freeform_s0_cross,715,35.750396728515625,5.7779998779296875,5.800692081451416,5.78900146484375,6.588089942932129,5.78900146484375,5.800692081451416,False,14.0,0.08901908993721008,0.1598333865404129,-0.0008301734924316406,0.0013830643147230148,0.013515431433916092,0.005329409148544073,0.9998944401741028
freeform_s0_cross,716,35.80040740966797,5.7779998779296875,5.776278495788574,5.766717433929443,6.590839862823486,5.766717433929443,5.776278495788574,False,14.0,0.08965715765953064,0.1598365604877472,-0.0008247494697570801,0.00138898566365242,0.013929006643593311,0.005313532892614603,0.9998888969421387
freeform_s0_cross,717,35.85041809082031,5.7779998779296875,5.7928242683410645,5.810575485229492,6.575850486755371,5.810575485229492,5.7928242683410645,False,14.0,0.09029188752174377,0.1598389893770218,-0.0008220374584197998,0.0014023035764694214,0.01434245053678751,0.005295844748616219,0.9998831152915955
freeform_s0_cross,718,35.900428771972656,5.7779998779296875,5.858450412750244,5.848691463470459,6.576939582824707,5.848691463470459,5.858450412750244,False,14.0,0.09092548489570618,0.15984050929546356,-0.0008211135864257812,0.0014063753187656403,0.014757148921489716,0.005276243202388287,0.9998772144317627
freeform_s0_cross,719,35.950439453125,5.7779998779296875,5.939685821533203,5.899444103240967,6.571010589599609,5.899444103240967,5.939685821533203,False,14.0,0.09156259894371033,0.15983964502811432,-0.0008157491683959961,0.0014229975640773773,0.015176170505583286,0.005254254676401615,0.999871015548706
freeform_s0_cross,720,36.000450134277344,5.7779998779296875,5.814307689666748,5.800236225128174,6.57729959487915,5.800236225128174,5.814307689666748,False,14.0,0.09220287203788757,0.1598384529352188,-0.0008032023906707764,0.0014437995851039886,0.015599203296005726,0.005230266135185957,0.9998646378517151
freeform_s0_cross,721,36.05046081542969,5.7779998779296875,5.781731128692627,5.872199058532715,6.533908843994141,5.872199058532715,5.781731128692627,False,14.0,0.09285810589790344,0.15981808304786682,-0.0007864534854888916,0.0014865454286336899,0.01603485830128193,0.005200098268687725,0.9998579025268555
freeform_s0_cross,722,36.10047149658203,5.7779998779296875,5.922321319580078,5.88277530670166,6.558835506439209,5.88277530670166,5.922321319580078,False,14.0,0.09350582957267761,0.15980732440948486,-0.0007659792900085449,0.0014907978475093842,0.01646709069609642,0.005170261487364769,0.9998510479927063
freeform_s0_cross,723,36.150482177734375,5.7779998779296875,6.02092170715332,5.872066974639893,6.5986552238464355,5.872066974639893,6.02092170715332,False,14.0,0.09413167834281921,0.15982432663440704,-0.0007803738117218018,0.0014395080506801605,0.01688520237803459,0.005144694820046425,0.9998441934585571
freeform_s0_cross,724,36.20049285888672,5.7779998779296875,5.405406475067139,5.387544631958008,6.636081695556641,5.387544631958008,5.405406475067139,False,14.0,0.0947866439819336,0.15982770919799805,-0.0007889866828918457,0.001442454755306244,0.01732511818408966,0.005113185849040747,0.9998368620872498
freeform_s0_cross,725,36.25050354003906,5.7779998779296875,5.620546340942383,5.771361351013184,6.544707298278809,5.771361351013184,5.620546340942383,False,14.0,0.09543552994728088,0.15982821583747864,-0.000806659460067749,0.001462707296013832,0.017762769013643265,0.005079386755824089,0.9998293519020081
freeform_s0_cross,726,36.300514221191406,5.7779998779296875,5.790712356567383,5.691057205200195,6.631923198699951,5.691057205200195,5.790712356567383,False,14.0,0.0960814356803894,0.1598183661699295,-0.0008260011672973633,0.0014096572995185852,0.0182005874812603,0.005041908472776413,0.999821662902832
freeform_s0_cross,727,36.35052490234375,5.7779998779296875,5.696990966796875,5.735323429107666,6.5938215255737305,5.735323429107666,5.696990966796875,False,14.0,0.09671813249588013,0.15980957448482513,-0.0008495151996612549,0.0014173202216625214,0.018633658066391945,0.005003165919333696,0.9998138546943665
freeform_s0_cross,728,36.400535583496094,5.7779998779296875,5.8485307693481445,5.830024719238281,6.599836349487305,5.830024719238281,5.8485307693481445,False,14.0,0.09735184907913208,0.15980491042137146,-0.0008657276630401611,0.001403074711561203,0.019065888598561287,0.004963309038430452,0.9998059272766113
freeform_s0_cross,729,36.45054626464844,5.7779998779296875,6.455939769744873,6.361664295196533,6.525367259979248,6.361664295196533,6.455939769744873,False,14.0,0.09795641899108887,0.15981778502464294,-0.0008685588836669922,0.0014437902718782425,0.019478341564536095,0.004926135763525963,0.9997981190681458
freeform_s0_cross,730,36.50055694580078,5.7779998779296875,5.891332149505615,5.791092872619629,6.60479736328125,5.791092872619629,5.891332149505615,False,14.0,0.09857630729675293,0.15983490645885468,-0.0008271336555480957,0.0014886017888784409,0.019902050495147705,0.004886535461992025,0.9997900128364563
freeform_s0_cross,731,36.550567626953125,5.7779998779296875,5.976670742034912,5.971807479858398,6.540871620178223,5.971807479858398,5.976670742034912,False,14.0,0.09920454025268555,0.1598365604877472,-0.0007981359958648682,0.0015351176261901855,0.02033361792564392,0.004841857124119997,0.9997815489768982
freeform_s0_cross,732,36.60057830810547,5.7779998779296875,5.867151737213135,5.842291831970215,6.559532165527344,5.842291831970215,5.867151737213135,False,14.0,0.09984752535820007,0.1598357856273651,-0.0007691383361816406,0.0015657972544431686,0.020776575431227684,0.004793591797351837,0.9997726678848267
freeform_s0_cross,733,36.65058898925781,5.7779998779296875,5.7240705490112305,5.754123687744141,6.549338340759277,5.754123687744141,5.7240705490112305,False,14.0,0.10049548745155334,0.15984433889389038,-0.0007411837577819824,0.0016108881682157516,0.021223224699497223,0.0047440119087696075,0.9997634887695312
freeform_s0_cross,734,36.700599670410156,5.7779998779296875,5.851667881011963,5.877959251403809,6.525598526000977,5.877959251403809,5.851667881011963,False,14.0,0.1011311411857605,0.15984703600406647,-0.0007188618183135986,0.0016325656324625015,0.02166268602013588,0.004692320246249437,0.9997543096542358
freeform_s0_cross,735,36.7506103515625,5.7779998779296875,5.871078968048096,5.855694770812988,6.531791687011719,5.855694770812988,5.871078968048096,False,14.0,0.10176810622215271,0.15984804928302765,-0.0006983578205108643,0.0016521178185939789,0.02210395038127899,0.004638060461729765,0.9997448921203613
freeform_s0_cross,736,36.800621032714844,5.7779998779296875,5.958373546600342,5.764044761657715,6.591080665588379,5.764044761657715,5.958373546600342,False,14.0,0.10241848230361938,0.15984751284122467,-0.0006898939609527588,0.0016173366457223892,0.022555319592356682,0.004580142442137003,0.9997351169586182
freeform_s0_cross,737,36.85063171386719,5.7779998779296875,5.667394161224365,5.737525939941406,6.526759147644043,5.737525939941406,5.667394161224365,False,14.0,0.10305505990982056,0.15984588861465454,-0.0006934106349945068,0.001659812405705452,0.022997768595814705,0.004521047696471214,0.9997252821922302
freeform_s0_cross,738,36.90064239501953,5.7779998779296875,5.569119930267334,5.6729230880737305,6.510026931762695,5.6729230880737305,5.569119930267334,False,14.0,0.10367089509963989,0.15985873341560364,-0.0006577968597412109,0.0017390493303537369,0.02342480607330799,0.004463371820747852,0.9997156262397766
freeform_s0_cross,739,36.950653076171875,5.7779998779296875,5.998886585235596,6.014137268066406,6.470339775085449,6.014137268066406,5.998886585235596,False,14.0,0.10431215167045593,0.15984287858009338,-0.0006256401538848877,0.0017660148441791534,0.023872636258602142,0.004397725220769644,0.9997053146362305
freeform_s0_cross,740,37.00066375732422,5.7779998779296875,5.890556812286377,5.844359874725342,6.502166748046875,5.844359874725342,5.890556812286377,False,14.0,0.10496604442596436,0.15982241928577423,-0.0005898475646972656,0.0017925165593624115,0.024330032989382744,0.004328103736042976,0.9996945858001709
freeform_s0_cross,741,37.05067443847656,5.7779998779296875,5.763949394226074,5.689753532409668,6.532440185546875,5.689753532409668,5.763949394226074,False,14.0,0.10561618208885193,0.15982955694198608,-0.0005752742290496826,0.0017865151166915894,0.024782003834843636,0.004259363282471895,0.9996837973594666
freeform_s0_cross,742,37.100685119628906,5.7779998779296875,5.7654619216918945,5.817770957946777,6.477629661560059,5.817770957946777,5.7654619216918945,False,14.0,0.10625040531158447,0.15983688831329346,-0.0005736052989959717,0.0018121656030416489,0.02522270195186138,0.004189921077340841,0.999673068523407
freeform_s0_cross,743,37.15069580078125,5.7779998779296875,5.911172866821289,5.8954176902771,6.4818010330200195,5.8954176902771,5.911172866821289,False,14.0,0.10689133405685425,0.15984956920146942,-0.0005685389041900635,0.0018164180219173431,0.025667130947113037,0.004117761738598347,0.9996620416641235
freeform_s0_cross,744,37.200706481933594,5.7779998779296875,6.071453094482422,6.02058219909668,6.462055206298828,6.02058219909668,6.071453094482422,False,14.0,0.10752102732658386,0.1598512977361679,-0.000558316707611084,0.001848522573709488,0.026104552671313286,0.004043528810143471,0.9996510148048401
freeform_s0_cross,745,37.25071716308594,5.7779998779296875,5.841002464294434,5.809261798858643,6.484292984008789,5.809261798858643,5.841002464294434,False,14.0,0.10815605521202087,0.15985125303268433,-0.0005341172218322754,0.0018803644925355911,0.026545317843556404,0.003966168034821749,0.9996397495269775
freeform_s0_cross,746,37.30072784423828,5.7779998779296875,5.787365913391113,5.714315891265869,6.5097270011901855,5.714315891265869,5.787365913391113,False,14.0,0.1087881326675415,0.15985049307346344,-0.0005236268043518066,0.0018728431314229965,0.02698339894413948,0.0038867720868438482,0.9996283054351807
freeform_s0_cross,747,37.350738525390625,5.7779998779296875,5.7754974365234375,5.822724342346191,6.459634304046631,5.822724342346191,5.7754974365234375,False,14.0,0.1094190776348114,0.15984979271888733,-0.0005223453044891357,0.001900605857372284,0.0274198018014431,0.0038051919545978308,0.9996167421340942
freeform_s0_cross,748,37.40074920654297,5.7779998779296875,5.992608070373535,5.948703765869141,6.467432022094727,5.948703765869141,5.992608070373535,False,14.0,0.11005941033363342,0.15983925759792328,-0.0005245506763458252,0.001882823184132576,0.02786293812096119,0.00371942319907248,0.9996048212051392
freeform_s0_cross,749,37.45075988769531,5.7779998779296875,6.1823410987854,5.971030235290527,6.482402801513672,5.971030235290527,6.1823410987854,False,14.0,0.11070054769515991,0.1598326563835144,-0.0005174577236175537,0.0019042827188968658,0.028304878622293472,0.0036314623430371284,0.9995927214622498
freeform_s0_cross,750,37.500770568847656,5.7779998779296875,5.855860233306885,5.814538955688477,6.464515686035156,5.814538955688477,5.855860233306885,False,14.0,0.11134523153305054,0.15982197225093842,-0.000496983528137207,0.0019537750631570816,0.028748398646712303,0.0035404537338763475,0.9995803833007812
freeform_s0_cross,751,37.55078125,5.7779998779296875,5.903486251831055,5.848608016967773,6.467010974884033,5.848608016967773,5.903486251831055,False,14.0,0.11199134588241577,0.15980973839759827,-0.00048148632049560547,0.001956269145011902,0.029191501438617706,0.0034468474332243204,0.9995678663253784
freeform_s0_cross,752,37.600791931152344,5.7779998779296875,5.803837299346924,5.816130638122559,6.450437545776367,5.816130638122559,5.803837299346924,False,14.0,0.11263477802276611,0.15980061888694763,-0.00046944618225097656,0.0019850246608257294,0.029630493372678757,0.00335144461132586,0.9995552897453308
freeform_s0_cross,753,37.65080261230469,5.7779998779296875,5.989694118499756,5.886349678039551,6.477541923522949,5.886349678039551,5.989694118499756,False,14.0,0.11326864361763,0.15981660783290863,-0.0004776120185852051,0.0019432250410318375,0.030057135969400406,0.003255960065871477,0.9995428919792175
freeform_s0_cross,754,37.70081329345703,5.7779998779296875,6.69944953918457,6.568970680236816,6.353965759277344,6.568970680236816,6.69944953918457,False,14.0,0.11387589573860168,0.15983113646507263,-0.0004731416702270508,0.0020213499665260315,0.030463755130767822,0.0031620825175195932,0.9995308518409729
freeform_s0_cross,755,37.750823974609375,5.7779998779296875,6.019546985626221,5.837189674377441,6.469013690948486,5.837189674377441,6.019546985626221,False,14.0,0.11451086401939392,0.15984492003917694,-0.0004111826419830322,0.002072695642709732,0.030886618420481682,0.0030614137649536133,0.9995182156562805
freeform_s0_cross,756,37.80083465576172,5.7779998779296875,5.694382190704346,5.675490379333496,6.448539733886719,5.675490379333496,5.694382190704346,False,14.0,0.11516642570495605,0.1598414033651352,-0.00038054585456848145,0.0021045152097940445,0.03132316842675209,0.002954604336991906,0.9995049238204956
freeform_s0_cross,757,37.85084533691406,5.7779998779296875,5.834534168243408,5.880037307739258,6.395877838134766,5.880037307739258,5.834534168243408,False,14.0,0.11580720543861389,0.15983834862709045,-0.00036522746086120605,0.0021299999207258224,0.03174680471420288,0.002847838681191206,0.9994918704032898
freeform_s0_cross,758,37.900856018066406,5.7779998779296875,5.9563889503479,5.859057426452637,6.443145751953125,5.859057426452637,5.9563889503479,False,14.0,0.11647003889083862,0.1598108559846878,-0.0003694891929626465,0.0020934585481882095,0.03218581900000572,0.002734917448833585,0.9994781613349915
freeform_s0_cross,759,37.95086669921875,5.7779998779296875,6.218639850616455,6.114157676696777,6.385763168334961,6.114157676696777,6.218639850616455,False,14.0,0.11709684133529663,0.15980958938598633,-0.0003662407398223877,0.002137584611773491,0.03259338065981865,0.002626016503199935,0.9994652271270752
freeform_s0_cross,760,38.000877380371094,5.7779998779296875,5.803318500518799,5.785823822021484,6.411059856414795,5.785823822021484,5.803318500518799,False,14.0,0.11772322654724121,0.15982617437839508,-0.0003319680690765381,0.0021924953907728195,0.03299390524625778,0.002514774212613702,0.9994524121284485
freeform_s0_cross,761,38.05088806152344,5.7779998779296875,5.822160720825195,5.612579345703125,6.494734287261963,5.612579345703125,5.822160720825195,False,14.0,0.11837783455848694,0.15981797873973846,-0.0003224611282348633,0.002133062109351158,0.03341292217373848,0.0023963761050254107,0.9994387626647949
freeform_s0_cross,762,38.10089874267578,5.7779998779296875,5.69822359085083,5.791683673858643,6.3869781494140625,5.791683673858643,5.69822359085083,False,14.0,0.11900931596755981,0.15980565547943115,-0.00033867359161376953,0.0021759793162345886,0.03381378948688507,0.0022800888400524855,0.9994255304336548
freeform_s0_cross,763,38.150909423828125,5.7779998779296875,5.767337322235107,5.796616554260254,6.396873474121094,5.796616554260254,5.767337322235107,False,14.0,0.11964312195777893,0.15980447828769684,-0.0003228187561035156,0.0022122077643871307,0.034209657460451126,0.0021609701216220856,0.9994123578071594
freeform_s0_cross,764,38.20092010498047,5.7779998779296875,6.05205774307251,6.106568336486816,6.341577053070068,6.106568336486816,6.05205774307251,False,14.0,0.12026777863502502,0.15982003509998322,-0.00030601024627685547,0.002250276505947113,0.03459198400378227,0.0020408283453434706,0.9993994235992432
freeform_s0_cross,765,38.25093078613281,5.7779998779296875,5.981994152069092,5.893731117248535,6.393815994262695,5.893731117248535,5.981994152069092,False,14.0,0.12089958786964417,0.15983746945858002,-0.00027242302894592285,0.0022673271596431732,0.03497331961989403,0.001916889799758792,0.9993864297866821
freeform_s0_cross,766,38.300941467285156,5.7779998779296875,6.236911773681641,6.617612361907959,6.126667499542236,6.617612361907959,6.236911773681641,False,14.0,0.12153172492980957,0.15982750058174133,-0.0001946091651916504,0.002465374767780304,0.035354986786842346,0.001791846239939332,0.999373197555542
freeform_s0_cross,767,38.3509521484375,5.7779998779296875,6.517800807952881,6.203009605407715,6.33409309387207,6.203009605407715,6.517800807952881,False,14.0,0.12219822406768799,0.15982401371002197,-9.658932685852051e-05,0.002472454681992531,0.03575006127357483,0.0016574650071561337,0.9993593692779541
freeform_s0_cross,768,38.400962829589844,5.7779998779296875,6.1612067222595215,6.233268737792969,6.23101806640625,6.233268737792969,6.1612067222595215,False,14.0,0.12286585569381714,0.1598186492919922,-5.9604644775390625e-05,0.0025130324065685272,0.03613973781466484,0.0015206949319690466,0.999345600605011
freeform_s0_cross,769,38.45097351074219,5.7779998779296875,7.338934421539307,6.892535209655762,6.211431980133057,6.892535209655762,7.338934421539307,False,14.0,0.12348711490631104,0.159818634390831,-1.749396324157715e-05,0.0025629550218582153,0.036495208740234375,0.0013910955749452114,0.999332845211029
freeform_s0_cross,770,38.50098419189453,5.7779998779296875,5.9398016929626465,5.679601669311523,6.347699165344238,5.679601669311523,5.9398016929626465,False,14.0,0.12413111329078674,0.15983650088310242,5.59687614440918e-05,0.002630142495036125,0.03685333952307701,0.001253362512215972,0.9993199110031128
freeform_s0_cross,771,38.550994873046875,5.7779998779296875,6.016725063323975,5.787942886352539,6.30888557434082,5.787942886352539,6.016725063323975,False,14.0,0.12477287650108337,0.15983432531356812,8.744001388549805e-05,0.002642747014760971,0.03720749914646149,0.001115448889322579,0.9993069171905518
freeform_s0_cross,772,38.60100555419922,5.7779998779296875,5.593270778656006,5.664135932922363,6.255599021911621,5.664135932922363,5.593270778656006,False,14.0,0.12541520595550537,0.15982595086097717,0.00010651350021362305,0.002700548619031906,0.03755610063672066,0.0009759807726368308,0.9992940425872803
freeform_s0_cross,773,38.65101623535156,5.7779998779296875,6.011756896972656,6.037923812866211,6.211844444274902,6.037923812866211,6.011756896972656,False,14.0,0.12605255842208862,0.15982425212860107,0.00011566281318664551,0.002695174887776375,0.03789310157299042,0.0008351365104317665,0.9992814660072327
freeform_s0_cross,774,38.701026916503906,5.7779998779296875,6.972469806671143,6.808424949645996,6.118259906768799,6.808424949645996,6.972469806671143,False,14.0,0.12666761875152588,0.15982897579669952,0.00013399124145507812,0.002766245976090431,0.03820952773094177,0.0006968026282265782,0.9992694854736328
freeform_s0_cross,775,38.75103759765625,5.7779998779296875,6.024797439575195,5.7459869384765625,6.298446178436279,5.7459869384765625,6.024797439575195,False,14.0,0.12731051445007324,0.15984435379505157,0.00019338726997375488,0.002793140709400177,0.03852981701493263,0.0005491793854162097,0.9992573261260986
freeform_s0_cross,776,38.801048278808594,5.7779998779296875,5.924622058868408,5.607032299041748,6.326014995574951,5.607032299041748,5.924622058868408,False,14.0,0.12796252965927124,0.15983106195926666,0.00020384788513183594,0.0027575846761465073,0.0388525053858757,0.00040067845839075744,0.9992448687553406
freeform_s0_cross,777,38.85105895996094,5.7779998779296875,5.428073406219482,5.612072944641113,6.2070441246032715,5.612072944641113,5.428073406219482,False,14.0,0.12860187888145447,0.1598162055015564,0.0001970827579498291,0.002822933718562126,0.039160553365945816,0.0002536775136832148,0.9992328882217407
freeform_s0_cross,778,38.90106964111328,5.7779998779296875,5.5528883934021,5.760969161987305,6.169724464416504,5.760969161987305,5.5528883934021,False,14.0,0.12924867868423462,0.15980398654937744,0.00022223591804504395,0.0028786491602659225,0.03946232795715332,0.00010306263720849529,0.9992210268974304
freeform_s0_cross,779,38.951080322265625,5.7779998779296875,4.877394676208496,5.258833408355713,6.2379302978515625,5.258833408355713,4.877394676208496,False,14.0,0.12990456819534302,0.15979768335819244,0.00022229552268981934,0.002862248569726944,0.039757080376148224,-5.205984052736312e-05,0.9992093443870544
freeform_s0_cross,780,39.00109100341797,5.7779998779296875,6.164410591125488,6.024047374725342,6.246784687042236,6.024047374725342,6.164410591125488,False,14.0,0.13053655624389648,0.15979506075382233,0.0001672208309173584,0.0027339234948158264,0.040030546486377716,-0.00020354028674773872,0.9991984367370605
freeform_s0_cross,781,39.05110168457031,5.7779998779296875,6.246836185455322,6.332364082336426,6.110768795013428,6.332364082336426,6.246836185455322,False,14.0,0.13115650415420532,0.15979692339897156,0.00017368793487548828,0.002858571708202362,0.040288135409355164,-0.0003542385820765048,0.9991880655288696
freeform_s0_cross,782,39.101112365722656,5.7779998779296875,6.019603729248047,5.8485517501831055,6.248713970184326,5.8485517501831055,6.019603729248047,False,14.0,0.13180941343307495,0.15979866683483124,0.00021642446517944336,0.002875395119190216,0.04054884612560272,-0.0005144678289070725,0.9991773962974548
freeform_s0_cross,783,39.151123046875,5.7779998779296875,6.03384256362915,5.961799621582031,6.2071123123168945,5.961799621582031,6.03384256362915,False,14.0,0.13243386149406433,0.15980499982833862,0.00022581219673156738,0.00286821648478508,0.04078651964664459,-0.0006699030636809766,0.9991676807403564
freeform_s0_cross,784,39.201133728027344,5.7779998779296875,5.8694257736206055,5.844051361083984,6.199968338012695,5.844051361083984,5.8694257736206055,False,14.0,0.1330706775188446,0.15981081128120422,0.0002429187297821045,0.002916403114795685,0.04101812466979027,-0.0008297557360492647,0.9991580843925476
freeform_s0_cross,785,39.25114440917969,5.7779998779296875,5.75822639465332,5.816766738891602,6.1791768074035645,5.816766738891602,5.75822639465332,False,14.0,0.1337108016014099,0.15980899333953857,0.00026664137840270996,0.0029672514647245407,0.041241418570280075,-0.0009904918260872364,0.9991487264633179
freeform_s0_cross,786,39.30115509033203,5.7779998779296875,5.857419013977051,5.973745346069336,6.12876033782959,5.973745346069336,5.857419013977051,False,14.0,0.13434627652168274,0.1598082333803177,0.0002968013286590576,0.00302693247795105,0.04145117476582527,-0.001151478267274797,0.9991398453712463
freeform_s0_cross,787,39.351165771484375,5.7779998779296875,5.981629371643066,5.910708904266357,6.175332069396973,5.910708904266357,5.981629371643066,False,14.0,0.13498806953430176,0.15980912744998932,0.0003325343132019043,0.003039199858903885,0.04165048152208328,-0.001315572764724493,0.9991313815116882
freeform_s0_cross,788,39.40117645263672,5.7779998779296875,5.641463279724121,5.706258296966553,6.155908584594727,5.706258296966553,5.641463279724121,False,14.0,0.13561147451400757,0.15982791781425476,0.0003731846809387207,0.003110794350504875,0.041827492415905,-0.0014796092873439193,0.999123752117157
freeform_s0_cross,789,39.45118713378906,5.7779998779296875,5.165152549743652,5.356788635253906,6.18801212310791,5.356788635253906,5.165152549743652,False,14.0,0.13625851273536682,0.15983708202838898,0.0003999471664428711,0.003107670694589615,0.042001038789749146,-0.0016490956768393517,0.9991161823272705
freeform_s0_cross,790,39.501197814941406,5.7779998779296875,6.053521156311035,6.047522068023682,6.1218390464782715,6.047522068023682,6.053521156311035,False,14.0,0.13688978552818298,0.15983889997005463,0.0003860294818878174,0.003078574314713478,0.042159318923950195,-0.001814061077311635,0.9991092681884766
freeform_s0_cross,791,39.55120849609375,5.7779998779296875,5.933752059936523,5.965538024902344,6.113221168518066,5.965538024902344,5.933752059936523,False,14.0,0.1375306248664856,0.15983791649341583,0.0004013180732727051,0.0031405705958604813,0.042307429015636444,-0.0019818637520074844,0.9991026520729065
freeform_s0_cross,792,39.601219177246094,5.7779998779296875,5.8803205490112305,5.846278190612793,6.142383575439453,5.846278190612793,5.8803205490112305,False,14.0,0.13817408680915833,0.15984301269054413,0.00042933225631713867,0.003164367750287056,0.04244073107838631,-0.0021525826305150986,0.999096691608429
freeform_s0_cross,793,39.65122985839844,5.7779998779296875,5.837149143218994,5.878903388977051,6.1043829917907715,5.878903388977051,5.837149143218994,False,14.0,0.1388067901134491,0.15984100103378296,0.0004597902297973633,0.003217855468392372,0.04255986586213112,-0.0023196653928607702,0.9990912079811096
freeform_s0_cross,794,39.70124053955078,5.7779998779296875,5.420325756072998,5.516149520874023,6.152866363525391,5.516149520874023,5.420325756072998,False,14.0,0.13944965600967407,0.15984565019607544,0.00048279762268066406,0.0032251961529254913,0.04266483336687088,-0.002491728635504842,0.999086320400238
freeform_s0_cross,795,39.751251220703125,5.7779998779296875,5.900841236114502,5.965536117553711,6.08254337310791,5.965536117553711,5.900841236114502,False,14.0,0.1400754153728485,0.15984107553958893,0.0004794299602508545,0.003238024190068245,0.04275529831647873,-0.002657657954841852,0.9990820288658142
freeform_s0_cross,796,39.80126190185547,5.7779998779296875,5.911742687225342,5.886183738708496,6.111725807189941,5.886183738708496,5.911742687225342,False,14.0,0.14071759581565857,0.1598290055990219,0.0004947185516357422,0.0032584629952907562,0.042835336178541183,-0.0028265691362321377,0.9990781545639038
freeform_s0_cross,797,39.85127258300781,5.7779998779296875,5.830360412597656,5.8309783935546875,6.106758117675781,5.8309783935546875,5.830360412597656,False,14.0,0.1413572132587433,0.15982207655906677,0.0005134940147399902,0.003287382423877716,0.04289854317903519,-0.0029964616987854242,0.9990749359130859
freeform_s0_cross,798,39.901283264160156,5.7779998779296875,5.881893634796143,5.922792434692383,6.073627948760986,5.922792434692383,5.881893634796143,False,14.0,0.1420036256313324,0.15981106460094452,0.0005342066287994385,0.003326309844851494,0.04294785484671593,-0.003167406190186739,0.9990723133087158
freeform_s0_cross,799,39.9512939453125,5.7779998779296875,6.287990093231201,6.248083114624023,6.035210609436035,6.248083114624023,6.287990093231201,False,14.0,0.14262887835502625,0.1598171442747116,0.0005571842193603516,0.0033705327659845352,0.04297582805156708,-0.0033375548664480448,0.9990705251693726
freeform_s0_cross,800,40.001304626464844,5.7779998779296875,6.028358459472656,5.884248733520508,6.102353096008301,5.884248733520508,6.028358459472656,False,14.0,0.14326152205467224,0.15983454883098602,0.000598520040512085,0.0033928267657756805,0.042985592037439346,-0.0035132465418428183,0.9990695118904114
freeform_s0_cross,801,40.05131530761719,5.7779998779296875,5.896716117858887,5.832098007202148,6.079811096191406,5.832098007202148,5.896716117858887,False,14.0,0.14390099048614502,0.15984012186527252,0.0006252825260162354,0.003427814692258835,0.042982619255781174,-0.003687787102535367,0.9990690350532532
freeform_s0_cross,802,40.10132598876953,5.7779998779296875,5.787853717803955,5.822357177734375,6.052252769470215,5.822357177734375,5.787853717803955,False,14.0,0.14454108476638794,0.1598408967256546,0.000646054744720459,0.003467932343482971,0.04296451434493065,-0.0038612636271864176,0.9990691542625427
freeform_s0_cross,803,40.151336669921875,5.7779998779296875,6.02147912979126,5.965658187866211,6.053876876831055,5.965658187866211,6.02147912979126,False,14.0,0.1451890468597412,0.1598261147737503,0.0006542801856994629,0.003456728532910347,0.04293341562151909,-0.004032175987958908,0.9990698099136353
freeform_s0_cross,804,40.20134735107422,5.7779998779296875,5.979337215423584,5.931099891662598,6.0476603507995605,5.931099891662598,5.979337215423584,False,14.0,0.14583122730255127,0.15981805324554443,0.0006669759750366211,0.003490263596177101,0.0428837351500988,-0.004203356336802244,0.9990712404251099
freeform_s0_cross,805,40.25135803222656,5.7779998779296875,5.806390762329102,5.803011894226074,6.051623344421387,5.803011894226074,5.806390762329102,False,14.0,0.14648181200027466,0.15980300307273865,0.0006865859031677246,0.0035211853682994843,0.04281770810484886,-0.00437432574108243,0.999073326587677
freeform_s0_cross,806,40.301368713378906,5.7779998779296875,5.926261901855469,5.886005878448486,6.040667533874512,5.886005878448486,5.926261901855469,False,14.0,0.14710626006126404,0.15982118248939514,0.0007055103778839111,0.003536345437169075,0.0427287332713604,-0.0045486753806471825,0.9990763664245605
freeform_s0_cross,807,40.35137939453125,5.7779998779296875,5.8329081535339355,5.843907356262207,6.026706695556641,5.843907356262207,5.8329081535339355,False,14.0,0.14773783087730408,0.15983431041240692,0.0007248222827911377,0.0035741906613111496,0.04262325167655945,-0.004723238293081522,0.9990800619125366
freeform_s0_cross,808,40.401390075683594,5.7779998779296875,6.143567085266113,5.965344429016113,6.075181007385254,5.965344429016113,6.143567085266113,False,14.0,0.1483861804008484,0.15983453392982483,0.0007015466690063477,0.003491446375846863,0.042500659823417664,-0.00489774439483881,0.9990844130516052
freeform_s0_cross,809,40.45140075683594,5.7779998779296875,5.516692161560059,5.592336654663086,6.069516181945801,5.592336654663086,5.516692161560059,False,14.0,0.14902594685554504,0.15983259677886963,0.0006864070892333984,0.003530636429786682,0.042362358421087265,-0.005068743135780096,0.9990894794464111
freeform_s0_cross,810,40.50141143798828,5.7779998779296875,5.876114845275879,5.901819705963135,6.034610748291016,5.901819705963135,5.876114845275879,False,14.0,0.14966163039207458,0.15982620418071747,0.0006787776947021484,0.0035291332751512527,0.042208362370729446,-0.005236514378339052,0.99909508228302
freeform_s0_cross,811,40.551422119140625,5.7779998779296875,5.9694342613220215,5.765434265136719,6.118537902832031,5.765434265136719,5.9694342613220215,False,14.0,0.15033292770385742,0.1598123013973236,0.0006682872772216797,0.00348670594394207,0.04202825203537941,-0.00541033735498786,0.9991017580032349
freeform_s0_cross,812,40.60143280029297,5.7779998779296875,5.594813346862793,5.682962417602539,6.06285285949707,5.682962417602539,5.594813346862793,False,14.0,0.15098440647125244,0.1597999930381775,0.0006489455699920654,0.0035260487347841263,0.04183395579457283,-0.005578537937253714,0.9991090297698975
freeform_s0_cross,813,40.65144348144531,5.7779998779296875,5.71204948425293,5.760318756103516,6.051881790161133,5.760318756103516,5.71204948425293,False,14.0,0.15159142017364502,0.15981249511241913,0.0006649792194366455,0.0035619791597127914,0.04162951558828354,-0.005743417888879776,0.9991165995597839
freeform_s0_cross,814,40.701454162597656,5.7779998779296875,5.944615840911865,5.92189884185791,6.035326957702637,5.92189884185791,5.944615840911865,False,14.0,0.1522217094898224,0.15981371700763702,0.0006850957870483398,0.003582039847970009,0.041402824223041534,-0.005909473169595003,0.999125063419342
freeform_s0_cross,815,40.75146484375,5.7779998779296875,5.781206130981445,5.812996864318848,6.031930923461914,5.812996864318848,5.781206130981445,False,14.0,0.15286001563072205,0.15980945527553558,0.0007106363773345947,0.0036269724369049072,0.041156426072120667,-0.0060745906084775925,0.9991342425346375
freeform_s0_cross,816,40.801475524902344,5.7779998779296875,5.749654769897461,5.688159942626953,6.078431129455566,5.688159942626953,5.749654769897461,False,14.0,0.15350311994552612,0.1598225086927414,0.0007199943065643311,0.003608938306570053,0.04088503494858742,-0.006246783770620823,0.9991443157196045
freeform_s0_cross,817,40.85148620605469,5.7779998779296875,5.791103363037109,5.837906837463379,6.024251937866211,5.837906837463379,5.791103363037109,False,14.0,0.1541365385055542,0.1598299741744995,0.0007159411907196045,0.0036325547844171524,0.04060082510113716,-0.0064133089035749435,0.9991548657417297
freeform_s0_cross,818,40.90149688720703,5.7779998779296875,5.720919609069824,5.724159240722656,6.045185089111328,5.724159240722656,5.720919609069824,False,14.0,0.15477776527404785,0.159831240773201,0.0007351934909820557,0.003664745017886162,0.04029618948698044,-0.006578241009265184,0.9991661310195923
freeform_s0_cross,819,40.951507568359375,5.7779998779296875,5.961820602416992,5.966229438781738,5.9988603591918945,5.966229438781738,5.961820602416992,False,14.0,0.1554117202758789,0.15982742607593536,0.0007529258728027344,0.0036925021559000015,0.03997793048620224,-0.006737975403666496,0.999177873134613
freeform_s0_cross,820,41.00151824951172,5.7779998779296875,5.858367443084717,5.832254409790039,6.020617485046387,5.832254409790039,5.858367443084717,False,14.0,0.1560543179512024,0.1598212718963623,0.0007786452770233154,0.0037182625383138657,0.03963726386427879,-0.006897542160004377,0.9991903305053711
freeform_s0_cross,821,41.05152893066406,5.7779998779296875,5.85087776184082,5.839848041534424,6.009494304656982,5.839848041534424,5.85087776184082,False,14.0,0.15669214725494385,0.1598190814256668,0.0007964372634887695,0.003740549087524414,0.03927960619330406,-0.007056147791445255,0.9992033243179321
freeform_s0_cross,822,41.101539611816406,5.7779998779296875,5.8348846435546875,5.841107368469238,5.999985694885254,5.841107368469238,5.8348846435546875,False,14.0,0.15732991695404053,0.1598186194896698,0.0008113384246826172,0.0037652626633644104,0.038903139531612396,-0.007214011624455452,0.9992169737815857
freeform_s0_cross,823,41.15155029296875,5.7779998779296875,5.693721771240234,5.734611511230469,5.994720458984375,5.734611511230469,5.693721771240234,False,14.0,0.15796294808387756,0.1598232239484787,0.0008406937122344971,0.0038202404975891113,0.03851008787751198,-0.007371443323791027,0.9992310404777527
freeform_s0_cross,824,41.201560974121094,5.7779998779296875,4.924976348876953,5.1257243156433105,6.0665130615234375,5.1257243156433105,4.924976348876953,False,14.0,0.1586167812347412,0.1598268449306488,0.0008535087108612061,0.00379965640604496,0.038085516542196274,-0.007531940471380949,0.9992461204528809
freeform_s0_cross,825,41.25157165527344,5.7779998779296875,6.075118541717529,6.066457748413086,5.972442626953125,6.066457748413086,6.075118541717529,False,14.0,0.15924745798110962,0.15982745587825775,0.0008094608783721924,0.0037472788244485855,0.03765859082341194,-0.007683807052671909,0.9992611408233643
freeform_s0_cross,826,41.30158233642578,5.7779998779296875,5.90351676940918,6.156979084014893,5.873826026916504,6.156979084014893,5.90351676940918,False,14.0,0.15987342596054077,0.15981778502464294,0.0008287429809570312,0.0038826167583465576,0.037219807505607605,-0.007828067056834698,0.9992764592170715
freeform_s0_cross,827,41.351593017578125,5.7779998779296875,6.138525485992432,5.960105895996094,5.999162673950195,5.960105895996094,6.138525485992432,False,14.0,0.16052451729774475,0.1598132848739624,0.0008767545223236084,0.0038835983723402023,0.036743730306625366,-0.007978756912052631,0.9992928504943848
freeform_s0_cross,828,41.40160369873047,5.7779998779296875,5.891073226928711,5.863921165466309,5.97960090637207,5.863921165466309,5.891073226928711,False,14.0,0.16115990281105042,0.15982039272785187,0.0008926987648010254,0.003885839134454727,0.036258596926927567,-0.008129375986754894,0.9993093609809875
freeform_s0_cross,829,41.45161437988281,5.7779998779296875,5.328734397888184,5.328013896942139,6.049396514892578,5.328013896942139,5.328734397888184,False,14.0,0.16180512309074402,0.15982282161712646,0.0009128451347351074,0.0038754548877477646,0.03574918210506439,-0.00827810913324356,0.9993265271186829
freeform_s0_cross,830,41.501625061035156,5.7779998779296875,5.581267833709717,5.866926193237305,5.888084411621094,5.866926193237305,5.581267833709717,False,14.0,0.162433922290802,0.15982051193714142,0.0009080171585083008,0.00396164134144783,0.03523661941289902,-0.008418796584010124,0.9993435144424438
freeform_s0_cross,831,41.5516357421875,5.7779998779296875,6.2026896476745605,5.901547431945801,6.038861274719238,5.901547431945801,6.2026896476745605,False,14.0,0.16309630870819092,0.15981265902519226,0.0009063780307769775,0.0038762055337429047,0.03467974066734314,-0.00856207124888897,0.9993618130683899
freeform_s0_cross,832,41.601646423339844,5.7779998779296875,5.553309440612793,5.640444278717041,5.981720924377441,5.640444278717041,5.553309440612793,False,14.0,0.16374021768569946,0.15980671346187592,0.0008935928344726562,0.0039377361536026,0.03412038832902908,-0.008699880912899971,0.9993798732757568
freeform_s0_cross,833,41.65165710449219,5.7779998779296875,5.60888147354126,5.460885047912598,6.093873023986816,5.460885047912598,5.60888147354126,False,14.0,0.1643993854522705,0.15983201563358307,0.000866234302520752,0.003858819603919983,0.03352334722876549,-0.008854604326188564,0.9993987083435059
freeform_s0_cross,834,41.70166778564453,5.7779998779296875,6.452152252197266,6.382343292236328,5.907841682434082,6.382343292236328,6.452152252197266,False,14.0,0.1649969518184662,0.15983814001083374,0.0008458793163299561,0.0039034560322761536,0.032970551401376724,-0.008984345011413097,0.999415934085846
freeform_s0_cross,835,41.751678466796875,5.7779998779296875,5.772510051727295,5.689001083374023,6.021468162536621,5.689001083374023,5.772510051727295,False,14.0,0.16563451290130615,0.15983529388904572,0.0008805692195892334,0.00394425168633461,0.03236701712012291,-0.009115679189562798,0.9994344711303711
freeform_s0_cross,836,41.80168914794922,5.7779998779296875,5.858809947967529,5.698932647705078,6.041029930114746,5.698932647705078,5.858809947967529,False,14.0,0.16628298163414001,0.15983198583126068,0.0008845031261444092,0.003911128267645836,0.03173687309026718,-0.009246553294360638,0.9994534850120544
freeform_s0_cross,837,41.85169982910156,5.7779998779296875,5.6633429527282715,5.7419023513793945,5.977119445800781,5.7419023513793945,5.6633429527282715,False,14.0,0.16692179441452026,0.1598300337791443,0.0008728206157684326,0.003944551572203636,0.031100023537874222,-0.009373663924634457,0.9994723200798035
freeform_s0_cross,838,41.901710510253906,5.7779998779296875,5.700118064880371,5.718883514404297,5.992231845855713,5.718883514404297,5.700118064880371,False,14.0,0.16755753755569458,0.15983441472053528,0.000881582498550415,0.003967644646763802,0.03044974058866501,-0.00950106605887413,0.9994911551475525
freeform_s0_cross,839,41.95172119140625,5.7779998779296875,5.027008056640625,5.1160888671875,6.075616836547852,5.1160888671875,5.027008056640625,False,14.0,0.16820883750915527,0.15983925759792328,0.00089225172996521,0.00393272377550602,0.029768098145723343,-0.009629192762076855,0.9995104670524597
freeform_s0_cross,840,42.001731872558594,5.7779998779296875,5.97346830368042,6.120840072631836,5.900626182556152,6.120840072631836,5.97346830368042,False,14.0,0.16883230209350586,0.15984201431274414,0.0008537173271179199,0.0039599258452653885,0.029101712629199028,-0.009748307056725025,0.9995289444923401
freeform_s0_cross,841,42.05174255371094,5.7779998779296875,5.702768325805664,5.5843377113342285,6.069933891296387,5.5843377113342285,5.702768325805664,False,14.0,0.16949406266212463,0.15984028577804565,0.0008438229560852051,0.003923719748854637,0.02838040329515934,-0.009869391098618507,0.9995484948158264
freeform_s0_cross,842,42.10175323486328,5.7779998779296875,5.775287628173828,5.846279621124268,5.978959083557129,5.846279621124268,5.775287628173828,False,14.0,0.17012634873390198,0.15983887016773224,0.0008236169815063477,0.00394786149263382,0.0276772640645504,-0.00998246856033802,0.9995670914649963
freeform_s0_cross,843,42.151763916015625,5.7779998779296875,5.889491558074951,5.825066566467285,6.020313262939453,5.825066566467285,5.889491558074951,False,14.0,0.17076367139816284,0.15982578694820404,0.000829160213470459,0.003922648727893829,0.02695719338953495,-0.010087060742080212,0.9995856881141663
freeform_s0_cross,844,42.20177459716797,5.7779998779296875,5.789681911468506,5.849470138549805,5.984048843383789,5.849470138549805,5.789681911468506,False,14.0,0.17140454053878784,0.1598266363143921,0.0008252859115600586,0.003953825682401657,0.026217563077807426,-0.010197306051850319,0.9996042251586914
freeform_s0_cross,845,42.25178527832031,5.7779998779296875,5.819094657897949,5.771162033081055,6.026601791381836,5.771162033081055,5.819094657897949,False,14.0,0.1720498502254486,0.15982863306999207,0.0008231997489929199,0.003935921937227249,0.025459833443164825,-0.010306078009307384,0.9996227025985718
freeform_s0_cross,846,42.301795959472656,5.7779998779296875,5.858157157897949,5.782547473907471,6.029600143432617,5.782547473907471,5.858157157897949,False,14.0,0.17269369959831238,0.15982595086097717,0.0008150637149810791,0.003928447142243385,0.02469225786626339,-0.010408945381641388,0.9996408820152283
freeform_s0_cross,847,42.351806640625,5.7779998779296875,5.751810073852539,5.7746171951293945,6.007889747619629,5.7746171951293945,5.751810073852539,False,14.0,0.1733388900756836,0.15982410311698914,0.0008099675178527832,0.003949550911784172,0.023911064490675926,-0.010509497486054897,0.9996588230133057
freeform_s0_cross,848,42.401817321777344,5.7779998779296875,5.460593223571777,5.5820698738098145,6.008194923400879,5.5820698738098145,5.460593223571777,False,14.0,0.1739746630191803,0.159829244017601,0.0008180439472198486,0.004016190767288208,0.02312907949090004,-0.010609719902276993,0.9996761679649353
freeform_s0_cross,849,42.45182800292969,5.7779998779296875,5.58920955657959,5.692780494689941,6.008025646209717,5.692780494689941,5.58920955657959,False,14.0,0.1746159791946411,0.1598219871520996,0.0008205175399780273,0.003996031358838081,0.022331446409225464,-0.01070039626210928,0.9996933341026306
freeform_s0_cross,850,42.50183868408203,5.7779998779296875,5.8832478523254395,5.844167709350586,6.017428398132324,5.844167709350586,5.8832478523254395,False,14.0,0.1752561628818512,0.15981298685073853,0.0008096396923065186,0.003969229757785797,0.021525204181671143,-0.010786718688905239,0.9997101426124573
freeform_s0_cross,851,42.551849365234375,5.7779998779296875,5.558986186981201,5.712678909301758,5.988970756530762,5.712678909301758,5.558986186981201,False,14.0,0.17589178681373596,0.15980969369411469,0.000806659460067749,0.004012899473309517,0.020714297890663147,-0.010872706770896912,0.9997262954711914
freeform_s0_cross,852,42.60186004638672,5.7779998779296875,5.936842918395996,5.885464668273926,6.012868404388428,5.885464668273926,5.936842918395996,False,14.0,0.17652705311775208,0.15980881452560425,0.0008108019828796387,0.00398644432425499,0.019894516095519066,-0.01095701102167368,0.9997420310974121
freeform_s0_cross,853,42.65187072753906,5.7779998779296875,4.961004257202148,4.963647365570068,6.157680034637451,4.963647365570068,4.961004257202148,False,14.0,0.17702805995941162,0.15981557965278625,0.0008215606212615967,0.003902830183506012,0.019241051748394966,-0.011025884188711643,0.9997540712356567
freeform_s0_cross,854,42.701881408691406,5.7779998779296875,5.610531330108643,5.8579254150390625,5.971796989440918,5.8579254150390625,5.610531330108643,False,14.0,0.17739567160606384,0.15982848405838013,0.0008088946342468262,0.00382160022854805,0.01875743828713894,-0.011080102995038033,0.9997626543045044
freeform_s0_cross,855,42.75189208984375,5.7779998779296875,6.764854431152344,7.422782897949219,5.645838737487793,7.422782897949219,6.764854431152344,False,14.0,0.17820388078689575,0.1598188877105713,0.0008191764354705811,0.004107460379600525,0.017690028995275497,-0.011172198690474033,0.99978107213974
freeform_s0_cross,856,42.801902770996094,5.7779998779296875,4.891844272613525,4.983979225158691,6.1466522216796875,4.983979225158691,4.891844272613525,False,14.0,0.17907285690307617,0.15981456637382507,0.0008423030376434326,0.0040901340544223785,0.01652900129556656,-0.011269128881394863,0.999799907207489
freeform_s0_cross,857,42.85191345214844,5.7779998779296875,6.022503852844238,5.979430198669434,6.008742809295654,5.979430198669434,6.022503852844238,False,14.0,0.17972144484519958,0.15981879830360413,0.0007989108562469482,0.003982856869697571,0.01565397158265114,-0.011342236772179604,0.9998131394386292
freeform_s0_cross,858,42.90192413330078,5.7779998779296875,5.966701030731201,5.814139366149902,6.082859992980957,5.814139366149902,5.966701030731201,False,14.0,0.18037113547325134,0.15982484817504883,0.0007410645484924316,0.003900764510035515,0.014771469868719578,-0.0114132696762681,0.9998257756233215
freeform_s0_cross,859,42.951934814453125,5.7779998779296875,4.852697372436523,5.048864841461182,6.144147872924805,5.048864841461182,4.852697372436523,False,14.0,0.18092969059944153,0.15984207391738892,0.0006954669952392578,0.003867523744702339,0.014007454738020897,-0.011479300446808338,0.9998359680175781
freeform_s0_cross,860,43.00194549560547,5.7779998779296875,5.804413318634033,5.74870491027832,6.112491607666016,5.74870491027832,5.804413318634033,False,14.0,0.18134218454360962,0.15990588068962097,0.0006432831287384033,0.0037232302129268646,0.013436327688395977,-0.011559031903743744,0.9998429417610168
freeform_s0_cross,861,43.05195617675781,5.7779998779296875,5.879622459411621,5.785992622375488,6.103935241699219,5.785992622375488,5.879622459411621,False,14.0,0.18189868330955505,0.15995173156261444,0.0006049871444702148,0.0037126298993825912,0.012667352333664894,-0.011639000847935677,0.9998520016670227
freeform_s0_cross,862,43.101966857910156,5.7779998779296875,5.899375915527344,5.778437614440918,6.0789947509765625,5.778437614440918,5.899375915527344,False,14.0,0.18263056874275208,0.1599799394607544,0.0006120800971984863,0.003813808783888817,0.011655234731733799,-0.011720052920281887,0.9998633861541748
freeform_s0_cross,863,43.1519775390625,5.7779998779296875,7.437379837036133,7.498029708862305,5.756200790405273,7.498029708862305,7.437379837036133,False,14.0,0.18322762846946716,0.1598152220249176,0.0006624162197113037,0.0040170736610889435,0.010841592215001583,-0.01166205108165741,0.9998732209205627
freeform_s0_cross,864,43.201988220214844,5.7779998779296875,5.975773334503174,5.73771858215332,6.080361366271973,5.73771858215332,5.975773334503174,False,14.0,0.1838223934173584,0.15965279936790466,0.000759422779083252,0.004145169630646706,0.010027247481048107,-0.011600916273891926,0.9998824000358582
freeform_s0_cross,865,43.25199890136719,5.7779998779296875,6.169875144958496,5.737317085266113,6.151924133300781,5.737317085266113,6.169875144958496,False,14.0,0.18480545282363892,0.15973056852817535,0.0007829666137695312,0.0040165092796087265,0.0086525222286582,-0.011718872003257275,0.9998939037322998
freeform_s0_cross,866,43.30200958251953,5.7779998779296875,4.971920967102051,5.009288311004639,6.157157897949219,5.009288311004639,4.971920967102051,False,14.0,0.18557804822921753,0.15978819131851196,0.0007504820823669434,0.003991268575191498,0.007571808528155088,-0.011803983710706234,0.9999016523361206
freeform_s0_cross,867,43.352020263671875,5.7779998779296875,5.486335754394531,5.664920806884766,6.030349254608154,5.664920806884766,5.486335754394531,False,14.0,0.18606343865394592,0.15981099009513855,0.0007174909114837646,0.003946840763092041,0.006893867626786232,-0.011846239678561687,0.999906063079834
freeform_s0_cross,868,43.40203094482422,5.7779998779296875,6.435823917388916,7.062134742736816,5.653314590454102,7.062134742736816,6.435823917388916,False,14.0,0.1862824559211731,0.15977875888347626,0.0007966756820678711,0.004216182976961136,0.006590327247977257,-0.011836704798042774,0.9999082088470459
freeform_s0_cross,869,43.45204162597656,5.7779998779296875,6.07009220123291,6.2586774826049805,5.7859907150268555,6.2586774826049805,6.07009220123291,False,14.0,0.18652862310409546,0.1597594916820526,0.0009581148624420166,0.004565207287669182,0.006248265504837036,-0.01183663122355938,0.9999104142189026
freeform_s0_cross,870,43.502052307128906,5.7779998779296875,6.455473899841309,6.4433722496032715,5.771908760070801,6.4433722496032715,6.455473899841309,False,14.0,0.18683508038520813,0.1597387045621872,0.0011169612407684326,0.004738016054034233,0.005822363309562206,-0.011837906204164028,0.9999129772186279
freeform_s0_cross,871,43.55206298828125,5.7779998779296875,4.184679985046387,3.5934789180755615,6.300139427185059,3.5934789180755615,4.184679985046387,False,14.0,0.1883973777294159,0.15978552401065826,0.0011253654956817627,0.004410373046994209,0.0036500960122793913,-0.011933502741158009,0.9999221563339233
freeform_s0_cross,872,43.602073669433594,5.7779998779296875,5.47430419921875,5.895008087158203,5.820219993591309,5.895008087158203,5.47430419921875,False,14.0,0.1891065239906311,0.15983335673809052,0.001038283109664917,0.004366045817732811,0.0026686065830290318,-0.011988023295998573,0.9999246001243591
freeform_s0_cross,873,43.65208435058594,5.7779998779296875,5.156138896942139,4.994731903076172,6.159534931182861,4.994731903076172,5.156138896942139,False,14.0,0.18996837735176086,0.1598290055990219,0.0009475946426391602,0.004187298938632011,0.0014837023336440325,-0.01200728677213192,0.9999268054962158
freeform_s0_cross,874,43.70209503173828,5.7779998779296875,5.576127529144287,5.608970642089844,6.041622161865234,5.608970642089844,5.576127529144287,False,14.0,0.19061589241027832,0.15986183285713196,0.0008516907691955566,0.0040554478764534,0.0005978686967864633,-0.012041784822940826,0.9999273419380188
freeform_s0_cross,875,43.752105712890625,5.7779998779296875,5.423279762268066,5.547233581542969,6.053317070007324,5.547233581542969,5.423279762268066,False,14.0,0.19119387865066528,0.15989907085895538,0.0007770657539367676,0.00400349497795105,-0.00018842417921405286,-0.012074979953467846,0.9999271035194397
freeform_s0_cross,876,43.80211639404297,5.7779998779296875,7.073484420776367,6.57330322265625,6.025870323181152,6.57330322265625,7.073484420776367,False,14.0,0.19187039136886597,0.15989142656326294,0.0007072687149047852,0.003930550068616867,-0.0011022778926417232,-0.012076325714588165,0.9999264478683472
freeform_s0_cross,877,43.85212707519531,5.7779998779296875,5.393523693084717,5.373689651489258,6.129083633422852,5.373689651489258,5.393523693084717,False,14.0,0.19261232018470764,0.15983431041240692,0.0006663203239440918,0.004010731354355812,-0.002096710493788123,-0.012041044421494007,0.9999253153800964
freeform_s0_cross,878,43.902137756347656,5.7779998779296875,5.842055320739746,5.8621506690979,6.066537857055664,5.8621506690979,5.842055320739746,False,14.0,0.19327417016029358,0.15981507301330566,0.0006268620491027832,0.003965768963098526,-0.0029765903018414974,-0.012026939541101456,0.9999232292175293
freeform_s0_cross,879,43.9521484375,5.7779998779296875,5.693876266479492,5.682567119598389,6.107272148132324,5.682567119598389,5.693876266479492,False,14.0,0.1939193606376648,0.15981005132198334,0.0006047487258911133,0.003956535831093788,-0.0038268028292804956,-0.012018992565572262,0.9999204277992249
freeform_s0_cross,880,44.002159118652344,5.7779998779296875,5.788903713226318,5.8046979904174805,6.085186958312988,5.8046979904174805,5.788903713226318,False,14.0,0.1945570707321167,0.15980909764766693,0.0005862712860107422,0.003957962617278099,-0.0046592168509960175,-0.012010578066110611,0.9999170303344727
freeform_s0_cross,881,44.05216979980469,5.7779998779296875,5.867245674133301,5.642520904541016,6.170265197753906,5.642520904541016,5.867245674133301,False,14.0,0.19497957825660706,0.15975558757781982,0.0005916059017181396,0.0038990583270788193,-0.005207062233239412,-0.011967903934419155,0.999914824962616
freeform_s0_cross,882,44.10218048095703,5.7779998779296875,6.768444538116455,6.642335891723633,5.931007385253906,6.642335891723633,6.768444538116455,False,14.0,0.19521379470825195,0.15972334146499634,0.0006251931190490723,0.004031285643577576,-0.00550930667668581,-0.011941896751523018,0.9999135136604309
freeform_s0_cross,883,44.152191162109375,5.7779998779296875,6.774548530578613,6.739806175231934,5.843206405639648,6.739806175231934,6.774548530578613,False,14.0,0.19548210501670837,0.15971536934375763,0.000719606876373291,0.004304308444261551,-0.005853564012795687,-0.011930971406400204,0.9999116659164429
freeform_s0_cross,884,44.20220184326172,5.7779998779296875,7.438948154449463,7.816018104553223,5.579509258270264,7.816018104553223,7.438948154449463,False,14.0,0.1959112286567688,0.1597464680671692,0.0009446144104003906,0.004770210012793541,-0.006399706471711397,-0.011941680684685707,0.9999082088470459
freeform_s0_cross,885,44.25221252441406,5.7779998779296875,6.396143436431885,6.211733818054199,5.801730155944824,6.211733818054199,6.396143436431885,False,14.0,0.196393221616745,0.15976513922214508,0.0012254714965820312,0.005049355328083038,-0.007008174899965525,-0.011941103264689445,0.9999041557312012
freeform_s0_cross,886,44.302223205566406,5.7779998779296875,0.27079716324806213,0.5443313121795654,6.224292278289795,0.5443313121795654,0.27079716324806213,False,14.0,0.1980307698249817,0.15978696942329407,0.0012523531913757324,0.004856981337070465,-0.009032214991748333,-0.011898033320903778,0.9998884201049805
freeform_s0_cross,887,44.35223388671875,5.7779998779296875,5.798302173614502,5.104335784912109,6.26277494430542,5.104335784912109,5.798302173614502,False,14.0,0.19903740286827087,0.15978994965553284,0.0010855793952941895,0.004287008196115494,-0.01024035457521677,-0.011854585260152817,0.9998772740364075
freeform_s0_cross,888,44.402244567871094,5.7779998779296875,5.7893290519714355,5.677408218383789,6.003851890563965,5.677408218383789,5.7893290519714355,False,14.0,0.1995255947113037,0.15986104309558868,0.0009773075580596924,0.004220249131321907,-0.010811942629516125,-0.011876743286848068,0.999871015548706
freeform_s0_cross,889,44.45225524902344,5.7779998779296875,5.7268781661987305,5.687138557434082,6.00539493560791,5.687138557434082,5.7268781661987305,False,14.0,0.20002582669258118,0.15993784368038177,0.0009161829948425293,0.004187293350696564,-0.011389353312551975,-0.011899895966053009,0.9998643398284912
freeform_s0_cross,890,44.50226593017578,5.7779998779296875,5.534759521484375,5.874820709228516,5.9381303787231445,5.874820709228516,5.534759521484375,False,14.0,0.2009393274784088,0.15987081825733185,0.0007731914520263672,0.004206189885735512,-0.01243508979678154,-0.011801502667367458,0.9998530149459839
freeform_s0_cross,891,44.552276611328125,5.7779998779296875,5.794552803039551,5.701778411865234,6.093692779541016,5.701778411865234,5.794552803039551,False,14.0,0.20146366953849792,0.15974824130535126,0.0007191300392150879,0.004130210727453232,-0.013029035180807114,-0.011687394231557846,0.9998468160629272
freeform_s0_cross,892,44.60228729248047,5.7779998779296875,6.212902545928955,6.155771732330322,5.992290019989014,6.155771732330322,6.212902545928955,False,14.0,0.2019219696521759,0.1596500128507614,0.0006928741931915283,0.004178738221526146,-0.013540701940655708,-0.0115919578820467,0.9998411536216736
freeform_s0_cross,893,44.65229797363281,5.7779998779296875,5.070871829986572,5.067596435546875,6.162942886352539,5.067596435546875,5.070871829986572,False,14.0,0.202737957239151,0.15967386960983276,0.0006814301013946533,0.004215173423290253,-0.014420480467379093,-0.011548969894647598,0.9998292922973633
freeform_s0_cross,894,44.702308654785156,5.7779998779296875,5.094938278198242,5.370168685913086,6.090948104858398,5.370168685913086,5.094938278198242,False,14.0,0.20350372791290283,0.15970264375209808,0.0006463825702667236,0.004153762012720108,-0.015223893336951733,-0.011508522555232048,0.9998178482055664
freeform_s0_cross,895,44.7523193359375,5.7779998779296875,6.038208484649658,5.885676860809326,6.118522644042969,5.885676860809326,6.038208484649658,False,14.0,0.20407631993293762,0.15964333713054657,0.0006051957607269287,0.00403820164501667,-0.015817223116755486,-0.011423282325267792,0.9998096227645874
freeform_s0_cross,896,44.802330017089844,5.7779998779296875,6.895143985748291,6.769747734069824,5.912837028503418,6.769747734069824,6.895143985748291,False,14.0,0.204380065202713,0.15958482027053833,0.0006158649921417236,0.004183713346719742,-0.016129499301314354,-0.011359740979969501,0.9998053908348083
freeform_s0_cross,897,44.85234069824219,5.7779998779296875,6.656833648681641,6.662630081176758,5.827880859375,6.662630081176758,6.656833648681641,False,14.0,0.2045014500617981,0.1595240980386734,0.00075569748878479,0.004519190639257431,-0.016256578266620636,-0.011309968307614326,0.999803900718689
freeform_s0_cross,898,44.90235137939453,5.7779998779296875,6.848099231719971,6.830448150634766,5.7449870109558105,6.830448150634766,6.848099231719971,False,14.0,0.20469456911087036,0.15946994721889496,0.0009308755397796631,0.0048429034650325775,-0.016454098746180534,-0.011258149519562721,0.9998012185096741
freeform_s0_cross,899,44.952362060546875,5.7779998779296875,6.611435890197754,6.683065891265869,5.689331531524658,6.683065891265869,6.611435890197754,False,14.0,0.20494216680526733,0.15941227972507477,0.001117408275604248,0.005175380036234856,-0.01670439913868904,-0.011199047788977623,0.9997977614402771
freeform_s0_cross,900,45.00237274169922,5.7779998779296875,6.4729461669921875,6.14622688293457,5.775094985961914,6.14622688293457,6.4729461669921875,False,14.0,0.20542508363723755,0.15977658331394196,0.0014225244522094727,0.005373464897274971,-0.017142655327916145,-0.01139020174741745,0.9997881650924683
freeform_s0_cross,901,45.05238342285156,5.7779998779296875,6.372618675231934,6.616923809051514,5.465943336486816,6.616923809051514,6.372618675231934,False,14.0,0.2058248519897461,0.1600104719400406,0.0016720890998840332,0.005718093365430832,-0.01750294491648674,-0.011500761844217777,0.9997806549072266
freeform_s0_cross,902,45.102394104003906,5.7779998779296875,0.11062203347682953,0.25624793767929077,6.128953456878662,0.25624793767929077,0.11062203347682953,False,14.0,0.2082182765007019,0.15991854667663574,0.0015937983989715576,0.005396174266934395,-0.019667044281959534,-0.011195376515388489,0.9997438788414001
freeform_s0_cross,903,45.15240478515625,5.7779998779296875,2.2617404460906982,1.8096189498901367,6.244284629821777,1.8096189498901367,2.2617404460906982,False,14.0,0.20945316553115845,0.15984199941158295,0.0013206005096435547,0.0047961752861738205,-0.020695576444268227,-0.011007562279701233,0.9997252225875854
freeform_s0_cross,904,45.202415466308594,5.7779998779296875,7.126917362213135,6.672305107116699,5.93961238861084,6.672305107116699,7.126917362213135,False,14.0,0.21007594466209412,0.15978671610355377,0.001069098711013794,0.0044091735035181046,-0.021192139014601707,-0.010899793356657028,0.9997159838676453
freeform_s0_cross,905,45.25242614746094,5.7779998779296875,5.330666542053223,5.291644096374512,6.06315803527832,5.291644096374512,5.330666542053223,False,14.0,0.21068313717842102,0.1597682684659958,0.0009293854236602783,0.004442885518074036,-0.02165619656443596,-0.010814622975885868,0.9997069835662842
freeform_s0_cross,906,45.30243682861328,5.7779998779296875,5.693305969238281,5.698046684265137,6.0309038162231445,5.698046684265137,5.693305969238281,False,14.0,0.2112874686717987,0.15976911783218384,0.0008230805397033691,0.004370326176285744,-0.02209988795220852,-0.010739664547145367,0.9996981024742126
freeform_s0_cross,907,45.352447509765625,5.7779998779296875,5.7167181968688965,5.701089859008789,6.05709981918335,5.701089859008789,5.7167181968688965,False,14.0,0.21190676093101501,0.1597670614719391,0.0007509887218475342,0.004336029291152954,-0.02253839559853077,-0.010659138672053814,0.9996891617774963
freeform_s0_cross,908,45.40245819091797,5.7779998779296875,5.680423259735107,5.754838466644287,6.0377583503723145,5.754838466644287,5.680423259735107,False,14.0,0.2125605046749115,0.15977798402309418,0.0007091164588928223,0.00433802604675293,-0.022981291636824608,-0.010579853318631649,0.9996799230575562
freeform_s0_cross,909,45.45246887207031,5.7779998779296875,6.505121231079102,6.485766410827637,5.93354606628418,6.485766410827637,6.505121231079102,False,14.0,0.21301916241645813,0.15978001058101654,0.0007137954235076904,0.004388924688100815,-0.023281477391719818,-0.010519587434828281,0.99967360496521
freeform_s0_cross,910,45.502479553222656,5.7779998779296875,6.365654945373535,6.2660088539123535,5.926636695861816,6.2660088539123535,6.365654945373535,False,14.0,0.213316410779953,0.1597663164138794,0.0008048713207244873,0.004560980945825577,-0.023473089560866356,-0.010471146553754807,0.99966961145401
freeform_s0_cross,911,45.552490234375,5.7779998779296875,6.230968475341797,6.259350776672363,5.865074634552002,6.259350776672363,6.230968475341797,False,14.0,0.21371260285377502,0.1597484052181244,0.0008993744850158691,0.0047480519860982895,-0.023722391575574875,-0.01040622591972351,0.9996644258499146
freeform_s0_cross,912,45.602500915527344,5.7779998779296875,6.06473970413208,6.203816890716553,5.813531875610352,6.203816890716553,6.06473970413208,False,14.0,0.21404942870140076,0.15982685983181,0.0010266602039337158,0.0049215275794267654,-0.023915795609354973,-0.010405182838439941,0.9996598362922668
freeform_s0_cross,913,45.65251159667969,5.7779998779296875,6.279346942901611,6.257269859313965,5.7931060791015625,6.257269859313965,6.279346942901611,False,14.0,0.2143600881099701,0.15991806983947754,0.0011762678623199463,0.005051802843809128,-0.024086760357022285,-0.01041416171938181,0.9996556043624878
freeform_s0_cross,914,45.70252227783203,5.7779998779296875,6.201000213623047,6.221570014953613,5.734892845153809,6.221570014953613,6.201000213623047,False,14.0,0.21469268202781677,0.15997694432735443,0.0013182461261749268,0.005214635282754898,-0.024270273745059967,-0.010400365106761456,0.999651312828064
freeform_s0_cross,915,45.752532958984375,5.7779998779296875,4.376075744628906,3.3387300968170166,6.310969829559326,3.3387300968170166,4.376075744628906,False,14.0,0.21680369973182678,0.15985068678855896,0.0011089742183685303,0.004739049822092056,-0.025392549112439156,-0.01001574657857418,0.999627411365509
freeform_s0_cross,916,45.80254364013672,5.7779998779296875,5.341999053955078,5.3840837478637695,6.038900375366211,5.3840837478637695,5.341999053955078,False,14.0,0.21762648224830627,0.15986764430999756,0.0009424090385437012,0.004543296992778778,-0.02576642669737339,-0.009898670949041843,0.9996190071105957
freeform_s0_cross,917,45.85255432128906,5.7779998779296875,5.898777008056641,5.7674641609191895,6.045019149780273,5.7674641609191895,5.898777008056641,False,14.0,0.21822097897529602,0.15991400182247162,0.0008479952812194824,0.0044392552226781845,-0.02601240575313568,-0.009830987080931664,0.9996132850646973
freeform_s0_cross,918,45.902565002441406,5.7779998779296875,6.45352840423584,6.35106086730957,5.944278717041016,6.35106086730957,6.45352840423584,False,14.0,0.21881023049354553,0.15991955995559692,0.0007874965667724609,0.004477769136428833,-0.02624703012406826,-0.009740322828292847,0.999608039855957
freeform_s0_cross,919,45.95257568359375,5.7779998779296875,5.68867826461792,5.683316230773926,6.04515266418457,5.683316230773926,5.68867826461792,False,14.0,0.21944764256477356,0.15992259979248047,0.0007587969303131104,0.0045306496322155,-0.026484057307243347,-0.009639255702495575,0.999602735042572
freeform_s0_cross,920,46.002586364746094,5.7779998779296875,6.092238426208496,6.071080684661865,6.031710624694824,6.071080684661865,6.092238426208496,False,14.0,0.22021976113319397,0.15983659029006958,0.00070151686668396,0.004431942477822304,-0.026762038469314575,-0.009467589668929577,0.9995970129966736
freeform_s0_cross,921,46.05259704589844,5.7779998779296875,5.797796726226807,5.672885417938232,6.117048263549805,5.672885417938232,5.797796726226807,False,14.0,0.22090163826942444,0.1598038524389267,0.0006630122661590576,0.004402803257107735,-0.026979083195328712,-0.009338011965155602,0.9995923638343811
freeform_s0_cross,922,46.10260772705078,5.7779998779296875,5.706898212432861,5.719844818115234,6.084946632385254,5.719844818115234,5.706898212432861,False,14.0,0.2215462028980255,0.1597926765680313,0.0006312131881713867,0.004399195313453674,-0.027162587270140648,-0.009224901907145977,0.9995884895324707
freeform_s0_cross,923,46.152618408203125,5.7779998779296875,6.370997428894043,6.486549377441406,5.894285678863525,6.486549377441406,6.370997428894043,False,14.0,0.22188755869865417,0.1597699671983719,0.0006672441959381104,0.004553493112325668,-0.027255387976765633,-0.009155935607850552,0.9995865821838379
freeform_s0_cross,924,46.20262908935547,5.7779998779296875,5.937962532043457,6.00769567489624,5.96543550491333,6.00769567489624,5.937962532043457,False,14.0,0.2223133146762848,0.15974147617816925,0.0007416307926177979,0.004713976755738258,-0.027364252135157585,-0.00906959269195795,0.9995843768119812
freeform_s0_cross,925,46.25263977050781,5.7779998779296875,5.689652919769287,5.8700103759765625,5.946882247924805,5.8700103759765625,5.689652919769287,False,14.0,0.22276178002357483,0.15978796780109406,0.0008211433887481689,0.0048176925629377365,-0.027457674965262413,-0.009017225354909897,0.9995822906494141
freeform_s0_cross,926,46.302650451660156,5.7779998779296875,5.776817321777344,5.7143402099609375,6.004749298095703,5.7143402099609375,5.776817321777344,False,14.0,0.22309556603431702,0.159880593419075,0.0009324252605438232,0.0048010144382715225,-0.02751167118549347,-0.009006798267364502,0.9995809197425842
freeform_s0_cross,927,46.3526611328125,5.7779998779296875,6.063625335693359,6.037367343902588,5.896000385284424,6.037367343902588,6.063625335693359,False,14.0,0.2234140932559967,0.15992476046085358,0.001031339168548584,0.004838712513446808,-0.02756631188094616,-0.008973888121545315,0.999579668045044
freeform_s0_cross,928,46.402671813964844,5.7779998779296875,6.865401744842529,6.46513557434082,6.043405532836914,6.46513557434082,6.865401744842529,False,14.0,0.22510340809822083,0.15981830656528473,0.0008236169815063477,0.004555484279990196,-0.02784535475075245,-0.0086268475279212,0.9995750188827515
freeform_s0_cross,929,46.45268249511719,5.7779998779296875,6.1520915031433105,5.633821487426758,6.179285049438477,5.633821487426758,6.1520915031433105,False,14.0,0.2259562909603119,0.15978415310382843,0.0007173717021942139,0.004515262320637703,-0.02793918550014496,-0.00846013892441988,0.999573826789856
freeform_s0_cross,930,46.50269317626953,5.7779998779296875,5.743280410766602,5.836920738220215,6.031656265258789,5.836920738220215,5.743280410766602,False,14.0,0.22643998265266418,0.15988890826702118,0.000675499439239502,0.004530897364020348,-0.027957571670413017,-0.008423663675785065,0.9995735883712769
freeform_s0_cross,931,46.552703857421875,5.7779998779296875,4.413809776306152,5.140720844268799,6.049200057983398,5.140720844268799,4.413809776306152,False,14.0,0.226996511220932,0.1599588394165039,0.000660628080368042,0.004550751298666,-0.02797626703977585,-0.008356388658285141,0.9995736479759216
freeform_s0_cross,932,46.60271453857422,5.7779998779296875,5.737681865692139,5.6353960037231445,6.137962341308594,5.6353960037231445,5.737681865692139,False,14.0,0.22762420773506165,0.15996259450912476,0.0006374716758728027,0.0044195763766765594,-0.027996547520160675,-0.008244765922427177,0.9995740056037903
freeform_s0_cross,933,46.65272521972656,5.7779998779296875,6.216536998748779,6.32149600982666,5.973587989807129,6.32149600982666,6.216536998748779,False,14.0,0.22809800505638123,0.15990924835205078,0.0006358325481414795,0.0044464170932769775,-0.028012188151478767,-0.008134786039590836,0.9995744824409485
freeform_s0_cross,934,46.702735900878906,5.7779998779296875,6.7109880447387695,6.686739921569824,5.864797592163086,6.686739921569824,6.7109880447387695,False,14.0,0.2285042107105255,0.15980251133441925,0.0006801486015319824,0.00469580851495266,-0.02802998758852482,-0.00801325123757124,0.9995749592781067
freeform_s0_cross,935,46.75274658203125,5.7779998779296875,0.23580093681812286,3.250253677368164,5.910425186157227,3.250253677368164,0.23580093681812286,False,14.0,0.22917476296424866,0.1597447544336319,0.0007415413856506348,0.004943318665027618,-0.028024772182106972,-0.007866461761295795,0.9995762705802917
freeform_s0_cross,936,46.802757263183594,5.7779998779296875,6.507880210876465,5.707839488983154,6.334856986999512,5.707839488983154,6.507880210876465,False,14.0,0.2304067313671112,0.15973731875419617,0.0006285905838012695,0.00441652350127697,-0.02795545943081379,-0.007640395779162645,0.9995799660682678
freeform_s0_cross,937,46.85276794433594,5.7779998779296875,6.20686674118042,5.874843120574951,6.128189563751221,5.874843120574951,6.20686674118042,False,14.0,0.23106393218040466,0.15974056720733643,0.0005568265914916992,0.004464717581868172,-0.027895571663975716,-0.007522557396441698,0.9995825290679932
freeform_s0_cross,938,46.90277862548828,5.7779998779296875,5.980907440185547,6.021444320678711,6.025942802429199,6.021444320678711,5.980907440185547,False,14.0,0.23130646347999573,0.15973810851573944,0.0005984306335449219,0.004554580897092819,-0.027870431542396545,-0.007477466017007828,0.9995836019515991
freeform_s0_cross,939,46.952789306640625,5.7779998779296875,6.186149597167969,6.1618547439575195,5.985223770141602,6.1618547439575195,6.186149597167969,False,14.0,0.23156854510307312,0.15971079468727112,0.0006844699382781982,0.004650553688406944,-0.027845529839396477,-0.007418378721922636,0.9995847344398499
freeform_s0_cross,940,47.00279998779297,5.7779998779296875,6.332334518432617,6.315018653869629,5.913949966430664,6.315018653869629,6.332334518432617,False,14.0,0.23187848925590515,0.1596897691488266,0.0007804334163665771,0.004803633317351341,-0.027811096981167793,-0.007353353314101696,0.9995861649513245
freeform_s0_cross,941,47.05281066894531,5.7779998779296875,5.3946990966796875,5.467694282531738,6.020168304443359,5.467694282531738,5.3946990966796875,False,14.0,0.23229661583900452,0.15980729460716248,0.000887066125869751,0.00488240085542202,-0.027733130380511284,-0.007325918413698673,0.9995884895324707
freeform_s0_cross,942,47.102821350097656,5.7779998779296875,5.8705735206604,5.832272529602051,5.971321105957031,5.832272529602051,5.8705735206604,False,14.0,0.23272612690925598,0.15990711748600006,0.0009691417217254639,0.004828989505767822,-0.0276508629322052,-0.007287962827831507,0.999591052532196
freeform_s0_cross,943,47.15283203125,5.7779998779296875,5.436959743499756,3.9940199851989746,6.314438819885254,3.9940199851989746,5.436959743499756,False,14.0,0.23417171835899353,0.15987572073936462,0.0008574724197387695,0.0046575069427490234,-0.02739901840686798,-0.007010225672274828,0.9995999932289124
freeform_s0_cross,944,47.202842712402344,5.7779998779296875,4.198494911193848,4.706674098968506,6.10788631439209,4.706674098968506,4.198494911193848,False,14.0,0.2354007065296173,0.15984539687633514,0.0006615519523620605,0.00466778501868248,-0.02713659591972828,-0.00677386624738574,0.9996087551116943
freeform_s0_cross,945,47.25285339355469,5.7779998779296875,5.958676338195801,5.760135650634766,6.190009117126465,5.760135650634766,5.958676338195801,False,14.0,0.2361481487751007,0.1598884016275406,0.0005426108837127686,0.004417112097144127,-0.02694493532180786,-0.006653619930148125,0.9996147751808167
freeform_s0_cross,946,47.30286407470703,5.7779998779296875,6.520994186401367,5.9817657470703125,6.207268714904785,5.9817657470703125,6.520994186401367,False,14.0,0.23674443364143372,0.15992692112922668,0.0004685819149017334,0.004341775551438332,-0.02678045630455017,-0.00655900314450264,0.9996198415756226
freeform_s0_cross,947,47.352874755859375,5.7779998779296875,5.36070442199707,5.529697895050049,6.138721466064453,5.529697895050049,5.36070442199707,False,14.0,0.23740914463996887,0.1599493771791458,0.0004086792469024658,0.004468876868486404,-0.026589931920170784,-0.006445996463298798,0.9996256232261658
freeform_s0_cross,948,47.40288543701172,5.7779998779296875,6.052013397216797,5.818527698516846,6.233482360839844,5.818527698516846,6.052013397216797,False,14.0,0.23814430832862854,0.1598757952451706,0.00035631656646728516,0.004361465573310852,-0.02638412080705166,-0.006286760326474905,0.9996321201324463
freeform_s0_cross,949,47.45289611816406,5.7779998779296875,5.702411651611328,5.666464328765869,6.216005325317383,5.666464328765869,5.702411651611328,False,14.0,0.2388184368610382,0.15981701016426086,0.00031754374504089355,0.004353996366262436,-0.02618221938610077,-0.006145140156149864,0.9996383190155029
freeform_s0_cross,950,47.502906799316406,5.7779998779296875,5.7203874588012695,5.772798538208008,6.178997039794922,5.772798538208008,5.7203874588012695,False,14.0,0.23946425318717957,0.15980246663093567,0.0002989470958709717,0.004375578835606575,-0.025971360504627228,-0.0060248044319450855,0.9996445178985596
freeform_s0_cross,951,47.55291748046875,5.7779998779296875,5.719371318817139,5.7405805587768555,6.192936897277832,5.7405805587768555,5.719371318817139,False,14.0,0.23998001217842102,0.15981850028038025,0.0003000497817993164,0.004378587007522583,-0.025791358202695847,-0.005938423331826925,0.999649703502655
freeform_s0_cross,952,47.602928161621094,5.7779998779296875,5.983349323272705,5.927624702453613,6.159711837768555,5.927624702453613,5.983349323272705,False,14.0,0.2403179109096527,0.15986312925815582,0.00034230947494506836,0.004409750923514366,-0.025664275512099266,-0.005893155466765165,0.9996532201766968
freeform_s0_cross,953,47.65293884277344,5.7779998779296875,6.172131538391113,6.1612548828125,6.081526756286621,6.1612548828125,6.172131538391113,False,14.0,0.24069085717201233,0.15989896655082703,0.00040203332901000977,0.0045028384774923325,-0.02552364021539688,-0.00583866098895669,0.999657154083252
freeform_s0_cross,954,47.70294952392578,5.7779998779296875,5.92877721786499,5.921802520751953,6.1019392013549805,5.921802520751953,5.92877721786499,False,14.0,0.24104323983192444,0.15988798439502716,0.00048810243606567383,0.0045527443289756775,-0.025396104902029037,-0.005772734992206097,0.9996607899665833
freeform_s0_cross,955,47.752960205078125,5.7779998779296875,6.043319225311279,6.029757499694824,6.050567150115967,6.029757499694824,6.043319225311279,False,14.0,0.24138328433036804,0.15989123284816742,0.0005732178688049316,0.004617635160684586,-0.025268234312534332,-0.005713774356991053,0.9996643662452698
freeform_s0_cross,956,47.80297088623047,5.7779998779296875,6.111856460571289,4.792251110076904,6.433700084686279,4.792251110076904,6.111856460571289,False,14.0,0.24263820052146912,0.1598546952009201,0.0005067288875579834,0.004478944465517998,-0.02478576824069023,-0.005482899956405163,0.9996777772903442
freeform_s0_cross,957,47.85298156738281,5.7779998779296875,4.980840682983398,5.302849292755127,6.172039985656738,5.302849292755127,4.980840682983398,False,14.0,0.24384412169456482,0.15978142619132996,0.00035449862480163574,0.004519149661064148,-0.02430223859846592,-0.005253393203020096,0.99969083070755
freeform_s0_cross,958,47.902992248535156,5.7779998779296875,5.3475871086120605,5.4048051834106445,6.250870704650879,5.4048051834106445,5.3475871086120605,False,14.0,0.24438759684562683,0.15984323620796204,0.00030872225761413574,0.0044167544692754745,-0.024060385301709175,-0.005178907420486212,0.9996970891952515
freeform_s0_cross,959,47.9530029296875,5.7779998779296875,5.926746845245361,5.927022933959961,6.1769208908081055,5.927022933959961,5.926746845245361,False,14.0,0.2448572814464569,0.15992049872875214,0.00028318166732788086,0.004388859495520592,-0.02384379133582115,-0.005121258087456226,0.9997025728225708
freeform_s0_cross,960,48.003013610839844,5.7779998779296875,5.858518600463867,5.6024956703186035,6.2920427322387695,5.6024956703186035,5.858518600463867,False,14.0,0.24548080563545227,0.15999704599380493,0.00026151537895202637,0.0043463874608278275,-0.023555899038910866,-0.005037121474742889,0.9997098445892334
freeform_s0_cross,961,48.05302429199219,5.7779998779296875,5.547631740570068,5.592486381530762,6.24333381652832,5.592486381530762,5.547631740570068,False,14.0,0.24613752961158752,0.16005031764507294,0.0002314448356628418,0.004329649731516838,-0.02325172908604145,-0.004941057879477739,0.9997174143791199
freeform_s0_cross,962,48.10303497314453,5.7779998779296875,5.47632360458374,5.894305229187012,6.0959672927856445,5.894305229187012,5.47632360458374,False,14.0,0.24687322974205017,0.16000975668430328,0.00019815564155578613,0.004455551505088806,-0.02292131818830967,-0.004807470832020044,0.9997256994247437
freeform_s0_cross,963,48.153045654296875,5.7779998779296875,5.469870090484619,5.27677059173584,6.384946823120117,5.27677059173584,5.469870090484619,False,14.0,0.24769923090934753,0.15993742644786835,0.00015541911125183105,0.00432550348341465,-0.02254699543118477,-0.004652841482311487,0.9997349381446838
freeform_s0_cross,964,48.20305633544922,5.7779998779296875,5.959052085876465,5.835719108581543,6.277565956115723,5.835719108581543,5.959052085876465,False,14.0,0.2484254539012909,0.15984100103378296,9.682774543762207e-05,0.004287345334887505,-0.02221684902906418,-0.0045109400525689125,0.9997429847717285
freeform_s0_cross,965,48.25306701660156,5.7779998779296875,5.797237873077393,5.757399559020996,6.277626037597656,5.757399559020996,5.797237873077393,False,14.0,0.2489394247531891,0.15971921384334564,9.417533874511719e-05,0.004300413653254509,-0.021988270804286003,-0.004398784600198269,0.9997485280036926
freeform_s0_cross,966,48.303077697753906,5.7779998779296875,6.374899864196777,6.461545944213867,6.076530456542969,6.461545944213867,6.374899864196777,False,14.0,0.2492786943912506,0.1596861630678177,0.00014346837997436523,0.004496272653341293,-0.021828414872288704,-0.004337307531386614,0.9997523427009583
freeform_s0_cross,967,48.35308837890625,5.7779998779296875,6.28939962387085,6.2247114181518555,6.120282173156738,6.2247114181518555,6.28939962387085,False,14.0,0.24952277541160583,0.1596861034631729,0.00026494264602661133,0.004655029624700546,-0.021709056571125984,-0.004299163352698088,0.9997550845146179
freeform_s0_cross,968,48.403099060058594,5.7779998779296875,6.488700866699219,6.481008052825928,6.013341426849365,6.481008052825928,6.488700866699219,False,14.0,0.2498323619365692,0.15968365967273712,0.00038301944732666016,0.004858894273638725,-0.02155732735991478,-0.004250448662787676,0.9997586011886597
freeform_s0_cross,969,48.45310974121094,5.7779998779296875,3.44204044342041,4.248891830444336,6.200560569763184,4.248891830444336,3.44204044342041,False,14.0,0.2504587471485138,0.15973630547523499,0.0004749298095703125,0.004995750263333321,-0.02123921923339367,-0.0041662720032036304,0.9997657537460327
freeform_s0_cross,970,48.50312042236328,5.7779998779296875,4.882123947143555,5.159594535827637,6.261092185974121,5.159594535827637,4.882123947143555,False,14.0,0.25146159529685974,0.15979662537574768,0.0004495978355407715,0.004641646519303322,-0.02072824351489544,-0.004027202259749174,0.9997770190238953
freeform_s0_cross,971,48.553131103515625,5.7779998779296875,5.05276346206665,5.422722816467285,6.138633728027344,5.422722816467285,5.05276346206665,False,14.0,0.25243064761161804,0.15985503792762756,0.00035518407821655273,0.004691978916525841,-0.020229190587997437,-0.0038946596905589104,0.9997878074645996
freeform_s0_cross,972,48.60314178466797,5.7779998779296875,5.981087684631348,6.015407562255859,6.212115287780762,6.015407562255859,5.981087684631348,False,14.0,0.25343433022499084,0.1598379909992218,0.0002313554286956787,0.004462726414203644,-0.019719339907169342,-0.0037432045210152864,0.9997985363006592
freeform_s0_cross,973,48.65315246582031,5.7779998779296875,5.878440856933594,5.8040289878845215,6.258998394012451,5.8040289878845215,5.878440856933594,False,14.0,0.2540827691555023,0.1598714292049408,0.00017386674880981445,0.004430146887898445,-0.01938154362142086,-0.0036562103778123856,0.9998054504394531
freeform_s0_cross,974,48.703163146972656,5.7779998779296875,5.969367504119873,5.740361213684082,6.324251651763916,5.740361213684082,5.969367504119873,False,14.0,0.25462332367897034,0.15993359684944153,0.00015237927436828613,0.004327232018113136,-0.019094249233603477,-0.00359124643728137,0.9998112320899963
freeform_s0_cross,975,48.753173828125,5.7779998779296875,5.555734634399414,5.474401473999023,6.36561393737793,5.474401473999023,5.555734634399414,False,14.0,0.2553563416004181,0.15992671251296997,3.5256147384643555e-05,0.004260402172803879,-0.018716787919402122,-0.0034862051252275705,0.999818742275238
freeform_s0_cross,976,48.803184509277344,5.7779998779296875,5.748970031738281,5.579401969909668,6.403589725494385,5.579401969909668,5.748970031738281,False,14.0,0.2560561001300812,0.15985554456710815,-6.905198097229004e-05,0.004146240651607513,-0.01836460269987583,-0.0033755016047507524,0.999825656414032
freeform_s0_cross,977,48.85319519042969,5.7779998779296875,5.575130939483643,5.59332799911499,6.387863636016846,5.59332799911499,5.575130939483643,False,14.0,0.25673362612724304,0.15976876020431519,-0.0001640021800994873,0.0041093528270721436,-0.018025338649749756,-0.0032672532834112644,0.9998322129249573
freeform_s0_cross,978,48.90320587158203,5.7779998779296875,5.652590274810791,5.669895172119141,6.388998985290527,5.669895172119141,5.652590274810791,False,14.0,0.25738731026649475,0.1597101092338562,-0.00021246075630187988,0.004092659801244736,-0.017694275826215744,-0.0031695254147052765,0.9998384118080139
freeform_s0_cross,979,48.953216552734375,5.7779998779296875,6.18400239944458,5.962738037109375,6.391757965087891,5.962738037109375,6.18400239944458,False,14.0,0.25791528820991516,0.15969423949718475,-0.00023385882377624512,0.004068922251462936,-0.017422761768102646,-0.003097542794421315,0.999843418598175
freeform_s0_cross,980,49.00322723388672,5.7779998779296875,5.873239517211914,6.105795860290527,6.244236469268799,6.105795860290527,5.873239517211914,False,14.0,0.25819477438926697,0.1596829742193222,-0.0001926422119140625,0.004228187724947929,-0.017279498279094696,-0.003059365786612034,0.9998460412025452
freeform_s0_cross,981,49.05323791503906,5.7779998779296875,6.16990327835083,6.318617820739746,6.191961765289307,6.318617820739746,6.16990327835083,False,14.0,0.25846728682518005,0.15966394543647766,-8.702278137207031e-05,0.004391957074403763,-0.01714092493057251,-0.003021056530997157,0.9998485445976257
freeform_s0_cross,982,49.103248596191406,5.7779998779296875,7.336747169494629,6.884103298187256,6.190673828125,6.884103298187256,7.336747169494629,False,14.0,0.2588838040828705,0.15965110063552856,2.944469451904297e-05,0.004465868696570396,-0.016927236691117287,-0.002965858206152916,0.9998522996902466
freeform_s0_cross,983,49.15325927734375,5.7779998779296875,6.1360931396484375,6.368121147155762,6.042192459106445,6.368121147155762,6.1360931396484375,False,14.0,0.2594108283519745,0.15964153409004211,0.00013649463653564453,0.00484853982925415,-0.016656475141644478,-0.00289805606007576,0.9998570680618286
freeform_s0_cross,984,49.203269958496094,5.7779998779296875,4.101664066314697,3.1346566677093506,6.6252570152282715,3.1346566677093506,4.101664066314697,False,14.0,0.2608599364757538,0.15970125794410706,0.00012487173080444336,0.004613315686583519,-0.01590540073812008,-0.002730097621679306,0.9998697638511658
freeform_s0_cross,985,49.25328063964844,5.7779998779296875,5.683541297912598,5.805909156799316,6.301369667053223,5.805909156799316,5.683541297912598,False,14.0,0.2618464529514313,0.1597224622964859,-2.950429916381836e-06,0.004367034882307053,-0.015400949865579605,-0.002616265555843711,0.9998779892921448
freeform_s0_cross,986,49.30329132080078,5.7779998779296875,5.838087558746338,5.932103157043457,6.25242805480957,5.932103157043457,5.838087558746338,False,14.0,0.26234665513038635,0.1598338782787323,-1.9997358322143555e-05,0.00441407598555088,-0.015135182067751884,-0.002574213081970811,0.999882161617279
freeform_s0_cross,987,49.353302001953125,5.7779998779296875,5.661378383636475,5.694969177246094,6.307019233703613,5.694969177246094,5.661378383636475,False,14.0,0.262838214635849,0.15993325412273407,-2.9802322387695312e-06,0.004430187866091728,-0.014876636676490307,-0.0025315391831099987,0.999886155128479
freeform_s0_cross,988,49.40331268310547,5.7779998779296875,5.283519744873047,5.252098083496094,6.396254539489746,5.252098083496094,5.283519744873047,False,14.0,0.26345083117485046,0.15998493134975433,-2.771615982055664e-06,0.004383999854326248,-0.014564743265509605,-0.0024687794502824545,0.9998908638954163
freeform_s0_cross,989,49.45332336425781,5.7779998779296875,6.232004642486572,5.821842193603516,6.384303569793701,5.821842193603516,6.232004642486572,False,14.0,0.2640667259693146,0.16001491248607635,-2.637505531311035e-05,0.004286523908376694,-0.014255941845476627,-0.0024036795366555452,0.9998955130577087
freeform_s0_cross,990,49.503334045410156,5.7779998779296875,5.6801018714904785,5.696645736694336,6.37461519241333,5.696645736694336,5.6801018714904785,False,14.0,0.2650092542171478,0.15990109741687775,-0.00016191601753234863,0.0042516328394412994,-0.013805268332362175,-0.0022859240416437387,0.999902069568634
freeform_s0_cross,991,49.5533447265625,5.7779998779296875,5.583580493927002,5.517518043518066,6.457865238189697,5.517518043518066,5.583580493927002,False,14.0,0.2657405436038971,0.15981650352478027,-0.0002518594264984131,0.004170982167124748,-0.013458648696541786,-0.0021979459561407566,0.9999070167541504
freeform_s0_cross,992,49.603355407714844,5.7779998779296875,5.710433006286621,5.708434581756592,6.426382541656494,5.708434581756592,5.710433006286621,False,14.0,0.2663761079311371,0.1597760021686554,-0.000313490629196167,0.004127604886889458,-0.013156694360077381,-0.002127470215782523,0.9999111890792847
freeform_s0_cross,993,49.65336608886719,5.7779998779296875,7.293847560882568,7.308662414550781,6.093785285949707,7.308662414550781,7.293847560882568,False,14.0,0.2667740285396576,0.16021229326725006,-0.0003342628479003906,0.0044026561081409454,-0.012922074645757675,-0.0021379943937063217,0.9999142289161682
freeform_s0_cross,994,49.70337677001953,5.7779998779296875,3.9582979679107666,3.9246439933776855,6.750765323638916,3.9246439933776855,3.9582979679107666,False,14.0,0.26702722907066345,0.16184674203395844,-0.0002849400043487549,0.004264090210199356,-0.012627932243049145,-0.002292560413479805,0.9999176263809204
freeform_s0_cross,995,49.753387451171875,5.7779998779296875,5.420714855194092,5.792875289916992,6.316917896270752,5.792875289916992,5.420714855194092,False,14.0,0.2671409547328949,0.1643172651529312,-0.0003413259983062744,0.00421803817152977,-0.012287277728319168,-0.002527767326682806,0.9999213218688965
freeform_s0_cross,996,49.80339813232422,5.7779998779296875,5.76459264755249,5.671964168548584,6.466041564941406,5.671964168548584,5.76459264755249,False,14.0,0.26709023118019104,0.1668999046087265,-0.0003457367420196533,0.004156952723860741,-0.011980021372437477,-0.00276152603328228,0.9999244213104248
freeform_s0_cross,997,49.85340881347656,5.7779998779296875,5.140257358551025,4.854372024536133,6.6596174240112305,4.854372024536133,5.140257358551025,False,14.0,0.266885906457901,0.16885383427143097,-0.00031960010528564453,0.003985345363616943,-0.01180209033191204,-0.002939842641353607,0.9999260306358337
freeform_s0_cross,998,49.903419494628906,5.7779998779296875,3.2278895378112793,5.309423446655273,6.075716972351074,5.309423446655273,3.2278895378112793,False,14.0,0.2664341628551483,0.17129144072532654,-0.0003267228603363037,0.004170572385191917,-0.01164171751588583,-0.003167850663885474,0.9999272227287292
freeform_s0_cross,999,49.95343017578125,5.7779998779296875,6.966752529144287,6.743956565856934,6.354850769042969,6.743956565856934,6.966752529144287,False,14.0,0.26642999053001404,0.17424167692661285,-0.00041726231575012207,0.004009772092103958,-0.01118678692728281,-0.0033239664044231176,0.9999318718910217
freeform_s0_cross,1000,50.003440856933594,5.7779998779296875,5.503248691558838,5.504270553588867,6.484267234802246,5.504270553588867,5.503248691558838,False,14.0,0.266225665807724,0.17688126862049103,-0.00041916966438293457,0.004096167162060738,-0.010844751261174679,-0.0034574810415506363,0.9999352097511292
freeform_s0_cross,1001,50.05345153808594,5.7779998779296875,7.095282077789307,6.158797264099121,6.580664157867432,6.158797264099121,7.095282077789307,False,14.0,0.2657839357852936,0.17869748175144196,-0.00039315223693847656,0.0038621779531240463,-0.01071889791637659,-0.0035800195764750242,0.9999361634254456
freeform_s0_cross,1002,50.10346221923828,5.7779998779296875,6.720709800720215,6.515227794647217,6.321872234344482,6.515227794647217,6.720709800720215,False,14.0,0.2653181850910187,0.18146546185016632,-0.00041472911834716797,0.004046222195029259,-0.01042721327394247,-0.003703710390254855,0.9999387860298157
freeform_s0_cross,1003,50.153472900390625,5.7779998779296875,6.472886562347412,5.592659950256348,6.671992301940918,5.592659950256348,6.472886562347412,False,14.0,0.26491519808769226,0.18419571220874786,-0.00041356682777404785,0.003944722935557365,-0.01010313630104065,-0.0037818963173776865,0.9999418258666992
freeform_s0_cross,1004,50.20348358154297,5.7779998779296875,4.7875566482543945,5.406900882720947,6.350666046142578,5.406900882720947,4.7875566482543945,False,14.0,0.26433125138282776,0.18643277883529663,-0.00038295984268188477,0.004111174494028091,-0.009921683929860592,-0.0038664168678224087,0.9999433159828186
freeform_s0_cross,1005,50.25349426269531,5.7779998779296875,5.991092205047607,5.752898216247559,6.509926795959473,5.752898216247559,5.991092205047607,False,14.0,0.2637082040309906,0.1888227015733719,-0.0004019737243652344,0.0039639342576265335,-0.009717382490634918,-0.0039338842034339905,0.9999450445175171
freeform_s0_cross,1006,50.303504943847656,5.7779998779296875,5.609499454498291,5.593874931335449,6.494396209716797,5.593874931335449,5.609499454498291,False,14.0,0.26299938559532166,0.1914212554693222,-0.0004474520683288574,0.003943609073758125,-0.009496908634901047,-0.003987275995314121,0.9999469518661499
freeform_s0_cross,1007,50.353515625,5.7779998779296875,5.165743350982666,5.716620445251465,6.357270240783691,5.716620445251465,5.165743350982666,False,14.0,0.2621189057826996,0.19372574985027313,-0.0004584193229675293,0.004009254276752472,-0.009379221126437187,-0.004058857448399067,0.9999477863311768
freeform_s0_cross,1008,50.403526306152344,5.7779998779296875,5.309032440185547,5.359004974365234,6.578962326049805,5.359004974365234,5.309032440185547,False,14.0,0.2612708508968353,0.19588077068328857,-0.00046315789222717285,0.0038221850991249084,-0.00926998257637024,-0.004113393370062113,0.9999485611915588
freeform_s0_cross,1009,50.45353698730469,5.7779998779296875,6.572610378265381,6.872391700744629,6.2164764404296875,6.872391700744629,6.572610378265381,False,14.0,0.26012566685676575,0.1977478265762329,-0.00047835707664489746,0.0039136093109846115,-0.009302428923547268,-0.004222676157951355,0.9999477863311768
freeform_s0_cross,1010,50.50354766845703,5.7779998779296875,5.9449381828308105,5.512768745422363,6.619537353515625,5.512768745422363,5.9449381828308105,False,14.0,0.25870081782341003,0.20035958290100098,-0.00047969818115234375,0.0038498006761074066,-0.009278567507863045,-0.004325391259044409,0.9999476075172424
freeform_s0_cross,1011,50.553558349609375,5.7779998779296875,5.33001708984375,5.7419328689575195,6.3784074783325195,5.7419328689575195,5.33001708984375,False,14.0,0.25705668330192566,0.20236583054065704,-0.00048229098320007324,0.003954729065299034,-0.009422635659575462,-0.004492373671382666,0.9999455213546753
freeform_s0_cross,1012,50.60356903076172,5.7779998779296875,7.0615153312683105,6.298274040222168,6.578240871429443,6.298274040222168,7.0615153312683105,False,14.0,0.2556915581226349,0.20333756506443024,-0.0004348158836364746,0.00365503691136837,-0.009663973934948444,-0.004676895681768656,0.9999423623085022
freeform_s0_cross,1013,50.65357971191406,5.7779998779296875,5.425758361816406,5.640401363372803,6.384657859802246,5.640401363372803,5.425758361816406,False,14.0,0.2548470199108124,0.20371514558792114,-0.00042560696601867676,0.0038993917405605316,-0.009853709489107132,-0.0048088980838656425,0.9999398589134216
freeform_s0_cross,1014,50.703590393066406,5.7779998779296875,5.935894966125488,6.003355503082275,6.3826799392700195,6.003355503082275,5.935894966125488,False,14.0,0.25415071845054626,0.2038593292236328,-0.00040152668952941895,0.003922468051314354,-0.010041902773082256,-0.004932261072099209,0.9999374151229858
freeform_s0_cross,1015,50.75360107421875,5.7779998779296875,5.249858379364014,5.526017189025879,6.423800945281982,5.526017189025879,5.249858379364014,False,14.0,0.2534908950328827,0.20391124486923218,-0.00037148594856262207,0.0039483122527599335,-0.010236923582851887,-0.005057629197835922,0.9999347925186157
freeform_s0_cross,1016,50.803611755371094,5.7779998779296875,5.876271724700928,5.874935150146484,6.420488357543945,5.874935150146484,5.876271724700928,False,14.0,0.25285741686820984,0.2039289027452469,-0.0003737509250640869,0.003905186429619789,-0.010430827736854553,-0.005182321183383465,0.9999321699142456
freeform_s0_cross,1017,50.85362243652344,5.7779998779296875,5.936500549316406,5.938722133636475,6.400613784790039,5.938722133636475,5.936500549316406,False,14.0,0.2522111237049103,0.2039334774017334,-0.00036853551864624023,0.003926679491996765,-0.010631627403199673,-0.005312412511557341,0.9999293684959412
freeform_s0_cross,1018,50.90363311767578,5.7779998779296875,5.7422380447387695,5.7317914962768555,6.433140754699707,5.7317914962768555,5.7422380447387695,False,14.0,0.25156334042549133,0.20392516255378723,-0.0003514587879180908,0.003936145454645157,-0.01083570159971714,-0.005445703398436308,0.9999264478683472
freeform_s0_cross,1019,50.953643798828125,5.7779998779296875,5.835506916046143,5.849022388458252,6.4023847579956055,5.849022388458252,5.835506916046143,False,14.0,0.25092652440071106,0.20392653346061707,-0.0003362298011779785,0.003942316398024559,-0.01103438064455986,-0.005577611271291971,0.999923586845398
freeform_s0_cross,1020,51.00365447998047,5.7779998779296875,5.656290054321289,5.711886405944824,6.414302825927734,5.711886405944824,5.656290054321289,False,14.0,0.25028565526008606,0.20392641425132751,-0.0003196299076080322,0.003946663811802864,-0.011234469711780548,-0.005712168291211128,0.9999205470085144
freeform_s0_cross,1021,51.05366516113281,5.7779998779296875,5.8093695640563965,5.795065402984619,6.411881446838379,5.795065402984619,5.8093695640563965,False,14.0,0.24964585900306702,0.20393452048301697,-0.00031048059463500977,0.003929123282432556,-0.011432124301791191,-0.005847372580319643,0.9999175667762756
freeform_s0_cross,1022,51.103675842285156,5.7779998779296875,5.752567768096924,5.81572151184082,6.384708404541016,5.81572151184082,5.752567768096924,False,14.0,0.24899223446846008,0.20392918586730957,-0.00029966235160827637,0.00394633412361145,-0.011636410839855671,-0.005988434422761202,0.9999143481254578
freeform_s0_cross,1023,51.1536865234375,5.7779998779296875,5.813967704772949,5.799922466278076,6.400083541870117,5.799922466278076,5.813967704772949,False,14.0,0.24834993481636047,0.2039237767457962,-0.00028392672538757324,0.003943007439374924,-0.011836492456495762,-0.006128687411546707,0.9999111890792847
freeform_s0_cross,1024,51.203697204589844,5.7779998779296875,5.95163631439209,5.871955871582031,6.408448219299316,5.871955871582031,5.95163631439209,False,14.0,0.2477256953716278,0.20394039154052734,-0.00028327107429504395,0.003912582993507385,-0.01202525943517685,-0.006264319643378258,0.9999080896377563
freeform_s0_cross,1025,51.25370788574219,5.7779998779296875,6.085727691650391,5.908881187438965,6.404650688171387,5.908881187438965,6.085727691650391,False,14.0,0.24708989262580872,0.20394134521484375,-0.0002795755863189697,0.003924483433365822,-0.01221992913633585,-0.00640548299998045,0.9999048113822937
freeform_s0_cross,1026,51.30371856689453,5.7779998779296875,5.727653980255127,5.755897521972656,6.3824615478515625,5.755897521972656,5.727653980255127,False,14.0,0.24644717574119568,0.2039252519607544,-0.0002549290657043457,0.003962196409702301,-0.012419246137142181,-0.006551398430019617,0.9999014139175415
freeform_s0_cross,1027,51.353729248046875,5.7779998779296875,5.712860107421875,5.6566925048828125,6.417421817779541,5.6566925048828125,5.712860107421875,False,14.0,0.24580439925193787,0.2039264589548111,-0.00023865699768066406,0.003938520327210426,-0.012613179162144661,-0.0066969869658350945,0.9998980164527893
freeform_s0_cross,1028,51.40373992919922,5.7779998779296875,5.768487453460693,5.795719623565674,6.372563362121582,5.795719623565674,5.768487453460693,False,14.0,0.24516573548316956,0.20392751693725586,-0.0002359449863433838,0.0039425380527973175,-0.012804164551198483,-0.006843014620244503,0.9998946189880371
freeform_s0_cross,1029,51.45375061035156,5.7779998779296875,5.62578010559082,5.633341312408447,6.405125141143799,5.633341312408447,5.62578010559082,False,14.0,0.2445119321346283,0.20392315089702606,-0.0002319812774658203,0.0039339326322078705,-0.012998920865356922,-0.0069944472052156925,0.9998910427093506
freeform_s0_cross,1030,51.503761291503906,5.7779998779296875,5.521883487701416,5.665184020996094,6.377416610717773,5.665184020996094,5.521883487701416,False,14.0,0.24386903643608093,0.20392218232154846,-0.00023132562637329102,0.003919756039977074,-0.013187447562813759,-0.007144283503293991,0.9998875260353088
freeform_s0_cross,1031,51.55377197265625,5.7779998779296875,5.809357166290283,5.797441482543945,6.386492729187012,5.797441482543945,5.809357166290283,False,14.0,0.24323329329490662,0.20392391085624695,-0.0002384483814239502,0.003892742097377777,-0.013370855711400509,-0.007293350994586945,0.9998840093612671
freeform_s0_cross,1032,51.603782653808594,5.7779998779296875,5.988405227661133,5.907856464385986,6.376823902130127,5.907856464385986,5.988405227661133,False,14.0,0.24259665608406067,0.2039293646812439,-0.00023385882377624512,0.003893418237566948,-0.013551019132137299,-0.007443333975970745,0.9998804926872253
freeform_s0_cross,1033,51.65379333496094,5.7779998779296875,5.732535362243652,5.748655319213867,6.374522686004639,5.748655319213867,5.732535362243652,False,14.0,0.24195483326911926,0.20392991602420807,-0.00021782517433166504,0.003920188173651695,-0.013730932027101517,-0.007596192881464958,0.999876856803894
freeform_s0_cross,1034,51.70380401611328,5.7779998779296875,5.873142242431641,5.8300089836120605,6.376084327697754,5.8300089836120605,5.873142242431641,False,14.0,0.24131998419761658,0.20393863320350647,-0.00020632147789001465,0.0039049051702022552,-0.013903840444982052,-0.007747445721179247,0.9998733401298523
freeform_s0_cross,1035,51.753814697265625,5.7779998779296875,5.6765055656433105,5.726537704467773,6.367011070251465,5.726537704467773,5.6765055656433105,False,14.0,0.24068179726600647,0.20393720269203186,-0.00019592046737670898,0.003917589783668518,-0.014076768420636654,-0.007901657372713089,0.999869704246521
freeform_s0_cross,1036,51.80382537841797,5.7779998779296875,5.792040824890137,5.779243469238281,6.371258735656738,5.779243469238281,5.792040824890137,False,14.0,0.24003562331199646,0.2039288878440857,-0.00018918514251708984,0.0039032120257616043,-0.014249885454773903,-0.00805957056581974,0.9998660087585449
freeform_s0_cross,1037,51.85383605957031,5.7779998779296875,5.891409397125244,5.924866676330566,6.3291707038879395,5.924866676330566,5.891409397125244,False,14.0,0.2393956482410431,0.20392510294914246,-0.00017726421356201172,0.003924671560525894,-0.014416401274502277,-0.00821629911661148,0.9998623132705688
freeform_s0_cross,1038,51.903846740722656,5.7779998779296875,5.793403625488281,5.770485877990723,6.360801696777344,5.770485877990723,5.793403625488281,False,14.0,0.23875191807746887,0.20392318069934845,-0.00015413761138916016,0.00393056683242321,-0.014579294249415398,-0.008374513126909733,0.9998586177825928
freeform_s0_cross,1039,51.953857421875,5.7779998779296875,5.636746883392334,5.600503921508789,6.394317626953125,5.600503921508789,5.636746883392334,False,14.0,0.23809435963630676,0.20393438637256622,-0.00015050172805786133,0.003905531018972397,-0.014737876132130623,-0.008535192348062992,0.9998549818992615
freeform_s0_cross,1040,52.003868103027344,5.7779998779296875,5.737564563751221,5.78703498840332,6.342194557189941,5.78703498840332,5.737564563751221,False,14.0,0.23745426535606384,0.20393842458724976,-0.00015023350715637207,0.0039000194519758224,-0.014889237470924854,-0.008693105541169643,0.9998513460159302
freeform_s0_cross,1041,52.05387878417969,5.7779998779296875,5.775245189666748,5.811458110809326,6.33004903793335,5.811458110809326,5.775245189666748,False,14.0,0.23681595921516418,0.20393450558185577,-0.00013566017150878906,0.003924312070012093,-0.015037279576063156,-0.008852176368236542,0.9998477697372437
freeform_s0_cross,1042,52.10388946533203,5.7779998779296875,5.705601692199707,5.788231372833252,6.324109077453613,5.788231372833252,5.705601692199707,False,14.0,0.23617884516716003,0.20393288135528564,-0.00012040138244628906,0.003937341272830963,-0.015179374255239964,-0.009011151269078255,0.9998441934585571
freeform_s0_cross,1043,52.153900146484375,5.7779998779296875,5.830661296844482,5.802628517150879,6.341297149658203,5.802628517150879,5.830661296844482,False,14.0,0.23553994297981262,0.20393212139606476,-0.00010398030281066895,0.003923553973436356,-0.015316273085772991,-0.009170877747237682,0.9998406171798706
freeform_s0_cross,1044,52.20391082763672,5.7779998779296875,5.672703266143799,5.590269088745117,6.401849746704102,5.590269088745117,5.672703266143799,False,14.0,0.2348986566066742,0.2039356827735901,-0.00011685490608215332,0.003865787759423256,-0.015446918085217476,-0.009330956265330315,0.9998371601104736
freeform_s0_cross,1045,52.25392150878906,5.7779998779296875,5.744466781616211,5.765311241149902,6.347529411315918,5.765311241149902,5.744466781616211,False,14.0,0.23426195979118347,0.2039363831281662,-0.00013968348503112793,0.003852538764476776,-0.015571446157991886,-0.009490531869232655,0.9998337030410767
freeform_s0_cross,1046,52.303932189941406,5.7779998779296875,5.748134613037109,5.737585544586182,6.363600254058838,5.737585544586182,5.748134613037109,False,14.0,0.23361966013908386,0.2039368450641632,-0.0001481175422668457,0.0038370732218027115,-0.015690920874476433,-0.009651729837059975,0.9998303055763245
freeform_s0_cross,1047,52.35394287109375,5.7779998779296875,5.7666778564453125,5.769855976104736,6.35490608215332,5.769855976104736,5.7666778564453125,False,14.0,0.23298004269599915,0.20393536984920502,-0.00015163421630859375,0.0038306824862957,-0.015803920105099678,-0.009812632575631142,0.999826967716217
freeform_s0_cross,1048,52.403953552246094,5.7779998779296875,5.766082286834717,5.762869834899902,6.356785774230957,5.762869834899902,5.766082286834717,False,14.0,0.23234090209007263,0.2039337009191513,-0.0001494884490966797,0.0038250796496868134,-0.015910184010863304,-0.009973468258976936,0.9998236894607544
freeform_s0_cross,1049,52.45396423339844,5.7779998779296875,5.658548831939697,5.66940975189209,6.369065284729004,5.66940975189209,5.658548831939697,False,14.0,0.23170533776283264,0.2039327174425125,-0.00014823675155639648,0.0038175173103809357,-0.016008781269192696,-0.010133247822523117,0.9998205304145813
freeform_s0_cross,1050,52.50397491455078,5.7779998779296875,5.526791095733643,5.656525611877441,6.352297782897949,5.656525611877441,5.526791095733643,False,14.0,0.23106274008750916,0.20393285155296326,-0.00014519691467285156,0.0038020294159650803,-0.0161009319126606,-0.010294483043253422,0.9998173713684082
freeform_s0_cross,1051,52.553985595703125,5.7779998779296875,5.818506717681885,5.846048355102539,6.3304595947265625,5.846048355102539,5.818506717681885,False,14.0,0.2304244339466095,0.20393730700016022,-0.00014278292655944824,0.0038069915026426315,-0.01618390716612339,-0.01045376155525446,0.9998143911361694
freeform_s0_cross,1052,52.60399627685547,5.7779998779296875,5.657258033752441,5.742038249969482,6.336575508117676,5.742038249969482,5.657258033752441,False,14.0,0.229776531457901,0.2039346694946289,-0.00013452768325805664,0.0038190167397260666,-0.01626204140484333,-0.010616167448461056,0.9998114109039307
freeform_s0_cross,1053,52.65400695800781,5.7779998779296875,5.821948528289795,5.791520118713379,6.351883888244629,5.791520118713379,5.821948528289795,False,14.0,0.2291337549686432,0.20393165946006775,-0.00012436509132385254,0.0037963055074214935,-0.016331549733877182,-0.010776937939226627,0.9998085498809814
freeform_s0_cross,1054,52.704017639160156,5.7779998779296875,5.930927276611328,5.892116546630859,6.332705497741699,5.892116546630859,5.930927276611328,False,14.0,0.22850236296653748,0.20393772423267365,-0.00011739134788513184,0.0037906616926193237,-0.016389477998018265,-0.010932988487184048,0.9998059272766113
freeform_s0_cross,1055,52.7540283203125,5.7779998779296875,5.709719181060791,5.73255729675293,6.338728427886963,5.73255729675293,5.709719181060791,False,14.0,0.22786304354667664,0.20393870770931244,-0.00010624527931213379,0.0038083363324403763,-0.016440998762845993,-0.011091189458966255,0.9998033046722412
freeform_s0_cross,1056,52.804039001464844,5.7779998779296875,5.8011884689331055,5.798112392425537,6.331707954406738,5.798112392425537,5.8011884689331055,False,14.0,0.22722145915031433,0.2039380967617035,-9.569525718688965e-05,0.0038033723831176758,-0.016484335064888,-0.011249509640038013,0.9998008608818054
freeform_s0_cross,1057,52.85404968261719,5.7779998779296875,5.810025215148926,5.830678939819336,6.314969062805176,5.830678939819336,5.810025215148926,False,14.0,0.2265755832195282,0.2039339393377304,-8.20457935333252e-05,0.0038154926151037216,-0.01651971973478794,-0.011408659629523754,0.9997984766960144
freeform_s0_cross,1058,52.90406036376953,5.7779998779296875,5.793433666229248,5.785150527954102,6.323349952697754,5.785150527954102,5.793433666229248,False,14.0,0.22593197226524353,0.2039315104484558,-6.416440010070801e-05,0.003818957135081291,-0.01654522679746151,-0.011566104367375374,0.9997962117195129
freeform_s0_cross,1059,52.954071044921875,5.7779998779296875,5.835085868835449,5.934171676635742,6.250524520874023,5.934171676635742,5.835085868835449,False,14.0,0.2252979576587677,0.20393595099449158,-2.714991569519043e-05,0.0038846414536237717,-0.01655937172472477,-0.01171914953738451,0.9997941851615906
freeform_s0_cross,1060,53.00408172607422,5.7779998779296875,5.388105392456055,5.593141078948975,6.292756080627441,5.593141078948975,5.388105392456055,False,14.0,0.2246541678905487,0.20393893122673035,1.3321638107299805e-05,0.0038952454924583435,-0.016564425081014633,-0.01187372300773859,0.9997922778129578
freeform_s0_cross,1061,53.05409240722656,5.7779998779296875,5.860698699951172,5.8091888427734375,6.310757637023926,5.8091888427734375,5.860698699951172,False,14.0,0.22401657700538635,0.20393846929073334,1.0281801223754883e-05,0.0038377512246370316,-0.01656041480600834,-0.012026204727590084,0.9997905492782593
freeform_s0_cross,1062,53.104103088378906,5.7779998779296875,5.796440124511719,5.77103328704834,6.301606178283691,5.77103328704834,5.796440124511719,False,14.0,0.22337868809700012,0.20393799245357513,1.1444091796875e-05,0.0038419701159000397,-0.016546405851840973,-0.012177515774965286,0.9997889399528503
freeform_s0_cross,1063,53.15411376953125,5.7779998779296875,5.765357971191406,5.773942947387695,6.291877746582031,5.773942947387695,5.765357971191406,False,14.0,0.22273936867713928,0.20393776893615723,1.8656253814697266e-05,0.003846263512969017,-0.01652206853032112,-0.01232778001576662,0.9997875094413757
freeform_s0_cross,1064,53.204124450683594,5.7779998779296875,5.717957496643066,5.722979545593262,6.300780773162842,5.722979545593262,5.717957496643066,False,14.0,0.22209426760673523,0.20393671095371246,2.3931264877319336e-05,0.003841787576675415,-0.0164871234446764,-0.01247808150947094,0.9997861981391907
freeform_s0_cross,1065,53.25413513183594,5.7779998779296875,5.748260974884033,5.748093605041504,6.296037673950195,5.748093605041504,5.748260974884033,False,14.0,0.22145119309425354,0.20393773913383484,2.9772520065307617e-05,0.0038313213735818863,-0.016441041603684425,-0.012626001611351967,0.9997851252555847
freeform_s0_cross,1066,53.30414581298828,5.7779998779296875,5.781451225280762,5.796324729919434,6.280111789703369,5.796324729919434,5.781451225280762,False,14.0,0.22081217169761658,0.20393729209899902,3.552436828613281e-05,0.0038381777703762054,-0.01638476736843586,-0.012771597132086754,0.9997841715812683
freeform_s0_cross,1067,53.354156494140625,5.7779998779296875,5.648031711578369,5.688714981079102,6.293868064880371,5.688714981079102,5.648031711578369,False,14.0,0.2201668918132782,0.20393982529640198,4.112720489501953e-05,0.003834424540400505,-0.016316156834363937,-0.012916351668536663,0.999783456325531
freeform_s0_cross,1068,53.40416717529297,5.7779998779296875,5.8089680671691895,5.792987823486328,6.289252758026123,5.792987823486328,5.8089680671691895,False,14.0,0.21952679753303528,0.20394252240657806,4.190206527709961e-05,0.003814633935689926,-0.016236882656812668,-0.013058065436780453,0.999782919883728
freeform_s0_cross,1069,53.45417785644531,5.7779998779296875,6.1335015296936035,5.723426818847656,6.361758232116699,5.723426818847656,6.1335015296936035,False,14.0,0.21891263127326965,0.20393376052379608,4.032254219055176e-05,0.0037819165736436844,-0.01615268923342228,-0.013194190338253975,0.9997825026512146
freeform_s0_cross,1070,53.504188537597656,5.7779998779296875,5.740475177764893,5.6527605056762695,6.355767250061035,5.6527605056762695,5.740475177764893,False,14.0,0.2184499204158783,0.2038411647081375,8.642673492431641e-07,0.0036885924637317657,-0.016100801527500153,-0.01331051904708147,0.9997817873954773
freeform_s0_cross,1071,53.55419921875,5.7779998779296875,5.276813983917236,5.701347351074219,6.1791887283325195,5.701347351074219,5.276813983917236,False,14.0,0.21767625212669373,0.20388075709342957,1.8388032913208008e-05,0.0038627609610557556,-0.01595849171280861,-0.01346875075250864,0.9997819066047668
freeform_s0_cross,1072,53.604209899902344,5.7779998779296875,6.0966596603393555,5.937378406524658,6.296886444091797,5.937378406524658,6.0966596603393555,False,14.0,0.2169792354106903,0.2039189338684082,6.413459777832031e-05,0.0037866737693548203,-0.015815459191799164,-0.013608025386929512,0.9997823238372803
freeform_s0_cross,1073,53.65422058105469,5.7779998779296875,5.717897891998291,5.784849166870117,6.244531631469727,5.784849166870117,5.717897891998291,False,14.0,0.2163359820842743,0.2039307951927185,8.893013000488281e-05,0.0038497652858495712,-0.01567610166966915,-0.013738208450376987,0.9997827410697937
freeform_s0_cross,1074,53.70423126220703,5.7779998779296875,5.811018943786621,5.767169952392578,6.278090953826904,5.767169952392578,5.811018943786621,False,14.0,0.21569141745567322,0.20393389463424683,0.0001093149185180664,0.0038260258734226227,-0.01552628818899393,-0.01386776752769947,0.9997832775115967
freeform_s0_cross,1075,53.754241943359375,5.7779998779296875,5.806440353393555,5.803824424743652,6.252223968505859,5.803824424743652,5.806440353393555,False,14.0,0.2150518000125885,0.20393528044223785,0.00011977553367614746,0.0038358252495527267,-0.015366007573902607,-0.013994126580655575,0.999783992767334
freeform_s0_cross,1076,53.80425262451172,5.7779998779296875,5.776440143585205,5.768228530883789,6.258176326751709,5.768228530883789,5.776440143585205,False,14.0,0.2144087851047516,0.2039344310760498,0.0001322031021118164,0.0038339775055646896,-0.015193228609859943,-0.014118952676653862,0.9997848868370056
freeform_s0_cross,1077,53.85426330566406,5.7779998779296875,5.736633777618408,5.723959922790527,6.26307487487793,5.723959922790527,5.736633777618408,False,14.0,0.21377107501029968,0.2039346843957901,0.00014102458953857422,0.003827108070254326,-0.015009637922048569,-0.014239880256354809,0.9997859597206116
freeform_s0_cross,1078,53.904273986816406,5.7779998779296875,5.779353618621826,5.784355163574219,6.247591972351074,5.784355163574219,5.779353618621826,False,14.0,0.21313384175300598,0.20393532514572144,0.0001448988914489746,0.0038242489099502563,-0.014814112335443497,-0.014357899315655231,0.9997871518135071
freeform_s0_cross,1079,53.95428466796875,5.7779998779296875,5.779476165771484,5.783254146575928,6.244401931762695,5.783254146575928,5.779476165771484,False,14.0,0.21249231696128845,0.2039351463317871,0.00015398859977722168,0.003826623782515526,-0.014605275355279446,-0.014473998919129372,0.9997885823249817
freeform_s0_cross,1080,54.004295349121094,5.7779998779296875,5.737895488739014,5.755331993103027,6.244163990020752,5.755331993103027,5.737895488739014,False,14.0,0.21185150742530823,0.20393310487270355,0.00016424059867858887,0.0038257334381341934,-0.01438481081277132,-0.014587352983653545,0.9997901320457458
freeform_s0_cross,1081,54.05430603027344,5.7779998779296875,5.780864238739014,5.782286643981934,6.239020347595215,5.782286643981934,5.780864238739014,False,14.0,0.21121248602867126,0.20393382012844086,0.00017306208610534668,0.0038236845284700394,-0.014152349904179573,-0.014696857891976833,0.9997918605804443
freeform_s0_cross,1082,54.10431671142578,5.7779998779296875,5.77106237411499,5.778403282165527,6.235142230987549,5.778403282165527,5.77106237411499,False,14.0,0.21056798100471497,0.2039364129304886,0.00018262863159179688,0.003824731335043907,-0.013905342668294907,-0.014803805388510227,0.9997937083244324
freeform_s0_cross,1083,54.154327392578125,5.7779998779296875,4.773736476898193,5.277299404144287,6.232630729675293,5.277299404144287,4.773736476898193,False,14.0,0.2099454700946808,0.2039301097393036,0.0001932978630065918,0.003823818638920784,-0.013656535185873508,-0.014905640855431557,0.9997956156730652
freeform_s0_cross,1084,54.20433807373047,5.7779998779296875,5.864283561706543,5.8474860191345215,6.245841979980469,5.8474860191345215,5.864283561706543,False,14.0,0.2094268798828125,0.20386910438537598,0.00016066431999206543,0.0037382226437330246,-0.013449135236442089,-0.014998424798250198,0.9997970461845398
freeform_s0_cross,1085,54.25434875488281,5.7779998779296875,5.198402404785156,5.247300148010254,6.332292556762695,5.247300148010254,5.198402404785156,False,14.0,0.20888495445251465,0.20380784571170807,0.00014156103134155273,0.0036983415484428406,-0.013223037123680115,-0.015092624351382256,0.9997986555099487
freeform_s0_cross,1086,54.304359436035156,5.7779998779296875,5.359340667724609,5.416244029998779,6.314022064208984,5.416244029998779,5.359340667724609,False,14.0,0.20805177092552185,0.20389100909233093,0.00010514259338378906,0.003670239821076393,-0.012832153588533401,-0.01519973948597908,0.9998021125793457
freeform_s0_cross,1087,54.3543701171875,5.7779998779296875,6.2444939613342285,6.3824462890625,6.118426322937012,6.3824462890625,6.2444939613342285,False,14.0,0.20737478137016296,0.20392119884490967,0.00010401010513305664,0.0037296414375305176,-0.012505750171840191,-0.015289290808141232,0.9998049139976501
freeform_s0_cross,1088,54.404380798339844,5.7779998779296875,5.685220718383789,5.644196510314941,6.276205062866211,5.644196510314941,5.685220718383789,False,14.0,0.20671674609184265,0.20393182337284088,0.00015795230865478516,0.0037608053535223007,-0.012178685516119003,-0.015375942923128605,0.999807596206665
freeform_s0_cross,1089,54.45439147949219,5.7779998779296875,5.878052234649658,5.898200035095215,6.208304405212402,5.898200035095215,5.878052234649658,False,14.0,0.20608749985694885,0.20393308997154236,0.00018540024757385254,0.003772258758544922,-0.011855658143758774,-0.015456822700798512,0.9998102188110352
freeform_s0_cross,1090,54.50440216064453,5.7779998779296875,4.813528537750244,5.039839744567871,6.311427116394043,5.039839744567871,4.813528537750244,False,14.0,0.20543506741523743,0.20393934845924377,0.00019755959510803223,0.003748934715986252,-0.011508401483297348,-0.015535925514996052,0.9998130798339844
freeform_s0_cross,1091,54.554412841796875,5.7779998779296875,5.95538854598999,5.889559268951416,6.262681007385254,5.889559268951416,5.95538854598999,False,14.0,0.20479846000671387,0.20394277572631836,0.00013971328735351562,0.003619246184825897,-0.011158561334013939,-0.01560977939516306,0.9998158812522888
freeform_s0_cross,1092,54.60442352294922,5.7779998779296875,5.6310272216796875,5.638519287109375,6.286675453186035,5.638519287109375,5.6310272216796875,False,14.0,0.20415881276130676,0.2039419710636139,0.00010514259338378906,0.003615114837884903,-0.010796383023262024,-0.01568090170621872,0.999818742275238
freeform_s0_cross,1093,54.65443420410156,5.7779998779296875,5.738733291625977,5.732142925262451,6.2847490310668945,5.732142925262451,5.738733291625977,False,14.0,0.20351988077163696,0.20394104719161987,8.237361907958984e-05,0.0035836752504110336,-0.010423608124256134,-0.015748022124171257,0.999821662902832
freeform_s0_cross,1094,54.704444885253906,5.7779998779296875,5.650604724884033,5.606143951416016,6.33128547668457,5.606143951416016,5.650604724884033,False,14.0,0.20286577939987183,0.2039419263601303,5.099177360534668e-05,0.0035236813127994537,-0.010030601173639297,-0.015812238678336143,0.9998246431350708
freeform_s0_cross,1095,54.75445556640625,5.7779998779296875,6.859292507171631,6.61203670501709,6.197992324829102,6.61203670501709,6.859292507171631,False,14.0,0.20224428176879883,0.20393839478492737,3.5256147384643555e-05,0.003541821613907814,-0.009647280909121037,-0.015870120376348495,0.99982750415802
freeform_s0_cross,1096,54.804466247558594,5.7779998779296875,5.5432257652282715,5.615437984466553,6.260797500610352,5.615437984466553,5.5432257652282715,False,14.0,0.20160317420959473,0.20393900573253632,0.0001043081283569336,0.0036724917590618134,-0.009241164661943913,-0.015924932435154915,0.9998304843902588
freeform_s0_cross,1097,54.85447692871094,5.7779998779296875,5.0720601081848145,5.165064334869385,6.377535343170166,5.165064334869385,5.0720601081848145,False,14.0,0.200974702835083,0.20393255352973938,0.0001239180564880371,0.003546392545104027,-0.008833657018840313,-0.01597589999437332,0.999833345413208
freeform_s0_cross,1098,54.90448760986328,5.7779998779296875,5.716771602630615,5.776071548461914,6.261600494384766,5.776071548461914,5.716771602630615,False,14.0,0.20042940974235535,0.20387792587280273,7.927417755126953e-05,0.0035199597477912903,-0.008475658483803272,-0.016026021912693977,0.9998356699943542
freeform_s0_cross,1099,54.954498291015625,5.7779998779296875,5.59674596786499,5.503997325897217,6.359195709228516,5.503997325897217,5.59674596786499,False,14.0,0.19987544417381287,0.20382273197174072,4.64320182800293e-05,0.003448858857154846,-0.008104059845209122,-0.016073688864707947,0.9998379945755005
freeform_s0_cross,1100,55.00450897216797,5.7779998779296875,5.638764381408691,5.692938804626465,6.297239303588867,5.692938804626465,5.638764381408691,False,14.0,0.19934505224227905,0.20373906195163727,1.6391277313232422e-05,0.0034347809851169586,-0.007742783520370722,-0.016122084110975266,0.9998400807380676
freeform_s0_cross,1101,55.05451965332031,5.7779998779296875,5.109601974487305,5.4066925048828125,6.226244926452637,5.4066925048828125,5.109601974487305,False,14.0,0.1984477937221527,0.203862264752388,9.810924530029297e-05,0.00365598127245903,-0.007102041970938444,-0.01614721491932869,0.9998444318771362
freeform_s0_cross,1102,55.104530334472656,5.7779998779296875,5.992419242858887,5.807914733886719,6.303044319152832,5.807914733886719,5.992419242858887,False,14.0,0.1977408230304718,0.20390839874744415,0.0001417696475982666,0.003539193421602249,-0.0065886410884559155,-0.016170473769307137,0.9998475313186646
freeform_s0_cross,1103,55.154541015625,5.7779998779296875,5.679654121398926,5.7541279792785645,6.231054306030273,5.7541279792785645,5.679654121398926,False,14.0,0.19710075855255127,0.20392239093780518,0.00014352798461914062,0.0035835877060890198,-0.006116397678852081,-0.01619202271103859,0.9998502135276794
freeform_s0_cross,1104,55.204551696777344,5.7779998779296875,5.703312397003174,5.551390171051025,6.357006072998047,5.551390171051025,5.703312397003174,False,14.0,0.19645649194717407,0.20393668115139008,0.0001100301742553711,0.003442920744419098,-0.005632951855659485,-0.01620909385383129,0.9998527765274048
freeform_s0_cross,1105,55.25456237792969,5.7779998779296875,5.62877893447876,5.689532279968262,6.280043125152588,5.689532279968262,5.62877893447876,False,14.0,0.1958233118057251,0.20394067466259003,6.252527236938477e-05,0.003433624282479286,-0.005150442477315664,-0.01622323878109455,0.999855101108551
freeform_s0_cross,1106,55.30457305908203,5.7779998779296875,5.7406110763549805,5.7155914306640625,6.309831142425537,5.7155914306640625,5.7406110763549805,False,14.0,0.1951848566532135,0.20394200086593628,3.516674041748047e-05,0.0033930446952581406,-0.004656533244997263,-0.01623343862593174,0.9998573660850525
freeform_s0_cross,1107,55.354583740234375,5.7779998779296875,5.7057929039001465,5.724248886108398,6.30149507522583,5.724248886108398,5.7057929039001465,False,14.0,0.19454392790794373,0.20394256711006165,1.6063451766967773e-05,0.0033802110701799393,-0.004153538960963488,-0.016239171847701073,0.9998595118522644
freeform_s0_cross,1108,55.40459442138672,5.7779998779296875,5.739049911499023,5.730653762817383,6.311857223510742,5.730653762817383,5.739049911499023,False,14.0,0.19390398263931274,0.20394296944141388,4.559755325317383e-06,0.003358094021677971,-0.003644496202468872,-0.016240252181887627,0.999861478805542
freeform_s0_cross,1109,55.45460510253906,5.7779998779296875,5.727164268493652,5.745226860046387,6.304390907287598,5.745226860046387,5.727164268493652,False,14.0,0.1932699978351593,0.20394504070281982,-3.069639205932617e-06,0.003348691388964653,-0.0031338545959442854,-0.016236376017332077,0.9998632669448853
freeform_s0_cross,1110,55.504615783691406,5.7779998779296875,5.808693885803223,5.792182922363281,6.307257175445557,5.792182922363281,5.808693885803223,False,14.0,0.19262683391571045,0.20394444465637207,-7.569789886474609e-06,0.003333747386932373,-0.002609719056636095,-0.016228212043642998,0.999864935874939
freeform_s0_cross,1111,55.55462646484375,5.7779998779296875,5.740875244140625,5.7324042320251465,6.314587593078613,5.7324042320251465,5.740875244140625,False,14.0,0.19198071956634521,0.2039439082145691,-8.374452590942383e-06,0.0033241380006074905,-0.002077396959066391,-0.016215171664953232,0.9998663663864136
freeform_s0_cross,1112,55.604637145996094,5.7779998779296875,5.773417949676514,5.939617156982422,6.22450590133667,5.939617156982422,5.773417949676514,False,14.0,0.1914474070072174,0.20389340817928314,-5.811452865600586e-06,0.003401024267077446,-0.0016324154566973448,-0.016210000962018967,0.9998672604560852
freeform_s0_cross,1113,55.65464782714844,5.7779998779296875,5.517369270324707,5.605031490325928,6.317354202270508,5.605031490325928,5.517369270324707,False,14.0,0.19088751077651978,0.20384496450424194,1.0728836059570312e-05,0.003383329138159752,-0.001161058316938579,-0.016200127080082893,0.9998680949211121
freeform_s0_cross,1114,55.70465850830078,5.7779998779296875,5.81294584274292,5.812516212463379,6.290313243865967,5.812516212463379,5.81294584274292,False,14.0,0.1903679072856903,0.2037607878446579,1.9282102584838867e-05,0.0033613108098506927,-0.0007182233966886997,-0.016194891184568405,0.9998685717582703
freeform_s0_cross,1115,55.754669189453125,5.7779998779296875,5.696015357971191,5.655656337738037,6.318559646606445,5.655656337738037,5.696015357971191,False,14.0,0.18981888890266418,0.20369116961956024,2.9772520065307617e-05,0.00334957055747509,-0.0002471255720593035,-0.01618231274187565,0.9998690485954285
freeform_s0_cross,1116,55.80467987060547,5.7779998779296875,5.395698547363281,5.276749610900879,6.413734436035156,5.276749610900879,5.395698547363281,False,14.0,0.1888364851474762,0.20385238528251648,3.3915042877197266e-05,0.003260469064116478,0.0005875855567865074,-0.016098415479063988,0.999870240688324
freeform_s0_cross,1117,55.85469055175781,5.7779998779296875,5.633347034454346,5.8449811935424805,6.22847843170166,5.8449811935424805,5.633347034454346,False,14.0,0.18812218308448792,0.20391249656677246,1.2278556823730469e-05,0.003301488235592842,0.0012009850470349193,-0.01604090817272663,0.9998705983161926
freeform_s0_cross,1118,55.904701232910156,5.7779998779296875,5.119570255279541,5.427861213684082,6.313523292541504,5.427861213684082,5.119570255279541,False,14.0,0.18755421042442322,0.20392251014709473,1.2159347534179688e-05,0.003263631835579872,0.0016933358274400234,-0.01599782519042492,0.9998705983161926
freeform_s0_cross,1119,55.9547119140625,5.7779998779296875,5.505835056304932,5.670689582824707,6.278814315795898,5.670689582824707,5.505835056304932,False,14.0,0.18729156255722046,0.20385731756687164,2.682209014892578e-07,0.003271205350756645,0.0019271326018497348,-0.01598930172622204,0.9998703002929688
freeform_s0_cross,1120,56.004722595214844,5.7779998779296875,5.753515720367432,5.700728416442871,6.337743282318115,5.700728416442871,5.753515720367432,False,14.0,0.18693774938583374,0.20379269123077393,-2.3245811462402344e-06,0.003201797604560852,0.0022413586266338825,-0.015972301363945007,0.9998699426651001
freeform_s0_cross,1121,56.05473327636719,5.7779998779296875,8.636664390563965,8.526008605957031,5.978008270263672,8.526008605957031,8.636664390563965,False,14.0,0.18627625703811646,0.20371773838996887,-2.8967857360839844e-05,0.003385862335562706,0.0028276171069592237,-0.015928177163004875,0.999869167804718
freeform_s0_cross,1122,56.10474395751953,5.7779998779296875,5.2283501625061035,5.721125602722168,6.112205505371094,5.721125602722168,5.2283501625061035,False,14.0,0.18581241369247437,0.2036493718624115,5.3882598876953125e-05,0.003846151754260063,0.0032418854534626007,-0.01589699275791645,0.9998683929443359
freeform_s0_cross,1123,56.154754638671875,5.7779998779296875,0.9971389174461365,1.3289587497711182,6.634430408477783,1.3289587497711182,0.9971389174461365,False,14.0,0.1846020221710205,0.2037949562072754,0.00014290213584899902,0.003535989671945572,0.004292882513254881,-0.015745246782898903,0.9998668432235718
freeform_s0_cross,1124,56.20476531982422,5.7779998779296875,7.763393878936768,7.049626350402832,6.266485214233398,7.049626350402832,7.763393878936768,False,14.0,0.18368810415267944,0.20389437675476074,0.00010102987289428711,0.003156973049044609,0.005085844546556473,-0.015621508471667767,0.9998650550842285
freeform_s0_cross,1125,56.25477600097656,5.7779998779296875,5.249976634979248,5.189373970031738,6.372488498687744,5.189373970031738,5.249976634979248,False,14.0,0.1829862892627716,0.20392857491970062,7.995963096618652e-05,0.003272084519267082,0.0056983716785907745,-0.015527530573308468,0.9998632073402405
freeform_s0_cross,1126,56.304786682128906,5.7779998779296875,5.812234878540039,5.974189281463623,6.197456359863281,5.974189281463623,5.812234878540039,False,14.0,0.18244236707687378,0.20388728380203247,5.733966827392578e-05,0.003313826397061348,0.006181228440254927,-0.015462794341146946,0.9998613595962524
freeform_s0_cross,1127,56.35479736328125,5.7779998779296875,5.428594589233398,5.566013336181641,6.2887773513793945,5.566013336181641,5.428594589233398,False,14.0,0.18189159035682678,0.20383378863334656,6.195902824401855e-05,0.0033166389912366867,0.006671448703855276,-0.01539579313248396,0.9998592138290405
freeform_s0_cross,1128,56.404808044433594,5.7779998779296875,5.840147972106934,5.826435089111328,6.2791748046875,5.826435089111328,5.840147972106934,False,14.0,0.1813598871231079,0.20375514030456543,6.395578384399414e-05,0.0032754261046648026,0.007148200646042824,-0.015332518145442009,0.9998568892478943
freeform_s0_cross,1129,56.45481872558594,5.7779998779296875,5.572787761688232,5.212709426879883,6.473174095153809,5.212709426879883,5.572787761688232,False,14.0,0.18049395084381104,0.2038583606481552,4.744529724121094e-05,0.003137366846203804,0.007887126877903938,-0.015181957744061947,0.9998536109924316
freeform_s0_cross,1130,56.50482940673828,5.7779998779296875,5.557157516479492,5.819129467010498,6.217080116271973,5.819129467010498,5.557157516479492,False,14.0,0.17977723479270935,0.20391324162483215,1.6957521438598633e-05,0.003204548731446266,0.00849874597042799,-0.015056433156132698,0.9998505115509033
freeform_s0_cross,1131,56.554840087890625,5.7779998779296875,5.901899337768555,5.823366165161133,6.313482284545898,5.823366165161133,5.901899337768555,False,14.0,0.17913269996643066,0.2039305865764618,1.2964010238647461e-05,0.003155430778861046,0.009050292894244194,-0.014944258145987988,0.9998473525047302
freeform_s0_cross,1132,56.60485076904297,5.7779998779296875,5.589048385620117,5.679125785827637,6.2855377197265625,5.679125785827637,5.589048385620117,False,14.0,0.17849674820899963,0.2039368897676468,1.7702579498291016e-05,0.0031889863312244415,0.009592726826667786,-0.014830945990979671,0.9998440146446228
freeform_s0_cross,1133,56.65486145019531,5.7779998779296875,4.885796546936035,5.336092948913574,6.29464864730835,5.336092948913574,4.885796546936035,False,14.0,0.17794010043144226,0.2039320170879364,2.530217170715332e-05,0.0031650736927986145,0.010066220536828041,-0.014729898422956467,0.9998408555984497
freeform_s0_cross,1134,56.704872131347656,5.7779998779296875,5.562016487121582,5.730343818664551,6.267871856689453,5.730343818664551,5.562016487121582,False,14.0,0.17766818404197693,0.2038756161928177,1.1563301086425781e-05,0.0031472984701395035,0.01030658558011055,-0.014688532799482346,0.9998390078544617
freeform_s0_cross,1135,56.7548828125,5.7779998779296875,5.758151054382324,5.692051887512207,6.338944435119629,5.692051887512207,5.758151054382324,False,14.0,0.17727512121200562,0.20382575690746307,7.271766662597656e-06,0.003078160807490349,0.010647082701325417,-0.014621865935623646,0.9998363852500916
freeform_s0_cross,1136,56.804893493652344,5.7779998779296875,4.710107803344727,5.3295183181762695,6.268557548522949,5.3295183181762695,4.710107803344727,False,14.0,0.17629322409629822,0.20385059714317322,-3.641843795776367e-05,0.003105597570538521,0.011461088433861732,-0.014422549866139889,0.9998303055763245
freeform_s0_cross,1137,56.85490417480469,5.7779998779296875,6.477688312530518,6.419088363647461,6.232895851135254,6.419088363647461,6.477688312530518,False,14.0,0.17528685927391052,0.20390908420085907,-6.267428398132324e-05,0.0030490681529045105,0.012274730950593948,-0.014202169142663479,0.999823808670044
freeform_s0_cross,1138,56.90491485595703,5.7779998779296875,5.865254878997803,5.771568298339844,6.340476989746094,5.771568298339844,5.865254878997803,False,14.0,0.17455971240997314,0.20392505824565887,-5.683302879333496e-05,0.003088526427745819,0.012858636677265167,-0.01404083427041769,0.999818742275238
freeform_s0_cross,1139,56.954925537109375,5.7779998779296875,5.713649272918701,5.7530012130737305,6.308955192565918,5.7530012130737305,5.713649272918701,False,14.0,0.17389968037605286,0.20392408967018127,-4.735589027404785e-05,0.003109833225607872,0.013384869322180748,-0.013892271555960178,0.9998139142990112
freeform_s0_cross,1140,57.00493621826172,5.7779998779296875,5.589786529541016,5.8142476081848145,6.233639717102051,5.8142476081848145,5.589786529541016,False,14.0,0.17334920167922974,0.20389088988304138,-2.2470951080322266e-05,0.003222459927201271,0.013825872913002968,-0.013770327903330326,0.9998096227645874
freeform_s0_cross,1141,57.05494689941406,5.7779998779296875,6.459061622619629,6.345146656036377,6.222224235534668,6.345146656036377,6.459061622619629,False,14.0,0.1728074550628662,0.20384716987609863,1.2606382369995117e-05,0.003243114799261093,0.014257782138884068,-0.013649122789502144,0.999805212020874
freeform_s0_cross,1142,57.104957580566406,5.7779998779296875,5.7534332275390625,5.650414943695068,6.331745147705078,5.650414943695068,5.7534332275390625,False,14.0,0.17230817675590515,0.20378687977790833,5.2601099014282227e-05,0.0032512955367565155,0.014656471088528633,-0.013538070023059845,0.9998009204864502
freeform_s0_cross,1143,57.15496826171875,5.7779998779296875,5.667307376861572,5.72885799407959,6.284615516662598,5.72885799407959,5.667307376861572,False,14.0,0.17177540063858032,0.20372647047042847,7.453560829162598e-05,0.0032169315963983536,0.015076449140906334,-0.013416155241429806,0.9997963309288025
freeform_s0_cross,1144,57.204978942871094,5.7779998779296875,5.595071315765381,5.166103363037109,6.488493919372559,5.166103363037109,5.595071315765381,False,14.0,0.17082318663597107,0.2038373351097107,6.160140037536621e-05,0.0030641835182905197,0.015758153051137924,-0.01315580029040575,0.999789297580719
freeform_s0_cross,1145,57.25498962402344,5.7779998779296875,6.6003193855285645,6.271317481994629,6.229805946350098,6.271317481994629,6.6003193855285645,False,14.0,0.17009574174880981,0.20389679074287415,3.549456596374512e-05,0.003140682354569435,0.016271846368908882,-0.012955422513186932,0.9997836947441101
freeform_s0_cross,1146,57.30500030517578,5.7779998779296875,6.087409496307373,6.410338401794434,6.053045272827148,6.410338401794434,6.087409496307373,False,14.0,0.1696721613407135,0.2039094716310501,7.551908493041992e-05,0.0033934246748685837,0.01657133176922798,-0.012840053997933865,0.9997802376747131
freeform_s0_cross,1147,57.355010986328125,5.7779998779296875,6.5778069496154785,6.448561191558838,6.136959552764893,6.448561191558838,6.5778069496154785,False,14.0,0.16942504048347473,0.20386925339698792,0.0001766979694366455,0.0034985411912202835,0.016757138073444366,-0.012779579497873783,0.9997779130935669
freeform_s0_cross,1148,57.40502166748047,5.7779998779296875,6.474825382232666,6.548259735107422,5.997501850128174,6.548259735107422,6.474825382232666,False,14.0,0.16924923658370972,0.2038208544254303,0.00031179189682006836,0.0037817973643541336,0.0168940220028162,-0.01273935753852129,0.9997761249542236
freeform_s0_cross,1149,57.45503234863281,5.7779998779296875,6.363779544830322,6.366558074951172,6.0047607421875,6.366558074951172,6.363779544830322,False,14.0,0.16907081007957458,0.2037905901670456,0.00046247243881225586,0.003996554762125015,0.017027217894792557,-0.012695232406258583,0.9997744560241699
freeform_s0_cross,1150,57.505043029785156,5.7779998779296875,6.382940769195557,6.382697105407715,5.9525041580200195,6.382697105407715,6.382940769195557,False,14.0,0.16886931657791138,0.2037590742111206,0.0006108880043029785,0.004195816814899445,0.017176153138279915,-0.01264462061226368,0.9997725486755371
freeform_s0_cross,1151,57.5550537109375,5.7779998779296875,8.037615776062012,6.866042613983154,6.198132514953613,6.866042613983154,8.037615776062012,False,14.0,0.1678459346294403,0.20378614962100983,0.0006417930126190186,0.003866860643029213,0.01786644384264946,-0.012352289631962776,0.999764084815979
freeform_s0_cross,1152,57.605064392089844,5.7779998779296875,0.6925448179244995,0.5777038335800171,6.477944374084473,0.5777038335800171,0.6925448179244995,False,14.0,0.16613787412643433,0.2039010226726532,0.0006088316440582275,0.0036341138184070587,0.018940754234790802,-0.011833864264190197,0.999750554561615
freeform_s0_cross,1153,57.65507507324219,5.7779998779296875,6.790970802307129,6.217286586761475,6.267042636871338,6.217286586761475,6.790970802307129,False,14.0,0.16530823707580566,0.20393821597099304,0.00042450428009033203,0.003194192424416542,0.019440798088908195,-0.01157649140805006,0.9997439980506897
freeform_s0_cross,1154,57.70508575439453,5.7779998779296875,6.021088600158691,5.814009189605713,6.232264518737793,5.814009189605713,6.021088600158691,False,14.0,0.16444742679595947,0.20391100645065308,0.00028973817825317383,0.0032233186066150665,0.01996086910367012,-0.011313777416944504,0.9997367262840271
freeform_s0_cross,1155,57.755096435546875,5.7779998779296875,4.2868571281433105,4.455846786499023,6.419966220855713,4.455846786499023,4.2868571281433105,False,14.0,0.1637125313282013,0.20390209555625916,0.00020629167556762695,0.0031481776386499405,0.020385045558214188,-0.011082812212407589,0.9997307658195496
freeform_s0_cross,1156,57.80510711669922,5.7779998779296875,5.831645488739014,6.002743721008301,6.198942184448242,6.002743721008301,5.831645488739014,False,14.0,0.16301697492599487,0.20391376316547394,9.703636169433594e-05,0.003049088642001152,0.02076665684580803,-0.010857521556317806,0.9997254014015198
freeform_s0_cross,1157,57.85511779785156,5.7779998779296875,5.794968128204346,5.747736930847168,6.2996344566345215,5.747736930847168,5.794968128204346,False,14.0,0.16237929463386536,0.20393088459968567,5.957484245300293e-05,0.0030213799327611923,0.02110264264047146,-0.010647005401551723,0.9997206330299377
freeform_s0_cross,1158,57.905128479003906,5.7779998779296875,5.997564315795898,5.959609031677246,6.268331527709961,5.959609031677246,5.997564315795898,False,14.0,0.1617380678653717,0.20393288135528564,3.49879264831543e-05,0.0030207931995391846,0.021434010937809944,-0.010434736497700214,0.9997158050537109
freeform_s0_cross,1159,57.95513916015625,5.7779998779296875,5.789069175720215,5.720916748046875,6.3155927658081055,5.720916748046875,5.789069175720215,False,14.0,0.16109228134155273,0.20393133163452148,3.409385681152344e-05,0.003008369356393814,0.021757235750555992,-0.010218678042292595,0.9997110366821289
freeform_s0_cross,1160,58.005149841308594,5.7779998779296875,6.215653896331787,6.565662384033203,6.017589092254639,6.565662384033203,6.215653896331787,False,14.0,0.1606578528881073,0.2039235532283783,7.474422454833984e-05,0.003296099603176117,0.021970313042402267,-0.010072767734527588,0.9997078776359558
freeform_s0_cross,1161,58.05516052246094,5.7779998779296875,6.396888256072998,6.1660614013671875,6.218790531158447,6.1660614013671875,6.396888256072998,False,14.0,0.16025394201278687,0.20392197370529175,0.00017723441123962402,0.0033427421003580093,0.02216169238090515,-0.009935200214385986,0.9997050166130066
freeform_s0_cross,1162,58.10517120361328,5.7779998779296875,0.35757771134376526,1.8656105995178223,6.397175312042236,1.8656105995178223,0.35757771134376526,False,14.0,0.1595507562160492,0.20392614603042603,0.0002467334270477295,0.0033862385898828506,0.022481301799416542,-0.009692286141216755,0.9997003078460693
freeform_s0_cross,1163,58.155181884765625,5.7779998779296875,8.03148078918457,6.661561965942383,6.439172744750977,6.661561965942383,8.03148078918457,False,14.0,0.15862375497817993,0.20393019914627075,0.00016739964485168457,0.002882257103919983,0.022881221026182175,-0.009367748163640499,0.999694287776947
freeform_s0_cross,1164,58.20519256591797,5.7779998779296875,4.701977729797363,4.819320201873779,6.3741679191589355,4.819320201873779,4.701977729797363,False,14.0,0.15788540244102478,0.20391839742660522,0.00011241436004638672,0.0030423495918512344,0.02318715676665306,-0.009107851423323154,0.9996896386146545
freeform_s0_cross,1165,58.25520324707031,5.7779998779296875,5.774566650390625,5.913570880889893,6.227388381958008,5.913570880889893,5.774566650390625,False,14.0,0.15723013877868652,0.20391832292079926,6.622076034545898e-05,0.0029879529029130936,0.023441631346940994,-0.008873239159584045,0.9996858239173889
freeform_s0_cross,1166,58.305213928222656,5.7779998779296875,5.864682197570801,5.753715515136719,6.321872234344482,5.753715515136719,5.864682197570801,False,14.0,0.15659618377685547,0.20392030477523804,4.2498111724853516e-05,0.0029386598616838455,0.023675084114074707,-0.00864383950829506,0.9996823072433472
freeform_s0_cross,1167,58.355224609375,5.7779998779296875,5.563223838806152,5.589046001434326,6.315108299255371,5.589046001434326,5.563223838806152,False,14.0,0.15595859289169312,0.20392844080924988,2.7477741241455078e-05,0.0029442068189382553,0.023895688354969025,-0.008410261943936348,0.9996790885925293
freeform_s0_cross,1168,58.405235290527344,5.7779998779296875,5.844648838043213,6.030760765075684,6.192502021789551,6.030760765075684,5.844648838043213,False,14.0,0.1553933322429657,0.20389579236507416,2.8133392333984375e-05,0.0030180346220731735,0.02409590780735016,-0.008206975646317005,0.999675989151001
freeform_s0_cross,1169,58.45524597167969,5.7779998779296875,6.161520957946777,6.018219470977783,6.274344444274902,6.018219470977783,6.161520957946777,False,14.0,0.1548459231853485,0.20384259521961212,5.182623863220215e-05,0.0030168071389198303,0.02428901381790638,-0.00801156461238861,0.9996728897094727
freeform_s0_cross,1170,58.50525665283203,5.7779998779296875,3.8883678913116455,4.129734992980957,6.507105827331543,4.129734992980957,3.8883678913116455,False,14.0,0.15415775775909424,0.203851580619812,6.681680679321289e-05,0.0029595568776130676,0.024491259828209877,-0.0077537656761705875,0.9996699690818787
freeform_s0_cross,1171,58.555267333984375,5.7779998779296875,5.935782432556152,6.271909713745117,6.142960548400879,6.271909713745117,5.935782432556152,False,14.0,0.1534167230129242,0.20389679074287415,8.791685104370117e-06,0.0029012057930231094,0.024680059403181076,-0.007469300180673599,0.9996675252914429
freeform_s0_cross,1172,58.60527801513672,5.7779998779296875,5.963491916656494,5.72904109954834,6.374528884887695,5.72904109954834,5.963491916656494,False,14.0,0.15275582671165466,0.20391447842121124,-5.0067901611328125e-06,0.00283040851354599,0.024843282997608185,-0.007216863799840212,0.9996653199195862
freeform_s0_cross,1173,58.65528869628906,5.7779998779296875,5.186469554901123,5.16288948059082,6.419368743896484,5.16288948059082,5.186469554901123,False,14.0,0.15211591124534607,0.20392431318759918,-3.412365913391113e-05,0.002793664112687111,0.02499193511903286,-0.006971907336264849,0.9996633529663086
freeform_s0_cross,1174,58.705299377441406,5.7779998779296875,6.639503479003906,6.647101402282715,6.1304850578308105,6.647101402282715,6.639503479003906,False,14.0,0.15165215730667114,0.20392072200775146,-4.252791404724121e-05,0.002937721088528633,0.0250963494181633,-0.006794896442443132,0.999661922454834
freeform_s0_cross,1175,58.75531005859375,5.7779998779296875,6.256002902984619,6.184112548828125,6.208634853363037,6.184112548828125,6.256002902984619,False,14.0,0.15131399035453796,0.2038780152797699,3.644824028015137e-05,0.003110218793153763,0.02518400177359581,-0.00667050713673234,0.9996605515480042
freeform_s0_cross,1176,58.805320739746094,5.7779998779296875,6.231359481811523,6.24238395690918,6.147844314575195,6.24238395690918,6.231359481811523,False,14.0,0.1509915292263031,0.20379851758480072,0.00013124942779541016,0.0032657403498888016,0.025279562920331955,-0.006556472275406122,0.9996589422225952
freeform_s0_cross,1177,58.85533142089844,5.7779998779296875,6.226708889007568,6.216440200805664,6.124342441558838,6.216440200805664,6.226708889007568,False,14.0,0.1506536900997162,0.2037307620048523,0.00023233890533447266,0.0034078601747751236,0.02537066861987114,-0.006434603128582239,0.999657392501831
freeform_s0_cross,1178,58.90534210205078,5.7779998779296875,1.4152191877365112,0.9588465690612793,6.610621452331543,0.9588465690612793,1.4152191877365112,False,14.0,0.14928150177001953,0.20386077463626862,0.0002499520778656006,0.0030575059354305267,0.02555062621831894,-0.005884900689125061,0.9996562004089355
freeform_s0_cross,1179,58.955352783203125,5.7779998779296875,7.4754638671875,7.131733417510986,6.158357620239258,7.131733417510986,7.4754638671875,False,14.0,0.14834365248680115,0.20389842987060547,9.885430335998535e-05,0.00277053564786911,0.025662951171398163,-0.005513205658644438,0.9996554255485535
freeform_s0_cross,1180,59.00536346435547,5.7779998779296875,5.386560440063477,5.147229194641113,6.443900108337402,5.147229194641113,5.386560440063477,False,14.0,0.14764460921287537,0.2039104849100113,3.921985626220703e-05,0.0027940459549427032,0.025737177580595016,-0.005236966535449028,0.99965500831604
freeform_s0_cross,1181,59.05537414550781,5.7779998779296875,5.377629280090332,5.624552249908447,6.2697601318359375,5.624552249908447,5.377629280090332,False,14.0,0.14699921011924744,0.2039111852645874,-9.03010368347168e-06,0.00280909426510334,0.02579806186258793,-0.004982395097613335,0.9996547698974609
freeform_s0_cross,1182,59.105384826660156,5.7779998779296875,6.082810878753662,6.225571632385254,6.189971923828125,6.225571632385254,6.082810878753662,False,14.0,0.14642006158828735,0.20388983190059662,-1.4424324035644531e-05,0.002864982932806015,0.02585192397236824,-0.004755982663482428,0.9996544718742371
freeform_s0_cross,1183,59.1553955078125,5.7779998779296875,4.806056022644043,5.219981670379639,6.328615665435791,5.219981670379639,4.806056022644043,False,14.0,0.14581862092018127,0.2038569152355194,6.854534149169922e-06,0.002869049087166786,0.025902803987264633,-0.004521559923887253,0.999654233455658
freeform_s0_cross,1184,59.205406188964844,5.7779998779296875,6.419669151306152,6.208817005157471,6.303659439086914,6.208817005157471,6.419669151306152,False,14.0,0.14510288834571838,0.20389416813850403,-2.2917985916137695e-05,0.002713574096560478,0.025920825079083443,-0.004233034793287516,0.99965500831604
freeform_s0_cross,1185,59.25541687011719,5.7779998779296875,5.540805816650391,5.468692302703857,6.383260726928711,5.468692302703857,5.540805816650391,False,14.0,0.14443516731262207,0.20391178131103516,-4.151463508605957e-05,0.002719426527619362,0.025932613760232925,-0.003965470008552074,0.9996558427810669
freeform_s0_cross,1186,59.30542755126953,5.7779998779296875,5.6700825691223145,5.756131172180176,6.307470321655273,5.756131172180176,5.6700825691223145,False,14.0,0.14379394054412842,0.2039169818162918,-6.577372550964355e-05,0.0027136150747537613,0.025938060134649277,-0.003709572134539485,0.9996566772460938
freeform_s0_cross,1187,59.355438232421875,5.7779998779296875,5.792715549468994,5.754365921020508,6.345471382141113,5.754365921020508,5.792715549468994,False,14.0,0.1431618332862854,0.20390421152114868,-7.82310962677002e-05,0.002679182216525078,0.02594064176082611,-0.0034591120202094316,0.9996575117111206
freeform_s0_cross,1188,59.40544891357422,5.7779998779296875,6.933391094207764,6.732745170593262,6.160285472869873,6.732745170593262,6.933391094207764,False,14.0,0.14269223809242249,0.2039014846086502,-5.307793617248535e-05,0.002842409536242485,0.025933606550097466,-0.003272178117185831,0.9996582865715027
freeform_s0_cross,1189,59.45545959472656,5.7779998779296875,5.732844829559326,5.720284461975098,6.2739033699035645,5.720284461975098,5.732844829559326,False,14.0,0.14232900738716125,0.20390847325325012,4.380941390991211e-05,0.0030053704977035522,0.0259209293872118,-0.0031265453435480595,0.9996591210365295
freeform_s0_cross,1190,59.505470275878906,5.7779998779296875,6.1196722984313965,6.1944990158081055,6.152388572692871,6.1944990158081055,6.1196722984313965,False,14.0,0.14190787076950073,0.20390889048576355,0.0001227855682373047,0.0031090136617422104,0.02590540423989296,-0.0029585412703454494,0.9996600151062012
freeform_s0_cross,1191,59.55548095703125,5.7779998779296875,4.049449920654297,3.1354565620422363,6.652669906616211,3.1354565620422363,4.049449920654297,False,14.0,0.14083245396614075,0.20392364263534546,0.0001277923583984375,0.0027477238327264786,0.025841739028692245,-0.002528164768591523,0.9996628761291504
freeform_s0_cross,1192,59.605491638183594,5.7779998779296875,6.093756198883057,6.795957565307617,5.9177470207214355,6.795957565307617,6.093756198883057,False,14.0,0.14018034934997559,0.20388954877853394,5.1349401473999023e-05,0.0029054544866085052,0.025807583704590797,-0.0022720047272741795,0.9996643662452698
freeform_s0_cross,1193,59.65550231933594,5.7779998779296875,6.149191856384277,5.8277764320373535,6.336427211761475,5.8277764320373535,6.149191856384277,False,14.0,0.1396569013595581,0.20388096570968628,8.928775787353516e-05,0.0028833094984292984,0.025765931233763695,-0.002064528176560998,0.9996658563613892
freeform_s0_cross,1194,59.70551300048828,5.7779998779296875,7.24995756149292,6.4147257804870605,6.421509742736816,6.4147257804870605,7.24995756149292,False,14.0,0.13877496123313904,0.20390257239341736,1.683831214904785e-05,0.0025550518184900284,0.02566816844046116,-0.001711685792542994,0.999669075012207
freeform_s0_cross,1195,59.755523681640625,5.7779998779296875,4.973046779632568,5.221136569976807,6.325967311859131,5.221136569976807,4.973046779632568,False,14.0,0.13806352019309998,0.20391112565994263,-2.2739171981811523e-05,0.0027118977159261703,0.025581061840057373,-0.0014286008663475513,0.9996717572212219
freeform_s0_cross,1196,59.80553436279297,5.7779998779296875,6.625507354736328,6.560075283050537,6.191047668457031,6.560075283050537,6.625507354736328,False,14.0,0.13746491074562073,0.20388059318065643,-3.406405448913574e-05,0.0027036555111408234,0.02551477588713169,-0.001194726792164147,0.9996737241744995
freeform_s0_cross,1197,59.85554504394531,5.7779998779296875,5.76839542388916,5.582895755767822,6.372583389282227,5.582895755767822,5.76839542388916,False,14.0,0.13690021634101868,0.20384716987609863,-7.4803829193115234e-06,0.0027359146624803543,0.025447560474276543,-0.0009749729069881141,0.9996756911277771
freeform_s0_cross,1198,59.905555725097656,5.7779998779296875,3.26401686668396,4.672195911407471,6.199154376983643,4.672195911407471,3.26401686668396,False,14.0,0.13633674383163452,0.20379841327667236,1.6182661056518555e-05,0.002888232469558716,0.025380393490195274,-0.0007576594362035394,0.9996775984764099
freeform_s0_cross,1199,59.95556640625,5.7779998779296875,7.327817916870117,6.629416465759277,6.373467922210693,6.629416465759277,7.327817916870117,False,14.0,0.13555243611335754,0.20387578010559082,-2.9146671295166016e-05,0.002500103786587715,0.025219928473234177,-0.00044179483666084707,0.999681830406189
freeform_s0_cross,1200,60.005577087402344,5.7779998779296875,4.98483419418335,5.094494819641113,6.39680290222168,5.094494819641113,4.98483419418335,False,14.0,0.13486608862876892,0.20389503240585327,-5.874037742614746e-05,0.002619221806526184,0.025089511647820473,-0.00017123189172707498,0.9996851682662964
freeform_s0_cross,1201,60.05558776855469,5.7779998779296875,5.839900016784668,5.9524641036987305,6.279278755187988,5.9524641036987305,5.839900016784668,False,14.0,0.13422173261642456,0.2038964182138443,-8.806586265563965e-05,0.0025839582085609436,0.024966131895780563,8.022152178455144e-05,0.9996882677078247
freeform_s0_cross,1202,60.10559844970703,5.7779998779296875,6.448783874511719,6.372671604156494,6.202231407165527,6.372671604156494,6.448783874511719,False,14.0,0.1337297260761261,0.20389875769615173,-6.765127182006836e-05,0.0027174092829227448,0.02486669272184372,0.0002716860908549279,0.9996907114982605
freeform_s0_cross,1203,60.155609130859375,5.7779998779296875,5.900450706481934,5.927826404571533,6.245645999908447,5.927826404571533,5.900450706481934,False,14.0,0.13334685564041138,0.20389941334724426,1.0162591934204102e-05,0.0028522852808237076,0.024787001311779022,0.0004201548872515559,0.9996926784515381
freeform_s0_cross,1204,60.20561981201172,5.7779998779296875,6.809440612792969,6.620992183685303,6.168116569519043,6.620992183685303,6.809440612792969,False,14.0,0.13285991549491882,0.20388327538967133,6.887316703796387e-05,0.00289846770465374,0.024688782170414925,0.0006068706279620528,0.9996950030326843
freeform_s0_cross,1205,60.25563049316406,5.7779998779296875,5.929789066314697,5.865347862243652,6.224108695983887,5.865347862243652,5.929789066314697,False,14.0,0.13244637846946716,0.2038673460483551,0.00015479326248168945,0.003041185438632965,0.024603255093097687,0.0007647571037523448,0.9996970295906067
freeform_s0_cross,1206,60.305641174316406,5.7779998779296875,3.3078579902648926,2.4819188117980957,6.649115562438965,2.4819188117980957,3.3078579902648926,False,14.0,0.13129079341888428,0.20390772819519043,0.00014001131057739258,0.0026626158505678177,0.024317940697073936,0.0012110195821151137,0.9997035264968872
freeform_s0_cross,1207,60.35565185546875,5.7779998779296875,6.34852409362793,6.691198825836182,6.088064670562744,6.691198825836182,6.34852409362793,False,14.0,0.1304396390914917,0.20391128957271576,-1.683831214904785e-05,0.0025616921484470367,0.024105500429868698,0.0015346889849752188,0.9997082352638245
freeform_s0_cross,1208,60.405662536621094,5.7779998779296875,5.877506256103516,5.587444305419922,6.445775985717773,5.587444305419922,5.877506256103516,False,14.0,0.12974920868873596,0.20392268896102905,-7.43865966796875e-05,0.002468651160597801,0.023922676220536232,0.001796205178834498,0.9997121691703796
freeform_s0_cross,1209,60.45567321777344,5.7779998779296875,5.489596843719482,5.580026626586914,6.357168197631836,5.580026626586914,5.489596843719482,False,14.0,0.12909772992134094,0.20392316579818726,-0.00012874603271484375,0.002470731735229492,0.02374831587076187,0.002040555002167821,0.9997158646583557
freeform_s0_cross,1210,60.50568389892578,5.7779998779296875,6.589493751525879,6.500703811645508,6.248544692993164,6.500703811645508,6.589493751525879,False,14.0,0.12851393222808838,0.20388832688331604,-0.0001500844955444336,0.0024861767888069153,0.02360062301158905,0.002255272353067994,0.9997189044952393
freeform_s0_cross,1211,60.555694580078125,5.7779998779296875,5.823077201843262,5.639679431915283,6.407964706420898,5.639679431915283,5.823077201843262,False,14.0,0.12794822454452515,0.20384156703948975,-0.0001322329044342041,0.0025076158344745636,0.023458220064640045,0.0024611097760498524,0.9997217655181885
freeform_s0_cross,1212,60.60570526123047,5.7779998779296875,5.679615020751953,5.3612470626831055,6.510618209838867,5.3612470626831055,5.679615020751953,False,14.0,0.1272505521774292,0.20387469232082367,-0.0001455545425415039,0.00237426720559597,0.02324388362467289,0.0027207646053284407,0.9997261166572571
freeform_s0_cross,1213,60.65571594238281,5.7779998779296875,5.649551868438721,5.830768585205078,6.306334495544434,5.830768585205078,5.649551868438721,False,14.0,0.12657219171524048,0.20389646291732788,-0.00018206238746643066,0.0024247728288173676,0.02303425595164299,0.002970433561131358,0.9997302889823914
freeform_s0_cross,1214,60.705726623535156,5.7779998779296875,5.909743309020996,5.809218406677246,6.390830993652344,5.809218406677246,5.909743309020996,False,14.0,0.12592244148254395,0.20390674471855164,-0.00018835067749023438,0.0023749731481075287,0.022832820191979408,0.0032068928703665733,0.9997341632843018
freeform_s0_cross,1215,60.7557373046875,5.7779998779296875,5.53579044342041,5.5987443923950195,6.382494926452637,5.5987443923950195,5.53579044342041,False,14.0,0.12526994943618774,0.20392216742038727,-0.00019404292106628418,0.002385217696428299,0.022624466568231583,0.003442894434556365,0.9997380971908569
freeform_s0_cross,1216,60.805747985839844,5.7779998779296875,6.697237491607666,6.702732086181641,6.174990653991699,6.702732086181641,6.697237491607666,False,14.0,0.12475520372390747,0.20392203330993652,-0.00017756223678588867,0.0025039538741111755,0.022461634129285812,0.0036267819814383984,0.9997411370277405
freeform_s0_cross,1217,60.85575866699219,5.7779998779296875,5.909602642059326,5.841963768005371,6.323932647705078,5.841963768005371,5.909602642059326,False,14.0,0.12439197301864624,0.20390892028808594,-0.00010079145431518555,0.002625487744808197,0.02234986051917076,0.0037548362743109465,0.9997431635856628
freeform_s0_cross,1218,60.90576934814453,5.7779998779296875,6.084319114685059,6.114016532897949,6.232335090637207,6.114016532897949,6.084319114685059,False,14.0,0.12396290898323059,0.20389804244041443,-3.361701965332031e-05,0.0027194879949092865,0.022214623168110847,0.0039056865498423576,0.9997456073760986
freeform_s0_cross,1219,60.955780029296875,5.7779998779296875,1.4435926675796509,1.8054494857788086,6.623000144958496,1.8054494857788086,1.4435926675796509,False,14.0,0.12308475375175476,0.2039162814617157,-7.152557373046875e-07,0.0025817081332206726,0.02191866561770439,0.004214766900986433,0.9997508525848389
freeform_s0_cross,1220,61.00579071044922,5.7779998779296875,7.677852630615234,7.108151912689209,6.299988746643066,7.108151912689209,7.677852630615234,False,14.0,0.1221667230129242,0.2039119154214859,-0.00013273954391479492,0.0022373348474502563,0.02161082811653614,0.004532161168754101,0.9997561573982239
freeform_s0_cross,1221,61.05580139160156,5.7779998779296875,5.122164726257324,4.9915032386779785,6.520951271057129,4.9915032386779785,5.122164726257324,False,14.0,0.12145650386810303,0.20391634106636047,-0.00018396973609924316,0.0023001432418823242,0.02136564999818802,0.00477540073916316,0.9997603297233582
freeform_s0_cross,1222,61.105812072753906,5.7779998779296875,5.251883506774902,5.565937519073486,6.330796241760254,5.565937519073486,5.251883506774902,False,14.0,0.1207895576953888,0.2039242684841156,-0.00021436810493469238,0.0023442357778549194,0.021130945533514023,0.005001738201826811,0.9997642040252686
freeform_s0_cross,1223,61.15582275390625,5.7779998779296875,5.04317045211792,5.2042646408081055,6.457709312438965,5.2042646408081055,5.04317045211792,False,14.0,0.12016180157661438,0.2039209008216858,-0.0002357959747314453,0.0022476408630609512,0.020911013707518578,0.0052119093015789986,0.9997677803039551
freeform_s0_cross,1224,61.205833435058594,5.7779998779296875,5.93934440612793,5.913784980773926,6.395750999450684,5.913784980773926,5.93934440612793,False,14.0,0.11958816647529602,0.20389190316200256,-0.0003000795841217041,0.0021690018475055695,0.02071644552052021,0.005400392226874828,0.9997708201408386
freeform_s0_cross,1225,61.25584411621094,5.7779998779296875,5.523056983947754,5.6801605224609375,6.395430088043213,5.6801605224609375,5.523056983947754,False,14.0,0.11894908547401428,0.2038831114768982,-0.0003234446048736572,0.002202991396188736,0.020489515736699104,0.005609929095953703,0.9997743368148804
freeform_s0_cross,1226,61.30585479736328,5.7779998779296875,5.936911106109619,5.88301944732666,6.414392471313477,5.88301944732666,5.936911106109619,False,14.0,0.11827114224433899,0.20390097796916962,-0.00032705068588256836,0.0021643545478582382,0.020237483084201813,0.005831579677760601,0.9997782111167908
freeform_s0_cross,1227,61.355865478515625,5.7779998779296875,5.693758010864258,5.6843461990356445,6.4339189529418945,5.6843461990356445,5.693758010864258,False,14.0,0.11762061715126038,0.2039073258638382,-0.00032961368560791016,0.0021650195121765137,0.01999700628221035,0.006041137035936117,0.9997817873954773
freeform_s0_cross,1228,61.40587615966797,5.7779998779296875,5.880616188049316,5.911709308624268,6.390653133392334,5.911709308624268,5.880616188049316,False,14.0,0.11697471141815186,0.20391519367694855,-0.0003338158130645752,0.0021684691309928894,0.01975579746067524,0.006246938370168209,0.999785304069519
freeform_s0_cross,1229,61.45588684082031,5.7779998779296875,5.850970268249512,5.782092094421387,6.4324951171875,5.782092094421387,5.850970268249512,False,14.0,0.11633095145225525,0.20392002165317535,-0.0003273487091064453,0.00215202197432518,0.019514555111527443,0.006449485197663307,0.999788761138916
freeform_s0_cross,1230,61.505897521972656,5.7779998779296875,5.869856357574463,5.825327396392822,6.416355133056641,5.825327396392822,5.869856357574463,False,14.0,0.11579617857933044,0.20391063392162323,-0.00033482909202575684,0.002157745882868767,0.0193170253187418,0.006615086924284697,0.9997915029525757
freeform_s0_cross,1231,61.555908203125,5.7779998779296875,6.026920318603516,6.0312981605529785,6.358685493469238,6.0312981605529785,6.026920318603516,False,14.0,0.11538004875183105,0.20389938354492188,-0.0003216266632080078,0.0022131595760583878,0.01916372776031494,0.006742563098669052,0.9997936487197876
freeform_s0_cross,1232,61.605918884277344,5.7779998779296875,4.006640911102295,4.083828449249268,6.6801652908325195,4.083828449249268,4.006640911102295,False,14.0,0.11462968587875366,0.20390619337558746,-0.00030353665351867676,0.0021155644208192825,0.018877405673265457,0.006971515249460936,0.999797523021698
freeform_s0_cross,1233,61.65592956542969,5.7779998779296875,5.512213230133057,6.0090131759643555,6.261780738830566,6.0090131759643555,5.512213230133057,False,14.0,0.1138124167919159,0.2039092481136322,-0.0003584921360015869,0.0021338313817977905,0.018564818426966667,0.0072167920880019665,0.9998016357421875
freeform_s0_cross,1234,61.70594024658203,5.7779998779296875,6.146891117095947,5.9138264656066895,6.471613883972168,5.9138264656066895,6.146891117095947,False,14.0,0.11314544081687927,0.20390985906124115,-0.00036782026290893555,0.0020435508340597153,0.01830882579088211,0.007413864601403475,0.9998049139976501
freeform_s0_cross,1235,61.755950927734375,5.7779998779296875,5.8116068840026855,5.808563232421875,6.420121669769287,5.808563232421875,5.8116068840026855,False,14.0,0.11249467730522156,0.2039092481136322,-0.00037226080894470215,0.002086477354168892,0.01805827021598816,0.007603464648127556,0.9998080134391785
freeform_s0_cross,1236,61.80596160888672,5.7779998779296875,5.7311015129089355,5.7324628829956055,6.437468528747559,5.7324628829956055,5.7311015129089355,False,14.0,0.11185777187347412,0.20390644669532776,-0.00036907196044921875,0.0020842868834733963,0.017812691628932953,0.0077863833867013454,0.9998109936714172
freeform_s0_cross,1237,61.85597229003906,5.7779998779296875,5.626608848571777,5.714323997497559,6.411459922790527,5.714323997497559,5.626608848571777,False,14.0,0.11122417449951172,0.20390881597995758,-0.00035560131072998047,0.00211452879011631,0.017566049471497536,0.007966148667037487,0.999813973903656
freeform_s0_cross,1238,61.905982971191406,5.7779998779296875,6.248437404632568,6.071625709533691,6.406058311462402,6.071625709533691,6.248437404632568,False,14.0,0.11062133312225342,0.2038993239402771,-0.00034496188163757324,0.0021015293896198273,0.017333941534161568,0.008134212344884872,0.9998166561126709
freeform_s0_cross,1239,61.95599365234375,5.7779998779296875,5.516014575958252,5.5814409255981445,6.425769329071045,5.5814409255981445,5.516014575958252,False,14.0,0.11006337404251099,0.2038634717464447,-0.0003311038017272949,0.0021657664328813553,0.017125915735960007,0.008286267518997192,0.9998189806938171
freeform_s0_cross,1240,62.006004333496094,5.7779998779296875,4.271615028381348,4.722957134246826,6.500405788421631,4.722957134246826,4.271615028381348,False,14.0,0.10940441489219666,0.20386284589767456,-0.00032216310501098633,0.002134673297405243,0.01686803624033928,0.008465607650578022,0.9998219013214111
freeform_s0_cross,1241,62.05601501464844,5.7779998779296875,6.25102424621582,6.341813564300537,6.320806503295898,6.341813564300537,6.25102424621582,False,14.0,0.10868898034095764,0.2038843035697937,-0.00035384297370910645,0.0020429473370313644,0.01658152975142002,0.00865835789591074,0.9998250007629395
freeform_s0_cross,1242,62.10602569580078,5.7779998779296875,5.929013252258301,5.6790900230407715,6.508835792541504,5.6790900230407715,5.929013252258301,False,14.0,0.1080365777015686,0.2039063274860382,-0.00036525726318359375,0.001990964636206627,0.01631930284202099,0.00883136410266161,0.9998278021812439
freeform_s0_cross,1243,62.156036376953125,5.7779998779296875,5.267508029937744,5.448214530944824,6.449461460113525,5.448214530944824,5.267508029937744,False,14.0,0.10740107297897339,0.2039138674736023,-0.00038382411003112793,0.00201212614774704,0.016067249700427055,0.00899650901556015,0.999830424785614
freeform_s0_cross,1244,62.20604705810547,5.7779998779296875,6.492537021636963,6.431997776031494,6.3390913009643555,6.431997776031494,6.492537021636963,False,14.0,0.10685259103775024,0.20391368865966797,-0.00039464235305786133,0.002013569697737694,0.0158512145280838,0.009136593900620937,0.9998326301574707
freeform_s0_cross,1245,62.25605773925781,5.7779998779296875,5.854869842529297,5.907011985778809,6.376035690307617,5.907011985778809,5.854869842529297,False,14.0,0.10642984509468079,0.20390567183494568,-0.00035244226455688477,0.0021335389465093613,0.015686554834246635,0.009242838248610497,0.9998342394828796
freeform_s0_cross,1246,62.306068420410156,5.7779998779296875,5.82713508605957,5.82456111907959,6.395567893981934,5.82456111907959,5.82713508605957,False,14.0,0.10599181056022644,0.20389653742313385,-0.000298231840133667,0.002155803143978119,0.015516008250415325,0.00935166236013174,0.9998359084129333
freeform_s0_cross,1247,62.3560791015625,5.7779998779296875,3.125962972640991,3.93418550491333,6.552872180938721,3.93418550491333,3.125962972640991,False,14.0,0.10524123907089233,0.20389646291732788,-0.0002752840518951416,0.0021098610013723373,0.015219705179333687,0.00953600276261568,0.9998387098312378
freeform_s0_cross,1248,62.406089782714844,5.7779998779296875,6.815218925476074,6.787940979003906,6.262954235076904,6.787940979003906,6.815218925476074,False,14.0,0.10427972674369812,0.20390470325946808,-0.0003463625907897949,0.0019583292305469513,0.014837989583611488,0.009767155162990093,0.9998422265052795
freeform_s0_cross,1249,62.45610046386719,5.7779998779296875,5.711344242095947,5.455041885375977,6.535949230194092,5.455041885375977,5.711344242095947,False,14.0,0.1035706102848053,0.20391081273555756,-0.0003559589385986328,0.0019656773656606674,0.014556514099240303,0.00993372593075037,0.9998447299003601
freeform_s0_cross,1250,62.50611114501953,5.7779998779296875,5.469024658203125,5.6416521072387695,6.410612106323242,5.6416521072387695,5.469024658203125,False,14.0,0.10292494297027588,0.20391231775283813,-0.00037407875061035156,0.0019961968064308167,0.01430125068873167,0.010082310065627098,0.999846875667572
freeform_s0_cross,1251,62.556121826171875,5.7779998779296875,5.6996612548828125,5.767347812652588,6.43305778503418,5.767347812652588,5.6996612548828125,False,14.0,0.10229474306106567,0.20391029119491577,-0.0003846287727355957,0.001955375075340271,0.014052992686629295,0.01022451464086771,0.9998489618301392
freeform_s0_cross,1252,62.60613250732422,5.7779998779296875,5.740920543670654,5.735043525695801,6.449793815612793,5.735043525695801,5.740920543670654,False,14.0,0.10166516900062561,0.20390674471855164,-0.00039631128311157227,0.0019394271075725555,0.013805435970425606,0.010363884270191193,0.9998509883880615
freeform_s0_cross,1253,62.65614318847656,5.7779998779296875,5.674678325653076,5.661208152770996,6.468138694763184,5.661208152770996,5.674678325653076,False,14.0,0.10102981328964233,0.2039051651954651,-0.00040790438652038574,0.0019161775708198547,0.013555326499044895,0.010501963086426258,0.9998529553413391
freeform_s0_cross,1254,62.706153869628906,5.7779998779296875,5.708507061004639,5.735814094543457,6.450355529785156,5.735814094543457,5.708507061004639,False,14.0,0.10039237141609192,0.20390373468399048,-0.000421375036239624,0.0019037425518035889,0.013304571621119976,0.01063781138509512,0.9998549222946167
freeform_s0_cross,1255,62.75616455078125,5.7779998779296875,5.84004020690918,5.77103853225708,6.475074768066406,5.77103853225708,5.84004020690918,False,14.0,0.0997525155544281,0.20389778912067413,-0.0004368722438812256,0.001865822821855545,0.013054046779870987,0.010771260596811771,0.9998567700386047
freeform_s0_cross,1256,62.806175231933594,5.7779998779296875,6.221105575561523,5.953685760498047,6.473269462585449,5.953685760498047,6.221105575561523,False,14.0,0.09911426901817322,0.20389756560325623,-0.0004483163356781006,0.001859821379184723,0.012803240679204464,0.01090192049741745,0.9998586177825928
freeform_s0_cross,1257,62.85618591308594,5.7779998779296875,5.555515766143799,5.574253082275391,6.477903366088867,5.574253082275391,5.555515766143799,False,14.0,0.09847670793533325,0.20390328764915466,-0.0004330575466156006,0.0018914751708507538,0.012551846913993359,0.011029995046555996,0.999860405921936
freeform_s0_cross,1258,62.90619659423828,5.7779998779296875,5.92020845413208,5.881397247314453,6.427966117858887,5.881397247314453,5.92020845413208,False,14.0,0.0978969931602478,0.20389747619628906,-0.00043135881423950195,0.001902913674712181,0.012325755320489407,0.01114362571388483,0.9998619556427002
freeform_s0_cross,1259,62.956207275390625,5.7779998779296875,5.79831075668335,5.804362773895264,6.427060127258301,5.804362773895264,5.79831075668335,False,14.0,0.09746792912483215,0.20389173924922943,-0.0004024505615234375,0.0019454360008239746,0.012158865109086037,0.011226230300962925,0.9998630285263062
freeform_s0_cross,1260,63.00621795654297,5.7779998779296875,3.8429369926452637,4.47945499420166,6.532456874847412,4.47945499420166,3.8429369926452637,False,14.0,0.09682941436767578,0.20388928055763245,-0.00038674473762512207,0.0019230730831623077,0.011909645982086658,0.011347158811986446,0.9998646974563599
freeform_s0_cross,1261,63.05622863769531,5.7779998779296875,6.4584503173828125,6.54538106918335,6.327959060668945,6.54538106918335,6.4584503173828125,False,14.0,0.09597918391227722,0.20389606058597565,-0.00045111775398254395,0.0017889905720949173,0.011576596647500992,0.011504411697387695,0.999866783618927
freeform_s0_cross,1262,63.106239318847656,5.7779998779296875,5.959772109985352,5.660956382751465,6.557723522186279,5.660956382751465,5.959772109985352,False,14.0,0.09529945254325867,0.20390090346336365,-0.0004677772521972656,0.0017459224909543991,0.01131107285618782,0.011626654304564,0.9998684525489807
freeform_s0_cross,1263,63.15625,5.7779998779296875,6.2423200607299805,6.0387773513793945,6.450187683105469,6.0387773513793945,6.2423200607299805,False,14.0,0.09465983510017395,0.20389825105667114,-0.0004712343215942383,0.0017817914485931396,0.011063003912568092,0.011738590896129608,0.9998698830604553
freeform_s0_cross,1264,63.206260681152344,5.7779998779296875,5.595682144165039,5.582624912261963,6.491019248962402,5.582624912261963,5.595682144165039,False,14.0,0.09403058886528015,0.20389391481876373,-0.00045353174209594727,0.0018103234469890594,0.01081971824169159,0.011846005916595459,0.9998713135719299
freeform_s0_cross,1265,63.25627136230469,5.7779998779296875,5.786614418029785,5.781550407409668,6.464624881744385,5.781550407409668,5.786614418029785,False,14.0,0.09340089559555054,0.2038862407207489,-0.000457078218460083,0.0017847735434770584,0.010577279143035412,0.011950749903917313,0.999872624874115
freeform_s0_cross,1266,63.30628204345703,5.7779998779296875,6.495924949645996,6.100836277008057,6.480669975280762,6.100836277008057,6.495924949645996,False,14.0,0.09276235103607178,0.20387868583202362,-0.000473707914352417,0.001767462119460106,0.010331867262721062,0.012054314836859703,0.9998739361763
freeform_s0_cross,1267,63.356292724609375,5.7779998779296875,5.827287197113037,5.6134033203125,6.55410099029541,5.6134033203125,5.827287197113037,False,14.0,0.09210598468780518,0.20387883484363556,-0.0004830658435821533,0.001715339720249176,0.010078883729875088,0.012158302590250969,0.9998753070831299
freeform_s0_cross,1268,63.40630340576172,5.7779998779296875,5.856814861297607,5.650943756103516,6.529535293579102,5.650943756103516,5.856814861297607,False,14.0,0.09146299958229065,0.2038845270872116,-0.0004918277263641357,0.0016951672732830048,0.009830803610384464,0.012257655151188374,0.9998765587806702
freeform_s0_cross,1269,63.45631408691406,5.7779998779296875,5.481558799743652,5.65140962600708,6.451842308044434,5.65140962600708,5.481558799743652,False,14.0,0.09083479642868042,0.20388314127922058,-0.00050392746925354,0.001748526468873024,0.00959007814526558,0.012351836077868938,0.9998777508735657
freeform_s0_cross,1270,63.506324768066406,5.7779998779296875,5.847492694854736,5.8092193603515625,6.486619472503662,5.8092193603515625,5.847492694854736,False,14.0,0.09020957350730896,0.20388612151145935,-0.0005071461200714111,0.0017058160156011581,0.009350437670946121,0.012443190440535545,0.9998788833618164
freeform_s0_cross,1271,63.55633544921875,5.7779998779296875,6.208005905151367,5.961173057556152,6.493009567260742,5.961173057556152,6.208005905151367,False,14.0,0.089570552110672,0.20388466119766235,-0.0005220472812652588,0.0017018113285303116,0.009106775745749474,0.012533758766949177,0.9998799562454224
freeform_s0_cross,1272,63.606346130371094,5.7779998779296875,6.371139049530029,6.021097183227539,6.533453941345215,6.021097183227539,6.371139049530029,False,14.0,0.08897331357002258,0.20388390123844147,-0.0005353093147277832,0.0016336571425199509,0.0088795255869627,0.01261603832244873,0.9998809695243835
freeform_s0_cross,1273,63.65635681152344,5.7779998779296875,4.712606430053711,5.16259765625,6.485703945159912,5.16259765625,4.712606430053711,False,14.0,0.08837351202964783,0.20388391613960266,-0.0005314946174621582,0.001728244125843048,0.008651761338114738,0.012696384452283382,0.9998819828033447
freeform_s0_cross,1274,63.70636749267578,5.7779998779296875,6.28640604019165,6.211225509643555,6.448160171508789,6.211225509643555,6.28640604019165,False,14.0,0.0876660943031311,0.2038857638835907,-0.0005462169647216797,0.0016249492764472961,0.008383645676076412,0.012788243591785431,0.9998830556869507
freeform_s0_cross,1275,63.756378173828125,5.7779998779296875,5.662701606750488,5.521307945251465,6.576591491699219,5.521307945251465,5.662701606750488,False,14.0,0.08699902892112732,0.203883096575737,-0.0005573928356170654,0.0015950705856084824,0.008132140152156353,0.012871753424406052,0.9998840689659119
freeform_s0_cross,1276,63.80638885498047,5.7779998779296875,6.091835975646973,5.957469940185547,6.483697891235352,5.957469940185547,6.091835975646973,False,14.0,0.08636057376861572,0.20387743413448334,-0.0005655586719512939,0.0016083959490060806,0.007892472669482231,0.012948903255164623,0.9998850226402283
freeform_s0_cross,1277,63.85639953613281,5.7779998779296875,5.14900541305542,5.408585548400879,6.464009761810303,5.408585548400879,5.14900541305542,False,14.0,0.08574661612510681,0.20387908816337585,-0.0005066096782684326,0.0017330553382635117,0.007661800365895033,0.013020922429859638,0.9998858571052551
freeform_s0_cross,1278,63.906410217285156,5.7779998779296875,5.9636359214782715,6.088955879211426,6.386395454406738,6.088955879211426,5.9636359214782715,False,14.0,0.08511954545974731,0.20387601852416992,-0.00047284364700317383,0.0017378274351358414,0.0074274251237511635,0.013091834262013435,0.999886691570282
freeform_s0_cross,1279,63.9564208984375,5.7779998779296875,6.005303382873535,5.838269233703613,6.487219333648682,5.838269233703613,6.005303382873535,False,14.0,0.08448052406311035,0.20387619733810425,-0.0004436075687408447,0.0017116144299507141,0.0071889241226017475,0.013161675073206425,0.9998875260353088
freeform_s0_cross,1280,64.00643157958984,5.7779998779296875,5.476590156555176,5.615745544433594,6.437412261962891,5.615745544433594,5.476590156555176,False,14.0,0.08384498953819275,0.20387838780879974,-0.0004226863384246826,0.001766042783856392,0.006952253635972738,0.013228668831288815,0.9998883008956909
freeform_s0_cross,1281,64.0564193725586,5.7779998779296875,5.629387855529785,5.772394180297852,6.423630714416504,5.772394180297852,5.629387855529785,False,14.0,0.08320531249046326,0.20387674868106842,-0.00041216611862182617,0.0017480142414569855,0.006715192925184965,0.013293404132127762,0.999889075756073
freeform_s0_cross,1282,64.10640716552734,5.7779998779296875,5.885542392730713,5.825992584228516,6.45686149597168,5.825992584228516,5.885542392730713,False,14.0,0.0825604498386383,0.2038729041814804,-0.000417858362197876,0.0017131436616182327,0.00647718645632267,0.013356007635593414,0.9998898506164551
freeform_s0_cross,1283,64.1563949584961,5.7779998779296875,5.774514675140381,5.771283149719238,6.449777603149414,5.771283149719238,5.774514675140381,False,14.0,0.08192071318626404,0.20387092232704163,-0.00042119622230529785,0.0017175078392028809,0.006241661962121725,0.013415640220046043,0.9998905062675476
freeform_s0_cross,1284,64.20638275146484,5.7779998779296875,5.754129409790039,5.7466278076171875,6.456065654754639,5.7466278076171875,5.754129409790039,False,14.0,0.08128079771995544,0.20387011766433716,-0.0004214942455291748,0.00170859694480896,0.006006753072142601,0.013472814112901688,0.9998912215232849
freeform_s0_cross,1285,64.2563705444336,5.7779998779296875,5.4545722007751465,5.209930419921875,6.641326427459717,5.209930419921875,5.4545722007751465,False,14.0,0.08061757683753967,0.20386339724063873,-0.0004773736000061035,0.0015483759343624115,0.005764634348452091,0.013529201969504356,0.9998918771743774
freeform_s0_cross,1286,64.30635833740234,5.7779998779296875,5.827642440795898,5.83253288269043,6.468634605407715,5.83253288269043,5.827642440795898,False,14.0,0.07999980449676514,0.20385098457336426,-0.0005482137203216553,0.0015523023903369904,0.0055403513833880424,0.013579082675278187,0.9998924732208252
freeform_s0_cross,1287,64.3563461303711,5.7779998779296875,5.34469747543335,5.430688858032227,6.533138275146484,5.430688858032227,5.34469747543335,False,14.0,0.07957533001899719,0.20383672416210175,-0.0005484223365783691,0.0015482865273952484,0.0053870901465415955,0.01361179631203413,0.9998928308486938
freeform_s0_cross,1288,64.40633392333984,5.7779998779296875,5.705489635467529,5.793026924133301,6.485332489013672,5.793026924133301,5.705489635467529,False,14.0,0.07915124297142029,0.20382124185562134,-0.0005552470684051514,0.0015006829053163528,0.005234365817159414,0.013643346726894379,0.9998932480812073
freeform_s0_cross,1289,64.4563217163086,5.7779998779296875,5.532425880432129,5.505967617034912,6.551348686218262,5.505967617034912,5.532425880432129,False,14.0,0.07815492153167725,0.20386433601379395,-0.0005745291709899902,0.0014995522797107697,0.004871322773396969,0.013716241344809532,0.9998940825462341
freeform_s0_cross,1290,64.50630950927734,5.7779998779296875,5.706090927124023,5.746471881866455,6.505913734436035,5.746471881866455,5.706090927124023,False,14.0,0.07742443680763245,0.2038634717464447,-0.0006000697612762451,0.0014884285628795624,0.004608933813869953,0.013764693401753902,0.9998946189880371
freeform_s0_cross,1291,64.5562973022461,5.7779998779296875,6.033171653747559,5.9081244468688965,6.516330718994141,5.9081244468688965,6.033171653747559,False,14.0,0.07677248120307922,0.20386257767677307,-0.0006072819232940674,0.00147213414311409,0.004375763703137636,0.013805264607071877,0.9998951554298401
freeform_s0_cross,1292,64.60628509521484,5.7779998779296875,5.647806644439697,5.689319610595703,6.510435581207275,5.689319610595703,5.647806644439697,False,14.0,0.0761365294456482,0.20386341214179993,-0.0005967020988464355,0.0015061423182487488,0.004149151500314474,0.013842495158314705,0.9998955726623535
freeform_s0_cross,1293,64.6562728881836,5.7779998779296875,5.776288986206055,5.7608232498168945,6.515804290771484,5.7608232498168945,5.776288986206055,False,14.0,0.07550579309463501,0.20386604964733124,-0.0005916357040405273,0.0014872346073389053,0.003925242926925421,0.013877155259251595,0.9998959898948669
freeform_s0_cross,1294,64.70626068115234,5.7779998779296875,5.767675399780273,5.773143291473389,6.506397247314453,5.773143291473389,5.767675399780273,False,14.0,0.07487276196479797,0.2038659006357193,-0.0005905628204345703,0.001487521454691887,0.0037016323767602444,0.013909513130784035,0.9998964071273804
freeform_s0_cross,1295,64.7562484741211,5.7779998779296875,5.91956090927124,5.846596717834473,6.522343635559082,5.846596717834473,5.91956090927124,False,14.0,0.07422184944152832,0.20385031402111053,-0.000604480504989624,0.0014475081115961075,0.0034734264481812716,0.013939790427684784,0.9998968243598938
freeform_s0_cross,1296,64.80623626708984,5.7779998779296875,7.349169731140137,6.774005889892578,6.4412641525268555,6.774005889892578,7.349169731140137,False,14.0,0.07360014319419861,0.20384877920150757,-0.0005844235420227051,0.0014838986098766327,0.0032557775266468525,0.013966946862637997,0.9998971819877625
freeform_s0_cross,1297,64.8562240600586,5.7779998779296875,5.138941287994385,5.197975158691406,6.539942741394043,5.197975158691406,5.138941287994385,False,14.0,0.07298412919044495,0.2038699984550476,-0.0004919469356536865,0.0016311630606651306,0.0030402066186070442,0.013992546126246452,0.9998974800109863
freeform_s0_cross,1298,64.90621185302734,5.7779998779296875,5.710043907165527,5.917058944702148,6.38493537902832,5.917058944702148,5.710043907165527,False,14.0,0.0723591148853302,0.20386826992034912,-0.00045353174209594727,0.0016529858112335205,0.0028234596829861403,0.014015446417033672,0.9998977780342102
freeform_s0_cross,1299,64.9561996459961,5.7779998779296875,6.0376152992248535,5.89410400390625,6.466693878173828,5.89410400390625,6.0376152992248535,False,14.0,0.07172331213951111,0.20386967062950134,-0.00042515993118286133,0.0016170833259820938,0.002603925298899412,0.014036611653864384,0.9998980760574341
freeform_s0_cross,1300,65.00618743896484,5.7779998779296875,5.752822399139404,5.517215728759766,6.5794291496276855,5.517215728759766,5.752822399139404,False,14.0,0.07106301188468933,0.2038734406232834,-0.0004687309265136719,0.0015005338937044144,0.002377042081207037,0.014056294225156307,0.999898374080658
freeform_s0_cross,1301,65.0561752319336,5.7779998779296875,5.3193278312683105,5.499722957611084,6.486523151397705,5.499722957611084,5.3193278312683105,False,14.0,0.07041090726852417,0.20386835932731628,-0.0005175173282623291,0.001508062705397606,0.0021544047631323338,0.014073032885789871,0.9998986721038818
freeform_s0_cross,1302,65.10616302490234,5.7779998779296875,5.9274821281433105,5.883449077606201,6.493967056274414,5.883449077606201,5.9274821281433105,False,14.0,0.069766104221344,0.20386335253715515,-0.0005541443824768066,0.001446165144443512,0.0019354138057678938,0.01408728864043951,0.9998989105224609
freeform_s0_cross,1303,65.1561508178711,5.7779998779296875,5.711672782897949,5.777349948883057,6.481406211853027,5.777349948883057,5.711672782897949,False,14.0,0.0691271722316742,0.20386555790901184,-0.0005670785903930664,0.0014710072427988052,0.001719453139230609,0.014099452644586563,0.99989914894104
freeform_s0_cross,1304,65.20613861083984,5.7779998779296875,5.816560745239258,5.783830165863037,6.507350921630859,5.783830165863037,5.816560745239258,False,14.0,0.06849241256713867,0.20386943221092224,-0.0005658566951751709,0.0014520715922117233,0.0015060983132570982,0.014109417796134949,0.9998993277549744
freeform_s0_cross,1305,65.2561264038086,5.7779998779296875,5.824812412261963,5.775616645812988,6.518482685089111,5.775616645812988,5.824812412261963,False,14.0,0.06786009669303894,0.20386913418769836,-0.0005770325660705566,0.0014209281653165817,0.0012948537478223443,0.014117037877440453,0.9998995065689087
freeform_s0_cross,1306,65.30611419677734,5.7779998779296875,5.661198139190674,5.649352550506592,6.527149677276611,5.649352550506592,5.661198139190674,False,14.0,0.06722855567932129,0.20386764407157898,-0.0005860328674316406,0.0014147087931632996,0.0010851167608052492,0.01412248145788908,0.999899685382843
freeform_s0_cross,1307,65.3561019897461,5.7779998779296875,5.776931285858154,5.790555953979492,6.504459381103516,5.790555953979492,5.776931285858154,False,14.0,0.06658825278282166,0.20385883748531342,-0.0005958974361419678,0.00140484981238842,0.0008737824973650277,0.014125574380159378,0.9998998641967773
freeform_s0_cross,1308,65.40608978271484,5.7779998779296875,5.769591808319092,5.747802734375,6.521296501159668,5.747802734375,5.769591808319092,False,14.0,0.06594780087471008,0.20385631918907166,-0.0005980134010314941,0.0013927947729825974,0.0006636729813180864,0.014126762747764587,0.9998999834060669
freeform_s0_cross,1309,65.4560775756836,5.7779998779296875,5.754566669464111,5.7659502029418945,6.5094404220581055,5.7659502029418945,5.754566669464111,False,14.0,0.06530943512916565,0.20385444164276123,-0.0005996525287628174,0.001392945647239685,0.0004555915656965226,0.014125855639576912,0.9999001026153564
freeform_s0_cross,1310,65.50606536865234,5.7779998779296875,5.7439284324646,5.743853569030762,6.5151166915893555,5.743853569030762,5.7439284324646,False,14.0,0.06467390060424805,0.20386558771133423,-0.0005967617034912109,0.001391083002090454,0.0002498788817320019,0.014123370870947838,0.999900221824646
freeform_s0_cross,1311,65.5560531616211,5.7779998779296875,6.001549243927002,5.950150489807129,6.4890007972717285,5.950150489807129,6.001549243927002,False,14.0,0.06404396891593933,0.20387056469917297,-0.0005940794944763184,0.00139584019780159,4.737947165267542e-05,0.014118646271526814,0.9999003410339355
freeform_s0_cross,1312,65.60604095458984,5.7779998779296875,5.713069438934326,5.709673881530762,6.513460159301758,5.709673881530762,5.713069438934326,False,14.0,0.0634067952632904,0.20387281477451324,-0.0005778968334197998,0.0014117155224084854,-0.00015601710765622556,0.014111722819507122,0.9999004006385803
freeform_s0_cross,1313,65.6560287475586,5.7779998779296875,5.7025861740112305,5.658310890197754,6.537139892578125,5.658310890197754,5.7025861740112305,False,14.0,0.06276530027389526,0.20387062430381775,-0.0005796849727630615,0.001380324363708496,-0.00035936091444455087,0.014102532528340816,0.9999004602432251
freeform_s0_cross,1314,65.70601654052734,5.7779998779296875,5.735429286956787,5.770997047424316,6.4998064041137695,5.770997047424316,5.735429286956787,False,14.0,0.06212460994720459,0.20386594533920288,-0.0005906224250793457,0.001379774883389473,-0.0005609882064163685,0.014091222546994686,0.9999005794525146
freeform_s0_cross,1315,65.7560043334961,5.7779998779296875,5.729559898376465,5.773079872131348,6.491385459899902,5.773079872131348,5.729559898376465,False,14.0,0.06148707866668701,0.2038659304380417,-0.0005808174610137939,0.0014001429080963135,-0.0007600054959766567,0.014078149572014809,0.9999005794525146
freeform_s0_cross,1316,65.80599212646484,5.7779998779296875,5.634415626525879,5.656907081604004,6.517263412475586,5.656907081604004,5.634415626525879,False,14.0,0.060839831829071045,0.20386461913585663,-0.0005701780319213867,0.001386137679219246,-0.000960481003858149,0.014062808826565742,0.9999006390571594
freeform_s0_cross,1317,65.8559799194336,5.7779998779296875,5.787657737731934,5.819037437438965,6.485465049743652,5.819037437438965,5.787657737731934,False,14.0,0.0601922869682312,0.20386075973510742,-0.0005699694156646729,0.001386098563671112,-0.0011594743700698018,0.014045348390936852,0.9999006986618042
freeform_s0_cross,1318,65.90596771240234,5.7779998779296875,5.81782865524292,5.83050537109375,6.4838762283325195,5.83050537109375,5.81782865524292,False,14.0,0.05955889821052551,0.2038652002811432,-0.0005611181259155273,0.0013950187712907791,-0.0013522491790354252,0.014026657678186893,0.9999006986618042
freeform_s0_cross,1319,65.9559555053711,5.7779998779296875,5.780800819396973,5.771639823913574,6.495720863342285,5.771639823913574,5.780800819396973,False,14.0,0.05892801284790039,0.20387038588523865,-0.0005491375923156738,0.0013964809477329254,-0.0015425710007548332,0.014006193727254868,0.9999006986618042
freeform_s0_cross,1320,66.00594329833984,5.7779998779296875,5.7486066818237305,5.719857215881348,6.5062971115112305,5.719857215881348,5.7486066818237305,False,14.0,0.05826851725578308,0.20387129485607147,-0.0005418956279754639,0.0013931319117546082,-0.0017398763447999954,0.013982648029923439,0.9999006986618042
freeform_s0_cross,1321,66.0559310913086,5.7779998779296875,5.8934645652771,5.885645866394043,6.469205379486084,5.885645866394043,5.8934645652771,False,14.0,0.05763766169548035,0.20387320220470428,-0.0005363225936889648,0.0014045536518096924,-0.0019268273608759046,0.01395829115062952,0.9999006986618042
freeform_s0_cross,1322,66.10591888427734,5.7779998779296875,5.77766227722168,5.75319766998291,6.49259090423584,5.75319766998291,5.77766227722168,False,14.0,0.057009756565093994,0.20387732982635498,-0.000522315502166748,0.001407550647854805,-0.0021110763773322105,0.013932336121797562,0.9999006986618042
freeform_s0_cross,1323,66.1559066772461,5.7779998779296875,6.349637985229492,5.9986348152160645,6.514104843139648,5.9986348152160645,6.349637985229492,False,14.0,0.05638590455055237,0.2039150893688202,-0.0005216300487518311,0.001378001645207405,-0.0022908400278538465,0.013906084932386875,0.9999006986618042
freeform_s0_cross,1324,66.20589447021484,5.7779998779296875,5.694671630859375,5.728604316711426,6.469576835632324,5.728604316711426,5.694671630859375,False,14.0,0.05602201819419861,0.20513921976089478,-0.0005039870738983154,0.0014357063919305801,-0.0023378143087029457,0.01392956543713808,0.999900221824646
freeform_s0_cross,1325,66.2558822631836,5.7779998779296875,5.890608310699463,5.968206882476807,6.412993431091309,5.968206882476807,5.890608310699463,False,14.0,0.055895715951919556,0.20718273520469666,-0.00047728419303894043,0.0014763344079256058,-0.002275594510138035,0.013962785713374615,0.9998999238014221
freeform_s0_cross,1326,66.30587005615234,5.7779998779296875,6.004515171051025,5.897176742553711,6.454953670501709,5.897176742553711,6.004515171051025,False,14.0,0.055901557207107544,0.2095237374305725,-0.00044211745262145996,0.0014860425144433975,-0.002162420656532049,0.013965494930744171,0.9999001622200012
freeform_s0_cross,1327,66.3558578491211,5.7779998779296875,5.588348865509033,5.634199142456055,6.451299667358398,5.634199142456055,5.588348865509033,False,14.0,0.0559958815574646,0.21197138726711273,-0.000413745641708374,0.0015251804143190384,-0.0020228009670972824,0.013925465755164623,0.9999009966850281
freeform_s0_cross,1328,66.40584564208984,5.7779998779296875,6.038662433624268,5.954081058502197,6.430279731750488,5.954081058502197,6.038662433624268,False,14.0,0.05613619089126587,0.21445047855377197,-0.0004069209098815918,0.0015137363225221634,-0.0018737593200057745,0.013839871622622013,0.9999024868011475
freeform_s0_cross,1329,66.4558334350586,5.7779998779296875,5.1451897621154785,5.305472373962402,6.477959632873535,5.305472373962402,5.1451897621154785,False,14.0,0.056328803300857544,0.21694393455982208,-0.00039193034172058105,0.0015404392033815384,-0.0017164346063509583,0.013710472732782364,0.9999045133590698
freeform_s0_cross,1330,66.50582122802734,5.7779998779296875,5.39484977722168,5.809321880340576,6.319636821746826,5.809321880340576,5.39484977722168,False,14.0,0.0565648078918457,0.21942508220672607,-0.00037804245948791504,0.0016212332993745804,-0.0015558757586404681,0.013540630228817463,0.9999071359634399
freeform_s0_cross,1331,66.5558090209961,5.7779998779296875,6.280045509338379,6.088984966278076,6.417097091674805,6.088984966278076,6.280045509338379,False,14.0,0.05688291788101196,0.22191226482391357,-0.0003533363342285156,0.0015746764838695526,-0.0013846103101968765,0.013333252631127834,0.9999101758003235
freeform_s0_cross,1332,66.60579681396484,5.7779998779296875,5.723532676696777,5.686875343322754,6.437564849853516,5.686875343322754,5.723532676696777,False,14.0,0.05724203586578369,0.22439315915107727,-0.0003364682197570801,0.0016089174896478653,-0.0012140163453295827,0.013090262189507484,0.9999135732650757
freeform_s0_cross,1333,66.6557846069336,5.7779998779296875,5.95898962020874,5.957235336303711,6.38133430480957,5.957235336303711,5.95898962020874,False,14.0,0.057663917541503906,0.2268582284450531,-0.00032851099967956543,0.0016304869204759598,-0.0010414462303742766,0.01281660981476307,0.9999173283576965
freeform_s0_cross,1334,66.70577239990234,5.7779998779296875,5.763275146484375,5.721855163574219,6.431286811828613,5.721855163574219,5.763275146484375,False,14.0,0.058182865381240845,0.2293153554201126,-0.0003173649311065674,0.001626560464501381,-0.0008619331056252122,0.012515505775809288,0.9999213218688965
freeform_s0_cross,1335,66.7557601928711,5.7779998779296875,5.620718479156494,5.6764726638793945,6.411344051361084,5.6764726638793945,5.620718479156494,False,14.0,0.05875211954116821,0.23175035417079926,-0.0003184080123901367,0.0016412846744060516,-0.0006865400355309248,0.012190212495625019,0.999925434589386
freeform_s0_cross,1336,66.80574798583984,5.7779998779296875,5.86301851272583,5.836422920227051,6.415238380432129,5.836422920227051,5.86301851272583,False,14.0,0.05943974852561951,0.23416341841220856,-0.000330507755279541,0.0016170945018529892,-0.0005047290469519794,0.011845676228404045,0.9999297261238098
freeform_s0_cross,1337,66.8557357788086,5.7779998779296875,5.633611679077148,5.675248146057129,6.408085823059082,5.675248146057129,5.633611679077148,False,14.0,0.06020677089691162,0.2365407645702362,-0.00032263994216918945,0.0016590971499681473,-0.0003254251496400684,0.01148570142686367,0.9999339580535889
freeform_s0_cross,1338,66.90572357177734,5.7779998779296875,6.146274566650391,5.986748218536377,6.420539855957031,5.986748218536377,6.146274566650391,False,14.0,0.06110706925392151,0.2388765811920166,-0.0003307461738586426,0.0016223080456256866,-0.00014154730888549238,0.011115013621747494,0.9999381899833679
freeform_s0_cross,1339,66.9557113647461,5.7779998779296875,5.739652156829834,5.766230583190918,6.405501365661621,5.766230583190918,5.739652156829834,False,14.0,0.06212460994720459,0.2411508858203888,-0.0003292262554168701,0.001671360805630684,4.235869710100815e-05,0.010738871991634369,0.9999423623085022
freeform_s0_cross,1340,67.00569915771484,5.7779998779296875,5.951055526733398,5.636811256408691,6.497278213500977,5.636811256408691,5.951055526733398,False,14.0,0.06327608227729797,0.24333743751049042,-0.0003193318843841553,0.001612277701497078,0.00022736817481927574,0.010364124551415443,0.9999462366104126
freeform_s0_cross,1341,67.0556869506836,5.7779998779296875,5.092562198638916,5.308134078979492,6.43098258972168,5.308134078979492,5.092562198638916,False,14.0,0.0647672712802887,0.2453627586364746,-0.0003298819065093994,0.0016855224967002869,0.0004404625215101987,0.01000586524605751,0.9999498724937439
freeform_s0_cross,1342,67.10567474365234,5.7779998779296875,7.403347969055176,7.181573867797852,6.22090482711792,7.181573867797852,7.403347969055176,False,14.0,0.06644245982170105,0.24692599475383759,-0.0003566741943359375,0.0017337333410978317,0.0006606947863474488,0.009717678651213646,0.9999525547027588
freeform_s0_cross,1343,67.1556625366211,5.7779998779296875,5.7575836181640625,5.3133649826049805,6.61665153503418,5.3133649826049805,5.7575836181640625,False,14.0,0.06761083006858826,0.24759794771671295,-0.00035309791564941406,0.0016640517860651016,0.0008091672207228839,0.009586000815033913,0.9999537467956543
freeform_s0_cross,1344,67.20565032958984,5.7779998779296875,5.358148574829102,5.5735063552856445,6.409720420837402,5.5735063552856445,5.358148574829102,False,14.0,0.06841117143630981,0.24783861637115479,-0.0003789365291595459,0.0017115119844675064,0.0009112372063100338,0.009533085860311985,0.9999541640281677
freeform_s0_cross,1345,67.2556381225586,5.7779998779296875,5.910027027130127,5.874356269836426,6.4396538734436035,5.874356269836426,5.910027027130127,False,14.0,0.0691070556640625,0.2479434609413147,-0.00040149688720703125,0.0016573723405599594,0.0010009505786001682,0.009504360146820545,0.999954342842102
freeform_s0_cross,1346,67.30562591552734,5.7779998779296875,5.899838447570801,5.7805962562561035,6.467884063720703,5.7805962562561035,5.899838447570801,False,14.0,0.0697566568851471,0.24797660112380981,-0.00041434168815612793,0.0016481410712003708,0.0010857556480914354,0.00948786735534668,0.9999544024467468
freeform_s0_cross,1347,67.3556137084961,5.7779998779296875,5.679962158203125,5.722772121429443,6.441058158874512,5.722772121429443,5.679962158203125,False,14.0,0.07039672136306763,0.2479841113090515,-0.00041678547859191895,0.001674450933933258,0.0011700293980538845,0.00947476364672184,0.9999544024467468
freeform_s0_cross,1348,67.40560150146484,5.7779998779296875,5.915018081665039,5.88360071182251,6.432517051696777,5.88360071182251,5.915018081665039,False,14.0,0.07091689109802246,0.2479878067970276,-0.00041618943214416504,0.0016752909868955612,0.001238808035850525,0.009463481605052948,0.9999544620513916
freeform_s0_cross,1349,67.4555892944336,5.7779998779296875,5.919691562652588,5.900081634521484,6.41464376449585,5.900081634521484,5.919691562652588,False,14.0,0.07140183448791504,0.24802376329898834,-0.00040027499198913574,0.0017191506922245026,0.001302375108934939,0.00944614503532648,0.9999545216560364
freeform_s0_cross,1350,67.50557708740234,5.7779998779296875,5.869819164276123,6.00179386138916,6.347269058227539,6.00179386138916,5.869819164276123,False,14.0,0.07210582494735718,0.2480698972940445,-0.0003698766231536865,0.0018130764365196228,0.0013949339045211673,0.009420596063137054,0.9999546408653259
freeform_s0_cross,1351,67.5555648803711,5.7779998779296875,5.0152459144592285,5.386508941650391,6.426300048828125,5.386508941650391,5.0152459144592285,False,14.0,0.07279184460639954,0.24808822572231293,-0.00033727288246154785,0.0018117930740118027,0.0014860329683870077,0.00939885899424553,0.9999547004699707
freeform_s0_cross,1352,67.60555267333984,5.7779998779296875,6.012052059173584,6.022307395935059,6.386284351348877,6.022307395935059,6.012052059173584,False,14.0,0.07335582375526428,0.24806705117225647,-0.00036013126373291016,0.0017684772610664368,0.001562220393680036,0.009386333636939526,0.9999547004699707
freeform_s0_cross,1353,67.6555404663086,5.7779998779296875,6.166962623596191,6.194455146789551,6.358834266662598,6.194455146789551,6.166962623596191,False,14.0,0.07396921515464783,0.24807040393352509,-0.00036388635635375977,0.0018120743334293365,0.00164459936786443,0.009366577491164207,0.9999547600746155
freeform_s0_cross,1354,67.70552825927734,5.7779998779296875,5.749907970428467,5.690237998962402,6.446099758148193,5.690237998962402,5.749907970428467,False,14.0,0.07462742924690247,0.24810071289539337,-0.0003421604633331299,0.0018327608704566956,0.0017323574284091592,0.00933898612856865,0.999954879283905
freeform_s0_cross,1355,67.7555160522461,5.7779998779296875,5.8256635665893555,5.637728214263916,6.4876508712768555,5.637728214263916,5.8256635665893555,False,14.0,0.07541528344154358,0.24805095791816711,-0.0003400743007659912,0.0017813071608543396,0.001840844750404358,0.009319523349404335,0.999954879283905
freeform_s0_cross,1356,67.80550384521484,5.7779998779296875,5.322918891906738,5.21892786026001,6.524025917053223,5.21892786026001,5.322918891906738,False,14.0,0.07609057426452637,0.24798977375030518,-0.0003574490547180176,0.0017538126558065414,0.0019351433729752898,0.009304349310696125,0.9999548196792603
freeform_s0_cross,1357,67.8554916381836,5.7779998779296875,5.533145904541016,5.712723731994629,6.417726039886475,5.712723731994629,5.533145904541016,False,14.0,0.07663959264755249,0.24790972471237183,-0.000398099422454834,0.0017330441623926163,0.0020135389640927315,0.009296217933297157,0.9999547600746155
freeform_s0_cross,1358,67.90547943115234,5.7779998779296875,5.733832359313965,5.903328895568848,6.381339073181152,5.903328895568848,5.733832359313965,False,14.0,0.07732412219047546,0.24792343378067017,-0.00040528178215026855,0.0017813947051763535,0.0021069275680929422,0.009263926185667515,0.999954879283905
freeform_s0_cross,1359,67.9554672241211,5.7779998779296875,5.954133987426758,5.873716831207275,6.441829681396484,5.873716831207275,5.954133987426758,False,14.0,0.07803484797477722,0.24797062575817108,-0.0003902614116668701,0.0017625745385885239,0.002202558796852827,0.009222607128322124,0.9999550580978394
freeform_s0_cross,1360,68.00545501708984,5.7779998779296875,5.72003698348999,5.714058876037598,6.4425740242004395,5.714058876037598,5.72003698348999,False,14.0,0.0786832869052887,0.2479855716228485,-0.0003829002380371094,0.0017840415239334106,0.0022912577260285616,0.009188338182866573,0.9999551773071289
freeform_s0_cross,1361,68.0554428100586,5.7779998779296875,5.532563209533691,5.573643207550049,6.45570182800293,5.573643207550049,5.532563209533691,False,14.0,0.07932588458061218,0.24799150228500366,-0.00038307905197143555,0.0017789658159017563,0.002379792742431164,0.00915441382676363,0.9999552369117737
freeform_s0_cross,1362,68.10543060302734,5.7779998779296875,5.82994270324707,5.857364654541016,6.419985294342041,5.857364654541016,5.82994270324707,False,14.0,0.07994702458381653,0.2479708045721054,-0.00040212273597717285,0.0017750728875398636,0.00246701342985034,0.00912486482411623,0.9999552965164185
freeform_s0_cross,1363,68.1554183959961,5.7779998779296875,5.758233547210693,5.92874813079834,6.361911296844482,5.92874813079834,5.758233547210693,False,14.0,0.08053842186927795,0.24801312386989594,-0.0003851652145385742,0.0018510334193706512,0.0025468135718256235,0.00908427033573389,0.9999554753303528
freeform_s0_cross,1364,68.20540618896484,5.7779998779296875,5.9821624755859375,5.909229278564453,6.41951847076416,5.909229278564453,5.9821624755859375,False,14.0,0.08114099502563477,0.24805480241775513,-0.00035628676414489746,0.0018479786813259125,0.002628206042572856,0.00904182717204094,0.9999556541442871
freeform_s0_cross,1365,68.2553939819336,5.7779998779296875,6.03973388671875,5.96051025390625,6.422627925872803,5.96051025390625,6.03973388671875,False,14.0,0.08186152577400208,0.2480175495147705,-0.000365525484085083,0.0018123947083950043,0.002730933018028736,0.009004748426377773,0.9999557137489319
freeform_s0_cross,1366,68.30538177490234,5.7779998779296875,5.626402378082275,5.459705352783203,6.52152681350708,5.459705352783203,5.626402378082275,False,14.0,0.0825190544128418,0.2480027824640274,-0.00037670135498046875,0.0017754510045051575,0.0028238515369594097,0.008965718559920788,0.9999558329582214
freeform_s0_cross,1367,68.3553695678711,5.7779998779296875,5.567365646362305,5.699852466583252,6.4206647872924805,5.699852466583252,5.567365646362305,False,14.0,0.083152174949646,0.2479962557554245,-0.0004054903984069824,0.0017952900379896164,0.0029130836483091116,0.00892517901957035,0.999955952167511
freeform_s0_cross,1368,68.40535736083984,5.7779998779296875,5.874956130981445,5.813100814819336,6.462001800537109,5.813100814819336,5.874956130981445,False,14.0,0.08379501104354858,0.24799451231956482,-0.00042563676834106445,0.0017546452581882477,0.0030035823583602905,0.008881551213562489,0.9999560713768005
freeform_s0_cross,1369,68.4553451538086,5.7779998779296875,6.031643390655518,5.882976531982422,6.4607038497924805,5.882976531982422,6.031643390655518,False,14.0,0.08444434404373169,0.24799993634223938,-0.00044274330139160156,0.001760067418217659,0.00309469155035913,0.008834579959511757,0.9999561905860901
freeform_s0_cross,1370,68.50533294677734,5.7779998779296875,5.667654514312744,5.647400856018066,6.478829383850098,5.647400856018066,5.667654514312744,False,14.0,0.08508750796318054,0.24799838662147522,-0.00044605135917663574,0.0017793122678995132,0.0031856249552220106,0.008787632919847965,0.9999563097953796
freeform_s0_cross,1371,68.5553207397461,5.7779998779296875,5.726250648498535,5.589975357055664,6.515387058258057,5.589975357055664,5.726250648498535,False,14.0,0.08571925759315491,0.24799853563308716,-0.0004514753818511963,0.0017426442354917526,0.003275014227256179,0.008739635348320007,0.9999564290046692
freeform_s0_cross,1372,68.60530853271484,5.7779998779296875,5.767683982849121,5.802011489868164,6.446105003356934,5.802011489868164,5.767683982849121,False,14.0,0.08634448051452637,0.24799799919128418,-0.0004717111587524414,0.001759495586156845,0.00336371804587543,0.00869069341570139,0.9999565482139587
freeform_s0_cross,1373,68.6552963256836,5.7779998779296875,5.040393829345703,5.469144821166992,6.390159606933594,5.469144821166992,5.040393829345703,False,14.0,0.08699256181716919,0.24798966944217682,-0.000444948673248291,0.0018903780728578568,0.0034564980305731297,0.008639655075967312,0.9999567270278931
freeform_s0_cross,1374,68.70528411865234,5.7779998779296875,5.0854363441467285,5.641200542449951,6.37973690032959,5.641200542449951,5.0854363441467285,False,14.0,0.08762210607528687,0.24798297882080078,-0.000417172908782959,0.0018613673746585846,0.0035467310808598995,0.008588213473558426,0.9999568462371826
freeform_s0_cross,1375,68.7552719116211,5.7779998779296875,6.078778266906738,6.006649017333984,6.4363908767700195,6.006649017333984,6.078778266906738,False,14.0,0.08826029300689697,0.24798545241355896,-0.00042954087257385254,0.0018001627177000046,0.0036376125644892454,0.008532852865755558,0.9999569654464722
freeform_s0_cross,1376,68.80525970458984,5.7779998779296875,5.70095682144165,5.680649757385254,6.474578857421875,5.680649757385254,5.70095682144165,False,14.0,0.08889779448509216,0.24798336625099182,-0.0004381835460662842,0.0018082484602928162,0.0037289767060428858,0.008476686663925648,0.9999571442604065
freeform_s0_cross,1377,68.8552474975586,5.7779998779296875,5.743130683898926,5.652521133422852,6.501848220825195,5.652521133422852,5.743130683898926,False,14.0,0.08946877717971802,0.24801288545131683,-0.0004444420337677002,0.0017635505646467209,0.0038080753292888403,0.008419683203101158,0.9999573230743408
freeform_s0_cross,1378,68.90523529052734,5.7779998779296875,6.05322265625,6.161909580230713,6.356657981872559,6.161909580230713,6.05322265625,False,14.0,0.0900544822216034,0.24804428219795227,-0.0004506111145019531,0.0018369760364294052,0.0038891169242560863,0.008359693922102451,0.9999575018882751
freeform_s0_cross,1379,68.9552230834961,5.7779998779296875,5.777068138122559,5.733724594116211,6.46733283996582,5.733724594116211,5.777068138122559,False,14.0,0.09067079424858093,0.24807345867156982,-0.000431060791015625,0.0018543154001235962,0.003974770195782185,0.008295759558677673,0.9999576807022095
freeform_s0_cross,1380,69.00521087646484,5.7779998779296875,5.652536392211914,5.68043851852417,6.457993984222412,5.68043851852417,5.652536392211914,False,14.0,0.09142789244651794,0.2480318248271942,-0.0004305243492126465,0.0018733590841293335,0.0040877750143408775,0.008228017948567867,0.999957799911499
freeform_s0_cross,1381,69.0551986694336,5.7779998779296875,5.748376846313477,5.628127098083496,6.5024824142456055,5.628127098083496,5.748376846313477,False,14.0,0.09208658337593079,0.24799904227256775,-0.0004324615001678467,0.0018331147730350494,0.004186152946203947,0.008166514337062836,0.9999579191207886
freeform_s0_cross,1382,69.10518646240234,5.7779998779296875,5.6363372802734375,5.714969158172607,6.445425510406494,5.714969158172607,5.6363372802734375,False,14.0,0.09272563457489014,0.2479904145002365,-0.0004457533359527588,0.0018507130444049835,0.0042794994078576565,0.008101265877485275,0.9999580383300781
freeform_s0_cross,1383,69.1551742553711,5.7779998779296875,5.761091709136963,5.826434135437012,6.429788589477539,5.826434135437012,5.761091709136963,False,14.0,0.0933554470539093,0.2479962855577469,-0.0004457235336303711,0.001867782324552536,0.004370155744254589,0.008032942190766335,0.9999581575393677
freeform_s0_cross,1384,69.20516204833984,5.7779998779296875,5.633377552032471,5.718526840209961,6.452254295349121,5.718526840209961,5.633377552032471,False,14.0,0.09399491548538208,0.24799886345863342,-0.00044351816177368164,0.0018658991903066635,0.004462718032300472,0.007962435483932495,0.999958336353302
freeform_s0_cross,1385,69.2551498413086,5.7779998779296875,5.826955795288086,5.826064109802246,6.451135635375977,5.826064109802246,5.826955795288086,False,14.0,0.09463807940483093,0.24799895286560059,-0.00045186281204223633,0.0018564779311418533,0.004556259140372276,0.007890199311077595,0.9999585151672363
freeform_s0_cross,1386,69.30513763427734,5.7779998779296875,5.87313985824585,5.867353439331055,6.444220542907715,5.867353439331055,5.87313985824585,False,14.0,0.09527784585952759,0.24800094962120056,-0.00045439600944519043,0.001867927610874176,0.004649254027754068,0.007816312834620476,0.9999586343765259
freeform_s0_cross,1387,69.3551254272461,5.7779998779296875,5.800792217254639,5.785272598266602,6.459079742431641,5.785272598266602,5.800792217254639,False,14.0,0.09591656923294067,0.24800072610378265,-0.00045186281204223633,0.0018762703984975815,0.004742517601698637,0.007741175591945648,0.9999588131904602
freeform_s0_cross,1388,69.40511322021484,5.7779998779296875,5.792457580566406,5.73516321182251,6.483611106872559,5.73516321182251,5.792457580566406,False,14.0,0.09654980897903442,0.24799543619155884,-0.00046068429946899414,0.0018561538308858871,0.004835761617869139,0.0076657687313854694,0.9999589323997498
freeform_s0_cross,1389,69.4551010131836,5.7779998779296875,4.833448886871338,5.307474136352539,6.460881233215332,5.307474136352539,4.833448886871338,False,14.0,0.09712320566177368,0.24798345565795898,-0.0004697442054748535,0.001864418387413025,0.004921248648315668,0.007597123272716999,0.9999590516090393
freeform_s0_cross,1390,69.50508880615234,5.7779998779296875,6.209539890289307,5.963183403015137,6.5200395584106445,5.963183403015137,6.209539890289307,False,14.0,0.09744954109191895,0.24789610505104065,-0.0004857778549194336,0.0016850214451551437,0.004980108700692654,0.007569928653538227,0.9999589323997498
freeform_s0_cross,1391,69.5550765991211,5.7779998779296875,5.607972621917725,5.575287818908691,6.516262054443359,5.575287818908691,5.607972621917725,False,14.0,0.09789249300956726,0.2478291094303131,-0.0005006790161132812,0.0016912035644054413,0.005053890403360128,0.007524135056883097,0.9999589323997498
freeform_s0_cross,1392,69.60506439208984,5.7779998779296875,6.754544734954834,7.3033905029296875,6.105213642120361,7.3033905029296875,6.754544734954834,False,14.0,0.09872737526893616,0.24794907867908478,-0.0005033314228057861,0.0019596032798290253,0.005161511246114969,0.0073975687846541405,0.9999592900276184
freeform_s0_cross,1393,69.6550521850586,5.7779998779296875,5.676276206970215,5.278226375579834,6.637639999389648,5.278226375579834,5.676276206970215,False,14.0,0.09965887665748596,0.24802222847938538,-0.000435560941696167,0.0019073430448770523,0.005289093125611544,0.007262431085109711,0.9999596476554871
freeform_s0_cross,1394,69.70503997802734,5.7779998779296875,5.1555280685424805,5.546201229095459,6.404391288757324,5.546201229095459,5.1555280685424805,False,14.0,0.1003812849521637,0.24801279604434967,-0.0004418790340423584,0.0019663535058498383,0.005396983586251736,0.00716511020436883,0.9999597668647766
freeform_s0_cross,1395,69.7550277709961,5.7779998779296875,6.072091579437256,5.992121696472168,6.446942329406738,5.992121696472168,6.072091579437256,False,14.0,0.10102787613868713,0.24799789488315582,-0.0004521608352661133,0.0019084811210632324,0.005494656972587109,0.007077000103890896,0.9999598860740662
freeform_s0_cross,1396,69.80501556396484,5.7779998779296875,5.631320953369141,5.579860687255859,6.504226207733154,5.579860687255859,5.631320953369141,False,14.0,0.10167080163955688,0.24799498915672302,-0.0004597902297973633,0.0019082464277744293,0.005590272601693869,0.006985782645642757,0.9999599456787109
freeform_s0_cross,1397,69.8550033569336,5.7779998779296875,5.709498405456543,5.781994342803955,6.446743488311768,5.781994342803955,5.709498405456543,False,14.0,0.1023026704788208,0.2479923665523529,-0.0004744231700897217,0.001917591318488121,0.00568433990702033,0.006894316989928484,0.9999600648880005
freeform_s0_cross,1398,69.90499114990234,5.7779998779296875,5.810431480407715,5.8267412185668945,6.454307556152344,5.8267412185668945,5.810431480407715,False,14.0,0.10293355584144592,0.24799096584320068,-0.00047841668128967285,0.0019229594618082047,0.005778197664767504,0.006801050156354904,0.99996018409729
freeform_s0_cross,1399,69.9549789428711,5.7779998779296875,5.844070911407471,5.816277980804443,6.465584754943848,5.816277980804443,5.844070911407471,False,14.0,0.10356926918029785,0.24799087643623352,-0.00047791004180908203,0.001926857978105545,0.005872674752026796,0.006705089937895536,0.9999603033065796
freeform_s0_cross,1400,70.00496673583984,5.7779998779296875,5.7466888427734375,5.76904296875,6.458418846130371,5.76904296875,5.7466888427734375,False,14.0,0.10420364141464233,0.24798884987831116,-0.0004723668098449707,0.0019476674497127533,0.005967337638139725,0.006607810501009226,0.9999603629112244
freeform_s0_cross,1401,70.0549545288086,5.7779998779296875,5.7634358406066895,5.755396366119385,6.4694671630859375,5.755396366119385,5.7634358406066895,False,14.0,0.10484343767166138,0.24798965454101562,-0.0004705488681793213,0.0019448734819889069,0.006062442436814308,0.006507475394755602,0.9999604225158691
freeform_s0_cross,1402,70.10494232177734,5.7779998779296875,5.780886650085449,5.793990612030029,6.458681106567383,5.793990612030029,5.780886650085449,False,14.0,0.10548081994056702,0.24799033999443054,-0.0004734992980957031,0.001951294019818306,0.00615726038813591,0.006405712570995092,0.9999605417251587
freeform_s0_cross,1403,70.1549301147461,5.7779998779296875,5.706923484802246,5.762489318847656,6.450411319732666,5.762489318847656,5.706923484802246,False,14.0,0.10611623525619507,0.24799591302871704,-0.0004703998565673828,0.0019754208624362946,0.006251022685319185,0.006301782559603453,0.9999606013298035
freeform_s0_cross,1404,70.20491790771484,5.7779998779296875,6.2847490310668945,6.0596723556518555,6.452938079833984,6.0596723556518555,6.2847490310668945,False,14.0,0.10675224661827087,0.248000830411911,-0.00046384334564208984,0.001976488158106804,0.006344975903630257,0.006196038797497749,0.9999606609344482
freeform_s0_cross,1405,70.2549057006836,5.7779998779296875,5.581701755523682,5.582581043243408,6.476651191711426,5.582581043243408,5.581701755523682,False,14.0,0.10733756422996521,0.24801625311374664,-0.0004310011863708496,0.002025388181209564,0.006429577711969614,0.006095674820244312,0.9999607801437378
freeform_s0_cross,1406,70.30489349365234,5.7779998779296875,6.094539165496826,6.049745559692383,6.403731346130371,6.049745559692383,6.094539165496826,False,14.0,0.10795921087265015,0.24802616238594055,-0.0004151761531829834,0.002038775011897087,0.006520444061607122,0.005988282151520252,0.9999608397483826
freeform_s0_cross,1407,70.3548812866211,5.7779998779296875,5.682157039642334,5.692258834838867,6.44818115234375,5.692258834838867,5.682157039642334,False,14.0,0.10865113139152527,0.24801383912563324,-0.0004011988639831543,0.0020749997347593307,0.006625570356845856,0.005869744811207056,0.9999608397483826
freeform_s0_cross,1408,70.40486907958984,5.7779998779296875,5.908583164215088,5.875596046447754,6.432147979736328,5.875596046447754,5.908583164215088,False,14.0,0.10930106043815613,0.24800407886505127,-0.00039950013160705566,0.002064026892185211,0.0067240032367408276,0.0057561444118618965,0.9999608397483826
freeform_s0_cross,1409,70.4548568725586,5.7779998779296875,5.833592891693115,5.795403480529785,6.441542625427246,5.795403480529785,5.833592891693115,False,14.0,0.1099424958229065,0.24799814820289612,-0.0003992617130279541,0.0020766742527484894,0.0068204523995518684,0.005641640163958073,0.9999608397483826
freeform_s0_cross,1410,70.50484466552734,5.7779998779296875,5.80067777633667,5.797881126403809,6.4354329109191895,5.797881126403809,5.80067777633667,False,14.0,0.11058318614959717,0.24799859523773193,-0.00039845705032348633,0.0020835865288972855,0.006915540900081396,0.005524582229554653,0.9999608397483826
freeform_s0_cross,1411,70.5548324584961,5.7779998779296875,5.746948719024658,5.700216293334961,6.46151065826416,5.700216293334961,5.746948719024658,False,14.0,0.11122122406959534,0.247999906539917,-0.0003992617130279541,0.0020752698183059692,0.007009932305663824,0.005406039766967297,0.9999608397483826
freeform_s0_cross,1412,70.60482025146484,5.7779998779296875,5.737089157104492,5.779209136962891,6.4302191734313965,5.779209136962891,5.737089157104492,False,14.0,0.11185571551322937,0.24799835681915283,-0.00040709972381591797,0.002087993547320366,0.007104165852069855,0.005286657717078924,0.9999607801437378
freeform_s0_cross,1413,70.6548080444336,5.7779998779296875,5.751048564910889,5.787208557128906,6.429703712463379,5.787208557128906,5.751048564910889,False,14.0,0.11249732971191406,0.24800273776054382,-0.00040602684020996094,0.0021019168198108673,0.007198116276413202,0.0051633501425385475,0.9999607801437378
freeform_s0_cross,1414,70.70479583740234,5.7779998779296875,5.177844524383545,5.495927810668945,6.4350504875183105,5.495927810668945,5.177844524383545,False,14.0,0.11314266920089722,0.24800735712051392,-0.00040352344512939453,0.002103988081216812,0.007292303256690502,0.00503741716966033,0.999960720539093
freeform_s0_cross,1415,70.7547836303711,5.7779998779296875,5.884432315826416,5.92012882232666,6.419250965118408,5.92012882232666,5.884432315826416,False,14.0,0.11378335952758789,0.24800992012023926,-0.00042361021041870117,0.0020749997347593307,0.007385909557342529,0.0049107554368674755,0.9999606609344482
freeform_s0_cross,1416,70.80477142333984,5.7779998779296875,5.821387767791748,5.885688304901123,6.421347141265869,5.885688304901123,5.821387767791748,False,14.0,0.11441776156425476,0.24800831079483032,-0.0004337728023529053,0.0020956583321094513,0.0074791074730455875,0.004783963318914175,0.9999606013298035
freeform_s0_cross,1417,70.8547592163086,5.7779998779296875,5.875326156616211,5.823853492736816,6.456063270568848,5.823853492736816,5.875326156616211,False,14.0,0.11505216360092163,0.2480040192604065,-0.000433117151260376,0.0020900052040815353,0.007572513073682785,0.004655623342841864,0.9999604821205139
freeform_s0_cross,1418,70.90474700927734,5.7779998779296875,5.813649654388428,5.358355522155762,6.6651716232299805,5.358355522155762,5.813649654388428,False,14.0,0.11540839076042175,0.2479231059551239,-0.00044462084770202637,0.0018761120736598969,0.00764099508523941,0.004591355100274086,0.9999602437019348
freeform_s0_cross,1419,70.9547348022461,5.7779998779296875,5.525423049926758,5.626893997192383,6.462267875671387,5.626893997192383,5.525423049926758,False,14.0,0.11579719185829163,0.24784201383590698,-0.0004805922508239746,0.0019005537033081055,0.007714407052844763,0.004519561305642128,0.9999600052833557
freeform_s0_cross,1420,71.00472259521484,5.7779998779296875,7.811480522155762,6.988896369934082,6.427881717681885,6.988896369934082,7.811480522155762,False,14.0,0.11645933985710144,0.24791459739208221,-0.0004995167255401611,0.0018690750002861023,0.007795183919370174,0.004372838418930769,0.9999600648880005
freeform_s0_cross,1421,71.0547103881836,5.7779998779296875,6.410684108734131,5.978786468505859,6.457846641540527,5.978786468505859,6.410684108734131,False,14.0,0.11742377281188965,0.24804165959358215,-0.0004862844944000244,0.002137618139386177,0.00790651049464941,0.0041539110243320465,0.9999601244926453
freeform_s0_cross,1422,71.10469818115234,5.7779998779296875,5.724698066711426,5.677304744720459,6.484107971191406,5.677304744720459,5.724698066711426,False,14.0,0.11823070049285889,0.24802309274673462,-0.00044208765029907227,0.002145892009139061,0.00802514050155878,0.003980686422437429,0.9999598860740662
freeform_s0_cross,1423,71.1546859741211,5.7779998779296875,6.000776767730713,5.905329704284668,6.457226753234863,5.905329704284668,6.000776767730713,False,14.0,0.11890438199043274,0.24801358580589294,-0.0004349350929260254,0.002115577459335327,0.008122165687382221,0.0038331584073603153,0.9999596476554871
freeform_s0_cross,1424,71.20467376708984,5.7779998779296875,5.855728626251221,5.790431022644043,6.4583563804626465,5.790431022644043,5.855728626251221,False,14.0,0.11954036355018616,0.2480067014694214,-0.0004355311393737793,0.0021352767944335938,0.00821262039244175,0.0036917829420417547,0.9999594688415527
freeform_s0_cross,1425,71.2546615600586,5.7779998779296875,5.795477390289307,5.793084144592285,6.4490437507629395,5.793084144592285,5.795477390289307,False,14.0,0.1201707124710083,0.2480090856552124,-0.0004354417324066162,0.0021426789462566376,0.008299462497234344,0.003548987442627549,0.9999592900276184
freeform_s0_cross,1426,71.30464935302734,5.7779998779296875,5.796055316925049,5.722673416137695,6.476202011108398,5.722673416137695,5.796055316925049,False,14.0,0.12081533670425415,0.24801252782344818,-0.0004362165927886963,0.002131689339876175,0.008387187495827675,0.0034010587260127068,0.9999590516090393
freeform_s0_cross,1427,71.3546371459961,5.7779998779296875,5.724203109741211,5.762993812561035,6.446033477783203,5.762993812561035,5.724203109741211,False,14.0,0.12145230174064636,0.24800938367843628,-0.0004431009292602539,0.0021466221660375595,0.008474478498101234,0.0032536983489990234,0.9999588131904602
freeform_s0_cross,1428,71.40462493896484,5.7779998779296875,5.822879314422607,5.798722743988037,6.460569858551025,5.798722743988037,5.822879314422607,False,14.0,0.12209323048591614,0.2480105757713318,-0.0004500448703765869,0.002135736867785454,0.008560333400964737,0.003103240393102169,0.9999585151672363
freeform_s0_cross,1429,71.4546127319336,5.7779998779296875,6.172943592071533,5.973295211791992,6.459131717681885,5.973295211791992,6.172943592071533,False,14.0,0.12272673845291138,0.24800994992256165,-0.0004564225673675537,0.002141593024134636,0.008644593879580498,0.0029529393650591373,0.9999582767486572
freeform_s0_cross,1430,71.50460052490234,5.7779998779296875,5.720012664794922,5.71427059173584,6.463484764099121,5.71427059173584,5.720012664794922,False,14.0,0.12336191534996033,0.24800977110862732,-0.0004462897777557373,0.002175634726881981,0.008727877400815487,0.0028004772029817104,0.9999579787254333
freeform_s0_cross,1431,71.5545883178711,5.7779998779296875,5.716712951660156,5.603143215179443,6.507086277008057,5.603143215179443,5.716712951660156,False,14.0,0.12401026487350464,0.24801522493362427,-0.0004437565803527832,0.0021457932889461517,0.008810306899249554,0.0026426329277455807,0.9999576807022095
freeform_s0_cross,1432,71.60457611083984,5.7779998779296875,5.678838729858398,5.759321689605713,6.440828323364258,5.759321689605713,5.678838729858398,False,14.0,0.12464827299118042,0.24801383912563324,-0.00045683979988098145,0.0021658912301063538,0.00889179203659296,0.002486142795532942,0.9999573826789856
freeform_s0_cross,1433,71.6545639038086,5.7779998779296875,5.85040283203125,5.831264495849609,6.458559989929199,5.831264495849609,5.85040283203125,False,14.0,0.12528923153877258,0.24801555275917053,-0.00046306848526000977,0.002155272290110588,0.008971542119979858,0.0023269893135875463,0.9999570250511169
freeform_s0_cross,1434,71.70455169677734,5.7779998779296875,6.299136638641357,6.033259391784668,6.464536666870117,6.033259391784668,6.299136638641357,False,14.0,0.1259244680404663,0.24801461398601532,-0.0004673600196838379,0.002161886543035507,0.009049824438989162,0.0021678046323359013,0.9999567270278931
freeform_s0_cross,1435,71.7545394897461,5.7779998779296875,5.693160533905029,5.692936897277832,6.465227127075195,5.692936897277832,5.693160533905029,False,14.0,0.12656176090240479,0.24801194667816162,-0.0004495084285736084,0.0022096000611782074,0.009127309545874596,0.002006591996178031,0.9999563097953796
freeform_s0_cross,1436,71.80452728271484,5.7779998779296875,5.839829444885254,5.910312652587891,6.412494659423828,5.910312652587891,5.839829444885254,False,14.0,0.1271938979625702,0.24801230430603027,-0.00043764710426330566,0.002236446365714073,0.009201846085488796,0.0018448735354468226,0.999955952167511
freeform_s0_cross,1437,71.8545150756836,5.7779998779296875,5.875048637390137,5.838878154754639,6.44509220123291,5.838878154754639,5.875048637390137,False,14.0,0.12783291935920715,0.24801509082317352,-0.0004223287105560303,0.002242235466837883,0.009274894371628761,0.0016796510899439454,0.9999555945396423
freeform_s0_cross,1438,71.90450286865234,5.7779998779296875,5.932656288146973,5.825253486633301,6.469549179077148,5.825253486633301,5.932656288146973,False,14.0,0.1284787952899933,0.24801836907863617,-0.0004260540008544922,0.002216991037130356,0.0093467952683568,0.0015110535314306617,0.9999551773071289
freeform_s0_cross,1439,71.9544906616211,5.7779998779296875,5.605100631713867,5.678524494171143,6.45209264755249,5.678524494171143,5.605100631713867,False,14.0,0.129116952419281,0.24801874160766602,-0.00043445825576782227,0.002235930413007736,0.009416713379323483,0.0013431295519694686,0.9999547600746155
freeform_s0_cross,1440,72.00447845458984,5.7779998779296875,5.826590538024902,5.8333353996276855,6.445433616638184,5.8333353996276855,5.826590538024902,False,14.0,0.12975388765335083,0.24802173674106598,-0.0004450678825378418,0.002227041870355606,0.009483855217695236,0.0011738829780369997,0.999954342842102
freeform_s0_cross,1441,72.0544662475586,5.7779998779296875,5.819121837615967,5.812626838684082,6.452706336975098,5.812626838684082,5.819121837615967,False,14.0,0.13039439916610718,0.24802182614803314,-0.00045055150985717773,0.002232864499092102,0.009550092741847038,0.0010024032089859247,0.9999538660049438
freeform_s0_cross,1442,72.10445404052734,5.7779998779296875,5.791464328765869,5.7878828048706055,6.456343650817871,5.7878828048706055,5.791464328765869,False,14.0,0.13103365898132324,0.24802155792713165,-0.000452578067779541,0.0022388454526662827,0.00961415097117424,0.0008298499160446227,0.9999534487724304
freeform_s0_cross,1443,72.1544418334961,5.7779998779296875,6.652008533477783,6.2274370193481445,6.519602298736572,6.2274370193481445,6.652008533477783,False,14.0,0.13172563910484314,0.2480340451002121,-0.00048616528511047363,0.0020848512649536133,0.009677467867732048,0.0006408323533833027,0.9999529719352722
freeform_s0_cross,1444,72.20442962646484,5.7779998779296875,7.186793327331543,6.346497535705566,6.519674301147461,6.346497535705566,7.186793327331543,False,14.0,0.13236480951309204,0.2480364441871643,-0.0005209445953369141,0.002141471952199936,0.009735973551869392,0.00046535313595086336,0.999952495098114
freeform_s0_cross,1445,72.2544174194336,5.7779998779296875,5.598366737365723,5.523798942565918,6.529375076293945,5.523798942565918,5.598366737365723,False,14.0,0.1329714059829712,0.2480262964963913,-0.0005086958408355713,0.002209186553955078,0.009792668744921684,0.00029821298085153103,0.9999520182609558
freeform_s0_cross,1446,72.30440521240234,5.7779998779296875,4.513491630554199,4.782031059265137,6.601666450500488,4.782031059265137,4.513491630554199,False,14.0,0.13343200087547302,0.24797557294368744,-0.0004923343658447266,0.002135239541530609,0.009846209548413754,0.00017247760843019933,0.9999514818191528
freeform_s0_cross,1447,72.3543930053711,5.7779998779296875,5.9014506340026855,5.961438179016113,6.433801651000977,5.961438179016113,5.9014506340026855,False,14.0,0.13381430506706238,0.24787215888500214,-0.0005015134811401367,0.002072889357805252,0.009906915947794914,7.021481724223122e-05,0.9999509453773499
freeform_s0_cross,1448,72.40438079833984,5.7779998779296875,6.33389139175415,6.066540718078613,6.466707229614258,6.066540718078613,6.33389139175415,False,14.0,0.13441038131713867,0.2478194385766983,-0.0004980266094207764,0.0020945612341165543,0.009969517588615417,-9.525106725050136e-05,0.9999502897262573
freeform_s0_cross,1449,72.4543685913086,5.7779998779296875,5.643423080444336,5.743877410888672,6.443648338317871,5.743877410888672,5.643423080444336,False,14.0,0.13531753420829773,0.24787206947803497,-0.0005172193050384521,0.002220846712589264,0.01002260111272335,-0.00035457932972349226,0.9999496936798096
freeform_s0_cross,1450,72.50435638427734,5.7779998779296875,5.658281326293945,5.668523788452148,6.490054130554199,5.668523788452148,5.658281326293945,False,14.0,0.1361699104309082,0.24797527492046356,-0.0005069077014923096,0.002239534631371498,0.010051468387246132,-0.0006017785053700209,0.9999492764472961
freeform_s0_cross,1451,72.5543441772461,5.7779998779296875,6.037319660186768,5.725069046020508,6.5716233253479,5.725069046020508,6.037319660186768,False,14.0,0.13686919212341309,0.24802735447883606,-0.0005178451538085938,0.0021430086344480515,0.010080170817673206,-0.0008043451234698296,0.9999488592147827
freeform_s0_cross,1452,72.60433197021484,5.7779998779296875,5.603440761566162,5.682055473327637,6.47995662689209,5.682055473327637,5.603440761566162,False,14.0,0.1375097632408142,0.2480459213256836,-0.0005411207675933838,0.0021867770701646805,0.010111413896083832,-0.0009897801792249084,0.9999483823776245
freeform_s0_cross,1453,72.6543197631836,5.7779998779296875,5.681473731994629,5.722843647003174,6.482372283935547,5.722843647003174,5.681473731994629,False,14.0,0.1381300687789917,0.24804581701755524,-0.0005403757095336914,0.002216612920165062,0.010143732652068138,-0.0011696163564920425,0.9999478459358215
freeform_s0_cross,1454,72.70430755615234,5.7779998779296875,6.111783981323242,6.080994129180908,6.440951347351074,6.080994129180908,6.111783981323242,False,14.0,0.13875272870063782,0.24804355204105377,-0.000535428524017334,0.0022362396121025085,0.010173602029681206,-0.0013508667470887303,0.9999473094940186
freeform_s0_cross,1455,72.7542953491211,5.7779998779296875,5.843261241912842,5.792759895324707,6.486560821533203,5.792759895324707,5.843261241912842,False,14.0,0.13938507437705994,0.2480417788028717,-0.0005161762237548828,0.0022606737911701202,0.010200402699410915,-0.0015357044758275151,0.9999467730522156
freeform_s0_cross,1456,72.80428314208984,5.7779998779296875,5.801053524017334,5.8256120681762695,6.458062171936035,5.8256120681762695,5.801053524017334,False,14.0,0.1400189995765686,0.24804097414016724,-0.00050315260887146,0.002288011834025383,0.010223465971648693,-0.0017217227723449469,0.9999462366104126
freeform_s0_cross,1457,72.8542709350586,5.7779998779296875,5.848648548126221,5.84581184387207,6.458335876464844,5.84581184387207,5.848648548126221,False,14.0,0.14065632224082947,0.24804088473320007,-0.0004904568195343018,0.0023034214973449707,0.010242789052426815,-0.001909386133775115,0.9999457001686096
freeform_s0_cross,1458,72.90425872802734,5.7779998779296875,5.855584144592285,5.843085765838623,6.458280563354492,5.843085765838623,5.855584144592285,False,14.0,0.14129483699798584,0.24804115295410156,-0.0004805326461791992,0.0023148059844970703,0.010258268564939499,-0.002097973134368658,0.9999451637268066
freeform_s0_cross,1459,72.9542465209961,5.7779998779296875,5.239837646484375,5.304839134216309,6.527847766876221,5.304839134216309,5.239837646484375,False,14.0,0.14195004105567932,0.24804812669754028,-0.0004748106002807617,0.002302207052707672,0.01026813592761755,-0.0022920845076441765,0.9999446272850037
freeform_s0_cross,1460,73.00423431396484,5.7779998779296875,5.7769598960876465,5.873878479003906,6.433884620666504,5.873878479003906,5.7769598960876465,False,14.0,0.14259767532348633,0.24805505573749542,-0.0004959404468536377,0.002296591177582741,0.010273758322000504,-0.0024843558203428984,0.9999441504478455
freeform_s0_cross,1461,73.0542221069336,5.7779998779296875,6.198426246643066,6.098363399505615,6.435763835906982,6.098363399505615,6.198426246643066,False,14.0,0.14306765794754028,0.2480221539735794,-0.0004912316799163818,0.00231238454580307,0.010286499746143818,-0.0026238071732223034,0.9999436736106873
freeform_s0_cross,1462,73.10420989990234,5.7779998779296875,5.868358612060547,5.901989459991455,6.420897483825684,5.901989459991455,5.868358612060547,False,14.0,0.14355000853538513,0.2479860931634903,-0.00046837329864501953,0.0024040956050157547,0.010297953151166439,-0.002767205471172929,0.9999431371688843
freeform_s0_cross,1463,73.1541976928711,5.7779998779296875,5.141364574432373,5.383025169372559,6.476863384246826,5.383025169372559,5.141364574432373,False,14.0,0.1441865861415863,0.24790149927139282,-0.00044399499893188477,0.0024176370352506638,0.01032046414911747,-0.0029567372985184193,0.9999423623085022
freeform_s0_cross,1464,73.20418548583984,5.7779998779296875,5.885470867156982,5.784544944763184,6.4829487800598145,5.784544944763184,5.885470867156982,False,14.0,0.14482802152633667,0.24780800938606262,-0.00044104456901550293,0.002331683412194252,0.010341347195208073,-0.0031482784543186426,0.9999415874481201
freeform_s0_cross,1465,73.2541732788086,5.7779998779296875,5.443114757537842,6.027919769287109,6.259676456451416,6.027919769287109,5.443114757537842,False,14.0,0.1457442343235016,0.24797311425209045,-0.0004239678382873535,0.002483651041984558,0.010274178348481655,-0.003421985311433673,0.999941349029541
freeform_s0_cross,1466,73.30416107177734,5.7779998779296875,5.82099723815918,5.700441837310791,6.494207859039307,5.700441837310791,5.82099723815918,False,14.0,0.14646267890930176,0.24803663790225983,-0.00040918588638305664,0.0024083107709884644,0.010234762914478779,-0.0036360740195959806,0.9999409914016724
freeform_s0_cross,1467,73.3541488647461,5.7779998779296875,5.767204761505127,5.812636375427246,6.42185115814209,5.812636375427246,5.767204761505127,False,14.0,0.1471000611782074,0.24805809557437897,-0.00040921568870544434,0.002436494454741478,0.01020535733550787,-0.003825853578746319,0.9999406337738037
freeform_s0_cross,1468,73.40413665771484,5.7779998779296875,5.858549118041992,5.84262752532959,6.431844234466553,5.84262752532959,5.858549118041992,False,14.0,0.1477334201335907,0.24805934727191925,-0.00040340423583984375,0.0024460237473249435,0.010177514515817165,-0.004014329053461552,0.9999401569366455
freeform_s0_cross,1469,73.4541244506836,5.7779998779296875,4.852930545806885,5.294900894165039,6.441586017608643,5.294900894165039,4.852930545806885,False,14.0,0.14826726913452148,0.2480199635028839,-0.0004000365734100342,0.002462448552250862,0.01016243826597929,-0.004173485096544027,0.9999396800994873
freeform_s0_cross,1470,73.50411224365234,5.7779998779296875,6.298086643218994,5.977290153503418,6.490016937255859,5.977290153503418,6.298086643218994,False,14.0,0.14865687489509583,0.24792496860027313,-0.0004114806652069092,0.002309141680598259,0.010168969631195068,-0.004290529992431402,0.9999390840530396
freeform_s0_cross,1471,73.5541000366211,5.7779998779296875,5.5011115074157715,5.638558387756348,6.425267219543457,5.638558387756348,5.5011115074157715,False,14.0,0.14912062883377075,0.2478475570678711,-0.00041604042053222656,0.0023921336978673935,0.010163740254938602,-0.004429411143064499,0.9999385476112366
freeform_s0_cross,1472,73.60408782958984,5.7779998779296875,5.400749683380127,5.653217315673828,6.405663967132568,5.653217315673828,5.400749683380127,False,14.0,0.15017887949943542,0.24798649549484253,-0.00044268369674682617,0.002474576234817505,0.010048586875200272,-0.004739933647215366,0.9999382495880127
freeform_s0_cross,1473,73.6540756225586,5.7779998779296875,5.956122398376465,5.8845648765563965,6.463771820068359,5.8845648765563965,5.956122398376465,False,14.0,0.15092888474464417,0.24804015457630157,-0.0004501938819885254,0.002418333664536476,0.009972155094146729,-0.004959264304488897,0.9999379515647888
freeform_s0_cross,1474,73.70406341552734,5.7779998779296875,5.213901042938232,5.474730491638184,6.4616289138793945,5.474730491638184,5.213901042938232,False,14.0,0.151452898979187,0.2480226457118988,-0.0004456639289855957,0.002433333545923233,0.009930795058608055,-0.005113104823976755,0.9999375939369202
freeform_s0_cross,1475,73.7540512084961,5.7779998779296875,6.005311012268066,5.9874677658081055,6.414307594299316,5.9874677658081055,6.005311012268066,False,14.0,0.15181338787078857,0.24792072176933289,-0.0004254281520843506,0.002413632348179817,0.009926552884280682,-0.005221053957939148,0.999937117099762
freeform_s0_cross,1476,73.80403900146484,5.7779998779296875,5.423250198364258,5.673103332519531,6.423320770263672,5.673103332519531,5.423250198364258,False,14.0,0.15227726101875305,0.2478632926940918,-0.00040027499198913574,0.002448504790663719,0.00989704392850399,-0.005357830785214901,0.9999366402626038
freeform_s0_cross,1477,73.8540267944336,5.7779998779296875,6.063168048858643,6.376983642578125,6.240056991577148,6.376983642578125,6.063168048858643,False,14.0,0.1531275510787964,0.2478949874639511,-0.00038754940032958984,0.002588897943496704,0.009795991703867912,-0.005603398196399212,0.9999363422393799
freeform_s0_cross,1478,73.90401458740234,5.7779998779296875,5.559649467468262,5.619389533996582,6.4328765869140625,5.619389533996582,5.559649467468262,False,14.0,0.15388330817222595,0.24801398813724518,-0.0003603994846343994,0.002630867063999176,0.009672561660408974,-0.005816709250211716,0.9999362826347351
freeform_s0_cross,1479,73.9540023803711,5.7779998779296875,5.9239020347595215,5.959051609039307,6.37579345703125,5.959051609039307,5.9239020347595215,False,14.0,0.15449625253677368,0.24809686839580536,-0.0003406405448913574,0.0026536211371421814,0.009571398608386517,-0.0059884414076805115,0.9999362826347351
freeform_s0_cross,1480,74.00399017333984,5.7779998779296875,6.121086597442627,5.874151229858398,6.491632461547852,5.874151229858398,6.121086597442627,False,14.0,0.15537294745445251,0.24807913601398468,-0.00036707520484924316,0.0025230981409549713,0.00945722870528698,-0.00623681815341115,0.9999358057975769
freeform_s0_cross,1481,74.0539779663086,5.7779998779296875,5.652843952178955,5.653238296508789,6.454736232757568,5.653238296508789,5.652843952178955,False,14.0,0.15604889392852783,0.24807295203208923,-0.0003909766674041748,0.002540823072195053,0.009360302239656448,-0.006426230538636446,0.9999355673789978
freeform_s0_cross,1482,74.10396575927734,5.7779998779296875,5.796268463134766,5.814799785614014,6.430947303771973,5.814799785614014,5.796268463134766,False,14.0,0.15668466687202454,0.24806998670101166,-0.00040656328201293945,0.002538885921239853,0.009262955747544765,-0.006602701265364885,0.9999352693557739
freeform_s0_cross,1483,74.1539535522461,5.7779998779296875,5.866457462310791,5.836241722106934,6.445148468017578,5.836241722106934,5.866457462310791,False,14.0,0.15732592344284058,0.24807053804397583,-0.00041869282722473145,0.0025269631296396255,0.009158515371382236,-0.0067788828164339066,0.9999350905418396
freeform_s0_cross,1484,74.20394134521484,5.7779998779296875,5.772873401641846,5.786632537841797,6.44378662109375,5.786632537841797,5.772873401641846,False,14.0,0.15796202421188354,0.2480713129043579,-0.0004273355007171631,0.0025395024567842484,0.009049635380506516,-0.0069518918171525,0.9999349117279053
freeform_s0_cross,1485,74.2539291381836,5.7779998779296875,5.8152031898498535,5.809444427490234,6.446694850921631,5.809444427490234,5.8152031898498535,False,14.0,0.15859714150428772,0.2480725347995758,-0.0004336833953857422,0.002542410045862198,0.008935632184147835,-0.007122777868062258,0.999934732913971
freeform_s0_cross,1486,74.30391693115234,5.7779998779296875,5.835041046142578,5.871379852294922,6.421972274780273,5.871379852294922,5.835041046142578,False,14.0,0.1591319441795349,0.24807551503181458,-0.0004291534423828125,0.002570144832134247,0.008835125714540482,-0.007265073712915182,0.9999345541000366
freeform_s0_cross,1487,74.3539047241211,5.7779998779296875,5.931481838226318,5.958746910095215,6.398656845092773,5.958746910095215,5.931481838226318,False,14.0,0.1595771312713623,0.2480785846710205,-0.0004093945026397705,0.002617381513118744,0.008748543448746204,-0.007382401265203953,0.9999344944953918
freeform_s0_cross,1488,74.40389251708984,5.7779998779296875,6.091883659362793,6.157299518585205,6.342460632324219,6.157299518585205,6.091883659362793,False,14.0,0.16005173325538635,0.24807891249656677,-0.00037217140197753906,0.0027019381523132324,0.008654257282614708,-0.007506516762077808,0.9999343752861023
freeform_s0_cross,1489,74.4538803100586,5.7779998779296875,5.694711685180664,5.799630165100098,6.3823323249816895,5.799630165100098,5.694711685180664,False,14.0,0.16053065657615662,0.24808496236801147,-0.00031515955924987793,0.002764172852039337,0.008554762229323387,-0.007630207110196352,0.9999343156814575
freeform_s0_cross,1490,74.50386810302734,5.7779998779296875,6.540186882019043,6.06840181350708,6.431415557861328,6.06840181350708,6.540186882019043,False,14.0,0.16108334064483643,0.248085618019104,-0.0002689659595489502,0.002726355567574501,0.00843802373856306,-0.007771738339215517,0.999934196472168
freeform_s0_cross,1491,74.5538558959961,5.7779998779296875,5.531863689422607,5.705907821655273,6.3422160148620605,5.705907821655273,5.531863689422607,False,14.0,0.161847323179245,0.24805127084255219,-0.0002665221691131592,0.002882871776819229,0.008279235102236271,-0.007966740056872368,0.9999340176582336
freeform_s0_cross,1492,74.60384368896484,5.7779998779296875,5.8224406242370605,5.560966491699219,6.535580635070801,5.560966491699219,5.8224406242370605,False,14.0,0.16271385550498962,0.24787290394306183,-0.0002757906913757324,0.002634439617395401,0.008124271407723427,-0.008193100802600384,0.9999334216117859
freeform_s0_cross,1493,74.6538314819336,5.7779998779296875,5.920131206512451,6.121755123138428,6.301149368286133,6.121755123138428,5.920131206512451,False,14.0,0.16360589861869812,0.24796053767204285,-0.0003274381160736084,0.0027117617428302765,0.007888225838541985,-0.008403506129980087,0.9999336004257202
freeform_s0_cross,1494,74.70381927490234,5.7779998779296875,5.837224006652832,5.677102088928223,6.482568740844727,5.677102088928223,5.837224006652832,False,14.0,0.16438043117523193,0.24803882837295532,-0.0003472268581390381,0.0026591215282678604,0.007675949949771166,-0.008581318892538548,0.9999337196350098
freeform_s0_cross,1495,74.7538070678711,5.7779998779296875,5.716062545776367,5.752374649047852,6.4213666915893555,5.752374649047852,5.716062545776367,False,14.0,0.1650291085243225,0.24806050956249237,-0.00036782026290893555,0.002673644572496414,0.007503522094339132,-0.008729996159672737,0.9999337196350098
freeform_s0_cross,1496,74.80379486083984,5.7779998779296875,5.89564323425293,5.788370132446289,6.4668426513671875,5.788370132446289,5.89564323425293,False,14.0,0.1656741499900818,0.2480650395154953,-0.00039324164390563965,0.002625664696097374,0.007331336848437786,-0.008876075968146324,0.9999337196350098
freeform_s0_cross,1497,74.8537826538086,5.7779998779296875,6.3994574546813965,6.080009460449219,6.443212509155273,6.080009460449219,6.3994574546813965,False,14.0,0.16624405980110168,0.24804498255252838,-0.00040861964225769043,0.0026387348771095276,0.007180684711784124,-0.009004463441669941,0.999933660030365
freeform_s0_cross,1498,74.90377044677734,5.7779998779296875,5.876274108886719,5.890634536743164,6.440315246582031,5.890634536743164,5.876274108886719,False,14.0,0.16660022735595703,0.24794673919677734,-0.0003809034824371338,0.0026371683925390244,0.007103316951543093,-0.009090248495340347,0.9999334812164307
freeform_s0_cross,1499,74.9537582397461,5.7779998779296875,5.663695812225342,5.95456075668335,6.333709716796875,5.95456075668335,5.663695812225342,False,14.0,0.16705211997032166,0.24786444008350372,-0.000357210636138916,0.002735275775194168,0.006993353366851807,-0.009194564074277878,0.9999333024024963
freeform_s0_cross,1500,75.00374603271484,5.7779998779296875,6.18400764465332,6.297869682312012,6.291696548461914,6.297869682312012,6.18400764465332,False,14.0,0.16768097877502441,0.247840017080307,-0.00034287571907043457,0.002811126410961151,0.006816853769123554,-0.009330080822110176,0.9999332427978516
freeform_s0_cross,1501,75.0537338256836,5.7779998779296875,4.690594673156738,5.286294460296631,6.379489421844482,5.286294460296631,4.690594673156738,False,14.0,0.16828453540802002,0.247873455286026,-0.0003056824207305908,0.0028886236250400543,0.006631704047322273,-0.009452520869672298,0.9999333620071411
freeform_s0_cross,1502,75.10372161865234,5.7779998779296875,5.965549468994141,6.07172155380249,6.314126014709473,6.07172155380249,5.965549468994141,False,14.0,0.16891321539878845,0.24802114069461823,-0.0002841055393218994,0.002926154062151909,0.006412791088223457,-0.00956709310412407,0.999933660030365
freeform_s0_cross,1503,75.1537094116211,5.7779998779296875,5.5679826736450195,5.401767730712891,6.479889869689941,5.401767730712891,5.5679826736450195,False,14.0,0.16957685351371765,0.24799904227256775,-0.000247269868850708,0.0029071178287267685,0.006213723681867123,-0.00969941820949316,0.999933660030365
freeform_s0_cross,1504,75.20369720458984,5.7779998779296875,6.087306499481201,6.119290351867676,6.304900169372559,6.119290351867676,6.087306499481201,False,14.0,0.1702301800251007,0.24790185689926147,-0.0002377629280090332,0.002960285171866417,0.006027656607329845,-0.009832802228629589,0.9999334812164307
freeform_s0_cross,1505,75.2536849975586,5.7779998779296875,5.813363552093506,5.745833396911621,6.397669792175293,5.745833396911621,5.813363552093506,False,14.0,0.17088651657104492,0.24794065952301025,-0.00022935867309570312,0.002986101433634758,0.005810828413814306,-0.009950974956154823,0.9999336004257202
freeform_s0_cross,1506,75.30367279052734,5.7779998779296875,3.32338809967041,3.8225040435791016,6.591188907623291,3.8225040435791016,3.32338809967041,False,14.0,0.17175960540771484,0.2480059415102005,-0.00023102760314941406,0.002920614555478096,0.005514949094504118,-0.010100682266056538,0.9999337792396545
freeform_s0_cross,1507,75.3536605834961,5.7779998779296875,6.092970371246338,6.254955291748047,6.309004783630371,6.254955291748047,6.092970371246338,False,14.0,0.17270159721374512,0.2480606734752655,-0.00032126903533935547,0.0027923155575990677,0.005192533601075411,-0.010255511850118637,0.9999339580535889
freeform_s0_cross,1508,75.40364837646484,5.7779998779296875,5.851603031158447,5.699559688568115,6.477149486541748,5.699559688568115,5.851603031158447,False,14.0,0.17338910698890686,0.24807828664779663,-0.0003495216369628906,0.0027542058378458023,0.004957109689712524,-0.010365281254053116,0.9999340176582336
freeform_s0_cross,1509,75.4536361694336,5.7779998779296875,5.663179397583008,5.774524688720703,6.39788293838501,5.774524688720703,5.663179397583008,False,14.0,0.17400774359703064,0.2480793446302414,-0.00036960840225219727,0.0027932748198509216,0.004744843579828739,-0.010461620055139065,0.9999340176582336
freeform_s0_cross,1510,75.50362396240234,5.7779998779296875,5.864541053771973,5.8423027992248535,6.426209449768066,5.8423027992248535,5.864541053771973,False,14.0,0.17463156580924988,0.24807772040367126,-0.00037541985511779785,0.002784227952361107,0.0045286016538739204,-0.010555282235145569,0.9999340176582336
freeform_s0_cross,1511,75.5536117553711,5.7779998779296875,5.8723249435424805,5.84921407699585,6.429834842681885,5.84921407699585,5.8723249435424805,False,14.0,0.1752665936946869,0.24808265268802643,-0.0003859996795654297,0.0027755368500947952,0.004305012058466673,-0.010646031238138676,0.9999340772628784
freeform_s0_cross,1512,75.60359954833984,5.7779998779296875,5.75630521774292,5.7797346115112305,6.428122520446777,5.7797346115112305,5.75630521774292,False,14.0,0.17575308680534363,0.2480667233467102,-0.0003790557384490967,0.0027891285717487335,0.00413482915610075,-0.010714882984757423,0.9999340176582336
freeform_s0_cross,1513,75.6535873413086,5.7779998779296875,6.422531604766846,6.402812957763672,6.286949157714844,6.402812957763672,6.422531604766846,False,14.0,0.17606505751609802,0.24803049862384796,-0.00033152103424072266,0.002921825274825096,0.0040283724665641785,-0.010760522447526455,0.9999340176582336
freeform_s0_cross,1514,75.70357513427734,5.7779998779296875,5.918288230895996,5.985124111175537,6.312434196472168,5.985124111175537,5.918288230895996,False,14.0,0.17642322182655334,0.24804306030273438,-0.0002556741237640381,0.003089847043156624,0.0038982504047453403,-0.0108060697093606,0.9999340176582336
freeform_s0_cross,1515,75.7535629272461,5.7779998779296875,6.8067240715026855,6.048892021179199,6.5245232582092285,6.048892021179199,6.8067240715026855,False,14.0,0.17726737260818481,0.24808849394321442,-0.0002338886260986328,0.0029500629752874374,0.003587529296055436,-0.01090647280216217,0.9999340772628784
freeform_s0_cross,1516,75.80355072021484,5.7779998779296875,5.731382846832275,5.8441667556762695,6.320764541625977,5.8441667556762695,5.731382846832275,False,14.0,0.17788216471672058,0.2481078803539276,-0.00022929906845092773,0.003102855756878853,0.003361284965649247,-0.01097637228667736,0.9999341368675232
freeform_s0_cross,1517,75.8535385131836,5.7779998779296875,6.051560401916504,6.003596305847168,6.335780143737793,6.003596305847168,6.051560401916504,False,14.0,0.17842620611190796,0.24811798334121704,-0.00019660592079162598,0.0031287334859371185,0.0031607954297214746,-0.011035694740712643,0.9999341368675232
freeform_s0_cross,1518,75.90352630615234,5.7779998779296875,5.796161651611328,5.599967956542969,6.4337263107299805,5.599967956542969,5.796161651611328,False,14.0,0.17912393808364868,0.24800053238868713,-0.00016224384307861328,0.0031071677803993225,0.002915493445470929,-0.011121708899736404,0.9999338984489441
freeform_s0_cross,1519,75.9535140991211,5.7779998779296875,4.972222805023193,5.449276924133301,6.323923110961914,5.449276924133301,4.972222805023193,False,14.0,0.17985960841178894,0.2479066550731659,-0.00015714764595031738,0.003129439428448677,0.0026506255380809307,-0.011203772388398647,0.9999337196350098
freeform_s0_cross,1520,76.00350189208984,5.7779998779296875,6.202516078948975,6.056698799133301,6.351169586181641,6.056698799133301,6.202516078948975,False,14.0,0.18067485094070435,0.24782222509384155,-0.0001811683177947998,0.0030680764466524124,0.002352212555706501,-0.011286042630672455,0.9999335408210754
freeform_s0_cross,1521,76.0534896850586,5.7779998779296875,5.689570903778076,5.516509056091309,6.460151672363281,5.516509056091309,5.689570903778076,False,14.0,0.1814362108707428,0.2480175793170929,-0.00020599365234375,0.0030450690537691116,0.002050056355074048,-0.011325309984385967,0.9999337792396545
freeform_s0_cross,1522,76.10347747802734,5.7779998779296875,4.4979777336120605,4.684761047363281,6.514052391052246,4.684761047363281,4.4979777336120605,False,14.0,0.1821986436843872,0.24809762835502625,-0.00023624300956726074,0.0029989108443260193,0.001757914200425148,-0.011371217668056488,0.9999337792396545
freeform_s0_cross,1523,76.1534652709961,5.7779998779296875,5.729091644287109,5.879319667816162,6.360471248626709,5.879319667816162,5.729091644287109,False,14.0,0.18297946453094482,0.24810010194778442,-0.00030991435050964355,0.002938276156783104,0.0014645003248006105,-0.011420924216508865,0.9999337196350098
freeform_s0_cross,1524,76.20345306396484,5.7779998779296875,5.738503932952881,5.6327056884765625,6.470370769500732,5.6327056884765625,5.738503932952881,False,14.0,0.18363425135612488,0.24809224903583527,-0.0003377199172973633,0.0029074475169181824,0.0012190077686682343,-0.011458728462457657,0.9999336004257202
freeform_s0_cross,1525,76.2534408569336,5.7779998779296875,5.787683010101318,5.823973655700684,6.408029556274414,5.823973655700684,5.787683010101318,False,14.0,0.1842595934867859,0.2480909377336502,-0.00036025047302246094,0.0029171984642744064,0.0009843910811468959,-0.01148979365825653,0.9999334812164307
freeform_s0_cross,1526,76.30342864990234,5.7779998779296875,5.827731132507324,5.805685043334961,6.430112838745117,5.805685043334961,5.827731132507324,False,14.0,0.184889554977417,0.2481004297733307,-0.0003706216812133789,0.0029134340584278107,0.0007480226922780275,-0.011515524238348007,0.9999334216117859
freeform_s0_cross,1527,76.3534164428711,5.7779998779296875,5.8274102210998535,5.795380592346191,6.435764312744141,5.795380592346191,5.8274102210998535,False,14.0,0.18552809953689575,0.24809318780899048,-0.0003783702850341797,0.00291464664041996,0.0005097503890283406,-0.011539285071194172,0.9999333024024963
freeform_s0_cross,1528,76.40340423583984,5.7779998779296875,6.027960300445557,6.10310173034668,6.356004238128662,6.10310173034668,6.027960300445557,False,14.0,0.18609008193016052,0.24808281660079956,-0.0003744363784790039,0.0029666833579540253,0.00030076701659709215,-0.011557073332369328,0.9999331831932068
freeform_s0_cross,1529,76.4533920288086,5.7779998779296875,6.158078193664551,6.14391565322876,6.347255706787109,6.14391565322876,6.158078193664551,False,14.0,0.18653595447540283,0.24809065461158752,-0.0003370344638824463,0.003042645752429962,0.00013508694246411324,-0.011566813103854656,0.9999330639839172
freeform_s0_cross,1530,76.50337982177734,5.7779998779296875,6.097920894622803,6.104137420654297,6.3222150802612305,6.104137420654297,6.097920894622803,False,14.0,0.18700054287910461,0.24810147285461426,-0.00028058886528015137,0.003160385414958,-3.690142693812959e-05,-0.011574364267289639,0.9999330043792725
freeform_s0_cross,1531,76.5533676147461,5.7779998779296875,6.279873371124268,6.042464256286621,6.382973670959473,6.042464256286621,6.279873371124268,False,14.0,0.1876116693019867,0.24801930785179138,-0.00022366642951965332,0.00318966805934906,-0.0002609127259347588,-0.011592738330364227,0.9999327659606934
freeform_s0_cross,1532,76.60335540771484,5.7779998779296875,5.958107948303223,6.03531551361084,6.277782440185547,6.03531551361084,5.958107948303223,False,14.0,0.18820792436599731,0.24793313443660736,-0.00017699599266052246,0.0033303704112768173,-0.00047912774607539177,-0.011607657186686993,0.9999325275421143
freeform_s0_cross,1533,76.6533432006836,5.7779998779296875,5.896751880645752,5.783567428588867,6.381587982177734,5.783567428588867,5.896751880645752,False,14.0,0.188858300447464,0.24796786904335022,-0.000149458646774292,0.003306964412331581,-0.0007163083646446466,-0.011603699997067451,0.9999324083328247
freeform_s0_cross,1534,76.70333099365234,5.7779998779296875,3.089651346206665,3.693416118621826,6.553510665893555,3.693416118621826,3.089651346206665,False,14.0,0.18970802426338196,0.24802012741565704,-0.00014799833297729492,0.0032601989805698395,-0.0010223672725260258,-0.011590906418859959,0.9999322891235352
freeform_s0_cross,1535,76.7533187866211,5.7779998779296875,6.15945291519165,6.247349739074707,6.3061418533325195,6.247349739074707,6.15945291519165,False,14.0,0.1905670166015625,0.2480918914079666,-0.0002391338348388672,0.003082945942878723,-0.0013265223242342472,-0.0115678571164608,0.9999322295188904
freeform_s0_cross,1536,76.80330657958984,5.7779998779296875,5.801261901855469,5.7695417404174805,6.392819881439209,5.7695417404174805,5.801261901855469,False,14.0,0.1911611258983612,0.24815282225608826,-0.00025644898414611816,0.003121517598628998,-0.0015333011979237199,-0.011545969173312187,0.9999321699142456
freeform_s0_cross,1537,76.8532943725586,5.7779998779296875,5.872129917144775,5.637618064880371,6.463552474975586,5.637618064880371,5.872129917144775,False,14.0,0.19186732172966003,0.2481534481048584,-0.00027427077293395996,0.0030880942940711975,-0.0017776391468942165,-0.011524416506290436,0.9999319911003113
freeform_s0_cross,1538,76.90328216552734,5.7779998779296875,5.608819484710693,5.6836442947387695,6.3993425369262695,5.6836442947387695,5.608819484710693,False,14.0,0.19257140159606934,0.24811962246894836,-0.0003002285957336426,0.003110915422439575,-0.0020192430820316076,-0.011502372100949287,0.999931812286377
freeform_s0_cross,1539,76.9532699584961,5.7779998779296875,5.874970436096191,5.843902587890625,6.412044525146484,5.843902587890625,5.874970436096191,False,14.0,0.19322195649147034,0.24811047315597534,-0.00031939148902893066,0.003077765926718712,-0.0022386210039258003,-0.011474811471998692,0.9999316334724426
freeform_s0_cross,1540,77.00325775146484,5.7779998779296875,6.251633167266846,6.154213905334473,6.365700721740723,6.154213905334473,6.251633167266846,False,14.0,0.19368496537208557,0.24807323515415192,-0.00031173229217529297,0.003106212243437767,-0.002394424518570304,-0.011456632055342197,0.9999315142631531
freeform_s0_cross,1541,77.0532455444336,5.7779998779296875,6.227537155151367,6.262289524078369,6.264089584350586,6.262289524078369,6.227537155151367,False,14.0,0.1939181685447693,0.24799150228500366,-0.00023159384727478027,0.00327097624540329,-0.002475777408108115,-0.011454783380031586,0.9999313354492188
freeform_s0_cross,1542,77.10323333740234,5.7779998779296875,6.206241607666016,6.180706977844238,6.265255928039551,6.180706977844238,6.206241607666016,False,14.0,0.19424676895141602,0.24794547259807587,-0.0001399219036102295,0.0034038852900266647,-0.002586310263723135,-0.011442403309047222,0.9999312162399292
freeform_s0_cross,1543,77.1532211303711,5.7779998779296875,6.442282199859619,4.843904495239258,6.50151252746582,4.843904495239258,6.442282199859619,False,14.0,0.1949883997440338,0.2480035126209259,-7.542967796325684e-05,0.003436148166656494,-0.002823032671585679,-0.011389887891709805,0.9999311566352844
freeform_s0_cross,1544,77.20320892333984,5.7779998779296875,5.457278251647949,5.860927581787109,6.205935001373291,5.860927581787109,5.457278251647949,False,14.0,0.1957830786705017,0.24809865653514862,-9.912252426147461e-05,0.003505069762468338,-0.003067977027967572,-0.011323572136461735,0.9999311566352844
freeform_s0_cross,1545,77.2531967163086,5.7779998779296875,5.996214389801025,5.869455337524414,6.3499345779418945,5.869455337524414,5.996214389801025,False,14.0,0.19637992978096008,0.24813421070575714,-8.639693260192871e-05,0.003455560654401779,-0.003249923000112176,-0.011274551972746849,0.9999311566352844
freeform_s0_cross,1546,77.30318450927734,5.7779998779296875,6.254732131958008,6.0522990226745605,6.310518264770508,6.0522990226745605,6.254732131958008,False,14.0,0.19708290696144104,0.24799956381320953,-6.875395774841309e-05,0.0034910310059785843,-0.0034740143455564976,-0.011235551908612251,0.9999308586120605
freeform_s0_cross,1547,77.3531723022461,5.7779998779296875,4.072146415710449,5.0291948318481445,6.256072998046875,5.0291948318481445,4.072146415710449,False,14.0,0.1977902352809906,0.2478789985179901,-4.2110681533813477e-05,0.003605637699365616,-0.0036948039196431637,-0.0111898984760046,0.9999305605888367
freeform_s0_cross,1548,77.40316009521484,5.7779998779296875,5.661123752593994,5.438698768615723,6.494287490844727,5.438698768615723,5.661123752593994,False,14.0,0.1986130177974701,0.24782222509384155,-9.071826934814453e-05,0.0032568834722042084,-0.003938794136047363,-0.011120562441647053,0.9999303817749023
freeform_s0_cross,1549,77.4531478881836,5.7779998779296875,5.905734539031982,6.169597625732422,6.206093788146973,6.169597625732422,5.905734539031982,False,14.0,0.1993798315525055,0.24806174635887146,-0.00016415119171142578,0.0033826492726802826,-0.004130118992179632,-0.011013152077794075,0.9999307990074158
freeform_s0_cross,1550,77.50313568115234,5.7779998779296875,4.3367743492126465,4.399937629699707,6.576728820800781,4.399937629699707,4.3367743492126465,False,14.0,0.20014500617980957,0.2481376826763153,-0.00017702579498291016,0.003297446295619011,-0.004329269751906395,-0.010922153480350971,0.9999309778213501
freeform_s0_cross,1551,77.5531234741211,5.7779998779296875,5.691869735717773,5.9175004959106445,6.311118125915527,5.9175004959106445,5.691869735717773,False,14.0,0.20090186595916748,0.24810028076171875,-0.00024834275245666504,0.003256106749176979,-0.0045316629111766815,-0.010842135176062584,0.9999309778213501
freeform_s0_cross,1552,77.60311126708984,5.7779998779296875,5.902172088623047,5.8287177085876465,6.411515235900879,5.8287177085876465,5.902172088623047,False,14.0,0.2015542984008789,0.24809613823890686,-0.0002777576446533203,0.003214377909898758,-0.0046976786106824875,-0.010765975341200829,0.9999310374259949
freeform_s0_cross,1553,77.6530990600586,5.7779998779296875,5.63066291809082,5.669073581695557,6.413918495178223,5.669073581695557,5.63066291809082,False,14.0,0.20219019055366516,0.2480921596288681,-0.00030043721199035645,0.0032217055559158325,-0.004854576196521521,-0.01068867277354002,0.9999310970306396
freeform_s0_cross,1554,77.70308685302734,5.7779998779296875,5.8063483238220215,5.804399490356445,6.409387588500977,5.804399490356445,5.8063483238220215,False,14.0,0.20282471179962158,0.24808672070503235,-0.0003215372562408447,0.0032076146453619003,-0.005006411578506231,-0.010608794167637825,0.9999312162399292
freeform_s0_cross,1555,77.7530746459961,5.7779998779296875,5.790826320648193,5.816768646240234,6.40242338180542,5.816768646240234,5.790826320648193,False,14.0,0.2034793496131897,0.24810105562210083,-0.00033289194107055664,0.003220146521925926,-0.0051551759243011475,-0.010520854964852333,0.9999313950538635
freeform_s0_cross,1556,77.80306243896484,5.7779998779296875,6.485661029815674,6.346453666687012,6.348125457763672,6.346453666687012,6.485661029815674,False,14.0,0.20406794548034668,0.2481045126914978,-0.0003319382667541504,0.0032507050782442093,-0.005285491235554218,-0.010440504178404808,0.9999315142631531
freeform_s0_cross,1557,77.8530502319336,5.7779998779296875,6.2943806648254395,6.190169334411621,6.3404388427734375,6.190169334411621,6.2943806648254395,False,14.0,0.20453277230262756,0.24810656905174255,-0.00029087066650390625,0.0033570267260074615,-0.005385346245020628,-0.010375515557825565,0.9999316930770874
freeform_s0_cross,1558,77.90303802490234,5.7779998779296875,6.121250152587891,6.128689289093018,6.295999526977539,6.128689289093018,6.121250152587891,False,14.0,0.204959899187088,0.24810773134231567,-0.00022336840629577637,0.0034896060824394226,-0.005474735051393509,-0.01031466480344534,0.999931812286377
freeform_s0_cross,1559,77.9530258178711,5.7779998779296875,6.683657169342041,6.764596462249756,6.101698875427246,6.764596462249756,6.683657169342041,False,14.0,0.20522642135620117,0.24797390401363373,-0.00010347366333007812,0.0037601199001073837,-0.005548841319978237,-0.010293154045939445,0.9999316334724426
freeform_s0_cross,1560,78.00301361083984,5.7779998779296875,6.602743625640869,6.551322937011719,6.118139266967773,6.551322937011719,6.602743625640869,False,14.0,0.20545384287834167,0.24786846339702606,7.283687591552734e-05,0.004012934863567352,-0.005610415246337652,-0.010273253545165062,0.9999315142631531
freeform_s0_cross,1561,78.0530014038086,5.7779998779296875,6.413325786590576,6.437950134277344,6.049668312072754,6.437950134277344,6.413325786590576,False,14.0,0.20567357540130615,0.2477894276380539,0.00026658177375793457,0.004271082580089569,-0.005666162818670273,-0.010250790044665337,0.9999313950538635
freeform_s0_cross,1562,78.10298919677734,5.7779998779296875,5.651882648468018,5.23961067199707,6.36659574508667,5.23961067199707,5.651882648468018,False,14.0,0.2063649594783783,0.24780967831611633,0.00036841630935668945,0.004211749881505966,-0.005797816906124353,-0.010144444182515144,0.9999317526817322
freeform_s0_cross,1563,78.1529769897461,5.7779998779296875,0.0,1.5565345287322998,6.375639915466309,1.5565345287322998,0.0,False,14.0,0.20772749185562134,0.24794155359268188,0.00031882524490356445,0.004151463508605957,-0.006023387424647808,-0.00991553533822298,0.9999327063560486
freeform_s0_cross,1564,78.20296478271484,5.7779998779296875,4.799016952514648,3.8945834636688232,6.670144081115723,3.8945834636688232,4.799016952514648,False,14.0,0.20919638872146606,0.2480618804693222,0.00010773539543151855,0.0035514645278453827,-0.006240110844373703,-0.00966083537787199,0.9999338388442993
freeform_s0_cross,1565,78.2529525756836,5.7779998779296875,5.647338390350342,5.860669136047363,6.272656440734863,5.860669136047363,5.647338390350342,False,14.0,0.20993193984031677,0.24809449911117554,-8.723139762878418e-05,0.003443729132413864,-0.006341760046780109,-0.009532918222248554,0.9999344348907471
freeform_s0_cross,1566,78.30294036865234,5.7779998779296875,5.669949054718018,5.607871055603027,6.420521259307861,5.607871055603027,5.669949054718018,False,14.0,0.21056929230690002,0.24810515344142914,-0.0001894831657409668,0.003368385136127472,-0.006426807027310133,-0.009422330185770988,0.99993497133255
freeform_s0_cross,1567,78.3529281616211,5.7779998779296875,5.693459987640381,5.708606719970703,6.4009833335876465,5.708606719970703,5.693459987640381,False,14.0,0.21118465065956116,0.24810566008090973,-0.00026106834411621094,0.003344425931572914,-0.006505385972559452,-0.009315152652561665,0.9999354481697083
freeform_s0_cross,1568,78.40291595458984,5.7779998779296875,6.593433380126953,6.468277454376221,6.293952465057373,6.468277454376221,6.593433380126953,False,14.0,0.21157845854759216,0.24806660413742065,-0.0002684593200683594,0.0033908765763044357,-0.006559963803738356,-0.009250524453818798,0.9999356865882874
freeform_s0_cross,1569,78.4529037475586,5.7779998779296875,6.316825866699219,6.378425121307373,6.205987930297852,6.378425121307373,6.316825866699219,False,14.0,0.21184006333351135,0.24800549447536469,-0.00018227100372314453,0.0036447811871767044,-0.006601389031857252,-0.00921146385371685,0.9999358057975769
freeform_s0_cross,1570,78.50289154052734,5.7779998779296875,6.5322980880737305,6.503879547119141,6.173666000366211,6.503879547119141,6.5322980880737305,False,14.0,0.21220001578330994,0.24797028303146362,-7.611513137817383e-05,0.003853699192404747,-0.006648321636021137,-0.009151391685009003,0.999936044216156
freeform_s0_cross,1571,78.5528793334961,5.7779998779296875,4.9897332191467285,4.161149978637695,6.683594703674316,4.161149978637695,4.9897332191467285,False,14.0,0.21328440308570862,0.24805715680122375,-5.2869319915771484e-05,0.0036715343594551086,-0.006744468118995428,-0.008944736793637276,0.9999372363090515
freeform_s0_cross,1572,78.60286712646484,5.7779998779296875,6.114500045776367,6.3194260597229,6.171059608459473,6.3194260597229,6.114500045776367,False,14.0,0.21387925744056702,0.2480858713388443,-8.374452590942383e-05,0.0037249308079481125,-0.006793823093175888,-0.008832104504108429,0.999937891960144
freeform_s0_cross,1573,78.6528549194336,5.7779998779296875,5.893710613250732,5.853790283203125,6.305116653442383,5.853790283203125,5.893710613250732,False,14.0,0.21439334750175476,0.24810515344142914,-4.6253204345703125e-05,0.0037808623164892197,-0.006833677180111408,-0.008734619244933128,0.9999384880065918
freeform_s0_cross,1574,78.70284271240234,5.7779998779296875,6.397574424743652,5.981060028076172,6.374384880065918,5.981060028076172,6.397574424743652,False,14.0,0.2150643765926361,0.24799968302249908,-3.0338764190673828e-05,0.0037243273109197617,-0.006904956419020891,-0.008621466346085072,0.99993896484375
freeform_s0_cross,1575,78.7528305053711,5.7779998779296875,4.05453634262085,5.070435523986816,6.228419303894043,5.070435523986816,4.05453634262085,False,14.0,0.2157684862613678,0.24789632856845856,-3.2573938369750977e-05,0.003866845741868019,-0.00697247963398695,-0.008500457741320133,0.9999395608901978
freeform_s0_cross,1576,78.80281829833984,5.7779998779296875,5.642897129058838,5.454719066619873,6.471304416656494,5.454719066619873,5.642897129058838,False,14.0,0.21656325459480286,0.2478213608264923,-7.456541061401367e-05,0.0035556871443986893,-0.007033471949398518,-0.008357563987374306,0.9999403357505798
freeform_s0_cross,1577,78.8528060913086,5.7779998779296875,5.631937026977539,5.879218101501465,6.25892448425293,5.879218101501465,5.631937026977539,False,14.0,0.2173098623752594,0.24801072478294373,-0.0001482069492340088,0.0036448072642087936,-0.007033655419945717,-0.008192989975214005,0.9999417066574097
freeform_s0_cross,1578,78.90279388427734,5.7779998779296875,4.225000381469727,4.380529403686523,6.565388202667236,4.380529403686523,4.225000381469727,False,14.0,0.21806558966636658,0.2481188178062439,-0.00018128752708435059,0.003538860008120537,-0.007042538840323687,-0.008035155013203621,0.9999428987503052
freeform_s0_cross,1579,78.9527816772461,5.7779998779296875,5.576470851898193,5.82718563079834,6.332276344299316,5.82718563079834,5.576470851898193,False,14.0,0.2188275158405304,0.24812760949134827,-0.0002719461917877197,0.0034737661480903625,-0.007063718046993017,-0.007886507548391819,0.9999439716339111
freeform_s0_cross,1580,79.00276947021484,5.7779998779296875,5.865329265594482,5.85481071472168,6.399621486663818,5.85481071472168,5.865329265594482,False,14.0,0.21948596835136414,0.24812838435173035,-0.0003058314323425293,0.0034499019384384155,-0.007077763322740793,-0.007758290506899357,0.9999448657035828
freeform_s0_cross,1581,79.0527572631836,5.7779998779296875,5.751033782958984,5.8195905685424805,6.397208213806152,5.8195905685424805,5.751033782958984,False,14.0,0.2201310694217682,0.24811267852783203,-0.0003291666507720947,0.003461979329586029,-0.0070898220874369144,-0.007634082343429327,0.9999457001686096
freeform_s0_cross,1582,79.10274505615234,5.7779998779296875,5.829874515533447,5.785761833190918,6.433529853820801,5.785761833190918,5.829874515533447,False,14.0,0.22077277302742004,0.24809253215789795,-0.00034561753273010254,0.0034363288432359695,-0.007097978610545397,-0.007510706782341003,0.9999465942382812
freeform_s0_cross,1583,79.1527328491211,5.7779998779296875,6.037029266357422,5.9158101081848145,6.430100440979004,5.9158101081848145,6.037029266357422,False,14.0,0.22139421105384827,0.24809032678604126,-0.0003567039966583252,0.0034241192042827606,-0.007098080590367317,-0.007389189675450325,0.9999474883079529
freeform_s0_cross,1584,79.20272064208984,5.7779998779296875,6.780941963195801,6.2708282470703125,6.424317359924316,6.2708282470703125,6.780941963195801,False,14.0,0.221999853849411,0.24808956682682037,-0.00036090612411499023,0.0034540891647338867,-0.007093813735991716,-0.0072705247439444065,0.9999483823776245
freeform_s0_cross,1585,79.2527084350586,5.7779998779296875,6.282690525054932,6.054495811462402,6.387225151062012,6.054495811462402,6.282690525054932,False,14.0,0.22246715426445007,0.24810631573200226,-0.00032457709312438965,0.0035755187273025513,-0.007084415759891272,-0.007177159655839205,0.9999491572380066
freeform_s0_cross,1586,79.30269622802734,5.7779998779296875,6.092073917388916,6.127490043640137,6.30087423324585,6.127490043640137,6.092073917388916,False,14.0,0.22287341952323914,0.24810388684272766,-0.00025779008865356445,0.003712998703122139,-0.007077696733176708,-0.007097774185240269,0.9999497532844543
freeform_s0_cross,1587,79.3526840209961,5.7779998779296875,6.0392279624938965,6.044626235961914,6.301989555358887,6.044626235961914,6.0392279624938965,False,14.0,0.22335150837898254,0.24810543656349182,-0.00018459558486938477,0.0038163457065820694,-0.007066724356263876,-0.007003952749073505,0.9999505281448364
freeform_s0_cross,1588,79.40267181396484,5.7779998779296875,6.201747417449951,6.227324485778809,6.226027488708496,6.227324485778809,6.201747417449951,False,14.0,0.22374042868614197,0.2481134682893753,-8.571147918701172e-05,0.003951596096158028,-0.00705474941059947,-0.00692701106891036,0.9999511241912842
freeform_s0_cross,1589,79.4526596069336,5.7779998779296875,6.171325206756592,5.760886192321777,6.425588607788086,5.760886192321777,6.171325206756592,False,14.0,0.22452393174171448,0.24804237484931946,-4.056096076965332e-05,0.003891982138156891,-0.007043080870062113,-0.006780966185033321,0.9999521970748901
freeform_s0_cross,1590,79.50264739990234,5.7779998779296875,2.504730701446533,3.161513566970825,6.509487628936768,3.161513566970825,2.504730701446533,False,14.0,0.2255268394947052,0.24803075194358826,-7.337331771850586e-05,0.0038827061653137207,-0.0070039052516222,-0.006586642470210791,0.9999538064002991
freeform_s0_cross,1591,79.5526351928711,5.7779998779296875,6.129354000091553,6.050367832183838,6.386205196380615,6.050367832183838,6.129354000091553,False,14.0,0.2265002429485321,0.2480795979499817,-0.00020688772201538086,0.0035704709589481354,-0.006945301312953234,-0.006393216550350189,0.999955415725708
freeform_s0_cross,1592,79.60262298583984,5.7779998779296875,5.631305694580078,5.6218414306640625,6.422853469848633,5.6218414306640625,5.631305694580078,False,14.0,0.22719332575798035,0.24809926748275757,-0.0002747178077697754,0.003581097349524498,-0.006901431363075972,-0.006257749628275633,0.9999566078186035
freeform_s0_cross,1593,79.6526107788086,5.7779998779296875,5.7504472732543945,5.7431159019470215,6.42020320892334,5.7431159019470215,5.7504472732543945,False,14.0,0.22783520817756653,0.24811728298664093,-0.0003193318843841553,0.003557724878191948,-0.00685723265632987,-0.006132978014647961,0.9999576807022095
freeform_s0_cross,1594,79.70259857177734,5.7779998779296875,5.770888805389404,5.76888370513916,6.424450874328613,5.76888370513916,5.770888805389404,False,14.0,0.2284698188304901,0.24813273549079895,-0.0003508329391479492,0.003551347181200981,-0.006810703314840794,-0.006010534707456827,0.9999587535858154
freeform_s0_cross,1595,79.7525863647461,5.7779998779296875,5.774900913238525,5.774775505065918,6.423831939697266,5.774775505065918,5.774900913238525,False,14.0,0.22909089922904968,0.2481217086315155,-0.0003604888916015625,0.003563418984413147,-0.006767068058252335,-0.005893791560083628,0.9999597072601318
freeform_s0_cross,1596,79.80257415771484,5.7779998779296875,6.363000392913818,6.25789737701416,6.363236427307129,6.25789737701416,6.363000392913818,False,14.0,0.22959622740745544,0.2481077015399933,-0.0003536641597747803,0.0035936180502176285,-0.006730329245328903,-0.005799776874482632,0.9999605417251587
freeform_s0_cross,1597,79.8525619506836,5.7779998779296875,6.191215991973877,6.193086624145508,6.3036580085754395,6.193086624145508,6.191215991973877,False,14.0,0.22991666197776794,0.24806872010231018,-0.000286102294921875,0.0037480518221855164,-0.006711684167385101,-0.005743079353123903,0.9999609589576721
freeform_s0_cross,1598,79.90254974365234,5.7779998779296875,6.332658767700195,6.290299415588379,6.267431259155273,6.290299415588379,6.332658767700195,False,14.0,0.23027542233467102,0.24806687235832214,-0.0002015829086303711,0.003894450142979622,-0.006682069506496191,-0.0056761219166219234,0.9999615550041199
freeform_s0_cross,1599,79.9525375366211,5.7779998779296875,6.893014907836914,5.926186561584473,6.580532073974609,5.926186561584473,6.893014907836914,False,14.0,0.23125335574150085,0.24809686839580536,-0.00019735097885131836,0.003748057410120964,-0.006590342614799738,-0.005492033902555704,0.9999632239341736
freeform_s0_cross,1600,80.00252532958984,5.7779998779296875,5.69895076751709,5.8701581954956055,6.275036334991455,5.8701581954956055,5.69895076751709,False,14.0,0.23183688521385193,0.24811016023159027,-0.00017815828323364258,0.003942672163248062,-0.006533510517328978,-0.005383706651628017,0.99996417760849
freeform_s0_cross,1601,80.0525131225586,5.7779998779296875,6.152722358703613,6.1044135093688965,6.2917351722717285,6.1044135093688965,6.152722358703613,False,14.0,0.2323266565799713,0.2481163889169693,-0.0001271367073059082,0.003982998430728912,-0.006485087797045708,-0.005293875001370907,0.9999649524688721
freeform_s0_cross,1602,80.10250091552734,5.7779998779296875,6.081221580505371,5.803168773651123,6.386347770690918,5.803168773651123,6.081221580505371,False,14.0,0.23297318816184998,0.24798361957073212,-9.021162986755371e-05,0.003985350951552391,-0.006444389466196299,-0.005187860690057278,0.9999657869338989
freeform_s0_cross,1603,80.1524887084961,5.7779998779296875,5.9278740882873535,6.024473190307617,6.238745212554932,6.024473190307617,5.9278740882873535,False,14.0,0.23358145356178284,0.24786368012428284,-6.535649299621582e-05,0.004105163738131523,-0.006402635481208563,-0.005088414065539837,0.999966561794281
freeform_s0_cross,1604,80.20247650146484,5.7779998779296875,5.4971418380737305,5.363839626312256,6.494170188903809,5.363839626312256,5.4971418380737305,False,14.0,0.2344701588153839,0.24779506027698517,-0.00011020898818969727,0.0038297250866889954,-0.006318527739495039,-0.004936013836413622,0.9999678730964661
freeform_s0_cross,1605,80.2524642944336,5.7779998779296875,5.585713863372803,5.862358093261719,6.272144317626953,5.862358093261719,5.585713863372803,False,14.0,0.2352261245250702,0.24795842170715332,-0.00017443299293518066,0.0038930755108594894,-0.006204974837601185,-0.004790822044014931,0.9999692440032959
freeform_s0_cross,1606,80.30245208740234,5.7779998779296875,3.4607017040252686,4.634687423706055,6.370484828948975,4.634687423706055,3.4607017040252686,False,14.0,0.23593977093696594,0.24809327721595764,-0.0002015531063079834,0.0038679633289575577,-0.006099401973187923,-0.004657300189137459,0.999970555305481
freeform_s0_cross,1607,80.3524398803711,5.7779998779296875,5.975955963134766,5.973694324493408,6.402225494384766,5.973694324493408,5.975955963134766,False,14.0,0.2367611825466156,0.24812540411949158,-0.000313490629196167,0.0036548301577568054,-0.0059967380948364735,-0.004515259061008692,0.9999718070030212
freeform_s0_cross,1608,80.40242767333984,5.7779998779296875,5.9866838455200195,6.1222028732299805,6.326564788818359,6.1222028732299805,5.9866838455200195,False,14.0,0.2374204695224762,0.24811920523643494,-0.00033977627754211426,0.0037182793021202087,-0.005917870439589024,-0.004405259620398283,0.9999727606773376
freeform_s0_cross,1609,80.4524154663086,5.7779998779296875,5.621715068817139,5.681448459625244,6.42957878112793,5.681448459625244,5.621715068817139,False,14.0,0.23807045817375183,0.248117133975029,-0.00034287571907043457,0.0037237703800201416,-0.005837892647832632,-0.0042979298159480095,0.999973714351654
freeform_s0_cross,1610,80.50240325927734,5.7779998779296875,5.798610210418701,5.80082893371582,6.422163963317871,5.80082893371582,5.798610210418701,False,14.0,0.2387201488018036,0.24812725186347961,-0.0003593266010284424,0.0037119202315807343,-0.005754572339355946,-0.004191230982542038,0.9999746680259705
freeform_s0_cross,1611,80.5523910522461,5.7779998779296875,5.800863265991211,5.777914047241211,6.432564735412598,5.777914047241211,5.800863265991211,False,14.0,0.2393413484096527,0.2481175661087036,-0.0003687739372253418,0.0037121251225471497,-0.005676850210875273,-0.004091949202120304,0.9999755024909973
freeform_s0_cross,1612,80.60237884521484,5.7779998779296875,6.632471084594727,6.219282150268555,6.423226356506348,6.219282150268555,6.632471084594727,False,14.0,0.23994186520576477,0.24810808897018433,-0.0003730654716491699,0.0037233028560876846,-0.005600684322416782,-0.003997258376330137,0.9999763369560242
freeform_s0_cross,1613,80.6523666381836,5.7779998779296875,6.572864055633545,6.23123836517334,6.382609844207764,6.23123836517334,6.572864055633545,False,14.0,0.24040678143501282,0.24811014533042908,-0.00033161044120788574,0.003834770992398262,-0.005539602134376764,-0.003924196120351553,0.9999769330024719
freeform_s0_cross,1614,80.70235443115234,5.7779998779296875,6.005817413330078,6.021290302276611,6.323305130004883,6.021290302276611,6.005817413330078,False,14.0,0.2408207356929779,0.24811217188835144,-0.000258713960647583,0.003982070833444595,-0.0054847728461027145,-0.0038597946986556053,0.9999775290489197
freeform_s0_cross,1615,80.7523422241211,5.7779998779296875,5.790827751159668,5.592944145202637,6.431215286254883,5.592944145202637,5.790827751159668,False,14.0,0.24140527844429016,0.2480485737323761,-0.00020515918731689453,0.004000090062618256,-0.005416874308139086,-0.0037742359563708305,0.9999781847000122
freeform_s0_cross,1616,80.80233001708984,5.7779998779296875,5.858728408813477,5.953617572784424,6.295183181762695,5.953617572784424,5.858728408813477,False,14.0,0.24204030632972717,0.24795731902122498,-0.00018325448036193848,0.0040903035551309586,-0.005345410201698542,-0.003683961695060134,0.9999788999557495
freeform_s0_cross,1617,80.8523178100586,5.7779998779296875,5.852164268493652,5.69574499130249,6.414630889892578,5.69574499130249,5.852164268493652,False,14.0,0.24269935488700867,0.2479439675807953,-0.00016555190086364746,0.004048189148306847,-0.005258070304989815,-0.0035865684039890766,0.9999797344207764
freeform_s0_cross,1618,80.90230560302734,5.7779998779296875,2.294703960418701,4.162554740905762,6.30023193359375,4.162554740905762,2.294703960418701,False,14.0,0.24342849850654602,0.24796494841575623,-0.00016570091247558594,0.004106093198060989,-0.005155483726412058,-0.003478522412478924,0.9999806880950928
freeform_s0_cross,1619,80.9522933959961,5.7779998779296875,5.900020122528076,6.029973983764648,6.353252410888672,6.029973983764648,5.900020122528076,False,14.0,0.24440929293632507,0.24808233976364136,-0.00026294589042663574,0.003862980753183365,-0.005004196893423796,-0.003331250511109829,0.9999819397926331
freeform_s0_cross,1620,81.00228118896484,5.7779998779296875,5.450291156768799,5.3645524978637695,6.481625080108643,5.3645524978637695,5.450291156768799,False,14.0,0.24499806761741638,0.24813741445541382,-0.0002771914005279541,0.003869028761982918,-0.004915587604045868,-0.003245729021728039,0.9999826550483704
freeform_s0_cross,1621,81.0522689819336,5.7779998779296875,5.280149459838867,5.5672712326049805,6.3945112228393555,5.5672712326049805,5.280149459838867,False,14.0,0.24561616778373718,0.24816922843456268,-0.00030684471130371094,0.0038385875523090363,-0.004826184827834368,-0.003158995881676674,0.9999833703041077
freeform_s0_cross,1622,81.10225677490234,5.7779998779296875,5.677396774291992,5.657963752746582,6.471826076507568,5.657963752746582,5.677396774291992,False,14.0,0.2463984191417694,0.24813762307167053,-0.0003940165042877197,0.0037617888301610947,-0.004722661338746548,-0.003055409761145711,0.9999842047691345
freeform_s0_cross,1623,81.1522445678711,5.7779998779296875,6.56379508972168,6.504217624664307,6.337011814117432,6.504217624664307,6.56379508972168,False,14.0,0.2470172941684723,0.24812383949756622,-0.00041031837463378906,0.0037886537611484528,-0.004639121703803539,-0.0029744787607342005,0.9999848008155823
freeform_s0_cross,1624,81.20223236083984,5.7779998779296875,5.834138870239258,5.762654781341553,6.449230670928955,5.762654781341553,5.834138870239258,False,14.0,0.24765482544898987,0.24812036752700806,-0.00039127469062805176,0.0038475338369607925,-0.004551671911031008,-0.0028920755721628666,0.9999854564666748
freeform_s0_cross,1625,81.2522201538086,5.7779998779296875,5.526695728302002,5.575967788696289,6.449113845825195,5.575967788696289,5.526695728302002,False,14.0,0.24813255667686462,0.24818076193332672,-0.0003516674041748047,0.003858013078570366,-0.004478252027183771,-0.0028281137347221375,0.9999859929084778
freeform_s0_cross,1626,81.30220794677734,5.7779998779296875,5.83641242980957,5.771704196929932,6.439487934112549,5.771704196929932,5.83641242980957,False,14.0,0.2486167848110199,0.24824972450733185,-0.000321805477142334,0.0037956200540065765,-0.004403217229992151,-0.00276391115039587,0.999986469745636
freeform_s0_cross,1627,81.3521957397461,5.7779998779296875,5.1021246910095215,5.90010929107666,6.175938129425049,5.90010929107666,5.1021246910095215,False,14.0,0.2493738830089569,0.2481822967529297,-0.00034114718437194824,0.004062071442604065,-0.0043079969473183155,-0.0026742396876215935,0.9999871253967285
freeform_s0_cross,1628,81.40218353271484,5.7779998779296875,5.807487964630127,5.799234390258789,6.40061616897583,5.799234390258789,5.807487964630127,False,14.0,0.2498382031917572,0.24814888834953308,-0.0002879202365875244,0.004050673916935921,-0.004248679615557194,-0.0026198728010058403,0.9999875426292419
freeform_s0_cross,1629,81.4521713256836,5.7779998779296875,5.811685562133789,5.819053649902344,6.378775596618652,5.819053649902344,5.811685562133789,False,14.0,0.25031885504722595,0.2481296956539154,-0.0002512335777282715,0.004064073786139488,-0.0041855499148368835,-0.002563685178756714,0.9999879598617554
freeform_s0_cross,1630,81.50215911865234,5.7779998779296875,3.1058125495910645,4.152362823486328,6.501344203948975,4.152362823486328,3.1058125495910645,False,14.0,0.25085678696632385,0.2481144368648529,-0.0002066493034362793,0.003945866599678993,-0.004114385694265366,-0.002501534763723612,0.9999884366989136
freeform_s0_cross,1631,81.5521469116211,5.7779998779296875,4.488222122192383,5.366229057312012,6.251916408538818,5.366229057312012,4.488222122192383,False,14.0,0.2519184648990631,0.2480526715517044,-0.0002888143062591553,0.004074910655617714,-0.003978340420871973,-0.0023834817111492157,0.9999892711639404
freeform_s0_cross,1632,81.60213470458984,5.7779998779296875,5.815361022949219,5.816822052001953,6.423606872558594,5.816822052001953,5.815361022949219,False,14.0,0.2527768909931183,0.24811245501041412,-0.00033098459243774414,0.003962347283959389,-0.003857243340462446,-0.0022862779442220926,0.999989926815033
freeform_s0_cross,1633,81.6521224975586,5.7779998779296875,5.415238857269287,5.538556098937988,6.408414363861084,5.538556098937988,5.415238857269287,False,14.0,0.2532963454723358,0.24814492464065552,-0.00033229589462280273,0.004037756472826004,-0.003785126842558384,-0.0022290630731731653,0.9999903440475464
freeform_s0_cross,1634,81.70211029052734,5.7779998779296875,5.967256546020508,5.97988224029541,6.3732194900512695,5.97988224029541,5.967256546020508,False,14.0,0.253815621137619,0.24817000329494476,-0.0003230869770050049,0.004040805622935295,-0.003714403137564659,-0.002173250773921609,0.9999907612800598
freeform_s0_cross,1635,81.7520980834961,5.7779998779296875,5.6304826736450195,5.386172294616699,6.577877044677734,5.386172294616699,5.6304826736450195,False,14.0,0.25452038645744324,0.24824072420597076,-0.00036650896072387695,0.0038944222033023834,-0.003615638706833124,-0.0020977139938622713,0.999991238117218
freeform_s0_cross,1636,81.80208587646484,5.7779998779296875,5.071707248687744,5.192094326019287,6.515661239624023,5.192094326019287,5.071707248687744,False,14.0,0.25523999333381653,0.2482266128063202,-0.00043761730194091797,0.0038591939955949783,-0.0035247360356152058,-0.002026034751906991,0.9999917149543762
freeform_s0_cross,1637,81.8520736694336,5.7779998779296875,5.628605842590332,5.69718074798584,6.4830002784729,5.69718074798584,5.628605842590332,False,14.0,0.25598272681236267,0.248131662607193,-0.0005198419094085693,0.003809349611401558,-0.00343971885740757,-0.0019570619333535433,0.9999921917915344
freeform_s0_cross,1638,81.90206146240234,5.7779998779296875,6.672482490539551,6.530786514282227,6.365333080291748,6.530786514282227,6.672482490539551,False,14.0,0.25651517510414124,0.24801649153232574,-0.0005196928977966309,0.0038842931389808655,-0.003383671399205923,-0.0019104669336229563,0.9999924302101135
freeform_s0_cross,1639,81.9520492553711,5.7779998779296875,5.821051597595215,5.879701137542725,6.412444114685059,5.879701137542725,5.821051597595215,False,14.0,0.25706741213798523,0.24790944159030914,-0.00047454237937927246,0.004046129062771797,-0.003324629506096244,-0.0018625755328685045,0.9999927282333374
freeform_s0_cross,1640,82.00203704833984,5.7779998779296875,5.985782623291016,6.160346508026123,6.310761451721191,6.160346508026123,5.985782623291016,False,14.0,0.25763168931007385,0.24784676730632782,-0.0003956258296966553,0.004190189763903618,-0.003260377561673522,-0.0018129281233996153,0.9999930262565613
freeform_s0_cross,1641,82.0520248413086,5.7779998779296875,5.204181671142578,5.866736888885498,6.28041934967041,5.866736888885498,5.204181671142578,False,14.0,0.25821158289909363,0.24781407415866852,-0.00032335519790649414,0.004301277920603752,-0.0031920834444463253,-0.0017618760466575623,0.9999933242797852
freeform_s0_cross,1642,82.10201263427734,5.7779998779296875,6.6240692138671875,6.343827724456787,6.412330150604248,6.343827724456787,6.6240692138671875,False,14.0,0.2588253319263458,0.2479877769947052,-0.00029158592224121094,0.004097830504179001,-0.003102512564510107,-0.0017020577797666192,0.9999937415122986
freeform_s0_cross,1643,82.1520004272461,5.7779998779296875,6.183403968811035,6.073144435882568,6.346595764160156,6.073144435882568,6.183403968811035,False,14.0,0.2593582570552826,0.24800735712051392,-0.00025975704193115234,0.00420769490301609,-0.0030372734181582928,-0.0016557476483285427,0.9999940395355225
freeform_s0_cross,1644,82.20198822021484,5.7779998779296875,5.78650426864624,5.914017677307129,6.305882453918457,5.914017677307129,5.78650426864624,False,14.0,0.25997987389564514,0.24791738390922546,-0.00023254752159118652,0.004353215917944908,-0.002971544861793518,-0.0016065994277596474,0.9999942779541016
freeform_s0_cross,1645,82.2519760131836,5.7779998779296875,6.012199878692627,5.671356201171875,6.476561069488525,5.671356201171875,6.012199878692627,False,14.0,0.2606554329395294,0.2479524463415146,-0.00021451711654663086,0.00427640788257122,-0.002890185918658972,-0.0015503723407164216,0.9999946355819702
freeform_s0_cross,1646,82.30196380615234,5.7779998779296875,5.802306175231934,5.884971618652344,6.328902244567871,5.884971618652344,5.802306175231934,False,14.0,0.26128485798835754,0.24798449873924255,-0.0002117156982421875,0.004335874691605568,-0.002815710147842765,-0.0014994335360825062,0.9999949336051941
freeform_s0_cross,1647,82.3519515991211,5.7779998779296875,6.065126419067383,5.989057540893555,6.426828384399414,5.989057540893555,6.065126419067383,False,14.0,0.26235851645469666,0.24810746312141418,-0.00029355287551879883,0.004134755581617355,-0.0026864560786634684,-0.0014137130929157138,0.9999954104423523
freeform_s0_cross,1648,82.40193939208984,5.7779998779296875,5.396834850311279,5.289234161376953,6.546113967895508,5.289234161376953,5.396834850311279,False,14.0,0.2629912793636322,0.24817471206188202,-0.00035962462425231934,0.0040578097105026245,-0.0026126112788915634,-0.0013652389170601964,0.9999956488609314
freeform_s0_cross,1649,82.4519271850586,5.7779998779296875,5.964396953582764,5.796052932739258,6.491019248962402,5.796052932739258,5.964396953582764,False,14.0,0.2635491192340851,0.2482130378484726,-0.0004184842109680176,0.003937609493732452,-0.0025501837953925133,-0.0013242067070677876,0.9999958872795105
freeform_s0_cross,1650,82.50191497802734,5.7779998779296875,5.68426513671875,5.840190887451172,6.4218244552612305,5.840190887451172,5.68426513671875,False,14.0,0.264291375875473,0.24813488125801086,-0.0005019307136535645,0.003980344161391258,-0.0024775892961770296,-0.0012745411368086934,0.9999961256980896
freeform_s0_cross,1651,82.5519027709961,5.7779998779296875,5.750079154968262,5.663397789001465,6.5382890701293945,5.663397789001465,5.750079154968262,False,14.0,0.2649852931499481,0.24814218282699585,-0.0005480051040649414,0.0039269160479307175,-0.002405535662546754,-0.0012274697655811906,0.9999963641166687
freeform_s0_cross,1652,82.60189056396484,5.7779998779296875,5.726100444793701,5.744884967803955,6.505749702453613,5.744884967803955,5.726100444793701,False,14.0,0.26563915610313416,0.24816745519638062,-0.0005890727043151855,0.003926025703549385,-0.002337794518098235,-0.001183990272693336,0.999996542930603
freeform_s0_cross,1653,82.6518783569336,5.7779998779296875,6.112869739532471,6.002072334289551,6.484806060791016,6.002072334289551,6.112869739532471,False,14.0,0.26614853739738464,0.24821297824382782,-0.0005855560302734375,0.00394231453537941,-0.002284347079694271,-0.001150399330072105,0.9999967217445374
freeform_s0_cross,1654,82.70186614990234,5.7779998779296875,7.747175693511963,7.7669219970703125,6.199815273284912,7.7669219970703125,7.747175693511963,False,14.0,0.26647886633872986,0.24808084964752197,-0.0006127059459686279,0.004152713343501091,-0.002260222565382719,-0.0011328172404319048,0.9999967813491821
freeform_s0_cross,1655,82.7518539428711,5.7779998779296875,4.591217041015625,4.492156982421875,6.7631683349609375,4.492156982421875,4.591217041015625,False,14.0,0.26579490303993225,0.24694135785102844,-0.0005828142166137695,0.004147164523601532,-0.0024017603136599064,-0.0012039502616971731,0.9999963641166687
freeform_s0_cross,1656,82.80184173583984,5.7779998779296875,5.500554084777832,5.657226085662842,6.484813690185547,5.657226085662842,5.500554084777832,False,14.0,0.2645051181316376,0.2453104853630066,-0.0005583763122558594,0.004101810976862907,-0.002652393653988838,-0.0013347526546567678,0.9999955892562866
freeform_s0_cross,1657,82.8518295288086,5.7779998779296875,5.778796195983887,5.580887794494629,6.580427646636963,5.580887794494629,5.778796195983887,False,14.0,0.26282617449760437,0.2436005175113678,-0.0005179941654205322,0.003979085013270378,-0.0029787386301904917,-0.001510600675828755,0.9999943971633911
freeform_s0_cross,1658,82.90181732177734,5.7779998779296875,5.819240570068359,5.873210906982422,6.476544380187988,5.873210906982422,5.819240570068359,False,14.0,0.26104870438575745,0.24189691245555878,-0.000529855489730835,0.003923060372471809,-0.003350029466673732,-0.0017138790572062135,0.9999929070472717
freeform_s0_cross,1659,82.9518051147461,5.7779998779296875,6.469025611877441,6.198572635650635,6.483828544616699,6.198572635650635,6.469025611877441,False,14.0,0.25924405455589294,0.24022923409938812,-0.0005194544792175293,0.0038555413484573364,-0.0037575592286884785,-0.001940274378284812,0.9999910593032837
freeform_s0_cross,1660,83.00179290771484,5.7779998779296875,5.381004810333252,5.502366065979004,6.488990306854248,5.502366065979004,5.381004810333252,False,14.0,0.25745508074760437,0.23838487267494202,-0.0005065202713012695,0.003933526575565338,-0.004218032117933035,-0.002195758046582341,0.9999886751174927
freeform_s0_cross,1661,83.0517807006836,5.7779998779296875,5.805976390838623,5.775198936462402,6.488409519195557,5.775198936462402,5.805976390838623,False,14.0,0.255643755197525,0.23660016059875488,-0.0004908144474029541,0.00387616828083992,-0.004715672694146633,-0.002476715948432684,0.9999858140945435
freeform_s0_cross,1662,83.10176849365234,5.7779998779296875,5.929712772369385,5.8685302734375,6.481179714202881,5.8685302734375,5.929712772369385,False,14.0,0.25381919741630554,0.2348516881465912,-0.0004912018775939941,0.003824206069111824,-0.005250825546681881,-0.0027841413393616676,0.9999823570251465
freeform_s0_cross,1663,83.1517562866211,5.7779998779296875,5.64412784576416,5.581081867218018,6.527697563171387,5.581081867218018,5.64412784576416,False,14.0,0.2520138919353485,0.23310139775276184,-0.0004932880401611328,0.0037877708673477173,-0.005821035243570805,-0.00311655318364501,0.9999781847000122
freeform_s0_cross,1664,83.20174407958984,5.7779998779296875,8.083988189697266,6.730147361755371,6.575705528259277,6.730147361755371,8.083988189697266,False,14.0,0.25021520256996155,0.23160460591316223,-0.0004648268222808838,0.0036562029272317886,-0.006389429792761803,-0.003460103878751397,0.9999735951423645
freeform_s0_cross,1665,83.2517318725586,5.7779998779296875,4.447801113128662,4.8017778396606445,6.489321231842041,4.8017778396606445,4.447801113128662,False,14.0,0.2483712136745453,0.22968783974647522,-0.00041177868843078613,0.003937557339668274,-0.007062461692839861,-0.0038646706379950047,0.9999675750732422
freeform_s0_cross,1666,83.30171966552734,5.7779998779296875,5.009239673614502,5.560005187988281,6.337594032287598,5.560005187988281,5.009239673614502,False,14.0,0.2465536892414093,0.22788336873054504,-0.0003571808338165283,0.003952523693442345,-0.007746265269815922,-0.004288024734705687,0.9999607801437378
freeform_s0_cross,1667,83.3517074584961,5.7779998779296875,6.1478681564331055,5.873862266540527,6.4945268630981445,5.873862266540527,6.1478681564331055,False,14.0,0.24473968148231506,0.2261316180229187,-0.0003476738929748535,0.003782164305448532,-0.008448365144431591,-0.004736330825835466,0.9999530911445618
freeform_s0_cross,1668,83.40169525146484,5.7779998779296875,5.498446941375732,5.578556060791016,6.424300193786621,5.578556060791016,5.498446941375732,False,14.0,0.24293038249015808,0.2243863344192505,-0.00033405423164367676,0.0038443543016910553,-0.009170450270175934,-0.005212192889302969,0.9999443888664246
freeform_s0_cross,1669,83.4516830444336,5.7779998779296875,6.546667098999023,6.401149272918701,6.331391334533691,6.401149272918701,6.546667098999023,False,14.0,0.24108311533927917,0.22265160083770752,-0.00029402971267700195,0.00384528748691082,-0.009914989583194256,-0.005722992122173309,0.9999344944953918
freeform_s0_cross,1670,83.50167083740234,5.7779998779296875,6.1315178871154785,6.089720726013184,6.3267059326171875,6.089720726013184,6.1315178871154785,False,14.0,0.23921719193458557,0.22093601524829865,-0.00022149085998535156,0.003923188894987106,-0.010668199509382248,-0.006264056079089642,0.9999234676361084
freeform_s0_cross,1671,83.5516586303711,5.7779998779296875,5.834287166595459,5.831586837768555,6.331238746643066,5.831586837768555,5.834287166595459,False,14.0,0.23736605048179626,0.21921494603157043,-0.00014072656631469727,0.003990514203906059,-0.011419084854424,-0.006830035243183374,0.9999114871025085
freeform_s0_cross,1672,83.60164642333984,5.7779998779296875,5.652839183807373,5.47641658782959,6.464953899383545,5.47641658782959,5.652839183807373,False,14.0,0.2355765402317047,0.2174878865480423,-0.0001404285430908203,0.003850650042295456,-0.01214996725320816,-0.007409298792481422,0.9998987317085266
freeform_s0_cross,1673,83.6516342163086,5.7779998779296875,5.7335615158081055,5.791786193847656,6.3375678062438965,5.791786193847656,5.7335615158081055,False,14.0,0.23373636603355408,0.21578019857406616,-0.00015279650688171387,0.0038491934537887573,-0.012868229299783707,-0.008021394722163677,0.9998850226402283
freeform_s0_cross,1674,83.70162200927734,5.7779998779296875,6.039983749389648,6.00408935546875,6.324253559112549,6.00408935546875,6.039983749389648,False,14.0,0.23190531134605408,0.21406400203704834,-0.00014320015907287598,0.0038487818092107773,-0.013557396829128265,-0.008654887787997723,0.9998706579208374
freeform_s0_cross,1675,83.7516098022461,5.7779998779296875,5.779314041137695,5.741641521453857,6.354904651641846,5.741641521453857,5.779314041137695,False,14.0,0.23007240891456604,0.2123485654592514,-0.00010994076728820801,0.0038547515869140625,-0.014206311665475368,-0.009308934211730957,0.9998557567596436
freeform_s0_cross,1676,83.80159759521484,5.7779998779296875,5.740136623382568,5.670742988586426,6.380883693695068,5.670742988586426,5.740136623382568,False,14.0,0.22821590304374695,0.2106403261423111,-0.00010451674461364746,0.003792140632867813,-0.01480367872864008,-0.009985118173062801,0.9998405575752258
freeform_s0_cross,1677,83.8515853881836,5.7779998779296875,5.802188396453857,5.827666282653809,6.318698883056641,5.827666282653809,5.802188396453857,False,14.0,0.22635933756828308,0.20894482731819153,-9.712576866149902e-05,0.003800543025135994,-0.015332306735217571,-0.010674000717699528,0.9998254776000977
freeform_s0_cross,1678,83.90157318115234,5.7779998779296875,5.771116256713867,5.756200790405273,6.336056709289551,5.756200790405273,5.771116256713867,False,14.0,0.22450080513954163,0.20725321769714355,-7.510185241699219e-05,0.0037907790392637253,-0.015781905502080917,-0.01137369405478239,0.9998107552528381
freeform_s0_cross,1679,83.9515609741211,5.7779998779296875,5.855037689208984,5.821126937866211,6.31660795211792,5.821126937866211,5.855037689208984,False,14.0,0.2226339876651764,0.20556552708148956,-4.7653913497924805e-05,0.0037916041910648346,-0.016139641404151917,-0.012081608176231384,0.9997967481613159
freeform_s0_cross,1680,84.00154876708984,5.7779998779296875,5.839500904083252,5.731900215148926,6.335217475891113,5.731900215148926,5.839500904083252,False,14.0,0.22075828909873962,0.20387473702430725,-1.677870750427246e-05,0.0037875045090913773,-0.016393661499023438,-0.012794441543519497,0.9997837543487549
freeform_s0_cross,1681,84.0515365600586,5.7779998779296875,5.744190216064453,5.805197715759277,6.269824981689453,5.805197715759277,5.744190216064453,False,14.0,0.21888700127601624,0.20220458507537842,1.800060272216797e-05,0.0038261208683252335,-0.016527457162737846,-0.013499980792403221,0.9997722506523132
freeform_s0_cross,1682,84.10152435302734,5.7779998779296875,5.712515354156494,5.760991096496582,6.269008636474609,5.760991096496582,5.712515354156494,False,14.0,0.21701094508171082,0.20052874088287354,6.645917892456055e-05,0.0038361381739377975,-0.016534682363271713,-0.014199127443134785,0.9997624754905701
freeform_s0_cross,1683,84.1515121459961,5.7779998779296875,5.834935665130615,5.795495986938477,6.271303653717041,5.795495986938477,5.834935665130615,False,14.0,0.21511587500572205,0.19886183738708496,0.00010612607002258301,0.0038252975791692734,-0.01639685221016407,-0.014885992743074894,0.9997547268867493
freeform_s0_cross,1684,84.20149993896484,5.7779998779296875,5.770020961761475,5.798669338226318,6.235007286071777,5.798669338226318,5.770020961761475,False,14.0,0.21322950720787048,0.19719666242599487,0.00014597177505493164,0.0038542356342077255,-0.016112325713038445,-0.015549191273748875,0.9997493028640747
freeform_s0_cross,1685,84.2514877319336,5.7779998779296875,5.854786396026611,5.869437217712402,6.214815139770508,5.869437217712402,5.854786396026611,False,14.0,0.21135130524635315,0.19553211331367493,0.00018841028213500977,0.0038698147982358932,-0.015674879774451256,-0.016182055696845055,0.9997462034225464
freeform_s0_cross,1686,84.30147552490234,5.7779998779296875,5.22042989730835,5.335596561431885,6.280945777893066,5.335596561431885,5.22042989730835,False,14.0,0.20944997668266296,0.19387906789779663,0.0002168118953704834,0.003837617114186287,-0.015061859041452408,-0.016780728474259377,0.9997457265853882
freeform_s0_cross,1687,84.3514633178711,5.7779998779296875,5.866300106048584,5.827655792236328,6.239965915679932,5.827655792236328,5.866300106048584,False,14.0,0.20755189657211304,0.19222909212112427,0.00020101666450500488,0.0037618279457092285,-0.014280134811997414,-0.017333654686808586,0.9997477531433105
freeform_s0_cross,1688,84.40145111083984,5.7779998779296875,5.846834659576416,5.9187164306640625,6.163973808288574,5.9187164306640625,5.846834659576416,False,14.0,0.20565426349639893,0.19057685136795044,0.00023761391639709473,0.0038536936044692993,-0.013326018117368221,-0.017833778634667397,0.9997521638870239
freeform_s0_cross,1689,84.4514389038086,5.7779998779296875,5.677214622497559,5.419187545776367,6.346302032470703,5.419187545776367,5.677214622497559,False,14.0,0.20379596948623657,0.18891753256320953,0.0002599656581878662,0.003735428676009178,-0.012227263301610947,-0.018268434330821037,0.9997583627700806
freeform_s0_cross,1690,84.50142669677734,5.7779998779296875,5.740512847900391,5.829859733581543,6.186524391174316,5.829859733581543,5.740512847900391,False,14.0,0.20193392038345337,0.18726223707199097,0.00023636221885681152,0.0037499088793992996,-0.010956285521388054,-0.018633954226970673,0.9997663497924805
freeform_s0_cross,1691,84.5514144897461,5.7779998779296875,5.707520484924316,5.657537460327148,6.25477933883667,5.657537460327148,5.707520484924316,False,14.0,0.20004260540008545,0.18561501801013947,0.00024309754371643066,0.003707967698574066,-0.009491592645645142,-0.018923640251159668,0.9997758865356445
freeform_s0_cross,1692,84.60140228271484,5.7779998779296875,5.506577491760254,5.565567970275879,6.237646102905273,5.565567970275879,5.506577491760254,False,14.0,0.1981719732284546,0.1839628368616104,0.00024390220642089844,0.0036929231137037277,-0.007879989221692085,-0.019125834107398987,0.9997860193252563
freeform_s0_cross,1693,84.6513900756836,5.7779998779296875,6.752388000488281,6.5160417556762695,6.126916885375977,6.5160417556762695,6.752388000488281,False,14.0,0.1963227391242981,0.1822926104068756,0.0002490580081939697,0.0036996621638536453,-0.006132483948022127,-0.019233690574765205,0.9997962117195129
freeform_s0_cross,1694,84.70137786865234,5.7779998779296875,5.6187663078308105,5.606219291687012,6.257640361785889,5.606219291687012,5.6187663078308105,False,14.0,0.19425082206726074,0.18070946633815765,0.0002951323986053467,0.003658512607216835,-0.003995779901742935,-0.019246423617005348,0.9998067617416382
freeform_s0_cross,1695,84.7513656616211,5.7779998779296875,5.699215412139893,5.851898193359375,6.138363838195801,5.851898193359375,5.699215412139893,False,14.0,0.19218245148658752,0.17917102575302124,0.0003350973129272461,0.0036808550357818604,-0.001705047208815813,-0.019152076914906502,0.9998151063919067
freeform_s0_cross,1696,84.80135345458984,5.7779998779296875,6.23705530166626,6.077861309051514,6.147039413452148,6.077861309051514,6.23705530166626,False,14.0,0.19021108746528625,0.17759105563163757,0.0003675222396850586,0.003688972443342209,0.000613349606283009,-0.01894589141011238,0.999820351600647
freeform_s0_cross,1697,84.8513412475586,5.7779998779296875,5.331295967102051,5.376377582550049,6.236713409423828,5.376377582550049,5.331295967102051,False,14.0,0.18826454877853394,0.17600467801094055,0.00037974119186401367,0.0036598872393369675,0.003018780844286084,-0.018628055229783058,0.9998219013214111
freeform_s0_cross,1698,84.90132904052734,5.7779998779296875,5.755302429199219,5.7545013427734375,6.180025100708008,5.7545013427734375,5.755302429199219,False,14.0,0.18640229105949402,0.17441433668136597,0.0003604888916015625,0.0036114435642957687,0.005417998880147934,-0.0182036105543375,0.9998196363449097
freeform_s0_cross,1699,84.9513168334961,5.7779998779296875,5.625260353088379,6.410650730133057,5.923269271850586,6.410650730133057,5.625260353088379,False,14.0,0.1844889521598816,0.17282447218894958,0.00034242868423461914,0.003736428916454315,0.00795773882418871,-0.017664672806859016,0.9998123049736023
freeform_s0_cross,1700,85.00130462646484,5.7779998779296875,6.406657695770264,6.003911972045898,6.231348991394043,6.003911972045898,6.406657695770264,False,14.0,0.18233773112297058,0.17126904428005219,0.0004018843173980713,0.0036109257489442825,0.010854674503207207,-0.01699718087911606,0.9997966289520264
freeform_s0_cross,1701,85.0512924194336,5.7779998779296875,6.450769424438477,6.832637786865234,5.834428310394287,6.832637786865234,6.450769424438477,False,14.0,0.180743008852005,0.1699211299419403,0.0005059540271759033,0.003899654373526573,0.01305528823286295,-0.01636633090674877,0.9997808337211609
freeform_s0_cross,1702,85.10128021240234,5.7779998779296875,5.135993003845215,5.273760795593262,6.211077690124512,5.273760795593262,5.135993003845215,False,14.0,0.1788237988948822,0.16831645369529724,0.0006788372993469238,0.003779968246817589,0.015719158574938774,-0.015519233420491219,0.9997559785842896
freeform_s0_cross,1703,85.1512680053711,5.7779998779296875,8.02310562133789,8.577250480651855,5.617318153381348,8.577250480651855,8.02310562133789,False,14.0,0.17774850130081177,0.16656708717346191,0.0008118748664855957,0.004245063289999962,0.017347652465105057,-0.014653169550001621,0.9997421503067017
freeform_s0_cross,1704,85.20125579833984,5.7779998779296875,0.2698526382446289,3.144597291946411,5.8351521492004395,3.144597291946411,0.2698526382446289,False,14.0,0.17601102590560913,0.16483303904533386,0.001072525978088379,0.0045872461050748825,0.019805194810032845,-0.01359888631850481,0.9997113943099976
freeform_s0_cross,1705,85.2512435913086,5.7779998779296875,5.431407928466797,3.690032482147217,6.334898948669434,3.690032482147217,5.431407928466797,False,14.0,0.17273801565170288,0.16340069472789764,0.0010811388492584229,0.003987247124314308,0.02402297593653202,-0.012338179163634777,0.9996352791786194
freeform_s0_cross,1706,85.30123138427734,5.7779998779296875,3.7936153411865234,4.589484214782715,5.989725112915039,4.589484214782715,3.7936153411865234,False,14.0,0.17048367857933044,0.1618916094303131,0.000916898250579834,0.003973968327045441,0.0268972497433424,-0.011154858395457268,0.9995759725570679
freeform_s0_cross,1707,85.3512191772461,5.7779998779296875,7.9792399406433105,8.40427303314209,5.616521835327148,8.40427303314209,7.9792399406433105,False,14.0,0.16892030835151672,0.16044026613235474,0.0009205639362335205,0.00410035066306591,0.028893964365124702,-0.010090998373925686,0.9995315670967102
freeform_s0_cross,1708,85.40120697021484,5.7779998779296875,1.178952693939209,1.1478551626205444,6.304277420043945,1.1478551626205444,1.178952693939209,False,14.0,0.16662925481796265,0.15892550349235535,0.001001209020614624,0.004058040678501129,0.03157099708914757,-0.008824498392641544,0.9994625449180603
freeform_s0_cross,1709,85.4511947631836,5.7779998779296875,8.322784423828125,8.345252990722656,5.666973114013672,8.345252990722656,8.322784423828125,False,14.0,0.16434860229492188,0.1574382781982422,0.0009572803974151611,0.003956245258450508,0.03405212238430977,-0.007559996098279953,0.9993914365768433
freeform_s0_cross,1710,85.50118255615234,5.7779998779296875,4.847986698150635,4.867832183837891,6.151763439178467,4.867832183837891,4.847986698150635,False,14.0,0.16228732466697693,0.15594223141670227,0.0009895265102386475,0.00393998809158802,0.03614916652441025,-0.006332105491310358,0.9993263483047485
freeform_s0_cross,1711,85.5511703491211,5.7779998779296875,6.8295769691467285,6.999162673950195,5.745767116546631,6.999162673950195,6.8295769691467285,False,14.0,0.16049638390541077,0.15446439385414124,0.0009242594242095947,0.003933357074856758,0.037854794412851334,-0.005174653604626656,0.9992698431015015
freeform_s0_cross,1712,85.60115814208984,5.7779998779296875,6.728789806365967,6.884417533874512,5.650541305541992,6.884417533874512,6.728789806365967,False,14.0,0.159311443567276,0.15299469232559204,0.001094907522201538,0.004272252321243286,0.0389811247587204,-0.004139123018831015,0.9992313981056213
freeform_s0_cross,1713,85.6511459350586,5.7779998779296875,2.997997283935547,2.395982265472412,6.326844215393066,2.395982265472412,2.997997283935547,False,14.0,0.15674245357513428,0.15145811438560486,0.0010726451873779297,0.0038315486162900925,0.04091935232281685,-0.002877086168155074,0.9991583228111267
freeform_s0_cross,1714,85.70113372802734,5.7779998779296875,4.809513092041016,5.858878135681152,5.729736328125,5.858878135681152,4.809513092041016,False,14.0,0.15423300862312317,0.15004655718803406,0.0009499490261077881,0.003816366195678711,0.04249117523431778,-0.0017541793640702963,0.9990953207015991
freeform_s0_cross,1715,85.7511215209961,5.7779998779296875,6.416403770446777,6.510463714599609,5.849844932556152,6.510463714599609,6.416403770446777,False,14.0,0.15209293365478516,0.1486167162656784,0.0009181499481201172,0.0037833452224731445,0.04361249879002571,-0.0007357953581959009,0.9990482330322266
freeform_s0_cross,1716,85.80110931396484,5.7779998779296875,3.2023282051086426,4.624648094177246,5.812982559204102,4.624648094177246,3.2023282051086426,False,14.0,0.15062430500984192,0.14717675745487213,0.0010457932949066162,0.004114771261811256,0.04429331421852112,0.00015078448632266372,0.9990185499191284
freeform_s0_cross,1717,85.8510971069336,5.7779998779296875,3.7772741317749023,3.5418899059295654,6.363511085510254,3.5418899059295654,3.7772741317749023,False,14.0,0.14820456504821777,0.14573577046394348,0.0009624958038330078,0.003555240109562874,0.04506900534033775,0.0010660482803359628,0.9989833235740662
freeform_s0_cross,1718,85.90108489990234,5.7779998779296875,5.7350592613220215,5.952857971191406,6.003673553466797,5.952857971191406,5.7350592613220215,False,14.0,0.14591869711875916,0.14432840049266815,0.0007075965404510498,0.0033312328159809113,0.0455339141190052,0.0018673860467970371,0.9989610314369202
freeform_s0_cross,1719,85.9510726928711,5.7779998779296875,5.57706880569458,5.825708389282227,6.0193376541137695,5.825708389282227,5.57706880569458,False,14.0,0.1440826654434204,0.14304672181606293,0.000626683235168457,0.0033485963940620422,0.045726582407951355,0.0025084749795496464,0.9989508390426636
freeform_s0_cross,1720,86.00106048583984,5.7779998779296875,8.89312744140625,8.953754425048828,5.774310111999512,8.953754425048828,8.89312744140625,False,14.0,0.1423422396183014,0.1415824443101883,0.0006308257579803467,0.003408500924706459,0.045761849731206894,0.0031478325836360455,0.9989474415779114
freeform_s0_cross,1721,86.0510482788086,5.7779998779296875,5.2287702560424805,4.1156392097473145,6.460861682891846,4.1156392097473145,5.2287702560424805,False,14.0,0.13982650637626648,0.14019659161567688,0.0006377995014190674,0.003212185576558113,0.04553040489554405,0.0036973406095057726,0.9989560842514038
freeform_s0_cross,1722,86.10103607177734,5.7779998779296875,3.9795212745666504,5.088833808898926,5.927315711975098,5.088833808898926,3.9795212745666504,False,14.0,0.13752609491348267,0.13884444534778595,0.0006042718887329102,0.0033957883715629578,0.045073285698890686,0.004140505101531744,0.9989750981330872
freeform_s0_cross,1723,86.1510238647461,5.7779998779296875,4.841739654541016,4.156929016113281,6.540831089019775,4.156929016113281,4.841739654541016,False,14.0,0.13538262248039246,0.13749703764915466,0.00045758485794067383,0.0028705187141895294,0.04444371908903122,0.0044995700009167194,0.9990017414093018
freeform_s0_cross,1724,86.20101165771484,5.7779998779296875,6.577139854431152,7.125229835510254,5.871695041656494,7.125229835510254,6.577139854431152,False,14.0,0.13346228003501892,0.13618579506874084,0.00027000904083251953,0.002970285713672638,0.043717823922634125,0.0047792792320251465,0.9990324974060059
freeform_s0_cross,1725,86.2509994506836,5.7779998779296875,3.498203754425049,2.953930616378784,6.583264350891113,2.953930616378784,3.498203754425049,False,14.0,0.13133901357650757,0.13483761250972748,0.00024405121803283691,0.002762315794825554,0.04275292530655861,0.00499030202627182,0.9990732073783875
freeform_s0_cross,1726,86.30098724365234,5.7779998779296875,4.893580436706543,5.625353813171387,6.172041893005371,5.625353813171387,4.893580436706543,False,14.0,0.12914058566093445,0.13358625769615173,7.420778274536133e-05,0.0026130080223083496,0.0415937677025795,0.005107766017317772,0.9991215467453003
freeform_s0_cross,1727,86.3509750366211,5.7779998779296875,7.912899494171143,8.141711235046387,5.922717094421387,8.141711235046387,7.912899494171143,False,14.0,0.1271229088306427,0.13249331712722778,7.009506225585938e-05,0.0027475114911794662,0.04039803892374039,0.005149533040821552,0.9991704225540161
freeform_s0_cross,1728,86.40096282958984,5.7779998779296875,7.102399826049805,5.121516227722168,6.683744430541992,5.121516227722168,7.102399826049805,False,14.0,0.12484550476074219,0.13109783828258514,3.5315752029418945e-05,0.002395492047071457,0.0388936772942543,0.005156137980520725,0.9992300271987915
freeform_s0_cross,1729,86.4509506225586,5.7779998779296875,2.5979671478271484,4.057608604431152,6.22086763381958,4.057608604431152,2.5979671478271484,False,14.0,0.12308329343795776,0.1297902762889862,2.3633241653442383e-05,0.002697248011827469,0.03761126473546028,0.005136728286743164,0.999279260635376
freeform_s0_cross,1730,86.50093841552734,5.7779998779296875,3.661654472351074,3.7613027095794678,6.714191436767578,3.7613027095794678,3.661654472351074,False,14.0,0.12058737874031067,0.12852506339550018,-0.00011295080184936523,0.002140261232852936,0.03572602942585945,0.0049833436496555805,0.9993491768836975
freeform_s0_cross,1731,86.5509262084961,5.7779998779296875,7.6431193351745605,7.497245788574219,6.14888858795166,7.497245788574219,7.6431193351745605,False,14.0,0.1182226836681366,0.12734463810920715,-0.00034299492835998535,0.0021033547818660736,0.03382829949259758,0.004779744427651167,0.9994162321090698
freeform_s0_cross,1732,86.60091400146484,5.7779998779296875,6.076875686645508,4.560821533203125,6.802736282348633,4.560821533203125,6.076875686645508,False,14.0,0.11599382758140564,0.1261829137802124,-0.00038808584213256836,0.0019608233124017715,0.03194772079586983,0.004541726317256689,0.9994792342185974
freeform_s0_cross,1733,86.6509017944336,5.7779998779296875,2.8414113521575928,3.4187302589416504,6.682267189025879,3.4187302589416504,2.8414113521575928,False,14.0,0.11376398801803589,0.1250842809677124,-0.0004620850086212158,0.001929745078086853,0.030006665736436844,0.004255956970155239,0.9995406270027161
freeform_s0_cross,1734,86.70088958740234,5.7779998779296875,3.2375147342681885,3.9889321327209473,6.645566940307617,3.9889321327209473,3.2375147342681885,False,14.0,0.1115976870059967,0.1241653636097908,-0.0005446970462799072,0.0017386544495821,0.028093203902244568,0.003936494700610638,0.9995975494384766
freeform_s0_cross,1735,86.7508773803711,5.7779998779296875,6.114324569702148,6.7021403312683105,6.259031295776367,6.7021403312683105,6.114324569702148,False,14.0,0.10908660292625427,0.12302406132221222,-0.0007044970989227295,0.0017154756933450699,0.0258192028850317,0.003523119492456317,0.9996604323387146
freeform_s0_cross,1736,86.80086517333984,5.7779998779296875,7.814173698425293,6.418163299560547,6.749378204345703,6.418163299560547,7.814173698425293,False,14.0,0.10688915848731995,0.12190201878547668,-0.0007498264312744141,0.0015325751155614853,0.023781396448612213,0.0031218749936670065,0.9997122883796692
freeform_s0_cross,1737,86.8508529663086,5.7779998779296875,5.381386756896973,5.486340522766113,6.534820556640625,5.486340522766113,5.381386756896973,False,14.0,0.10560476779937744,0.1207885891199112,-0.0006819665431976318,0.0017384625971317291,0.02249644324183464,0.0028604106046259403,0.9997428059577942
freeform_s0_cross,1738,86.90084075927734,5.7779998779296875,7.852301120758057,6.657499313354492,6.716000556945801,6.657499313354492,7.852301120758057,False,14.0,0.10286733508110046,0.11976027488708496,-0.0007475018501281738,0.0014216825366020203,0.020007332786917686,0.0022938542533665895,0.9997972249984741
freeform_s0_cross,1739,86.9508285522461,5.7779998779296875,5.925405025482178,6.323131561279297,6.394160270690918,6.323131561279297,5.925405025482178,False,14.0,0.10033726692199707,0.11879733204841614,-0.0008036196231842041,0.0016117878258228302,0.017721256241202354,0.0017342250794172287,0.9998414516448975
freeform_s0_cross,1740,87.00081634521484,5.7779998779296875,5.821902751922607,4.60755729675293,6.97203254699707,4.60755729675293,5.821902751922607,False,14.0,0.09777435660362244,0.11797688901424408,-0.0008303821086883545,0.00131281279027462,0.015471896156668663,0.001144062029197812,0.9998796582221985
freeform_s0_cross,1741,87.0508041381836,5.7779998779296875,4.058647632598877,4.966886520385742,6.521113395690918,4.966886520385742,4.058647632598877,False,14.0,0.09539791941642761,0.11720161885023117,-0.0008813142776489258,0.0014634523540735245,0.013426491059362888,0.0005734062287956476,0.9999096989631653
freeform_s0_cross,1742,87.10079193115234,5.7779998779296875,6.175662517547607,6.087512969970703,6.603759288787842,6.087512969970703,6.175662517547607,False,14.0,0.09275490045547485,0.1164528876543045,-0.0009197890758514404,0.0013072174042463303,0.01123898010700941,-7.514026947319508e-05,0.9999368190765381
freeform_s0_cross,1743,87.1507797241211,5.7779998779296875,5.647140026092529,5.664138317108154,6.628103256225586,5.664138317108154,5.647140026092529,False,14.0,0.09044313430786133,0.11575761437416077,-0.0009165108203887939,0.00137360580265522,0.009378798305988312,-0.0006588872638531029,0.9999557733535767
freeform_s0_cross,1744,87.20076751708984,5.7779998779296875,5.079434394836426,5.241057395935059,6.681257247924805,5.241057395935059,5.079434394836426,False,14.0,0.0885128378868103,0.11522196978330612,-0.0008735060691833496,0.0013034585863351822,0.007885638624429703,-0.001150111318565905,0.9999682307243347
freeform_s0_cross,1745,87.2507553100586,5.7779998779296875,6.01978063583374,6.18111515045166,6.5156049728393555,6.18111515045166,6.01978063583374,False,14.0,0.0856471061706543,0.11468975245952606,-0.0009080469608306885,0.001297997310757637,0.005820922553539276,-0.0018635211745277047,0.9999813437461853
freeform_s0_cross,1746,87.30074310302734,5.7779998779296875,5.581700801849365,5.448575973510742,6.699006080627441,5.448575973510742,5.581700801849365,False,14.0,0.08296263217926025,0.11428126692771912,-0.0008983612060546875,0.0012859441339969635,0.004011217504739761,-0.002522230613976717,0.9999887943267822
freeform_s0_cross,1747,87.3507308959961,5.7779998779296875,6.282126426696777,6.237799167633057,6.571943759918213,6.237799167633057,6.282126426696777,False,14.0,0.08043575286865234,0.11405490338802338,-0.0009355545043945312,0.0012333914637565613,0.0024378630332648754,-0.0031197592616081238,0.9999921321868896
freeform_s0_cross,1748,87.40071868896484,5.7779998779296875,6.640780925750732,6.156459808349609,6.686209678649902,6.156459808349609,6.640780925750732,False,14.0,0.07814362645149231,0.11395741999149323,-0.0009572207927703857,0.0011573545634746552,0.0011132715735584497,-0.0036395860370248556,0.9999927282333374
freeform_s0_cross,1749,87.4507064819336,5.7779998779296875,5.659450054168701,5.480948448181152,6.731298446655273,5.480948448181152,5.659450054168701,False,14.0,0.07560661435127258,0.11435429006814957,-0.0009628236293792725,0.0011535882949829102,-0.00016082171350717545,-0.004142811056226492,0.9999914169311523
freeform_s0_cross,1750,87.50069427490234,5.7779998779296875,5.790069103240967,5.278494834899902,6.85135555267334,5.278494834899902,5.790069103240967,False,14.0,0.07390794157981873,0.11502666771411896,-0.0009319484233856201,0.000950545072555542,-0.0008873193291947246,-0.004417723510414362,0.9999898672103882
