candidate_id,control_step,sim_time_s,force_cmd_n,force_sensor_raw_n,force_sensor_filtered_n,force_model_n,force_used_n,sensor_matrix_n,sensor_fault,force_hard_limit_n,pad_u_m,pad_v_m,pad_gap_m,command_clearance_m,surface_normal_x,surface_normal_y,surface_normal_z,link6_axis_x,link6_axis_y,link6_axis_z,pad_outward_axis_x,pad_outward_axis_y,pad_outward_axis_z,normal_alignment_error_deg,target_quat_x,target_quat_y,target_quat_z,target_quat_w,actual_link6_quat_x,actual_link6_quat_y,actual_link6_quat_z,actual_link6_quat_w,actual_pad_quat_x,actual_pad_quat_y,actual_pad_quat_z,actual_pad_quat_w
gate_f5_freeform_pose_coupling_probe,1,0.05000000074505806,5.7779998779296875,0.0,0.0,0.4122498631477356,0.0,0.0,False,14.0,-0.247977152466774,0.152267187833786,0.2358686625957489,0.06149999052286148,-4.3476706679257404e-08,1.2047328412645442e-10,1.0,0.9929976463317871,0.11407161504030228,-0.030713558197021484,-0.9929977655410767,-0.11407184600830078,0.03071349859237671,88.2399673461914,0.9999696612358093,0.0,0.005949565675109625,-0.0050232894718647,-0.09811154007911682,0.7111476063728333,-0.015816977247595787,0.6959834694862366,-0.5615085959434509,0.5140402913093567,0.4916746914386749,0.42276084423065186
gate_f5_freeform_pose_coupling_probe,2,0.10000000149011612,5.7779998779296875,0.0,0.0,0.4199356734752655,0.0,0.0,False,14.0,-0.14211441576480865,0.1574649214744568,0.17244720458984375,0.06089998036623001,-0.00011681399337248877,3.377235771040432e-06,1.0,0.9676204323768616,0.08012671023607254,-0.23935341835021973,-0.9676207304000854,-0.08012676239013672,0.23935353755950928,76.14495849609375,0.9999697804450989,0.0,0.005941945593804121,-0.00501292897388339,-0.13626894354820251,0.7753112316131592,-0.05626601725816727,0.6141313314437866,-0.5306139588356018,0.5880144834518433,0.5084409713745117,0.33789893984794617
gate_f5_freeform_pose_coupling_probe,3,0.15000002086162567,5.7779998779296875,0.0,0.0,0.41999948024749756,0.0,0.0,False,14.0,-0.07074271142482758,0.18396948277950287,0.14637240767478943,0.06029997020959854,-0.0027164563070982695,0.0006382550927810371,0.9999961256980896,0.9445580244064331,0.14344993233680725,-0.2953512668609619,-0.9445581436157227,-0.14345002174377441,0.29535138607025146,72.67301177978516,0.9999698996543884,0.0,0.0059321047738194466,-0.0050015440210700035,-0.1794603019952774,0.7845187187194824,-0.043981511145830154,0.5919375419616699,-0.5454608201980591,0.5858383178710938,0.5236387252807617,0.2916652262210846
gate_f5_freeform_pose_coupling_probe,4,0.20000006258487701,5.7779998779296875,0.0,0.0,0.42000001668930054,0.0,0.0,False,14.0,-0.02167096734046936,0.18345442414283752,0.12768906354904175,0.05969996005296707,-0.009385296143591404,0.003367859870195389,0.9999502897262573,0.8820746541023254,0.16123372316360474,-0.44265949726104736,-0.882074773311615,-0.16123366355895996,0.44265973567962646,63.23236846923828,0.999970018863678,0.0,0.005919971968978643,-0.004989131353795528,-0.20290742814540863,0.824717104434967,-0.031890615820884705,0.5269279479980469,-0.5160717368125916,0.6057132482528687,0.5606128573417664,0.22911693155765533
gate_f5_freeform_pose_coupling_probe,5,0.25000008940696716,5.7779998779296875,0.0,0.0,0.42000001668930054,0.0,0.0,False,14.0,0.013982504606246948,0.17838074266910553,0.12389084696769714,0.0590999498963356,-0.012677178718149662,0.006446327548474073,0.9998988509178162,0.7779383659362793,0.2361326515674591,-0.5822831392288208,-0.7779382467269897,-0.23613262176513672,0.5822829008102417,53.80296325683594,0.9999701976776123,0.0,0.005905474536120892,-0.004975688178092241,-0.24231116473674774,0.8558194041252136,0.008584908209741116,0.4569298326969147,-0.49443796277046204,0.5990852117538452,0.6112261414527893,0.1517583429813385
gate_f5_freeform_pose_coupling_probe,6,0.30000004172325134,5.7779998779296875,0.0,0.0,0.42000001668930054,0.0,0.0,False,14.0,0.046572983264923096,0.16873745620250702,0.135536789894104,0.05849993973970413,-0.007567447144538164,0.006907322909682989,0.9999474883079529,0.6804721355438232,0.35587483644485474,-0.6405550241470337,-0.680472195148468,-0.35587477684020996,0.6405550241470337,49.96820068359375,0.9999703764915466,0.0,0.005888540763407946,-0.004961212631314993,-0.2964008152484894,0.8558177947998047,0.06270531564950943,0.4192737936973572,-0.5060582160949707,0.5608152151107788,0.6494939923286438,0.08688446134328842
gate_f5_freeform_pose_coupling_probe,7,0.3499999940395355,5.7779998779296875,0.0,0.0,0.42000001668930054,0.0,0.0,False,14.0,0.07516011595726013,0.15109269320964813,0.15511032938957214,0.05789992958307266,0.00475770328193903,0.0028703631833195686,0.9999845623970032,0.5927063822746277,0.495187908411026,-0.6352070569992065,-0.5927063226699829,-0.49518752098083496,0.6352071166038513,50.87931442260742,0.999970555305481,0.0,0.005869096610695124,-0.004945701919496059,-0.363723486661911,0.8278337717056274,0.11885470151901245,0.41020727157592773,-0.5472512245178223,0.501323938369751,0.6694101095199585,0.03286927193403244
gate_f5_freeform_pose_coupling_probe,8,0.3999999463558197,5.7779998779296875,0.0,0.0,0.42000001668930054,0.0,0.0,False,14.0,0.096234530210495,0.11885625123977661,0.1737881600856781,0.05729991942644119,0.014445725828409195,0.0008558966801501811,0.9998952746391296,0.5106310248374939,0.6099287271499634,-0.6060055494308472,-0.5106310844421387,-0.6099287271499634,0.6060057282447815,53.270076751708984,0.9999707341194153,0.0,0.005847068503499031,-0.0049291555769741535,-0.4393783211708069,0.7809926271438599,0.15690456330776215,0.4151844382286072,-0.6042668223381042,0.4412969648838043,0.6631937623023987,-0.017107464373111725
gate_f5_freeform_pose_coupling_probe,9,0.4499998986721039,5.7779998779296875,0.0,0.0,0.42000001668930054,0.0,0.0,False,14.0,0.11553052067756653,0.08643147349357605,0.14618012309074402,0.05669990926980972,0.024781592190265656,0.0019953420851379633,0.9996908903121948,0.33748066425323486,0.5858089923858643,-0.7368407249450684,-0.33748072385787964,-0.5858089923858643,0.7368410229682922,43.357757568359375,0.9999709725379944,0.0,0.005822382401674986,-0.004911571741104126,-0.5377480387687683,0.7610830664634705,0.152212992310524,0.3292578458786011,-0.6130657196044922,0.4305362403392792,0.6457979083061218,-0.1474248319864273
gate_f5_freeform_pose_coupling_probe,10,0.49999985098838806,5.7779998779296875,0.0,0.0,0.42000001668930054,0.0,0.0,False,14.0,0.1218315064907074,0.08108264207839966,0.09615480899810791,0.05609989911317825,0.02926512248814106,0.0025736019015312195,0.9995683431625366,0.04586084187030792,0.5144569277763367,-0.8562886714935303,-0.04586091637611389,-0.514457106590271,0.8562890887260437,31.432695388793945,0.9999712109565735,0.0,0.005794962868094444,-0.004892949480563402,-0.6374539732933044,0.7223550081253052,0.18444672226905823,0.1945119947195053,-0.5882887244224548,0.3803587555885315,0.6412058472633362,-0.3132072389125824
gate_f5_freeform_pose_coupling_probe,11,0.5499998331069946,5.7779998779296875,0.0,0.0,0.42000001668930054,0.0,0.0,False,14.0,0.09761691093444824,0.09374739229679108,0.07569843530654907,0.05549988895654678,0.00964910164475441,-0.0008245357894338667,0.9999530911445618,-0.1874956488609314,0.3907968997955322,-0.9011788368225098,0.187495619058609,-0.39079713821411133,0.9011788368225098,25.40899085998535,0.9999715089797974,0.0,0.005764735396951437,-0.004873288795351982,-0.7180388569831848,0.6595525741577148,0.20638787746429443,0.08255096524953842,-0.5661025047302246,0.32043585181236267,0.6123124361038208,-0.4493577480316162
gate_f5_freeform_pose_coupling_probe,12,0.5999997854232788,5.7779998779296875,0.0,0.0,0.42000001668930054,0.0,0.0,False,14.0,0.08695715665817261,0.09301136434078217,0.06512081623077393,0.054899878799915314,0.0013712513027712703,-0.0034881876781582832,0.9999929666519165,-0.20634984970092773,0.2282935529947281,-0.951473593711853,0.20634973049163818,-0.22829365730285645,0.9514737129211426,17.721694946289062,0.9999718070030212,0.0,0.005731624085456133,-0.004852589685469866,-0.7740424275398254,0.6136734485626221,0.15363837778568268,0.02566135860979557,-0.56547611951828,0.3252938985824585,0.5425712466239929,-0.52918541431427
gate_f5_freeform_pose_coupling_probe,13,0.649999737739563,5.7779998779296875,0.0,0.0,0.42000001668930054,0.0,0.0,False,14.0,0.08277022838592529,0.07511474937200546,0.05623462796211243,0.054299868643283844,-0.004990217741578817,-0.0068409498780965805,0.99996417760849,-0.14002211391925812,0.05073830485343933,-0.9888477325439453,0.14002197980880737,-0.05073833465576172,0.9888476133346558,8.712621688842773,0.9999721050262451,0.0,0.005695553496479988,-0.0048308526165783405,-0.8188892006874084,0.5690732002258301,0.07217063754796982,-0.01917380653321743,-0.5654841065406799,0.35136333107948303,0.45342791080474854,-0.5925999879837036
gate_f5_freeform_pose_coupling_probe,14,0.6999996900558472,5.7779998779296875,0.0,0.0,0.42000001668930054,0.0,0.0,False,14.0,0.08191254734992981,0.06771804392337799,0.05299916863441467,0.053699858486652374,-0.0065949782729148865,-0.008201073855161667,0.9999446272850037,-0.05753883719444275,-0.01338815875351429,-0.998253345489502,0.05753883719444275,0.013388335704803467,0.9982535243034363,3.8790886402130127,0.9999724626541138,0.0,0.005656447261571884,-0.004808077588677406,-0.8671218752861023,0.4972185790538788,0.021637069061398506,-0.02012684941291809,-0.5989157557487488,0.3362872004508972,0.36688655614852905,-0.6273795366287231
gate_f5_freeform_pose_coupling_probe,15,0.7499996423721313,5.7779998779296875,0.0,0.0,0.42000001668930054,0.0,0.0,False,14.0,0.08047246932983398,0.06777167320251465,0.05227625370025635,0.053099848330020905,-0.0072441622614860535,-0.008386371657252312,0.9999386072158813,-0.012215053662657738,-0.012450790964066982,-0.9998477697372437,0.012215018272399902,0.012450993061065674,0.9998477697372437,1.6338659524917603,0.9999728202819824,0.0,0.00561422947794199,-0.004784266464412212,-0.9105913043022156,0.41321590542793274,0.0029892553575336933,-0.008193141780793667,-0.6380917429924011,0.2900741994380951,0.2943015992641449,-0.649678647518158
gate_f5_freeform_pose_coupling_probe,16,0.7999995946884155,5.7779998779296875,0.0,0.0,0.42000001668930054,0.0,0.0,False,14.0,0.07820892333984375,0.06933889538049698,0.051530420780181885,0.052499838173389435,-0.007981585338711739,-0.008438768796622753,0.9999325275421143,0.0024085782933980227,-0.0017646264750510454,-0.9999954700469971,-0.002408653497695923,0.0017646551132202148,0.9999954104423523,0.6667596697807312,0.9999731779098511,0.0,0.0055688247084617615,-0.004759420175105333,-0.9462534785270691,0.3234224319458008,-0.0014249258674681187,-0.00044539888040162623,-0.6687873005867004,0.22970184683799744,0.22768665850162506,-0.669417142868042
gate_f5_freeform_pose_coupling_probe,17,0.8499995470046997,5.7779998779296875,0.0,0.0,0.42000001668930054,0.0,0.0,False,14.0,0.07535234093666077,0.07077093422412872,0.050756633281707764,0.051899828016757965,-0.008842293173074722,-0.0086015360429883,0.9999238848686218,0.005147027783095837,0.004978160839527845,-0.9999744892120361,-0.005147039890289307,-0.004978179931640625,0.9999743103981018,0.29739415645599365,0.9999735355377197,0.0,0.005520157050341368,-0.004733541049063206,-0.9732742309570312,0.22961817681789398,-0.001933221472427249,0.0030135218985378742,-0.6903396844863892,0.16373157501220703,0.16099759936332703,-0.6860778331756592
gate_f5_freeform_pose_coupling_probe,18,0.8999994993209839,5.7779998779296875,0.0,0.0,0.42000001668930054,0.0,0.0,False,14.0,0.0721491277217865,0.07162556052207947,0.0500720739364624,0.051299817860126495,-0.009716619737446308,-0.00887790136039257,0.9999133944511414,0.005039949901401997,0.00815120805054903,-0.9999539852142334,-0.005040004849433899,-0.008151054382324219,0.9999539852142334,0.2719624936580658,0.9999739527702332,0.0,0.005468151066452265,-0.004706631414592266,0.9910798668861389,-0.13318286836147308,0.001954740844666958,-0.00437496742233634,0.7038928270339966,-0.09555677324533463,-0.09279230237007141,0.6977057456970215
gate_f5_freeform_pose_coupling_probe,19,0.9499994516372681,5.7779998779296875,0.0,0.0,0.42000001668930054,0.0,0.0,False,14.0,0.06947299838066101,0.07179254293441772,0.049458086490631104,0.050699807703495026,-0.010361246764659882,-0.009146492928266525,0.9999045133590698,0.004605048336088657,0.009677686728537083,-0.9999427795410156,-0.00460510328412056,-0.009677648544311523,0.9999424815177917,0.3316129148006439,0.9999744296073914,0.0,0.005412731319665909,-0.004678693134337664,0.9986302256584167,-0.05204889923334122,0.002047572284936905,-0.004952200688421726,0.7096399068832397,-0.038251377642154694,-0.03535562753677368,0.7026364207267761
gate_f5_freeform_pose_coupling_probe,20,0.9999994039535522,5.7779998779296875,0.0,0.0,0.42000001668930054,0.0,0.0,False,14.0,0.06877291202545166,0.0717017650604248,0.048858642578125,0.050099797546863556,-0.010521112009882927,-0.009224003180861473,0.9999021291732788,0.004368290770798922,0.010399880819022655,-0.9999363422393799,-0.004368346184492111,-0.010399937629699707,0.9999362826347351,0.35990872979164124,0.9999748468399048,0.0,0.005353822838515043,-0.004649729933589697,0.9997968077659607,-0.01935282163321972,0.0020831343717873096,-0.005241320002824068,0.7106692790985107,-0.015156895853579044,-0.012210853397846222,0.7032569050788879
gate_f5_freeform_pose_coupling_probe,21,1.0499993562698364,5.7779998779296875,0.0,0.0,0.42000001668930054,0.0,0.0,False,14.0,0.06891584396362305,0.07164342701435089,0.04825755953788757,0.049499787390232086,-0.010496735572814941,-0.009215536527335644,0.9999024271965027,0.0042281607165932655,0.010704383254051208,-0.9999340772628784,-0.004228189587593079,-0.010704398155212402,0.9999337792396545,0.36903542280197144,0.999975323677063,0.0,0.005291351117193699,-0.00461974460631609,0.9999573826789856,-0.007229074835777283,0.00207536737434566,-0.00536742340773344,0.7108719348907471,-0.006578871514648199,-0.0036438340321183205,0.7032812833786011
gate_f5_freeform_pose_coupling_probe,22,1.0999993085861206,5.7779998779296875,0.0,0.0,0.42000001668930054,0.0,0.0,False,14.0,0.06936883926391602,0.07161861658096313,0.04765444993972778,0.048899777233600616,-0.010401622392237186,-0.00917345006018877,0.9999037981033325,0.004104917868971825,0.010805242694914341,-0.9999332427978516,-0.004104959312826395,-0.010805249214172363,0.9999331831932068,0.37325313687324524,0.9999758005142212,0.0,0.005225243512541056,-0.004588741343468428,0.999979555606842,-0.0027355009224265814,0.002037706086412072,-0.005408305674791336,0.7109165787696838,-0.0033750575967133045,-0.0004932754090987146,0.7032680511474609
gate_f5_freeform_pose_coupling_probe,23,1.1499992609024048,5.7779998779296875,0.0,0.0,0.42000001668930054,0.0,0.0,False,14.0,0.06993606686592102,0.07160912454128265,0.04705017805099487,0.04829976707696915,-0.010275082662701607,-0.009117363020777702,0.9999056458473206,0.003974427934736013,0.010813260450959206,-0.9999336004257202,-0.003974508494138718,-0.010813355445861816,0.999933660030365,0.37377700209617615,0.9999763369560242,0.0,0.005155425984412432,-0.004556723870337009,0.9999828338623047,-0.0010700779967010021,0.0019814600236713886,-0.005408843047916889,0.7109193205833435,-0.002157833194360137,0.0006444310420192778,0.7032700181007385
gate_f5_freeform_pose_coupling_probe,24,1.199999213218689,5.7779998779296875,0.0,0.0,0.42000001668930054,0.0,0.0,False,14.0,0.0705452561378479,0.07160596549510956,0.04644489288330078,0.04769975692033768,-0.010131709277629852,-0.009054690599441528,0.9999076724052429,0.0038314478006213903,0.010778031311929226,-0.9999340772628784,-0.0038314866833388805,-0.010777950286865234,0.9999344348907471,0.3758651614189148,0.9999768733978271,0.0,0.005081826820969582,-0.004523696377873421,0.9999834299087524,-0.00045253854477778077,0.0019133164314553142,-0.005389970727264881,0.7109063863754272,-0.0016729410272091627,0.0010329241631552577,0.7032837867736816
gate_f5_freeform_pose_coupling_probe,25,1.2499991655349731,5.7779998779296875,0.0,0.0,0.42000001668930054,0.0,0.0,False,14.0,0.07117033004760742,0.07160517573356628,0.045839130878448486,0.04709974676370621,-0.009976908564567566,-0.008988231420516968,0.9999098181724548,0.003678009146824479,0.010724104940891266,-0.999935507774353,-0.0036780713126063347,-0.010724306106567383,0.9999357461929321,0.37430012226104736,0.9999774098396301,0.0,0.005004374776035547,-0.004489663522690535,0.9999838471412659,-0.00022385198099073023,0.001837833784520626,-0.005362550262361765,0.7108873724937439,-0.0014578927075490355,0.0011412400053814054,0.7033034563064575
gate_f5_freeform_pose_coupling_probe,26,1.2999991178512573,5.7779998779296875,0.0,0.0,0.42000001668930054,0.0,0.0,False,14.0,0.07180088758468628,0.0716053694486618,0.04523316025733948,0.04649973660707474,-0.009812874719500542,-0.008919128216803074,0.9999120831489563,0.0035158845130354166,0.010659962892532349,-0.9999370574951172,-0.0035159625113010406,-0.010659933090209961,0.9999369978904724,0.37430012226104736,0.9999779462814331,0.0,0.00492300046607852,-0.0044546304270625114,0.9999842643737793,-0.00013894303992856294,0.0017572293290868402,-0.005330309271812439,0.7108647227287292,-0.0013408373342826962,0.0011443152325227857,0.7033265233039856
gate_f5_freeform_pose_coupling_probe,27,1.3499990701675415,5.7779998779296875,0.0,0.0,0.42000001668930054,0.0,0.0,False,14.0,0.07243353128433228,0.0716058537364006,0.04462727904319763,0.04589972645044327,-0.00964028388261795,-0.008847794495522976,0.9999144077301025,0.0033446785528212786,0.010591082274913788,-0.9999380111694336,-0.003344728844240308,-0.01059103012084961,0.9999382495880127,0.3748224973678589,0.9999785423278809,0.0,0.004837634973227978,-0.004418602678924799,0.9999845027923584,-0.00010707598266890272,0.0016717981779947877,-0.005295801907777786,0.7108405232429504,-0.0012578776804730296,0.0011064372956752777,0.7033511996269226
gate_f5_freeform_pose_coupling_probe,28,1.3999990224838257,5.7779998779296875,0.0,0.0,0.42000001668930054,0.0,0.0,False,14.0,0.07306692004203796,0.07160644978284836,0.04402151703834534,0.0452997162938118,-0.009459336288273335,-0.008774396032094955,0.9999167323112488,0.0031651381868869066,0.01051913108676672,-0.9999394416809082,-0.0031652036122977734,-0.010519266128540039,0.9999396800994873,0.37430012226104736,0.9999791383743286,0.0,0.004748210310935974,-0.00438158493489027,0.999984860420227,-9.538979065837339e-05,0.0015820913249626756,-0.005259796045720577,0.7108153700828552,-0.001186223467811942,0.0010512371081858873,0.7033768892288208
gate_f5_freeform_pose_coupling_probe,29,1.4499989748001099,5.7779998779296875,0.0,0.0,0.42000001668930054,0.0,0.0,False,14.0,0.07370096445083618,0.07160715758800507,0.04341539740562439,0.04469970613718033,-0.009269898757338524,-0.008698946796357632,0.9999191761016846,0.0029772240668535233,0.0104437917470932,-0.999941349029541,-0.0029773248825222254,-0.010443687438964844,0.9999409914016724,0.3748224973678589,0.9999797344207764,0.0,0.004654661286622286,-0.004343584179878235,0.9999853372573853,-9.082170436158776e-05,0.0014881595270708203,-0.005222107283771038,0.710788905620575,-0.0011165660107508302,0.0009880807483568788,0.7034037709236145
gate_f5_freeform_pose_coupling_probe,30,1.499998927116394,5.7779998779296875,0.0,0.0,0.42000001668930054,0.0,0.0,False,14.0,0.07433485984802246,0.0716078132390976,0.04280954599380493,0.04409969598054886,-0.009072095155715942,-0.008621569722890854,0.9999216794967651,0.0027806763537228107,0.010367760434746742,-0.9999420642852783,-0.0027807271108031273,-0.010367631912231445,0.9999422430992126,0.3753441870212555,0.9999803304672241,0.0,0.004556924104690552,-0.004304606467485428,0.9999855160713196,-8.899739623302594e-05,0.0013898969627916813,-0.0051840790547430515,0.7107622623443604,-0.0010457579046487808,0.0009198890766128898,0.7034308314323425
gate_f5_freeform_pose_coupling_probe,31,1.5499988794326782,5.7779998779296875,0.0,0.0,0.42000001668930054,0.0,0.0,False,14.0,0.07496863603591919,0.0716085359454155,0.04220372438430786,0.04349968582391739,-0.008865783922374249,-0.008542260155081749,0.9999241828918457,0.002576777944341302,0.010288618505001068,-0.9999434947967529,-0.0025767970364540815,-0.01028895378112793,0.9999439120292664,0.37272852659225464,0.9999809861183167,0.0,0.004454935435205698,-0.004264657385647297,0.9999858736991882,-8.829248690744862e-05,0.0012879528803750873,-0.005144495517015457,0.7107346653938293,-0.0009731713798828423,0.0008482822449877858,0.7034591436386108
gate_f5_freeform_pose_coupling_probe,32,1.5999988317489624,5.7779998779296875,0.0,0.0,0.42000001668930054,0.0,0.0,False,14.0,0.0756024420261383,0.07160913944244385,0.041597604751586914,0.04289967566728592,-0.008650822564959526,-0.00846103671938181,0.9999268054962158,0.002363251056522131,0.010207677260041237,-0.9999449253082275,-0.002363267820328474,-0.010207772254943848,0.9999450445175171,0.37430012226104736,0.9999816417694092,0.0,0.004348635673522949,-0.004223744850605726,0.9999862313270569,-8.80183361005038e-05,0.0011811925796791911,-0.0051040127873420715,0.7107061743736267,-0.0008974956581369042,0.0007729743956588209,0.7034879326820374
gate_f5_freeform_pose_coupling_probe,33,1.6499987840652466,5.7779998779296875,0.0,0.0,0.42000001668930054,0.0,0.0,False,14.0,0.07623666524887085,0.07160968333482742,0.04099172353744507,0.04229966551065445,-0.008426951244473457,-0.008377853780984879,0.9999293684959412,0.0021420051343739033,0.01012443657964468,-0.999946117401123,-0.0021420863922685385,-0.010124444961547852,0.9999464750289917,0.37377700209617615,0.9999822974205017,0.0,0.004237966146320105,-0.004181874915957451,0.9999865293502808,-8.76175326993689e-05,0.0010705734603106976,-0.005062379874289036,0.7106769680976868,-0.0008190046646632254,0.000695071998052299,0.7035176753997803
gate_f5_freeform_pose_coupling_probe,34,1.6999987363815308,5.7779998779296875,0.0,0.0,0.42000001668930054,0.0,0.0,False,14.0,0.07687053084373474,0.0716104507446289,0.040385544300079346,0.04169965535402298,-0.008194292895495892,-0.008292787708342075,0.999932050704956,0.0019116414478048682,0.01003975234925747,-0.9999475479125977,-0.0019117055926471949,-0.010039687156677246,0.9999478459358215,0.37272852659225464,0.9999829530715942,0.0,0.004122870974242687,-0.004139055963605642,0.9999868869781494,-8.730706031201407e-05,0.0009553949348628521,-0.005020025186240673,0.7106472253799438,-0.0007373670232482255,0.0006138103781268001,0.7035478949546814
gate_f5_freeform_pose_coupling_probe,35,1.749998688697815,5.7779998779296875,0.0,0.0,0.42000001668930054,0.0,0.0,False,14.0,0.07750445604324341,0.07161132991313934,0.03977957367897034,0.04109964519739151,-0.007952610030770302,-0.008205810561776161,0.999934732913971,0.0016719987615942955,0.009953062981367111,-0.9999489784240723,-0.0016720083076506853,-0.00995326042175293,0.9999490976333618,0.37325313687324524,0.9999836087226868,0.0,0.004003296606242657,-0.004095294512808323,0.9999872446060181,-8.707903907634318e-05,0.0008355766767635942,-0.0049766674637794495,0.7106168866157532,-0.0006524324417114258,0.0005292579880915582,0.7035787105560303
gate_f5_freeform_pose_coupling_probe,36,1.7999986410140991,5.7779998779296875,0.0,0.0,0.42000001668930054,0.0,0.0,False,14.0,0.0781385600566864,0.07161180675029755,0.03917369246482849,0.04049963504076004,-0.007701824884861708,-0.008116994053125381,0.9999374151229858,0.0014239342417567968,0.009864871390163898,-0.9999499320983887,-0.0014239733573049307,-0.00986480712890625,0.9999502897262573,0.37377700209617615,0.9999842643737793,0.0,0.003879192052409053,-0.004050598945468664,0.9999874830245972,-8.691762923263013e-05,0.0007115473272278905,-0.004932559560984373,0.7105858325958252,-0.0005646311328746378,0.00044167612213641405,0.7036101222038269
gate_f5_freeform_pose_coupling_probe,37,1.8499985933303833,5.7779998779296875,0.0,0.0,0.42000001668930054,0.0,0.0,False,14.0,0.078772634267807,0.07161236554384232,0.038567572832107544,0.03989962488412857,-0.007441856432706118,-0.008026312105357647,0.9999400973320007,0.0011661341413855553,0.009774390608072281,-0.9999516010284424,-0.0011661918833851814,-0.009774446487426758,0.9999514222145081,0.37430012226104736,0.9999849200248718,0.0,0.0037505091167986393,-0.004004976712167263,0.9999879002571106,-8.673848060425371e-05,0.0005826501874253154,-0.004887305200099945,0.7105540633201599,-0.0004733848327305168,0.00035064751864410937,0.7036423087120056
gate_f5_freeform_pose_coupling_probe,38,1.8999985456466675,5.7779998779296875,0.0,0.0,0.42000001668930054,0.0,0.0,False,14.0,0.07940655946731567,0.07161310315132141,0.03796151280403137,0.0392996147274971,-0.007172654382884502,-0.0079337852075696,0.9999427795410156,0.0008992726798169315,0.009681987576186657,-0.9999527931213379,-0.000899294565897435,-0.009682297706604004,0.9999529123306274,0.37167707085609436,0.9999856352806091,0.0,0.0036172023974359035,-0.003958436660468578,0.9999881982803345,-8.657148282509297e-05,0.0004492225416470319,-0.004841090179979801,0.7105216979980469,-0.0003789011971093714,0.0002564105379860848,0.7036752700805664
gate_f5_freeform_pose_coupling_probe,39,1.9499984979629517,5.7779998779296875,0.0,0.0,0.42000001668930054,0.0,0.0,False,14.0,0.0800405740737915,0.07161368429660797,0.0373556911945343,0.03869960457086563,-0.006894086021929979,-0.007839442230761051,0.9999455213546753,0.0006241579540073872,0.009587681852281094,-0.9999539852142334,-0.0006241839146241546,-0.009587764739990234,0.9999538660049438,0.37272852659225464,0.9999862909317017,0.0,0.0034792295191437006,-0.003910987172275782,0.9999884963035583,-8.650928793940693e-05,0.0003116678271908313,-0.004793922882527113,0.710488498210907,-0.0002815932675730437,0.00015918970166239887,0.7037087678909302
gate_f5_freeform_pose_coupling_probe,40,1.9999984502792358,5.7779998779296875,0.0,0.0,0.42000001668930054,0.0,0.0,False,14.0,0.08067458868026733,0.07161439955234528,0.03674960136413574,0.03809959441423416,-0.0066060712561011314,-0.007743268273770809,0.9999482035636902,0.0003390014171600342,0.00949188694357872,-0.9999549388885498,-0.00033901105052791536,-0.009491920471191406,0.9999549388885498,0.37220317125320435,0.9999869465827942,0.0,0.003336551832035184,-0.0038626366294920444,0.9999887347221375,-8.64126268425025e-05,0.00016909249825403094,-0.004746011458337307,0.7104547619819641,-0.00018070850637741387,5.843086910317652e-05,0.7037428617477417
gate_f5_freeform_pose_coupling_probe,41,2.0499989986419678,5.7779998779296875,0.0,0.0,0.42000001668930054,0.0,0.0,False,14.0,0.08130857348442078,0.07161515951156616,0.03614369034767151,0.03749958425760269,-0.006308568641543388,-0.007645298261195421,0.9999508857727051,4.446184902917594e-05,0.009394067339599133,-0.999955415725708,-4.451112181413919e-05,-0.009394168853759766,0.9999558329582214,0.37272852659225464,0.9999876618385315,0.0,0.0031891334801912308,-0.0038133938796818256,0.999988853931427,-8.554395753890276e-05,2.1829360775882378e-05,-0.004697087686508894,0.7104203701019287,-7.595669740112498e-05,-4.505063407123089e-05,0.703777551651001
gate_f5_freeform_pose_coupling_probe,42,2.0999996662139893,5.7779998779296875,0.0,0.0,0.42000001668930054,0.0,0.0,False,14.0,0.0819425880908966,0.07161565124988556,0.03553757071495056,0.03689957410097122,-0.006001539062708616,-0.007545590400695801,0.9999535083770752,-0.0002595226978883147,0.009294421412050724,-0.9999563694000244,0.00025945057859644294,-0.009294390678405762,0.9999567866325378,0.37220317125320435,0.999988317489624,0.0,0.0030369425658136606,-0.003763267770409584,0.9999890923500061,-8.545151649741456e-05,-0.00013015989679843187,-0.004647250287234783,0.710385262966156,3.157245373586193e-05,-0.0001524505642009899,0.7038130164146423
gate_f5_freeform_pose_coupling_probe,43,2.1500003337860107,5.7779998779296875,0.0,0.0,0.42000001668930054,0.0,0.0,False,14.0,0.08257648348808289,0.07161647081375122,0.034931480884552,0.03629956394433975,-0.005684910342097282,-0.007444088347256184,0.9999561309814453,-0.0005733422003686428,0.009193159639835358,-0.9999573230743408,0.00057330506388098,-0.009193062782287598,0.9999575614929199,0.37272852659225464,0.9999889731407166,0.0,0.0028799513820558786,-0.003712268080562353,0.9999893307685852,-8.467504812870175e-05,-0.00028706336161121726,-0.004596604499965906,0.7103495597839355,0.00014308559184428304,-0.0002628571819514036,0.7038489580154419
gate_f5_freeform_pose_coupling_probe,44,2.2000010013580322,5.7779998779296875,0.0,0.0,0.42000001668930054,0.0,0.0,False,14.0,0.08321049809455872,0.0716170221567154,0.03432542085647583,0.03569955378770828,-0.005358613561838865,-0.007340869400650263,0.9999586939811707,-0.0008963017608039081,0.009090391919016838,-0.9999585151672363,0.0008962492574937642,-0.009090423583984375,0.999958336353302,0.37167707085609436,0.9999896287918091,0.0,0.0027181352488696575,-0.0036604036577045918,0.9999896287918091,-8.408714347751811e-05,-0.00044853772851638496,-0.004545205272734165,0.7103133797645569,0.00025764558813534677,-0.0003766458248719573,0.7038854360580444
gate_f5_freeform_pose_coupling_probe,45,2.2500016689300537,5.7779998779296875,0.0,0.0,0.42000001668930054,0.0,0.0,False,14.0,0.08384457230567932,0.07161760330200195,0.03371918201446533,0.03509954363107681,-0.005022591445595026,-0.007235911674797535,0.9999611973762512,-0.0012296122731640935,0.008985643275082111,-0.9999585151672363,0.0012295907363295555,-0.008985638618469238,0.999958872795105,0.37220317125320435,0.9999902248382568,0.0,0.0025514743756502867,-0.003607683815062046,0.9999896287918091,-8.393799362238497e-05,-0.0006151896668598056,-0.004492816515266895,0.7102764248847961,0.00037562756915576756,-0.000494366860948503,0.7039225697517395
gate_f5_freeform_pose_coupling_probe,46,2.300002336502075,5.7779998779296875,0.0,0.0,0.42000001668930054,0.0,0.0,False,14.0,0.08447855710983276,0.07161837816238403,0.033113569021224976,0.03449953347444534,-0.004676868207752705,-0.007129228673875332,0.999963641166687,-0.0015717336209490895,0.008878977037966251,-0.9999592304229736,0.0015716759953647852,-0.00887906551361084,0.9999595284461975,0.370094358921051,0.9999908804893494,0.0,0.0023799529299139977,-0.003554118797183037,0.9999898076057434,-8.331239951075986e-05,-0.000786244694609195,-0.004439468029886484,0.7102388143539429,0.0004969845176674426,-0.0006148929242044687,0.7039604783058167
gate_f5_freeform_pose_coupling_probe,47,2.3500030040740967,5.7779998779296875,0.0,0.0,0.42000001668930054,0.0,0.0,False,14.0,0.08511260151863098,0.07161898910999298,0.032507479190826416,0.03389952331781387,-0.00432140426710248,-0.007020875811576843,0.999966025352478,-0.0019238105742260814,0.008770650252699852,-0.9999597072601318,0.0019237077794969082,-0.00877070426940918,0.9999597072601318,0.37115025520324707,0.9999914765357971,0.0,0.0022035602014511824,-0.0034997176844626665,0.999989926815033,-8.306266681756824e-05,-0.0009622792713344097,-0.004385289270430803,0.7102005481719971,0.0006216303445398808,-0.0007391656399704516,0.7039987444877625
gate_f5_freeform_pose_coupling_probe,48,2.400003671646118,5.7779998779296875,0.0,0.0,0.42000001668930054,0.0,0.0,False,14.0,0.08574652671813965,0.07161970436573029,0.03190129995346069,0.033299513161182404,-0.003956248052418232,-0.006910854484885931,0.9999682903289795,-0.0022864798083901405,0.008661150000989437,-0.9999597072601318,0.002286465372890234,-0.008661270141601562,0.9999598264694214,0.37220317125320435,0.9999920129776001,0.0,0.002022289438173175,-0.003444490721449256,0.999989926815033,-8.252844418166205e-05,-0.0011436088243499398,-0.004330524243414402,0.7101618647575378,0.0007502750377170742,-0.000867021968588233,0.7040374875068665
gate_f5_freeform_pose_coupling_probe,49,2.4500043392181396,5.7779998779296875,0.0,0.0,0.42000001668930054,0.0,0.0,False,14.0,0.0863807201385498,0.0716201514005661,0.031295448541641235,0.032699503004550934,-0.0035812382120639086,-0.006799184251576662,0.9999704957008362,-0.0026575694791972637,0.008549286983907223,-0.9999599456787109,0.00265748193487525,-0.008549332618713379,0.9999599456787109,0.37115025520324707,0.9999925494194031,0.0,0.0018361388938501477,-0.0033884476870298386,0.9999899864196777,-8.206406346289441e-05,-0.0013291487703099847,-0.004274577368050814,0.710122287273407,0.0008817625348456204,-0.0009978761663660407,0.7040771245956421
gate_f5_freeform_pose_coupling_probe,50,2.500005006790161,5.7779998779296875,0.0,0.0,0.42000001668930054,0.0,0.0,False,14.0,0.08701464533805847,0.07162105292081833,0.030689328908920288,0.032099492847919464,-0.003196575678884983,-0.0066858441568911076,0.9999725222587585,-0.003039132570847869,0.008435848169028759,-0.9999597072601318,0.003039050381630659,-0.008435845375061035,0.9999597668647766,0.37167707085609436,0.999993085861206,0.0,0.001645115204155445,-0.0033315992914140224,0.999989926815033,-8.156478725140914e-05,-0.0015199256595224142,-0.004217842593789101,0.7100821137428284,0.001017024158500135,-0.0011324173538014293,0.7041172385215759
gate_f5_freeform_pose_coupling_probe,51,2.5500056743621826,5.7779998779296875,0.0,0.0,0.42000001668930054,0.0,0.0,False,14.0,0.0876486599445343,0.07162156701087952,0.03008335828781128,0.031499482691287994,-0.0028022194746881723,-0.006570946890860796,0.9999744892120361,-0.003430349053815007,0.00832122378051281,-0.9999597072601318,0.0034303278662264347,-0.008321285247802734,0.9999595284461975,0.3706226944923401,0.9999935626983643,0.0,0.0014492247719317675,-0.003273955313488841,0.999989926815033,-8.108090696623549e-05,-0.0017155291279777884,-0.0041605145670473576,0.7100415825843811,0.0011557018151506782,-0.0012704080436378717,0.7041576504707336
gate_f5_freeform_pose_coupling_probe,52,2.600006341934204,5.7779998779296875,0.0,0.0,0.42000001668930054,0.0,0.0,False,14.0,0.08828264474868774,0.07162217795848846,0.02947711944580078,0.030899472534656525,-0.0023981884587556124,-0.006454442162066698,0.9999762773513794,-0.0038321104366332293,0.00820496678352356,-0.9999589920043945,0.0038320310413837433,-0.00820469856262207,0.9999589323997498,0.37167707085609436,0.9999940395355225,0.0,0.0012484813341870904,-0.003215525532141328,0.9999897480010986,-8.047134178923443e-05,-0.0019164050463587046,-0.004102371167391539,0.7100002765655518,0.0012981467880308628,-0.0014120033010840416,0.7041987776756287
gate_f5_freeform_pose_coupling_probe,53,2.6500070095062256,5.7779998779296875,0.0,0.0,0.42000001668930054,0.0,0.0,False,14.0,0.08891665935516357,0.07162277400493622,0.02887105941772461,0.030299462378025055,-0.0019845087081193924,-0.006336359307169914,0.9999779462814331,-0.004242786671966314,0.008086699061095715,-0.9999582767486572,0.0042427657172083855,-0.008086800575256348,0.999958336353302,0.370094358921051,0.9999944567680359,0.0,0.0010429044486954808,-0.0031563204247504473,0.9999895691871643,-8.029719901969656e-05,-0.0021217400208115578,-0.004043221473693848,0.7099584341049194,0.0014434882905334234,-0.0015570910181850195,0.7042403817176819
gate_f5_freeform_pose_coupling_probe,54,2.700007677078247,5.7779998779296875,0.0,0.0,0.42000001668930054,0.0,0.0,False,14.0,0.08955049514770508,0.07162350416183472,0.028264999389648438,0.029699452221393585,-0.0015613473951816559,-0.006216727662831545,0.9999794363975525,-0.004663471598178148,0.007967687211930752,-0.9999575614929199,0.004663434810936451,-0.007967829704284668,0.999957263469696,0.37167707085609436,0.9999948740005493,0.0,0.0008325197850354016,-0.0030963500030338764,0.99998939037323,-7.962244853843004e-05,-0.002332077594473958,-0.003983700182288885,0.7099161744117737,0.0015926933847367764,-0.0017053370829671621,0.7042822241783142
gate_f5_freeform_pose_coupling_probe,55,2.7500083446502686,5.7779998779296875,0.0,0.0,0.42000001668930054,0.0,0.0,False,14.0,0.09018468856811523,0.07162399590015411,0.027658969163894653,0.029099442064762115,-0.0011284805368632078,-0.006095538381487131,0.9999808073043823,-0.00509311119094491,0.007846769876778126,-0.9999561309814453,0.00509313540533185,-0.007846832275390625,0.9999561309814453,0.37115025520324707,0.999995231628418,0.0,0.0006173586589284241,-0.003035624511539936,0.9999890327453613,-7.937620102893561e-05,-0.0025468948297202587,-0.003923225682228804,0.7098731994628906,0.0017447881400585175,-0.0018570825923234224,0.7043248414993286
gate_f5_freeform_pose_coupling_probe,56,2.80000901222229,5.7779998779296875,0.0,0.0,0.42000001668930054,0.0,0.0,False,14.0,0.09081870317459106,0.07162465900182724,0.02705278992652893,0.028499431908130646,-0.0006862718728370965,-0.005972831044346094,0.9999819397926331,-0.0055336058139801025,0.007724255323410034,-0.9999547004699707,0.005533574614673853,-0.007724285125732422,0.9999549388885498,0.36956527829170227,0.9999954700469971,0.0,0.0003974585561081767,-0.0029741544276475906,0.9999886751174927,-7.919000199763104e-05,-0.0027671402785927057,-0.0038619523402303457,0.7098296284675598,0.0019006547518074512,-0.002012650016695261,0.704367995262146
gate_f5_freeform_pose_coupling_probe,57,2.8500096797943115,5.7779998779296875,0.0,0.0,0.42000001668930054,0.0,0.0,False,14.0,0.09145280718803406,0.07162518054246902,0.02644634246826172,0.027899421751499176,-0.00023468935978598893,-0.005848636385053396,0.9999828934669495,-0.005983137525618076,0.007599895820021629,-0.9999535083770752,0.005983034148812294,-0.0075997114181518555,0.9999531507492065,0.3706226944923401,0.999995768070221,0.0,0.00017286327783949673,-0.002911949995905161,0.9999883770942688,-7.894889859016985e-05,-0.0029919033404439688,-0.0037997558247298002,0.7097852826118469,0.0020597081165760756,-0.0021714100148528814,0.7044116854667664
gate_f5_freeform_pose_coupling_probe,58,2.900010347366333,5.7779998779296875,0.0,0.0,0.42000001668930054,0.0,0.0,False,14.0,0.09208673238754272,0.0716259703040123,0.025840580463409424,0.027299411594867706,0.000226049407501705,-0.005722943693399429,0.9999836087226868,-0.006441374309360981,0.007474059239029884,-0.9999508857727051,0.0064413296058773994,-0.007474064826965332,0.9999512434005737,0.3706226944923401,0.9999959468841553,0.0,-5.6376957218162715e-05,-0.0028490216936916113,0.9999877214431763,-7.857610034989193e-05,-0.003221020335331559,-0.0037368224002420902,0.7097405195236206,0.0022220080718398094,-0.002333170734345913,0.7044557929039001
gate_f5_freeform_pose_coupling_probe,59,2.9500110149383545,5.7779998779296875,0.0,0.0,0.42000001668930054,0.0,0.0,False,14.0,0.09272077679634094,0.0716264396905899,0.025234252214431763,0.026699401438236237,0.0006959244492463768,-0.00559583306312561,0.999984085559845,-0.0069092572666704655,0.0073470622301101685,-0.9999492168426514,0.006909240502864122,-0.00734710693359375,0.9999490976333618,0.370094358921051,0.9999960660934448,0.0,-0.0002902054402511567,-0.0027853797655552626,0.9999873042106628,-7.85799857112579e-05,-0.0034549611154943705,-0.0036733062006533146,0.7096952199935913,0.0023874440230429173,-0.0024985973723232746,0.7045003175735474
gate_f5_freeform_pose_coupling_probe,60,3.000011682510376,5.7779998779296875,0.0,0.0,0.42000001668930054,0.0,0.0,False,14.0,0.09335482120513916,0.07162719964981079,0.02462819218635559,0.026099391281604767,0.0011748402612283826,-0.005467222072184086,0.9999843835830688,-0.007386662065982819,0.007219256367534399,-0.9999463558197021,0.007386624813079834,-0.007219195365905762,0.9999465942382812,0.370094358921051,0.9999961853027344,0.0,-0.0005285586812533438,-0.002721034223213792,0.9999865889549255,-7.807964720996097e-05,-0.0036936623509973288,-0.0036093881353735924,0.7096495628356934,0.0025565761607140303,-0.0026670247316360474,0.7045450806617737
gate_f5_freeform_pose_coupling_probe,61,3.0500123500823975,5.7779998779296875,0.0,0.0,0.42000001668930054,0.0,0.0,False,14.0,0.09398886561393738,0.07162769138813019,0.02402213215827942,0.025499381124973297,0.0016625379212200642,-0.005337246228009462,0.9999843835830688,-0.007872738875448704,0.007088883314281702,-0.999943733215332,0.00787266530096531,-0.007089018821716309,0.9999439120292664,0.36903542280197144,0.9999961853027344,0.0,-0.0007713663508184254,-0.002655995776876807,0.999985933303833,-7.763518078718334e-05,-0.00393670005723834,-0.0035441857762634754,0.7096030116081238,0.002728705760091543,-0.0028385769110172987,0.7045907378196716
gate_f5_freeform_pose_coupling_probe,62,3.100013017654419,5.7779998779296875,0.0,0.0,0.42000001668930054,0.0,0.0,False,14.0,0.09462276101112366,0.07162852585315704,0.023415863513946533,0.024899370968341827,0.0021588655654340982,-0.005205827299505472,0.9999841451644897,-0.008368236944079399,0.0069580236449837685,-0.9999408721923828,0.008368141949176788,-0.006957888603210449,0.9999406933784485,0.370094358921051,0.9999961256980896,0.0,-0.0010185511782765388,-0.0025902744382619858,0.9999852180480957,-7.717493281234056e-05,-0.004184449091553688,-0.003478740341961384,0.7095561027526855,0.0029042160604149103,-0.003013421781361103,0.7046364545822144
gate_f5_freeform_pose_coupling_probe,63,3.1500136852264404,5.7779998779296875,0.0,0.0,0.42000001668930054,0.0,0.0,False,14.0,0.09525689482688904,0.07162897288799286,0.0228099524974823,0.024299360811710358,0.0026638030540198088,-0.0050730579532682896,0.9999836087226868,-0.008872088976204395,0.006825395859777927,-0.9999368190765381,0.008872073143720627,-0.0068253278732299805,0.9999372363090515,0.370094358921051,0.9999960064888,0.0,-0.0012700288789346814,-0.0025238802190870047,0.9999842047691345,-7.643862045370042e-05,-0.004436375107616186,-0.0034124127123504877,0.7095085978507996,0.003082913113757968,-0.00319105782546103,0.7046827077865601
gate_f5_freeform_pose_coupling_probe,64,3.200014352798462,5.7779998779296875,0.0,0.0,0.42000001668930054,0.0,0.0,False,14.0,0.09589073061943054,0.07162964344024658,0.02220386266708374,0.023699350655078888,0.0031768607441335917,-0.004938940517604351,0.9999827742576599,-0.009384204633533955,0.006691440008580685,-0.9999337196350098,0.009384159930050373,-0.006691455841064453,0.9999335408210754,0.370094358921051,0.9999958276748657,0.0,-0.0015257075428962708,-0.0024568235967308283,0.9999834299087524,-7.586293941130862e-05,-0.00469243386760354,-0.003345419419929385,0.7094606161117554,0.003264341503381729,-0.0033717311453074217,0.704729437828064
gate_f5_freeform_pose_coupling_probe,65,3.2500150203704834,5.7779998779296875,0.0,0.0,0.42000001668930054,0.0,0.0,False,14.0,0.09652483463287354,0.07163020968437195,0.021597683429718018,0.023099340498447418,0.0036982246674597263,-0.004803444258868694,0.9999816417694092,-0.009905812330543995,0.006556091830134392,-0.9999291896820068,0.009905778802931309,-0.006556153297424316,0.9999293684959412,0.370094358921051,0.9999955296516418,0.0,-0.0017854885663837194,-0.00238911435008049,0.9999822974205017,-7.532554445788264e-05,-0.004953240510076284,-0.003277730895206332,0.7094120383262634,0.0034491687547415495,-0.003555747913196683,0.7047765254974365
gate_f5_freeform_pose_coupling_probe,66,3.300015687942505,5.7779998779296875,0.0,0.0,0.42000001668930054,0.0,0.0,False,14.0,0.09715896844863892,0.07163089513778687,0.02099144458770752,0.02249933034181595,0.004227533936500549,-0.004666590131819248,0.9999801516532898,-0.01043484266847372,0.006419614423066378,-0.9999246597290039,0.010434787720441818,-0.006419539451599121,0.9999248385429382,0.3706226944923401,0.999995231628418,0.0,-0.002049265429377556,-0.0023207624908536673,0.999981164932251,-7.493064185837284e-05,-0.005217759869992733,-0.003209476824849844,0.7093629240989685,0.0036365073174238205,-0.003742481116205454,0.7048240303993225
gate_f5_freeform_pose_coupling_probe,67,3.3500163555145264,5.7779998779296875,0.0,0.0,0.42000001668930054,0.0,0.0,False,14.0,0.09779298305511475,0.07163137197494507,0.020385324954986572,0.02189932018518448,0.004764358978718519,-0.004528500139713287,0.9999784231185913,-0.010971862822771072,0.006282029207795858,-0.9999198913574219,0.01097184419631958,-0.006282210350036621,0.9999201893806458,0.3685048222541809,0.9999947547912598,0.0,-0.0023169242776930332,-0.002251778030768037,0.9999799728393555,-7.448598626069725e-05,-0.005486275069415569,-0.003140668850392103,0.7093135118484497,0.003826676867902279,-0.003932074178010225,0.7048718929290771
gate_f5_freeform_pose_coupling_probe,68,3.400017023086548,5.7779998779296875,0.0,0.0,0.42000001668930054,0.0,0.0,False,14.0,0.09842702746391296,0.07163205742835999,0.019778937101364136,0.02129931002855301,0.0053086671978235245,-0.004389069974422455,0.9999762773513794,-0.011517046019434929,0.006142477039247751,-0.9999148845672607,0.011517010629177094,-0.006142377853393555,0.999914824962616,0.36956527829170227,0.9999942779541016,0.0,-0.0025883435737341642,-0.0021821707487106323,0.9999787211418152,-7.385600474663079e-05,-0.005758872255682945,-0.0030708785634487867,0.7092631459236145,0.004019878339022398,-0.004124372731894255,0.7049202919006348
gate_f5_freeform_pose_coupling_probe,69,3.4500176906585693,5.7779998779296875,0.0,0.0,0.42000001668930054,0.0,0.0,False,14.0,0.09906107187271118,0.07163266837596893,0.019173026084899902,0.02069929987192154,0.005860107950866222,-0.00424838624894619,0.9999738335609436,-0.012069727294147015,0.006002247799187899,-0.9999086856842041,0.01206963136792183,-0.006002187728881836,0.9999089241027832,0.37115025520324707,0.9999936819076538,0.0,-0.0028633943293243647,-0.0021119501907378435,0.999977171421051,-7.309994543902576e-05,-0.006035220809280872,-0.0030007511377334595,0.7092125415802002,0.004215805325657129,-0.00431921798735857,0.7049687504768372
gate_f5_freeform_pose_coupling_probe,70,3.500018358230591,5.7779998779296875,0.0,0.0,0.42000001668930054,0.0,0.0,False,14.0,0.09969514608383179,0.07163328677415848,0.018566638231277466,0.02009928971529007,0.006418447010219097,-0.00410644244402647,0.9999709725379944,-0.012629944831132889,0.005860619246959686,-0.9999029636383057,0.012629908509552479,-0.005860567092895508,0.9999029636383057,0.3706226944923401,0.9999929666519165,0.0,-0.0031419398728758097,-0.002041126135736704,0.9999757409095764,-7.247427856782451e-05,-0.006315337959676981,-0.002929922891780734,0.7091614007949829,0.00441434932872653,-0.004516861867159605,0.7050178050994873
gate_f5_freeform_pose_coupling_probe,71,3.5500190258026123,5.7779998779296875,0.0,0.0,0.4276229739189148,0.0,0.0,False,14.0,0.10032907128334045,0.07163375616073608,0.017960399389266968,0.0194992795586586,0.006983195431530476,-0.003963331691920757,0.9999677538871765,-0.013197059743106365,0.005717661697417498,-0.9998965263366699,0.013197043910622597,-0.005717873573303223,0.9998965859413147,0.370094358921051,0.9999921917915344,0.0,-0.0034238353837281466,-0.001969707664102316,0.9999741315841675,-7.226260640891269e-05,-0.006598907522857189,-0.0028584280516952276,0.7091097831726074,0.004615001380443573,-0.004717251751571894,0.7050672173500061
gate_f5_freeform_pose_coupling_probe,72,3.600019693374634,5.7779998779296875,0.0,0.0,0.6172409057617188,0.0,0.0,False,14.0,0.10096332430839539,0.07163434475660324,0.017354339361190796,0.01889926940202713,0.007554532028734684,-0.003818904748186469,0.99996417760849,-0.013770212419331074,0.005573807749897242,-0.9998891353607178,0.013770127668976784,-0.005573630332946777,0.9998896718025208,0.370094358921051,0.9999912977218628,0.0,-0.0037089285906404257,-0.0018977047875523567,0.9999722838401794,-7.160679524531588e-05,-0.006885496433824301,-0.002786488039419055,0.7090575695037842,0.004818107467144728,-0.004919393453747034,0.7051169872283936
gate_f5_freeform_pose_coupling_probe,73,3.6500203609466553,5.7779998779296875,0.0,0.0,0.829262375831604,0.0,0.0,False,14.0,0.10159721970558167,0.07163499295711517,0.01674792170524597,0.01829925924539566,0.008131500333547592,-0.0036733488086611032,0.99996018409729,-0.01435061264783144,0.005428805947303772,-0.9998819828033447,0.014350603334605694,-0.005428910255432129,0.9998821020126343,0.37167707085609436,0.9999903440475464,0.0,-0.003997059538960457,-0.0018251263536512852,0.9999704957008362,-7.114332402125001e-05,-0.007175711449235678,-0.00271397246979177,0.7090050578117371,0.005023646168410778,-0.005124335642904043,0.705166757106781
gate_f5_freeform_pose_coupling_probe,74,3.7000210285186768,5.7779998779296875,0.0,0.0,1.0414133071899414,0.0,0.0,False,14.0,0.10223132371902466,0.07163552939891815,0.016141802072525024,0.01769924908876419,0.00871423352509737,-0.003526589134708047,0.9999558329582214,-0.014936769381165504,0.005282031837850809,-0.9998745918273926,0.014936704188585281,-0.005281925201416016,0.9998744130134583,0.3706226944923401,0.9999892711639404,0.0,-0.004288060124963522,-0.0017519814427942038,0.9999686479568481,-7.048570114420727e-05,-0.007468805182725191,-0.002640572376549244,0.7089517116546631,0.005231322720646858,-0.005331117659807205,0.7052174210548401
gate_f5_freeform_pose_coupling_probe,75,3.7500216960906982,5.7779998779296875,0.0,0.0,1.2536211013793945,0.0,0.0,False,14.0,0.10286521911621094,0.07163622230291367,0.015535473823547363,0.01709923893213272,0.009302055463194847,-0.0033786811400204897,0.9999510049819946,-0.015528757125139236,0.005135081708431244,-0.9998660087585449,0.015528722666203976,-0.005135178565979004,0.9998661875724792,0.37167707085609436,0.9999880790710449,0.0,-0.00458175502717495,-0.001678279135376215,0.9999665021896362,-6.96423594490625e-05,-0.007764817681163549,-0.0025670859031379223,0.7088983654975891,0.005441273562610149,-0.00553981214761734,0.7052678465843201
gate_f5_freeform_pose_coupling_probe,76,3.8000223636627197,5.7779998779296875,0.0,0.0,1.4657745361328125,0.0,0.0,False,14.0,0.1034993827342987,0.07163700461387634,0.014929473400115967,0.01649922877550125,0.0098950220271945,-0.0032295456621795893,0.9999458193778992,-0.01612604781985283,0.004986176732927561,-0.9998574256896973,0.01612596958875656,-0.004985928535461426,0.999857485294342,0.37167707085609436,0.9999868273735046,0.0,-0.004877960775047541,-0.0016040283953770995,0.9999643564224243,-6.912688695592806e-05,-0.008063483983278275,-0.002492619911208749,0.7088440656661987,0.005652816966176033,-0.005750615149736404,0.7053191065788269
gate_f5_freeform_pose_coupling_probe,77,3.850023031234741,5.7779998779296875,0.0,0.0,1.677966594696045,0.0,0.0,False,14.0,0.10413315892219543,0.07163739204406738,0.014323115348815918,0.01589921861886978,0.01049201749265194,-0.0030794579070061445,0.9999402165412903,-0.016728339716792107,0.004836634732782841,-0.9998483657836914,0.016728276386857033,-0.004836916923522949,0.9998483657836914,0.37115025520324707,0.9999854564666748,0.0,-0.005176486447453499,-0.0015292377211153507,0.9999620914459229,-6.899610161781311e-05,-0.008364653214812279,-0.002417831914499402,0.7087897062301636,0.005865852348506451,-0.005963509436696768,0.7053702473640442
gate_f5_freeform_pose_coupling_probe,78,3.9000236988067627,5.7779998779296875,0.0,0.0,1.8901817798614502,0.0,0.0,False,14.0,0.10476741194725037,0.07163804769515991,0.013716846704483032,0.015299208462238312,0.011093612760305405,-0.0029280874878168106,0.999934196472168,-0.017335841432213783,0.0046859062276780605,-0.9998388290405273,0.017335791140794754,-0.004685878753662109,0.9998387098312378,0.37167707085609436,0.9999839663505554,0.0,-0.005477133207023144,-0.0014539158437401056,0.9999597072601318,-6.830936763435602e-05,-0.008668430149555206,-0.0023424553219228983,0.7087346315383911,0.006081156898289919,-0.006177818868309259,0.7054219245910645
gate_f5_freeform_pose_coupling_probe,79,3.950024366378784,5.7779998779296875,0.0,0.0,2.1024014949798584,0.0,0.0,False,14.0,0.10540139675140381,0.07163853943347931,0.013110458850860596,0.014699198305606842,0.011698584072291851,-0.002775720087811351,0.9999276995658875,-0.01794711872935295,0.004534273408353329,-0.999828577041626,0.017947115004062653,-0.004534482955932617,0.9998287558555603,0.37167707085609436,0.9999823570251465,0.0,-0.005779695231467485,-0.001378071028739214,0.9999571442604065,-6.791282066842541e-05,-0.008974097669124603,-0.002266624243929982,0.7086793184280396,0.006297599989920855,-0.006393688265234232,0.7054737210273743
gate_f5_freeform_pose_coupling_probe,80,4.000024795532227,5.7779998779296875,0.0,0.0,2.314624786376953,0.0,0.0,False,14.0,0.10603541135787964,0.07163926959037781,0.012504100799560547,0.014099188148975372,0.012306878343224525,-0.002622215775772929,0.9999208450317383,-0.018562447279691696,0.004381522070616484,-0.9998178482055664,0.01856236904859543,-0.004381537437438965,0.9998181462287903,0.37167707085609436,0.999980628490448,0.0,-0.006083958316594362,-0.001301711774431169,0.9999544620513916,-6.691095768474042e-05,-0.009281792677938938,-0.002190239727497101,0.7086233496665955,0.006515841465443373,-0.006610539276152849,0.7055259346961975
gate_f5_freeform_pose_coupling_probe,81,4.050024032592773,5.7779998779296875,0.0,0.0,2.5268239974975586,0.0,0.0,False,14.0,0.10666921734809875,0.0716397762298584,0.011897802352905273,0.013499177992343903,0.012917709536850452,-0.0024677463807165623,0.9999135136604309,-0.01918148808181286,0.004227593541145325,-0.9998068809509277,0.019181380048394203,-0.0042275190353393555,0.9998071193695068,0.37272852659225464,0.9999788403511047,0.0,-0.00638970173895359,-0.001224846113473177,0.9999517202377319,-6.604556256206706e-05,-0.009591346606612206,-0.0021132652182132006,0.7085669636726379,0.006735343486070633,-0.00682879239320755,0.7055783867835999
gate_f5_freeform_pose_coupling_probe,82,4.10002326965332,5.7779998779296875,0.0,0.0,2.7389976978302,0.0,0.0,False,14.0,0.10730326175689697,0.07164035737514496,0.011291652917861938,0.01289917528629303,0.013531120494008064,-0.0023121561389416456,0.9999057650566101,-0.01980256475508213,0.00407236535102129,-0.99979567527771,0.019802529364824295,-0.004072427749633789,0.9997956156730652,0.37377700209617615,0.9999769330024719,0.0,-0.006696697790175676,-0.0011474820785224438,0.9999489188194275,-6.496738933492452e-05,-0.009901920333504677,-0.0020356434397399426,0.7085101008415222,0.006955713964998722,-0.007047691848129034,0.7056311964988708
gate_f5_freeform_pose_coupling_probe,83,4.150022506713867,5.7779998779296875,0.0,0.0,2.9512646198272705,0.0,0.0,False,14.0,0.10793715715408325,0.07164101302623749,0.010685086250305176,0.012299176305532455,0.014146264642477036,-0.002155555412173271,0.9998975992202759,-0.020427647978067398,0.003916820976883173,-0.9997835159301758,0.020427586510777473,-0.00391697883605957,0.9997837543487549,0.37325313687324524,0.9999749064445496,0.0,-0.00700471131131053,-0.0010696274694055319,0.999945878982544,-6.469490472227335e-05,-0.010214503854513168,-0.0019578556530177593,0.7084529995918274,0.007176942657679319,-0.007268502376973629,0.7056841254234314
gate_f5_freeform_pose_coupling_probe,84,4.200021743774414,5.7779998779296875,0.0,0.0,3.163490056991577,0.0,0.0,False,14.0,0.10857126116752625,0.07164158672094345,0.010078668594360352,0.011699177324771881,0.01476296316832304,-0.001997903687879443,0.9998890161514282,-0.02105405367910862,0.0037598663475364447,-0.9997711181640625,0.021053938195109367,-0.0037598609924316406,0.999771237373352,0.3748224973678589,0.9999727606773376,0.0,-0.007313499692827463,-0.0009912899695336819,0.9999427795410156,-6.421851139748469e-05,-0.010527750477194786,-0.0018793647177517414,0.70839524269104,0.007398759946227074,-0.007489644922316074,0.7057374119758606
gate_f5_freeform_pose_coupling_probe,85,4.250020980834961,5.7779998779296875,0.0,0.0,3.375629425048828,0.0,0.0,False,14.0,0.10920530557632446,0.07164229452610016,0.009472697973251343,0.011099178344011307,0.01538051012903452,-0.0018392386846244335,0.9998800158500671,-0.021681543439626694,0.0036020674742758274,-0.999758243560791,0.021681472659111023,-0.003602147102355957,0.9997584223747253,0.3753441870212555,0.999970555305481,0.0,-0.007622815202921629,-0.0009124773787334561,0.9999395608901978,-6.432238296838477e-05,-0.010841542854905128,-0.0018004452576860785,0.7083371877670288,0.007620613090693951,-0.007711592596024275,0.7057909369468689
gate_f5_freeform_pose_coupling_probe,86,4.300020217895508,5.7779998779296875,0.0,0.0,3.587855100631714,0.0,0.0,False,14.0,0.10983914136886597,0.07164288312196732,0.008866369724273682,0.010499179363250732,0.01599818281829357,-0.0016796644777059555,0.9998705983161926,-0.022310476750135422,0.003443128429353237,-0.9997451305389404,0.02231040596961975,-0.003443002700805664,0.9997451305389404,0.3758651614189148,0.9999681711196899,0.0,-0.007932402193546295,-0.000833196856547147,0.9999362826347351,-6.400765414582565e-05,-0.011156058870255947,-0.0017209597863256931,0.7082785964012146,0.00784320943057537,-0.007933790795505047,0.7058448195457458
gate_f5_freeform_pose_coupling_probe,87,4.350019454956055,5.7779998779296875,0.0,0.0,3.8000268936157227,0.0,0.0,False,14.0,0.11047318577766418,0.07164354622364044,0.008260160684585571,0.009899180382490158,0.016615912318229675,-0.0015190520789474249,0.9998607635498047,-0.022939223796129227,0.003282941412180662,-0.9997313022613525,0.02293921634554863,-0.0032831430435180664,0.9997315406799316,0.3753441870212555,0.9999657273292542,0.0,-0.008241998963057995,-0.0007534559117630124,0.9999328255653381,-6.317751103779301e-05,-0.011470485478639603,-0.0016408562660217285,0.7082196474075317,0.008066143840551376,-0.00815556664019823,0.7058990001678467
gate_f5_freeform_pose_coupling_probe,88,4.400018692016602,5.7779998779296875,0.0,0.0,4.012312412261963,0.0,0.0,False,14.0,0.11110728979110718,0.07164393365383148,0.007653564214706421,0.009299181401729584,0.017232928425073624,-0.0013575217453762889,0.9998505711555481,-0.023569082841277122,0.003122511086985469,-0.9997172355651855,0.023568984121084213,-0.0031224489212036133,0.9997172355651855,0.3779417872428894,0.9999632239341736,0.0,-0.0085513386875391,-0.0006732616457156837,0.9999293088912964,-6.292714533628896e-05,-0.011785472743213177,-0.001560624223202467,0.7081602811813354,0.008289049379527569,-0.00837805774062872,0.7059532403945923
gate_f5_freeform_pose_coupling_probe,89,4.450017929077148,5.7779998779296875,0.0,0.0,4.22452449798584,0.0,0.0,False,14.0,0.11174085736274719,0.07164467126131058,0.00704723596572876,0.00869918242096901,0.017848262563347816,-0.0011951191117987037,0.9998400211334229,-0.024198314175009727,0.0029610448982566595,-0.9997024536132812,0.024198239669203758,-0.0029610395431518555,0.9997028112411499,0.3774237036705017,0.9999606013298035,0.0,-0.00886014848947525,-0.0005926211015321314,0.9999256134033203,-6.233458407223225e-05,-0.01210014894604683,-0.0014798783231526613,0.7081006765365601,0.008511975407600403,-0.008600166067481041,0.7060077786445618
gate_f5_freeform_pose_coupling_probe,90,4.500017166137695,5.7779998779296875,0.0,0.0,4.436817646026611,0.0,0.0,False,14.0,0.11237502098083496,0.07164507359266281,0.006440669298171997,0.008099183440208435,0.018462279811501503,-0.0010317002888768911,0.9998290538787842,-0.024827923625707626,0.0027984590269625187,-0.999687671661377,0.024827919900417328,-0.0027986764907836914,0.9996878504753113,0.3784591555595398,0.9999578595161438,0.0,-0.009168149903416634,-0.0005115412641316652,0.9999219179153442,-6.164007936604321e-05,-0.012415017932653427,-0.0013985733967274427,0.7080405950546265,0.008735144510865211,-0.008822337724268436,0.7060626149177551
gate_f5_freeform_pose_coupling_probe,91,4.550016403198242,5.7779998779296875,0.0,0.0,4.649009704589844,0.0,0.0,False,14.0,0.11300891637802124,0.07164575159549713,0.005834519863128662,0.007499184459447861,0.019073735922574997,-0.0008673853590153158,0.9998177289962769,-0.025453517213463783,0.0026348410174250603,-0.9996721744537354,0.025453519076108932,-0.002634882926940918,0.9996724724769592,0.3800070583820343,0.9999549984931946,0.0,-0.009475058875977993,-0.0004300289729144424,0.9999180436134338,-6.050510273780674e-05,-0.012727881781756878,-0.0013167583383619785,0.7079799771308899,0.008957148529589176,-0.00904279574751854,0.7061177492141724
gate_f5_freeform_pose_coupling_probe,92,4.600015640258789,5.7779998779296875,0.0,0.0,4.861311435699463,0.0,0.0,False,14.0,0.11364278197288513,0.07164646685123444,0.005227863788604736,0.006899185478687286,0.01968221925199032,-0.000702173332683742,0.9998060464859009,-0.026078762486577034,0.0024715352337807417,-0.9996564388275146,0.026078734546899796,-0.002471446990966797,0.9996567964553833,0.38052162528038025,0.9999521374702454,0.0,-0.009780587628483772,-0.0003480909508652985,0.9999141097068787,-5.9594138292595744e-05,-0.013040575198829174,-0.0012350964825600386,0.7079194188117981,0.009178905747830868,-0.009263230487704277,0.7061727643013
gate_f5_freeform_pose_coupling_probe,93,4.650014877319336,5.7779998779296875,0.0,0.0,5.07356595993042,0.0,0.0,False,14.0,0.1142767071723938,0.0716470330953598,0.004621297121047974,0.006299186497926712,0.020287184044718742,-0.0005360884824767709,0.999794065952301,-0.026700638234615326,0.0023060680832713842,-0.999640703201294,0.026700574904680252,-0.002306222915649414,0.9996407628059387,0.381548672914505,0.9999490976333618,0.0,-0.010084443725645542,-0.00026573383365757763,0.9999101758003235,-5.942499774391763e-05,-0.01335158757865429,-0.0011523441644385457,0.707858145236969,0.009398947469890118,-0.009483003057539463,0.7062283754348755
gate_f5_freeform_pose_coupling_probe,94,4.700014114379883,5.7779998779296875,0.0,0.0,5.28581428527832,0.0,0.0,False,14.0,0.11491084098815918,0.0716475248336792,0.004015058279037476,0.005699187517166138,0.02088819444179535,-0.0003690906160045415,0.9997817277908325,-0.027317944914102554,0.002140187658369541,-0.999624490737915,0.027317937463521957,-0.0021401643753051758,0.9996244311332703,0.3835945427417755,0.9999460577964783,0.0,-0.010386329144239426,-0.00018296419875696301,0.9999061226844788,-5.910223626415245e-05,-0.013660318218171597,-0.0010693868389353156,0.707796573638916,0.009617496281862259,-0.009701106697320938,0.7062841653823853
gate_f5_freeform_pose_coupling_probe,95,4.75001335144043,5.7779998779296875,0.0,0.0,5.4981279373168945,0.0,0.0,False,14.0,0.11554458737373352,0.07164809852838516,0.003408282995223999,0.005099188536405563,0.021484127268195152,-0.00020132346253376454,0.9997691512107849,-0.027932588011026382,0.001973459031432867,-0.9996078014373779,0.027932533994317055,-0.0019735097885131836,0.9996079206466675,0.3825729787349701,0.9999428987503052,0.0,-0.010685943998396397,-9.978849266190082e-05,0.9999019503593445,-5.82514658162836e-05,-0.013967721723020077,-0.0009860125137493014,0.7077347040176392,0.009835422970354557,-0.009917878545820713,0.7063402533531189
gate_f5_freeform_pose_coupling_probe,96,4.800012588500977,5.7779998779296875,0.0,0.0,5.710290908813477,0.0,0.0,False,14.0,0.11617845296859741,0.07164883613586426,0.002802252769470215,0.004499189555644989,0.022074878215789795,-3.2654737879056484e-05,0.9997563362121582,-0.028542309999465942,0.0018055445980280638,-0.9995906352996826,0.028542278334498405,-0.0018057823181152344,0.9995909929275513,0.3835945427417755,0.9999396800994873,0.0,-0.01098298467695713,-1.6213156413869e-05,0.9998976588249207,-5.779655839432962e-05,-0.014272667467594147,-0.000902039697393775,0.7076723575592041,0.010051393881440163,-0.01013318169862032,0.7063966393470764
gate_f5_freeform_pose_coupling_probe,97,4.850011825561523,5.7779998779296875,0.0,0.0,5.922562599182129,0.0,0.0,False,14.0,0.11681234836578369,0.07164938747882843,0.0021956562995910645,0.0038991905748844147,0.022659657523036003,0.00013681953714694828,0.9997432231903076,-0.029147014021873474,0.00163752818480134,-0.9995739459991455,0.029146987944841385,-0.0016374588012695312,0.9995738863945007,0.38461336493492126,0.9999364018440247,0.0,-0.011277143843472004,6.775545625714585e-05,0.9998934864997864,-5.7351848226971924e-05,-0.014575106091797352,-0.0008180153090506792,0.7076098322868347,0.010265566408634186,-0.010346728377044201,0.7064530849456787
gate_f5_freeform_pose_coupling_probe,98,4.90001106262207,5.7779998779296875,0.0,0.0,6.134911060333252,0.0,0.0,False,14.0,0.11744621396064758,0.07164984941482544,0.001588970422744751,0.0032991915941238403,0.023237816989421844,0.000307087175315246,0.9997299313545227,-0.029747257009148598,0.001468040980398655,-0.999556303024292,0.02974717691540718,-0.0014679431915283203,0.9995564222335815,0.38664302229881287,0.9999330639839172,0.0,-0.01156811136752367,0.0001521110098110512,0.999889075756073,-5.6944980315165594e-05,-0.014875320717692375,-0.0007332547102123499,0.7075468301773071,0.01047811284661293,-0.010558709502220154,0.7065098881721497
gate_f5_freeform_pose_coupling_probe,99,4.950010299682617,5.7779998779296875,1.1830919981002808,0.5915459990501404,6.3430023193359375,0.5915459990501404,1.1830919981002808,False,14.0,0.11807084083557129,0.07164660096168518,0.0010040998458862305,0.002699192613363266,0.02379951998591423,0.000475092267151922,0.9997166395187378,-0.030304936692118645,0.0012597155291587114,-0.9995396137237549,0.030304867774248123,-0.001259922981262207,0.9995399713516235,0.3856295645236969,0.999929666519165,0.0,-0.01185558456927538,0.00023684921325184405,0.9998849034309387,-4.613053170032799e-05,-0.01515424158424139,-0.0006292311009019613,0.7074687480926514,0.010571707971394062,-0.0108597157523036,0.7065821290016174
gate_f5_freeform_pose_coupling_probe,100,5.000009536743164,5.7779998779296875,5.410026550292969,4.773434638977051,6.488931655883789,4.773434638977051,5.410026550292969,False,14.0,0.11864355206489563,0.07162053883075714,0.000523686408996582,0.0021102242171764374,0.024301620200276375,0.0006264070398174226,0.9997044801712036,-0.030700234696269035,0.0008099676924757659,-0.9995282888412476,0.03070014901459217,-0.0008096694946289062,0.9995282292366028,0.3769049048423767,0.9999262690544128,0.0,-0.012139245867729187,0.0003219628124497831,0.9998820424079895,0.0002522948198020458,-0.015351824462413788,-0.0004089052672497928,0.7073050737380981,0.010558472946286201,-0.01115261111408472,0.7067415118217468
gate_f5_freeform_pose_coupling_probe,101,5.050008773803711,5.7779998779296875,5.252614974975586,5.377800464630127,6.287143707275391,5.377800464630127,5.252614974975586,False,14.0,0.11921253800392151,0.07161188125610352,0.00016489624977111816,0.00200619176030159,0.024798329919576645,0.0007800788735039532,0.9996921420097351,-0.031245587393641472,0.0004777217982336879,-0.9995113611221313,0.031245514750480652,-0.00047767162322998047,0.9995114803314209,0.3774237036705017,0.9999228119850159,0.0,-0.01241877768188715,0.0004074445168953389,0.9998777508735657,0.00042103795567527413,-0.01562460046261549,-0.00024546944769099355,0.7071818709373474,0.010580694302916527,-0.011516139842569828,0.7068586349487305
gate_f5_freeform_pose_coupling_probe,102,5.100008010864258,5.7779998779296875,5.557545185089111,5.495617866516113,6.397355079650879,5.495617866516113,5.557545185089111,False,14.0,0.11981716752052307,0.07160800695419312,-5.1587820053100586e-05,0.0018569212406873703,0.025319699198007584,0.000944886589422822,0.9996789693832397,-0.031896766275167465,0.00026311498368158937,-0.9994907379150391,0.031896717846393585,-0.0002633333206176758,0.9994912147521973,0.3820611834526062,0.9999192953109741,0.0,-0.012693865224719048,0.0004932880401611328,0.9998725652694702,0.00047152876504696906,-0.01595035009086132,-0.00013909627159591764,0.707099974155426,0.010671315714716911,-0.011886090971529484,0.7069332003593445
gate_f5_freeform_pose_coupling_probe,103,5.150007247924805,5.7779998779296875,5.668755531311035,5.702708721160889,6.374134063720703,5.702708721160889,5.668755531311035,False,14.0,0.12045249342918396,0.07159694284200668,-0.0001863539218902588,0.0018096528947353363,0.02585625648498535,0.0011179052526131272,0.9996650218963623,-0.03237147629261017,1.3820381354889832e-06,-0.9994759559631348,0.03237142413854599,-1.3113021850585938e-06,0.9994758367538452,0.37949180603027344,0.9999157786369324,0.0,-0.012964194640517235,0.0005794870085082948,0.9998688697814941,0.0004472536384128034,-0.01618785783648491,-7.932138032629155e-06,0.7069928646087646,0.010175061412155628,-0.012717957608401775,0.7070330381393433
gate_f5_freeform_pose_coupling_probe,104,5.200006484985352,5.7779998779296875,5.649949550628662,5.654068946838379,6.419346809387207,5.654068946838379,5.649949550628662,False,14.0,0.12106183171272278,0.0715993344783783,-0.0002643764019012451,0.0017654895782470703,0.02636486105620861,0.0012863441370427608,0.9996515512466431,-0.03304634988307953,-0.00015433981025125831,-0.9994539022445679,0.03304625675082207,0.00015437602996826172,0.9994538426399231,0.38866209983825684,0.9999122619628906,0.0,-0.013229451142251492,0.0006660351064056158,0.99986332654953,0.0005117036052979529,-0.016525469720363617,6.872315861983225e-05,0.7069230675697327,0.00985757540911436,-0.013512487523257732,0.7070926427841187
gate_f5_freeform_pose_coupling_probe,105,5.250005722045898,5.7779998779296875,5.908163070678711,5.737128257751465,6.4716081619262695,5.737128257751465,5.908163070678711,False,14.0,0.12155437469482422,0.0716603547334671,-0.0003077983856201172,0.0016462057828903198,0.0267851110547781,0.0014303813222795725,0.999640166759491,-0.034175969660282135,-8.622067980468273e-05,-0.9994157552719116,0.03417592495679855,8.636713027954102e-05,0.9994156956672668,0.4316007196903229,0.9999087452888489,0.0,-0.013489320874214172,0.0007529259310103953,0.9998536705970764,0.0007120526279322803,-0.017090508714318275,3.0945528123993427e-05,0.7069252133369446,0.009555647149682045,-0.014613538980484009,0.7070726752281189
gate_f5_freeform_pose_coupling_probe,106,5.300004959106445,5.7779998779296875,5.436603546142578,5.69521427154541,6.382445812225342,5.69521427154541,5.436603546142578,False,14.0,0.12214109301567078,0.07168643921613693,-0.00034180283546447754,0.0016802884638309479,0.02726401388645172,0.0015962441684678197,0.9996269941329956,-0.03485770523548126,-0.00019516462634783238,-0.999392032623291,0.03485764563083649,0.00019508600234985352,0.9993923306465149,0.4423476755619049,0.9999052286148071,0.0,-0.013743492774665356,0.0008401528466492891,0.9998477697372437,0.0006698644137941301,-0.01743156462907791,8.591861114837229e-05,0.7068679928779602,0.00915653444826603,-0.015494422055780888,0.7071165442466736
gate_f5_freeform_pose_coupling_probe,107,5.350004196166992,5.7779998779296875,5.706544876098633,5.874309062957764,6.360438823699951,5.874309062957764,5.706544876098633,False,14.0,0.12292361259460449,0.07161933183670044,-0.000370711088180542,0.0017579253762960434,0.027858560904860497,0.0018064213218167424,0.9996102452278137,-0.0347202904522419,-0.0006350056501105428,-0.9993964433670044,0.03472021967172623,0.0006349086761474609,0.9993969798088074,0.3981127440929413,0.9999016523361206,0.0,-0.013991656713187695,0.0009277092758566141,0.9998489022254944,0.0006084514316171408,-0.01736295409500599,0.0003069847007282078,0.7067282795906067,0.009799078106880188,-0.014753800816833973,0.7072634100914001
gate_f5_freeform_pose_coupling_probe,108,5.400003433227539,5.7779998779296875,6.021355152130127,5.860726356506348,6.463740348815918,5.860726356506348,6.021355152130127,False,14.0,0.12362033128738403,0.07159547507762909,-0.00037932395935058594,0.0017015468329191208,0.028381746262311935,0.001999059459194541,0.9995951652526855,-0.035001978278160095,-0.0008779259514994919,-0.9993865489959717,0.035001907497644424,0.0008777976036071777,0.9993869066238403,0.38461336493492126,0.9998981952667236,0.0,-0.014233505353331566,0.0010155885247513652,0.9998464584350586,0.0005960857961326838,-0.017503932118415833,0.0004285949398763478,0.7066490650177002,0.01032294798642397,-0.01442902535200119,0.7073417901992798
gate_f5_freeform_pose_coupling_probe,109,5.450002670288086,5.7779998779296875,7.043149948120117,6.782536506652832,6.301694393157959,6.782536506652832,7.043149948120117,False,14.0,0.12414607405662537,0.07161641120910645,-0.0003642737865447998,0.0017926562577486038,0.02877693623304367,0.0021491507068276405,0.9995835423469543,-0.03596899285912514,-0.0009368826868012547,-0.9993520975112915,0.03596894443035126,0.0009367465972900391,0.9993524551391602,0.41777849197387695,0.9998947381973267,0.0,-0.014468733221292496,0.0011037836084142327,0.9998375177383423,0.000990753062069416,-0.017987865954637527,0.00045069304178468883,0.7066261172294617,0.010905244387686253,-0.014530974440276623,0.7073538303375244
gate_f5_freeform_pose_coupling_probe,110,5.500001907348633,5.7779998779296875,6.23084831237793,6.178319931030273,6.284309387207031,6.178319931030273,6.23084831237793,False,14.0,0.12444809079170227,0.07172517478466034,-0.00023800134658813477,0.0020382720977067947,0.029026944190263748,0.002245106268674135,0.9995760917663574,-0.03806231915950775,-0.0005410578451119363,-0.9992752075195312,0.03806225210428238,0.0005412697792053223,0.9992750883102417,0.528231143951416,0.9998912811279297,0.0,-0.014697041362524033,0.0011922875419259071,0.99981689453125,0.0019474333385005593,-0.0190350990742445,0.00023350209812633693,0.7067553400993347,0.011876112781465054,-0.015041918493807316,0.7071983218193054
gate_f5_freeform_pose_coupling_probe,111,5.55000114440918,5.7779998779296875,6.39684534072876,6.215007781982422,6.278404235839844,6.215007781982422,6.39684534072876,False,14.0,0.12477800250053406,0.07182422280311584,-0.00010451674461364746,0.0021388567984104156,0.029290858656167984,0.0023474586196243763,0.9995681643486023,-0.04003865644335747,-0.00015984350466169417,-0.9991979598999023,0.040038611739873886,0.00016003847122192383,0.9991980791091919,0.6290069818496704,0.9998878836631775,0.0,-0.014918132685124874,0.001281093223951757,0.9997953176498413,0.002882480388507247,-0.020023489370942116,2.2208978407434188e-05,0.70688396692276,0.012985197827219963,-0.015331828035414219,0.7070440649986267
gate_f5_freeform_pose_coupling_probe,112,5.600000381469727,5.7779998779296875,5.355732440948486,4.504121780395508,6.69974422454834,4.504121780395508,5.355732440948486,False,14.0,0.1257694661617279,0.07173464447259903,-8.353590965270996e-05,0.0019057374447584152,0.029951537027955055,0.0026187582407146692,0.9995478987693787,-0.03897848352789879,-0.000780239119194448,-0.9992396831512451,0.038978464901447296,0.0007801055908203125,0.9992398023605347,0.5278605818748474,0.9998845458030701,0.0,-0.015131715685129166,0.0013701930874958634,0.9998082518577576,0.0018180289771407843,-0.019493624567985535,0.0003547476080711931,0.7066673040390015,0.012358973734080791,-0.015207033604383469,0.7072746157646179
gate_f5_freeform_pose_coupling_probe,113,5.649999618530273,5.7779998779296875,5.8491621017456055,5.871069431304932,6.305660247802734,5.871069431304932,5.8491621017456055,False,14.0,0.12645873427391052,0.07168707996606827,-0.0001538693904876709,0.0019318107515573502,0.030393024906516075,0.002810406032949686,0.9995340704917908,-0.03895246237516403,-0.00121597689576447,-0.9992401599884033,0.038952428847551346,0.0012158751487731934,0.9992403984069824,0.49889323115348816,0.9998813271522522,0.0,-0.015337503515183926,0.001459579449146986,0.9998086094856262,0.0016762585146352649,-0.019480925053358078,0.000575443496927619,0.7065140008926392,0.012380546890199184,-0.015166464261710644,0.7074282169342041
gate_f5_freeform_pose_coupling_probe,114,5.69999885559082,5.7779998779296875,6.411234378814697,6.3044753074646,6.281373977661133,6.3044753074646,6.411234378814697,False,14.0,0.12700840830802917,0.07170632481575012,-0.0001588761806488037,0.0019830372184515,0.030747950077056885,0.00296847615391016,0.9995227456092834,-0.039737291634082794,-0.0012921781744807959,-0.9992094039916992,0.039737194776535034,0.0012922286987304688,0.9992093443870544,0.5245137214660645,0.9998781085014343,0.0,-0.015535217709839344,0.001549244625493884,0.999800443649292,0.0019356639822944999,-0.019873788580298424,0.0006077414145693183,0.7064797878265381,0.012603510171175003,-0.015498555265367031,0.7074512243270874
gate_f5_freeform_pose_coupling_probe,115,5.749998092651367,5.7779998779296875,6.04985237121582,5.722180366516113,6.452799320220947,5.722180366516113,6.04985237121582,False,14.0,0.12791389226913452,0.07163603603839874,-0.00017058849334716797,0.001934269443154335,0.03127657622098923,0.0032226138282567263,0.9995055794715881,-0.03900182992219925,-0.0018408733885735273,-0.9992371797561646,0.039001770317554474,0.0018408894538879395,0.9992374777793884,0.4493695795536041,0.999875009059906,0.0,-0.015724582597613335,0.001639180351048708,0.9998085498809814,0.0012014330131933093,-0.019505728036165237,0.0008971736533567309,0.7062886953353882,0.012223951518535614,-0.01535677071660757,0.7076517939567566
gate_f5_freeform_pose_coupling_probe,116,5.799997329711914,5.7779998779296875,5.833800315856934,5.870125770568848,6.327275276184082,5.870125770568848,5.833800315856934,False,14.0,0.1286720633506775,0.07160097360610962,-0.00017896294593811035,0.00199827179312706,0.03169916942715645,0.0034386299084872007,0.9994915127754211,-0.038813695311546326,-0.0022319257259368896,-0.999244213104248,0.03881366178393364,0.0022316575050354004,0.9992441534996033,0.4125943183898926,0.9998720288276672,0.0,-0.015905331820249557,0.001729378243908286,0.9998106360435486,0.000909030728507787,-0.019411521032452583,0.001098525244742632,0.7061563730239868,0.012368934229016304,-0.015078580938279629,0.7077873945236206
gate_f5_freeform_pose_coupling_probe,117,5.849996566772461,5.7779998779296875,5.815110206604004,5.841833114624023,6.337795257568359,5.841833114624023,5.815110206604004,False,14.0,0.12935402989387512,0.07158096879720688,-0.0001627802848815918,0.002023758366703987,0.03206097334623337,0.0036346300039440393,0.9994792938232422,-0.03898327797651291,-0.0024997552391141653,-0.9992367029190063,0.03898322582244873,0.002499878406524658,0.9992365837097168,0.40348300337791443,0.9998691082000732,0.0,-0.016077209264039993,0.0018198295729234815,0.9998088479042053,0.0007973673637025058,-0.01949634961783886,0.0012345678405836225,0.7060648202896118,0.01265020202845335,-0.014917494729161263,0.7078769207000732
gate_f5_freeform_pose_coupling_probe,118,5.899995803833008,5.7779998779296875,5.894728660583496,5.8860883712768555,6.329941749572754,5.8860883712768555,5.894728660583496,False,14.0,0.13000980019569397,0.0715775191783905,-0.0001443326473236084,0.0020480919629335403,0.032393552362918854,0.003824623068794608,0.9994678497314453,-0.0392514243721962,-0.002708459971472621,-0.9992257356643677,0.03925134986639023,0.0027087926864624023,0.9992255568504333,0.39958450198173523,0.9998663067817688,0.0,-0.016239959746599197,0.0019105252576991916,0.9998061060905457,0.000781152572017163,-0.019630564376711845,0.001339155132882297,0.7059888243675232,0.012744051404297352,-0.015013109892606735,0.7079490423202515
gate_f5_freeform_pose_coupling_probe,119,5.949995040893555,5.7779998779296875,6.239857196807861,6.294925689697266,6.229331970214844,6.294925689697266,6.239857196807861,False,14.0,0.13057991862297058,0.07162587344646454,-0.00011241436004638672,0.0021371394395828247,0.032681357115507126,0.003992259502410889,0.999457836151123,-0.039931390434503555,-0.00269389059394598,-0.9991984367370605,0.03993133828043938,0.00269395112991333,0.9991986751556396,0.4238234758377075,0.9998636245727539,0.0,-0.01639334298670292,0.0020014557521790266,0.9997991919517517,0.000905022956430912,-0.019970908761024475,0.0013291380601003766,0.7059814929962158,0.012643862515687943,-0.015593480318784714,0.7079456448554993
gate_f5_freeform_pose_coupling_probe,120,5.999994277954102,5.7779998779296875,5.922347068786621,5.8969807624816895,6.288931846618652,5.8969807624816895,5.922347068786621,False,14.0,0.13112565875053406,0.07172863185405731,-4.225969314575195e-05,0.0022181645035743713,0.03295878693461418,0.004154408350586891,0.9994480609893799,-0.04083435609936714,-0.0024460693821310997,-0.9991626739501953,0.04083437845110893,0.0024458765983581543,0.9991629719734192,0.4618246257305145,0.9998610615730286,0.0,-0.016537126153707504,0.0020926115103065968,0.9997903108596802,0.0008170837536454201,-0.020422445610165596,0.0012066008057445288,0.7060190439224243,0.01114683412015438,-0.017725113779306412,0.7078832983970642
gate_f5_freeform_pose_coupling_probe,121,6.049993515014648,5.7779998779296875,5.904498100280762,5.529839992523193,6.445675849914551,5.529839992523193,5.904498100280762,False,14.0,0.13185572624206543,0.07167959213256836,-1.728534698486328e-05,0.002118309959769249,0.03325315937399864,0.0043652416206896305,0.9994374513626099,-0.04071231558918953,-0.002827600110322237,-0.9991663694381714,0.04071225970983505,0.002827584743499756,0.9991669058799744,0.4365592896938324,0.9998586177825928,0.0,-0.016671085730195045,0.0021839821711182594,0.9997914433479309,0.0005274341092444956,-0.020361144095659256,0.0014033535262569785,0.7058759927749634,0.010747655294835567,-0.018035566434264183,0.7080242037773132
gate_f5_freeform_pose_coupling_probe,122,6.099992752075195,5.7779998779296875,5.640117168426514,5.851132392883301,6.242105484008789,5.851132392883301,5.640117168426514,False,14.0,0.13256332278251648,0.07162369787693024,-3.668665885925293e-05,0.002199782058596611,0.03351062536239624,0.004570659250020981,0.9994279146194458,-0.04060855507850647,-0.0032522939145565033,-0.9991697072982788,0.04060850292444229,0.0032521486282348633,0.9991699457168579,0.41306832432746887,0.9998563528060913,0.0,-0.01679501123726368,0.00227555725723505,0.9997923374176025,0.00035129048046655953,-0.02030906267464161,0.0016193488845601678,0.7057232856750488,0.010581716895103455,-0.01812610775232315,0.7081766724586487
gate_f5_freeform_pose_coupling_probe,123,6.149991989135742,5.7779998779296875,5.92942476272583,5.862260341644287,6.313817024230957,5.862260341644287,5.92942476272583,False,14.0,0.13323640823364258,0.07159938663244247,-3.075599670410156e-05,0.0021807197481393814,0.03374027460813522,0.004767590668052435,0.9994192719459534,-0.040698129683732986,-0.003522686893120408,-0.9991655349731445,0.040698107331991196,0.0035224556922912598,0.999165415763855,0.4039676785469055,0.9998542070388794,0.0,-0.016908695921301842,0.0023673255927860737,0.9997913241386414,0.0003068314108531922,-0.020353849977254868,0.0017554645892232656,0.7056293487548828,0.010715081356465816,-0.018055509775877,0.7082701325416565
gate_f5_freeform_pose_coupling_probe,124,6.199991226196289,5.7779998779296875,5.925218105316162,6.279592514038086,6.117952346801758,6.279592514038086,5.925218105316162,False,14.0,0.13374805450439453,0.07165028899908066,1.1682510375976562e-05,0.0023399796336889267,0.03391949087381363,0.004918200429528952,0.999412477016449,-0.04148278012871742,-0.0034885904751718044,-0.9991328716278076,0.04148273542523384,0.0034887194633483887,0.9991329908370972,0.44190514087677,0.9998522400856018,0.0,-0.01701195351779461,0.002459275769069791,0.999782919883728,0.000739209062885493,-0.020747171714901924,0.0017293341225013137,0.7056399583816528,0.011218848638236523,-0.018107865005731583,0.7082502245903015
gate_f5_freeform_pose_coupling_probe,125,6.249990463256836,5.7779998779296875,5.762775421142578,5.8318023681640625,6.239225387573242,5.8318023681640625,5.762775421142578,False,14.0,0.13425379991531372,0.07172292470932007,0.00010749697685241699,0.0024036411195993423,0.034089673310518265,0.0050667631439864635,0.9994059205055237,-0.04239431023597717,-0.0033441425766795874,-0.9990952014923096,0.04239429160952568,0.003344118595123291,0.9990954399108887,0.4857777953147888,0.9998504519462585,0.0,-0.017104603350162506,0.0025513956788927317,0.9997730851173401,0.0011690104147419333,-0.021203892305493355,0.0016476575983688235,0.705673336982727,0.011180749163031578,-0.01879015937447548,0.7081999182701111
gate_f5_freeform_pose_coupling_probe,126,6.299989700317383,5.7779998779296875,6.025709629058838,5.996288299560547,6.205789566040039,5.996288299560547,6.025709629058838,False,14.0,0.1348395049571991,0.07172239571809769,0.0001621842384338379,0.0024531595408916473,0.034244947135448456,0.005238572601228952,0.999399721622467,-0.04285810515284538,-0.003486734814941883,-0.9990748167037964,0.042858075350522995,0.003486812114715576,0.9990750551223755,0.5047422051429749,0.9998487830162048,0.0,-0.017186477780342102,0.002643672749400139,0.9997678995132446,0.0012568471720442176,-0.021436184644699097,0.0017168238991871476,0.7056257724761963,0.011621919460594654,-0.018677642568945885,0.7082431316375732
gate_f5_freeform_pose_coupling_probe,127,6.34998893737793,5.7779998779296875,5.931957721710205,5.946821212768555,6.182074069976807,5.946821212768555,5.931957721710205,False,14.0,0.13540425896644592,0.07171055674552917,0.00021475553512573242,0.002529725432395935,0.03437381237745285,0.005404604598879814,0.999394416809082,-0.04338797181844711,-0.003642552997916937,-0.9990514516830444,0.043387897312641144,0.0036424994468688965,0.9990516304969788,0.5267473459243774,0.9998473525047302,0.0,-0.01725742407143116,0.0027360941749066114,0.999761700630188,0.0015057483687996864,-0.02170184999704361,0.0017890252638608217,0.7055861949920654,0.01259741373360157,-0.018079519271850586,0.708281397819519
gate_f5_freeform_pose_coupling_probe,128,6.399988174438477,5.7779998779296875,6.078002452850342,5.516157150268555,6.441702842712402,5.516157150268555,6.078002452850342,False,14.0,0.13627341389656067,0.07164578139781952,0.0001913607120513916,0.002294473350048065,0.03452431038022041,0.005661738570779562,0.999387800693512,-0.04243730381131172,-0.0041493563912808895,-0.9990904331207275,0.04243725910782814,0.004149198532104492,0.9990906119346619,0.46140074729919434,0.9998460412025452,0.0,-0.01731729879975319,0.0028286464512348175,0.9997720122337341,0.001078888075426221,-0.021225705742836,0.0020522461272776127,0.7054466605186462,0.013564666733145714,-0.01644379273056984,0.7084424495697021
gate_f5_freeform_pose_coupling_probe,129,6.449987411499023,5.7779998779296875,6.194994926452637,6.383353233337402,6.079501152038574,6.383353233337402,6.194994926452637,False,14.0,0.13688910007476807,0.07163207232952118,0.0001424849033355713,0.002455728128552437,0.03461504727602005,0.005843981634825468,0.9993836283683777,-0.04254202917218208,-0.004410228226333857,-0.9990849494934082,0.04254192113876343,0.0044100284576416016,0.9990850687026978,0.46140074729919434,0.9998449087142944,0.0,-0.01736597716808319,0.002921314910054207,0.9997704029083252,0.001260264660231769,-0.02127864584326744,0.0021787977311760187,0.7053585052490234,0.013823198154568672,-0.016259945929050446,0.7085294723510742
gate_f5_freeform_pose_coupling_probe,130,6.49998664855957,5.7779998779296875,5.902438163757324,5.829230308532715,6.230375289916992,5.829230308532715,5.902438163757324,False,14.0,0.13739627599716187,0.07168127596378326,0.0001932978630065918,0.0025153327733278275,0.034691717475652695,0.005992450751364231,0.9993801116943359,-0.04339682683348656,-0.004303706809878349,-0.9990487098693848,0.04339677840471268,0.004303634166717529,0.99904865026474,0.5082191824913025,0.9998440146446228,0.0,-0.017403343692421913,0.0030140855815261602,0.9997612237930298,0.0013551561860367656,-0.02170647494494915,0.002122944686561823,0.7053669095039368,0.013199394568800926,-0.017484696581959724,0.708503782749176
gate_f5_freeform_pose_coupling_probe,131,6.549985885620117,5.7779998779296875,4.969429969787598,4.876201152801514,6.4038166999816895,4.876201152801514,4.969429969787598,False,14.0,0.1381431519985199,0.0716656744480133,0.0002059638500213623,0.002431197091937065,0.03475217893719673,0.006213807035237551,0.999376654624939,-0.04302016273140907,-0.004582028836011887,-0.9990637302398682,0.043020039796829224,0.004581868648529053,0.9990637898445129,0.4821389615535736,0.9998432993888855,0.0,-0.017429297789931297,0.0031069424003362656,0.9997653365135193,0.0010621348628774285,-0.021517541259527206,0.0022686924785375595,0.7052763104438782,0.013260026462376118,-0.01715780794620514,0.7086008787155151
gate_f5_freeform_pose_coupling_probe,132,6.599985122680664,5.7779998779296875,7.020948886871338,6.567499160766602,6.195102691650391,6.567499160766602,7.020948886871338,False,14.0,0.1388816237449646,0.0716242790222168,0.0001404881477355957,0.002374935895204544,0.03477304056286812,0.006434272974729538,0.999374508857727,-0.042474545538425446,-0.005007458385080099,-0.9990849494934082,0.04247451573610306,0.005007505416870117,0.9990848898887634,0.44980478286743164,0.9998427033424377,0.0,-0.017443755641579628,0.003199869766831398,0.9997707009315491,0.0010161981917917728,-0.02124466560781002,0.0024827097076922655,0.7051490545272827,0.013877859339118004,-0.016157284379005432,0.7087390422821045
gate_f5_freeform_pose_coupling_probe,133,6.649984359741211,5.7779998779296875,5.65778923034668,5.7521748542785645,6.197400093078613,5.7521748542785645,5.65778923034668,False,14.0,0.13943493366241455,0.07168810069561005,0.00018268823623657227,0.00254657119512558,0.034796252846717834,0.00659500015899539,0.999372661113739,-0.04301898926496506,-0.00492548942565918,-0.999062180519104,0.043018948286771774,0.00492548942565918,0.999062180519104,0.4805127680301666,0.9998423457145691,0.0,-0.017446644604206085,0.003292851150035858,0.9997650384902954,0.0009682801901362836,-0.021516915410757065,0.0024424842558801174,0.7051483392715454,0.013005544431507587,-0.017409581691026688,0.7087267637252808
gate_f5_freeform_pose_coupling_probe,134,6.699983596801758,5.7779998779296875,6.002458572387695,5.889037132263184,6.216504096984863,5.889037132263184,6.002458572387695,False,14.0,0.1399717926979065,0.07167655229568481,0.0002320408821105957,0.0025496426969766617,0.034780196845531464,0.006754524074494839,0.9993721842765808,-0.04348040372133255,-0.005095105152577162,-0.999040961265564,0.043480370193719864,0.005095064640045166,0.9990413188934326,0.5078340768814087,0.9998422265052795,0.0,-0.01743791066110134,0.003385869087651372,0.9997594356536865,0.0012405099114403129,-0.021748561412096024,0.002521179849281907,0.7050773501396179,0.01289614848792553,-0.017843687906861305,0.7087885737419128
gate_f5_freeform_pose_coupling_probe,135,6.749982833862305,5.7779998779296875,6.141387939453125,6.1998395919799805,6.0963358879089355,6.1998395919799805,6.141387939453125,False,14.0,0.14045745134353638,0.07156480103731155,0.0002677738666534424,0.0026881620287895203,0.03472131863236427,0.006905201822519302,0.999373197555542,-0.0440826490521431,-0.00550762889906764,-0.9990127086639404,0.044082626700401306,0.00550764799118042,0.9990127086639404,0.5428462028503418,0.9998422265052795,0.0,-0.017417512834072113,0.003478905651718378,0.9997512102127075,0.001975235529243946,-0.022052165120840073,0.002710930770263076,0.7049519419670105,0.01417255587875843,-0.016998417675495148,0.7089096903800964
gate_f5_freeform_pose_coupling_probe,136,6.799982070922852,5.7779998779296875,4.189910411834717,5.084729194641113,6.138151168823242,5.084729194641113,4.189910411834717,False,14.0,0.14104527235031128,0.0715082585811615,0.0003255903720855713,0.002777278423309326,0.03465507924556732,0.007083631586283445,0.9993742108345032,-0.044339653104543686,-0.005766839254647493,-0.999000072479248,0.0443396270275116,0.005766630172729492,0.9990000128746033,0.5598809719085693,0.9998424649238586,0.0,-0.01738542690873146,0.003571942448616028,0.9997475147247314,0.0022188271395862103,-0.022181717678904533,0.002834917977452278,0.7048752903938293,0.01500085648149252,-0.016355913132429123,0.7089840769767761
gate_f5_freeform_pose_coupling_probe,137,6.849981307983398,5.7779998779296875,6.462143421173096,6.011381149291992,6.303238868713379,6.011381149291992,6.462143421173096,False,14.0,0.14199620485305786,0.07155720889568329,0.00028517842292785645,0.002465303987264633,0.03454725444316864,0.007362769450992346,0.9993759393692017,-0.04279159754514694,-0.006008475553244352,-0.9990657567977905,0.042791515588760376,0.006008505821228027,0.9990658164024353,0.48010537028312683,0.9998428821563721,0.0,-0.01734163984656334,0.0036649599205702543,0.9997650980949402,0.0016120423097163439,-0.021405616775155067,0.002970428904518485,0.7048426866531372,0.016397645696997643,-0.013875129632651806,0.709038257598877
gate_f5_freeform_pose_coupling_probe,138,6.899980545043945,5.7779998779296875,5.513543605804443,6.083890914916992,5.943846702575684,6.083890914916992,5.513543605804443,False,14.0,0.1423650085926056,0.0716722160577774,0.0003501474857330322,0.002859668806195259,0.034519728273153305,0.007463105488568544,0.9993761777877808,-0.04390129819512367,-0.005756376311182976,-0.9990189075469971,0.043901242315769196,0.00575631856918335,0.9990193247795105,0.5464388728141785,0.9998435378074646,0.0,-0.017286162823438644,0.003757938276976347,0.9997518658638,0.002378773409873247,-0.02196282334625721,0.002826644806191325,0.7049100399017334,0.016097962856292725,-0.014955796301364899,0.7089563012123108
gate_f5_freeform_pose_coupling_probe,139,6.949979782104492,5.7779998779296875,6.121001243591309,6.044363975524902,6.111423492431641,6.044363975524902,6.121001243591309,False,14.0,0.1427639126777649,0.07177672535181046,0.000470966100692749,0.002872718498110771,0.03447508066892624,0.007572370581328869,0.9993768930435181,-0.04506088048219681,-0.0054182629100978374,-0.998969554901123,0.04506080970168114,0.005418181419372559,0.9989696741104126,0.6186559796333313,0.9998443126678467,0.0,-0.01721901260316372,0.003850856563076377,0.9997377991676331,0.0030158606823533773,-0.022544318810105324,0.002641833620145917,0.7050125598907471,0.016118189319968224,-0.015753811225295067,0.7088366746902466
gate_f5_freeform_pose_coupling_probe,140,6.999979019165039,5.7779998779296875,6.479308605194092,5.7710371017456055,6.222517967224121,5.7710371017456055,6.479308605194092,False,14.0,0.14355701208114624,0.07173973321914673,0.0005713403224945068,0.0028857141733169556,0.03428686410188675,0.007809231523424387,0.9993815422058105,-0.044147148728370667,-0.0058426037430763245,-0.9990079402923584,0.04414713755249977,0.00584256649017334,0.9990079998970032,0.5764124989509583,0.9998453259468079,0.0,-0.017140232026576996,0.003943693358451128,0.9997488856315613,0.002472311956807971,-0.022086210548877716,0.002867418108507991,0.7048547267913818,0.015142605639994144,-0.01607913337647915,0.7090077996253967
gate_f5_freeform_pose_coupling_probe,141,7.049978256225586,5.7779998779296875,4.871837139129639,5.241354942321777,6.066727638244629,5.241354942321777,4.871837139129639,False,14.0,0.14435935020446777,0.07168323546648026,0.0006093680858612061,0.0030510984361171722,0.03405405580997467,0.008050855249166489,0.9993875622749329,-0.043322283774614334,-0.006265165749937296,-0.9990411996841431,0.04332221299409866,0.006264984607696533,0.9990416765213013,0.5403171181678772,0.9998465180397034,0.0,-0.017049871385097504,0.00403642700985074,0.999758243560791,0.00200931285507977,-0.02167258970439434,0.0030897827818989754,0.704704761505127,0.01455103699117899,-0.016084909439086914,0.7091691493988037
gate_f5_freeform_pose_coupling_probe,142,7.099977493286133,5.7779998779296875,6.075841903686523,5.90470027923584,6.1235504150390625,5.90470027923584,6.075841903686523,False,14.0,0.14492252469062805,0.0716879665851593,0.000604778528213501,0.0029067955911159515,0.033881738781929016,0.008216146379709244,0.9993920922279358,-0.04347122088074684,-0.006369813345372677,-0.9990342855453491,0.043471161276102066,0.006369829177856445,0.9990343451499939,0.5598809719085693,0.9998478293418884,0.0,-0.016948001459240913,0.004129033535718918,0.9997559189796448,0.0022917119786143303,-0.021748105064034462,0.0031358315609395504,0.7046705484390259,0.014788736589252949,-0.01595371775329113,0.7092010974884033
gate_f5_freeform_pose_coupling_probe,143,7.14997673034668,5.7779998779296875,5.513736248016357,5.231852054595947,6.27274751663208,5.231852054595947,5.513736248016357,False,14.0,0.14577016234397888,0.07164927572011948,0.0005539357662200928,0.0028106234967708588,0.03357505425810814,0.008469285443425179,0.9994003176689148,-0.042342811822891235,-0.006787232588976622,-0.9990800619125366,0.04234280437231064,0.00678706169128418,0.9990801215171814,0.5116726160049438,0.9998493790626526,0.0,-0.01683470793068409,0.004221490118652582,0.9997686743736267,0.001628741854801774,-0.021181778982281685,0.0033598938025534153,0.7045369148254395,0.014641210436820984,-0.015304305590689182,0.7093512415885925
gate_f5_freeform_pose_coupling_probe,144,7.199975967407227,5.7779998779296875,5.787418842315674,5.774661064147949,6.129533290863037,5.774661064147949,5.787418842315674,False,14.0,0.14655840396881104,0.07161946594715118,0.00047835707664489746,0.0027912314981222153,0.03325553610920906,0.00870379339903593,0.9994089603424072,-0.041363004595041275,-0.007187013980001211,-0.9991182088851929,0.041362933814525604,0.0071868896484375,0.9991183280944824,0.473126083612442,0.9998510479927063,0.0,-0.01671009324491024,0.004313771612942219,0.9997788667678833,0.0011613473761826754,-0.020690223202109337,0.003570267930626869,0.7044020295143127,0.014274599961936474,-0.014977332204580307,0.7094995975494385
gate_f5_freeform_pose_coupling_probe,145,7.249975204467773,5.7779998779296875,5.689303398132324,5.772918701171875,6.1095428466796875,5.772918701171875,5.689303398132324,False,14.0,0.1471875011920929,0.07165628671646118,0.0004621744155883789,0.002840939909219742,0.03299354761838913,0.008883514441549778,0.9994161128997803,-0.04120166599750519,-0.007255465257912874,-0.9991248846054077,0.04120156913995743,0.007255494594573975,0.9991245269775391,0.47928959131240845,0.9998529553413391,0.0,-0.016574272885918617,0.004405853804200888,0.9997806549072266,0.0010339183500036597,-0.020609082654118538,0.003607215592637658,0.7043742537498474,0.013998203910887241,-0.015137936919927597,0.7095292806625366
gate_f5_freeform_pose_coupling_probe,146,7.29997444152832,5.7779998779296875,5.861929893493652,5.892474174499512,6.099268913269043,5.892474174499512,5.861929893493652,False,14.0,0.14771854877471924,0.07171611487865448,0.00047650933265686035,0.0028760749846696854,0.03276382386684418,0.00903107039630413,0.9994223117828369,-0.04147561639547348,-0.007180169224739075,-0.9991135597229004,0.04147559404373169,0.0071800947189331055,0.9991137981414795,0.5097569823265076,0.9998549222946167,0.0,-0.016427380964159966,0.004497709684073925,0.9997774958610535,0.001308659790083766,-0.02074708789587021,0.0035637267865240574,0.7043959498405457,0.013956929557025433,-0.015372146852314472,0.7095035910606384
gate_f5_freeform_pose_coupling_probe,147,7.349973678588867,5.7779998779296875,5.904210567474365,5.884405136108398,6.102952480316162,5.884405136108398,5.904210567474365,False,14.0,0.14824196696281433,0.07178446650505066,0.0005082190036773682,0.0029072165489196777,0.03252507746219635,0.009174530394375324,0.9994288086891174,-0.041787344962358475,-0.007080736570060253,-0.9991012811660767,0.0417872853577137,0.007080793380737305,0.999101459980011,0.5442860722541809,0.9998571276664734,0.0,-0.016269564628601074,0.004589313641190529,0.9997740983963013,0.0015404386213049293,-0.020903799682855606,0.0035089601296931505,0.7044102549552917,0.013239993713796139,-0.01630379818379879,0.7094822525978088
gate_f5_freeform_pose_coupling_probe,148,7.399972915649414,5.7779998779296875,5.975466251373291,5.996007919311523,6.06290340423584,5.996007919311523,5.975466251373291,False,14.0,0.14886733889579773,0.07177549600601196,0.000531613826751709,0.0029643625020980835,0.032194361090660095,0.009356511756777763,0.9994378089904785,-0.041601527482271194,-0.00726515706628561,-0.9991074800491333,0.041601456701755524,0.007265210151672363,0.9991078972816467,0.5528469085693359,0.9998593926429749,0.0,-0.016100987792015076,0.0046806372702121735,0.9997760057449341,0.0013013172429054976,-0.020810119807720184,0.003606305690482259,0.7043144106864929,0.011834733188152313,-0.017567427828907967,0.7095720767974854
gate_f5_freeform_pose_coupling_probe,149,7.449972152709961,5.7779998779296875,4.928216457366943,5.39829158782959,6.077840805053711,5.39829158782959,4.928216457366943,False,14.0,0.14953094720840454,0.07175731658935547,0.0005793869495391846,0.0030091851949691772,0.03181847184896469,0.00955015979707241,0.9994480609893799,-0.041159145534038544,-0.007538513280451298,-0.9991239309310913,0.04115913063287735,0.007538437843322754,0.9991242289543152,0.5471546053886414,0.9998618364334106,0.0,-0.015921829268336296,0.004771653097122908,0.9997804164886475,0.0010437269229441881,-0.02058800682425499,0.003748591523617506,0.7041923999786377,0.010535812936723232,-0.018543796613812447,0.7096888422966003
gate_f5_freeform_pose_coupling_probe,150,7.499971389770508,5.7779998779296875,5.864327430725098,6.175959587097168,5.907296180725098,6.175959587097168,5.864327430725098,False,14.0,0.15033408999443054,0.07165174931287766,0.0006473064422607422,0.003166487440466881,0.0313093475997448,0.00979518610984087,0.9994617700576782,-0.03986627981066704,-0.00822864193469286,-0.9991710186004639,0.03986625373363495,0.008228480815887451,0.9991713166236877,0.49771520495414734,0.999864399433136,0.0,-0.015732282772660255,0.004862331785261631,0.9997923374176025,0.0008877182845026255,-0.019940918311476707,0.004097469616681337,0.7039833664894104,0.01104779727756977,-0.017122479155659676,0.7099241614341736
gate_f5_freeform_pose_coupling_probe,151,7.549970626831055,5.7779998779296875,5.313761234283447,4.954133987426758,6.34339714050293,4.954133987426758,5.313761234283447,False,14.0,0.15108847618103027,0.07160870730876923,0.0006282925605773926,0.0029319990426301956,0.030817847698926926,0.010017039254307747,0.999474823474884,-0.039108164608478546,-0.008489282801747322,-0.9991984367370605,0.03910810500383377,0.00848931074142456,0.9991989135742188,0.48335492610931396,0.9998670816421509,0.0,-0.015532555058598518,0.004952643997967243,0.9997991919517517,0.0008936762460507452,-0.01956178992986679,0.004228008445352316,0.703945517539978,0.012952541001141071,-0.01469916757196188,0.7099837064743042
gate_f5_freeform_pose_coupling_probe,152,7.599969863891602,5.7779998779296875,10.977978706359863,9.689489364624023,5.856721878051758,9.689489364624023,10.977978706359863,False,14.0,0.15156769752502441,0.07161536812782288,0.0006007254123687744,0.0029788892716169357,0.030500836670398712,0.010152583010494709,0.9994831681251526,-0.039051901549100876,-0.008688705042004585,-0.9991989135742188,0.0390518456697464,0.008688569068908691,0.999199390411377,0.49732187390327454,0.9998698830604553,0.0,-0.015322867780923843,0.005042559001594782,0.9997985363006592,0.0015402171993628144,-0.01953653246164322,0.004315131343901157,0.703900933265686,0.014236418530344963,-0.013386624865233898,0.7100293040275574
gate_f5_freeform_pose_coupling_probe,153,7.649969100952148,5.7779998779296875,5.202489852905273,6.0043463706970215,5.736536979675293,6.0043463706970215,5.202489852905273,False,14.0,0.1519078016281128,0.07170003652572632,0.0007980465888977051,0.0035252906382083893,0.03029174916446209,0.010236777365207672,0.9994886517524719,-0.04003166779875755,-0.008436447940766811,-0.9991626739501953,0.040031567215919495,0.008436381816864014,0.9991628527641296,0.567862331867218,0.9998727440834045,0.0,-0.015103456564247608,0.005132046528160572,0.9997875094413757,0.0025054181460291147,-0.020030535757541656,0.004168924875557423,0.7040155529975891,0.01633431948721409,-0.011996372602880001,0.7098953723907471
gate_f5_freeform_pose_coupling_probe,154,7.699968338012695,5.7779998779296875,6.594659328460693,6.485996246337891,5.860915184020996,6.485996246337891,6.594659328460693,False,14.0,0.1523226499557495,0.07175801694393158,0.0009732842445373535,0.0035599544644355774,0.030016323551535606,0.010345442220568657,0.9994958639144897,-0.0408293791115284,-0.008201539516448975,-0.999132513999939,0.0408293753862381,0.0082014799118042,0.999132513999939,0.6318005323410034,0.9998757243156433,0.0,-0.014874570071697235,0.0052210744470357895,0.9997774362564087,0.003368849167600274,-0.02043282240629196,0.004032832570374012,0.7041217684745789,0.01833566464483738,-0.01057274080812931,0.709763765335083
gate_f5_freeform_pose_coupling_probe,155,7.749967575073242,5.7779998779296875,6.552947521209717,6.104703903198242,5.959013938903809,6.104703903198242,6.552947521209717,False,14.0,0.1529933512210846,0.07176072895526886,0.0010960698127746582,0.0035951361060142517,0.029528407379984856,0.010533474385738373,0.9995084404945374,-0.040324386209249496,-0.008369335904717445,-0.9991512298583984,0.04032432287931442,0.0083693265914917,0.9991515278816223,0.6314907670021057,0.9998787641525269,0.0,-0.014636470004916191,0.005309610161930323,0.9997826218605042,0.0032121529802680016,-0.020179815590381622,0.004120743367820978,0.7040567398071289,0.017618484795093536,-0.010928853414952755,0.7098409533500671
gate_f5_freeform_pose_coupling_probe,156,7.799966812133789,5.7779998779296875,2.1453700065612793,4.076613426208496,5.823361396789551,4.076613426208496,2.1453700065612793,False,14.0,0.15378323197364807,0.0717477798461914,0.001150369644165039,0.0037566497921943665,0.02892327308654785,0.010755849070847034,0.9995237588882446,-0.03931984305381775,-0.008647147566080093,-0.999189019203186,0.039319828152656555,0.00864720344543457,0.9991891384124756,0.609093427658081,0.9998819231987,0.0,-0.014389431104063988,0.00539762107655406,0.9997938871383667,0.0025873284321278334,-0.019675033167004585,0.004273549187928438,0.7039499878883362,0.016393179073929787,-0.01143704168498516,0.7099681496620178
gate_f5_freeform_pose_coupling_probe,157,7.849966049194336,5.7779998779296875,5.772252082824707,4.922704696655273,6.3470048904418945,4.922704696655273,5.772252082824707,False,14.0,0.1547483205795288,0.07165525108575821,0.0009815990924835205,0.0031632594764232635,0.028126202523708344,0.011037212796509266,0.9995434284210205,-0.0374775193631649,-0.009190261363983154,-0.9992550611495972,0.03747747093439102,0.009190022945404053,0.999255359172821,0.5453635454177856,0.999885082244873,0.0,-0.014133739285171032,0.005485073197633028,0.9998123645782471,0.0016626367578282952,-0.018749868497252464,0.004564812872558832,0.7037572860717773,0.015090500004589558,-0.0114317387342453,0.7101882696151733
gate_f5_freeform_pose_coupling_probe,158,7.899965286254883,5.7779998779296875,5.780410289764404,5.707942008972168,6.052128314971924,5.707942008972168,5.780410289764404,False,14.0,0.1552777886390686,0.07165408134460449,0.0008082091808319092,0.003063710406422615,0.02768624573945999,0.011182742193341255,0.9995540976524353,-0.03707912564277649,-0.009441566653549671,-0.9992676973342896,0.037079066038131714,0.009441375732421875,0.9992678165435791,0.5475120544433594,0.9998883008956909,0.0,-0.013869690708816051,0.005571932997554541,0.9998151659965515,0.0018736132187768817,-0.018551772460341454,0.004686890635639429,0.7036548852920532,0.014021508395671844,-0.012210681103169918,0.7102986574172974
gate_f5_freeform_pose_coupling_probe,159,7.94996452331543,5.7779998779296875,4.778794288635254,5.439935207366943,5.993322849273682,5.439935207366943,4.778794288635254,False,14.0,0.1558929979801178,0.07166004925966263,0.0006978213787078857,0.0030873380601406097,0.02716299332678318,0.011349506676197052,0.9995666146278381,-0.03657345473766327,-0.009628226980566978,-0.9992843866348267,0.03657345473766327,0.0096282958984375,0.9992845058441162,0.5489398241043091,0.9998915195465088,0.0,-0.013597595505416393,0.005658164620399475,0.999819278717041,0.0018906702753156424,-0.018299071118235588,0.004780379589647055,0.703580915927887,0.013229789212346077,-0.012639019638299942,0.7103795409202576
gate_f5_freeform_pose_coupling_probe,160,7.999963760375977,5.7779998779296875,5.911953926086426,5.817367076873779,6.112789630889893,5.817367076873779,5.911953926086426,False,14.0,0.15658918023109436,0.07169651240110397,0.0006115436553955078,0.0029813069850206375,0.02656131237745285,0.011531840078532696,0.9995806813240051,-0.03585239499807358,-0.00968672800809145,-0.9993101358413696,0.03585232049226761,0.009686768054962158,0.9993100762367249,0.543206512928009,0.9998947978019714,0.0,-0.013317771255970001,0.005743734072893858,0.999826192855835,0.0016305806348100305,-0.01793716661632061,0.004814952611923218,0.7035797834396362,0.013873555697500706,-0.01149373035877943,0.7103878259658813
gate_f5_freeform_pose_coupling_probe,161,8.049962997436523,5.7779998779296875,6.467754364013672,6.598090171813965,5.879385948181152,6.598090171813965,6.467754364013672,False,14.0,0.15706607699394226,0.07179723680019379,0.0006133019924163818,0.003170425072312355,0.02615894377231598,0.01164347492158413,0.9995899796485901,-0.03610346466302872,-0.009484539739787579,-0.9993026256561279,0.03610341250896454,0.009484529495239258,0.9993031024932861,0.5828266739845276,0.9998981356620789,0.0,-0.013030546717345715,0.005828604102134705,0.999823808670044,0.0019169984152540565,-0.018063941970467567,0.004708471242338419,0.7036321759223938,0.012905530631542206,-0.012629198841750622,0.7103349566459656
gate_f5_freeform_pose_coupling_probe,162,8.09996223449707,5.7779998779296875,5.75508975982666,5.784625053405762,6.033746719360352,5.784625053405762,5.75508975982666,False,14.0,0.1575251817703247,0.07192181050777435,0.0007030665874481201,0.0032859090715646744,0.02577093243598938,0.011745596304535866,0.9995988607406616,-0.036700572818517685,-0.009076022543013096,-0.9992849826812744,0.03670047968626022,0.009076237678527832,0.9992849826812744,0.6452838182449341,0.9999014139175415,0.0,-0.012736259028315544,0.00591273931786418,0.9998190402984619,0.0020941763650625944,-0.01836303435266018,0.0045003704726696014,0.7037336230278015,0.011077489703893661,-0.014861038886010647,0.7102220058441162
gate_f5_freeform_pose_coupling_probe,163,8.149961471557617,5.7779998779296875,6.352378845214844,5.388753890991211,6.298340797424316,5.388753890991211,6.352378845214844,False,14.0,0.1583424210548401,0.0718378871679306,0.0007457137107849121,0.003127003088593483,0.02498147264122963,0.011974639259278774,0.9996162056922913,-0.03525328263640404,-0.009654106572270393,-0.9993318319320679,0.03525322303175926,0.009653925895690918,0.9993318915367126,0.6032831072807312,0.9999046921730042,0.0,-0.012435254640877247,0.005996102001518011,0.9998317360877991,0.0015573068521916866,-0.017637083306908607,0.004800394643098116,0.7035225629806519,0.009772042743861675,-0.015133845619857311,0.7104446291923523
gate_f5_freeform_pose_coupling_probe,164,8.199960708618164,5.7779998779296875,5.2320685386657715,5.589391708374023,5.959280967712402,5.589391708374023,5.2320685386657715,False,14.0,0.1592339277267456,0.07167942076921463,0.0007359981536865234,0.003308640792965889,0.024079343304038048,0.012232371605932713,0.9996352195739746,-0.033293887972831726,-0.010526331141591072,-0.9993900060653687,0.033293839544057846,0.01052635908126831,0.9993903040885925,0.5363187193870544,0.9999079704284668,0.0,-0.012127888388931751,0.006078655831515789,0.9998469352722168,0.0010426221415400505,-0.01665496453642845,0.005246603861451149,0.703234851360321,0.009466144256293774,-0.014055458828806877,0.7107557058334351
gate_f5_freeform_pose_coupling_probe,165,8.249959945678711,5.7779998779296875,6.026194095611572,6.010350227355957,6.000762939453125,6.010350227355957,6.026194095611572,False,14.0,0.15997645258903503,0.07162395119667053,0.0007563233375549316,0.003290768712759018,0.02333046682178974,0.012431951239705086,0.9996504783630371,-0.03218777850270271,-0.01093299500644207,-0.9994218349456787,0.032187722623348236,0.01093292236328125,0.9994221329689026,0.5147228240966797,0.9999112486839294,0.0,-0.011814519762992859,0.0061603630892932415,0.999855101108551,0.0008172797388397157,-0.016100680455565453,0.005454129073768854,0.7031007409095764,0.009215589612722397,-0.013524191454052925,0.7109019756317139
gate_f5_freeform_pose_coupling_probe,166,8.299959182739258,5.7779998779296875,5.4136962890625,5.279346466064453,6.175246238708496,5.279346466064453,5.4136962890625,False,14.0,0.16036108136177063,0.07168850302696228,0.0007480084896087646,0.0031911656260490417,0.022960292175412178,0.0125191705301404,0.9996579885482788,-0.032775990664958954,-0.010671662166714668,-0.9994055032730103,0.03277598321437836,0.010671675205230713,0.9994056224822998,0.573349118232727,0.9999144673347473,0.0,-0.011495518498122692,0.006241185124963522,0.9998499155044556,0.0017045940039679408,-0.016399504616856575,0.0053086732514202595,0.7032229900360107,0.01127714104950428,-0.011899101547896862,0.7107802629470825
gate_f5_freeform_pose_coupling_probe,167,8.349958419799805,5.7779998779296875,6.081185340881348,5.99507474899292,6.033068656921387,5.99507474899292,6.081185340881348,False,14.0,0.16068461537361145,0.07176823914051056,0.0007172524929046631,0.0031450949609279633,0.022652126848697662,0.012587916105985641,0.9996641278266907,-0.03340062499046326,-0.010420904494822025,-0.9993878602981567,0.03340057656168938,0.01042085886001587,0.9993876218795776,0.6290069818496704,0.9999176263809204,0.0,-0.011171255260705948,0.006321084685623646,0.9998432397842407,0.0027198113966733217,-0.016716983169317245,0.005165794864296913,0.7033419609069824,0.01365799829363823,-0.009982469491660595,0.7106502652168274
gate_f5_freeform_pose_coupling_probe,168,8.399957656860352,5.7779998779296875,6.113563060760498,6.137089252471924,5.960262298583984,6.137089252471924,6.113563060760498,False,14.0,0.16103985905647278,0.07183799147605896,0.0007229149341583252,0.00325879268348217,0.02230599895119667,0.012665768153965473,0.9996709823608398,-0.03405188396573067,-0.010205070488154888,-0.9993679523468018,0.03405182063579559,0.010204970836639404,0.9993680119514465,0.68756502866745,0.9999207258224487,0.0,-0.010842110961675644,0.006400022190064192,0.9998345375061035,0.0038566829171031713,-0.017048191279172897,0.005037619266659021,0.7034311294555664,0.015048720873892307,-0.009063689038157463,0.7105463147163391
gate_f5_freeform_pose_coupling_probe,169,8.449956893920898,5.7779998779296875,6.61883544921875,6.933346748352051,5.749782562255859,6.933346748352051,6.61883544921875,False,14.0,0.16220667958259583,0.0716928169131279,0.0007637441158294678,0.0034000687301158905,0.02105538919568062,0.012977230362594128,0.9996941089630127,-0.030849240720272064,-0.011226179078221321,-0.9994609355926514,0.030849168077111244,0.011226117610931396,0.9994610548019409,0.5699260234832764,0.999923825263977,0.0,-0.010508467443287373,0.0064779589883983135,0.9998629093170166,0.0021586192306131124,-0.015438783913850784,0.005580528173595667,0.7030559778213501,0.011864575557410717,-0.009962678886950016,0.7109657526016235
gate_f5_freeform_pose_coupling_probe,170,8.499956130981445,5.7779998779296875,5.248517036437988,4.610197067260742,6.461569309234619,4.610197067260742,5.248517036437988,False,14.0,0.16312530636787415,0.07161801308393478,0.0006659328937530518,0.0030244793742895126,0.020061476156115532,0.013210723176598549,0.9997114539146423,-0.029312336817383766,-0.011576121672987938,-0.999503493309021,0.029312286525964737,0.011576056480407715,0.9995032548904419,0.5385033488273621,0.9999268054962158,0.0,-0.0101707112044096,0.006554856896400452,0.9998748898506165,0.0014013387262821198,-0.014666086062788963,0.005768230650573969,0.7029452323913574,0.011804230511188507,-0.008941790089011192,0.7110897898674011
gate_f5_freeform_pose_coupling_probe,171,8.549955368041992,5.7779998779296875,6.09868860244751,6.1555891036987305,6.020315170288086,6.1555891036987305,6.09868860244751,False,14.0,0.16368308663368225,0.07161608338356018,0.0005349218845367432,0.003046758472919464,0.019461095333099365,0.013343233615159988,0.9997215867042542,-0.028821371495723724,-0.011756930500268936,-0.9995154142379761,0.028821304440498352,0.011757075786590576,0.9995154142379761,0.5442860722541809,0.9999297261238098,0.0,-0.009829233400523663,0.006630676332861185,0.9998776316642761,0.0015539268497377634,-0.014421551488339901,0.00585677195340395,0.7028728127479553,0.010835275053977966,-0.009554456919431686,0.7111688256263733
gate_f5_freeform_pose_coupling_probe,172,8.599954605102539,5.7779998779296875,5.660225868225098,5.667703151702881,6.138587951660156,5.667703151702881,5.660225868225098,False,14.0,0.16422751545906067,0.0716366171836853,0.0004993677139282227,0.003074798732995987,0.01887545920908451,0.013467357493937016,0.9997311234474182,-0.02866063266992569,-0.011767643503844738,-0.9995198249816895,0.02866060845553875,0.01176750659942627,0.9995200037956238,0.568895161151886,0.9999325275421143,0.0,-0.009484424255788326,0.006705377716571093,0.9998786449432373,0.0016149403527379036,-0.014341522939503193,0.00586137268692255,0.7028487324714661,0.009309225715696812,-0.010949649848043919,0.7111941576004028
gate_f5_freeform_pose_coupling_probe,173,8.649953842163086,5.7779998779296875,6.078707695007324,5.783519744873047,6.2279229164123535,5.783519744873047,6.078707695007324,False,14.0,0.1649360954761505,0.07164499163627625,0.0004602670669555664,0.0029567647725343704,0.018102528527379036,0.01362914964556694,0.9997432231903076,-0.027722392231225967,-0.01193142868578434,-0.9995440244674683,0.0277223140001297,0.011931359767913818,0.9995445013046265,0.5595313310623169,0.9999352693557739,0.0,-0.009136677719652653,0.006778922397643328,0.9998852610588074,0.0012216035975143313,-0.0138700557872653,0.005949453450739384,0.7027868032455444,0.008406371809542179,-0.011181897483766079,0.7112630009651184
gate_f5_freeform_pose_coupling_probe,174,8.699953079223633,5.7779998779296875,5.588139057159424,5.735358238220215,6.124997138977051,5.735358238220215,5.588139057159424,False,14.0,0.1655464470386505,0.07169772684574127,0.00043386220932006836,0.0029924847185611725,0.01744190603494644,0.013759265653789043,0.9997531771659851,-0.027170471847057343,-0.011942487210035324,-0.9995590448379517,0.027170388028025627,0.011942386627197266,0.9995595216751099,0.566827654838562,0.9999379515647888,0.0,-0.008786387741565704,0.006851270794868469,0.9998891949653625,0.0010633423225954175,-0.013593076728284359,0.005957449786365032,0.7027764320373535,0.007611767388880253,-0.011578944511711597,0.7112758159637451
gate_f5_freeform_pose_coupling_probe,175,8.74995231628418,5.7779998779296875,5.719402313232422,5.575155735015869,6.247773170471191,5.575155735015869,5.719402313232422,False,14.0,0.16608664393424988,0.07176148146390915,0.00041031837463378906,0.0028591565787792206,0.016857406124472618,0.013870181515812874,0.999761700630188,-0.02689770609140396,-0.011850958690047264,-0.9995678663253784,0.02689766138792038,0.011850535869598389,0.9995681047439575,0.5858404636383057,0.9999404549598694,0.0,-0.008433949202299118,0.006922383792698383,0.9998912811279297,0.001174612669274211,-0.013457258231937885,0.0059103150852024555,0.7028124332427979,0.007623868528753519,-0.01137540116906166,0.7112435102462769
gate_f5_freeform_pose_coupling_probe,176,8.799951553344727,5.7779998779296875,5.52545166015625,5.6950154304504395,6.153073310852051,5.6950154304504395,5.52545166015625,False,14.0,0.16660338640213013,0.07182186096906662,0.0003796219825744629,0.0028503257781267166,0.016295352950692177,0.013974909670650959,0.9997695684432983,-0.026674306020140648,-0.01178748719394207,-0.9995745420455933,0.026674263179302216,0.01178741455078125,0.9995747208595276,0.6074849963188171,0.9999428987503052,0.0,-0.008079755119979382,0.0069922227412462234,0.9998927116394043,0.001360334805212915,-0.013346578925848007,0.005876218434423208,0.7028323411941528,0.0073060994036495686,-0.011532459408044815,0.7112245559692383
gate_f5_freeform_pose_coupling_probe,177,8.849950790405273,5.7779998779296875,6.775146961212158,7.346747398376465,5.744838714599609,7.346747398376465,6.775146961212158,False,14.0,0.16710785031318665,0.07159861922264099,0.0004391968250274658,0.00327439047396183,0.01568399742245674,0.014115799218416214,0.9997773766517639,-0.02630618028342724,-0.012606244534254074,-0.9995744228363037,0.026306139305233955,0.012606322765350342,0.9995744228363037,0.614848792552948,0.9999452233314514,0.0,-0.007724197115749121,0.0070607480593025684,0.9998912811279297,0.002147860359400511,-0.013168000616133213,0.006275521591305733,0.7025507092475891,0.007659005466848612,-0.010923593305051327,0.711508572101593
gate_f5_freeform_pose_coupling_probe,178,8.89995002746582,5.7779998779296875,6.254090785980225,5.951833724975586,6.133274078369141,5.951833724975586,6.254090785980225,False,14.0,0.16764041781425476,0.07146550714969635,0.0005669593811035156,0.003356512635946274,0.015060405246913433,0.014247198589146137,0.9997850656509399,-0.02644047886133194,-0.01292230561375618,-0.9995667934417725,0.026440424844622612,0.012922346591949463,0.9995668530464172,0.6564077734947205,0.9999474287033081,0.0,-0.007367666345089674,0.007127921096980572,0.9998885989189148,0.0024918136186897755,-0.013237733393907547,0.006428882945328951,0.702441930770874,0.007995560765266418,-0.010685252025723457,0.7116159200668335
gate_f5_freeform_pose_coupling_probe,179,8.949949264526367,5.7779998779296875,7.20405912399292,6.8262434005737305,6.055188179016113,6.8262434005737305,7.20405912399292,False,14.0,0.1686861515045166,0.07153551280498505,0.0005676448345184326,0.0031584836542606354,0.013902914710342884,0.014452658593654633,0.9997988939285278,-0.02390448749065399,-0.013082936406135559,-0.9996283054351807,0.02390441484749317,0.013083159923553467,0.9996285438537598,0.5791218280792236,0.99994957447052,0.0,-0.007010549306869507,0.007193703670054674,0.9999062418937683,0.0012819221010431647,-0.011961732059717178,0.006526745855808258,0.7023892998695374,0.00650088582187891,-0.010378226637840271,0.7116875648498535
gate_f5_freeform_pose_coupling_probe,180,8.999948501586914,5.7779998779296875,5.332090854644775,5.102574348449707,6.288532257080078,5.102574348449707,5.332090854644775,False,14.0,0.16919898986816406,0.07165133208036423,0.0005604326725006104,0.003108726814389229,0.013350529596209526,0.014540188014507294,0.9998051524162292,-0.023812023922801018,-0.012753987684845924,-0.9996347427368164,0.023811981081962585,0.012753665447235107,0.9996352195739746,0.6074849963188171,0.9999515414237976,0.0,-0.006653230171650648,0.007258057594299316,0.9999071359634399,0.0017534682992845774,-0.01191826444119215,0.006356685888022184,0.7025120854377747,0.0068232351914048195,-0.009995638392865658,0.7115689516067505
gate_f5_freeform_pose_coupling_probe,181,9.049947738647461,5.7779998779296875,6.099008083343506,5.991703987121582,6.103633880615234,5.991703987121582,6.099008083343506,False,14.0,0.1695634126663208,0.07172803580760956,0.0005405247211456299,0.0030383244156837463,0.012956504710018635,0.01460239663720131,0.9998094439506531,-0.024113494902849197,-0.012562639079988003,-0.9996300935745239,0.024113427847623825,0.012562572956085205,0.9996303915977478,0.649213969707489,0.9999533891677856,0.0,-0.006296087987720966,0.007320944685488939,0.999904453754425,0.0024813939817249775,-0.012073415331542492,0.0062519581988453865,0.7025957107543945,0.008217894472181797,-0.008830598555505276,0.7114870548248291
gate_f5_freeform_pose_coupling_probe,182,9.099946975708008,5.7779998779296875,7.011523723602295,6.336566925048828,6.098697185516357,6.336566925048828,7.011523723602295,False,14.0,0.17022040486335754,0.07173310965299606,0.0005542337894439697,0.003120284527540207,0.012220269069075584,0.014729390852153301,0.9998168349266052,-0.02318572625517845,-0.012757173739373684,-0.9996492862701416,0.02318568155169487,0.012757062911987305,0.9996497631072998,0.6382712721824646,0.9999551177024841,0.0,-0.005939498543739319,0.0073823281563818455,0.9999093413352966,0.0024457380641251802,-0.011609448119997978,0.006350768730044365,0.7025331854820251,0.008113174699246883,-0.00828193686902523,0.7115565538406372
gate_f5_freeform_pose_coupling_probe,183,9.149946212768555,5.7779998779296875,4.070373058319092,4.672823905944824,6.134342193603516,4.672823905944824,4.070373058319092,False,14.0,0.17115867137908936,0.07166362553834915,0.0005616247653961182,0.003342248499393463,0.011157539673149586,0.014914015308022499,0.9998265504837036,-0.02147485874593258,-0.013162355870008469,-0.9996825456619263,0.021474793553352356,0.013162195682525635,0.9996827840805054,0.5993782877922058,0.9999567270278931,0.0,-0.005583830643445253,0.007442170288413763,0.9999191164970398,0.0017479558009654284,-0.010749771259725094,0.0065629188902676105,0.7023872137069702,0.006742654833942652,-0.008432388305664062,0.7117131948471069
gate_f5_freeform_pose_coupling_probe,184,9.199945449829102,5.7779998779296875,5.402119159698486,5.491628646850586,6.224930763244629,5.491628646850586,5.402119159698486,False,14.0,0.17172986268997192,0.07168148458003998,0.00048279762268066406,0.003022482618689537,0.010524452663958073,0.015015754848718643,0.9998318552970886,-0.0211589764803648,-0.013108059763908386,-0.999690055847168,0.02115890011191368,0.013108134269714355,0.9996902346611023,0.6189721822738647,0.9999582171440125,0.0,-0.00522944750264287,0.007500435225665569,0.9999207258224487,0.001896396977826953,-0.010592720471322536,0.006534459535032511,0.7024017572402954,0.006131341680884361,-0.008813808672130108,0.7116997241973877
gate_f5_freeform_pose_coupling_probe,185,9.249944686889648,5.7779998779296875,6.473627090454102,6.024530410766602,6.2146759033203125,6.024530410766602,6.473627090454102,False,14.0,0.17246374487876892,0.07166752219200134,0.00039002299308776855,0.002945512533187866,0.009708269499242306,0.015146741643548012,0.9998381733894348,-0.01991925574839115,-0.013348649255931377,-0.9997124671936035,0.019919179379940033,0.013348698616027832,0.9997124075889587,0.59446120262146,0.9999595284461975,0.0,-0.004876705817878246,0.0075570871122181416,0.9999270439147949,0.0014560624258592725,-0.009970053099095821,0.006660293322056532,0.702323317527771,0.00584702892228961,-0.008223090320825577,0.7117865085601807
gate_f5_freeform_pose_coupling_probe,186,9.299943923950195,5.7779998779296875,5.242226600646973,5.387577056884766,6.2166428565979,5.387577056884766,5.242226600646973,False,14.0,0.17326396703720093,0.07163703441619873,0.0003209710121154785,0.002999458461999893,0.008822093717753887,0.0152857955545187,0.9998442530632019,-0.018573211506009102,-0.013628873974084854,-0.9997345209121704,0.01857319101691246,0.013628840446472168,0.9997344613075256,0.5675176382064819,0.9999607801437378,0.0,-0.004525955766439438,0.007612090557813644,0.999933123588562,0.0009912780951708555,-0.009293973445892334,0.006805678829550743,0.7022362947463989,0.006073004100471735,-0.007054406683892012,0.711883008480072
gate_f5_freeform_pose_coupling_probe,187,9.349943161010742,5.7779998779296875,5.553821563720703,5.7067413330078125,6.196821212768555,5.7067413330078125,5.553821563720703,False,14.0,0.17392441630363464,0.0716417133808136,0.00027230381965637207,0.0029460228979587555,0.00810156762599945,0.015393308363854885,0.9998487234115601,-0.017790084704756737,-0.01373803336173296,-0.9997473955154419,0.017790036275982857,0.01373821496963501,0.9997473359107971,0.5630174875259399,0.9999619126319885,0.0,-0.004177538678050041,0.007665411103516817,0.9999364018440247,0.000947107735555619,-0.008902106434106827,0.006861021742224693,0.7022047638893127,0.006305567920207977,-0.00627489248290658,0.7119194865226746
gate_f5_freeform_pose_coupling_probe,188,9.399942398071289,5.7779998779296875,5.809466361999512,5.796088218688965,6.217077255249023,5.796088218688965,5.809466361999512,False,14.0,0.17447391152381897,0.07168906927108765,0.00024947524070739746,0.002916058525443077,0.007513370830565691,0.015476001426577568,0.9998520016670227,-0.01748465746641159,-0.013692308217287064,-0.9997533559799194,0.0174846388399601,0.013692319393157959,0.9997532963752747,0.5808088183403015,0.9999628663063049,0.0,-0.003831787733361125,0.0077170152217149734,0.9999377131462097,0.0011296580778434873,-0.008750597015023232,0.006836694665253162,0.7022203803062439,0.006007865071296692,-0.006354033015668392,0.7119058966636658
gate_f5_freeform_pose_coupling_probe,189,9.449941635131836,5.7779998779296875,5.450474262237549,5.607453346252441,6.218002796173096,5.607453346252441,5.450474262237549,False,14.0,0.17500004172325134,0.07174462080001831,0.00023949146270751953,0.0029173344373703003,0.0069556026719510555,0.01555225532501936,0.9998548626899719,-0.017318664118647575,-0.0135983070358634,-0.9997575283050537,0.017318565398454666,0.013598442077636719,0.9997575879096985,0.6039314270019531,0.9999637603759766,0.0,-0.0034890274982899427,0.007766869384795427,0.999938428401947,0.0013848019298166037,-0.008669265545904636,0.006787566002458334,0.7022462487220764,0.005091269966214895,-0.00714159244671464,0.7118801474571228
gate_f5_freeform_pose_coupling_probe,190,9.499940872192383,5.7779998779296875,8.14016056060791,7.215450286865234,6.149910926818848,7.215450286865234,8.14016056060791,False,14.0,0.17568731307983398,0.07171237468719482,0.0002499520778656006,0.0028981082141399384,0.006217858754098415,0.01565716415643692,0.9998580813407898,-0.016236208379268646,-0.013911600224673748,-0.9997714757919312,0.016236169263720512,0.013911604881286621,0.9997713565826416,0.5828266739845276,0.9999644756317139,0.0,-0.003149573691189289,0.007814941927790642,0.9999421834945679,0.0011651410022750497,-0.008126668632030487,0.006946733221411705,0.7021341323852539,0.004259460140019655,-0.007201411295682192,0.7119954824447632
gate_f5_freeform_pose_coupling_probe,191,9.54994010925293,5.7779998779296875,5.6258039474487305,5.442277908325195,6.266816139221191,5.442277908325195,5.6258039474487305,False,14.0,0.17647472023963928,0.07162796705961227,0.00028011202812194824,0.0030870456248521805,0.0053771305829286575,0.015774939209222794,0.9998611211776733,-0.015053121373057365,-0.014265204779803753,-0.999785304069519,0.01505302358418703,0.014265060424804688,0.9997850060462952,0.5605795383453369,0.9999651312828064,0.0,-0.0028137315530329943,0.007861200720071793,0.999945878982544,0.0009384594741277397,-0.007533655967563391,0.007125917822122574,0.7020177245140076,0.0044197747483849525,-0.006212098523974419,0.7121186852455139
gate_f5_freeform_pose_coupling_probe,192,9.599939346313477,5.7779998779296875,6.017836093902588,5.817599296569824,6.277107238769531,5.817599296569824,6.017836093902588,False,14.0,0.177147775888443,0.07160947471857071,0.0002384185791015625,0.0029404163360595703,0.004676273092627525,0.015866553410887718,0.9998632073402405,-0.014310022816061974,-0.014348234981298447,-0.9997948408126831,0.014309956692159176,0.014348268508911133,0.9997947216033936,0.5584812164306641,0.9999656677246094,0.0,-0.002481796545907855,0.00790561642497778,0.999948263168335,0.0009413054795004427,-0.007162129040807486,0.007167746312916279,0.7020023465156555,0.005820620805025101,-0.004309402778744698,0.7121378779411316
gate_f5_freeform_pose_coupling_probe,193,9.649938583374023,5.7779998779296875,5.607944011688232,5.609820365905762,6.253426551818848,5.609820365905762,5.607944011688232,False,14.0,0.17778432369232178,0.07160553336143494,0.00020116567611694336,0.0029503032565116882,0.0040242355316877365,0.015948232263326645,0.9998646974563599,-0.013627484440803528,-0.014443292282521725,-0.999802827835083,0.01362748071551323,0.014443278312683105,0.999802827835083,0.557077944278717,0.9999660849571228,0.0,-0.0021540536545217037,0.007948159240186214,0.9999501705169678,0.0010261255083605647,-0.006821485701948404,0.007215005811303854,0.701975405216217,0.0066837044432759285,-0.0029795747250318527,0.7121635675430298
gate_f5_freeform_pose_coupling_probe,194,9.69993782043457,5.7779998779296875,5.791403770446777,5.8041768074035645,6.232734680175781,5.8041768074035645,5.791403770446777,False,14.0,0.17841440439224243,0.07160274684429169,0.0001716911792755127,0.0029377564787864685,0.0033880609553307295,0.01602514274418354,0.9998658299446106,-0.012996603734791279,-0.014531317166984081,-0.9998096227645874,0.012996528297662735,0.014531493186950684,0.9998098611831665,0.5577800273895264,0.9999664425849915,0.0,-0.001830776804126799,0.00798880122601986,0.9999517798423767,0.0011102005373686552,-0.006506674457341433,0.007258784957230091,0.7019475698471069,0.007257690187543631,-0.001971030607819557,0.7121888399124146
gate_f5_freeform_pose_coupling_probe,195,9.749937057495117,5.7779998779296875,5.830559730529785,5.78228759765625,6.260222434997559,5.78228759765625,5.830559730529785,False,14.0,0.17905110120773315,0.07159802317619324,0.00015032291412353516,0.0029184725135564804,0.0027546968776732683,0.0160989873111248,0.9998666048049927,-0.012369852513074875,-0.014627296477556229,-0.9998161792755127,0.012369813397526741,0.014627516269683838,0.9998164176940918,0.5577800273895264,0.9999666213989258,0.0,-0.0015122287441045046,0.008027514442801476,0.9999534487724304,0.0011036113137379289,-0.006193278823047876,0.007307153195142746,0.7019141912460327,0.007136730942875147,-0.0016505119856446981,0.7122237682342529
gate_f5_freeform_pose_coupling_probe,196,9.799936294555664,5.7779998779296875,5.4123125076293945,5.595615863800049,6.250453472137451,5.595615863800049,5.4123125076293945,False,14.0,0.17965036630630493,0.0716017633676529,0.00013509392738342285,0.002926066517829895,0.002168819773942232,0.016164466738700867,0.9998670220375061,-0.011921565048396587,-0.01467098854482174,-0.9998213052749634,0.011921510100364685,0.014670908451080322,0.9998211860656738,0.565791130065918,0.9999667406082153,0.0,-0.0011986606987193227,0.008064272813498974,0.9999545812606812,0.0012236353941261768,-0.005970020778477192,0.007328521925956011,0.7018988728523254,0.006887601222842932,-0.00158142379950732,0.7122414708137512
gate_f5_freeform_pose_coupling_probe,197,9.849935531616211,5.7779998779296875,5.826196193695068,5.849897384643555,6.2351531982421875,5.849897384643555,5.826196193695068,False,14.0,0.18010926246643066,0.07162827998399734,0.00012618303298950195,0.002930453047156334,0.0017289273673668504,0.016211414709687233,0.9998670816421509,-0.012092993594706059,-0.014571337960660458,-0.9998210668563843,0.012092966586351395,0.014571428298950195,0.9998207092285156,0.6013339161872864,0.9999668002128601,0.0,-0.0008903155685402453,0.00809905119240284,0.99995356798172,0.0018378776730969548,-0.00606014858931303,0.0072748688980937,0.7019323706626892,0.0062926472164690495,-0.0022879005409777164,0.7122121453285217
gate_f5_freeform_pose_coupling_probe,198,9.899934768676758,5.7779998779296875,5.850650787353516,5.839522361755371,6.24490213394165,5.839522361755371,5.850650787353516,False,14.0,0.18061116337776184,0.0716581791639328,0.0001264810562133789,0.002945389598608017,0.0012541693868115544,0.016260622069239616,0.9998670220375061,-0.012153801508247852,-0.014459583908319473,-0.999821662902832,0.01215372234582901,0.014459550380706787,0.999821662902832,0.6324195861816406,0.9999667406082153,0.0,-0.0005874347989447415,0.008131824433803558,0.999953031539917,0.0021847193129360676,-0.006092953961342573,0.007216819562017918,0.7019696831703186,0.0056481678038835526,-0.00296557554975152,0.7121782898902893
gate_f5_freeform_pose_coupling_probe,199,9.949934005737305,5.7779998779296875,6.031431198120117,5.877701759338379,6.303581714630127,5.877701759338379,6.031431198120117,False,14.0,0.18147239089012146,0.07162714004516602,8.383393287658691e-05,0.0028547924011945724,0.0004480263451114297,0.016341470181941986,0.9998663663864136,-0.010568876750767231,-0.014722003601491451,-0.9998354911804199,0.01056881807744503,0.014722049236297607,0.999835729598999,0.5878410935401917,0.9999666213989258,0.0,-0.00029021516093052924,0.008162572048604488,0.999957799911499,0.0014589375350624323,-0.005295390263199806,0.00735358614474535,0.7018803954124451,0.005803684238344431,-0.0017000832594931126,0.712269127368927
gate_f5_freeform_pose_coupling_probe,200,9.999933242797852,5.7779998779296875,6.308797359466553,6.261241436004639,6.19843864440918,6.261241436004639,6.308797359466553,False,14.0,0.18197134137153625,0.07156230509281158,6.347894668579102e-05,0.002917967736721039,-1.2758201592077967e-05,0.016385236755013466,0.9998657703399658,-0.010500323958694935,-0.014895966276526451,-0.9998338222503662,0.010500241070985794,0.014896273612976074,0.9998338222503662,0.6087720990180969,0.9999664425849915,0.0,1.1405842315070913e-06,0.008191273547708988,0.9999564290046692,0.002013514284044504,-0.005265367683023214,0.0074377055279910564,0.7018188238143921,0.005972575396299362,-0.0014859075890854,0.7123288512229919
gate_f5_freeform_pose_coupling_probe,201,10.049932479858398,5.7779998779296875,5.8403544425964355,5.807586669921875,6.267131805419922,5.807586669921875,5.8403544425964355,False,14.0,0.1824263036251068,0.07148097455501556,7.414817810058594e-05,0.002980900928378105,-0.00042749414569698274,0.01642250455915928,0.9998650550842285,-0.010762972757220268,-0.015024797059595585,-0.9998291730880737,0.010762895457446575,0.015024781227111816,0.999829113483429,0.6464956402778625,0.9999662041664124,0.0,0.0002864422567654401,0.008217907510697842,0.9999535083770752,0.002746949438005686,-0.005402333568781614,0.007497907150536776,0.7017738223075867,0.006608130410313606,-0.0010444525396451354,0.712368369102478
gate_f5_freeform_pose_coupling_probe,202,10.099931716918945,5.7779998779296875,5.312164783477783,5.631124496459961,6.226370811462402,5.631124496459961,5.312164783477783,False,14.0,0.18297770619392395,0.07147957384586334,8.684396743774414e-05,0.0030351392924785614,-0.0009136130101978779,0.016463380306959152,0.9998640418052673,-0.010671115480363369,-0.014985327608883381,-0.9998307228088379,0.010671107098460197,0.014985501766204834,0.9998306632041931,0.6699801087379456,0.9999658465385437,0.0,0.0005655123386532068,0.008242457173764706,0.9999530911445618,0.003028624691069126,-0.005358453374356031,0.007476785685867071,0.7017881274223328,0.0067643895745277405,-0.0008259747410193086,0.7123530507087708
gate_f5_freeform_pose_coupling_probe,203,10.149930953979492,5.7779998779296875,6.1453633308410645,6.00407600402832,6.2661614418029785,6.00407600402832,6.1453633308410645,False,14.0,0.18358001112937927,0.07158729434013367,0.00010570883750915527,0.0029639527201652527,-0.0014265017816796899,0.01650477945804596,0.999862790107727,-0.010402468033134937,-0.014713389798998833,-0.9998373985290527,0.010402400977909565,0.014713525772094727,0.9998375773429871,0.6858553290367126,0.999965488910675,0.0,0.000838186067994684,0.008264903910458088,0.9999555349349976,0.0027633490972220898,-0.005221756640821695,0.007342591881752014,0.7018837928771973,0.0058439550921320915,-0.0015435575041919947,0.7122657895088196
gate_f5_freeform_pose_coupling_probe,204,10.199930191040039,5.7779998779296875,5.412047386169434,5.311255931854248,6.368264198303223,5.311255931854248,5.412047386169434,False,14.0,0.18446695804595947,0.07161597907543182,9.134411811828613e-05,0.0029427651315927505,-0.0021702339872717857,0.01655968464910984,0.9998605251312256,-0.008809578604996204,-0.014829786494374275,-0.9998513460159302,0.008809482678771019,0.014829814434051514,0.9998511672019958,0.6373509168624878,0.9999650716781616,0.0,0.0011043113190680742,0.008285232819616795,0.9999610185623169,0.0019046440720558167,-0.004419068805873394,0.007406765129417181,0.7018437385559082,0.005608064122498035,-0.0006580808549188077,0.7123085260391235
gate_f5_freeform_pose_coupling_probe,205,10.249929428100586,5.7779998779296875,6.5823798179626465,6.462749481201172,6.173948287963867,6.462749481201172,6.5823798179626465,False,14.0,0.18506577610969543,0.07156985998153687,7.545948028564453e-05,0.002967964857816696,-0.0026612805668264627,0.016591010615229607,0.9998587965965271,-0.008311204612255096,-0.015028770081698895,-0.9998522996902466,0.008311166428029537,0.015028834342956543,0.9998524785041809,0.6355061531066895,0.9999645948410034,0.0,0.0013637489173561335,0.008303429000079632,0.9999608397483826,0.002110586501657963,-0.0041716075502336025,0.007505874149501324,0.7017731666564941,0.005965571850538254,4.336922938819043e-05,0.7123754620552063
gate_f5_freeform_pose_coupling_probe,206,10.299928665161133,5.7779998779296875,5.748081684112549,5.7722578048706055,6.241464138031006,5.7722578048706055,5.748081684112549,False,14.0,0.18550103902816772,0.07149288058280945,0.00010707974433898926,0.0030841194093227386,-0.0030121977906674147,0.01660989224910736,0.999857485294342,-0.00875177700072527,-0.015118473209440708,-0.9998471736907959,0.008751698769629002,0.01511836051940918,0.9998473525047302,0.6798375844955444,0.9999640583992004,0.0,0.001616372261196375,0.00831948034465313,0.9999580383300781,0.0027442865539342165,-0.004396785516291857,0.007547487039119005,0.7017412781715393,0.006239685695618391,3.924467364413431e-06,0.7124044895172119
gate_f5_freeform_pose_coupling_probe,207,10.34992790222168,5.7779998779296875,4.648776054382324,5.315268516540527,6.212673187255859,5.315268516540527,4.648776054382324,False,14.0,0.18610140681266785,0.07145477086305618,0.00011867284774780273,0.0031257588416337967,-0.003481759224087,0.016633566468954086,0.9998555779457092,-0.008497808128595352,-0.015173014253377914,-0.9998487234115601,0.008497772738337517,0.015172839164733887,0.9998488426208496,0.6912547945976257,0.9999635219573975,0.0,0.0018620677292346954,0.008333375677466393,0.9999581575393677,0.002834643702954054,-0.004270554520189762,0.007574718911200762,0.7017218470573425,0.006260665133595467,0.00020263096666894853,0.7124235033988953
gate_f5_freeform_pose_coupling_probe,208,10.399927139282227,5.7779998779296875,6.38051700592041,6.03873872756958,6.355722904205322,6.03873872756958,6.38051700592041,False,14.0,0.18711447715759277,0.07153782993555069,5.066394805908203e-05,0.002851909026503563,-0.004240565933287144,0.01667000539600849,0.9998520612716675,-0.006351144053041935,-0.015250271186232567,-0.9998636245727539,0.006351138465106487,0.015250086784362793,0.9998635649681091,0.612297534942627,0.9999629855155945,0.0,0.0021007340401411057,0.008345105685293674,0.9999644160270691,0.0017194212414324284,-0.0031887872610241175,0.007619923911988735,0.701693058013916,0.005895419046282768,0.0013491477584466338,0.7124537229537964
gate_f5_freeform_pose_coupling_probe,209,10.449926376342773,5.7779998779296875,5.57150936126709,5.675230026245117,6.268964767456055,5.675230026245117,5.57150936126709,False,14.0,0.18762150406837463,0.07164428383111954,3.0487775802612305e-05,0.0029525253921747208,-0.004605893976986408,0.016688065603375435,0.9998501539230347,-0.006411659065634012,-0.014910944737493992,-0.9998680353164673,0.006411612033843994,0.014911115169525146,0.9998681545257568,0.6398022770881653,0.9999623894691467,0.0,0.0023322829511016607,0.00835466105490923,0.9999645352363586,0.0022293226793408394,-0.0032225491013377905,0.007448552176356316,0.7018124461174011,0.006524994969367981,0.0019282050197944045,0.7123292088508606
gate_f5_freeform_pose_coupling_probe,210,10.49992561340332,5.7779998779296875,5.71539306640625,5.730266571044922,6.294852256774902,5.730266571044922,5.71539306640625,False,14.0,0.18809273838996887,0.07170132547616959,3.120303153991699e-05,0.0029360447078943253,-0.004938961938023567,0.016701167449355125,0.9998483061790466,-0.006695181597024202,-0.01466100662946701,-0.9998701810836792,0.006695112679153681,0.01466071605682373,0.999870240688324,0.6763748526573181,0.999961793422699,0.0,0.0025566378608345985,0.008362035267055035,0.9999633431434631,0.0028975759632885456,-0.003368927398696542,0.007321009878069162,0.7018990516662598,0.007521546445786953,0.0027123340405523777,0.7122316360473633
gate_f5_freeform_pose_coupling_probe,211,10.549924850463867,5.7779998779296875,5.939636707305908,5.858402252197266,6.316376686096191,5.858402252197266,5.939636707305908,False,14.0,0.1889844834804535,0.0716555193066597,-1.3113021850585938e-05,0.0028869863599538803,-0.005550416186451912,0.016710959374904633,0.9998449683189392,-0.005167806521058083,-0.014966567046940327,-0.9998742341995239,0.005167772062122822,0.014966309070587158,0.9998747706413269,0.6214960813522339,0.9999611377716064,0.0,0.0027737354394048452,0.008367224596440792,0.9999669790267944,0.001771216164343059,-0.002597235841676593,0.007478930056095123,0.7017936706542969,0.005288627464324236,0.0015829651383683085,0.7123589515686035
gate_f5_freeform_pose_coupling_probe,212,10.599924087524414,5.7779998779296875,5.71431303024292,5.627568244934082,6.366896629333496,5.627568244934082,5.71431303024292,False,14.0,0.18978667259216309,0.07161697000265121,-5.2809715270996094e-05,0.002858024090528488,-0.006075059063732624,0.016711831092834473,0.9998418688774109,-0.004031778778880835,-0.015199429355561733,-0.9998760223388672,0.004031733609735966,0.015199363231658936,0.9998763203620911,0.5858404636383057,0.9999605417251587,0.0,0.0029835235327482224,0.008370225317776203,0.999968409538269,0.0011031588073819876,-0.002024334855377674,0.007597721181809902,0.7017120718955994,0.0035833357833325863,0.0006998416502028704,0.7124512791633606
gate_f5_freeform_pose_coupling_probe,213,10.649923324584961,5.7779998779296875,7.459294319152832,6.626123428344727,6.325043678283691,6.626123428344727,7.459294319152832,False,14.0,0.19042015075683594,0.0716107040643692,-8.71419906616211e-05,0.0028554536402225494,-0.006472459994256496,0.016709081828594208,0.9998394250869751,-0.0037102189380675554,-0.01523580402135849,-0.9998770952224731,0.0037101239431649446,0.01523590087890625,0.9998769760131836,0.5901665687561035,0.9999598860740662,0.0,0.0031859620939940214,0.008371034637093544,0.9999688863754272,0.0008844383410178125,-0.0018619038164615631,0.0076164924539625645,0.7016993761062622,0.0025005305651575327,-0.00014097645180299878,0.712468683719635
gate_f5_freeform_pose_coupling_probe,214,10.699922561645508,5.7779998779296875,5.648704528808594,5.547629356384277,6.37335729598999,5.547629356384277,5.648704528808594,False,14.0,0.19085001945495605,0.07167474925518036,-6.309151649475098e-05,0.0029446128755807877,-0.006734483875334263,0.016710594296455383,0.9998376965522766,-0.00459705013781786,-0.014881948940455914,-0.9998787641525269,0.004597037099301815,0.01488184928894043,0.9998787045478821,0.657599151134491,0.9999592304229736,0.0,0.0033810234162956476,0.00836965348571539,0.9999694228172302,0.0007158892694860697,-0.002303921617567539,0.007439552806317806,0.7018213868141174,0.0008257757290266454,-0.002413104986771941,0.7123484015464783
gate_f5_freeform_pose_coupling_probe,215,10.749921798706055,5.7779998779296875,5.731895923614502,5.82267951965332,6.286334991455078,5.82267951965332,5.731895923614502,False,14.0,0.1913435161113739,0.07171547412872314,-5.564093589782715e-05,0.002971488982439041,-0.00702710309997201,0.016707612201571465,0.999835729598999,-0.005050960928201675,-0.01465276163071394,-0.9998797178268433,0.005050886422395706,0.014652550220489502,0.9998800158500671,0.7013713717460632,0.9999586343765259,0.0,0.0035686905030161142,0.008366082794964314,0.9999697208404541,0.000635710428468883,-0.0025302136782556772,0.007324994076043367,0.7018943428993225,-0.0007142705726437271,-0.004249503370374441,0.7122681140899658
gate_f5_freeform_pose_coupling_probe,216,10.799921035766602,5.7779998779296875,6.14985466003418,5.960681438446045,6.361239433288574,5.960681438446045,6.14985466003418,False,14.0,0.19207945466041565,0.0716276615858078,-7.683038711547852e-05,0.0028237197548151016,-0.007444105111062527,0.01668425090610981,0.9998331069946289,-0.003867808962240815,-0.014978432096540928,-0.9998801946640015,0.003867739113047719,0.014978468418121338,0.999880313873291,0.6555128693580627,0.9999580383300781,0.0,0.00374895753338933,0.00836032722145319,0.999969482421875,0.0010610560420900583,-0.001941908267326653,0.007487384136766195,0.7017835974693298,-0.0005402120877988636,-0.0032468249555677176,0.7123825550079346
gate_f5_freeform_pose_coupling_probe,217,10.849920272827148,5.7779998779296875,5.309337615966797,5.601541519165039,6.294587135314941,5.601541519165039,5.309337615966797,False,14.0,0.19279107451438904,0.07161495834589005,-0.00010100007057189941,0.0029158033430576324,-0.007829410023987293,0.016662564128637314,0.9998305439949036,-0.00308019551448524,-0.015059085562825203,-0.9998815059661865,0.003080163849517703,0.015059173107147217,0.9998818635940552,0.6318005323410034,0.9999574422836304,0.0,0.003921830095350742,0.008352389559149742,0.9999697804450989,0.001081566559150815,-0.0015482866438105702,0.007528095971792936,0.7017590999603271,2.0014349502162077e-05,-0.00214207312092185,0.712411105632782
gate_f5_freeform_pose_coupling_probe,218,10.899919509887695,5.7779998779296875,5.930359363555908,5.857875823974609,6.3576273918151855,5.857875823974609,5.930359363555908,False,14.0,0.19360053539276123,0.07160124182701111,-0.0001304149627685547,0.0028455089777708054,-0.008244969882071018,0.01663115806877613,0.9998276829719543,-0.0019453315762802958,-0.01519426703453064,-0.9998830556869507,0.0019453015411272645,0.015194118022918701,0.9998827576637268,0.5891710519790649,0.9999568462371826,0.0,0.004087323322892189,0.008342277258634567,0.9999704360961914,0.0008057826780714095,-0.000978815951384604,0.007596569135785103,0.7017140984535217,0.0008497469243593514,-0.0005282716592773795,0.7124580144882202
gate_f5_freeform_pose_coupling_probe,219,10.949918746948242,5.7779998779296875,5.60481071472168,5.970010757446289,6.17733097076416,5.970010757446289,5.60481071472168,False,14.0,0.19423651695251465,0.07160627841949463,-7.69495964050293e-05,0.003067120909690857,-0.00855532381683588,0.016603365540504456,0.9998255372047424,-0.00165985943749547,-0.015209218487143517,-0.9998828172683716,0.0016597786452621222,0.015209317207336426,0.9998828172683716,0.5914912819862366,0.9999563097953796,0.0,0.0042454637587070465,0.008329998701810837,0.999970555305481,0.0005630982923321426,-0.0008342362707480788,0.00760436337441206,0.7017088532447815,0.0010523160453885794,-0.00012838539259973913,0.7124629616737366
gate_f5_freeform_pose_coupling_probe,220,10.999917984008789,5.7779998779296875,5.704741477966309,5.72238826751709,6.332923889160156,5.72238826751709,5.704741477966309,False,14.0,0.1949116587638855,0.07160760462284088,-3.993511199951172e-05,0.0030275844037532806,-0.008868618868291378,0.016568729653954506,0.9998233914375305,-0.0013520477805286646,-0.015154477208852768,-0.9998843669891357,0.0013520069187507033,0.015154421329498291,0.9998842477798462,0.5911604166030884,0.9999557733535767,0.0,0.004396287724375725,0.008315563201904297,0.9999710321426392,0.0003772856725845486,-0.0006789023173041642,0.007577201817184687,0.7017284035682678,0.0007606892031617463,-0.00019960336794611067,0.7124441266059875
gate_f5_freeform_pose_coupling_probe,221,11.049917221069336,5.7779998779296875,5.836491107940674,5.799720764160156,6.323033332824707,5.799720764160156,5.836491107940674,False,14.0,0.19556432962417603,0.07161499559879303,-4.1991472244262695e-05,0.0030025579035282135,-0.009156307205557823,0.01653154008090496,0.9998214244842529,-0.0010513864690437913,-0.015108133666217327,-0.999884843826294,0.0010513406014069915,0.01510840654373169,0.9998852014541626,0.5914912819862366,0.9999552369117737,0.0,0.004539839457720518,0.008298982866108418,0.9999712109565735,0.00013012043200433254,-0.0005266913212835789,0.007554215844720602,0.7017441391944885,-0.0002406551648164168,-0.0009749032324180007,0.7124282717704773
gate_f5_freeform_pose_coupling_probe,222,11.099916458129883,5.7779998779296875,6.541152000427246,6.305435657501221,6.275932788848877,6.305435657501221,6.541152000427246,False,14.0,0.1960584819316864,0.07164055109024048,-3.084540367126465e-05,0.0030039623379707336,-0.009365415200591087,0.01650330238044262,0.9998199343681335,-0.0013701017014682293,-0.01493819896131754,-0.9998873472213745,0.0013700849376618862,0.014938116073608398,0.9998874664306641,0.6218108534812927,0.9999547600746155,0.0,0.004676174838095903,0.008280269801616669,0.9999716877937317,0.0005536788376048207,-0.000689205713570118,0.007468929514288902,0.7018040418624878,-0.00046996839228086174,-0.0014246393693611026,0.7123684883117676
gate_f5_freeform_pose_coupling_probe,223,11.14991569519043,5.7779998779296875,4.839323043823242,5.049490451812744,6.385502815246582,5.049490451812744,4.839323043823242,False,14.0,0.1965194046497345,0.07166729867458344,-1.1086463928222656e-05,0.0030315015465021133,-0.009553108364343643,0.01647532731294632,0.9998186230659485,-0.001934482716023922,-0.014698185957968235,-0.9998902082443237,0.0019344959873706102,0.014698147773742676,0.9998900890350342,0.666172444820404,0.999954342842102,0.0,0.004805356729775667,0.008259438909590244,0.9999717473983765,0.0012598760658875108,-0.0009765265858732164,0.00734807038679719,0.7018896341323853,-1.2427711226337124e-05,-0.0013701983261853456,0.7122843861579895
gate_f5_freeform_pose_coupling_probe,224,11.199914932250977,5.7779998779296875,6.032071113586426,6.198369026184082,6.228412628173828,6.198369026184082,6.032071113586426,False,14.0,0.19712865352630615,0.07165850698947906,-4.9561262130737305e-05,0.0029778815805912018,-0.009786724112927914,0.016428666189312935,0.9998171329498291,-0.001683589187450707,-0.014654438011348248,-0.9998911619186401,0.0016835577553138137,0.01465451717376709,0.9998912811279297,0.6647021770477295,0.9999539256095886,0.0,0.004927457310259342,0.008236506953835487,0.9999715685844421,0.0015565881039947271,-0.0008532225620001554,0.007326099090278149,0.7019065022468567,0.0012499416479840875,4.9929676606552675e-05,0.712268054485321
gate_f5_freeform_pose_coupling_probe,225,11.249914169311523,5.7779998779296875,5.393118858337402,5.424371242523193,6.4122538566589355,5.424371242523193,5.393118858337402,False,14.0,0.19801992177963257,0.07161952555179596,-0.00010648369789123535,0.0029094982892274857,-0.010102816857397556,0.01634921319782734,0.9998152852058411,-0.0003003976307809353,-0.014842749573290348,-0.9998900890350342,0.0003003485035151243,0.014842689037322998,0.9998898506164551,0.6023092865943909,0.99995356798172,0.0,0.005042556673288345,0.008211491629481316,0.9999719262123108,0.0010868427343666553,-0.00015826916205696762,0.007421411108225584,0.7018371224403381,0.0020594357047230005,0.001818272634409368,0.7123321890830994
gate_f5_freeform_pose_coupling_probe,226,11.29991340637207,5.7779998779296875,5.748603820800781,5.7760467529296875,6.356178283691406,5.7760467529296875,5.748603820800781,False,14.0,0.19875258207321167,0.07160075008869171,-0.0001685023307800293,0.0028707310557365417,-0.010343054309487343,0.01627962663769722,0.999813973903656,0.00042131065856665373,-0.014925522729754448,-0.9998881816864014,-0.0004213650245219469,0.014925539493560791,0.9998884201049805,0.5743720531463623,0.9999532699584961,0.0,0.005150741897523403,0.008184411562979221,0.9999716877937317,0.0008625144837424159,0.000204224037588574,0.007463148795068264,0.7018073797225952,0.001631457358598709,0.0019030362600460649,0.7123622894287109
gate_f5_freeform_pose_coupling_probe,227,11.349912643432617,5.7779998779296875,5.264535427093506,5.7733354568481445,6.2329912185668945,5.7733354568481445,5.264535427093506,False,14.0,0.1993929147720337,0.07159015536308289,-0.00019061565399169922,0.0030024629086256027,-0.010538612492382526,0.016215231269598007,0.9998129606246948,0.00048599980073049664,-0.014917084947228432,-0.99988853931427,-0.00048607075586915016,0.01491701602935791,0.99988853931427,0.5814822316169739,0.9999529719352722,0.0,0.005252108443528414,0.008155289106070995,0.9999720454216003,0.00044868700206279755,0.00023965990112628788,0.007458858657628298,0.7018117904663086,0.00097842316608876,0.0013051036512479186,0.7123605012893677
gate_f5_freeform_pose_coupling_probe,228,11.399911880493164,5.7779998779296875,6.094883918762207,5.934276103973389,6.386391639709473,5.934276103973389,6.094883918762207,False,14.0,0.20003363490104675,0.07158578932285309,-0.00018396973609924316,0.0029184576123952866,-0.010721266269683838,0.016147755086421967,0.999812126159668,0.0005659346934407949,-0.014860355295240879,-0.9998893737792969,-0.0005659984890371561,0.014860391616821289,0.9998892545700073,0.5875081419944763,0.9999527335166931,0.0,0.00534675782546401,0.008124145679175854,0.9999723434448242,0.00016458916070405394,0.00028175217448733747,0.007430429570376873,0.7018328905105591,0.00022671063197776675,0.000620646751485765,0.7123411893844604
gate_f5_freeform_pose_coupling_probe,229,11.449911117553711,5.7779998779296875,6.419948577880859,5.90858268737793,6.451887130737305,5.90858268737793,6.419948577880859,False,14.0,0.20037603378295898,0.07147166877985,-0.00019758939743041992,0.002797037363052368,-0.010800965130329132,0.016089914366602898,0.9998121857643127,-0.00013379182200878859,-0.014967262744903564,-0.9998878240585327,0.00013366877101361752,0.014967083930969238,0.9998880624771118,0.6296287775039673,0.999952495098114,0.0,0.005434798076748848,0.008091005496680737,0.999970018863678,0.001960630062967539,-8.157111733453348e-05,0.007483696099370718,0.701790988445282,0.0025538597255945206,0.002422099467366934,0.7123742699623108
gate_f5_freeform_pose_coupling_probe,230,11.499910354614258,5.7779998779296875,5.862802028656006,5.907960414886475,6.31860876083374,5.907960414886475,5.862802028656006,False,14.0,0.20073705911636353,0.07142732292413712,-0.00020906329154968262,0.0028716903179883957,-0.010888772085309029,0.016040923073887825,0.9998120665550232,-0.0009687643032521009,-0.014865877106785774,-0.9998886585235596,0.0009687263518571854,0.01486581563949585,0.9998890161514282,0.682709813117981,0.9999523162841797,0.0,0.005516343284398317,0.008055894635617733,0.9999668002128601,0.0032783399801701307,-0.0005087620811536908,0.007431517355144024,0.7018201351165771,0.0046975091099739075,0.003948243334889412,0.712327778339386
gate_f5_freeform_pose_coupling_probe,231,11.549909591674805,5.7779998779296875,4.556375503540039,5.164682388305664,6.333080291748047,5.164682388305664,4.556375503540039,False,14.0,0.20122012495994568,0.07146213948726654,-0.00019985437393188477,0.002989780157804489,-0.011010578833520412,0.0159906093031168,0.9998115301132202,-0.0016695373924449086,-0.014531468041241169,-0.999893069267273,0.0016694539226591587,0.014531850814819336,0.9998928308486938,0.7319515943527222,0.9999521970748901,0.0,0.005591513589024544,0.008018838241696358,0.9999659061431885,0.0038358375895768404,-0.0008626565104350448,0.007262672763317823,0.7019388675689697,0.005236527882516384,0.003989004530012608,0.7122066617012024
gate_f5_freeform_pose_coupling_probe,232,11.599908828735352,5.7779998779296875,5.170862197875977,5.0375261306762695,6.573629379272461,5.0375261306762695,5.170862197875977,False,14.0,0.20181193947792053,0.07153602689504623,-0.00021082162857055664,0.0027177706360816956,-0.011154158972203732,0.015932340174913406,0.9998108744621277,-0.001785801607184112,-0.014231548644602299,-0.9998972415924072,0.00178568996489048,0.014231443405151367,0.9998970627784729,0.7480813264846802,0.9999521374702454,0.0,0.005660433322191238,0.007979867048561573,0.9999674558639526,0.0037016249261796474,-0.0009192589204758406,0.007112603168934584,0.7020536065101624,0.0035387517418712378,0.0022349702194333076,0.71211177110672
gate_f5_freeform_pose_coupling_probe,233,11.649908065795898,5.7779998779296875,6.5685200691223145,6.810338973999023,6.149251937866211,6.810338973999023,6.5685200691223145,False,14.0,0.2026914656162262,0.07156947255134583,-0.00027939677238464355,0.002824898809194565,-0.011339031159877777,0.015825867652893066,0.9998104572296143,-0.0004037297621835023,-0.014285962097346783,-0.9998979568481445,0.0004036431200802326,0.014286041259765625,0.9998977780342102,0.6792617440223694,0.9999520778656006,0.0,0.005723232869058847,0.007939008064568043,0.9999706149101257,0.002784623531624675,-0.00022176078346092254,0.007142573595046997,0.7020329236984253,0.0029281743336468935,0.0026032377500087023,0.7121336460113525
gate_f5_freeform_pose_coupling_probe,234,11.699907302856445,5.7779998779296875,5.262993812561035,4.968731880187988,6.6173095703125,4.968731880187988,5.262993812561035,False,14.0,0.2037261426448822,0.07156944274902344,-0.000312119722366333,0.0027547404170036316,-0.011522098444402218,0.015684081241488457,0.9998106360435486,0.0012163857463747263,-0.014386294409632683,-0.9998955726623535,-0.001216459320858121,0.014386355876922607,0.9998958110809326,0.5947902798652649,0.9999521374702454,0.0,0.005780045408755541,0.007896294817328453,0.9999725818634033,0.0016198926605284214,0.0005965552409179509,0.0071943108923733234,0.7019931674003601,0.0027114260010421276,0.0035267320927232504,0.7121698260307312
gate_f5_freeform_pose_coupling_probe,235,11.749906539916992,5.7779998779296875,6.3939948081970215,6.1692094802856445,6.391526222229004,6.1692094802856445,6.3939948081970215,False,14.0,0.20448797941207886,0.07156394422054291,-0.00037741661071777344,0.0027459952980279922,-0.011636339128017426,0.015572475269436836,0.999811053276062,0.0019350879592821002,-0.014423451386392117,-0.9998940229415894,-0.0019351821392774582,0.014423370361328125,0.9998942613601685,0.558831512928009,0.9999521970748901,0.0,0.005831009708344936,0.007851758040487766,0.9999726414680481,0.0013087003026157618,0.0009581302874721587,0.0072131771594285965,0.7019767761230469,0.0027950576040893793,0.004113631322979927,0.7121825814247131
gate_f5_freeform_pose_coupling_probe,236,11.799905776977539,5.7779998779296875,5.677911758422852,5.653356552124023,6.456171035766602,5.653356552124023,5.677911758422852,False,14.0,0.20516347885131836,0.07157208770513535,-0.00038254261016845703,0.0027835946530103683,-0.011726020835340023,0.015472091734409332,0.9998115301132202,0.002121996833011508,-0.014317672699689865,-0.9998953342437744,-0.0021220319904386997,0.014317572116851807,0.9998952746391296,0.5542609095573425,0.9999522566795349,0.0,0.005876266397535801,0.007805431727319956,0.9999732375144958,0.0011046618456020951,0.0010531169828027487,0.007160191424190998,0.7020146250724792,0.00263099349103868,0.004083449020981789,0.712145984172821
gate_f5_freeform_pose_coupling_probe,237,11.849905014038086,5.7779998779296875,5.534336090087891,5.362680912017822,6.547248840332031,5.362680912017822,5.534336090087891,False,14.0,0.2058369219303131,0.07156842947006226,-0.0004011392593383789,0.002713283523917198,-0.011801323853433132,0.015365669503808022,0.9998123049736023,0.0023763757199048996,-0.014254193753004074,-0.9998950958251953,-0.0023764383513480425,0.014254331588745117,0.999895453453064,0.5442860722541809,0.9999524354934692,0.0,0.005915961228311062,0.0077573503367602825,0.9999731779098511,0.0010960374493151903,0.001180406310595572,0.007128581870347261,0.7020353078842163,0.002758414950221777,0.004387897904962301,0.7121232151985168
gate_f5_freeform_pose_coupling_probe,238,11.899904251098633,5.7779998779296875,5.688423156738281,5.772796154022217,6.433605194091797,5.772796154022217,5.688423156738281,False,14.0,0.20648601651191711,0.0715612918138504,-0.00044220685958862305,0.0027131158858537674,-0.011861962266266346,0.0152587266638875,0.9998131990432739,0.0025819698348641396,-0.014204753562808037,-0.9998958110809326,-0.0025820345617830753,0.014204680919647217,0.9998958706855774,0.5348572731018066,0.9999526143074036,0.0,0.005950240418314934,0.007707550190389156,0.9999732375144958,0.0011960346018895507,0.0012825224548578262,0.007104100659489632,0.7020496129989624,0.0031290031038224697,0.0048977830447256565,0.7121043801307678
gate_f5_freeform_pose_coupling_probe,239,11.94990348815918,5.7779998779296875,5.827582836151123,5.924737930297852,6.398113250732422,5.924737930297852,5.827582836151123,False,14.0,0.20697224140167236,0.07157469540834427,-0.0004414021968841553,0.002764170989394188,-0.011903427541255951,0.015180598944425583,0.9998139142990112,0.002002375666052103,-0.013984589837491512,-0.999900221824646,-0.002002428751438856,0.013984739780426025,0.999900221824646,0.5712977051734924,0.9999527931213379,0.0,0.005979254841804504,0.007656068075448275,0.9999734163284302,0.0018142610788345337,0.0009885247563943267,0.006994273979216814,0.7021324038505554,0.002842777408659458,0.004209412261843681,0.7120282649993896
gate_f5_freeform_pose_coupling_probe,240,11.999902725219727,5.7779998779296875,5.897387504577637,5.8675737380981445,6.4377851486206055,5.8675737380981445,5.897387504577637,False,14.0,0.207483172416687,0.07159251719713211,-0.0004253387451171875,0.0027803052216768265,-0.011941392906010151,0.015097425319254398,0.9998146891593933,0.001432799152098596,-0.013743921183049679,-0.9999042749404907,-0.001432899385690689,0.013744056224822998,0.9999045133590698,0.6074849963188171,0.9999530911445618,0.0,0.006003155838698149,0.007602942641824484,0.9999735951423645,0.002228899858891964,0.0007010973058640957,0.006873704958707094,0.7022234201431274,0.002225455129519105,0.0032013896852731705,0.7119459509849548
gate_f5_freeform_pose_coupling_probe,241,12.049901962280273,5.7779998779296875,6.065581798553467,5.756755828857422,6.551896572113037,5.756755828857422,6.065581798553467,False,14.0,0.20829683542251587,0.07157015800476074,-0.00045675039291381836,0.0026690773665905,-0.011979997158050537,0.014949186705052853,0.9998164772987366,0.0022188029251992702,-0.013789527118206024,-0.9999022483825684,-0.0022188546136021614,0.013789653778076172,0.9999023675918579,0.5637122392654419,0.9999533891677856,0.0,0.006022096611559391,0.007548213005065918,0.9999743103981018,0.0015882684383541346,0.0010984758846461773,0.006896685343235731,0.7022060751914978,0.001904037781059742,0.003436210798099637,0.7119628190994263
gate_f5_freeform_pose_coupling_probe,242,12.09990119934082,5.7779998779296875,5.5805344581604,5.619885444641113,6.485665798187256,5.619885444641113,5.5805344581604,False,14.0,0.20902204513549805,0.07155828177928925,-0.0004959702491760254,0.0026923976838588715,-0.012002591975033283,0.014814640395343304,0.9998182058334351,0.00266736070625484,-0.013773473910987377,-0.9999014139175415,-0.0026674086693674326,0.013773679733276367,0.9999015927314758,0.5385033488273621,0.9999536871910095,0.0,0.006036232225596905,0.007491918746381998,0.9999745488166809,0.0012789436150342226,0.0013249039184302092,0.0068886070512235165,0.7022091746330261,0.002085912274196744,0.003930647391825914,0.711956799030304
gate_f5_freeform_pose_coupling_probe,243,12.149900436401367,5.7779998779296875,5.794898986816406,5.799817085266113,6.479750633239746,5.799817085266113,5.794898986816406,False,14.0,0.20969131588935852,0.07155220210552216,-0.0005242228507995605,0.002674402669072151,-0.0120137520134449,0.014688191935420036,0.9998199343681335,0.002836120780557394,-0.013698209077119827,-0.9999021291732788,-0.0028361522126942873,0.013698160648345947,0.9999021291732788,0.5289714932441711,0.999954104423523,0.0,0.006045718211680651,0.007434101775288582,0.9999748468399048,0.0011792334262281656,0.0014100170228630304,0.0068509397096931934,0.7022343277931213,0.0022693632636219263,0.004230334889143705,0.7119296789169312
gate_f5_freeform_pose_coupling_probe,244,12.199899673461914,5.7779998779296875,6.002900123596191,6.006799697875977,6.435788154602051,6.006799697875977,6.002900123596191,False,14.0,0.210145503282547,0.07153428345918655,-0.0005188286304473877,0.002697523683309555,-0.012013090774416924,0.014597240835428238,0.9998213052749634,0.0021208643447607756,-0.013523964211344719,-0.9999063014984131,-0.002120890421792865,0.013524055480957031,0.9999062418937683,0.5706123113632202,0.9999545216560364,0.0,0.006050711032003164,0.00737480353564024,0.9999749064445496,0.0018315998604521155,0.0010480694472789764,0.006764071527868509,0.702297031879425,0.002649130765348673,0.004103183746337891,0.7118672132492065
gate_f5_freeform_pose_coupling_probe,245,12.249898910522461,5.7779998779296875,5.45648717880249,5.543808460235596,6.4932403564453125,5.543808460235596,5.45648717880249,False,14.0,0.21059158444404602,0.07157082110643387,-0.0004934370517730713,0.002711338922381401,-0.01201866939663887,0.014519624412059784,0.9998223781585693,0.0012077863793820143,-0.013171853497624397,-0.9999126195907593,-0.0012078541330993176,0.013171970844268799,0.999912440776825,0.6243232488632202,0.9999549388885498,0.0,0.006051367148756981,0.007314067333936691,0.9999754428863525,0.0023265336640179157,0.0005885816644877195,0.0065874578431248665,0.7024263143539429,0.0025451751425862312,0.003360372968018055,0.711743950843811
gate_f5_freeform_pose_coupling_probe,246,12.299898147583008,5.7779998779296875,6.095375061035156,6.065731048583984,6.448413848876953,6.065731048583984,6.095375061035156,False,14.0,0.21144482493400574,0.07155811041593552,-0.0005284547805786133,0.0026805922389030457,-0.012002040632069111,0.014347488060593605,0.9998250603675842,0.0020914196502417326,-0.013231780380010605,-0.9999104738235474,-0.002091464353725314,0.013231813907623291,0.9999101161956787,0.5723243951797485,0.999955415725708,0.0,0.006047842558473349,0.0072519369423389435,0.9999767541885376,0.0013203981798142195,0.001036996254697442,0.006617412902414799,0.7024112939834595,0.0001030777784762904,0.0015709232538938522,0.7117694616317749
gate_f5_freeform_pose_coupling_probe,247,12.349897384643555,5.7779998779296875,6.520822525024414,6.190700054168701,6.481832981109619,6.190700054168701,6.520822525024414,False,14.0,0.21202722191810608,0.07147619128227234,-0.0005365908145904541,0.0026971790939569473,-0.011967411264777184,0.01420910470187664,0.9998274445533752,0.001883784425444901,-0.013299955986440182,-0.9999096393585205,-0.0018838332034647465,0.013299763202667236,0.9999097585678101,0.5801345705986023,0.9999558925628662,0.0,0.00604029418900609,0.0071884565986692905,0.9999760389328003,0.0016507961554452777,0.0009309339220635593,0.006651673931628466,0.7023876905441284,-4.776685454999097e-05,0.0012761648977175355,0.7117934226989746
gate_f5_freeform_pose_coupling_probe,248,12.399896621704102,5.7779998779296875,5.8212480545043945,5.94705867767334,6.400676250457764,5.94705867767334,5.8212480545043945,False,14.0,0.21245792508125305,0.07135321944952011,-0.0005197227001190186,0.002853795886039734,-0.011924337595701218,0.014089707285165787,0.9998296499252319,0.0009482664754614234,-0.013329900801181793,-0.9999107122421265,-0.0009483626345172524,0.013329863548278809,0.9999107718467712,0.6299394965171814,0.9999564290046692,0.0,0.006028877571225166,0.007123671006411314,0.9999744892120361,0.0025274245999753475,0.00045729640987701714,0.006666276138275862,0.7023763656616211,0.0009319093660451472,0.001585736172273755,0.7118034362792969
gate_f5_freeform_pose_coupling_probe,249,12.449895858764648,5.7779998779296875,4.775756359100342,5.361763954162598,6.43994140625,5.361763954162598,4.775756359100342,False,14.0,0.21305564045906067,0.07129715383052826,-0.0005051195621490479,0.002893880009651184,-0.011882119812071323,0.013950400054454803,0.9998320937156677,0.0005929634789936244,-0.013221658766269684,-0.9999121427536011,-0.0005929998587816954,0.013221681118011475,0.9999123215675354,0.6486108899116516,0.9999570250511169,0.0,0.006013746839016676,0.007057626266032457,0.9999745488166809,0.002645530505105853,0.00027899729320779443,0.006611735559999943,0.702414333820343,0.0014030593447387218,0.0018011981155723333,0.7117645740509033
gate_f5_freeform_pose_coupling_probe,250,12.499895095825195,5.7779998779296875,5.8427958488464355,5.781394004821777,6.503100395202637,5.781394004821777,5.8427958488464355,False,14.0,0.21366015076637268,0.07145249098539352,-0.000486910343170166,0.002785980701446533,-0.011878203600645065,0.013860683888196945,0.9998334050178528,0.0003222623490728438,-0.012701000086963177,-0.9999192953109741,-0.0003223132807761431,0.012700915336608887,0.9999192953109741,0.6652907133102417,0.9999576210975647,0.0,0.005995056591928005,0.006990368943661451,0.9999762177467346,0.0026842025108635426,0.0001440871274098754,0.006351037882268429,0.7026016116142273,0.0004995592753402889,0.0007197303348220885,0.7115828990936279
gate_f5_freeform_pose_coupling_probe,251,12.549894332885742,5.7779998779296875,5.824385166168213,5.652958869934082,6.529319763183594,5.652958869934082,5.824385166168213,False,14.0,0.21430757641792297,0.07153230905532837,-0.0004864931106567383,0.002744395285844803,-0.01184945460408926,0.01374092884361744,0.9998353719711304,0.0004018738982267678,-0.012400173582136631,-0.9999229907989502,-0.00040191865991801023,0.012400329113006592,0.9999229907989502,0.6605680584907532,0.9999582171440125,0.0,0.005972958169877529,0.006921945605427027,0.9999770522117615,0.0027157096192240715,0.0001841017947299406,0.0062007294036448,0.7027079463005066,0.000896776735316962,0.001168177812360227,0.7114768624305725
gate_f5_freeform_pose_coupling_probe,252,12.599893569946289,5.7779998779296875,5.73051643371582,5.697080135345459,6.49764347076416,5.697080135345459,5.73051643371582,False,14.0,0.21487388014793396,0.07158371806144714,-0.0004924535751342773,0.0027214083820581436,-0.011815155856311321,0.013629828579723835,0.9998372793197632,0.00013433587446343154,-0.012093309313058853,-0.9999268054962158,-0.00013443361967802048,0.012093305587768555,0.9999269843101501,0.6746368408203125,0.9999588131904602,0.0,0.0059476024471223354,0.006852403748780489,0.9999769330024719,0.003090842394158244,4.84789015899878e-05,0.006046944297850132,0.7028090953826904,0.003515526419505477,0.0035677538253366947,0.7113609313964844
gate_f5_freeform_pose_coupling_probe,253,12.649892807006836,5.7779998779296875,6.130911827087402,6.059450149536133,6.4680891036987305,6.059450149536133,6.130911827087402,False,14.0,0.21585765480995178,0.07156656682491302,-0.0005511343479156494,0.0026906225830316544,-0.011720610782504082,0.013405829668045044,0.9998414516448975,0.001628555590286851,-0.012196758762001991,-0.9999241828918457,-0.0016285893507301807,0.012196898460388184,0.9999243021011353,0.582490861415863,0.9999594688415527,0.0,0.0059191384352743626,0.006781790871173143,0.9999793171882629,0.0018588723614811897,0.0008029552409425378,0.006099998019635677,0.7027760148048401,0.0015997302252799273,0.0027249581180512905,0.7114042043685913
gate_f5_freeform_pose_coupling_probe,254,12.699892044067383,5.7779998779296875,5.561944484710693,5.6086015701293945,6.51924991607666,5.6086015701293945,5.561944484710693,False,14.0,0.21666571497917175,0.07154902070760727,-0.0005876123905181885,0.0027177855372428894,-0.011631637811660767,0.013217414729297161,0.9998449683189392,0.0022602821700274944,-0.012199539691209793,-0.9999228715896606,-0.002260278444737196,0.012199342250823975,0.9999231100082397,0.5399547815322876,0.9999601244926453,0.0,0.0058877128176391125,0.006710154935717583,0.9999797344207764,0.0013984087854623795,0.0011216314742341638,0.006101462058722973,0.7027721405029297,0.0018473120871931314,0.0034134993329644203,0.7114044427871704
gate_f5_freeform_pose_coupling_probe,255,12.74989128112793,5.7779998779296875,6.0892791748046875,5.951450347900391,6.508228302001953,5.951450347900391,6.0892791748046875,False,14.0,0.2173258364200592,0.07154730707406998,-0.000607222318649292,0.0026988014578819275,-0.011555278673768044,0.013064542785286903,0.9998478889465332,0.002280670218169689,-0.012083851732313633,-0.9999244213104248,-0.002280695363879204,0.012083768844604492,0.9999244809150696,0.5337586998939514,0.9999608397483826,0.0,0.0058534699492156506,0.006637544836848974,0.9999801516532898,0.0013816184364259243,0.0011320075718685985,0.006043610163033009,0.7028104066848755,0.0023805347736924887,0.0039549642242491245,0.7113623023033142
gate_f5_freeform_pose_coupling_probe,256,12.799890518188477,5.7779998779296875,5.766956329345703,5.806919097900391,6.482016086578369,5.806919097900391,5.766956329345703,False,14.0,0.21784159541130066,0.0715673491358757,-0.0005924403667449951,0.002769533544778824,-0.01149677112698555,0.012949339114129543,0.9998500347137451,0.0016042274655774236,-0.011811920441687107,-0.9999290704727173,-0.0016043249052017927,0.011811792850494385,0.999928891658783,0.5712977051734924,0.9999615550041199,0.0,0.005816552322357893,0.006564009003341198,0.9999809265136719,0.00162980065215379,0.0007925010286271572,0.005907364655286074,0.7029138207435608,0.0013876920565962791,0.0024991806130856276,0.7112692594528198
gate_f5_freeform_pose_coupling_probe,257,12.849889755249023,5.7779998779296875,5.420366287231445,5.661838531494141,6.474515438079834,5.661838531494141,5.420366287231445,False,14.0,0.21836671233177185,0.07155312597751617,-0.0005713403224945068,0.0027945302426815033,-0.011425788514316082,0.012821979820728302,0.9998525381088257,0.0009872694499790668,-0.011658575385808945,-0.9999313354492188,-0.0009873472154140472,0.011658668518066406,0.9999315738677979,0.6016591787338257,0.9999622702598572,0.0,0.005777099635452032,0.006489595863968134,0.9999809265136719,0.001954007428139448,0.0004822514019906521,0.00583034148439765,0.7029708027839661,0.0009673552704043686,0.0016502663493156433,0.711216151714325
gate_f5_freeform_pose_coupling_probe,258,12.89988899230957,5.7779998779296875,5.722049236297607,5.852755546569824,6.443302631378174,5.852755546569824,5.722049236297607,False,14.0,0.2187664806842804,0.07142599672079086,-0.0005599856376647949,0.002853771671652794,-0.0113418810069561,0.012694182805716991,0.999855101108551,-6.203391239978373e-05,-0.011643773876130581,-0.9999324083328247,6.198370829224586e-05,0.01164388656616211,0.9999321103096008,0.6567057967185974,0.9999629855155945,0.0,0.005735248327255249,0.006414354778826237,0.9999780654907227,0.003171347314491868,-4.948117202729918e-05,0.00582185760140419,0.7029699087142944,0.0034514081198722124,0.003367875935509801,0.7112031579017639
gate_f5_freeform_pose_coupling_probe,259,12.949888229370117,5.7779998779296875,5.939154624938965,5.966831207275391,6.433825492858887,5.966831207275391,5.939154624938965,False,14.0,0.2191360890865326,0.07140208780765533,-0.0005232095718383789,0.002915710210800171,-0.01128480862826109,0.012599742971360683,0.9998569488525391,-0.0013935624156147242,-0.011363685131072998,-0.9999343156814575,0.0013935077004134655,0.011363983154296875,0.9999343752861023,0.7303458452224731,0.9999637007713318,0.0,0.005691132973879576,0.006338334642350674,0.9999749064445496,0.004162160214036703,-0.0007204361609183252,0.005678986664861441,0.7030649781227112,0.005240278784185648,0.0042012776248157024,0.7110938429832458
gate_f5_freeform_pose_coupling_probe,260,12.999887466430664,5.7779998779296875,5.467831611633301,5.56273889541626,6.489832401275635,5.56273889541626,5.467831611633301,False,14.0,0.21969369053840637,0.07144773006439209,-0.0004930496215820312,0.00293683260679245,-0.011215564794838428,0.012477519921958447,0.9998592734336853,-0.002057378413155675,-0.01094315480440855,-0.999937891960144,0.0020573223009705544,0.010943353176116943,0.9999377727508545,0.7664278149604797,0.9999644756317139,0.0,0.005644884426146746,0.006261584814637899,0.9999762773513794,0.004045222420245409,-0.0010508311679586768,0.005467456299811602,0.7032160758972168,0.0054398407228291035,0.00393381342291832,0.7109443545341492
gate_f5_freeform_pose_coupling_probe,261,13.049886703491211,5.7779998779296875,5.864136219024658,5.8636579513549805,6.4507365226745605,5.8636579513549805,5.864136219024658,False,14.0,0.22026309370994568,0.0714932233095169,-0.0004699826240539551,0.002933969721198082,-0.01114150695502758,0.012351354584097862,0.9998616576194763,-0.0025270632468163967,-0.01061465498059988,-0.9999403953552246,0.0025270115584135056,0.010614633560180664,0.9999405145645142,0.7890712022781372,0.9999651908874512,0.0,0.005596631206572056,0.006184154190123081,0.999977171421051,0.003985223826020956,-0.001284691970795393,0.0053023286163806915,0.7033383250236511,0.004637490957975388,0.0028110891580581665,0.7108346223831177
gate_f5_freeform_pose_coupling_probe,262,13.099885940551758,5.7779998779296875,6.771389007568359,6.281405448913574,6.560212135314941,6.281405448913574,6.771389007568359,False,14.0,0.22155484557151794,0.07151670753955841,-0.0005695223808288574,0.002684015780687332,-0.010943141765892506,0.012040828354656696,0.9998676180839539,0.00037386114127002656,-0.010833235457539558,-0.9999408721923828,-0.00037393253296613693,0.010833382606506348,0.9999411702156067,0.6100564002990723,0.9999659657478333,0.0,0.005546498112380505,0.006106091663241386,0.9999832510948181,0.0019904915243387222,0.0001761509192874655,0.005417059175670147,0.7032631635665894,0.0018109851516783237,0.0020544598810374737,0.7109242677688599
gate_f5_freeform_pose_coupling_probe,263,13.149885177612305,5.7779998779296875,5.7886552810668945,5.9481611251831055,6.425431251525879,5.9481611251831055,5.7886552810668945,False,14.0,0.2222726047039032,0.071538046002388,-0.0005994141101837158,0.0028361286967992783,-0.010828891769051552,0.011868441477417946,0.9998709559440613,0.000694260757882148,-0.010714578442275524,-0.9999421834945679,-0.0006943292682990432,0.010714530944824219,0.999942421913147,0.5841680765151978,0.9999667406082153,0.0,0.005494606681168079,0.006027446128427982,0.999984085559845,0.0017146558966487646,0.00033794870250858366,0.00535795371979475,0.7033067345619202,0.0010690026683732867,0.0015459642745554447,0.7108840942382812
gate_f5_freeform_pose_coupling_probe,264,13.199884414672852,5.7779998779296875,5.850937366485596,5.914085388183594,6.446653842926025,5.914085388183594,5.850937366485596,False,14.0,0.22272655367851257,0.07154320180416107,-0.0005638003349304199,0.0029139798134565353,-0.01075251679867506,0.011756612919270992,0.9998731017112732,-0.0003182937507517636,-0.010410239920020103,-0.9999456405639648,0.0003182704676873982,0.010410189628601074,0.9999457001686096,0.6391903758049011,0.9999675154685974,0.0,0.005441076122224331,0.005948266480118036,0.9999839067459106,0.0022391569800674915,-0.00017080403631553054,0.0052048214711248875,0.7034162878990173,0.0008748586405999959,0.0006419094279408455,0.710777223110199
gate_f5_freeform_pose_coupling_probe,265,13.249883651733398,5.7779998779296875,5.6716227531433105,5.7027130126953125,6.4896159172058105,5.7027130126953125,5.6716227531433105,False,14.0,0.22319498658180237,0.07154449820518494,-0.0005234479904174805,0.002927768975496292,-0.010671126656234264,0.011639700271189213,0.9998753070831299,-0.001246936502866447,-0.010141990147531033,-0.9999480247497559,0.001246837666258216,0.010142207145690918,0.9999477863311768,0.688133955001831,0.9999682903289795,0.0,0.00538602052256465,0.005868601147085428,0.9999829530715942,0.0028436642605811357,-0.0006378944381140172,0.005069267936050892,0.7035117149353027,0.0004956143675372005,-0.0003865973267238587,0.7106833457946777
gate_f5_freeform_pose_coupling_probe,266,13.299882888793945,5.7779998779296875,5.297995090484619,4.96275520324707,6.701237678527832,4.96275520324707,5.297995090484619,False,14.0,0.22404888272285461,0.07154059410095215,-0.0005387067794799805,0.002783438190817833,-0.01051735132932663,0.011423852294683456,0.9998794198036194,-0.00037648636498488486,-0.010140454396605492,-0.9999485015869141,0.00037642772076651454,0.010140478610992432,0.9999485015869141,0.6283844709396362,0.9999690651893616,0.0,0.005329552106559277,0.005788498092442751,0.999984622001648,0.002236487576738,-0.00019958493066951632,0.005069858394563198,0.70351243019104,0.00044598401291295886,0.00017664906044956297,0.71068274974823
gate_f5_freeform_pose_coupling_probe,267,13.349882125854492,5.7779998779296875,6.119078159332275,6.346324920654297,6.3510847091674805,6.346324920654297,6.119078159332275,False,14.0,0.22482314705848694,0.07155054807662964,-0.0005972385406494141,0.002858327701687813,-0.010377415455877781,0.011230467818677425,0.9998831152915955,0.00020320230396464467,-0.010055308230221272,-0.99994957447052,-0.00020330642291810364,0.010055303573608398,0.9999493956565857,0.5868416428565979,0.9999698400497437,0.0,0.005271779373288155,0.005708005279302597,0.999985933303833,0.0017071051988750696,9.301933459937572e-05,0.0050278836861252785,0.7035427093505859,-0.0002031976473517716,-5.8122615882894024e-05,0.7106529474258423
gate_f5_freeform_pose_coupling_probe,268,13.399881362915039,5.7779998779296875,5.859035015106201,5.776982307434082,6.521859169006348,5.776982307434082,5.859035015106201,False,14.0,0.2254059612751007,0.07157710939645767,-0.0005815327167510986,0.0028755739331245422,-0.010274727828800678,0.011089109815657139,0.9998857378959656,-0.0003040259762201458,-0.00975994672626257,-0.9999524354934692,0.00030394899658858776,0.009760022163391113,0.9999523758888245,0.6103770732879639,0.999970555305481,0.0,0.005212807096540928,0.005627170670777559,0.9999865889549255,0.001737611019052565,-0.00016049426631070673,0.004879760090261698,0.7036467790603638,-0.0008839037036523223,-0.0010892014252021909,0.7105485796928406
gate_f5_freeform_pose_coupling_probe,269,13.449880599975586,5.7779998779296875,5.6056694984436035,5.364062309265137,6.640946865081787,5.364062309265137,5.6056694984436035,False,14.0,0.22622022032737732,0.0715515986084938,-0.0006043910980224609,0.002792682498693466,-0.010112454183399677,0.010875120759010315,0.9998897314071655,0.0003414772218093276,-0.009802502579987049,-0.9999516010284424,-0.00034157559275627136,0.009802401065826416,0.999951958656311,0.5630174875259399,0.999971330165863,0.0,0.005152736324816942,0.005546040832996368,0.9999871850013733,0.0012059410801157355,0.0001648297911742702,0.0049015129916369915,0.7036319375038147,-0.0012049501528963447,-0.0009528410737402737,0.7105630040168762
gate_f5_freeform_pose_coupling_probe,270,13.499879837036133,5.7779998779296875,6.574632167816162,6.257813453674316,6.4881181716918945,6.257813453674316,6.574632167816162,False,14.0,0.22685763239860535,0.07149970531463623,-0.0006381571292877197,0.0028052739799022675,-0.00997512973845005,0.010699283331632614,0.9998930096626282,0.00035276642302051187,-0.009830791503190994,-0.9999512434005737,-0.0003528680535964668,0.009830892086029053,0.9999515414237976,0.5539076924324036,0.9999721050262451,0.0,0.005091664846986532,0.005464662332087755,0.9999868869781494,0.0013690062332898378,0.00016965581744443625,0.004915692377835512,0.7036224603652954,-0.00016485161904711276,8.505902951583266e-05,0.7105739116668701
gate_f5_freeform_pose_coupling_probe,271,13.54987907409668,5.7779998779296875,5.739309310913086,5.814667224884033,6.473151683807373,5.814667224884033,5.739309310913086,False,14.0,0.22728922963142395,0.07139606773853302,-0.000623553991317749,0.002945762127637863,-0.009863657876849174,0.010563192889094353,0.9998955726623535,-0.0006766668520867825,-0.009759169071912766,-0.999951958656311,0.0006765623111277819,0.009759306907653809,0.9999520182609558,0.6061952710151672,0.9999728798866272,0.0,0.005029687192291021,0.005383081268519163,0.9999851584434509,0.0023745479993522167,-0.00034992361906915903,0.0048788259737193584,0.7036462426185608,0.0020159692503511906,0.001520307152532041,0.7105458974838257
gate_f5_freeform_pose_coupling_probe,272,13.599878311157227,5.7779998779296875,5.954272747039795,5.883736610412598,6.494805335998535,5.883736610412598,5.954272747039795,False,14.0,0.2277144491672516,0.07134410738945007,-0.0005933940410614014,0.0029690396040678024,-0.009765964932739735,0.01044161431491375,0.9998977780342102,-0.0017927000299096107,-0.009554852731525898,-0.9999523162841797,0.0017926287837326527,0.009554803371429443,0.9999527335166931,0.6644077301025391,0.9999735951423645,0.0,0.004966894630342722,0.005301343742758036,0.9999825954437256,0.0033096536062657833,-0.0009121678303927183,0.004774490371346474,0.7037152647972107,0.004026416689157486,0.0027265737298876047,0.7104654908180237
gate_f5_freeform_pose_coupling_probe,273,13.649877548217773,5.7779998779296875,5.674657344818115,5.366155624389648,6.673266410827637,5.366155624389648,5.674657344818115,False,14.0,0.22858551144599915,0.07154383510351181,-0.000584721565246582,0.0028016362339258194,-0.00964238028973341,0.010267412289977074,0.9999008178710938,-0.0010864880168810487,-0.009002487175166607,-0.999958872795105,0.0010864026844501495,0.009002268314361572,0.9999589920043945,0.6183396577835083,0.9999743700027466,0.0,0.004903373774141073,0.005219494923949242,0.9999879598617554,0.0018818200333043933,-0.0005517193349078298,0.004500259179621935,0.7039167881011963,0.0009708144934847951,0.00019734601664822549,0.7102818489074707
gate_f5_freeform_pose_coupling_probe,274,13.69987678527832,5.7779998779296875,6.026035785675049,6.171451568603516,6.400838851928711,6.171451568603516,6.026035785675049,False,14.0,0.22927865386009216,0.07161374390125275,-0.0006050169467926025,0.002869153395295143,-0.009519701823592186,0.010106455534696579,0.9999036192893982,-0.0009039377910085022,-0.00880228541791439,-0.9999607801437378,0.0009039079304784536,0.008802175521850586,0.9999608993530273,0.6016591787338257,0.9999750852584839,0.0,0.0048392098397016525,0.005137578584253788,0.99998939037323,0.001274128444492817,-0.0004575806960929185,0.004400606267154217,0.7039845585823059,-0.0015326020075008273,-0.002155533293262124,0.710210382938385
gate_f5_freeform_pose_coupling_probe,275,13.749876022338867,5.7779998779296875,5.697164058685303,5.668725967407227,6.534395217895508,5.668725967407227,5.697164058685303,False,14.0,0.22991392016410828,0.07161039113998413,-0.0005965530872344971,0.0028803981840610504,-0.009388905018568039,0.009942525997757912,0.9999064803123474,-0.0011736525921151042,-0.008658438920974731,-0.9999618530273438,0.0011735702864825726,0.008658349514007568,0.9999618530273438,0.6097356081008911,0.9999758005142212,0.0,0.0047744824551045895,0.005055638495832682,0.999989926815033,0.0010357749415561557,-0.000591315736528486,0.004328650888055563,0.7040275931358337,-0.0031998835038393736,-0.003998556174337864,0.7101541757583618
gate_f5_freeform_pose_coupling_probe,276,13.799875259399414,5.7779998779296875,5.715942859649658,5.950157165527344,6.387270927429199,5.950157165527344,5.715942859649658,False,14.0,0.230447918176651,0.07145131379365921,-0.0005842149257659912,0.0030657444149255753,-0.009238258004188538,0.00976765900850296,0.9999096393585205,-0.0017102471319958568,-0.008774364367127419,-0.9999600648880005,0.0017102188430726528,0.00877445936203003,0.9999599456787109,0.630250096321106,0.9999765157699585,0.0,0.004709269385784864,0.004973717965185642,0.9999885559082031,0.001703956862911582,-0.0008626066264696419,0.004385762847959995,0.7039921879768372,-0.0015997124137356877,-0.0027897681575268507,0.7102003693580627
gate_f5_freeform_pose_coupling_probe,277,13.849874496459961,5.7779998779296875,4.720306873321533,5.305405616760254,6.475316047668457,5.305405616760254,4.720306873321533,False,14.0,0.2310669720172882,0.07137934118509293,-0.0005597770214080811,0.003080509603023529,-0.009091896936297417,0.009592371061444283,0.999912679195404,-0.0020647533237934113,-0.008678950369358063,-0.9999604225158691,0.0020646778866648674,0.008679032325744629,0.9999601244926453,0.6416347026824951,0.9999772310256958,0.0,0.004643644671887159,0.004891859367489815,0.9999884963035583,0.001794559764675796,-0.0010401728795841336,0.004337658174335957,0.7040280699729919,-0.0007761525339446962,-0.002223096089437604,0.710168182849884
gate_f5_freeform_pose_coupling_probe,278,13.899873733520508,5.7779998779296875,5.716264724731445,5.724522590637207,6.505836486816406,5.724522590637207,5.716264724731445,False,14.0,0.23165109753608704,0.0714566707611084,-0.0005408227443695068,0.003009619191288948,-0.008990391157567501,0.009461402893066406,0.999914824962616,-0.002465006662532687,-0.00831484142690897,-0.999962329864502,0.0024649668484926224,0.008314788341522217,0.9999623894691467,0.6596787571907043,0.9999779462814331,0.0,0.004577679559588432,0.004810103680938482,0.9999886155128479,0.001979939639568329,-0.0012407441390678287,0.004155011381953955,0.7041549682617188,-0.001167396898381412,-0.0028935177251696587,0.710039496421814
gate_f5_freeform_pose_coupling_probe,279,13.949872970581055,5.7779998779296875,5.055148601531982,5.143425941467285,6.573461055755615,5.143425941467285,5.055148601531982,False,14.0,0.23201295733451843,0.07154957205057144,-0.0004909336566925049,0.002945968881249428,-0.008938762359321117,0.009390692226588726,0.9999159574508667,-0.003752618096768856,-0.007801207713782787,-0.9999628067016602,0.0037526129744946957,0.007801353931427002,0.9999623894691467,0.7335538864135742,0.9999786615371704,0.0,0.004511440638452768,0.0047284928150475025,0.9999868869781494,0.0027616953011602163,-0.001887091901153326,0.0038954431656748056,0.7043309211730957,-0.0015273786848410964,-0.004158700816333294,0.7098578810691833
gate_f5_freeform_pose_coupling_probe,280,13.999872207641602,5.7779998779296875,5.559844970703125,5.522402286529541,6.530946254730225,5.522402286529541,5.559844970703125,False,14.0,0.2322184145450592,0.0716603472828865,-0.0004373788833618164,0.0028030499815940857,-0.008924190886318684,0.009363922290503979,0.9999163150787354,-0.005541917402297258,-0.007206377573311329,-0.9999586343765259,0.005541862919926643,0.0072062015533447266,0.9999586939811707,0.8381345868110657,0.9999793171882629,0.0,0.004444992635399103,0.004647065419703722,0.9999818205833435,0.003960324916988611,-0.002785235643386841,0.0035922236274927855,0.7045360207557678,-0.0011926039587706327,-0.005088662263005972,0.7096489667892456
gate_f5_freeform_pose_coupling_probe,281,14.049871444702148,5.7779998779296875,5.583733558654785,5.589534759521484,6.482846260070801,5.589534759521484,5.583733558654785,False,14.0,0.2324317991733551,0.07175065577030182,-0.00039258599281311035,0.0027363114058971405,-0.008902695961296558,0.009330282919108868,0.9999168515205383,-0.007286764215677977,-0.006648377515375614,-0.9999510049819946,0.007286779582500458,0.00664830207824707,0.9999513626098633,0.9400360584259033,0.9999799728393555,0.0,0.004378397949039936,0.004565861541777849,0.9999744892120361,0.005149937700480223,-0.0036604981869459152,0.0033054216764867306,0.7047293782234192,-0.0005585529725067317,-0.005690324120223522,0.7094531655311584
gate_f5_freeform_pose_coupling_probe,282,14.099870681762695,5.7779998779296875,5.470045566558838,5.453671455383301,6.497982978820801,5.453671455383301,5.470045566558838,False,14.0,0.23260840773582458,0.07183066010475159,-0.00033861398696899414,0.0026475489139556885,-0.008886216208338737,0.009303581900894642,0.999917209148407,-0.009220294654369354,-0.006070075556635857,-0.9999390840530396,0.009220232255756855,0.00606989860534668,0.9999390840530396,1.0540627241134644,0.999980628490448,0.0,0.004311713855713606,0.004484918899834156,0.9999635815620422,0.006508773658424616,-0.0046298750676214695,0.0030050124041736126,0.7049325108528137,0.0005705858347937465,-0.005932879634201527,0.7092493772506714
gate_f5_freeform_pose_coupling_probe,283,14.149869918823242,5.7779998779296875,10.116617202758789,8.411230087280273,6.3362579345703125,8.411230087280273,10.116617202758789,False,14.0,0.23388078808784485,0.07175643742084503,-0.0004717111587524414,0.0026144180446863174,-0.008600703440606594,0.008962559513747692,0.9999228715896606,-0.006320236716419458,-0.006497998721897602,-0.9999587535858154,0.006320237182080746,0.00649791955947876,0.999958872795105,0.8666012287139893,0.9999812841415405,0.0,0.0042449962347745895,0.0044042752124369144,0.9999785423278809,0.004718979820609093,-0.0031754481606185436,0.003234083764255047,0.7047970294952393,0.0009704584372229874,-0.003490475472062826,0.7093997597694397
gate_f5_freeform_pose_coupling_probe,284,14.199869155883789,5.7779998779296875,5.692008018493652,6.576733589172363,6.095633029937744,6.576733589172363,5.692008018493652,False,14.0,0.23501500487327576,0.07172417640686035,-0.0005568265914916992,0.0032063238322734833,-0.008354704827070236,0.008668677881360054,0.9999275207519531,-0.004998747259378433,-0.006487163249403238,-0.999966025352478,0.004998733755201101,0.0064871907234191895,0.9999663233757019,0.776068925857544,0.9999819397926331,0.0,0.00417829817160964,0.004323966801166534,0.9999868869781494,0.003036801004782319,-0.0025092335417866707,0.0032360039185732603,0.704800009727478,-0.0001303556637139991,-0.0036527407355606556,0.7093965411186218
gate_f5_freeform_pose_coupling_probe,285,14.249868392944336,5.7779998779296875,6.49196720123291,5.98801326751709,6.6516828536987305,5.98801326751709,6.49196720123291,False,14.0,0.23623082041740417,0.07156720757484436,-0.0006031692028045654,0.00288277305662632,-0.008061123080551624,0.008330315351486206,0.9999328255653381,-0.002879916224628687,-0.007004291284829378,-0.9999715089797974,0.002879854291677475,0.007004201412200928,0.9999713897705078,0.6308706998825073,0.9999825358390808,0.0,0.004111669026315212,0.004244028590619564,0.9999913573265076,0.0017449313309043646,-0.0014460772508755326,0.0034996524918824434,0.7046210765838623,-0.0006266196724027395,-0.002651512622833252,0.7095785737037659
gate_f5_freeform_pose_coupling_probe,286,14.299867630004883,5.7779998779296875,5.421225070953369,5.8178253173828125,6.434493541717529,5.8178253173828125,5.421225070953369,False,14.0,0.23667922616004944,0.07142992317676544,-0.0006113946437835693,0.002956843003630638,-0.00793369859457016,0.008189874701201916,0.99993497133255,-0.0036087369080632925,-0.007072390988469124,-0.9999682903289795,0.003608702216297388,0.00707244873046875,0.9999685883522034,0.6638184785842896,0.9999831318855286,0.0,0.004045156762003899,0.004164495971053839,0.9999884366989136,0.0027009013574570417,-0.001813927199691534,0.0035313370171934366,0.7046015858650208,0.0019412458641454577,-0.0006152000860311091,0.7096002697944641
gate_f5_freeform_pose_coupling_probe,287,14.34986686706543,5.7779998779296875,6.281196594238281,6.372785568237305,6.348092079162598,6.372785568237305,6.281196594238281,False,14.0,0.2370711863040924,0.0713992491364479,-0.0005821585655212402,0.0031177792698144913,-0.007844728417694569,0.008086755871772766,0.9999365210533142,-0.004886783193796873,-0.006822243798524141,-0.9999643564224243,0.0048867203295230865,0.006822347640991211,0.9999645948410034,0.7338206171989441,0.9999837279319763,0.0,0.0039788056164979935,0.00408540153875947,0.9999842643737793,0.003697887994349003,-0.0024560107849538326,0.0034020934253931046,0.7046902775764465,0.004134319256991148,0.0006625126698054373,0.7095025777816772
gate_f5_freeform_pose_coupling_probe,288,14.399866104125977,5.7779998779296875,5.7766900062561035,5.634178161621094,6.53973388671875,5.634178161621094,5.7766900062561035,False,14.0,0.23766955733299255,0.0714399591088295,-0.0005420148372650146,0.003145327791571617,-0.0077307638712227345,0.007948433980345726,0.9999385476112366,-0.005529585760086775,-0.006410194095224142,-0.9999643564224243,0.005529508925974369,0.0064103007316589355,0.9999640583992004,0.765150249004364,0.9999843239784241,0.0,0.003912657964974642,0.004006778355687857,0.9999844431877136,0.003645360702648759,-0.002776483306661248,0.003195025259628892,0.7048367261886597,0.0037471677642315626,-0.00017426007252652198,0.7093595862388611
gate_f5_freeform_pose_coupling_probe,289,14.449865341186523,5.7779998779296875,3.250173807144165,4.518989086151123,6.472873687744141,4.518989086151123,3.250173807144165,False,14.0,0.23839405179023743,0.07146114110946655,-0.0005288124084472656,0.0031612347811460495,-0.0075864107348024845,0.007776114158332348,0.9999409914016724,-0.005357127636671066,-0.0062430137768387794,-0.9999662637710571,0.005357102025300264,0.006242811679840088,0.9999662041664124,0.746772289276123,0.999984860420227,0.0,0.0038467533886432648,0.003928658086806536,0.9999865889549255,0.003153999801725149,-0.002688418608158827,0.003113069338724017,0.7048947215080261,0.002368347253650427,-0.0014226788189262152,0.7093065977096558
gate_f5_freeform_pose_coupling_probe,290,14.49986457824707,5.7779998779296875,5.9160847663879395,6.064399719238281,6.456891059875488,6.064399719238281,5.9160847663879395,False,14.0,0.23939058184623718,0.07144232094287872,-0.0005995333194732666,0.0029753074049949646,-0.007377495523542166,0.007531586568802595,0.9999444484710693,-0.003755906829610467,-0.006461776793003082,-0.999971866607666,0.003755815327167511,0.006461679935455322,0.9999721050262451,0.6407191157341003,0.9999854564666748,0.0,0.0037811293732374907,0.003851070534437895,0.9999908804893494,0.0020363088697195053,-0.0018845419399440289,0.0032270802184939384,0.7048130035400391,-0.00014484616986010224,-0.00279113557189703,0.7093876600265503
gate_f5_freeform_pose_coupling_probe,291,14.549863815307617,5.7779998779296875,5.81998348236084,6.04856538772583,6.387412071228027,6.04856538772583,5.81998348236084,False,14.0,0.23985788226127625,0.07134449481964111,-0.0005958974361419678,0.0031194929033517838,-0.007258925121277571,0.007400405593216419,0.9999462962150574,-0.004525798372924328,-0.006407389882951975,-0.999969482421875,0.004525776021182537,0.006407380104064941,0.9999693036079407,0.6769532561302185,0.9999859929084778,0.0,0.003715821076184511,0.003774045966565609,0.999988853931427,0.0026524411514401436,-0.002271406352519989,0.003197705838829279,0.7048351168632507,0.0012635906459763646,-0.001934490748681128,0.7093674540519714
gate_f5_freeform_pose_coupling_probe,292,14.599863052368164,5.7779998779296875,6.0862226486206055,5.9281158447265625,6.503170013427734,5.9281158447265625,6.0862226486206055,False,14.0,0.24036523699760437,0.07128123939037323,-0.0005754232406616211,0.0031304601579904556,-0.007141172885894775,0.007267595734447241,0.9999480843544006,-0.005332157015800476,-0.006243987940251827,-0.999966025352478,0.005332079716026783,0.006244003772735596,0.9999663233757019,0.7170975208282471,0.999986469745636,0.0,0.003650861792266369,0.0036976123228669167,0.999986469745636,0.003171062096953392,-0.0026759880129247904,0.003113550366833806,0.70489501953125,0.0027620913460850716,-0.0010137454373762012,0.7093055844306946
gate_f5_freeform_pose_coupling_probe,293,14.649862289428711,5.7779998779296875,5.795264720916748,5.817465782165527,6.471677780151367,5.817465782165527,5.795264720916748,False,14.0,0.24095991253852844,0.07134661823511124,-0.0005621612071990967,0.0032028835266828537,-0.0070368158631026745,0.007140099070966244,0.9999497532844543,-0.005824574269354343,-0.005895210430026054,-0.9999656677246094,0.0058245668187737465,0.005895078182220459,0.9999657273292542,0.7401925921440125,0.999987006187439,0.0,0.0035862820222973824,0.003621797077357769,0.9999856352806091,0.003396798623725772,-0.0029223079327493906,0.0029377208556979895,0.7050186395645142,0.003032021690160036,-0.001092317863367498,0.7091814875602722
gate_f5_freeform_pose_coupling_probe,294,14.699861526489258,5.7779998779296875,5.027862071990967,5.351181983947754,6.508670330047607,5.351181983947754,5.027862071990967,False,14.0,0.241606205701828,0.07142041623592377,-0.0005452930927276611,0.0032007284462451935,-0.006924638990312815,0.007002914324402809,0.9999514818191528,-0.006019415333867073,-0.005567001644521952,-0.9999662637710571,0.006019361782819033,0.00556713342666626,0.9999664425849915,0.7459858059883118,0.9999874830245972,0.0,0.003522111102938652,0.003546626539900899,0.9999853372573853,0.0035282487515360117,-0.0030195354484021664,0.002772887935861945,0.7051340937614441,0.00272762356325984,-0.0015320701058954,0.7090671062469482
gate_f5_freeform_pose_coupling_probe,295,14.749860763549805,5.7779998779296875,5.807705879211426,5.743834495544434,6.520334243774414,5.743834495544434,5.807705879211426,False,14.0,0.24225404858589172,0.07152152061462402,-0.0005340278148651123,0.0031084101647138596,-0.00681912200525403,0.006871360819786787,0.9999531507492065,-0.006020895205438137,-0.0052387770265340805,-0.9999680519104004,0.006020819768309593,0.005238592624664307,0.9999681711196899,0.741513192653656,0.9999880194664001,0.0,0.0034583760425448418,0.003472125856205821,0.9999855160713196,0.0036073930095881224,-0.0030199014581739902,0.0026085323188453913,0.7052514553070068,0.00321626546792686,-0.001046808436512947,0.7089492082595825
gate_f5_freeform_pose_coupling_probe,296,14.799860000610352,5.7779998779296875,5.941807270050049,5.82291841506958,6.538167476654053,5.82291841506958,5.941807270050049,False,14.0,0.24334076046943665,0.07150298357009888,-0.0006029903888702393,0.003057200461626053,-0.006600581109523773,0.0066186231561005116,0.9999563097953796,-0.0041405330412089825,-0.005449911113828421,-0.9999762773513794,0.00414046086370945,0.005450010299682617,0.9999765753746033,0.6192882657051086,0.9999884366989136,0.0,0.003395101986825466,0.003398319473490119,0.9999922513961792,0.0019074782030656934,-0.0020754728466272354,0.002721017925068736,0.705176055431366,0.0016094318125396967,-0.001319124479778111,0.7090291976928711
gate_f5_freeform_pose_coupling_probe,297,14.849859237670898,5.7779998779296875,5.756429672241211,5.750922203063965,6.531518936157227,5.750922203063965,5.756429672241211,False,14.0,0.24419787526130676,0.07149913907051086,-0.0006494224071502686,0.003061886876821518,-0.006432848516851664,0.006424338091164827,0.9999586939811707,-0.0033021355047822,-0.00546620087698102,-0.9999796152114868,0.0033020242117345333,0.005466282367706299,0.9999796152114868,0.5602303147315979,0.9999889135360718,0.0,0.0033323124516755342,0.003325230209156871,0.9999942779541016,0.0011091041378676891,-0.0016541064251214266,0.002731281565502286,0.7051699757575989,0.0008560273563489318,-0.001477170386351645,0.7090362310409546
gate_f5_freeform_pose_coupling_probe,298,14.899858474731445,5.7779998779296875,5.809022426605225,5.888302803039551,6.499635696411133,5.888302803039551,5.809022426605225,False,14.0,0.24481579661369324,0.07151814550161362,-0.0006731748580932617,0.00308050774037838,-0.006317992229014635,0.006289765704423189,0.9999602437019348,-0.0035921719390898943,-0.005217597354203463,-0.9999798536300659,0.0035921449307352304,0.005217313766479492,0.999980092048645,0.5702692866325378,0.99998939037323,0.0,0.003270029090344906,0.0032528801821172237,0.9999944567680359,0.0010131137678399682,-0.0017987372120842338,0.002606990747153759,0.705255389213562,4.8942092689685524e-05,-0.002484742319211364,0.708949089050293
gate_f5_freeform_pose_coupling_probe,299,14.949857711791992,5.7779998779296875,5.851643085479736,5.830120086669922,6.530437469482422,5.830120086669922,5.851643085479736,False,14.0,0.24534419178962708,0.07156291604042053,-0.0006756186485290527,0.0030902307480573654,-0.006226820405572653,0.006180611904710531,0.9999614953994751,-0.004362509585916996,-0.004837916232645512,-0.99997878074646,0.004362421575933695,0.004838049411773682,0.99997878074646,0.6116580367088318,0.9999898076057434,0.0,0.0032082723919302225,0.0031812903471291065,0.9999942183494568,0.0009869287023320794,-0.0021836524829268456,0.002416817005723715,0.7053815722465515,-0.0011509801261126995,-0.004222673363983631,0.708814263343811
gate_f5_freeform_pose_coupling_probe,300,14.999856948852539,5.7779998779296875,5.3915252685546875,5.412961006164551,6.596610069274902,5.412961006164551,5.3915252685546875,False,14.0,0.24595198035240173,0.07152211666107178,-0.0006707310676574707,0.003066444769501686,-0.006102610845118761,0.006040722597390413,0.999963104724884,-0.004586178809404373,-0.004819194320589304,-0.9999779462814331,0.004586164839565754,0.004819095134735107,0.9999778270721436,0.6170725226402283,0.9999902248382568,0.0,0.00314706121571362,0.0031104807276278734,0.9999938011169434,0.001159926992841065,-0.002295895479619503,0.002406948944553733,0.705388069152832,-0.00102725881151855,-0.004257428925484419,0.7088077664375305
gate_f5_freeform_pose_coupling_probe,301,15.049856185913086,5.7779998779296875,5.879214763641357,5.903407096862793,6.506195068359375,5.903407096862793,5.879214763641357,False,14.0,0.24649593234062195,0.07149086147546768,-0.0006647408008575439,0.003053620457649231,-0.005993666592985392,0.005917862989008427,0.9999645352363586,-0.004967181943356991,-0.004754503257572651,-0.999976396560669,0.0049671027809381485,0.004754483699798584,0.9999764561653137,0.6308706998825073,0.9999906420707703,0.0,0.003086412325501442,0.0030404701828956604,0.999992847442627,0.0015764967538416386,-0.002487350255250931,0.0023733472917228937,0.7054121494293213,-0.0005563676240853965,-0.004057672340422869,0.7087855935096741
gate_f5_freeform_pose_coupling_probe,302,15.099855422973633,5.7779998779296875,6.159386157989502,6.253741264343262,6.405457496643066,6.253741264343262,6.159386157989502,False,14.0,0.24685493111610413,0.07150055468082428,-0.0006225407123565674,0.0031623002141714096,-0.005928803700953722,0.005842454265803099,0.9999653697013855,-0.006398721132427454,-0.004417197313159704,-0.999969482421875,0.006398634985089302,0.004417121410369873,0.9999697804450989,0.7107937335968018,0.9999909996986389,0.0,0.0030263422522693872,0.002971276408061385,0.999989926815033,0.002215716289356351,-0.003204270964488387,0.0022015210706740618,0.7055246233940125,-0.0006285839481279254,-0.005140357185155153,0.7086665034294128
gate_f5_freeform_pose_coupling_probe,303,15.14985466003418,5.7779998779296875,5.72664737701416,5.917929649353027,6.421771049499512,5.917929649353027,5.72664737701416,False,14.0,0.24720320105552673,0.07152840495109558,-0.0005567371845245361,0.0032873377203941345,-0.005870141554623842,0.005772735923528671,0.9999660849571228,-0.008098453283309937,-0.003948109224438667,-0.999958872795105,0.008098387159407139,0.003947913646697998,0.9999593496322632,0.807698130607605,0.9999913573265076,0.0,0.0029668654315173626,0.002902915934100747,0.9999856948852539,0.0028397312853485346,-0.004054857883602381,0.0019625681452453136,0.705680251121521,-0.0007237565005198121,-0.006436032243072987,0.7085008025169373
gate_f5_freeform_pose_coupling_probe,304,15.199853897094727,5.7779998779296875,5.75044584274292,5.843958854675293,6.441098213195801,5.843958854675293,5.75044584274292,False,14.0,0.247584730386734,0.07156671583652496,-0.0004917383193969727,0.003330191597342491,-0.0058078584261238575,0.005698067136108875,0.9999669194221497,-0.009626409970223904,-0.00349266710691154,-0.9999473094940186,0.009626371785998344,0.0034927725791931152,0.9999474287033081,0.8937243819236755,0.999991774559021,0.0,0.0029079951345920563,0.0028354048263281584,0.9999812841415405,0.003327836748212576,-0.004819053690880537,0.0017303288914263248,0.7058260440826416,-0.0011597246630117297,-0.007950635626912117,0.7083395719528198
gate_f5_freeform_pose_coupling_probe,305,15.249853134155273,5.7779998779296875,6.9471116065979,6.443758010864258,6.530398845672607,6.443758010864258,6.9471116065979,False,14.0,0.24893006682395935,0.07146916538476944,-0.0005903840065002441,0.003112785518169403,-0.005543136037886143,0.005403224378824234,0.999970018863678,-0.0062774671241641045,-0.004082946106791496,-0.9999719858169556,0.006277427542954683,0.004083156585693359,0.999971866607666,0.6821362972259521,0.9999921321868896,0.0,0.002849743701517582,0.0027687575202435255,0.9999910593032837,0.0019736923277378082,-0.0031427787616848946,0.0020352883730083704,0.7056485414505005,0.00012212293222546577,-0.0043081543408334255,0.7085488438606262
gate_f5_freeform_pose_coupling_probe,306,15.29985237121582,5.7779998779296875,5.435739517211914,5.600583076477051,6.482445240020752,5.600583076477051,5.435739517211914,False,14.0,0.24957075715065002,0.07146889716386795,-0.0005955398082733154,0.0032668504863977432,-0.005428828299045563,0.005272897891700268,0.9999713897705078,-0.006326063070446253,-0.004003727808594704,-0.9999717473983765,0.006326026748865843,0.004003703594207764,0.9999719262123108,0.6775310635566711,0.9999924302101135,0.0,0.0027921225409954786,0.002702987752854824,0.9999905824661255,0.002172038657590747,-0.0031673945486545563,0.0019950030837208033,0.7056770920753479,0.00022153752797748893,-0.004243600647896528,0.7085208296775818
gate_f5_freeform_pose_coupling_probe,307,15.349851608276367,5.7779998779296875,5.287840366363525,5.407240867614746,6.548036575317383,5.407240867614746,5.287840366363525,False,14.0,0.24994716048240662,0.07153300940990448,-0.0005440115928649902,0.003192160278558731,-0.005375174805521965,0.005206606816500425,0.9999719858169556,-0.007600315380841494,-0.0035799522884190083,-0.9999645948410034,0.007600260898470879,0.003579854965209961,0.9999648928642273,0.7483428120613098,0.9999927878379822,0.0,0.002735141897574067,0.0026381080970168114,0.9999868869781494,0.0029158357065171003,-0.0038053945172578096,0.0017789035337045789,0.7058197855949402,2.749280793068465e-05,-0.005337207578122616,0.7083714604377747
gate_f5_freeform_pose_coupling_probe,308,15.399850845336914,5.7779998779296875,5.397400379180908,5.384499549865723,6.561220169067383,5.384499549865723,5.397400379180908,False,14.0,0.2501799166202545,0.07163533568382263,-0.0004794001579284668,0.0030714645981788635,-0.0053546614944934845,0.005174940451979637,0.9999722838401794,-0.009345796890556812,-0.0030346401035785675,-0.9999516010284424,0.009345757775008678,0.0030344724655151367,0.9999518394470215,0.8508785367012024,0.999993085861206,0.0,0.0026788103859871626,0.00257413019426167,0.9999800324440002,0.003963084891438484,-0.0046789320185780525,0.0014988069888204336,0.7060019969940186,-3.150404882035218e-05,-0.006629851646721363,0.7081788778305054
gate_f5_freeform_pose_coupling_probe,309,15.449850082397461,5.7779998779296875,5.568334102630615,5.54864501953125,6.514618873596191,5.54864501953125,5.568334102630615,False,14.0,0.25039389729499817,0.071719229221344,-0.0004273653030395508,0.0029642730951309204,-0.005333785433322191,0.0051443674601614475,0.9999725222587585,-0.011052697896957397,-0.002534968312829733,-0.9999357461929321,0.011052655056118965,0.002534925937652588,0.9999356269836426,0.9510046243667603,0.9999933838844299,0.0,0.002623136853799224,0.0025110647547990084,0.9999709725379944,0.005089782178401947,-0.0055328174494206905,0.0012393592623993754,0.7061715722084045,0.0004415306611917913,-0.00736513314768672,0.7080022692680359
gate_f5_freeform_pose_coupling_probe,310,15.499849319458008,5.7779998779296875,5.5309367179870605,5.503522872924805,6.498605728149414,5.503522872924805,5.5309367179870605,False,14.0,0.25058844685554504,0.07179366797208786,-0.0003726482391357422,0.002886546775698662,-0.005314460024237633,0.005116335116326809,0.9999727606773376,-0.012858993373811245,-0.0020335186272859573,-0.9999154806137085,0.01285889744758606,0.0020336508750915527,0.9999152421951294,1.056288242340088,0.9999936819076538,0.0,0.0025681285187602043,0.0024489215575158596,0.9999588131904602,0.006333453115075827,-0.006435943301767111,0.0009760377579368651,0.7063450813293457,0.0013523716479539871,-0.007733853533864021,0.7078241109848022
gate_f5_freeform_pose_coupling_probe,311,15.549848556518555,5.7779998779296875,5.876132965087891,6.735807418823242,6.073909759521484,6.735807418823242,5.876132965087891,False,14.0,0.2518483102321625,0.07180735468864441,-0.0004760921001434326,0.00320514477789402,-0.005098714958876371,0.004871103912591934,0.9999751448631287,-0.01040619146078825,-0.0022431649267673492,-0.9999430179595947,0.010406212881207466,0.0022430419921875,0.9999433755874634,0.9009206295013428,0.9999939799308777,0.0,0.00251379213295877,0.0023877089843153954,0.9999783635139465,0.0038438779301941395,-0.005207442678511143,0.0011015895288437605,0.7062399983406067,-0.0028310189954936504,-0.010174529626965523,0.7078937292098999
gate_f5_freeform_pose_coupling_probe,312,15.599847793579102,5.7779998779296875,5.549532890319824,5.960620880126953,6.315441608428955,5.960620880126953,5.549532890319824,False,14.0,0.2529939115047455,0.07172062993049622,-0.0005187690258026123,0.0034617017954587936,-0.00488837668672204,0.004641219973564148,0.9999772906303406,-0.00896789412945509,-0.002404548926278949,-0.9999566078186035,0.008967884816229343,0.002404451370239258,0.9999569654464722,0.803812563419342,0.9999942779541016,0.0,0.0024601330514997244,0.0023274349514395,0.9999864101409912,0.002337295562028885,-0.004486793652176857,0.0011918037198483944,0.7062047123908997,-0.002198201837018132,-0.008526446297764778,0.7079529762268066
gate_f5_freeform_pose_coupling_probe,313,15.649847030639648,5.7779998779296875,6.4934306144714355,6.12587833404541,6.574956893920898,6.12587833404541,6.4934306144714355,False,14.0,0.2542029321193695,0.07155323028564453,-0.0005977153778076172,0.0032089389860630035,-0.004658516030758619,0.0043967184610664845,0.9999794960021973,-0.006601567845791578,-0.0030114881228655577,-0.9999732971191406,0.006601536180824041,0.003011345863342285,0.9999735951423645,0.6504184603691101,0.9999945163726807,0.0,0.0024071568623185158,0.002268106210976839,0.9999924302101135,0.001338088302873075,-0.0033028176985681057,0.001501335995271802,0.7060176730155945,-0.0011193210957571864,-0.00577690452337265,0.70816969871521
gate_f5_freeform_pose_coupling_probe,314,15.699846267700195,5.7779998779296875,5.778308868408203,6.00291633605957,6.382821083068848,6.00291633605957,5.778308868408203,False,14.0,0.25468555092811584,0.07139450311660767,-0.0005970895290374756,0.003438437357544899,-0.0045523387379944324,0.004290198907256126,0.9999804496765137,-0.007320717442780733,-0.003148322459310293,-0.9999681711196899,0.00732063502073288,0.0031481385231018066,0.9999682307243347,0.6832827925682068,0.9999948143959045,0.0,0.0023548679891973734,0.0022097290493547916,0.99998939037323,0.0023022654931992292,-0.003664002288132906,0.0015657424228265882,0.705986738204956,0.0022366030607372522,-0.002938802819699049,0.7082154154777527
gate_f5_freeform_pose_coupling_probe,315,15.749845504760742,5.7779998779296875,5.916234970092773,5.8407063484191895,6.5003814697265625,5.8407063484191895,5.916234970092773,False,14.0,0.25506576895713806,0.07134096324443817,-0.0005452334880828857,0.003429800271987915,-0.004482426680624485,0.0042162868194282055,0.9999810457229614,-0.00869245920330286,-0.0029615594539791346,-0.9999579191207886,0.008692397736012936,0.0029616355895996094,0.999957799911499,0.7587299346923828,0.9999950528144836,0.0,0.0023032701574265957,0.002152307890355587,0.999984085559845,0.0032857456244528294,-0.0043511176481842995,0.0014665063936263323,0.7060564160346985,0.004275131970643997,-0.0018749316222965717,0.7081401944160461
gate_f5_freeform_pose_coupling_probe,316,15.799844741821289,5.7779998779296875,5.346158504486084,4.9365153312683105,6.786211013793945,4.9365153312683105,5.346158504486084,False,14.0,0.2557801902294159,0.07148857414722443,-0.0005490779876708984,0.0031034406274557114,-0.004395866300910711,0.004109220579266548,0.9999818801879883,-0.008403700776398182,-0.0025184680707752705,-0.9999613761901855,0.008403662592172623,0.002518296241760254,0.9999615550041199,0.7388696074485779,0.9999952912330627,0.0,0.00225236639380455,0.002095847623422742,0.9999862313270569,0.0028643226251006126,-0.004205480683594942,0.0012472054222598672,0.7062119245529175,0.0035848808474838734,-0.0023590046912431717,0.7079875469207764
gate_f5_freeform_pose_coupling_probe,317,15.849843978881836,5.7779998779296875,8.540130615234375,7.766260147094727,6.326755523681641,7.766260147094727,8.540130615234375,False,14.0,0.25647303462028503,0.07156349718570709,-0.0006124377250671387,0.003107285127043724,-0.004301112610846758,0.003998895641416311,0.9999827742576599,-0.007915383204817772,-0.0023818211629986763,-0.9999657869338989,0.007915332913398743,0.002381742000579834,0.9999658465385437,0.70582115650177,0.9999954700469971,0.0,0.0022021597251296043,0.00204035104252398,0.9999890923500061,0.002169050509110093,-0.003960299305617809,0.001182333449833095,0.7062563300132751,0.002260942477732897,-0.0033348100259900093,0.7079447507858276
gate_f5_freeform_pose_coupling_probe,318,15.899843215942383,5.7779998779296875,4.770467281341553,5.244503974914551,6.468296527862549,5.244503974914551,4.770467281341553,False,14.0,0.2573000490665436,0.07158970832824707,-0.0006050169467926025,0.003427550196647644,-0.004179039504379034,0.003862509736791253,0.9999837875366211,-0.007643253076821566,-0.0022849657107144594,-0.9999678134918213,0.007643208373337984,0.0022847652435302734,0.9999682903289795,0.6829963326454163,0.9999957084655762,0.0,0.0021526520140469074,0.001985820708796382,0.9999914169311523,0.0010498197516426444,-0.0038228544872254133,0.0011384793324396014,0.706276535987854,-0.00017811059660743922,-0.005576099269092083,0.7079141736030579
gate_f5_freeform_pose_coupling_probe,319,15.94984245300293,5.7779998779296875,6.1479597091674805,6.139823913574219,6.441396713256836,6.139823913574219,6.1479597091674805,False,14.0,0.2578658163547516,0.07138648629188538,-0.0005997121334075928,0.00342007540166378,-0.0040606241673231125,0.0037467912770807743,0.9999847412109375,-0.008033432997763157,-0.002574874320998788,-0.9999645948410034,0.008033422753214836,0.0025750398635864258,0.9999643564224243,0.6963314414024353,0.9999959468841553,0.0,0.0021038451232016087,0.0019322584848850965,0.9999892711639404,0.0019404005724936724,-0.004019242711365223,0.0012796520022675395,0.7061785459518433,0.0007394191343337297,-0.004935691598802805,0.7080161571502686
gate_f5_freeform_pose_coupling_probe,320,15.999841690063477,5.7779998779296875,5.985671520233154,6.050845146179199,6.413907527923584,6.050845146179199,5.985671520233154,False,14.0,0.25831320881843567,0.0713220089673996,-0.0005641281604766846,0.0035467203706502914,-0.003984110429883003,0.0036674165166914463,0.9999853372573853,-0.009156595915555954,-0.0024123189505189657,-0.9999548196792603,0.00915653258562088,0.0024124979972839355,0.9999551177024841,0.7566639184951782,0.9999961256980896,0.0,0.0020557402167469263,0.001879665069282055,0.9999852776527405,0.002618899568915367,-0.004581492859870195,0.0011941785924136639,0.7062296271324158,0.0006821707356721163,-0.005786349531263113,0.7079588174819946
gate_f5_freeform_pose_coupling_probe,321,16.049840927124023,5.7779998779296875,5.525854587554932,5.359172821044922,6.620792388916016,5.359172821044922,5.525854587554932,False,14.0,0.25896456837654114,0.07141691446304321,-0.0005301833152770996,0.0034205690026283264,-0.0039042187854647636,0.0035737270954996347,0.9999859929084778,-0.009319473057985306,-0.0020938769448548555,-0.9999545812606812,0.0093193668872118,0.0020941495895385742,0.9999542832374573,0.7625885605812073,0.9999963045120239,0.0,0.0020083377603441477,0.0018280406948179007,0.9999853372573853,0.0025724004954099655,-0.0046624671667814255,0.0010349599178880453,0.7063350081443787,-3.474458208074793e-05,-0.006617569364607334,0.7078467011451721
gate_f5_freeform_pose_coupling_probe,322,16.09984016418457,5.7779998779296875,5.201253414154053,5.317381858825684,6.545565605163574,5.317381858825684,5.201253414154053,False,14.0,0.25949475169181824,0.07151494920253754,-0.0005117654800415039,0.0033480972051620483,-0.003843113547191024,0.003500689985230565,0.999986469745636,-0.00974066648632288,-0.0017677081050351262,-0.9999505281448364,0.009740632027387619,0.0017676949501037598,0.9999509453773499,0.784844160079956,0.9999964833259583,0.0,0.0019616384524852037,0.0017773846630007029,0.9999836683273315,0.0028195346239954233,-0.004872866440564394,0.000870129035320133,0.7064436078071594,-0.0004401607147883624,-0.007320948876440525,0.707731306552887
gate_f5_freeform_pose_coupling_probe,323,16.149839401245117,5.7779998779296875,5.4515581130981445,5.429169654846191,6.567732810974121,5.429169654846191,5.4515581130981445,False,14.0,0.25995978713035583,0.07162023335695267,-0.0004928112030029297,0.003187563270330429,-0.003792921546846628,0.0034393025562167168,0.9999868869781494,-0.010351463221013546,-0.0014203620376065373,-0.9999454021453857,0.010351437143981457,0.0014201998710632324,0.9999455213546753,0.8182883858680725,0.9999966621398926,0.0,0.0019156420603394508,0.0017276955768465996,0.9999812841415405,0.003178887302055955,-0.0051780338399112225,0.0006937336293049157,0.7065688371658325,0.0002185156336054206,-0.0070961844176054,0.7076087594032288
gate_f5_freeform_pose_coupling_probe,324,16.199838638305664,5.7779998779296875,8.127556800842285,6.811269283294678,6.54259729385376,6.811269283294678,8.127556800842285,False,14.0,0.2607661187648773,0.07162044942378998,-0.0005392730236053467,0.00310528464615345,-0.0036792198661714792,0.003316637594252825,0.9999877214431763,-0.009415402077138424,-0.0015500473091378808,-0.9999545812606812,0.009415367618203163,0.0015497803688049316,0.9999545812606812,0.7566639184951782,0.9999968409538269,0.0,0.0018703482346609235,0.001678971340879798,0.9999858140945435,0.0023749188985675573,-0.004709581844508648,0.000763849588111043,0.7065172791481018,-0.0009934048866853118,-0.007644332479685545,0.7076538801193237
gate_f5_freeform_pose_coupling_probe,325,16.24983787536621,5.7779998779296875,4.811572551727295,5.0568132400512695,6.5257954597473145,5.0568132400512695,4.811572551727295,False,14.0,0.26197341084480286,0.07151876389980316,-0.0006350576877593994,0.003427041694521904,-0.003498468780890107,0.0031293288338929415,0.9999889731407166,-0.007321414537727833,-0.0019355572294443846,-0.9999712705612183,0.0073213279247283936,0.0019353628158569336,0.9999714493751526,0.6230683326721191,0.9999970197677612,0.0,0.0018257563933730125,0.0016312093939632177,0.9999925494194031,0.0007358182920143008,-0.003661444643512368,0.0009650916908867657,0.7063730359077454,-0.0031675274949520826,-0.00833322387188673,0.7077836990356445
gate_f5_freeform_pose_coupling_probe,326,16.299837112426758,5.7779998779296875,7.0568132400512695,6.751943111419678,6.439117431640625,6.751943111419678,7.0568132400512695,False,14.0,0.2627333700656891,0.07148856669664383,-0.0006765127182006836,0.0033777542412281036,-0.003392633516341448,0.00301844859495759,0.9999896883964539,-0.007074280641973019,-0.00190566829405725,-0.9999731779098511,0.007074242457747459,0.001905679702758789,0.9999730587005615,0.6036073565483093,0.9999971389770508,0.0,0.001781865255907178,0.0015844061272218823,0.9999932050704956,0.00042676052544265985,-0.003537570359185338,0.0009513309341855347,0.7063788771629333,-0.0037302568089216948,-0.008720478974282742,0.7077702879905701
gate_f5_freeform_pose_coupling_probe,327,16.349836349487305,5.7779998779296875,5.7904052734375,5.7395100593566895,6.530933380126953,5.7395100593566895,5.7904052734375,False,14.0,0.26328858733177185,0.07149828225374222,-0.0006332099437713623,0.0034730173647403717,-0.0033210862893611193,0.0029420163482427597,0.9999901652336121,-0.00772943627089262,-0.0017008533468469977,-0.9999687671661377,0.0077294232323765755,0.0017009377479553223,0.9999685883522034,0.637657880783081,0.9999973177909851,0.0,0.0017386736581102014,0.0015385575825348496,0.9999920725822449,0.0004575921921059489,-0.003865137230604887,0.0008486647857353091,0.7064388394355774,-0.004225787706673145,-0.00967926811426878,0.7076952457427979
gate_f5_freeform_pose_coupling_probe,328,16.39983558654785,5.7779998779296875,5.292690277099609,5.272825717926025,6.611461162567139,5.272825717926025,5.292690277099609,False,14.0,0.26398834586143494,0.0714958906173706,-0.0006220042705535889,0.0034265853464603424,-0.0032303761690855026,0.0028464277274906635,0.999990701675415,-0.007615591399371624,-0.001659034052863717,-0.9999698400497437,0.00761551596224308,0.0016588568687438965,0.9999697208404541,0.6249497532844543,0.9999974370002747,0.0,0.0016961798537522554,0.0014936589868739247,0.9999924302101135,0.00021114038827363402,-0.003807999659329653,0.0008287192904390395,0.7064428329467773,-0.0050733680836856365,-0.010445195250213146,0.7076749205589294
gate_f5_freeform_pose_coupling_probe,329,16.4498348236084,5.7779998779296875,5.718393325805664,5.758283615112305,6.525998115539551,5.758283615112305,5.718393325805664,False,14.0,0.2646484673023224,0.07152371108531952,-0.0006331205368041992,0.0033656898885965347,-0.00315031292848289,0.002760788192972541,0.999991238117218,-0.007548443041741848,-0.0015622768551111221,-0.9999703168869019,0.007548380643129349,0.0015621781349182129,0.9999702572822571,0.6170725226402283,0.9999975562095642,0.0,0.001654381980188191,0.001449705334380269,0.9999925494194031,-0.00017567751638125628,-0.0037741123232990503,0.0007818072917871177,0.7064595818519592,-0.006242971867322922,-0.011566190049052238,0.7076312899589539
gate_f5_freeform_pose_coupling_probe,330,16.499834060668945,5.7779998779296875,5.900732517242432,5.841303825378418,6.5276198387146,5.841303825378418,5.900732517242432,False,14.0,0.2649504244327545,0.07148116827011108,-0.0006192922592163086,0.0033101886510849,-0.0031069256365299225,0.0027177780866622925,0.9999914765357971,-0.00894995965063572,-0.0013778457650914788,-0.999958872795105,0.008949914947152138,0.001377701759338379,0.9999589920043945,0.6952064633369446,0.9999977350234985,0.0,0.0016132777091115713,0.0014066905714571476,0.9999892115592957,0.0010122463572770357,-0.004475721158087254,0.0006843997398391366,0.7065421938896179,-0.004135764203965664,-0.010453987866640091,0.7075815796852112
gate_f5_freeform_pose_coupling_probe,331,16.549833297729492,5.7779998779296875,6.915743350982666,6.420531272888184,6.477347373962402,6.420531272888184,6.915743350982666,False,14.0,0.2653171718120575,0.07147103548049927,-0.0006122291088104248,0.0033590756356716156,-0.0030601469334214926,0.002669516485184431,0.999991774559021,-0.010118130594491959,-0.0012425712775439024,-0.9999479055404663,0.010118117555975914,0.0012426376342773438,0.9999479651451111,0.759503185749054,0.9999976754188538,0.0,0.0016420481260865927,0.0014123235596343875,0.9999853372573853,0.0018079107394441962,-0.005060246214270592,0.0006121461046859622,0.7065962553024292,-0.002874269848689437,-0.010020643472671509,0.7075400948524475
gate_f5_freeform_pose_coupling_probe,332,16.59983253479004,5.7779998779296875,5.888699054718018,6.2242841720581055,6.334781646728516,6.2242841720581055,5.888699054718018,False,14.0,0.2656225860118866,0.07220980525016785,-0.0006311237812042236,0.003614002838730812,-0.0031175618059933186,0.0026882877573370934,0.9999915361404419,-0.009942574426531792,-0.0022886982187628746,-0.9999476671218872,0.009942504577338696,0.002288639545440674,0.9999478459358215,0.7491268515586853,0.9999971985816956,0.0,0.0018189337570220232,0.0015156986191868782,0.999984860420227,0.0020310324616730213,-0.004973666276782751,0.001134264632128179,0.706208348274231,-0.004187282640486956,-0.011199763044714928,0.7079030275344849
gate_f5_freeform_pose_coupling_probe,333,16.649831771850586,5.7779998779296875,6.666341781616211,6.10643196105957,6.610695838928223,6.10643196105957,6.666341781616211,False,14.0,0.26593127846717834,0.07419794052839279,-0.0006086528301239014,0.0034534167498350143,-0.0033413360361009836,0.0028023116756230593,0.9999904632568359,-0.008912506513297558,-0.002776539418846369,-0.9999561309814453,0.008912498131394386,0.0027765631675720215,0.9999563694000244,0.7024863958358765,0.9999966621398926,0.0,0.002010750351473689,0.0016216986114159226,0.9999889731407166,0.00035804545041173697,-0.004456799011677504,0.001386689255014062,0.7058940529823303,-0.011776896193623543,-0.018036263063549995,0.7079898118972778
gate_f5_freeform_pose_coupling_probe,334,16.699831008911133,5.7779998779296875,5.246100902557373,5.206174850463867,6.622715950012207,5.206174850463867,5.246100902557373,False,14.0,0.2664102017879486,0.07683302462100983,-0.0006504654884338379,0.0034868475049734116,-0.003641087794676423,0.002937016077339649,0.9999890327453613,-0.006350076757371426,-0.002704720012843609,-0.9999760389328003,0.0063500357791781425,0.002704799175262451,0.9999760985374451,0.573349118232727,0.9999960660934448,0.0,0.0022183493711054325,0.0017297830199822783,0.9999939799308777,-0.00023852732556406409,-0.003174734767526388,0.0013531254371628165,0.7060664296150208,-0.006387820467352867,-0.01085435040295124,0.7080335021018982
gate_f5_freeform_pose_coupling_probe,335,16.74983024597168,5.7779998779296875,5.646737575531006,5.7456560134887695,6.514547348022461,5.7456560134887695,5.646737575531006,False,14.0,0.2665177881717682,0.07939188927412033,-0.0006676316261291504,0.003478068858385086,-0.004000423476099968,0.0031113261356949806,0.9999871850013733,-0.004917606711387634,-0.0029178105760365725,-0.9999833106994629,0.004917566664516926,0.0029178857803344727,0.999983549118042,0.5116726160049438,0.9999953508377075,0.0,0.002442596945911646,0.0018393511418253183,0.999995768070221,-0.00033449658076278865,-0.0024583255872130394,0.0014597338158637285,0.7060332894325256,-0.004160227719694376,-0.0076201800256967545,0.7081253528594971
gate_f5_freeform_pose_coupling_probe,336,16.799829483032227,5.7779998779296875,5.570563316345215,5.462658882141113,6.622236251831055,5.462658882141113,5.570563316345215,False,14.0,0.2664487659931183,0.08192335069179535,-0.0006833970546722412,0.0034070387482643127,-0.004405375570058823,0.0033046575263142586,0.999984860420227,-0.004084853455424309,-0.0031104006338864565,-0.9999866485595703,0.0040848106145858765,0.003110349178314209,0.9999867081642151,0.4873863458633423,0.9999945163726807,0.0,0.002684380393475294,0.0019497504690662026,0.9999966025352478,-0.0003285396087449044,-0.0020419226493686438,0.001555876457132399,0.7059822082519531,-0.0029520788230001926,-0.005826777778565884,0.7081993818283081
gate_f5_freeform_pose_coupling_probe,337,16.849828720092773,5.7779998779296875,5.606313228607178,5.728738784790039,6.505982398986816,5.728738784790039,5.606313228607178,False,14.0,0.26628944277763367,0.0844244509935379,-0.0006762444972991943,0.0034646857529878616,-0.004845408257097006,0.0035042918752878904,0.9999821186065674,-0.003264140570536256,-0.003399810753762722,-0.9999886751174927,0.0032640753779560328,0.003399670124053955,0.9999889135360718,0.464359849691391,0.9999935626983643,0.0,0.0029446149710565805,0.002060288330540061,0.9999971389770508,-0.0002371735026827082,-0.0016316716792061925,0.0017002972308546305,0.7058888673782349,-0.0022930160630494356,-0.004589345771819353,0.7083040475845337
gate_f5_freeform_pose_coupling_probe,338,16.89982795715332,5.7779998779296875,6.435934066772461,6.346963405609131,6.432373046875,6.346963405609131,6.435934066772461,False,14.0,0.2657308280467987,0.08663453161716461,-0.0005913972854614258,0.0034860707819461823,-0.005339162424206734,0.0037483845371752977,0.9999787211418152,-0.0039017603266984224,-0.004254661966115236,-0.9999833106994629,0.003901706077158451,0.004254758358001709,0.9999831914901733,0.5311863422393799,0.9999924302101135,0.0,0.0032242562156170607,0.002170247957110405,0.9999958276748657,-9.722275717649609e-05,-0.0019506814423948526,0.002127529587596655,0.7055293917655945,-0.007323298137634993,-0.010045075789093971,0.7085715532302856
gate_f5_freeform_pose_coupling_probe,339,16.949827194213867,5.7779998779296875,5.553265571594238,5.324807643890381,6.661261558532715,5.324807643890381,5.553265571594238,False,14.0,0.26544860005378723,0.08911129832267761,-0.0006068050861358643,0.0033944956958293915,-0.0058539267629384995,0.003955071792006493,0.9999750256538391,-0.0034437887370586395,-0.004439217038452625,-0.9999841451644897,0.003443756140768528,0.004439294338226318,0.9999842643737793,0.5330249667167664,0.9999911785125732,0.0,0.0035243197344243526,0.002278911415487528,0.9999959468841553,-0.0004384811036288738,-0.0017209277721121907,0.0022203722037374973,0.7054615020751953,-0.007824031636118889,-0.01021889690309763,0.7086313962936401
gate_f5_freeform_pose_coupling_probe,340,16.999826431274414,5.7779998779296875,6.949193477630615,6.551116943359375,6.449206352233887,6.551116943359375,6.949193477630615,False,14.0,0.2650358974933624,0.09164625406265259,-0.0006265044212341309,0.003431808203458786,-0.006437433417886496,0.004178181756287813,0.999970555305481,-0.0031353591475635767,-0.004535641986876726,-0.999984622001648,0.0031352974474430084,0.004535675048828125,0.9999847412109375,0.5492961406707764,0.9999897480010986,0.0,0.003845904255285859,0.0023855906911194324,0.9999958276748657,-0.0008140194695442915,-0.0015658390475437045,0.002269105054438114,0.7054046988487244,-0.009509609080851078,-0.011678307317197323,0.7086447477340698
gate_f5_freeform_pose_coupling_probe,341,17.04982566833496,5.7779998779296875,4.281092643737793,4.6755499839782715,6.606542110443115,4.6755499839782715,4.281092643737793,False,14.0,0.2646564543247223,0.09417345374822617,-0.0005915462970733643,0.00350932776927948,-0.007041219621896744,0.00437909783795476,0.9999656081199646,-0.002467844635248184,-0.004609380848705769,-0.999985933303833,0.002467770129442215,0.004609346389770508,0.9999863505363464,0.5450047254562378,0.9999881386756897,0.0,0.004190228413790464,0.002489672042429447,0.9999957084655762,-0.001254052622243762,-0.0012310354504734278,0.0023062441032379866,0.7053710222244263,-0.010433219373226166,-0.012125987559556961,0.7086578011512756
gate_f5_freeform_pose_coupling_probe,342,17.099824905395508,5.7779998779296875,5.700743675231934,5.777339935302734,6.529231071472168,5.777339935302734,5.700743675231934,False,14.0,0.26420357823371887,0.09670494496822357,-0.0006445944309234619,0.003358166664838791,-0.007693122606724501,0.004575963132083416,0.9999599456787109,-0.0013583889231085777,-0.004793106112629175,-0.9999877214431763,0.001358366571366787,0.004793107509613037,0.9999876022338867,0.5185104608535767,0.9999862313270569,0.0,0.004558677785098553,0.0025906807277351618,0.9999968409538269,-0.00044523391989059746,-0.0006781294359825552,0.0023968627210706472,0.7053654789924622,-0.007013163063675165,-0.007937791757285595,0.7087646722793579
gate_f5_freeform_pose_coupling_probe,343,17.149824142456055,5.7779998779296875,5.211068630218506,5.811351776123047,6.381551742553711,5.811351776123047,5.211068630218506,False,14.0,0.26361456513404846,0.09913010150194168,-0.0006419718265533447,0.00347132608294487,-0.008389074355363846,0.0047767553478479385,0.9999533891677856,-0.0004864210495725274,-0.00503537617623806,-0.9999867677688599,0.0004863496869802475,0.005035400390625,0.9999873042106628,0.5078340768814087,0.9999841451644897,0.0,0.0049528698436915874,0.0026883825194090605,0.9999966621398926,-0.000293700082693249,-0.0002424718695692718,0.0025177677161991596,0.7053031921386719,-0.005132884718477726,-0.0054501318372786045,0.7088662981987
gate_f5_freeform_pose_coupling_probe,344,17.1998233795166,5.7779998779296875,6.454355716705322,5.9866943359375,6.626160144805908,5.9866943359375,6.454355716705322,False,14.0,0.26307711005210876,0.10164880752563477,-0.0006668567657470703,0.003293924033641815,-0.009118393063545227,0.004942743107676506,0.9999462366104126,0.0009250291623175144,-0.00509021757170558,-0.9999862909317017,-0.0009250715374946594,0.005090117454528809,0.9999866485595703,0.46897220611572266,0.999981701374054,0.0,0.005374740809202194,0.00278294226154685,0.999996542930603,-0.0002492504136171192,0.0004631505289580673,0.0025450021494179964,0.7052993178367615,-0.0034638976212590933,-0.002793851075693965,0.7088956832885742
gate_f5_freeform_pose_coupling_probe,345,17.24982261657715,5.7779998779296875,6.133533954620361,6.060976028442383,6.479861259460449,6.060976028442383,6.133533954620361,False,14.0,0.26217690110206604,0.10374928265810013,-0.0006596148014068604,0.003384660929441452,-0.00989602692425251,0.005161781329661608,0.9999377131462097,0.0014216360868886113,-0.005915035959333181,-0.9999814033508301,-0.0014217379502952099,0.005914866924285889,0.9999814629554749,0.487787663936615,0.9999788999557495,0.0,0.005826665088534355,0.0028752030339092016,0.9999952912330627,-0.0003684511757455766,0.0007119110086932778,0.002957269549369812,0.7049985527992249,-0.005463247187435627,-0.0044286916963756084,0.709173858165741
gate_f5_freeform_pose_coupling_probe,346,17.299821853637695,5.7779998779296875,5.244493007659912,5.103724479675293,6.723501205444336,5.103724479675293,5.244493007659912,False,14.0,0.2614001929759979,0.10625679790973663,-0.0006834268569946289,0.0032286755740642548,-0.010757705196738243,0.005322938784956932,0.9999279379844666,0.002748902654275298,-0.005833754315972328,-0.9999790191650391,-0.0027490004431456327,0.005833864212036133,0.9999790787696838,0.4609764516353607,0.9999756813049316,0.0,0.0063116103410720825,0.0029672030359506607,0.9999946355819702,-0.0004927635891363025,0.0013758956920355558,0.002916214754804969,0.7050369381904602,-0.004411689937114716,-0.002447857055813074,0.7091525793075562
gate_f5_freeform_pose_coupling_probe,347,17.349821090698242,5.7779998779296875,5.3432230949401855,5.790524482727051,6.453470706939697,5.790524482727051,5.3432230949401855,False,14.0,0.26041099429130554,0.10845069587230682,-0.0007372498512268066,0.0032760705798864365,-0.011648613959550858,0.005505307111889124,0.9999169707298279,0.00409374013543129,-0.006148347165435553,-0.9999727010726929,-0.0040938057936728,0.00614851713180542,0.9999728202819824,0.433861643075943,0.9999719858169556,0.0,0.006833320017904043,0.00306325638666749,0.9999927282333374,-0.0009443871676921844,0.0020497862715274096,0.003072260180488229,0.7049243450164795,-0.005645878612995148,-0.0027254156302660704,0.7092548608779907
gate_f5_freeform_pose_coupling_probe,348,17.39982032775879,5.7779998779296875,5.698124408721924,5.574383735656738,6.628639221191406,5.574383735656738,5.698124408721924,False,14.0,0.25917568802833557,0.11082252115011215,-0.0007428228855133057,0.0032020490616559982,-0.012707443907856941,0.005704189650714397,0.9999029636383057,0.005007164552807808,-0.005975495558232069,-0.9999693632125854,-0.0050072213634848595,0.005975246429443359,0.9999697208404541,0.4405747354030609,0.999967634677887,0.0,0.00739636505022645,0.003172646975144744,0.9999921321868896,-0.0006332615739665926,0.0025054931174963713,0.0029861845541745424,0.7049907445907593,-0.004201466683298349,-0.0006463365280069411,0.709203839302063
gate_f5_freeform_pose_coupling_probe,349,17.449819564819336,5.7779998779296875,5.766015529632568,5.958332061767578,6.454463005065918,5.958332061767578,5.766015529632568,False,14.0,0.2575790584087372,0.1126239001750946,-0.0007091760635375977,0.003315309062600136,-0.013803120702505112,0.0059896293096244335,0.9998868107795715,0.005405652802437544,-0.006815355271100998,-0.999962329864502,-0.0054056886583566666,0.006815135478973389,0.9999622702598572,0.48254460096359253,0.9999624490737915,0.0,0.00800442136824131,0.00331911095418036,0.9999890327453613,-0.0017543853027746081,0.0027088262140750885,0.0034029625821858644,0.7046319246292114,-0.01318723987787962,-0.009288695640861988,0.7093897461891174
gate_f5_freeform_pose_coupling_probe,350,17.499818801879883,5.7779998779296875,3.3432466983795166,3.536396026611328,6.818844318389893,3.536396026611328,3.3432466983795166,False,14.0,0.2560369074344635,0.11420547217130661,-0.0006462037563323975,0.003158584237098694,-0.014851321466267109,0.006253570318222046,0.9998701810836792,0.007221359759569168,-0.007303785067051649,-0.9999473094940186,-0.007221377454698086,0.007303595542907715,0.9999472498893738,0.44146209955215454,0.9999589920043945,0.0,0.00836468581110239,0.0034658252261579037,0.999984085559845,-0.0023375810123980045,0.003619254333898425,0.0036434901412576437,0.7044389247894287,-0.015879666432738304,-0.010677231475710869,0.709506630897522
gate_f5_freeform_pose_coupling_probe,351,17.54981803894043,5.7779998779296875,6.601325988769531,6.722834587097168,6.350403785705566,6.722834587097168,6.601325988769531,False,14.0,0.2550715506076813,0.11476054042577744,-0.0006677508354187012,0.003064533695578575,-0.015405459329485893,0.006451339926570654,0.9998605251312256,0.009181898087263107,-0.00798780471086502,-0.9999257326126099,-0.009181921370327473,0.007987916469573975,0.9999258518218994,0.3679734468460083,0.9999575614929199,0.0,0.008500667288899422,0.003552771173417568,0.9999755620956421,-0.0034291688352823257,0.00460470374673605,0.0039782095700502396,0.7041931748390198,-0.017468787729740143,-0.010864208452403545,0.7097102999687195
gate_f5_freeform_pose_coupling_probe,352,17.599817276000977,5.7779998779296875,5.791046619415283,5.757023334503174,6.533208847045898,5.757023334503174,5.791046619415283,False,14.0,0.25429216027259827,0.11502401530742645,-0.0006678402423858643,0.0031558293849229813,-0.01580731011927128,0.006630158517509699,0.9998530745506287,0.009678678587079048,-0.007987416349351406,-0.999921441078186,-0.009678744710981846,0.007987499237060547,0.9999212026596069,0.36045199632644653,0.9999560713768005,0.0,0.008635959587991238,0.0036409166641533375,0.9999743700027466,-0.003463997272774577,0.004853239748626947,0.003976998385041952,0.704208493232727,-0.01678004115819931,-0.009830931201577187,0.7097268104553223
gate_f5_freeform_pose_coupling_probe,353,17.649816513061523,5.7779998779296875,5.5536627769470215,5.618998050689697,6.544163227081299,5.618998050689697,5.5536627769470215,False,14.0,0.2536068260669708,0.11515745520591736,-0.0006690919399261475,0.0031635016202926636,-0.01613532565534115,0.006799630355089903,0.9998466968536377,0.009953716769814491,-0.007991463877260685,-0.9999183416366577,-0.009953727945685387,0.007991373538970947,0.9999186396598816,0.35936465859413147,0.9999545812606812,0.0,0.008770442567765713,0.0037302409764379263,0.9999735951423645,-0.0034608731511980295,0.004990759305655956,0.003978564869612455,0.7042152285575867,-0.016371363773941994,-0.009231717325747013,0.7097378373146057
gate_f5_freeform_pose_coupling_probe,354,17.69981575012207,5.7779998779296875,5.6402716636657715,5.735141754150391,6.528176784515381,5.735141754150391,5.6402716636657715,False,14.0,0.25292202830314636,0.11525006592273712,-0.0006747841835021973,0.0031471792608499527,-0.016452042385935783,0.006975650321692228,0.9998403191566467,0.010088286362588406,-0.007946863770484924,-0.9999173879623413,-0.010088357143104076,0.00794672966003418,0.9999175071716309,0.36903542280197144,0.999953031539917,0.0,0.008903995156288147,0.003820721758529544,0.9999740719795227,-0.003251373302191496,0.005057140253484249,0.003957091830670834,0.7042481899261475,-0.015041204169392586,-0.007817613892257214,0.7097514271736145
gate_f5_freeform_pose_coupling_probe,355,17.749814987182617,5.7779998779296875,5.857306003570557,5.784499168395996,6.567177772521973,5.784499168395996,5.857306003570557,False,14.0,0.25223734974861145,0.11539332568645477,-0.0006926357746124268,0.003090057522058487,-0.016782307997345924,0.007147764787077904,0.9998336434364319,0.010153837502002716,-0.00776600232347846,-0.9999183416366577,-0.010153895244002342,0.007766246795654297,0.9999181628227234,0.3825729787349701,0.9999515414237976,0.0,0.00903649628162384,0.003912335727363825,0.9999756217002869,-0.0028135376051068306,0.0050879274494946,0.003868780331686139,0.7043280601501465,-0.013489427976310253,-0.006233501713722944,0.7097190022468567
gate_f5_freeform_pose_coupling_probe,356,17.799814224243164,5.7779998779296875,5.687180995941162,5.685483932495117,6.565203666687012,5.685483932495117,5.687180995941162,False,14.0,0.2516069710254669,0.11546017229557037,-0.0007091760635375977,0.00308341346681118,-0.017067721113562584,0.00731584383174777,0.9998275637626648,0.010462993755936623,-0.007776531390845776,-0.9999150037765503,-0.010463041253387928,0.00777667760848999,0.9999149441719055,0.3800070583820343,0.9999499320983887,0.0,0.009167819283902645,0.004005056340247393,0.9999749064445496,-0.002773773157969117,0.0052423737943172455,0.0038738218136131763,0.7043264508247375,-0.01346556656062603,-0.005991962272673845,0.709723174571991
gate_f5_freeform_pose_coupling_probe,357,17.84981346130371,5.7779998779296875,5.754207611083984,5.756457805633545,6.5571136474609375,5.756457805633545,5.754207611083984,False,14.0,0.2509768307209015,0.11548759788274765,-0.0007193684577941895,0.0030677728354930878,-0.0173407681286335,0.007490797434002161,0.9998216032981873,0.01077357679605484,-0.007887237705290318,-0.9999105930328369,-0.01077364757657051,0.007887184619903564,0.9999107718467712,0.3779417872428894,0.9999483823776245,0.0,0.009297837503254414,0.004098856821656227,0.9999735951423645,-0.002850264310836792,0.005398127716034651,0.003928336780518293,0.7042855024337769,-0.013887910172343254,-0.0061912029050290585,0.7097539305686951
gate_f5_freeform_pose_coupling_probe,358,17.899812698364258,5.7779998779296875,5.800866603851318,5.794181823730469,6.553973197937012,5.794181823730469,5.800866603851318,False,14.0,0.25035420060157776,0.11549852043390274,-0.0007227957248687744,0.003055896610021591,-0.01760437712073326,0.0076678735204041,0.9998156428337097,0.011154672130942345,-0.008042216300964355,-0.9999054670333862,-0.01115475594997406,0.008042395114898682,0.9999054074287415,0.370094358921051,0.9999467730522156,0.0,0.009426421485841274,0.004193708300590515,0.9999722838401794,-0.0028611987363547087,0.005588951054960489,0.004005227703601122,0.7042396068572998,-0.012997507117688656,-0.005037831608206034,0.7098255157470703
gate_f5_freeform_pose_coupling_probe,359,17.949811935424805,5.7779998779296875,5.4611430168151855,5.6430277824401855,6.546962738037109,5.6430277824401855,5.4611430168151855,False,14.0,0.24965491890907288,0.11553774774074554,-0.0007269978523254395,0.0030598733574151993,-0.017906086519360542,0.00786567572504282,0.9998087286949158,0.01111864298582077,-0.008091466501355171,-0.9999054670333862,-0.011118684895336628,0.008091390132904053,0.9999054670333862,0.3891652226448059,0.9999451637268066,0.0,0.009553440846502781,0.00428957911208272,0.9999731779098511,-0.002526377560570836,0.00556965684518218,0.004031770396977663,0.7042315602302551,-0.011419173330068588,-0.0034969784319400787,0.709869921207428
gate_f5_freeform_pose_coupling_probe,360,17.99981117248535,5.7779998779296875,5.899557113647461,5.84759521484375,6.56432580947876,5.84759521484375,5.899557113647461,False,14.0,0.24892106652259827,0.11562949419021606,-0.0007340312004089355,0.0030104350298643112,-0.01823500543832779,0.00806884653866291,0.9998011589050293,0.010971875861287117,-0.008041607216000557,-0.999907374382019,-0.010971968062222004,0.00804150104522705,0.9999075531959534,0.41543006896972656,0.9999435544013977,0.0,0.009678761474788189,0.004386437591165304,0.9999750852584839,-0.001870427979156375,0.005493576638400555,0.004010628443211317,0.7042540907859802,-0.010138479061424732,-0.002330112736672163,0.7098718285560608
gate_f5_freeform_pose_coupling_probe,361,18.0498104095459,5.7779998779296875,5.625027179718018,5.742891311645508,6.516853332519531,5.742891311645508,5.625027179718018,False,14.0,0.24827471375465393,0.11567014455795288,-0.0007102489471435547,0.003076450899243355,-0.018510423600673676,0.008255301043391228,0.999794602394104,0.0112532963976264,-0.008154620416462421,-0.999903678894043,-0.01125336717814207,0.008154451847076416,0.9999033212661743,0.41684067249298096,0.999941885471344,0.0,0.009802250191569328,0.00448424881324172,0.9999743700027466,-0.001757137943059206,0.005633939523249865,0.004067515023052692,0.7042151689529419,-0.009939771145582199,-0.0019341121660545468,0.7099143266677856
gate_f5_freeform_pose_coupling_probe,362,18.099809646606445,5.7779998779296875,5.526434421539307,5.683231353759766,6.530702590942383,5.683231353759766,5.526434421539307,False,14.0,0.24763378500938416,0.11568735539913177,-0.0006845295429229736,0.0030707232654094696,-0.018773898482322693,0.008445448242127895,0.9997881054878235,0.011525925248861313,-0.008301244117319584,-0.9998985528945923,-0.01152599323540926,0.008301198482513428,0.99989914894104,0.41543006896972656,0.9999402761459351,0.0,0.00992377009242773,0.0045829773880541325,0.9999732971191406,-0.0016379272565245628,0.005769900046288967,0.004141281824558973,0.704164445400238,-0.009556961245834827,-0.001361569855362177,0.7099713087081909
gate_f5_freeform_pose_coupling_probe,363,18.149808883666992,5.7779998779296875,5.802617073059082,5.821624279022217,6.526678085327148,5.821624279022217,5.802617073059082,False,14.0,0.24702247977256775,0.11564827710390091,-0.0006777644157409668,0.0030626635998487473,-0.01900540292263031,0.008636917918920517,0.9997820854187012,0.011922369711101055,-0.008577319793403149,-0.9998918771743774,-0.011922411620616913,0.008577346801757812,0.9998920559883118,0.40638232231140137,0.9999386072158813,0.0,0.010043183341622353,0.004682584200054407,0.9999714493751526,-0.0017357702599838376,0.005968781653791666,0.004278421401977539,0.7040677070617676,-0.008400211110711098,6.603213114431128e-05,0.7100831270217896
gate_f5_freeform_pose_coupling_probe,364,18.19980812072754,5.7779998779296875,5.689098358154297,5.645884990692139,6.568511962890625,5.645884990692139,5.689098358154297,False,14.0,0.24639621376991272,0.11562588065862656,-0.0006730854511260986,0.00304391048848629,-0.01924452744424343,0.008832533843815327,0.999775767326355,0.012231878004968166,-0.008830462582409382,-0.9998860359191895,-0.012231997214257717,0.008830368518829346,0.9998862743377686,0.4015384912490845,0.9999369382858276,0.0,0.010160350240767002,0.004783030599355698,0.9999699592590332,-0.0017605300527065992,0.006123877130448818,0.00440458208322525,0.703977644443512,-0.00814173836261034,0.0005412704194895923,0.7101753354072571
gate_f5_freeform_pose_coupling_probe,365,18.249807357788086,5.7779998779296875,5.750052452087402,5.770021915435791,6.5337114334106445,5.770021915435791,5.750052452087402,False,14.0,0.2457686960697174,0.11560936272144318,-0.0006749331951141357,0.003037966787815094,-0.01948229782283306,0.009029628708958626,0.9997694492340088,0.012550877407193184,-0.009082728065550327,-0.9998797178268433,-0.012550994753837585,0.009082794189453125,0.9998798966407776,0.3981127440929413,0.9999352693557739,0.0,0.010275132022798061,0.004884275142103434,0.9999682307243347,-0.0018437474500387907,0.006283990573137999,0.004529921803623438,0.7038881778717041,-0.00874781422317028,0.0001661574060562998,0.7102568745613098
gate_f5_freeform_pose_coupling_probe,366,18.299806594848633,5.7779998779296875,5.719172954559326,5.815069198608398,6.494032859802246,5.815069198608398,5.719172954559326,False,14.0,0.2451375424861908,0.11558985710144043,-0.0006545484066009521,0.0030816365033388138,-0.01971660554409027,0.009230238385498524,0.999763011932373,0.012893921695649624,-0.009372042492032051,-0.999873161315918,-0.012893974781036377,0.009372055530548096,0.9998729228973389,0.3911712169647217,0.9999336004257202,0.0,0.010387386195361614,0.004986273590475321,0.9999667406082153,-0.001765892026014626,0.006455430760979652,0.004674777388572693,0.703784704208374,-0.008115636184811592,0.0010351374512538314,0.7103661894798279
gate_f5_freeform_pose_coupling_probe,367,18.34980583190918,5.7779998779296875,5.842950820922852,5.818276882171631,6.520388603210449,5.818276882171631,5.842950820922852,False,14.0,0.24450263381004333,0.11557401716709137,-0.0006293356418609619,0.003076639026403427,-0.01994924619793892,0.009433317929506302,0.9997565150260925,0.013181778602302074,-0.009630498476326466,-0.9998663663864136,-0.013181802816689014,0.009630560874938965,0.9998667240142822,0.3876538872718811,0.9999319314956665,0.0,0.010496971197426319,0.005088982172310352,0.9999651908874512,-0.0016801542369648814,0.00659919111058116,0.004804328549653292,0.7036911845207214,-0.0074990978464484215,0.0018492877716198564,0.7104639410972595
gate_f5_freeform_pose_coupling_probe,368,18.399805068969727,5.7779998779296875,5.7748613357543945,5.784199237823486,6.507960319519043,5.784199237823486,5.7748613357543945,False,14.0,0.2438693344593048,0.11556118726730347,-0.0006068646907806396,0.003090696409344673,-0.020177744328975677,0.00963717419654131,0.9997499585151672,0.013481059111654758,-0.009876701049506664,-0.9998600482940674,-0.013481087051331997,0.009876728057861328,0.9998602271080017,0.38461336493492126,0.9999303221702576,0.0,0.01060374267399311,0.005192353390157223,0.9999637007713318,-0.0016254119109362364,0.006748783867806196,0.00492755975574255,0.7036019563674927,-0.007123155985027552,0.0024328569415956736,0.7105543613433838
gate_f5_freeform_pose_coupling_probe,369,18.449804306030273,5.7779998779296875,5.735220432281494,5.774798393249512,6.4976348876953125,5.774798393249512,5.735220432281494,False,14.0,0.24327167868614197,0.11551958322525024,-0.0005900263786315918,0.0031002704054117203,-0.02037952095270157,0.009836009703576565,0.9997439384460449,0.013894807547330856,-0.010218153707683086,-0.9998514652252197,-0.013894878327846527,0.01021796464920044,0.9998513460159302,0.37115025520324707,0.9999286532402039,0.0,0.010707557201385498,0.005296339280903339,0.9999611377716064,-0.0018531804671511054,0.0069571188651025295,0.00509638199582696,0.7034792900085449,-0.0070391311310231686,0.0028079708572477102,0.7106754183769226
gate_f5_freeform_pose_coupling_probe,370,18.49980354309082,5.7779998779296875,5.948355674743652,5.908324718475342,6.485530853271484,5.908324718475342,5.948355674743652,False,14.0,0.24269619584083557,0.11545488238334656,-0.0005770325660705566,0.003110043704509735,-0.0205614622682333,0.010033116675913334,0.9997382760047913,0.014381641522049904,-0.010624055750668049,-0.999840259552002,-0.014381643384695053,0.010624229907989502,0.9998400211334229,0.3566318154335022,0.9999269843101501,0.0,0.010808269493281841,0.005400889087468386,0.9999575614929199,-0.0022378501016646624,0.007202978245913982,0.005296133458614349,0.7033339738845825,-0.007156476378440857,0.0030351392924785614,0.7108169794082642
gate_f5_freeform_pose_coupling_probe,371,18.549802780151367,5.7779998779296875,5.4186248779296875,5.461610794067383,6.538505554199219,5.461610794067383,5.4186248779296875,False,14.0,0.2420286238193512,0.11546894907951355,-0.0005586445331573486,0.003117445856332779,-0.020795954391360283,0.01024837326258421,0.9997312426567078,0.014417022466659546,-0.010770048946142197,-0.9998379945755005,-0.014417057856917381,0.010770201683044434,0.9998379945755005,0.36690840125083923,0.9999253749847412,0.0,0.01090573612600565,0.005505951587110758,0.9999572038650513,-0.002140225376933813,0.0072203129529953,0.005369801539927721,0.7032837867736816,-0.007607067935168743,0.0026145679876208305,0.7108636498451233
gate_f5_freeform_pose_coupling_probe,372,18.599802017211914,5.7779998779296875,5.8399739265441895,5.849697113037109,6.481794834136963,5.849697113037109,5.8399739265441895,False,14.0,0.24133816361427307,0.1155061423778534,-0.0005532205104827881,0.0030905678868293762,-0.021039586514234543,0.01046847552061081,0.9997238516807556,0.014433213509619236,-0.010867753997445107,-0.999836802482605,-0.014433285221457481,0.010867774486541748,0.9998367428779602,0.37897583842277527,0.9999237656593323,0.0,0.010999809950590134,0.005611472297459841,0.999957263469696,-0.00197188020683825,0.007227602880448103,0.0054198564030230045,0.703249990940094,-0.007877705618739128,0.0023585001472383738,0.7108950614929199
gate_f5_freeform_pose_coupling_probe,373,18.64980125427246,5.7779998779296875,5.849344253540039,5.762974739074707,6.526834011077881,5.762974739074707,5.849344253540039,False,14.0,0.24063917994499207,0.11561702191829681,-0.0005605518817901611,0.0030423440039157867,-0.021303579211235046,0.010679223574697971,0.99971604347229,0.014346668496727943,-0.010792011395096779,-0.9998389482498169,-0.014346743002533913,0.010791778564453125,0.9998389482498169,0.39712852239608765,0.9999221563339233,0.0,0.011090345680713654,0.0057173967361450195,0.9999585151672363,-0.0015625488013029099,0.0071820467710494995,0.005385006777942181,0.7032775282859802,-0.007978358305990696,0.002197838621214032,0.7108672857284546
gate_f5_freeform_pose_coupling_probe,374,18.699800491333008,5.7779998779296875,5.669896125793457,5.720945358276367,6.4937334060668945,5.720945358276367,5.669896125793457,False,14.0,0.2399643361568451,0.11566595733165741,-0.0005643367767333984,0.003055274486541748,-0.02153242751955986,0.010893858969211578,0.9997087717056274,0.014409773983061314,-0.010894511826336384,-0.999836802482605,-0.014409847557544708,0.010894715785980225,0.9998366236686707,0.4097389578819275,0.9999205470085144,0.0,0.011177198961377144,0.005823667626827955,0.9999583959579468,-0.0012663679663091898,0.0072120740078389645,0.005438349209725857,0.7032380700111389,-0.007237815298140049,0.002975077833980322,0.7109112739562988
gate_f5_freeform_pose_coupling_probe,375,18.749799728393555,5.7779998779296875,5.781567573547363,5.778467655181885,6.499836444854736,5.778467655181885,5.781567573547363,False,14.0,0.23930397629737854,0.11568358540534973,-0.0005621016025543213,0.0030410215258598328,-0.021739337593317032,0.011110366322100163,0.9997019171714783,0.0145322997123003,-0.011060620658099651,-0.999833345413208,-0.014532351866364479,0.011060714721679688,0.9998331069946289,0.41401463747024536,0.9999189972877502,0.0,0.011260222643613815,0.0059302267618477345,0.999957799911499,-0.0010238990653306246,0.007272111717611551,0.005523097701370716,0.7031738758087158,-0.0062685622833669186,0.004020213149487972,0.7109788656234741
gate_f5_freeform_pose_coupling_probe,376,18.7997989654541,5.7779998779296875,5.8360981941223145,5.799553871154785,6.511961460113525,5.799553871154785,5.8360981941223145,False,14.0,0.23866090178489685,0.11568952351808548,-0.0005724728107452393,0.0030030254274606705,-0.021930072456598282,0.011324187740683556,0.999695360660553,0.014719950966536999,-0.011233418248593807,-0.9998281002044678,-0.014719942584633827,0.011233270168304443,0.9998286366462708,0.4125943183898926,0.9999175071716309,0.0,0.011339272372424603,0.006037014536559582,0.9999566078186035,-0.0009085157653316855,0.007365392055362463,0.005610261112451553,0.7031055688858032,-0.0053184907883405685,0.005091799423098564,0.7110474109649658
gate_f5_freeform_pose_coupling_probe,377,18.84979820251465,5.7779998779296875,5.760385513305664,5.727350234985352,6.517855644226074,5.727350234985352,5.760385513305664,False,14.0,0.2380146086215973,0.11568105965852737,-0.0005780160427093506,0.0029951073229312897,-0.022109612822532654,0.011542689986526966,0.9996889233589172,0.01487850770354271,-0.011473901569843292,-0.9998233318328857,-0.014878588728606701,0.011473894119262695,0.9998233914375305,0.41495880484580994,0.9999159574508667,0.0,0.01141420379281044,0.006143968552350998,0.9999554753303528,-0.0008440073579549789,0.007444422226399183,0.005730922799557447,0.703015148639679,-0.0047920760698616505,0.005723791662603617,0.7111356258392334
gate_f5_freeform_pose_coupling_probe,378,18.899797439575195,5.7779998779296875,5.744528770446777,5.753034591674805,6.505927085876465,5.753034591674805,5.744528770446777,False,14.0,0.23737892508506775,0.1156405434012413,-0.0005797743797302246,0.0029911380261182785,-0.022267887368798256,0.011764763854444027,0.9996828436851501,0.015063567087054253,-0.011788500472903252,-0.99981689453125,-0.015063581988215446,0.011788368225097656,0.9998170137405396,0.4125943183898926,0.9999145269393921,0.0,0.011484871618449688,0.006251025944948196,0.9999537467956543,-0.0009634325397200882,0.007537804078310728,0.005887260660529137,0.7029049396514893,-0.005131212994456291,0.005518550984561443,0.7112438678741455
gate_f5_freeform_pose_coupling_probe,379,18.949796676635742,5.7779998779296875,5.53518533706665,5.526561737060547,6.556928634643555,5.526561737060547,5.53518533706665,False,14.0,0.23675546050071716,0.11562216281890869,-0.0005944967269897461,0.0029554609209299088,-0.02242281660437584,0.01197902299463749,0.9996768236160278,0.015218640677630901,-0.012018839828670025,-0.9998120069503784,-0.015218652784824371,0.012019038200378418,0.9998119473457336,0.4125943183898926,0.9999130964279175,0.0,0.01155113335698843,0.006358123384416103,0.9999522566795349,-0.0012139070313423872,0.007616967894136906,0.006000460125505924,0.7028291821479797,-0.006118136458098888,0.0046523860655725,0.7113171219825745
gate_f5_freeform_pose_coupling_probe,380,18.99979591369629,5.7779998779296875,5.765237808227539,5.775289535522461,6.516712665557861,5.775289535522461,5.765237808227539,False,14.0,0.23613455891609192,0.11560864746570587,-0.0006146430969238281,0.002926187589764595,-0.022571107372641563,0.012191942892968655,0.9996709227561951,0.015449700877070427,-0.012265407480299473,-0.9998054504394531,-0.015449780970811844,0.012265324592590332,0.9998054504394531,0.40734419226646423,0.9999116659164429,0.0,0.011612845584750175,0.0064651938155293465,0.9999502897262573,-0.0014678234001621604,0.00773422047495842,0.006121655460447073,0.702747642993927,-0.007330430671572685,0.0036174803972244263,0.7113922834396362
gate_f5_freeform_pose_coupling_probe,381,19.049795150756836,5.7779998779296875,5.771267890930176,5.908266544342041,6.445122241973877,5.908266544342041,5.771267890930176,False,14.0,0.23553422093391418,0.11555767059326172,-0.0005934834480285645,0.002989359200000763,-0.022694149985909462,0.0124060595408082,0.9996654987335205,0.01590060070157051,-0.012716728262603283,-0.9997924566268921,-0.015900619328022003,0.01271665096282959,0.9997926950454712,0.38966768980026245,0.999910295009613,0.0,0.011669867672026157,0.006572170648723841,0.9999470710754395,-0.0014435302000492811,0.007959883660078049,0.006347209680825472,0.702582597732544,-0.006858597043901682,0.004401031415909529,0.711555540561676
gate_f5_freeform_pose_coupling_probe,382,19.099794387817383,5.7779998779296875,5.725801944732666,5.730913162231445,6.510281562805176,5.730913162231445,5.725801944732666,False,14.0,0.23490718007087708,0.11553630232810974,-0.0005707740783691406,0.0029819700866937637,-0.022825365886092186,0.012623462826013565,0.9996597766876221,0.016056355088949203,-0.012987734749913216,-0.9997864961624146,-0.016056355088949203,0.012987494468688965,0.9997866749763489,0.38866209983825684,0.999908983707428,0.0,0.011722058989107609,0.006678985897451639,0.9999455213546753,-0.0014872682513669133,0.00803825631737709,0.0064822654239833355,0.7024863362312317,-0.006991183385252953,0.0043799192644655704,0.7116493582725525
gate_f5_freeform_pose_coupling_probe,383,19.14979362487793,5.7779998779296875,5.787359237670898,5.785241603851318,6.496036052703857,5.785241603851318,5.787359237670898,False,14.0,0.23425725102424622,0.11554130911827087,-0.0005581378936767578,0.0029755625873804092,-0.022961582988500595,0.012843192555010319,0.9996538758277893,0.016121098771691322,-0.013182874768972397,-0.9997831583023071,-0.016121141612529755,0.013182759284973145,0.9997830986976624,0.39266902208328247,0.9999077320098877,0.0,0.011769281700253487,0.006785569712519646,0.9999446868896484,-0.001480025821365416,0.008070733398199081,0.006579856853932142,0.7024179697036743,-0.007223119493573904,0.004196790512651205,0.7117156386375427
gate_f5_freeform_pose_coupling_probe,384,19.199792861938477,5.7779998779296875,6.404022693634033,6.402364730834961,6.362174987792969,6.402364730834961,6.404022693634033,False,14.0,0.23369291424751282,0.11549153923988342,-0.0005373954772949219,0.003069652244448662,-0.023053813725709915,0.013045609928667545,0.9996491074562073,0.01653609611093998,-0.013557441532611847,-0.999771237373352,-0.016536131501197815,0.0135575532913208,0.999771237373352,0.3758651614189148,0.9999064803123474,0.0,0.011811397038400173,0.0068918513134121895,0.9999408721923828,-0.001971543300896883,0.008281870745122433,0.006762792821973562,0.7022885680198669,-0.008266426622867584,0.0034595730248838663,0.7118359208106995
gate_f5_freeform_pose_coupling_probe,385,19.249792098999023,5.7779998779296875,5.75302791595459,5.774966239929199,6.456239223480225,5.774966239929199,5.75302791595459,False,14.0,0.23314985632896423,0.11541948467493057,-0.0004931092262268066,0.0031652264297008514,-0.02312745898962021,0.013245727866888046,0.9996447563171387,0.016873344779014587,-0.01396944746375084,-0.9997600317001343,-0.01687340810894966,0.013969242572784424,0.9997602105140686,0.35990872979164124,0.9999053478240967,0.0,0.01184826996177435,0.006997758988291025,0.9999371767044067,-0.002383054234087467,0.008453801274299622,0.006965015549212694,0.7021464109420776,-0.009579678066074848,0.002402322366833687,0.7119641900062561
gate_f5_freeform_pose_coupling_probe,386,19.29979133605957,5.7779998779296875,5.481746673583984,5.27462100982666,6.61317253112793,5.27462100982666,5.481746673583984,False,14.0,0.23245492577552795,0.11544936150312424,-0.00046113133430480957,0.0030428580939769745,-0.02325301244854927,0.013475005514919758,0.9996387958526611,0.01660521700978279,-0.014080226421356201,-0.999763011932373,-0.01660534180700779,0.014080226421356201,0.9997629523277283,0.38308411836624146,0.999904215335846,0.0,0.011879767291247845,0.00710322055965662,0.999937891960144,-0.0023915916681289673,0.00831991620361805,0.007020651362836361,0.7021105289459229,-0.01097718346863985,0.0008363607339560986,0.7119828462600708
gate_f5_freeform_pose_coupling_probe,387,19.349790573120117,5.7779998779296875,5.56792688369751,5.76335334777832,6.426751136779785,5.76335334777832,5.56792688369751,False,14.0,0.23173394799232483,0.11551603674888611,-0.00046056509017944336,0.0030374545603990555,-0.023382846266031265,0.013703973963856697,0.9996326565742493,0.016438566148281097,-0.014119314961135387,-0.9997649192810059,-0.01643870584666729,0.014119386672973633,0.999765157699585,0.39909452199935913,0.99990314245224,0.0,0.011905756779015064,0.007208161987364292,0.9999387860298157,-0.00220616371370852,0.008235322311520576,0.007041920442134142,0.7020965814590454,-0.010870070196688175,0.0008251614053733647,0.7119982838630676
gate_f5_freeform_pose_coupling_probe,388,19.399789810180664,5.7779998779296875,5.921311855316162,5.845522880554199,6.4735493659973145,5.845522880554199,5.921311855316162,False,14.0,0.23102334141731262,0.11562032252550125,-0.00045984983444213867,0.002993473783135414,-0.02351081743836403,0.013919355347752571,0.9996266961097717,0.016252687200903893,-0.01405198872089386,-0.9997687339782715,-0.016252711415290833,0.01405179500579834,0.9997692704200745,0.41543006896972656,0.9999021291732788,0.0,0.011926109902560711,0.00731250923126936,0.999940812587738,-0.0016562002710998058,0.008138439618051052,0.007012930233031511,0.7021175026893616,-0.009280246682465076,0.002261991845443845,0.7119970917701721
gate_f5_freeform_pose_coupling_probe,389,19.44978904724121,5.7779998779296875,5.947615146636963,6.214821815490723,6.286332130432129,6.214821815490723,5.947615146636963,False,14.0,0.2305355966091156,0.11564422398805618,-0.0004392862319946289,0.00317995622754097,-0.0235749538987875,0.014077294617891312,0.9996229410171509,0.016972819343209267,-0.014278114773333073,-0.9997537136077881,-0.016972940415143967,0.014278292655944824,0.9997538924217224,0.37949180603027344,0.9999011754989624,0.0,0.011940700002014637,0.007416186388581991,0.9999364018440247,-0.002016504295170307,0.00850131269544363,0.00712236762046814,0.7020300030708313,-0.00819762796163559,0.00383587833493948,0.7120897769927979
gate_f5_freeform_pose_coupling_probe,390,19.499788284301758,5.7779998779296875,5.966257572174072,5.888199806213379,6.435370922088623,5.888199806213379,5.966257572174072,False,14.0,0.23005929589271545,0.11562806367874146,-0.0003956258296966553,0.0032036341726779938,-0.023618284612894058,0.014240268617868423,0.9996196031570435,0.017639173194766045,-0.014550170861184597,-0.9997384548187256,-0.017639227211475372,0.01455003023147583,0.9997385740280151,0.3426406979560852,0.9999003410339355,0.0,0.011949400417506695,0.00751911848783493,0.9999322295188904,-0.002176912035793066,0.008835981599986553,0.007256342098116875,0.7019251585006714,-0.007386304903775454,0.005103917792439461,0.7121941447257996
gate_f5_freeform_pose_coupling_probe,391,19.549787521362305,5.7779998779296875,5.567086219787598,5.18912935256958,6.6328277587890625,5.18912935256958,5.567086219787598,False,14.0,0.22934207320213318,0.11561542749404907,-0.0003693103790283203,0.0030717477202415466,-0.02367592602968216,0.014481902122497559,0.9996147751808167,0.017273908481001854,-0.014738108031451702,-0.9997422695159912,-0.017273973673582077,0.014738321304321289,0.9997419714927673,0.3685048222541809,0.9998995065689087,0.0,0.011952092871069908,0.0076212286949157715,0.9999338388442993,-0.0018575836438685656,0.0086511867120862,0.00735347019508481,0.7018555402755737,-0.006780649069696665,0.005444526206701994,0.7122660875320435
gate_f5_freeform_pose_coupling_probe,392,19.59978675842285,5.7779998779296875,5.943627834320068,5.923696517944336,6.407196521759033,5.923696517944336,5.943627834320068,False,14.0,0.22866573929786682,0.11557483673095703,-0.0003746151924133301,0.0030575525015592575,-0.023707851767539978,0.014715420082211494,0.9996106028556824,0.01736597903072834,-0.015082462690770626,-0.9997349977493286,-0.01736607775092125,0.01508253812789917,0.999735414981842,0.3642321527004242,0.9998987913131714,0.0,0.011948655359447002,0.007722440175712109,0.9999319911003113,-0.0018758366350084543,0.008697696961462498,0.007525427732616663,0.7017349004745483,-0.0071124969981610775,0.005182530730962753,0.7123838067054749
gate_f5_freeform_pose_coupling_probe,393,19.6497859954834,5.7779998779296875,5.386932849884033,5.553038597106934,6.4148101806640625,5.553038597106934,5.386932849884033,False,14.0,0.2281273901462555,0.11548158526420593,-0.00035837292671203613,0.0031388476490974426,-0.023704152554273605,0.014915223233401775,0.9996077418327332,0.01786700077354908,-0.015574106015264988,-0.9997186660766602,-0.017867006361484528,0.015574097633361816,0.9997190237045288,0.3368816077709198,0.9998981356620789,0.0,0.011938974261283875,0.007822675630450249,0.9999268651008606,-0.0023708497174084187,0.008952568285167217,0.007766395807266235,0.7015731930732727,-0.00985995028167963,0.002829417120665312,0.7125235199928284
gate_f5_freeform_pose_coupling_probe,394,19.699785232543945,5.7779998779296875,6.0144195556640625,5.877843379974365,6.435264587402344,5.877843379974365,6.0144195556640625,False,14.0,0.22756269574165344,0.11540327966213226,-0.0003517270088195801,0.0030977297574281693,-0.02369803562760353,0.015119194984436035,0.9996048212051392,0.018177775666117668,-0.015982769429683685,-0.9997067451477051,-0.018177799880504608,0.015982747077941895,0.9997069239616394,0.3214254379272461,0.9998975396156311,0.0,0.011922936886548996,0.007921857759356499,0.9999226927757263,-0.002824460156261921,0.009112092666327953,0.007966263219714165,0.7014321088790894,-0.01167144626379013,0.0012659606290981174,0.7126395106315613
gate_f5_freeform_pose_coupling_probe,395,19.749784469604492,5.7779998779296875,5.920314788818359,5.743737697601318,6.485894203186035,5.743737697601318,5.920314788818359,False,14.0,0.22673490643501282,0.11548265069723129,-0.00035697221755981445,0.00301334448158741,-0.023735497146844864,0.015368334949016571,0.9996001124382019,0.01724073477089405,-0.015900474041700363,-0.9997246265411377,-0.017240792512893677,0.015900373458862305,0.9997249841690063,0.37272852659225464,0.9998970031738281,0.0,0.011900433339178562,0.008019909262657166,0.9999281167984009,-0.0024665025994181633,0.008640546351671219,0.007929494604468346,0.7014625072479248,-0.0118756964802742,0.00040701337275095284,0.7126073241233826
gate_f5_freeform_pose_coupling_probe,396,19.79978370666504,5.7779998779296875,5.548301696777344,5.6707963943481445,6.4047040939331055,5.6707963943481445,5.548301696777344,False,14.0,0.22600945830345154,0.11551578342914581,-0.000353395938873291,0.003066740930080414,-0.023739278316497803,0.015592781826853752,0.9995965957641602,0.016838718205690384,-0.016000138595700264,-0.9997303485870361,-0.016838757321238518,0.015999913215637207,0.9997302889823914,0.3946572542190552,0.9998965859413147,0.0,0.011871359311044216,0.008116750977933407,0.9999300241470337,-0.0022577696945518255,0.008437969721853733,0.007981576956808567,0.7014266848564148,-0.011173670180141926,0.0008164802566170692,0.712653636932373
gate_f5_freeform_pose_coupling_probe,397,19.849782943725586,5.7779998779296875,6.456691741943359,6.191684722900391,6.398031234741211,6.191684722900391,6.456691741943359,False,14.0,0.22537502646446228,0.11550697684288025,-0.0003383457660675049,0.0030542444437742233,-0.023717207834124565,0.01579643227159977,0.9995939135551453,0.016839757561683655,-0.016241565346717834,-0.9997258186340332,-0.016839807853102684,0.01624143123626709,0.9997263550758362,0.3941611349582672,0.999896228313446,0.0,0.011835611425340176,0.00821230560541153,0.9999287724494934,-0.0023190630599856377,0.008439267985522747,0.00810178928077221,0.7013403177261353,-0.010966787114739418,0.0010220450349152088,0.7127415537834167
gate_f5_freeform_pose_coupling_probe,398,19.899782180786133,5.7779998779296875,5.844541549682617,5.936912536621094,6.340662956237793,5.936912536621094,5.844541549682617,False,14.0,0.22482004761695862,0.1154484897851944,-0.0003101527690887451,0.0031904615461826324,-0.023671742528676987,0.01598592847585678,0.9995919466018677,0.017076293006539345,-0.016618547961115837,-0.9997156858444214,-0.017076309770345688,0.016618549823760986,0.9997161030769348,0.37949180603027344,0.9998959302902222,0.0,0.011793093755841255,0.008306496776640415,0.999925434589386,-0.0026356761809438467,0.00856062676757574,0.008287329226732254,0.7012065052986145,-0.011781910434365273,0.0003880174190271646,0.7128607630729675
gate_f5_freeform_pose_coupling_probe,399,19.94978141784668,5.7779998779296875,5.6532368659973145,5.570341110229492,6.448899269104004,5.570341110229492,5.6532368659973145,False,14.0,0.22427770495414734,0.11541303247213364,-0.00027933716773986816,0.0031765885651111603,-0.02362494356930256,0.016164004802703857,0.9995902180671692,0.017336567863821983,-0.0169250275939703,-0.9997062683105469,-0.01733659952878952,0.01692497730255127,0.999706506729126,0.36207690834999084,0.9998957514762878,0.0,0.01174371037632227,0.008399245329201221,0.9999223947525024,-0.002886211732402444,0.008693312294781208,0.008438077755272388,0.7010971307754517,-0.011789759621024132,0.0005645878845825791,0.712968111038208
gate_f5_freeform_pose_coupling_probe,400,19.999780654907227,5.7779998779296875,5.456223964691162,5.455417633056641,6.464015960693359,5.455417633056641,5.456223964691162,False,14.0,0.22377046942710876,0.1153770238161087,-0.00026425719261169434,0.003100462257862091,-0.02357194758951664,0.016329800710082054,0.9995887875556946,0.01795811578631401,-0.017293930053710938,-0.9996888637542725,-0.01795816235244274,0.017293810844421387,0.9996891617774963,0.32625916600227356,0.9998956322669983,0.0,0.011687373742461205,0.008490475825965405,0.9999170899391174,-0.003202691674232483,0.009007408283650875,0.008618831634521484,0.7009628415107727,-0.01072672102600336,0.0020474258344620466,0.7131142020225525
gate_f5_freeform_pose_coupling_probe,401,20.049779891967773,5.7779998779296875,7.98306131362915,8.175702095031738,6.05410099029541,8.175702095031738,7.98306131362915,False,14.0,0.22303083539009094,0.11536242067813873,-0.00021910667419433594,0.003247857093811035,-0.0234915092587471,0.016558904200792313,0.9995868802070618,0.017568983137607574,-0.017489682883024216,-0.999692440032959,-0.017569024115800858,0.017489612102508545,0.9996927380561829,0.34321129322052,0.9998956322669983,0.0,0.011623996309936047,0.008580110035836697,0.99991774559021,-0.0032782258931547403,0.00881379097700119,0.008716665208339691,0.7008958458900452,-0.012057540006935596,0.00046754025970585644,0.7131615877151489
gate_f5_freeform_pose_coupling_probe,402,20.09977912902832,5.7779998779296875,4.166889667510986,4.703533172607422,6.421268939971924,4.703533172607422,4.166889667510986,False,14.0,0.22224000096321106,0.11540178954601288,-0.0001131296157836914,0.003420349210500717,-0.023401929065585136,0.01678524911403656,0.9995852112770081,0.016343265771865845,-0.01741248369216919,-0.9997146129608154,-0.01634332165122032,0.017412424087524414,0.9997147917747498,0.4059005677700043,0.9998956918716431,0.0,0.011553498916327953,0.008668072521686554,0.9999241828918457,-0.002989775501191616,0.008198212832212448,0.008682389743626118,0.7009202241897583,-0.013848107308149338,-0.002152226399630308,0.7131019830703735
gate_f5_freeform_pose_coupling_probe,403,20.149778366088867,5.7779998779296875,6.673742294311523,6.2069807052612305,6.442146301269531,6.2069807052612305,6.673742294311523,False,14.0,0.22146865725517273,0.11553854495286942,-0.00015172362327575684,0.0030462518334388733,-0.023322366178035736,0.016974730417132378,0.999583899974823,0.01585249975323677,-0.0172184519469738,-0.9997259378433228,-0.01585257612168789,0.01721853017807007,0.9997260570526123,0.42795848846435547,0.9998958110809326,0.0,0.011475804261863232,0.008754288777709007,0.9999300241470337,-0.0017104917205870152,0.00794150959700346,0.00859624333679676,0.7009923458099365,-0.010607043281197548,0.0006883169407956302,0.7130895853042603
gate_f5_freeform_pose_coupling_probe,404,20.199777603149414,5.7779998779296875,5.2712178230285645,5.378836631774902,6.39987850189209,5.378836631774902,5.2712178230285645,False,14.0,0.22077998518943787,0.11562473326921463,-0.00018796324729919434,0.0031140390783548355,-0.023222440853714943,0.017148936167359352,0.9995832443237305,0.01555910799652338,-0.017150677740573883,-0.9997315406799316,-0.015559148974716663,0.0171506404876709,0.9997318387031555,0.43924030661582947,0.9998960494995117,0.0,0.011390842497348785,0.008838684298098087,0.999931812286377,-0.001460036262869835,0.007792589720338583,0.008564545772969723,0.7010155320167542,-0.009694409556686878,0.0013794307596981525,0.7130787968635559
gate_f5_freeform_pose_coupling_probe,405,20.24977684020996,5.7779998779296875,5.915594577789307,5.922689437866211,6.351775169372559,5.922689437866211,5.915594577789307,False,14.0,0.22022047638893127,0.11562588810920715,-0.0002111494541168213,0.0030740369111299515,-0.02310912124812603,0.017306450754404068,0.9995831251144409,0.015811799094080925,-0.01734878495335579,-0.9997245073318481,-0.015811830759048462,0.01734858751296997,0.9997245073318481,0.4182465970516205,0.9998963475227356,0.0,0.011298544704914093,0.00892118364572525,0.9999294877052307,-0.001803253311663866,0.007922075688838959,0.008660717867314816,0.7009450197219849,-0.00992359034717083,0.0013321605511009693,0.7131450772285461
gate_f5_freeform_pose_coupling_probe,406,20.299776077270508,5.7779998779296875,6.006240367889404,6.011162281036377,6.317980766296387,6.011162281036377,6.006240367889404,False,14.0,0.21967348456382751,0.11556525528430939,-0.0002079606056213379,0.0031478367745876312,-0.022970689460635185,0.01747516356408596,0.9995834231376648,0.01602403074502945,-0.017722956836223602,-0.9997144937515259,-0.016024060547351837,0.0177229642868042,0.9997144341468811,0.39909452199935913,0.999896764755249,0.0,0.011198852211236954,0.009001716040074825,0.9999260902404785,-0.002254876308143139,0.008032551035284996,0.00884401984512806,0.7008119225502014,-0.010336418636143208,0.001076933927834034,0.713270366191864
gate_f5_freeform_pose_coupling_probe,407,20.349775314331055,5.7779998779296875,5.546875476837158,5.724897384643555,6.335623741149902,5.724897384643555,5.546875476837158,False,14.0,0.2191283404827118,0.11550278216600418,-0.00019022822380065918,0.0032061152160167694,-0.022822180762887,0.017641376703977585,0.999583899974823,0.01615649275481701,-0.018088145181536674,-0.9997057914733887,-0.016156554222106934,0.01808786392211914,0.9997059106826782,0.3820611834526062,0.9998972415924072,0.0,0.011091707274317741,0.009080209769308567,0.9999231100082397,-0.0025807006750255823,0.008102157153189182,0.009023857302963734,0.7006821632385254,-0.01075873151421547,0.0007567026768811047,0.7133920788764954
gate_f5_freeform_pose_coupling_probe,408,20.3997745513916,5.7779998779296875,5.613858699798584,5.621146202087402,6.388882637023926,5.621146202087402,5.613858699798584,False,14.0,0.2186155617237091,0.1154031902551651,-0.00016736984252929688,0.003169303759932518,-0.022662492468953133,0.01780671998858452,0.9995845556259155,0.016528528183698654,-0.018567394465208054,-0.9996910095214844,-0.0165285412222147,0.018567442893981934,0.9996908903121948,0.35553276538848877,0.999897837638855,0.0,0.010977058671414852,0.009156594052910805,0.9999178051948547,-0.003143040928989649,0.008294044993817806,0.009258389472961426,0.7005113363265991,-0.011420478112995625,0.00037011547829024494,0.7135497331619263
gate_f5_freeform_pose_coupling_probe,409,20.44977378845215,5.7779998779296875,7.444329738616943,6.635736465454102,6.347782135009766,6.635736465454102,7.444329738616943,False,14.0,0.21802231669425964,0.11534111946821213,-0.0001589059829711914,0.003158941864967346,-0.02248096652328968,0.017980212345719337,0.9995855689048767,0.01654118485748768,-0.018895452842116356,-0.9996843338012695,-0.016541212797164917,0.018895506858825684,0.9996846318244934,0.3443496525287628,0.9998984932899475,0.0,0.010854862630367279,0.009230801835656166,0.9999149441719055,-0.0035007779952138662,0.008304273709654808,0.009419456124305725,0.7003942728042603,-0.012152627110481262,-0.0003377329558134079,0.7136526107788086
gate_f5_freeform_pose_coupling_probe,410,20.499773025512695,5.7779998779296875,5.75463342666626,5.5691022872924805,6.413887977600098,5.5691022872924805,5.75463342666626,False,14.0,0.21716448664665222,0.11546006798744202,-0.00010380148887634277,0.003200538456439972,-0.022249747067689896,0.01816653646528721,0.99958735704422,0.015209495089948177,-0.018639767542481422,-0.9997107982635498,-0.015209500677883625,0.018639564514160156,0.9997105598449707,0.40445172786712646,0.9998992085456848,0.0,0.010725078172981739,0.00930276419967413,0.9999231696128845,-0.003004892496392131,0.0076332720927894115,0.009297660551965237,0.700484037399292,-0.012406207621097565,-0.0015213892329484224,0.7135586142539978
gate_f5_freeform_pose_coupling_probe,411,20.549772262573242,5.7779998779296875,5.871585369110107,5.639150619506836,6.43821907043457,5.639150619506836,5.871585369110107,False,14.0,0.21644523739814758,0.11550121754407883,-0.00011095404624938965,0.0030693449079990387,-0.022019168362021446,0.018333077430725098,0.9995894432067871,0.014713259413838387,-0.01864129863679409,-0.9997178316116333,-0.014713325537741184,0.018641531467437744,0.9997178316116333,0.42011380195617676,0.9999000430107117,0.0,0.010587671771645546,0.009372415952384472,0.9999261498451233,-0.0025657948572188616,0.007381042931228876,0.009302398189902306,0.7004836201667786,-0.01191661600023508,-0.0013884197687730193,0.7135675549507141
gate_f5_freeform_pose_coupling_probe,412,20.59977149963379,5.7779998779296875,6.637080669403076,6.415163993835449,6.273439407348633,6.415163993835449,6.637080669403076,False,14.0,0.21582284569740295,0.11549670994281769,-0.0001310408115386963,0.0031142253428697586,-0.02179417945444584,0.018484171479940414,0.999591588973999,0.014646082185208797,-0.01881096325814724,-0.9997155666351318,-0.014646166004240513,0.01881098747253418,0.9997158050537109,0.4097389578819275,0.9999009370803833,0.0,0.010442615486681461,0.00943969376385212,0.9999254941940308,-0.0026016382034868,0.007348010316491127,0.009387063793838024,0.7004231810569763,-0.011847792193293571,-0.00136679713614285,0.7136281728744507
gate_f5_freeform_pose_coupling_probe,413,20.649770736694336,5.7779998779296875,5.888846397399902,5.9897260665893555,6.24982213973999,5.9897260665893555,5.888846397399902,False,14.0,0.21528282761573792,0.11543570458889008,-9.709596633911133e-05,0.003286590799689293,-0.02157413773238659,0.01862829551100731,0.9995936751365662,0.014704670757055283,-0.019127080217003822,-0.9997087717056274,-0.014704762026667595,0.019126951694488525,0.9997090697288513,0.3936643898487091,0.9999018907546997,0.0,0.010289886966347694,0.009504535235464573,0.9999228119850159,-0.0029596122913062572,0.007381146773695946,0.009542431682348251,0.7003084421157837,-0.012692278251051903,-0.0021522718016058207,0.7137243747711182
gate_f5_freeform_pose_coupling_probe,414,20.699769973754883,5.7779998779296875,4.918974876403809,5.320731163024902,6.327600479125977,5.320731163024902,4.918974876403809,False,14.0,0.21465322375297546,0.11541639268398285,-6.058812141418457e-05,0.0033069495111703873,-0.021316388621926308,0.01877732016146183,0.9995964169502258,0.014227153733372688,-0.019293107092380524,-0.999712347984314,-0.014227168634533882,0.019293129444122314,0.9997127056121826,0.4068635404109955,0.9999029040336609,0.0,0.010129470378160477,0.009566880762577057,0.9999232888221741,-0.0031000012531876564,0.007143963128328323,0.00962514616549015,0.7002449631690979,-0.013453043065965176,-0.0032319175079464912,0.7137686014175415
gate_f5_freeform_pose_coupling_probe,415,20.74976921081543,5.7779998779296875,6.168896198272705,5.982824325561523,6.34214448928833,5.982824325561523,6.168896198272705,False,14.0,0.2139311134815216,0.11546172201633453,-4.1484832763671875e-05,0.0031627509742975235,-0.02101736329495907,0.018923049792647362,0.9995999932289124,0.0135829858481884,-0.019317075610160828,-0.9997209310531616,-0.013583047315478325,0.019317448139190674,0.9997209906578064,0.42750102281570435,0.9999040365219116,0.0,0.009961355477571487,0.009626672603189945,0.9999252557754517,-0.0031539469491690397,0.006822399795055389,0.009637740440666676,0.7002344727516174,-0.013368446379899979,-0.003599889110773802,0.713778555393219
gate_f5_freeform_pose_coupling_probe,416,20.799768447875977,5.7779998779296875,5.703022003173828,5.578305721282959,6.384310245513916,5.578305721282959,5.703022003173828,False,14.0,0.2131318747997284,0.11558186262845993,-4.2498111724853516e-05,0.0031287744641304016,-0.020676953718066216,0.019056230783462524,0.9996045827865601,0.012706274166703224,-0.019030503928661346,-0.9997380971908569,-0.012706357054412365,0.019030630588531494,0.9997380971908569,0.4571402966976166,0.9999052286148071,0.0,0.009785539470613003,0.009683855809271336,0.9999327659606934,-0.0018668894190341234,0.006371308583766222,0.00950399599969387,0.700346052646637,-0.009362987242639065,-0.00028603096143342555,0.7137419581413269
gate_f5_freeform_pose_coupling_probe,417,20.849767684936523,5.7779998779296875,5.762967109680176,5.7395830154418945,6.324011325836182,5.7395830154418945,5.762967109680176,False,14.0,0.21253642439842224,0.11563766002655029,-5.65946102142334e-05,0.0031274687498807907,-0.020399384200572968,0.019159944728016853,0.9996082782745361,0.012678793631494045,-0.019033104181289673,-0.9997386932373047,-0.01267886534333229,0.019032955169677734,0.9997385740280151,0.44190514087677,0.9999064803123474,0.0,0.009602023288607597,0.009738375432789326,0.9999331831932068,-0.0017273984849452972,0.006356242578476667,0.009506207890808582,0.7003451585769653,-0.008627928793430328,0.00041597732342779636,0.7137521505355835
gate_f5_freeform_pose_coupling_probe,418,20.89976692199707,5.7779998779296875,6.040334701538086,6.009849548339844,6.282522201538086,6.009849548339844,6.040334701538086,False,14.0,0.2121027410030365,0.11562903225421906,-7.50124454498291e-05,0.00316772423684597,-0.02017872780561447,0.01924731396138668,0.9996110796928406,0.013166206888854504,-0.01925063319504261,-0.9997278451919556,-0.013166277669370174,0.019250452518463135,0.9997279644012451,0.40251192450523376,0.9999077916145325,0.0,0.009410818107426167,0.009790181182324886,0.9999290108680725,-0.002429188461974263,0.006606916896998882,0.00960994977504015,0.7002676129341125,-0.009248263202607632,0.00014972913777455688,0.7138204574584961
gate_f5_freeform_pose_coupling_probe,419,20.949766159057617,5.7779998779296875,5.786722660064697,5.844174385070801,6.289816856384277,5.844174385070801,5.786722660064697,False,14.0,0.21161946654319763,0.11560887843370438,-7.316470146179199e-05,0.003239912912249565,-0.019922563806176186,0.019345002248883247,0.9996143579483032,0.013330180197954178,-0.019458631053566933,-0.9997215270996094,-0.013330208137631416,0.019458472728729248,0.9997218251228333,0.3774237036705017,0.9999091625213623,0.0,0.009211939759552479,0.009839224629104137,0.9999260306358337,-0.0029470620211213827,0.006694201845675707,0.009710305370390415,0.7001933455467224,-0.009661189280450344,-0.00013951280561741441,0.7138879299163818
gate_f5_freeform_pose_coupling_probe,420,20.999765396118164,5.7779998779296875,5.924588680267334,5.915056228637695,6.282678604125977,5.915056228637695,5.924588680267334,False,14.0,0.21080753207206726,0.11559619754552841,-3.504753112792969e-05,0.0032945796847343445,-0.01947648823261261,0.01949596032500267,0.9996201992034912,0.011926651000976562,-0.019529271870851517,-0.9997379779815674,-0.011926654726266861,0.01952916383743286,0.9997382164001465,0.4320538640022278,0.9999105930328369,0.0,0.00900540966540575,0.009885460138320923,0.999930202960968,-0.0029328009113669395,0.005992332007735968,0.009747742675244808,0.7001632452011108,-0.011187504045665264,-0.002619102131575346,0.7138903737068176
gate_f5_freeform_pose_coupling_probe,421,21.04976463317871,5.7779998779296875,6.028803825378418,5.963840484619141,6.267098426818848,5.963840484619141,6.028803825378418,False,14.0,0.21016332507133484,0.11553768068552017,1.8268823623657227e-05,0.003341156989336014,-0.019096825271844864,0.019623983651399612,0.999625027179718,0.011440458707511425,-0.01979565992951393,-0.9997385740280151,-0.011440495029091835,0.019795715808868408,0.9997386336326599,0.4387946128845215,0.9999120831489563,0.0,0.008791257627308369,0.009928843937814236,0.9999292492866516,-0.0032828522380441427,0.0057530696503818035,0.009879643097519875,0.7000585794448853,-0.012745404615998268,-0.004485255107283592,0.7139576077461243
gate_f5_freeform_pose_coupling_probe,422,21.099763870239258,5.7779998779296875,6.317662715911865,6.346439361572266,6.150177001953125,6.346439361572266,6.317662715911865,False,14.0,0.20961594581604004,0.11544238030910492,7.021427154541016e-05,0.0034722965210676193,-0.01875537447631359,0.019741807132959366,0.9996291995048523,0.011358046904206276,-0.02018938772380352,-0.9997313022613525,-0.011358106508851051,0.020189344882965088,0.999731719493866,0.4238234758377075,0.9999135732650757,0.0,0.008569519966840744,0.009969336912035942,0.9999256730079651,-0.0037799524143338203,0.005717527121305466,0.010073830373585224,0.6999132037162781,-0.01339681912213564,-0.00517804641276598,0.7140834927558899
gate_f5_freeform_pose_coupling_probe,423,21.149763107299805,5.7779998779296875,4.384347438812256,4.163002967834473,6.592282295227051,4.163002967834473,4.384347438812256,False,14.0,0.20884335041046143,0.11545339971780777,0.00013387203216552734,0.003315206617116928,-0.01827826350927353,0.019857851788401604,0.9996356964111328,0.010246061719954014,-0.02014906518161297,-0.9997442960739136,-0.01024616602808237,0.020149052143096924,0.9997445940971375,0.4597012996673584,0.9999151229858398,0.0,0.008340238593518734,0.010006901808083057,0.9999314546585083,-0.0030434350483119488,0.005153999663889408,0.010059535503387451,0.6999368071556091,-0.011129701510071754,-0.003734733909368515,0.7141083478927612
gate_f5_freeform_pose_coupling_probe,424,21.19976234436035,5.7779998779296875,5.85781717300415,6.135957717895508,6.137992858886719,6.135957717895508,5.85781717300415,False,14.0,0.20808011293411255,0.11548557877540588,0.00010928511619567871,0.0032762233167886734,-0.017787514254450798,0.019957873970270157,0.999642550945282,0.009606203995645046,-0.02019328624010086,-0.999750018119812,-0.009606275707483292,0.020193397998809814,0.9997499585151672,0.46897220611572266,0.9999167323112488,0.0,0.008103464730083942,0.010041502304375172,0.999934196472168,-0.002567355753853917,0.004829311277717352,0.010084908455610275,0.6999276876449585,-0.009032871574163437,-0.002127300715073943,0.7141534090042114
gate_f5_freeform_pose_coupling_probe,425,21.2497615814209,5.7779998779296875,5.919305801391602,5.79160737991333,6.291781425476074,5.79160737991333,5.919305801391602,False,14.0,0.20740899443626404,0.11549863964319229,0.00011324882507324219,0.003249809145927429,-0.01733536645770073,0.020043425261974335,0.9996488094329834,0.009042610414326191,-0.020233450457453728,-0.9997540712356567,-0.009042722173035145,0.020233511924743652,0.9997543692588806,0.4756011366844177,0.9999184012413025,0.0,0.007859253324568272,0.010073108598589897,0.9999356269836426,-0.002398473909124732,0.004545837640762329,0.010106473229825497,0.6999148726463318,-0.008045663125813007,-0.0015541169559583068,0.7141792178153992
gate_f5_freeform_pose_coupling_probe,426,21.299760818481445,5.7779998779296875,7.00175666809082,6.970616817474365,6.035820960998535,6.970616817474365,7.00175666809082,False,14.0,0.20686352252960205,0.11550275981426239,0.0001614689826965332,0.0033832062035799026,-0.016954487189650536,0.020110059529542923,0.9996539950370789,0.009217695333063602,-0.02034149318933487,-0.9997503757476807,-0.009217724204063416,0.02034151554107666,0.999750554561615,0.4441135823726654,0.9999200105667114,0.0,0.007607670500874519,0.01010169181972742,0.9999344348907471,-0.0025078020989894867,0.004634630400687456,0.010159789584577084,0.6998767256736755,-0.00796265434473753,-0.0013497477630153298,0.7142179608345032
gate_f5_freeform_pose_coupling_probe,427,21.349760055541992,5.7779998779296875,5.728201389312744,5.642828941345215,6.246009349822998,5.642828941345215,5.728201389312744,False,14.0,0.20632362365722656,0.11548961699008942,0.00024321675300598145,0.0034915097057819366,-0.016564596444368362,0.020176829770207405,0.9996591806411743,0.009038886055350304,-0.020420895889401436,-0.9997508525848389,-0.009038912132382393,0.020420849323272705,0.9997506737709045,0.43114712834358215,0.9999217391014099,0.0,0.007348785176873207,0.010127226822078228,0.9999343752861023,-0.002586016431450844,0.004546117037534714,0.010199361480772495,0.6998469233512878,-0.0084617231041193,-0.0019635625649243593,0.7142400741577148
gate_f5_freeform_pose_coupling_probe,428,21.39975929260254,5.7779998779296875,5.971592426300049,5.950928688049316,6.1550703048706055,5.950928688049316,5.971592426300049,False,14.0,0.20579823851585388,0.1154862493276596,0.0002689361572265625,0.00355619378387928,-0.0161760151386261,0.020234834402799606,0.9996643662452698,0.008891102857887745,-0.020481526851654053,-0.9997504949569702,-0.00889117643237114,0.020481467247009277,0.9997507333755493,0.41777849197387695,0.9999234080314636,0.0,0.007082676514983177,0.010149692185223103,0.9999334216117859,-0.002902509178966284,0.004475537687540054,0.010228454135358334,0.6998260617256165,-0.008046966977417469,-0.0016602898249402642,0.7142660617828369
gate_f5_freeform_pose_coupling_probe,429,21.449758529663086,5.7779998779296875,6.004039287567139,5.978010177612305,6.1560869216918945,5.978010177612305,6.004039287567139,False,14.0,0.20529985427856445,0.11546443402767181,0.00030544400215148926,0.003605671226978302,-0.015796266496181488,0.02029154822230339,0.9996693134307861,0.008943280205130577,-0.020632896572351456,-0.9997467994689941,-0.008943350054323673,0.02063310146331787,0.9997472167015076,0.39266902208328247,0.9999251365661621,0.0,0.00680942926555872,0.010169068351387978,0.9999319314956665,-0.003085901727899909,0.004503741394728422,0.010303251445293427,0.699773371219635,-0.007235042285174131,-0.0008276519365608692,0.714327871799469
gate_f5_freeform_pose_coupling_probe,430,21.499757766723633,5.7779998779296875,4.5548810958862305,4.283135414123535,6.485682487487793,4.283135414123535,4.5548810958862305,False,14.0,0.2044961154460907,0.11552157998085022,0.0003662109375,0.0034644249826669693,-0.015173264779150486,0.02034769579768181,0.999677836894989,0.007687682285904884,-0.020434632897377014,-0.9997612237930298,-0.0076877521350979805,0.020434916019439697,0.9997615218162537,0.4297834634780884,0.9999268054962158,0.0,0.006529135163873434,0.010185341350734234,0.9999377131462097,-0.0022712782956659794,0.0038672699593007565,0.010209169238805771,0.6998445987701416,-0.005200956016778946,0.0002856250503100455,0.7142760753631592
gate_f5_freeform_pose_coupling_probe,431,21.54975700378418,5.7779998779296875,7.083561420440674,7.0538434982299805,5.927421569824219,7.0538434982299805,7.083561420440674,False,14.0,0.20370781421661377,0.1155996322631836,0.00036957859992980957,0.0035549402236938477,-0.01453979592770338,0.020386595278978348,0.9996864199638367,0.0067772711627185345,-0.020302413031458855,-0.9997705221176147,-0.006777320988476276,0.02030247449874878,0.9997708201408386,0.4458724558353424,0.9999285340309143,0.0,0.006241893861442804,0.010198500007390976,0.9999410510063171,-0.001779699930921197,0.0034068929962813854,0.010145741514861584,0.6998908519744873,-0.003576569724828005,0.001239712699316442,0.7142397165298462
gate_f5_freeform_pose_coupling_probe,432,21.599756240844727,5.7779998779296875,5.626789093017578,5.524480819702148,6.206991195678711,5.524480819702148,5.626789093017578,False,14.0,0.20319929718971252,0.11560357362031937,0.00041538476943969727,0.0036659371107816696,-0.014115363359451294,0.020420482382178307,0.9996918439865112,0.0065519544295966625,-0.020293492823839188,-0.999772310256958,-0.00655200332403183,0.02029341459274292,0.9997725486755371,0.4334104061126709,0.999930202960968,0.0,0.005947811994701624,0.010208534076809883,0.9999409317970276,-0.002077049808576703,0.0032972341869026423,0.01014049630612135,0.6998946666717529,-0.0038002359215170145,0.0008627924835309386,0.7142354249954224
gate_f5_freeform_pose_coupling_probe,433,21.649755477905273,5.7779998779296875,4.12959623336792,4.547148704528809,6.252645969390869,4.547148704528809,4.12959623336792,False,14.0,0.20254290103912354,0.11560306698083878,0.00044915080070495605,0.003649512305855751,-0.01355360634624958,0.020459990948438644,0.99969881772995,0.005800056271255016,-0.02028569020330906,-0.9997769594192505,-0.005800065118819475,0.02028578519821167,0.9997772574424744,0.4454333782196045,0.9999318718910217,0.0,0.005647002719342709,0.010215439833700657,0.9999423027038574,-0.0019734108354896307,0.0029202024452388287,0.010137666948139668,0.6998976469039917,-0.003511012764647603,0.0006198008777573705,0.7142341732978821
gate_f5_freeform_pose_coupling_probe,434,21.69975471496582,5.7779998779296875,6.339728355407715,6.358159065246582,6.046029567718506,6.358159065246582,6.339728355407715,False,14.0,0.20181193947792053,0.11557017266750336,0.00044161081314086914,0.0035737138241529465,-0.012908970937132835,0.02050567977130413,0.9997063875198364,0.004871245939284563,-0.020393215119838715,-0.9997799396514893,-0.0048712813295423985,0.020393192768096924,0.9997800588607788,0.46140074729919434,0.9999335408210754,0.0,0.005339587572962046,0.010219216346740723,0.9999430179595947,-0.0019804202020168304,0.002455947920680046,0.010192325338721275,0.6998593807220459,-0.0029738484881818295,0.0004961190861649811,0.7142742276191711
gate_f5_freeform_pose_coupling_probe,435,21.749753952026367,5.7779998779296875,6.055391311645508,5.989667892456055,6.108453273773193,5.989667892456055,6.055391311645508,False,14.0,0.20117872953414917,0.11550462245941162,0.0004678666591644287,0.003638125956058502,-0.012335083447396755,0.02054927498102188,0.9997127652168274,0.00431456184014678,-0.020586282014846802,-0.9997788667678833,-0.004314637742936611,0.020586252212524414,0.9997788071632385,0.45927542448043823,0.9999351501464844,0.0,0.00502569368109107,0.01021986547857523,0.9999427199363708,-0.0019988513085991144,0.0021779725793749094,0.01028937753289938,0.6997905373573303,-0.003393882652744651,-0.0003047399513889104,0.7143399715423584
gate_f5_freeform_pose_coupling_probe,436,21.799753189086914,5.7779998779296875,6.083494186401367,6.2182111740112305,5.993119239807129,6.2182111740112305,6.083494186401367,False,14.0,0.20065611600875854,0.11539532244205475,0.0005035102367401123,0.003799915313720703,-0.01185082457959652,0.020596228539943695,0.999717652797699,0.00416905852034688,-0.02093198336660862,-0.9997719526290894,-0.004169140011072159,0.020932018756866455,0.999772310256958,0.43968555331230164,0.9999367594718933,0.0,0.004705455619841814,0.010217392817139626,0.9999404549598694,-0.0022523589432239532,0.002108218614012003,0.010461865924298763,0.6996663212776184,-0.004019852261990309,-0.0010189340682700276,0.7144578099250793
gate_f5_freeform_pose_coupling_probe,437,21.84975242614746,5.7779998779296875,6.460786819458008,5.703721046447754,6.353504180908203,5.703721046447754,6.460786819458008,False,14.0,0.19984585046768188,0.11545974016189575,0.0005276799201965332,0.0034652426838874817,-0.011088480241596699,0.020592857152223587,0.9997264742851257,0.0027387230657041073,-0.020667918026447296,-0.9997825622558594,-0.002738741459324956,0.020667970180511475,0.9997825622558594,0.4788811504840851,0.9999382495880127,0.0,0.004379016347229481,0.010211808606982231,0.999943733215332,-0.0019591362215578556,0.001389681245200336,0.010331817902624607,0.6997594833374023,-0.003625986399129033,-0.0016349395737051964,0.7143673896789551
gate_f5_freeform_pose_coupling_probe,438,21.899751663208008,5.7779998779296875,4.333616256713867,5.175217151641846,6.025190353393555,5.175217151641846,4.333616256713867,False,14.0,0.19912660121917725,0.1155443862080574,0.0005321502685546875,0.0036422479897737503,-0.010392501018941402,0.020573409274220467,0.9997343420982361,0.0019217319786548615,-0.020421892404556274,-0.9997894763946533,-0.0019218041561543941,0.020422041416168213,0.9997895359992981,0.4857777953147888,0.9999397397041321,0.0,0.004046523943543434,0.010203124023973942,0.999945878982544,-0.0017307884991168976,0.000978589989244938,0.010209804400801659,0.6998475790023804,-0.0029349771793931723,-0.0015303909312933683,0.7142844796180725
gate_f5_freeform_pose_coupling_probe,439,21.949750900268555,5.7779998779296875,6.275658130645752,6.312324523925781,6.027963638305664,6.312324523925781,6.275658130645752,False,14.0,0.19843465089797974,0.11563019454479218,0.0005505383014678955,0.003539871424436569,-0.009705557487905025,0.020545868203043938,0.999741792678833,0.001194950076751411,-0.02016252838075161,-0.9997962713241577,-0.0011949853505939245,0.020162642002105713,0.9997958540916443,0.48898959159851074,0.9999411702156067,0.0,0.0037081341724842787,0.010191358625888824,0.9999480843544006,-0.0013915518065914512,0.0006115349242463708,0.01008093636482954,0.6999399065971375,-0.002565530361607671,-0.0016777269775047898,0.7141950726509094
gate_f5_freeform_pose_coupling_probe,440,21.9997501373291,5.7779998779296875,5.956682205200195,5.823691368103027,6.12371301651001,5.823691368103027,5.956682205200195,False,14.0,0.197781503200531,0.11565619707107544,0.0005727112293243408,0.0035464391112327576,-0.009042845107614994,0.020529039204120636,0.9997483491897583,0.000491695071104914,-0.020067576318979263,-0.9997984170913696,-0.0004917462356388569,0.020067453384399414,0.9997985363006592,0.4901885986328125,0.9999425411224365,0.0,0.003364010015502572,0.010176529176533222,0.9999486804008484,-0.0013515643076971173,0.00025942237698473036,0.010033953003585339,0.699970543384552,-0.0031467853114008904,-0.0027399815153330564,0.7141595482826233
gate_f5_freeform_pose_coupling_probe,441,22.04974937438965,5.7779998779296875,7.931915283203125,6.838602542877197,6.095319747924805,6.838602542877197,7.931915283203125,False,14.0,0.19717097282409668,0.11567023396492004,0.000593334436416626,0.003566533327102661,-0.00841146893799305,0.020510347560048103,0.9997542500495911,-4.4412816350813955e-05,-0.020013554021716118,-0.9997994899749756,4.436587914824486e-05,0.020013749599456787,0.9997996687889099,0.4853748083114624,0.9999438524246216,0.0,0.0030143207404762506,0.010158661752939224,0.9999486804008484,-0.0015462680021300912,-6.732786459906492e-06,0.010007300414144993,0.6999856233596802,-0.0036822024267166853,-0.0036402924451977015,0.7141381502151489
gate_f5_freeform_pose_coupling_probe,442,22.099748611450195,5.7779998779296875,5.9972944259643555,5.840592384338379,6.036672592163086,5.840592384338379,5.9972944259643555,False,14.0,0.1967434585094452,0.115664541721344,0.0006617903709411621,0.003832431510090828,-0.0079631507396698,0.020498301833868027,0.9997581839561462,-9.568786481395364e-06,-0.020024875178933144,-0.999799370765686,9.517651051282883e-06,0.020024895668029785,0.9997994899749756,0.4571402966976166,0.9999451041221619,0.0,0.0026592426002025604,0.01013778243213892,0.9999471306800842,-0.002326020272448659,1.8506849301047623e-05,0.010012923739850521,0.6999784708023071,-0.00428406847640872,-0.004205786157399416,0.7141386866569519
gate_f5_freeform_pose_coupling_probe,443,22.149747848510742,5.7779998779296875,5.726579189300537,5.825616359710693,5.992426872253418,5.825616359710693,5.726579189300537,False,14.0,0.19639959931373596,0.11564826965332031,0.0007262825965881348,0.003952333703637123,-0.007599220611155033,0.0204898864030838,0.999761164188385,0.00040300271939486265,-0.020081721246242523,-0.9997981786727905,-0.00040306616574525833,0.020081698894500732,0.9997982978820801,0.41306832432746887,0.9999462366104126,0.0,0.002298958133906126,0.010113921947777271,0.9999443292617798,-0.003226863918825984,0.00023391423746943474,0.010040665045380592,0.6999526023864746,-0.005440901964902878,-0.00505053112283349,0.7141507267951965
gate_f5_freeform_pose_coupling_probe,444,22.19974708557129,5.7779998779296875,3.0439565181732178,3.563072681427002,6.301076889038086,3.563072681427002,3.0439565181732178,False,14.0,0.19564247131347656,0.11564546823501587,0.0007915496826171875,0.003841690719127655,-0.00678488053381443,0.020455537363886833,0.9997677206993103,-0.0008891343022696674,-0.01998833753168583,-0.9997996091842651,0.0008890582248568535,0.01998823881149292,0.9997997879981995,0.4405747354030609,0.9999472498893738,0.0,0.0019336562836542726,0.010087113827466965,0.9999468922615051,-0.002454538131132722,-0.00042005456634797156,0.009995730593800545,0.6999890208244324,-0.004067319445312023,-0.004609274677932262,0.7141271233558655
gate_f5_freeform_pose_coupling_probe,445,22.249746322631836,5.7779998779296875,5.3922200202941895,5.70777702331543,5.992916584014893,5.70777702331543,5.3922200202941895,False,14.0,0.1948314905166626,0.11563239246606827,0.0007607042789459229,0.0036369282752275467,-0.005895725451409817,0.02041187882423401,0.9997742772102356,-0.0018753954209387302,-0.02005055546760559,-0.9997971057891846,0.0018753299955278635,0.020050525665283203,0.9997971653938293,0.4458724558353424,0.9999482035636902,0.0,0.0015635330928489566,0.01005739625543356,0.9999478459358215,-0.0016886277589946985,-0.0009208132396452129,0.010027356445789337,0.6999735832214355,-0.0021527144126594067,-0.003422926878556609,0.7141572833061218
gate_f5_freeform_pose_coupling_probe,446,22.299745559692383,5.7779998779296875,5.80052375793457,5.787213325500488,6.057147026062012,5.787213325500488,5.80052375793457,False,14.0,0.1943003237247467,0.11559709906578064,0.0007070302963256836,0.0036089960485696793,-0.005305934231728315,0.02038523741066456,0.9997780919075012,-0.0020117140375077724,-0.020181307569146156,-0.9997940063476562,0.0020116260275244713,0.020181238651275635,0.9997943043708801,0.419647753238678,0.999949038028717,0.0,0.0011887899599969387,0.010024810209870338,0.9999469518661499,-0.001754383440129459,-0.0009882025187835097,0.010092923417687416,0.6999325752258301,-0.0005446505965664983,-0.0019420608878135681,0.7142060995101929
gate_f5_freeform_pose_coupling_probe,447,22.34974479675293,5.7779998779296875,5.053905010223389,5.936100482940674,5.882501602172852,5.936100482940674,5.053905010223389,False,14.0,0.19367715716362,0.11557941138744354,0.0006792843341827393,0.003709958866238594,-0.0046034688130021095,0.02034194953739643,0.9997825026512146,-0.0026578158140182495,-0.020164623856544495,-0.9997928142547607,0.0026577836833894253,0.0201646089553833,0.9997931122779846,0.4159008264541626,0.9999497532844543,0.0,0.0008096350356936455,0.009989398531615734,0.9999470710754395,-0.0015025957254692912,-0.0013138239737600088,0.010084819979965687,0.6999399065971375,0.0005242211045697331,-0.001346917008049786,0.7142002582550049
gate_f5_freeform_pose_coupling_probe,448,22.399744033813477,5.7779998779296875,6.334270477294922,6.006015300750732,6.118795394897461,6.006015300750732,6.334270477294922,False,14.0,0.19298550486564636,0.11556371301412582,0.0006820559501647949,0.0035806577652692795,-0.003812481416389346,0.020286036655306816,0.9997869729995728,-0.003644868964329362,-0.02006000094115734,-0.9997919797897339,0.0036448235623538494,0.020060181617736816,0.9997920989990234,0.42750102281570435,0.9999504089355469,0.0,0.00042628205846995115,0.009951209649443626,0.9999471306800842,-0.0013132316526025534,-0.0018093546386808157,0.010032907128334045,0.6999772787094116,0.0012600220507010818,-0.0013168216682970524,0.7141627669334412
gate_f5_freeform_pose_coupling_probe,449,22.449743270874023,5.7779998779296875,4.839428901672363,5.762046813964844,5.823485374450684,5.762046813964844,4.839428901672363,False,14.0,0.19233256578445435,0.11552731692790985,0.0007039904594421387,0.0038541890680789948,-0.0030577380675822496,0.020232494920492172,0.999790608882904,-0.004618833772838116,-0.02006620727479458,-0.9997881650924683,0.0046187820844352245,0.020066022872924805,0.9997881650924683,0.4387946128845215,0.9999508857727051,0.0,3.895084955729544e-05,0.00991029292345047,0.9999454021453857,-0.0018135053105652332,-0.002291338285431266,0.010037806816399097,0.6999680995941162,-0.00018559503951109946,-0.0034155945759266615,0.7141660451889038
gate_f5_freeform_pose_coupling_probe,450,22.49974250793457,5.7779998779296875,6.191180229187012,6.493436336517334,5.843143463134766,6.493436336517334,6.191180229187012,False,14.0,0.19179153442382812,0.11545052379369736,0.0007610619068145752,0.003917006775736809,-0.002430562861263752,0.02019543945789337,0.9997931122779846,-0.005152925383299589,-0.02022857591509819,-0.9997817277908325,0.0051528397016227245,0.020228326320648193,0.9997822046279907,0.4334104061126709,0.9999512434005737,0.0,-0.0003521332982927561,0.009866702370345592,0.9999424815177917,-0.0024341910611838102,-0.002551972633227706,0.010121081955730915,0.6998976469039917,-0.0018243715167045593,-0.0053951027803123,0.7142205238342285
gate_f5_freeform_pose_coupling_probe,451,22.549741744995117,5.7779998779296875,4.5489912033081055,4.113501071929932,6.410625457763672,4.113501071929932,4.5489912033081055,False,14.0,0.19094538688659668,0.11555792391300201,0.0008031725883483887,0.00359516404569149,-0.0014115620870143175,0.02006998471915722,0.9997975826263428,-0.0068426295183598995,-0.019708367064595222,-0.9997824430465698,0.006842554081231356,0.019708573818206787,0.999782145023346,0.474777489900589,0.9999514818191528,0.0,-0.0007467395043931901,0.009820493869483471,0.9999447464942932,-0.0013038476463407278,-0.003408648306503892,0.009859172627329826,0.7000863552093506,-0.00019193108892068267,-0.004979612305760384,0.7140406370162964
gate_f5_freeform_pose_coupling_probe,452,22.599740982055664,5.7779998779296875,5.22289514541626,5.928875923156738,5.848814010620117,5.928875923156738,5.22289514541626,False,14.0,0.19022193551063538,0.11561714857816696,0.0007478892803192139,0.003650994971394539,-0.0005308798281475902,0.019963670521974564,0.9998005628585815,-0.007664007600396872,-0.01953159086406231,-0.9997795820236206,0.007664007134735584,0.019531309604644775,0.9997800588607788,0.46855470538139343,0.9999516010284424,0.0,-0.0011446316493675113,0.00977172702550888,0.999944269657135,-0.0011143084848299623,-0.0038213294465094805,0.009770598262548447,0.700147271156311,6.402615690603852e-05,-0.0053043244406580925,0.7139788866043091
gate_f5_freeform_pose_coupling_probe,453,22.64974021911621,5.7779998779296875,6.253079414367676,5.978602409362793,6.0924482345581055,5.978602409362793,6.253079414367676,False,14.0,0.1895490288734436,0.1156483143568039,0.0007308423519134521,0.003516843542456627,0.000295069970889017,0.019864825531840324,0.9998026490211487,-0.00861284788697958,-0.01932714506983757,-0.9997760057449341,0.008612792938947678,0.019326984882354736,0.9997761845588684,0.4768337607383728,0.9999515414237976,0.0,-0.0015455684624612331,0.009720463305711746,0.9999433755874634,-0.0011264192871749401,-0.004295775666832924,0.009668959304690361,0.7002106308937073,-0.00042357956408523023,-0.006447605788707733,0.7139071226119995
gate_f5_freeform_pose_coupling_probe,454,22.699739456176758,5.7779998779296875,5.643082141876221,5.618744850158691,6.081748008728027,5.618744850158691,5.643082141876221,False,14.0,0.18889892101287842,0.1156606376171112,0.0007129311561584473,0.0035321470350027084,0.0010987413115799427,0.019768310710787773,0.9998039603233337,-0.009461197070777416,-0.019192136824131012,-0.999770998954773,0.009461159817874432,0.01919233798980713,0.9997710585594177,0.4805127680301666,0.9999513626098633,0.0,-0.0019493038998916745,0.00966676790267229,0.9999420046806335,-0.0012117144651710987,-0.004719236865639687,0.009602343663573265,0.7002484798431396,-0.0008665352943353355,-0.0074767787009477615,0.7138595581054688
gate_f5_freeform_pose_coupling_probe,455,22.749738693237305,5.7779998779296875,5.7215776443481445,5.763923645019531,6.047512054443359,5.763923645019531,5.7215776443481445,False,14.0,0.18825525045394897,0.11566535383462906,0.0007073879241943359,0.0035247188061475754,0.0019005577778443694,0.019669322296977043,0.9998047351837158,-0.010256915353238583,-0.01907477155327797,-0.999765157699585,0.010256856679916382,0.01907479763031006,0.9997655749320984,0.4788811504840851,0.9999510645866394,0.0,-0.0023555869702249765,0.009610707871615887,0.9999405145645142,-0.0012450249632820487,-0.005116879474371672,0.00954432412981987,0.7002840638160706,-0.0008835432818159461,-0.008051290176808834,0.7138184309005737
gate_f5_freeform_pose_coupling_probe,456,22.79973793029785,5.7779998779296875,6.400552749633789,6.261392116546631,5.9312005043029785,6.261392116546631,6.400552749633789,False,14.0,0.18779915571212769,0.1156659722328186,0.0007385909557342529,0.0037267208099365234,0.002472303807735443,0.019596703350543976,0.9998049139976501,-0.010346337221562862,-0.01900414004921913,-0.9997656345367432,0.010346250608563423,0.019004225730895996,0.9997658729553223,0.4524073600769043,0.9999505281448364,0.0,-0.0027641623746603727,0.009552352130413055,0.9999396204948425,-0.0018827705644071102,-0.00515556987375021,0.00951235182583332,0.7003108263015747,-0.0006809763726778328,-0.007915480062365532,0.7137938141822815
gate_f5_freeform_pose_coupling_probe,457,22.8497371673584,5.7779998779296875,5.9939374923706055,5.870060920715332,6.016439437866211,5.870060920715332,5.9939374923706055,False,14.0,0.18747040629386902,0.11565309762954712,0.000784754753112793,0.003825809806585312,0.00288414373062551,0.019546018913388252,0.9998047947883606,-0.010008836165070534,-0.018964674323797226,-0.9997700452804565,0.01000872440636158,0.018964409828186035,0.9997701644897461,0.4087827205657959,0.9999499320983887,0.0,-0.003174770623445511,0.009491773322224617,0.9999389052391052,-0.0026872672606259584,-0.00497920298948884,0.009496297687292099,0.7003269791603088,-0.0007418844033963978,-0.00773897347971797,0.7137799263000488
gate_f5_freeform_pose_coupling_probe,458,22.899736404418945,5.7779998779296875,4.395941257476807,4.482736587524414,6.204153060913086,4.482736587524414,4.395941257476807,False,14.0,0.18664509057998657,0.11563922464847565,0.0008700788021087646,0.0037624314427375793,0.0039274985902011395,0.019408373162150383,0.999803900718689,-0.011529541574418545,-0.01883900724351406,-0.9997556209564209,0.011529511772096157,0.018839001655578613,0.9997560381889343,0.43700727820396423,0.9999490976333618,0.0,-0.003587147919461131,0.009429045021533966,0.9999377727508545,-0.001504291663877666,-0.005750945303589106,0.009428741410374641,0.7003889083862305,0.002125250641256571,-0.005991390440613031,0.7137330770492554
gate_f5_freeform_pose_coupling_probe,459,22.949735641479492,5.7779998779296875,5.707118034362793,6.09212064743042,5.852600574493408,6.09212064743042,5.707118034362793,False,14.0,0.18581461906433105,0.11563009023666382,0.0008943676948547363,0.003747200593352318,0.004986713174730539,0.01926051452755928,0.9998020529747009,-0.01276419498026371,-0.018786931410431862,-0.9997422695159912,0.01276413630694151,0.01878678798675537,0.9997419714927673,0.4467492997646332,0.9999481439590454,0.0,-0.004001027438789606,0.009364242665469646,0.9999354481697083,-0.00045909019536338747,-0.006378195248544216,0.009397000074386597,0.7004203796386719,0.004800837486982346,-0.0042307074181735516,0.7137018442153931
gate_f5_freeform_pose_coupling_probe,460,22.99973487854004,5.7779998779296875,5.982193946838379,5.8087639808654785,6.024362564086914,5.8087639808654785,5.982193946838379,False,14.0,0.18510305881500244,0.11563228070735931,0.000917285680770874,0.0036841854453086853,0.00590216089040041,0.019125239923596382,0.9997996687889099,-0.013808499090373516,-0.018641628324985504,-0.9997305870056152,0.0138084776699543,0.01864171028137207,0.9997308254241943,0.45413410663604736,0.9999470114707947,0.0,-0.004416137933731079,0.0092974454164505,0.9999326467514038,-2.4518427380826324e-05,-0.00690448610112071,0.009321611374616623,0.7004757523536682,0.00619920389726758,-0.0035898294299840927,0.7136402130126953
gate_f5_freeform_pose_coupling_probe,461,23.049734115600586,5.7779998779296875,5.493240833282471,5.702597141265869,5.981123924255371,5.702597141265869,5.493240833282471,False,14.0,0.18447467684745789,0.11561638116836548,0.0009023845195770264,0.0036512166261672974,0.0067111169919371605,0.019005225971341133,0.9997968673706055,-0.014568010345101357,-0.01857108622789383,-0.9997215270996094,0.014567965641617775,0.018571197986602783,0.9997212886810303,0.4515415132045746,0.9999457597732544,0.0,-0.0048322053626179695,0.00922873243689537,0.9999303817749023,-0.00013167942233849317,-0.007283289451152086,0.009287148714065552,0.7005012035369873,0.006801852025091648,-0.003530327696353197,0.7136099934577942
gate_f5_freeform_pose_coupling_probe,462,23.099733352661133,5.7779998779296875,6.69434118270874,6.3142242431640625,5.95351505279541,6.3142242431640625,6.69434118270874,False,14.0,0.1839197874069214,0.11557730287313461,0.0008801519870758057,0.00368371419608593,0.007422869559377432,0.018901221454143524,0.9997938275337219,-0.015121681615710258,-0.018556568771600723,-0.9997133016586304,0.01512160524725914,0.018556654453277588,0.9997134208679199,0.44190514087677,0.999944269657135,0.0,-0.0052489531226456165,0.009158185683190823,0.9999281167984009,-0.0006232048035599291,-0.007555597927421331,0.009283660911023617,0.7005025744438171,0.006494232919067144,-0.004220210947096348,0.7136078476905823
gate_f5_freeform_pose_coupling_probe,463,23.14973258972168,5.7779998779296875,5.646907806396484,5.485526084899902,6.071528434753418,5.485526084899902,5.646907806396484,False,14.0,0.18319472670555115,0.11562487483024597,0.0009154379367828369,0.003669746220111847,0.008376525714993477,0.01873878948390484,0.999789297580719,-0.016372181475162506,-0.018236149102449417,-0.9996994733810425,0.016372090205550194,0.018236100673675537,0.9996996521949768,0.45927542448043823,0.9999426603317261,0.0,-0.005666101351380348,0.009085886180400848,0.9999247789382935,-0.00041453278390690684,-0.008182925172150135,0.00912215281277895,0.7006093859672546,0.006255014333873987,-0.0053310939110815525,0.7134976983070374
gate_f5_freeform_pose_coupling_probe,464,23.199731826782227,5.7779998779296875,5.2949442863464355,5.750105857849121,5.883194923400879,5.750105857849121,5.2949442863464355,False,14.0,0.18253937363624573,0.11563326418399811,0.0009198486804962158,0.0037376265972852707,0.009234033524990082,0.018595298752188683,0.9997844696044922,-0.01722545176744461,-0.01808845065534115,-0.999687910079956,0.017225366085767746,0.018088579177856445,0.9996878504753113,0.4597012996673584,0.9999408721923828,0.0,-0.006083367858082056,0.009011918678879738,0.9999219179153442,-0.00032253999961540103,-0.008610480464994907,0.00904770940542221,0.7006573677062988,0.0062726885080337524,-0.005911701358854771,0.7134457230567932
gate_f5_freeform_pose_coupling_probe,465,23.249731063842773,5.7779998779296875,6.074132442474365,5.916028022766113,6.002077102661133,5.916028022766113,6.074132442474365,False,14.0,0.1818966567516327,0.11563435196876526,0.0009276270866394043,0.0036444272845983505,0.010075246915221214,0.018452249467372894,0.9997789859771729,-0.018045524135231972,-0.017938068136572838,-0.9996758699417114,0.01804550364613533,0.017938077449798584,0.9996762871742249,0.45756807923316956,0.99993896484375,0.0,-0.006500468123704195,0.00893636979162693,0.9999189376831055,-0.0002694962022360414,-0.009021075442433357,0.00897219218313694,0.7007072567939758,0.006414574570953846,-0.0063471607863903046,0.7133918404579163
gate_f5_freeform_pose_coupling_probe,466,23.29973030090332,5.7779998779296875,5.179121017456055,5.135553359985352,6.118841648101807,5.135553359985352,5.179121017456055,False,14.0,0.18125325441360474,0.1156364232301712,0.0008889734745025635,0.0035801269114017487,0.010918746702373028,0.01830517314374447,0.999772846698761,-0.018954496830701828,-0.017751911655068398,-0.9996628761291504,0.018954500555992126,0.017751753330230713,0.9996627569198608,0.46140074729919434,0.9999368190765381,0.0,-0.006917117163538933,0.008859324268996716,0.9999157190322876,-0.00012550751853268594,-0.009476933628320694,0.008877892978489399,0.7007737159729004,0.007059382274746895,-0.0063508921302855015,0.7133204340934753
gate_f5_freeform_pose_coupling_probe,467,23.349729537963867,5.7779998779296875,5.5941162109375,5.730025768280029,6.000887870788574,5.730025768280029,5.5941162109375,False,14.0,0.18061965703964233,0.11563533544540405,0.0008290410041809082,0.003512205556035042,0.011749234981834888,0.018157552927732468,0.9997661113739014,-0.01966184750199318,-0.017613863572478294,-0.9996509552001953,0.019661806523799896,0.017613768577575684,0.9996514916419983,0.45456477999687195,0.9999345541000366,0.0,-0.007333027198910713,0.008780868723988533,0.9999127388000488,-0.00010017301246989518,-0.00983089953660965,0.008808684535324574,0.7008192539215088,0.00716433534398675,-0.006743577774614096,0.7132710218429565
gate_f5_freeform_pose_coupling_probe,468,23.399728775024414,5.7779998779296875,5.706884860992432,5.677728176116943,6.0543599128723145,5.677728176116943,5.706884860992432,False,14.0,0.17999482154846191,0.11563906073570251,0.000786900520324707,0.0034668464213609695,0.012569372542202473,0.018007848411798477,0.9997588396072388,-0.020455297082662582,-0.017452256754040718,-0.9996383190155029,0.020455259829759598,0.017452120780944824,0.9996384978294373,0.4524073600769043,0.9999321103096008,0.0,-0.007747909054160118,0.008701092563569546,0.999909520149231,-0.00034302222775295377,-0.010225578211247921,0.008730425499379635,0.7008588910102844,0.0060329195111989975,-0.008411658927798271,0.7132248878479004
gate_f5_freeform_pose_coupling_probe,469,23.44972801208496,5.7779998779296875,5.720579147338867,5.723657608032227,6.044364929199219,5.723657608032227,5.720579147338867,False,14.0,0.17936253547668457,0.11564095318317413,0.0007595419883728027,0.0034485608339309692,0.013398298062384129,0.017853718250989914,0.9997508525848389,-0.02123711258172989,-0.01729568839073181,-0.9996243715286255,0.021237079054117203,0.0172959566116333,0.9996247291564941,0.4506739675998688,0.9999295473098755,0.0,-0.008161474019289017,0.008620082400739193,0.9999060034751892,-0.00040198827628046274,-0.010616075247526169,0.008652924560010433,0.7009060382843018,0.005892682354897261,-0.00909784808754921,0.7131711840629578
gate_f5_freeform_pose_coupling_probe,470,23.499727249145508,5.7779998779296875,5.3381476402282715,5.362998962402344,6.1303558349609375,5.362998962402344,5.3381476402282715,False,14.0,0.17890381813049316,0.11562503129243851,0.0007230937480926514,0.003359772264957428,0.013994709588587284,0.017743395641446114,0.9997446537017822,-0.021261494606733322,-0.01726953126490116,-0.9996248483657837,0.021261464804410934,0.017269492149353027,0.9996247887611389,0.41684067249298096,0.9999268054962158,0.0,-0.008573431521654129,0.008537926711142063,0.9999057650566101,-0.0009413009393028915,-0.010623610578477383,0.008645580150187016,0.7009184956550598,0.006150105036795139,-0.008861983194947243,0.7131597995758057
gate_f5_freeform_pose_coupling_probe,471,23.549726486206055,5.7779998779296875,5.723609924316406,5.675937175750732,6.112882137298584,5.675937175750732,5.723609924316406,False,14.0,0.17856115102767944,0.11559535562992096,0.00065651535987854,0.0032529234886169434,0.014435186982154846,0.017663298174738884,0.9997397661209106,-0.02068094164133072,-0.01734674535691738,-0.9996354579925537,0.020680857822299004,0.017346739768981934,0.999635636806488,0.3577274680137634,0.9999238848686218,0.0,-0.00898349191993475,0.008454715833067894,0.9999071955680847,-0.0018321124371141195,-0.01032550260424614,0.008693096227943897,0.7008959054946899,0.006145107559859753,-0.00845970120280981,0.7131869196891785
gate_f5_freeform_pose_coupling_probe,472,23.5997257232666,5.7779998779296875,6.425937652587891,7.273978233337402,5.607391357421875,7.273978233337402,6.425937652587891,False,14.0,0.17764544486999512,0.11558616161346436,0.0008296966552734375,0.003747710958123207,0.015626724809408188,0.01743210293352604,0.9997259378433228,-0.02227112092077732,-0.017252802848815918,-0.9996029138565063,0.02227109484374523,0.017252862453460693,0.9996030330657959,0.3810355067253113,0.9999208450317383,0.0,-0.009391365572810173,0.0083705373108387,0.9999005198478699,-0.000629155314527452,-0.011131235398352146,0.008634263649582863,0.7009389400482178,0.008125954307615757,-0.00762794679030776,0.7131341695785522
gate_f5_freeform_pose_coupling_probe,473,23.64972496032715,5.7779998779296875,5.931024551391602,5.597602844238281,6.067095756530762,5.597602844238281,5.931024551391602,False,14.0,0.17686894536018372,0.11560489237308502,0.0010017454624176025,0.003732442855834961,0.01663966104388237,0.017227327451109886,0.999713122844696,-0.024025581777095795,-0.016882363706827164,-0.9995685815811157,0.02402556873857975,0.01688218116760254,0.9995688796043396,0.42336153984069824,0.9999176859855652,0.0,-0.009796762838959694,0.008285478688776493,0.9998921155929565,-0.0002452842891216278,-0.012012015096843243,0.00844503939151764,0.7010672688484192,0.009025000967085361,-0.007974338717758656,0.7129935026168823
gate_f5_freeform_pose_coupling_probe,474,23.699724197387695,5.7779998779296875,5.712737560272217,5.869307518005371,5.859875202178955,5.869307518005371,5.712737560272217,False,14.0,0.17618277668952942,0.11561021208763123,0.0010780394077301025,0.003820916637778282,0.017527712509036064,0.017045704647898674,0.9997010827064514,-0.02504788525402546,-0.016674183309078217,-0.999547004699707,0.02504783868789673,0.01667410135269165,0.9995471239089966,0.4320538640022278,0.9999143481254578,0.0,-0.010199394077062607,0.008199630305171013,0.9998867511749268,-6.853797822259367e-05,-0.012524789199233055,0.008338894695043564,0.7011394500732422,0.009574822150170803,-0.008150547742843628,0.7129132747650146
gate_f5_freeform_pose_coupling_probe,475,23.749723434448242,5.7779998779296875,5.817220211029053,5.6333465576171875,6.005458831787109,5.6333465576171875,5.817220211029053,False,14.0,0.17552152276039124,0.1156177744269371,0.0010876953601837158,0.0037060175091028214,0.018379755318164825,0.01686808653175831,0.9996888041496277,-0.026072900742292404,-0.016426049172878265,-0.9995250701904297,0.026072878390550613,0.016425788402557373,0.9995251297950745,0.44146209955215454,0.9999108910560608,0.0,-0.01059897243976593,0.008113078773021698,0.9998812675476074,-8.410146392634488e-07,-0.01303799171000719,0.00821401085704565,0.7012260556221008,0.010139411315321922,-0.008314065635204315,0.712818443775177
gate_f5_freeform_pose_coupling_probe,476,23.79972267150879,5.7779998779296875,5.7390313148498535,5.770138740539551,5.912945747375488,5.770138740539551,5.7390313148498535,False,14.0,0.1748790442943573,0.11561911553144455,0.0010755062103271484,0.0037224069237709045,0.019201209768652916,0.016694657504558563,0.9996762275695801,-0.02685198001563549,-0.016254015266895294,-0.9995074272155762,0.02685191109776497,0.016253888607025146,0.9995073080062866,0.4387946128845215,0.9999073147773743,0.0,-0.010995212011039257,0.008025911636650562,0.999876856803894,5.825942480441881e-06,-0.013427690602838993,0.008127930574119091,0.7012833952903748,0.01036297157406807,-0.008640523999929428,0.7127549648284912
gate_f5_freeform_pose_coupling_probe,477,23.849721908569336,5.7779998779296875,5.740370750427246,5.739181995391846,5.93259334564209,5.739181995391846,5.740370750427246,False,14.0,0.17424142360687256,0.1156202107667923,0.0010749995708465576,0.003711814060807228,0.02001110650599003,0.016520924866199493,0.999663233757019,-0.027651973068714142,-0.01607494428753853,-0.999488353729248,0.027651922777295113,0.016074955463409424,0.9994884133338928,0.4379018545150757,0.9999036192893982,0.0,-0.01138782873749733,0.00793821457773447,0.999872088432312,-4.2145795305259526e-05,-0.013827416114509106,0.008039083331823349,0.7013394236564636,0.010315350256860256,-0.0092485835775733,0.7126928567886353
gate_f5_freeform_pose_coupling_probe,478,23.899721145629883,5.7779998779296875,5.715936183929443,5.7705159187316895,5.911465644836426,5.7705159187316895,5.715936183929443,False,14.0,0.17360147833824158,0.11562014371156693,0.0010784268379211426,0.0037177931517362595,0.020817751064896584,0.01634526252746582,0.9996496438980103,-0.028440989553928375,-0.015904255211353302,-0.9994688034057617,0.028440967202186584,0.01590418815612793,0.9994689226150513,0.4383484721183777,0.9998998641967773,0.0,-0.01177654042840004,0.007850073277950287,0.9998672008514404,-3.422920417506248e-05,-0.01422211155295372,0.007953670807182789,0.7013984322547913,0.01073517557233572,-0.009388994425535202,0.7126266956329346
gate_f5_freeform_pose_coupling_probe,479,23.94972038269043,5.7779998779296875,5.769707202911377,5.751743316650391,5.933023452758789,5.751743316650391,5.769707202911377,False,14.0,0.17296135425567627,0.11562082171440125,0.0010829567909240723,0.0036986172199249268,0.021618342027068138,0.016168126836419106,0.9996355772018433,-0.02922351099550724,-0.01572321727871895,-0.9994492530822754,0.029223468154668808,0.015723109245300293,0.9994491934776306,0.43700727820396423,0.9998959302902222,0.0,-0.012161067686975002,0.0077615720219910145,0.9998623132705688,-2.703017344174441e-05,-0.014613554812967777,0.007863085716962814,0.7014609575271606,0.011141759343445301,-0.009537799283862114,0.7125569581985474
gate_f5_freeform_pose_coupling_probe,480,23.999719619750977,5.7779998779296875,5.4234700202941895,5.298731803894043,6.071491718292236,5.298731803894043,5.4234700202941895,False,14.0,0.17232373356819153,0.11563415825366974,0.0010286569595336914,0.0035706665366888046,0.022412298247218132,0.01598871313035488,0.9996209740638733,-0.030129259452223778,-0.015448915772140026,-0.9994267225265503,0.03012920171022415,0.015448808670043945,0.9994266033172607,0.4432314932346344,0.9998919367790222,0.0,-0.012541133910417557,0.007672794163227081,0.9998566508293152,-0.00017541197303216904,-0.015065433457493782,0.00772820832207799,0.7015383839607239,0.010372166521847248,-0.010931129567325115,0.7124723196029663
gate_f5_freeform_pose_coupling_probe,481,24.049718856811523,5.7779998779296875,5.760571002960205,5.757716178894043,5.970746994018555,5.757716178894043,5.760571002960205,False,14.0,0.17168903350830078,0.11563888937234879,0.0009615719318389893,0.0035177860409021378,0.023192724213004112,0.01581050641834736,0.9996060132980347,-0.030797380954027176,-0.015266145579516888,-0.9994090795516968,0.030797310173511505,0.015266060829162598,0.9994091987609863,0.4356619119644165,0.9998878240585327,0.0,-0.01291646622121334,0.007583821192383766,0.9998522400856018,-0.0002263279166072607,-0.015399237163364887,0.007637687027454376,0.7015919089317322,0.010116755031049252,-0.011651715263724327,0.7124119400978088
gate_f5_freeform_pose_coupling_probe,482,24.09971809387207,5.7779998779296875,5.676102161407471,5.68137264251709,5.9940505027771,5.68137264251709,5.676102161407471,False,14.0,0.17105287313461304,0.11564098298549652,0.0009248554706573486,0.0034996140748262405,0.023966094478964806,0.015631526708602905,0.9995905756950378,-0.031522396951913834,-0.015083408914506435,-0.9993890523910522,0.031522348523139954,0.015083253383636475,0.9993892908096313,0.4334104061126709,0.9998836517333984,0.0,-0.013286794535815716,0.007494733203202486,0.9998472332954407,-0.00024106398632284254,-0.015761787071824074,0.007546657230705023,0.70164954662323,0.010183068923652172,-0.012095554731786251,0.7123467922210693
gate_f5_freeform_pose_coupling_probe,483,24.149717330932617,5.7779998779296875,5.726901054382324,5.716680526733398,6.001156806945801,5.716680526733398,5.726901054382324,False,14.0,0.17041605710983276,0.11564144492149353,0.0009012222290039062,0.0034712348133325577,0.0247311070561409,0.01545199565589428,0.9995747208595276,-0.03224075213074684,-0.014906493946909904,-0.9993687868118286,0.03224069997668266,0.01490640640258789,0.9993689656257629,0.4316007196903229,0.9998793601989746,0.0,-0.013651852495968342,0.007405608426779509,0.9998421669006348,-0.000252351863309741,-0.016121039167046547,0.007458492182195187,0.7017061114311218,0.010321945883333683,-0.012463278137147427,0.7122827172279358
gate_f5_freeform_pose_coupling_probe,484,24.199716567993164,5.7779998779296875,5.7352728843688965,5.735866069793701,5.999599456787109,5.735866069793701,5.7352728843688965,False,14.0,0.1697801947593689,0.11564107239246368,0.0008846521377563477,0.003455711528658867,0.025485500693321228,0.0152724115177989,0.9995585083961487,-0.03294414281845093,-0.014732562005519867,-0.9993484020233154,0.03294403851032257,0.014732658863067627,0.9993485808372498,0.4288719594478607,0.9998750686645508,0.0,-0.014011380262672901,0.007316523231565952,0.9998370409011841,-0.0002596415579319,-0.016472840681672096,0.007371759507805109,0.7017622590065002,0.010498927906155586,-0.012782957404851913,0.7122191190719604
gate_f5_freeform_pose_coupling_probe,485,24.24971580505371,5.7779998779296875,5.544317245483398,6.044711112976074,5.745937347412109,6.044711112976074,5.544317245483398,False,14.0,0.16914153099060059,0.11562079191207886,0.001004040241241455,0.0037442483007907867,0.02622774988412857,0.01509426161646843,0.9995420575141907,-0.03341910243034363,-0.014717708341777325,-0.9993329048156738,0.03341908007860184,0.014717638492584229,0.9993330240249634,0.41306832432746887,0.9998707175254822,0.0,-0.01436511892825365,0.007227553054690361,0.9998332262039185,-1.2928402611578349e-05,-0.016712242737412453,0.007360297720879316,0.7017908096313477,0.012202258221805096,-0.011438161134719849,0.7121866941452026
gate_f5_freeform_pose_coupling_probe,486,24.299715042114258,5.7779998779296875,6.533298015594482,6.282687187194824,5.883234024047852,6.282687187194824,6.533298015594482,False,14.0,0.16851651668548584,0.11561909317970276,0.001116037368774414,0.0037297625094652176,0.026949189603328705,0.01491744164377451,0.9995254874229431,-0.03414726257324219,-0.014540842734277248,-0.999311089515686,0.0341472364962101,0.014540493488311768,0.9993112087249756,0.4121198058128357,0.999866247177124,0.0,-0.014712817966938019,0.0071387700736522675,0.9998277425765991,-0.0001325953344348818,-0.017075607553124428,0.0072739385068416595,0.7018496990203857,0.012460554949939251,-0.011694910936057568,0.7121201753616333
gate_f5_freeform_pose_coupling_probe,487,24.349714279174805,5.7779998779296875,5.664846420288086,5.728658676147461,5.859057903289795,5.728658676147461,5.664846420288086,False,14.0,0.16789579391479492,0.11562211066484451,0.00120505690574646,0.0038422681391239166,0.027656646445393562,0.014741310849785805,0.999508798122406,-0.03484003618359566,-0.014343000948429108,-0.9992901086807251,0.034839972853660583,0.014343202114105225,0.9992897510528564,0.41401463747024536,0.9998618364334106,0.0,-0.015054229646921158,0.007050244603306055,0.9998224377632141,-0.00035843372461386025,-0.017420539632439613,0.007179019041359425,0.701900839805603,0.011841859668493271,-0.012791282497346401,0.7120612263679504
gate_f5_freeform_pose_coupling_probe,488,24.39971351623535,5.7779998779296875,5.250359058380127,5.300954818725586,5.938702583312988,5.300954818725586,5.250359058380127,False,14.0,0.1672377586364746,0.1156252920627594,0.0012456178665161133,0.0038003921508789062,0.028394808992743492,0.01455482468008995,0.9994907975196838,-0.035689935088157654,-0.014115684665739536,-0.9992632865905762,0.03568990156054497,0.014115750789642334,0.9992632269859314,0.419181227684021,0.9998573660850525,0.0,-0.015389111824333668,0.006962045095860958,0.9998157620429993,-0.00029729524976573884,-0.017846154049038887,0.007064449600875378,0.7019779682159424,0.01223315205425024,-0.013002632185816765,0.7119748592376709
gate_f5_freeform_pose_coupling_probe,489,24.4497127532959,5.7779998779296875,5.860899448394775,5.853547096252441,5.8666911125183105,5.853547096252441,5.860899448394775,False,14.0,0.16658520698547363,0.11562441289424896,0.001226663589477539,0.0037402156740427017,0.029113125056028366,0.01437072642147541,0.9994727969169617,-0.03637639433145523,-0.013943538069725037,-0.9992407560348511,0.036376357078552246,0.013943612575531006,0.9992408752441406,0.41684067249298096,0.9998528361320496,0.0,-0.01571723073720932,0.006874237209558487,0.9998101592063904,-0.0001559301745146513,-0.01819056272506714,0.006975929718464613,0.7020445466041565,0.013014714233577251,-0.012714232318103313,0.711900532245636
gate_f5_freeform_pose_coupling_probe,490,24.499711990356445,5.7779998779296875,5.690398216247559,5.65140962600708,5.912834167480469,5.65140962600708,5.690398216247559,False,14.0,0.16595083475112915,0.11562728881835938,0.0012091398239135742,0.0037101786583662033,0.02979997545480728,0.014191854745149612,0.9994551539421082,-0.0370592400431633,-0.013763207010924816,-0.9992181062698364,0.037059202790260315,0.013763010501861572,0.9992184042930603,0.4159008264541626,0.9998483657836914,0.0,-0.016038356348872185,0.006786883808672428,0.9998044371604919,-0.0003507467918097973,-0.0185308288782835,0.006889450363814831,0.7020857334136963,0.012265633791685104,-0.013932805508375168,0.7118505239486694
gate_f5_freeform_pose_coupling_probe,491,24.549711227416992,5.7779998779296875,5.9366559982299805,5.821987152099609,5.89973258972168,5.821987152099609,5.9366559982299805,False,14.0,0.16531476378440857,0.11562614142894745,0.0011864304542541504,0.003685424104332924,0.030474664643406868,0.014013569802045822,0.9994372725486755,-0.03768395632505417,-0.013589154928922653,-0.999197244644165,0.03768390417098999,0.013589143753051758,0.9991973638534546,0.4135417640209198,0.9998438358306885,0.0,-0.01635226607322693,0.006700046360492706,0.9997991919517517,-0.0004108357534278184,-0.018842965364456177,0.006803684867918491,0.7021331191062927,0.01198776625096798,-0.014646009542047977,0.7117941379547119
gate_f5_freeform_pose_coupling_probe,492,24.59971046447754,5.7779998779296875,5.648135662078857,5.644166469573975,5.915853500366211,5.644166469573975,5.648135662078857,False,14.0,0.1646675169467926,0.11562594771385193,0.0011744499206542969,0.0036709215492010117,0.031147759407758713,0.013832838274538517,0.999419093132019,-0.038323331624269485,-0.013415466994047165,-0.9991750717163086,0.03832332044839859,0.013415515422821045,0.9991753101348877,0.4121198058128357,0.9998393654823303,0.0,-0.016658741980791092,0.00661378214135766,0.9997937083244324,-0.00023651473748032004,-0.019164031371474266,0.006713651120662689,0.7022063136100769,0.013006588444113731,-0.014090401120483875,0.7117152214050293
gate_f5_freeform_pose_coupling_probe,493,24.649709701538086,5.7779998779296875,5.630799770355225,5.6915283203125,5.901973724365234,5.6915283203125,5.630799770355225,False,14.0,0.1640281081199646,0.11562471091747284,0.0011561810970306396,0.0036480408161878586,0.0317983441054821,0.013655307702720165,0.9994010329246521,-0.038922347128391266,-0.013250400312244892,-0.9991539716720581,0.03892233595252037,0.013250291347503662,0.9991543292999268,0.40926113724708557,0.9998348951339722,0.0,-0.01695757731795311,0.00652814656496048,0.9997884631156921,-0.0001612546038813889,-0.019464222714304924,0.006629741284996271,0.702269971370697,0.013680125586688519,-0.013846837915480137,0.7116445302963257
gate_f5_freeform_pose_coupling_probe,494,24.699708938598633,5.7779998779296875,5.718568801879883,5.697147369384766,5.92762565612793,5.697147369384766,5.718568801879883,False,14.0,0.16339048743247986,0.1156245768070221,0.0011365711688995361,0.0036049000918865204,0.032433029264211655,0.013479198329150677,0.9993830323219299,-0.03950333222746849,-0.013081055134534836,-0.9991334676742554,0.03950326889753342,0.013081192970275879,0.9991337656974792,0.40638232231140137,0.9998304843902588,0.0,-0.017248567193746567,0.00644319225102663,0.9997833371162415,-0.00013989720901008695,-0.019755030050873756,0.006544709205627441,0.7023307681083679,0.0141248544678092,-0.013816244900226593,0.7115764617919922
gate_f5_freeform_pose_coupling_probe,495,24.74970817565918,5.7779998779296875,5.2684431076049805,5.233323574066162,6.038805961608887,5.233323574066162,5.2684431076049805,False,14.0,0.16275519132614136,0.11562782526016235,0.0010783672332763672,0.0035065673291683197,0.033051591366529465,0.013304580934345722,0.9993650913238525,-0.0401979461312294,-0.012857632711529732,-0.9991089105606079,0.04019787162542343,0.012857675552368164,0.9991089701652527,0.4111691117286682,0.9998260736465454,0.0,-0.017531519755721092,0.006358968559652567,0.9997771382331848,-0.0003683850809466094,-0.02010108157992363,0.006437656003981829,0.7023727297782898,0.012800551019608974,-0.015611832030117512,0.7115229964256287
gate_f5_freeform_pose_coupling_probe,496,24.799707412719727,5.7779998779296875,5.753121852874756,5.732100963592529,5.972039222717285,5.732100963592529,5.753121852874756,False,14.0,0.16212674975395203,0.11563270539045334,0.0010000765323638916,0.0034188423305749893,0.03364903852343559,0.013132966123521328,0.999347448348999,-0.040683116763830185,-0.012678046710789204,-0.9990915060043335,0.0406830832362175,0.012678205966949463,0.9990914463996887,0.4059005677700043,0.9998217821121216,0.0,-0.017806246876716614,0.006275522522628307,0.9997727274894714,-0.0005065434379503131,-0.020342964679002762,0.006350771524012089,0.7024105191230774,0.011999936774373055,-0.01674363948404789,0.7114737629890442
gate_f5_freeform_pose_coupling_probe,497,24.849706649780273,5.7779998779296875,5.615518569946289,5.613452911376953,6.002424240112305,5.613452911376953,5.615518569946289,False,14.0,0.1614823341369629,0.11564254760742188,0.0009474456310272217,0.003381377086043358,0.034247156232595444,0.012958019971847534,0.9993293881416321,-0.041214920580387115,-0.012474121525883675,-0.9990721940994263,0.04121484234929085,0.0124741792678833,0.9990724325180054,0.40056270360946655,0.9998174905776978,0.0,-0.018072571605443954,0.006192896980792284,0.9997679591178894,-0.0003488951188046485,-0.020610064268112183,0.006245700642466545,0.702495813369751,0.012926990166306496,-0.016202546656131744,0.71138596534729
gate_f5_freeform_pose_coupling_probe,498,24.89970588684082,5.7779998779296875,5.690741539001465,5.698451519012451,5.999529838562012,5.698451519012451,5.690741539001465,False,14.0,0.16083377599716187,0.11565221846103668,0.0009064376354217529,0.003340432420372963,0.03483244776725769,0.012783556245267391,0.9993113875389099,-0.04172603413462639,-0.012275357730686665,-0.9990535974502563,0.041725993156433105,0.012275218963623047,0.9990537762641907,0.3956475853919983,0.9998133182525635,0.0,-0.018330320715904236,0.00611113291233778,0.9997633695602417,-0.00011892738257301971,-0.020867224782705307,0.006141613703221083,0.7025905847549438,0.01437967736274004,-0.015127441845834255,0.7112882137298584
gate_f5_freeform_pose_coupling_probe,499,24.949705123901367,5.7779998779296875,5.733895301818848,5.715057373046875,6.013050556182861,5.715057373046875,5.733895301818848,False,14.0,0.1601860523223877,0.1156560629606247,0.0008755326271057129,0.0033086296170949936,0.035398419946432114,0.012611432000994682,0.9992936849594116,-0.04222412034869194,-0.012094249948859215,-0.9990350008010864,0.04222409427165985,0.012094318866729736,0.9990347623825073,0.3946572542190552,0.999809205532074,0.0,-0.018579332157969475,0.00603026757016778,0.9997587203979492,0.00012761878315359354,-0.021117927506566048,0.006045888643711805,0.7026814818382263,0.016036206856369972,-0.01384118851274252,0.7111890316009521
gate_f5_freeform_pose_coupling_probe,500,24.999704360961914,5.7779998779296875,5.918615341186523,6.35044002532959,5.740139484405518,6.35044002532959,5.918615341186523,False,14.0,0.15956547856330872,0.11564290523529053,0.000945359468460083,0.003535827621817589,0.035919979214668274,0.012449339963495731,0.9992771148681641,-0.04246216267347336,-0.012067644856870174,-0.9990247488021851,0.04246208071708679,0.012067556381225586,0.9990252256393433,0.3758651614189148,0.999805212020874,0.0,-0.018819455057382584,0.0059503354132175446,0.9997561573982239,0.00010956359619740397,-0.021236920729279518,0.006032966542989016,0.7026939988136292,0.01635988987982273,-0.013688725419342518,0.711172342300415
gate_f5_freeform_pose_coupling_probe,501,25.04970359802246,5.7779998779296875,5.161184787750244,5.403054237365723,5.977689266204834,5.403054237365723,5.161184787750244,False,14.0,0.15892377495765686,0.11564697325229645,0.0010245144367218018,0.0035145115107297897,0.03644682466983795,0.01228219736367464,0.9992601275444031,-0.04313454031944275,-0.011861511506140232,-0.998998761177063,0.04313448816537857,0.011861622333526611,0.9989988803863525,0.38410431146621704,0.9998012781143188,0.0,-0.019050542265176773,0.0058713676407933235,0.9997496604919434,4.571214503812371e-06,-0.021572697907686234,0.005932142026722431,0.7027567625045776,0.01630406267940998,-0.01421661488711834,0.7111012935638428
gate_f5_freeform_pose_coupling_probe,502,25.099702835083008,5.7779998779296875,5.752726078033447,5.560133934020996,6.071994781494141,5.560133934020996,5.752726078033447,False,14.0,0.1582741141319275,0.11564527451992035,0.0009708106517791748,0.003307325765490532,0.03696063533425331,0.012115261517465115,0.9992432594299316,-0.04371355473995209,-0.011648251675069332,-0.9989761114120483,0.04371348023414612,0.011648297309875488,0.9989761710166931,0.38815832138061523,0.9997974634170532,0.0,-0.01927245780825615,0.005793392192572355,0.9997439980506897,-1.3889856745663565e-05,-0.021862294524908066,0.005825920961797237,0.7028241157531738,0.016295796260237694,-0.014631888829171658,0.7110264301300049
gate_f5_freeform_pose_coupling_probe,503,25.149702072143555,5.7779998779296875,6.583035469055176,6.485738754272461,5.86741304397583,6.485738754272461,6.583035469055176,False,14.0,0.15763628482818604,0.11563556641340256,0.0009355843067169189,0.0033519230782985687,0.037445068359375,0.01195375807583332,0.9992271661758423,-0.04395604133605957,-0.01157292164862156,-0.9989662170410156,0.043955929577350616,0.011572957038879395,0.9989665746688843,0.37325313687324524,0.9997938275337219,0.0,-0.019485076889395714,0.0057164342142641544,0.9997414946556091,0.00015810751938261092,-0.02198461815714836,0.0057844799011945724,0.7028653621673584,0.01718752831220627,-0.01392087060958147,0.7109790444374084
gate_f5_freeform_pose_coupling_probe,504,25.1997013092041,5.7779998779296875,5.50736665725708,5.53848934173584,5.991109848022461,5.53848934173584,5.50736665725708,False,14.0,0.15699627995491028,0.11563467979431152,0.0009717345237731934,0.003413662314414978,0.03791518881917,0.011793109588325024,0.9992113709449768,-0.04441440477967262,-0.011429836042225361,-0.9989475011825562,0.04441436380147934,0.011429905891418457,0.9989477396011353,0.37430012226104736,0.9997902512550354,0.0,-0.019688280299305916,0.0056405155919492245,0.9997367858886719,0.00030675725429318845,-0.022214800119400024,0.005709606222808361,0.702930212020874,0.01824510470032692,-0.013197517953813076,0.7109022736549377
gate_f5_freeform_pose_coupling_probe,505,25.24970054626465,5.7779998779296875,5.828142166137695,5.865791320800781,5.934265613555908,5.865791320800781,5.828142166137695,False,14.0,0.15635499358177185,0.11563210189342499,0.000984787940979004,0.003400063142180443,0.03836723789572716,0.011634268797934055,0.9991959929466248,-0.044800836592912674,-0.011297741904854774,-0.9989321231842041,0.04480081796646118,0.011297523975372314,0.9989320635795593,0.36956527829170227,0.9997868537902832,0.0,-0.0198819600045681,0.005565654952079058,0.9997329115867615,0.00037130387499928474,-0.0224084984511137,0.0056420573964715,0.702983558177948,0.018862290307879448,-0.012858778238296509,0.7108396291732788
gate_f5_freeform_pose_coupling_probe,506,25.299699783325195,5.7779998779296875,5.367391586303711,5.512340068817139,5.981545448303223,5.512340068817139,5.367391586303711,False,14.0,0.15571120381355286,0.11564253270626068,0.0009784400463104248,0.003381401300430298,0.03880522400140762,0.011476229876279831,0.9991809129714966,-0.045277997851371765,-0.011088221333920956,-0.9989125728607178,0.04527798295021057,0.01108849048614502,0.9989128112792969,0.37220317125320435,0.9997835755348206,0.0,-0.020066017284989357,0.005491867195814848,0.9997280240058899,0.0003736447833944112,-0.022647228091955185,0.005537154618650675,0.7030563354492188,0.01911458931863308,-0.012944409623742104,0.7107592821121216
gate_f5_freeform_pose_coupling_probe,507,25.349699020385742,5.7779998779296875,5.672459602355957,5.517066478729248,6.0882086753845215,5.517066478729248,5.672459602355957,False,14.0,0.15506979823112488,0.11567214876413345,0.0009095370769500732,0.00320344977080822,0.03922693058848381,0.011320029385387897,0.9991661906242371,-0.04574115201830864,-0.010794945992529392,-0.9988949298858643,0.045741088688373566,0.010794997215270996,0.9988950490951538,0.3748224973678589,0.9997804760932922,0.0,-0.020240362733602524,0.005419165827333927,0.9997236728668213,0.00019214845087844878,-0.022877933457493782,0.005394567735493183,0.7031348347663879,0.0180935338139534,-0.014279715716838837,0.7106828689575195
gate_f5_freeform_pose_coupling_probe,508,25.39969825744629,5.7779998779296875,5.602047443389893,5.697659492492676,6.005475997924805,5.697659492492676,5.602047443389893,False,14.0,0.15444672107696533,0.115664541721344,0.0008294284343719482,0.0031840577721595764,0.03960927203297615,0.011172237806022167,0.9991527795791626,-0.04602590575814247,-0.010679935105144978,-0.9988831281661987,0.04602581262588501,0.010679841041564941,0.9988831281661987,0.36903542280197144,0.9997774958610535,0.0,-0.020404916256666183,0.005347559228539467,0.9997207522392273,-3.941731483791955e-05,-0.02301917038857937,0.0053423671051859856,0.7031440138816833,0.016793113201856613,-0.01576661691069603,0.7106742262840271
gate_f5_freeform_pose_coupling_probe,509,25.449697494506836,5.7779998779296875,5.627591609954834,5.5898284912109375,6.077854156494141,5.5898284912109375,5.627591609954834,False,14.0,0.153815358877182,0.11565659195184708,0.0007815062999725342,0.00311305932700634,0.039977844804525375,0.011024583131074905,0.9991397261619568,-0.0463448204100132,-0.010567011311650276,-0.9988696575164795,0.046344805508852005,0.010567128658294678,0.9988695383071899,0.36690840125083923,0.999774694442749,0.0,-0.020559608936309814,0.005277053918689489,0.9997173547744751,-0.00024207169190049171,-0.023177679628133774,0.005290611647069454,0.7031496167182922,0.015535875223577023,-0.017235109582543373,0.7106631994247437
gate_f5_freeform_pose_coupling_probe,510,25.499696731567383,5.7779998779296875,5.772193431854248,5.772915840148926,6.046088218688965,5.772915840148926,5.772193431854248,False,14.0,0.15317696332931519,0.11565747857093811,0.000739753246307373,0.0030800756067037582,0.04033314809203148,0.010877077467739582,0.9991270899772644,-0.04659107327461243,-0.010441663675010204,-0.998859167098999,0.04659103602170944,0.010441720485687256,0.9988595843315125,0.35881975293159485,0.9997720718383789,0.0,-0.02070438116788864,0.005207653623074293,0.999714732170105,-0.00018678423657547683,-0.02330120839178562,0.00522667495533824,0.7031952738761902,0.01575484871864319,-0.01719186268746853,0.7106143236160278
gate_f5_freeform_pose_coupling_probe,511,25.54969596862793,5.7779998779296875,5.777487277984619,5.677441596984863,6.089259147644043,5.677441596984863,5.777487277984619,False,14.0,0.1525396704673767,0.11565795540809631,0.0007092058658599854,0.003048999235033989,0.04066803678870201,0.010732081718742847,0.9991150498390198,-0.04688040912151337,-0.010298803448677063,-0.9988470077514648,0.046880342066287994,0.010298848152160645,0.9988475441932678,0.3566318154335022,0.9997696280479431,0.0,-0.020839182659983635,0.005139358341693878,0.9997116923332214,-0.0001900805509649217,-0.023445984348654747,0.00515534495934844,0.7032437324523926,0.015864890068769455,-0.01728672906756401,0.7105616331100464
gate_f5_freeform_pose_coupling_probe,512,25.599695205688477,5.7779998779296875,5.629058837890625,5.6113739013671875,6.104837417602539,5.6113739013671875,5.629058837890625,False,14.0,0.1519056260585785,0.11565413326025009,0.0006735920906066895,0.0029982589185237885,0.040980588644742966,0.01059021521359682,0.999103844165802,-0.0471610389649868,-0.01017127837985754,-0.9988352060317993,0.04716094210743904,0.010171234607696533,0.9988356232643127,0.35387784242630005,0.9997673630714417,0.0,-0.020963970571756363,0.005072165746241808,0.9997087121009827,-0.00034498466993682086,-0.02358563058078289,0.005095259752124548,0.7032625079154968,0.01500352006405592,-0.018336957320570946,0.7105354070663452
gate_f5_freeform_pose_coupling_probe,513,25.649694442749023,5.7779998779296875,5.6582183837890625,5.649399757385254,6.107131004333496,5.649399757385254,5.6582183837890625,False,14.0,0.15125638246536255,0.11566269397735596,0.000635981559753418,0.0029515940696001053,0.041282910853624344,0.01044681016355753,0.9990928769111633,-0.047412168234586716,-0.010007640346884727,-0.9988248348236084,0.04741211608052254,0.01000756025314331,0.998825192451477,0.3533244729042053,0.9997652769088745,0.0,-0.021078715100884438,0.005006070248782635,0.9997061491012573,-0.000173900174559094,-0.02371218055486679,0.0050094155594706535,0.7033419609069824,0.016026336699724197,-0.01750153861939907,0.7104554176330566
gate_f5_freeform_pose_coupling_probe,514,25.69969367980957,5.7779998779296875,5.709878921508789,5.7181806564331055,6.10155725479126,5.7181806564331055,5.709878921508789,False,14.0,0.150605708360672,0.11566716432571411,0.0006015300750732422,0.0029228031635284424,0.041564058512449265,0.010305608622729778,0.9990826845169067,-0.0476292222738266,-0.009856177493929863,-0.9988162517547607,0.047629233449697495,0.009856224060058594,0.9988164305686951,0.34942635893821716,0.9997633695602417,0.0,-0.021183395758271217,0.004941063933074474,0.9997040033340454,0.00012213297304697335,-0.02382226474583149,0.004926637746393681,0.7034347057342529,0.017839794978499413,-0.015858864411711693,0.7103589177131653
gate_f5_freeform_pose_coupling_probe,515,25.749692916870117,5.7779998779296875,5.544710159301758,5.5981364250183105,6.117593765258789,5.5981364250183105,5.544710159301758,False,14.0,0.14997634291648865,0.11564484238624573,0.0005773007869720459,0.0029123984277248383,0.04181035980582237,0.010172087699174881,0.9990738034248352,-0.04785136878490448,-0.009841873310506344,-0.9988057613372803,0.04785135015845299,0.009841740131378174,0.9988060593605042,0.34548425674438477,0.999761700630188,0.0,-0.021278001368045807,0.004877136088907719,0.9997013807296753,-7.019063195912167e-05,-0.023932484909892082,0.004924086853861809,0.7034172415733337,0.017015904188156128,-0.01683112233877182,0.7103741765022278
gate_f5_freeform_pose_coupling_probe,516,25.799692153930664,5.7779998779296875,5.45740270614624,5.570225715637207,6.129940986633301,5.570225715637207,5.45740270614624,False,14.0,0.14934325218200684,0.11564168334007263,0.0005594193935394287,0.0028600450605154037,0.042042382061481476,0.010039344429969788,0.9990653991699219,-0.04802033305168152,-0.009744824841618538,-0.9987984895706177,0.04802029952406883,0.009745121002197266,0.9987987279891968,0.3443496525287628,0.9997602105140686,0.0,-0.021362530067563057,0.004814273212105036,0.9996995329856873,-0.0002945312298834324,-0.024015944451093674,0.004880952183157206,0.7034199237823486,0.015847716480493546,-0.018106907606124878,0.7103670239448547
gate_f5_freeform_pose_coupling_probe,517,25.84969139099121,5.7779998779296875,5.871504783630371,5.839869976043701,6.112804889678955,5.839869976043701,5.871504783630371,False,14.0,0.14871329069137573,0.11564964056015015,0.0005300641059875488,0.0028316453099250793,0.04225568845868111,0.009909135289490223,0.9990577101707458,-0.048133283853530884,-0.009561732411384583,-0.998794674873352,0.0481332428753376,0.009561777114868164,0.9987949728965759,0.33919697999954224,0.9997588992118835,0.0,-0.021436989307403564,0.004752459470182657,0.9996985197067261,-0.00047601482947357,-0.024071617051959038,0.004793770145624876,0.7034458518028259,0.014449449256062508,-0.019571427255868912,0.7103322744369507
gate_f5_freeform_pose_coupling_probe,518,25.899690628051758,5.7779998779296875,5.550082683563232,5.613565444946289,6.138847827911377,5.613565444946289,5.550082683563232,False,14.0,0.14808180928230286,0.11565139889717102,0.0005079805850982666,0.002828456461429596,0.04244830459356308,0.009780955500900745,0.9990507960319519,-0.04831019043922424,-0.009407779201865196,-0.9987879991531372,0.048310115933418274,0.00940769910812378,0.9987881183624268,0.3363002836704254,0.9997578263282776,0.0,-0.021501395851373672,0.004691676702350378,0.9996967911720276,-0.0005667877267114818,-0.02415974624454975,0.004719013813883066,0.7034795880317688,0.013827001675963402,-0.020312877371907234,0.7102905511856079
gate_f5_freeform_pose_coupling_probe,519,25.949689865112305,5.7779998779296875,5.718929290771484,5.6861419677734375,6.162321090698242,5.6861419677734375,5.718929290771484,False,14.0,0.1474427580833435,0.11565209925174713,0.00048419833183288574,0.002769213169813156,0.042622704058885574,0.009653445333242416,0.9990445971488953,-0.048440154641866684,-0.009279074147343636,-0.9987831115722656,0.04844006896018982,0.009279251098632812,0.9987829923629761,0.33396482467651367,0.999756932258606,0.0,-0.02155577763915062,0.004631903488188982,0.9996955394744873,-0.0006000552675686777,-0.02422465942800045,0.004655490629374981,0.7035140991210938,0.013533544726669788,-0.02069549448788166,0.710250973701477
gate_f5_freeform_pose_coupling_probe,520,25.99968910217285,5.7779998779296875,5.686776638031006,5.705399513244629,6.150080680847168,5.705399513244629,5.686776638031006,False,14.0,0.1468028426170349,0.11565832048654556,0.00045949220657348633,0.0027512218803167343,0.042777955532073975,0.009527812711894512,0.9990391731262207,-0.04853123426437378,-0.009143480099737644,-0.9987794160842896,0.04853120073676109,0.009143531322479248,0.9987797141075134,0.33102232217788696,0.9997562170028687,0.0,-0.02160017192363739,0.004573117475956678,0.9996946454048157,-0.0005595047841779888,-0.02427046187222004,0.004586720373481512,0.7035790085792542,0.01418001763522625,-0.020119724795222282,0.7101905345916748
gate_f5_freeform_pose_coupling_probe,521,26.0496883392334,5.7779998779296875,5.42756986618042,5.545341491699219,6.171788215637207,5.545341491699219,5.42756986618042,False,14.0,0.14615976810455322,0.1156628280878067,0.00044018030166625977,0.0027162879705429077,0.04291301965713501,0.009403754957020283,0.999034583568573,-0.04861558973789215,-0.009021051228046417,-0.9987767934799194,0.04861556366086006,0.009021103382110596,0.9987768530845642,0.32745644450187683,0.9997557401657104,0.0,-0.021634623408317566,0.0045152935199439526,0.9996940493583679,-0.00047103289398364723,-0.024313103407621384,0.004523362033069134,0.7036451697349548,0.01505651418119669,-0.01931103877723217,0.7101294994354248
gate_f5_freeform_pose_coupling_probe,522,26.099687576293945,5.7779998779296875,5.778599262237549,5.817951202392578,6.139680862426758,5.817951202392578,5.778599262237549,False,14.0,0.14551135897636414,0.1156320720911026,0.0004151463508605957,0.0027000606060028076,0.04302171245217323,0.009281422942876816,0.9990310072898865,-0.04865546524524689,-0.00902523472905159,-0.9987751245498657,0.0486554354429245,0.009025156497955322,0.9987748265266418,0.3238513171672821,0.9997554421424866,0.0,-0.021659186109900475,0.004458404146134853,0.9996936917304993,-0.00028940264019183815,-0.024333879351615906,0.004521044436842203,0.7036770582199097,0.016351744532585144,-0.018055668100714684,0.7101022601127625
gate_f5_freeform_pose_coupling_probe,523,26.149686813354492,5.7779998779296875,5.702250003814697,5.700328826904297,6.179452896118164,5.700328826904297,5.702250003814697,False,14.0,0.14486992359161377,0.11563186347484589,0.00039950013160705566,0.0026766564697027206,0.04311448335647583,0.009161892347037792,0.9990281462669373,-0.048739053308963776,-0.00891026109457016,-0.9987720251083374,0.048739004880189896,0.008910179138183594,0.9987718462944031,0.3220336139202118,0.9997553825378418,0.0,-0.02167392335832119,0.004402420483529568,0.9996929168701172,-0.00026877326308749616,-0.024375813081860542,0.004463052377104759,0.7037187814712524,0.016445470973849297,-0.01802174746990204,0.710059642791748
gate_f5_freeform_pose_coupling_probe,524,26.19968605041504,5.7779998779296875,5.683035373687744,5.679494380950928,6.189120292663574,5.679494380950928,5.683035373687744,False,14.0,0.14422926306724548,0.11564214527606964,0.0003814399242401123,0.002645229920744896,0.04318876191973686,0.009044348262250423,0.9990260004997253,-0.048776354640722275,-0.008776230737566948,-0.9987713098526001,0.048776306211948395,0.008776366710662842,0.9987711906433105,0.32020559906959534,0.9997555613517761,0.0,-0.02167890965938568,0.004347311798483133,0.9996927380561829,-0.00025041878689080477,-0.024394571781158447,0.004395574796944857,0.7037608623504639,0.01625782810151577,-0.018234118819236755,0.7100167870521545
gate_f5_freeform_pose_coupling_probe,525,26.249685287475586,5.7779998779296875,5.711485862731934,5.699162006378174,6.195385932922363,5.699162006378174,5.711485862731934,False,14.0,0.14358305931091309,0.11564113199710846,0.0003574490547180176,0.0026139765977859497,0.043241169303655624,0.00892791897058487,0.9990247488021851,-0.048806678503751755,-0.00866753701120615,-0.9987704753875732,0.048806652426719666,0.00866776704788208,0.9987704753875732,0.3214254379272461,0.999755859375,0.0,-0.021674223244190216,0.004293045029044151,0.9996925592422485,-0.0002226133074145764,-0.024409877136349678,0.004340536892414093,0.7037756443023682,0.015375285409390926,-0.019130436703562737,0.7099981307983398
gate_f5_freeform_pose_coupling_probe,526,26.299684524536133,5.7779998779296875,5.81318473815918,5.748724937438965,6.202877044677734,5.748724937438965,5.81318473815918,False,14.0,0.1429448127746582,0.1156398355960846,0.00033468008041381836,0.002587629482150078,0.043272875249385834,0.008814793080091476,0.9990243911743164,-0.048798397183418274,-0.008551831357181072,-0.9987720251083374,0.04879830777645111,0.008551955223083496,0.998772144317627,0.3165178596973419,0.999756395816803,0.0,-0.021659955382347107,0.004239585716277361,0.9996929168701172,-0.0002361705555813387,-0.02440568245947361,0.004282994661480188,0.7038076519966125,0.015033736824989319,-0.019463350996375084,0.7099648118019104
gate_f5_freeform_pose_coupling_probe,527,26.34968376159668,5.7779998779296875,5.6267409324646,5.672662734985352,6.192667484283447,5.672662734985352,5.6267409324646,False,14.0,0.14232105016708374,0.11565135419368744,0.00032782554626464844,0.002593027427792549,0.0432870052754879,0.008705836720764637,0.9990247488021851,-0.04872499778866768,-0.008416327647864819,-0.9987770318984985,0.048724930733442307,0.00841599702835083,0.998776912689209,0.31090426445007324,0.9997571706771851,0.0,-0.021636201068758965,0.004186898469924927,0.9996941089630127,-0.0004203467979095876,-0.024368179962038994,0.004219697788357735,0.7038550972938538,0.014950775541365147,-0.019494183361530304,0.709918737411499
gate_f5_freeform_pose_coupling_probe,528,26.399682998657227,5.7779998779296875,5.414709568023682,5.538736820220947,6.214651107788086,5.538736820220947,5.414709568023682,False,14.0,0.14168965816497803,0.11565586924552917,0.0003076493740081787,0.0025585684925317764,0.04328098148107529,0.008597319945693016,0.9990259408950806,-0.04869479313492775,-0.008292094804346561,-0.9987794160842896,0.04869468882679939,0.008292138576507568,0.9987793564796448,0.31027427315711975,0.9997580647468567,0.0,-0.021603070199489594,0.004134946037083864,0.9996947050094604,-0.00046526259393431246,-0.024352896958589554,0.0041586472652852535,0.7039048075675964,0.015139339491724968,-0.01928616501390934,0.7098710536956787
gate_f5_freeform_pose_coupling_probe,529,26.449682235717773,5.7779998779296875,5.727748394012451,5.664538383483887,6.250807762145996,5.664538383483887,5.727748394012451,False,14.0,0.14104905724525452,0.11566046625375748,0.000274658203125,0.0024672653526067734,0.04325544461607933,0.008488890714943409,0.9990279674530029,-0.04860271140933037,-0.008179433643817902,-0.9987848997116089,0.048602666705846786,0.008179426193237305,0.9987846612930298,0.3077413737773895,0.9997591972351074,0.0,-0.02156067080795765,0.004083690233528614,0.9996960759162903,-0.00043439099681563675,-0.02430696040391922,0.004101522266864777,0.7039555311203003,0.015472296625375748,-0.018891332671046257,0.7098241448402405
gate_f5_freeform_pose_coupling_probe,530,26.49968147277832,5.7779998779296875,5.752119064331055,5.711678504943848,6.24632453918457,5.711678504943848,5.752119064331055,False,14.0,0.14040786027908325,0.11565394699573517,0.00023216009140014648,0.0024209395051002502,0.04320865124464035,0.008382044732570648,0.9990308880805969,-0.04847025126218796,-0.008106227964162827,-0.9987912178039551,0.04847022145986557,0.008106350898742676,0.9987917542457581,0.301964670419693,0.9997605085372925,0.0,-0.02150912769138813,0.004033091012388468,0.9996976852416992,-0.0004137336800340563,-0.024240771308541298,0.0040643722750246525,0.703953206539154,0.014344106428325176,-0.01991700567305088,0.7098221182823181
gate_f5_freeform_pose_coupling_probe,531,26.549680709838867,5.7779998779296875,5.790328502655029,5.723780632019043,6.255626201629639,5.723780632019043,5.790328502655029,False,14.0,0.13977181911468506,0.11564965546131134,0.00019359588623046875,0.002395791932940483,0.04314367100596428,0.008277535438537598,0.999034583568573,-0.048362694680690765,-0.008011049591004848,-0.9987975358963013,0.04836259037256241,0.008011043071746826,0.9987977743148804,0.2993614971637726,0.9997619986534119,0.0,-0.021448569372296333,0.00398310786113143,0.9996992349624634,-0.0004359341401141137,-0.024186871945858,0.004017277155071497,0.7039767503738403,0.013903729617595673,-0.020278172567486763,0.7097973227500916
gate_f5_freeform_pose_coupling_probe,532,26.599679946899414,5.7779998779296875,5.605122089385986,5.612759590148926,6.273430824279785,5.612759590148926,5.605122089385986,False,14.0,0.13913366198539734,0.11565928906202316,0.0001672506332397461,0.0023642927408218384,0.0430620051920414,0.008174033835530281,0.9990389347076416,-0.04826806113123894,-0.007887634448707104,-0.9988031387329102,0.04826801270246506,0.00788724422454834,0.9988033175468445,0.29870715737342834,0.9997637271881104,0.0,-0.021379126235842705,0.003933699801564217,0.9997006058692932,-0.0005336879403330386,-0.024139145389199257,0.003957885317504406,0.7040348649024963,0.01433879416435957,-0.01978033222258091,0.7097451090812683
gate_f5_freeform_pose_coupling_probe,533,26.64967918395996,5.7779998779296875,5.6396284103393555,5.679270267486572,6.267119884490967,5.679270267486572,5.6396284103393555,False,14.0,0.13850387930870056,0.11566247045993805,0.00013688206672668457,0.0023261532187461853,0.0429622083902359,0.00807325541973114,0.9990440607070923,-0.04809029772877693,-0.0077854120172560215,-0.9988126754760742,0.04809027165174484,0.007785320281982422,0.9988126158714294,0.29541367292404175,0.9997655749320984,0.0,-0.021300945430994034,0.0038848237600177526,0.9997029304504395,-0.0006028347997926176,-0.02404993772506714,0.003908365033566952,0.7040757536888123,0.014381635002791882,-0.019612811505794525,0.7097082734107971
gate_f5_freeform_pose_coupling_probe,534,26.699678421020508,5.7779998779296875,5.7018866539001465,5.679348945617676,6.291658401489258,5.679348945617676,5.7018866539001465,False,14.0,0.13787198066711426,0.11566184461116791,0.00010913610458374023,0.002278069034218788,0.04284358397126198,0.00797339342534542,0.999049961566925,-0.047878000885248184,-0.007698403671383858,-0.9988232851028442,0.04787794500589371,0.0076985955238342285,0.998823344707489,0.2914124131202698,0.9997676014900208,0.0,-0.02121417224407196,0.0038364375941455364,0.9997055530548096,-0.000651764334179461,-0.023943530395627022,0.0038659456185996532,0.704102635383606,0.014089652337133884,-0.019753046333789825,0.7096834778785706
gate_f5_freeform_pose_coupling_probe,535,26.749677658081055,5.7779998779296875,5.5340375900268555,5.518671035766602,6.331297874450684,5.518671035766602,5.5340375900268555,False,14.0,0.13723331689834595,0.11565274000167847,7.012486457824707e-05,0.002224082127213478,0.042704448103904724,0.00787365436553955,0.9990566968917847,-0.04772280901670456,-0.007655316032469273,-0.998831033706665,0.04772274196147919,0.0076555609703063965,0.9988311529159546,0.29006636142730713,0.9997698068618774,0.0,-0.02111896313726902,0.0037884972989559174,0.9997074604034424,-0.0007297349511645734,-0.023865578696131706,0.0038461987860500813,0.7041088342666626,0.013656537979841232,-0.020073477178812027,0.7096768021583557
gate_f5_freeform_pose_coupling_probe,536,26.7996768951416,5.7779998779296875,5.755520343780518,5.734739303588867,6.310311317443848,5.734739303588867,5.755520343780518,False,14.0,0.13659536838531494,0.11564784497022629,2.5719404220581055e-05,0.002169547602534294,0.04254843667149544,0.0077751027420163155,0.9990641474723816,-0.0474759042263031,-0.007578417658805847,-0.9988434314727783,0.04747582972049713,0.007578551769256592,0.9988434910774231,0.284618616104126,0.9997721314430237,0.0,-0.021015476435422897,0.003740959335118532,0.9997105598449707,-0.0007221002015285194,-0.0237420741468668,0.0038074550684541464,0.7041338682174683,0.01339981984347105,-0.020154381170868874,0.7096545696258545
gate_f5_freeform_pose_coupling_probe,537,26.84967613220215,5.7779998779296875,5.581536769866943,5.65396785736084,6.304433822631836,5.65396785736084,5.581536769866943,False,14.0,0.13595682382583618,0.1156560480594635,-1.7583370208740234e-06,0.0021774861961603165,0.04237685725092888,0.00767745915800333,0.9990721940994263,-0.04725729674100876,-0.007447425276041031,-0.9988549947738647,0.04725721478462219,0.007447302341461182,0.9988551139831543,0.2790645360946655,0.999774694442749,0.0,-0.020903879776597023,0.003693779231980443,0.9997134804725647,-0.0006756365764886141,-0.023632891476154327,0.003740751650184393,0.7041932344436646,0.013699401170015335,-0.019703393802046776,0.7096027731895447
gate_f5_freeform_pose_coupling_probe,538,26.899675369262695,5.7779998779296875,5.7115912437438965,5.739297389984131,6.31784200668335,5.739297389984131,5.7115912437438965,False,14.0,0.13531944155693054,0.11566102504730225,-2.5272369384765625e-05,0.0021378640085458755,0.04218801110982895,0.007580921519547701,0.9990809559822083,-0.04703691229224205,-0.007327936589717865,-0.9988663196563721,0.047036852687597275,0.007327914237976074,0.9988662004470825,0.2790645360946655,0.9997773170471191,0.0,-0.020784346386790276,0.003646912518888712,0.9997163414955139,-0.0006352805648930371,-0.023522790521383286,0.0036799556110054255,0.7042498588562012,0.014062534086406231,-0.019187966361641884,0.7095534801483154
gate_f5_freeform_pose_coupling_probe,539,26.949674606323242,5.7779998779296875,5.667901992797852,5.649106502532959,6.348886013031006,5.649106502532959,5.667901992797852,False,14.0,0.13467729091644287,0.11566445231437683,-4.553794860839844e-05,0.002097316086292267,0.04198057949542999,0.007484502624720335,0.9990903735160828,-0.04680163040757179,-0.00721836369484663,-0.9988778829574585,0.046801552176475525,0.007218301296234131,0.9988781809806824,0.2769530415534973,0.9997801184654236,0.0,-0.020657051354646683,0.0036003149580210447,0.9997192621231079,-0.0005952761857770383,-0.023405229672789574,0.00362413190305233,0.7043023109436035,0.0144026605412364,-0.01868470571935177,0.7095081210136414
gate_f5_freeform_pose_coupling_probe,540,26.99967384338379,5.7779998779296875,5.559238910675049,5.607301712036133,6.346721649169922,5.607301712036133,5.559238910675049,False,14.0,0.13403263688087463,0.11566528677940369,-7.295608520507812e-05,0.002075161784887314,0.041755206882953644,0.0073884581215679646,0.9991005659103394,-0.046565376222133636,-0.00712604308500886,-0.998889684677124,0.04656530171632767,0.007126212120056152,0.9988898038864136,0.276245653629303,0.9997830986976624,0.0,-0.02052217535674572,0.00355394184589386,0.9997222423553467,-0.0005342965596355498,-0.023287246003746986,0.00357645726762712,0.7043436765670776,0.014567818492650986,-0.018354346975684166,0.7094722390174866
gate_f5_freeform_pose_coupling_probe,541,27.049673080444336,5.7779998779296875,5.420872688293457,5.548025131225586,6.361066818237305,5.548025131225586,5.420872688293457,False,14.0,0.13339164853096008,0.11566691100597382,-9.903311729431152e-05,0.00202290341258049,0.04151495546102524,0.00729361642152071,0.9991112351417542,-0.04630227014422417,-0.007033125497400761,-0.9989026784896851,0.046302199363708496,0.007033169269561768,0.9989026188850403,0.276245653629303,0.9997861385345459,0.0,-0.02037990465760231,0.003507748944684863,0.9997254610061646,-0.0005830302834510803,-0.02315543405711651,0.0035310324747115374,0.7043744921684265,0.014296065084636211,-0.018438803032040596,0.7094449400901794
gate_f5_freeform_pose_coupling_probe,542,27.099672317504883,5.7779998779296875,5.721067428588867,5.750985145568848,6.349124908447266,5.750985145568848,5.721067428588867,False,14.0,0.13275852799415588,0.11565440893173218,-0.00013265013694763184,0.0019868258386850357,0.0412600077688694,0.007200439460575581,0.9991225004196167,-0.04599636048078537,-0.006980066187679768,-0.9989172220230103,0.04599629342556,0.006980180740356445,0.9989171624183655,0.27268099784851074,0.9997893571853638,0.0,-0.020230429247021675,0.003461692249402404,0.9997289776802063,-0.0007645090809091926,-0.02300173230469227,0.003508568974211812,0.7043666839599609,0.013081874698400497,-0.019428733736276627,0.7094497084617615
gate_f5_freeform_pose_coupling_probe,543,27.14967155456543,5.7779998779296875,5.296453475952148,5.5070037841796875,6.36881160736084,5.5070037841796875,5.296453475952148,False,14.0,0.13212448358535767,0.11565064638853073,-0.0001703202724456787,0.0019691623747348785,0.04099082946777344,0.0071076033636927605,0.9991342425346375,-0.04571427032351494,-0.0069054169580340385,-0.9989305734634399,0.04571419581770897,0.00690537691116333,0.9989306926727295,0.27124202251434326,0.9997926354408264,0.0,-0.020073944702744484,0.0034157277550548315,0.9997323155403137,-0.0007553920731879771,-0.022860631346702576,0.003470906289294362,0.7043960094451904,0.012983583845198154,-0.019327636808156967,0.7094252109527588
gate_f5_freeform_pose_coupling_probe,544,27.199670791625977,5.7779998779296875,5.784759521484375,5.698796272277832,6.422842025756836,5.698796272277832,5.784759521484375,False,14.0,0.13148650527000427,0.11565249413251877,-0.00021284818649291992,0.001861007884144783,0.04070587083697319,0.007014586590230465,0.9991465210914612,-0.04536007344722748,-0.0068217492662370205,-0.9989476203918457,0.045360006392002106,0.006821632385253906,0.9989474415779114,0.2668786346912384,0.9997960925102234,0.0,-0.019910646602511406,0.003369812620803714,0.9997366070747375,-0.0007348184008151293,-0.022683491930365562,0.0034284458961337805,0.7044388055801392,0.013218131847679615,-0.018845222890377045,0.7093913555145264
gate_f5_freeform_pose_coupling_probe,545,27.249670028686523,5.7779998779296875,5.703070640563965,5.716004371643066,6.400717735290527,5.716004371643066,5.703070640563965,False,14.0,0.13085103034973145,0.11565225571393967,-0.0002530515193939209,0.0018377359956502914,0.0404072180390358,0.006922206375747919,0.9991593360900879,-0.044988710433244705,-0.0067288633435964584,-0.998964786529541,0.04498870670795441,0.006728827953338623,0.9989648461341858,0.2624426484107971,0.9997996091842651,0.0,-0.01974073424935341,0.0033239037729799747,0.9997408390045166,-0.0008053847122937441,-0.02249746024608612,0.0033834276255220175,0.7044563293457031,0.01238259021192789,-0.019413404166698456,0.7093737125396729
gate_f5_freeform_pose_coupling_probe,546,27.29966926574707,5.7779998779296875,5.268269062042236,5.446171760559082,6.433344841003418,5.446171760559082,5.268269062042236,False,14.0,0.13021495938301086,0.11564240604639053,-0.0002842545509338379,0.0017955731600522995,0.04009278118610382,0.006829870864748955,0.9991726279258728,-0.04460940882563591,-0.0066657839342951775,-0.998982310295105,0.044609375298023224,0.006665587425231934,0.9989824295043945,0.2571706473827362,0.9998032450675964,0.0,-0.019564412534236908,0.0032779593020677567,0.9997451901435852,-0.0008371617877855897,-0.022307582199573517,0.003352421335875988,0.7044637799263,0.011573839001357555,-0.019949298352003098,0.70936518907547
gate_f5_freeform_pose_coupling_probe,547,27.349668502807617,5.7779998779296875,5.6873579025268555,5.778547286987305,6.390775680541992,5.778547286987305,5.6873579025268555,False,14.0,0.12961319088935852,0.11558915674686432,-0.00031873583793640137,0.0017841346561908722,0.03977629914879799,0.006742285564541817,0.9991858601570129,-0.0440809465944767,-0.006750874221324921,-0.9990051984786987,0.04408087581396103,0.006750822067260742,0.9990051984786987,0.2454925775527954,0.9998069405555725,0.0,-0.019381888210773468,0.003231937764212489,0.9997506141662598,-0.001131184515543282,-0.02204212173819542,0.0034012189134955406,0.7044137120246887,0.010505332611501217,-0.02063729055225849,0.7094117999076843
gate_f5_freeform_pose_coupling_probe,548,27.399667739868164,5.7779998779296875,5.767661094665527,5.767129421234131,6.427708625793457,5.767129421234131,5.767661094665527,False,14.0,0.12899935245513916,0.11556597054004669,-0.0003390014171600342,0.0017534364014863968,0.039445675909519196,0.006653133779764175,0.9991995692253113,-0.043653715401887894,-0.006727470550686121,-0.9990243911743164,0.04365364462137222,0.00672757625579834,0.999023973941803,0.24308966100215912,0.9998106956481934,0.0,-0.019193368032574654,0.0031857984140515327,0.9997550249099731,-0.0014383189845830202,-0.021827321499586105,0.00339596183039248,0.7044010162353516,0.009494148194789886,-0.021340226754546165,0.7094177603721619
gate_f5_freeform_pose_coupling_probe,549,27.44966697692871,5.7779998779296875,5.664912700653076,5.654449462890625,6.4535346031188965,5.654449462890625,5.664912700653076,False,14.0,0.12838178873062134,0.115558922290802,-0.0003567934036254883,0.0017231889069080353,0.03910322114825249,0.006563498172909021,0.9992136359214783,-0.043233416974544525,-0.00666127260774374,-0.9990426301956177,0.04323336482048035,0.006661117076873779,0.999042809009552,0.23573395609855652,0.9998145699501038,0.0,-0.018999062478542328,0.0031395021360367537,0.9997590780258179,-0.0017562702996656299,-0.021615998819470406,0.003369411686435342,0.7044011354446411,0.008429253473877907,-0.02210167981684208,0.7094078660011292
gate_f5_freeform_pose_coupling_probe,550,27.499666213989258,5.7779998779296875,5.463536262512207,5.5175042152404785,6.470511436462402,5.5175042152404785,5.463536262512207,False,14.0,0.12768787145614624,0.11561452597379684,-0.00038191676139831543,0.0016915760934352875,0.03871355578303337,0.006463191471993923,0.9992294311523438,-0.04307950288057327,-0.006389065179973841,-0.9990510940551758,0.043079450726509094,0.006388843059539795,0.9990512728691101,0.25022920966148376,0.9998185038566589,0.0,-0.018799182027578354,0.003093009814620018,0.9997618794441223,-0.0013108322164043784,-0.021540654823184013,0.003223536303266883,0.7045483589172363,0.010009698569774628,-0.020425185561180115,0.709291398525238
gate_f5_freeform_pose_coupling_probe,551,27.549665451049805,5.7779998779296875,6.206474304199219,5.975620269775391,6.455179214477539,5.975620269775391,6.206474304199219,False,14.0,0.12702101469039917,0.11564936488866806,-0.00040149688720703125,0.0016375146806240082,0.03832284361124039,0.006366406101733446,0.9992451071739197,-0.042746201157569885,-0.006196941249072552,-0.9990665912628174,0.0427461713552475,0.006196916103363037,0.9990667700767517,0.2533377707004547,0.9998224973678589,0.0,-0.018593940883874893,0.003046284196898341,0.9997659921646118,-0.001122668501920998,-0.021374596282839775,0.0031231981702148914,0.7046442031860352,0.01076095923781395,-0.01944471336901188,0.7092127203941345
gate_f5_freeform_pose_coupling_probe,552,27.59966468811035,5.7779998779296875,5.4487199783325195,5.515202045440674,6.4652557373046875,5.515202045440674,5.4487199783325195,False,14.0,0.12637317180633545,0.11566318571567535,-0.0004000365734100342,0.001677943393588066,0.03792811185121536,0.006271886173635721,0.9992607831954956,-0.042410314083099365,-0.006048878189176321,-0.9990816116333008,0.04241025820374489,0.006048798561096191,0.9990819096565247,0.2586878836154938,0.9998264908790588,0.0,-0.018383553251624107,0.0029992887284606695,0.9997697472572327,-0.0011115869274362922,-0.021206650882959366,0.003048714017495513,0.7047091126441956,0.010979878716170788,-0.01899086683988571,0.7091571092605591
gate_f5_freeform_pose_coupling_probe,553,27.6496639251709,5.7779998779296875,5.366751670837402,5.550806522369385,6.438492298126221,5.550806522369385,5.366751670837402,False,14.0,0.12572991847991943,0.11567036807537079,-0.00040662288665771484,0.0016750041395425797,0.03752372786402702,0.006177578121423721,0.9992766380310059,-0.04203187674283981,-0.005923336837440729,-0.9990986585617065,0.04203181713819504,0.005923271179199219,0.9990987777709961,0.2579303979873657,0.9998306035995483,0.0,-0.018168233335018158,0.0029519880190491676,0.9997740387916565,-0.001100387773476541,-0.021017402410507202,0.0029854702297598124,0.7047615051269531,0.011007516644895077,-0.018696941435337067,0.7091125249862671
gate_f5_freeform_pose_coupling_probe,554,27.699663162231445,5.7779998779296875,5.905807018280029,5.90626335144043,6.4315643310546875,5.90626335144043,5.905807018280029,False,14.0,0.12508651614189148,0.11567489802837372,-0.00041738152503967285,0.0016332641243934631,0.037107840180397034,0.006082743406295776,0.9992927312850952,-0.041607435792684555,-0.005810491740703583,-0.9991167783737183,0.04160738363862038,0.005810379981994629,0.9991171360015869,0.2594431936740875,0.9998347163200378,0.0,-0.017948195338249207,0.0029043485410511494,0.9997785687446594,-0.0011060121469199657,-0.020805085077881813,0.002928905189037323,0.7048079371452332,0.010950368829071522,-0.018454764038324356,0.709073543548584
gate_f5_freeform_pose_coupling_probe,555,27.749662399291992,5.7779998779296875,5.973816871643066,5.770707607269287,6.512861728668213,5.770707607269287,5.973816871643066,False,14.0,0.12444606423377991,0.11568152904510498,-0.0004437863826751709,0.0015629865229129791,0.03668367490172386,0.005987816024571657,0.9993090033531189,-0.04121833294630051,-0.005691918544471264,-0.9991337060928345,0.04121832549571991,0.005691885948181152,0.9991338849067688,0.26094722747802734,0.9998388290405273,0.0,-0.017723655328154564,0.0028563374653458595,0.9997826814651489,-0.0011980552226305008,-0.020610205829143524,0.0028712754137814045,0.7048396468162537,0.01028229296207428,-0.018844863399863243,0.7090417146682739
gate_f5_freeform_pose_coupling_probe,556,27.79966163635254,5.7779998779296875,5.192517280578613,5.487038612365723,6.464047431945801,5.487038612365723,5.192517280578613,False,14.0,0.12380233407020569,0.11567705869674683,-0.000478893518447876,0.0015801209956407547,0.036245569586753845,0.005891645327210426,0.9993255734443665,-0.040775004774332047,-0.0056102038361132145,-0.9991523027420044,0.04077489301562309,0.005610525608062744,0.9991525411605835,0.2601962685585022,0.9998430013656616,0.0,-0.01749482750892639,0.0028079235926270485,0.9997875690460205,-0.0009925749618560076,-0.020389027893543243,0.0028259397950023413,0.7048959732055664,0.011030717752873898,-0.017788302153348923,0.7090017795562744
gate_f5_freeform_pose_coupling_probe,557,27.849660873413086,5.7779998779296875,5.930074691772461,5.789188385009766,6.534474849700928,5.789188385009766,5.930074691772461,False,14.0,0.12315279245376587,0.11567208170890808,-0.000529170036315918,0.0014443695545196533,0.035793598741292953,0.0057938797399401665,0.9993423819541931,-0.040226954966783524,-0.005538739264011383,-0.9991751909255981,0.040226906538009644,0.005538642406463623,0.9991752505302429,0.25487783551216125,0.9998471736907959,0.0,-0.017261927947402,0.002759076887741685,0.9997936487197876,-0.00048491236520931125,-0.020116280764341354,0.002779697999358177,0.7049903273582458,0.013638337142765522,-0.014808994717895985,0.7089311480522156
gate_f5_freeform_pose_coupling_probe,558,27.899660110473633,5.7779998779296875,5.5403008460998535,5.5622100830078125,6.535592079162598,5.5622100830078125,5.5403008460998535,False,14.0,0.1225118339061737,0.1156713142991066,-0.0005748867988586426,0.0014284700155258179,0.03533899411559105,0.00569668086245656,0.999359130859375,-0.03969737887382507,-0.005454499274492264,-0.9991967678070068,0.03969729691743851,0.005454361438751221,0.9991969466209412,0.24944600462913513,0.999851405620575,0.0,-0.017025168985128403,0.0027097694110125303,0.9997991323471069,-0.00029146872111596167,-0.01985188014805317,0.0027335849590599537,0.705048680305481,0.014693425968289375,-0.013385993428528309,0.7088803648948669
gate_f5_freeform_pose_coupling_probe,559,27.94965934753418,5.7779998779296875,5.6945271492004395,5.69805908203125,6.534461975097656,5.69805908203125,5.6945271492004395,False,14.0,0.12187391519546509,0.1156708151102066,-0.0006150007247924805,0.001381564885377884,0.034877926111221313,0.005599119234830141,0.9993758797645569,-0.039174146950244904,-0.005363476928323507,-0.9992181062698364,0.03917405381798744,0.0053637027740478516,0.9992178678512573,0.2486603558063507,0.9998555779457092,0.0,-0.01678476296365261,0.0026599743869155645,0.9998044967651367,-0.0002124775928677991,-0.019590333104133606,0.0026864262763410807,0.7050945162773132,0.015068710781633854,-0.012643413618206978,0.7088403701782227
gate_f5_freeform_pose_coupling_probe,560,27.999658584594727,5.7779998779296875,5.738839149475098,5.741238594055176,6.5379438400268555,5.741238594055176,5.738839149475098,False,14.0,0.12127670645713806,0.11563260853290558,-0.0006485283374786377,0.0013485495001077652,0.034432992339134216,0.005506434012204409,0.9993918538093567,-0.03852174058556557,-0.005401726346462965,-0.9992431402206421,0.038521699607372284,0.005401670932769775,0.9992431402206421,0.23406797647476196,0.9998598098754883,0.0,-0.016540924087166786,0.0026096662040799856,0.9998105764389038,-0.0006014815880917013,-0.0192628875374794,0.002712963381782174,0.7050629258155823,0.013626337982714176,-0.013617795892059803,0.7088829874992371
gate_f5_freeform_pose_coupling_probe,561,28.049657821655273,5.7779998779296875,5.676990032196045,5.659414291381836,6.565879821777344,5.659414291381836,5.676990032196045,False,14.0,0.12066400051116943,0.11560605466365814,-0.0006775557994842529,0.001315498724579811,0.03397127985954285,0.005410624202340841,0.9994081854820251,-0.03793450817465782,-0.00539329182356596,-0.9992657899856567,0.03793445974588394,0.005392909049987793,0.9992658495903015,0.22468432784080505,0.9998639822006226,0.0,-0.016293859109282494,0.002558821812272072,0.9998160600662231,-0.0008484896970912814,-0.01896844059228897,0.0027132395189255476,0.70505291223526,0.01254348922520876,-0.014280443079769611,0.7089000344276428
gate_f5_freeform_pose_coupling_probe,562,28.09965705871582,5.7779998779296875,5.675559997558594,5.683376312255859,6.566026210784912,5.683376312255859,5.675559997558594,False,14.0,0.12004467844963074,0.11558310687541962,-0.0007071197032928467,0.001285836100578308,0.03349819406867027,0.005312872584909201,0.9994246363639832,-0.03735680505633354,-0.005376182962208986,-0.9992873668670654,0.03735675662755966,0.005376100540161133,0.9992875456809998,0.22117342054843903,0.9998681545257568,0.0,-0.016043778508901596,0.002507419092580676,0.9998213052749634,-0.0010326883057132363,-0.018678944557905197,0.0027078648563474417,0.7050487399101257,0.011639842763543129,-0.014771591871976852,0.7089094519615173
gate_f5_freeform_pose_coupling_probe,563,28.149656295776367,5.7779998779296875,5.70811128616333,5.706546783447266,6.573793888092041,5.706546783447266,5.70811128616333,False,14.0,0.11941984295845032,0.11556729674339294,-0.0007331669330596924,0.0012551918625831604,0.03301534056663513,0.005213345866650343,0.9994412660598755,-0.03679946810007095,-0.005333613604307175,-0.9993084669113159,0.03679943457245827,0.005333662033081055,0.9993083477020264,0.21850323677062988,0.9998723268508911,0.0,-0.01579088717699051,0.002455437323078513,0.9998263716697693,-0.001198766054585576,-0.01839970424771309,0.0026893308386206627,0.7050498723983765,0.0105902049690485,-0.01542238425463438,0.7089108228683472
gate_f5_freeform_pose_coupling_probe,564,28.199655532836914,5.7779998779296875,5.680736541748047,5.679790019989014,6.586606502532959,5.679790019989014,5.680736541748047,False,14.0,0.11879327893257141,0.11555420607328415,-0.0007573366165161133,0.0012256968766450882,0.03252523019909859,0.005112518556416035,0.999457836151123,-0.036242127418518066,-0.005278424825519323,-0.9993289709091187,0.03624209016561508,0.005278289318084717,0.999329149723053,0.21214210987091064,0.9998764395713806,0.0,-0.015535390935838223,0.0024028585758060217,0.9998313188552856,-0.0013412184780463576,-0.018120547756552696,0.0026639653369784355,0.7050558924674988,0.009581385180354118,-0.016032643616199493,0.7089057564735413
gate_f5_freeform_pose_coupling_probe,565,28.24965476989746,5.7779998779296875,5.559418201446533,5.58738899230957,6.611573219299316,5.58738899230957,5.559418201446533,False,14.0,0.11813238263130188,0.11558806896209717,-0.0007974803447723389,0.001183943822979927,0.03200959414243698,0.005005837883800268,0.9994750022888184,-0.03608004376292229,-0.004958902020007372,-0.9993364810943604,0.036080002784729004,0.004958808422088623,0.9993365406990051,0.23490245640277863,0.9998805522918701,0.0,-0.015277490951120853,0.0023496653884649277,0.9998321533203125,-0.0019704878795892,-0.01803809218108654,0.00251541705802083,0.7051039338111877,0.006803632248193026,-0.018682654947042465,0.7088251113891602
gate_f5_freeform_pose_coupling_probe,566,28.299654006958008,5.7779998779296875,5.82330846786499,5.836546897888184,6.585514545440674,5.836546897888184,5.82330846786499,False,14.0,0.11746001243591309,0.11562645435333252,-0.0008325278759002686,0.0011532548815011978,0.03147951886057854,0.004896125756204128,0.9994924068450928,-0.03576904162764549,-0.004690159112215042,-0.9993489980697632,0.03576895222067833,0.004689931869506836,0.999349057674408,0.24628835916519165,0.9998846054077148,0.0,-0.01501738652586937,0.0022958428598940372,0.9998353123664856,-0.0019689248874783516,-0.017882777377963066,0.0023806814569979906,0.7051991820335388,0.006582425907254219,-0.01868484355509281,0.7087324261665344
gate_f5_freeform_pose_coupling_probe,567,28.349653244018555,5.7779998779296875,5.773814678192139,5.702993392944336,6.6336517333984375,5.702993392944336,5.773814678192139,False,14.0,0.11674994230270386,0.11568926274776459,-0.0008524656295776367,0.0011117830872535706,0.030917279422283173,0.004779280629009008,0.9995105266571045,-0.03549380227923393,-0.004364178981631994,-0.9993604421615601,0.035493724048137665,0.004364073276519775,0.9993604421615601,0.2624426484107971,0.9998885989189148,0.0,-0.01475527323782444,0.0022413774859160185,0.9998392462730408,-0.0012966118520125747,-0.01774689555168152,0.0022054549772292376,0.7053776383399963,0.008950326591730118,-0.016135530546307564,0.7085915803909302
gate_f5_freeform_pose_coupling_probe,568,28.3996524810791,5.7779998779296875,5.6354851722717285,5.758918762207031,6.568315505981445,5.758918762207031,5.6354851722717285,False,14.0,0.11610794067382812,0.11568447947502136,-0.0008543729782104492,0.0011516548693180084,0.03039362095296383,0.004671144764870405,0.999527096748352,-0.03483859449625015,-0.004352019168436527,-0.9993835687637329,0.03483850881457329,0.0043520331382751465,0.9993835091590881,0.25487783551216125,0.9998925924301147,0.0,-0.01449134573340416,0.0021862576249986887,0.9998454451560974,-0.00093531992752105,-0.017419937998056412,0.002192641608417034,0.7054156064987183,0.010040088556706905,-0.01458822749555111,0.7085726857185364
gate_f5_freeform_pose_coupling_probe,569,28.44965171813965,5.7779998779296875,4.797708988189697,5.275737762451172,6.609614372253418,5.275737762451172,4.797708988189697,False,14.0,0.1154542863368988,0.11568751931190491,-0.0008558332920074463,0.00112205371260643,0.029857229441404343,0.004559866618365049,0.9995437860488892,-0.034349534660577774,-0.004224705509841442,-0.9994009733200073,0.03434948995709419,0.004224717617034912,0.9994009733200073,0.2579303979873657,0.9998965263366699,0.0,-0.01422579400241375,0.002130473032593727,0.9998499751091003,-0.0007252197829075158,-0.01717580296099186,0.0021251277066767216,0.7054826617240906,0.01080145500600338,-0.013485224917531013,0.7085165977478027
gate_f5_freeform_pose_coupling_probe,570,28.499650955200195,5.7779998779296875,6.047281265258789,5.897029399871826,6.656587600708008,5.897029399871826,6.047281265258789,False,14.0,0.11477461457252502,0.11571354418992996,-0.000922471284866333,0.000966956838965416,0.029299043118953705,0.004443201702088118,0.9995608329772949,-0.03407600149512291,-0.003951350226998329,-0.9994111061096191,0.03407590463757515,0.0039514899253845215,0.9994113445281982,0.276245653629303,0.9999004006385803,0.0,-0.013958804309368134,0.002074015559628606,0.9998524785041809,-0.0007465629023499787,-0.01703902892768383,0.0019886891823261976,0.7055841684341431,0.010856648907065392,-0.013237463310360909,0.7084192037582397
gate_f5_freeform_pose_coupling_probe,571,28.549650192260742,5.7779998779296875,5.611542701721191,5.70294189453125,6.624095916748047,5.70294189453125,5.611542701721191,False,14.0,0.114145427942276,0.11568358540534973,-0.0009607970714569092,0.0010006818920373917,0.028769316151738167,0.004332667216658592,0.9995766878128052,-0.03346266597509384,-0.004046726506203413,-0.9994317293167114,0.033462636172771454,0.0040468573570251465,0.9994317293167114,0.2705196738243103,0.9999042749404907,0.0,-0.01369056012481451,0.002016878454014659,0.9998576641082764,-0.0007203972199931741,-0.016732249408960342,0.0020357067696750164,0.7055633664131165,0.011135794222354889,-0.012526399455964565,0.708448588848114
gate_f5_freeform_pose_coupling_probe,572,28.59964942932129,5.7779998779296875,5.809723854064941,5.776910781860352,6.6522321701049805,5.776910781860352,5.809723854064941,False,14.0,0.11351633071899414,0.11565861105918884,-0.0009725391864776611,0.0009690336883068085,0.028237326070666313,0.004220889415591955,0.9995923638343811,-0.0328400693833828,-0.004083911422640085,-0.9994519948959351,0.032840028405189514,0.004083752632141113,0.9994522333145142,0.2639295756816864,0.9999080300331116,0.0,-0.01342124305665493,0.001959057291969657,0.9998627305030823,-0.0007094688480719924,-0.01642083190381527,0.002053887816146016,0.7055616974830627,0.011356991715729237,-0.011866552755236626,0.7084580659866333
gate_f5_freeform_pose_coupling_probe,573,28.649648666381836,5.7779998779296875,5.928834915161133,5.8586554527282715,6.6661529541015625,5.8586554527282715,5.928834915161133,False,14.0,0.11285287141799927,0.1156882494688034,-0.0010088086128234863,0.0009042471647262573,0.027683287858963013,0.0041028945706784725,0.9996083378791809,-0.03245970606803894,-0.0037437882274389267,-0.9994659423828125,0.03245963901281357,0.0037437081336975098,0.999466061592102,0.27339765429496765,0.9999117255210876,0.0,-0.013151027262210846,0.001900548581033945,0.9998661875724792,-0.000777067500166595,-0.016230560839176178,0.001884758472442627,0.7056764960289001,0.010752524249255657,-0.01220024935901165,0.7083475589752197
gate_f5_freeform_pose_coupling_probe,574,28.699647903442383,5.7779998779296875,5.741962909698486,5.756778717041016,6.666525840759277,5.756778717041016,5.741962909698486,False,14.0,0.11223676800727844,0.11568212509155273,-0.0010307729244232178,0.0009019840508699417,0.027160432189702988,0.003991170786321163,0.9996231198310852,-0.03180081769824028,-0.0036894194781780243,-0.9994872808456421,0.031800754368305206,0.003689289093017578,0.9994873404502869,0.2676107883453369,0.999915361404419,0.0,-0.012880085036158562,0.0018413510406389832,0.9998714923858643,-0.0008135702810250223,-0.01590094156563282,0.0018578850431367755,0.7057011723518372,0.010604523122310638,-0.011882521212100983,0.708330512046814
gate_f5_freeform_pose_coupling_probe,575,28.74964714050293,5.7779998779296875,5.748987197875977,5.7739386558532715,6.6561431884765625,5.7739386558532715,5.748987197875977,False,14.0,0.11164745688438416,0.1156131774187088,-0.0010348260402679443,0.0009084288030862808,0.02664685808122158,0.0038813927676528692,0.9996373653411865,-0.030950207263231277,-0.0038810523692518473,-0.9995133876800537,0.030950162559747696,0.0038809776306152344,0.9995134472846985,0.2454925775527954,0.9999189376831055,0.0,-0.012608586810529232,0.001781465020030737,0.9998779296875,-0.0009050173684954643,-0.01547522284090519,0.0019547701813280582,0.7056406736373901,0.010451619513332844,-0.011434200219810009,0.708400547504425
gate_f5_freeform_pose_coupling_probe,576,28.799646377563477,5.7779998779296875,5.9104461669921875,5.785843849182129,6.69990348815918,5.785843849182129,5.9104461669921875,False,14.0,0.11100113391876221,0.11560843884944916,-0.001045912504196167,0.0008661318570375443,0.026094790548086166,0.003761437488719821,0.9996523857116699,-0.030533451586961746,-0.0036781143862754107,-0.9995272159576416,0.030533423647284508,0.0036780238151550293,0.9995270371437073,0.2541089653968811,0.9999223947525024,0.0,-0.012336693704128265,0.0017208921490237117,0.9998810887336731,-0.0011824275134131312,-0.015266344882547855,0.0018573293928056955,0.7056996822357178,0.009382721036672592,-0.012204987928271294,0.7083438634872437
gate_f5_freeform_pose_coupling_probe,577,28.849645614624023,5.7779998779296875,5.682923793792725,5.699865818023682,6.678799629211426,5.699865818023682,5.682923793792725,False,14.0,0.11035969853401184,0.11561401933431625,-0.0010578334331512451,0.000872371718287468,0.025547409430146217,0.0036412531044334173,0.9996669888496399,-0.030072906985878944,-0.003480793908238411,-0.999541163444519,0.03007279708981514,0.003480970859527588,0.9995415806770325,0.2594431936740875,0.9999258518218994,0.0,-0.01206456869840622,0.0016596360364928842,0.9998842477798462,-0.0014479828532785177,-0.015035642310976982,0.0017623722087591887,0.7057517170906067,0.008066409267485142,-0.013191645964980125,0.7082904577255249
gate_f5_freeform_pose_coupling_probe,578,28.89964485168457,5.7779998779296875,5.666116714477539,5.724339008331299,6.657203197479248,5.724339008331299,5.666116714477539,False,14.0,0.10974907875061035,0.11558225750923157,-0.0010451078414916992,0.0008990801870822906,0.02501828782260418,0.003524424508213997,0.999680757522583,-0.029353832826018333,-0.0035601744893938303,-0.9995626211166382,0.029353788122534752,0.003560185432434082,0.9995627999305725,0.24787220358848572,0.9999291896820068,0.0,-0.011792365461587906,0.0015977018047124147,0.9998894333839417,-0.0015557176666334271,-0.014675733633339405,0.0018031179206445813,0.7057188749313354,0.007301947567611933,-0.013445449061691761,0.7083267569541931
gate_f5_freeform_pose_coupling_probe,579,28.949644088745117,5.7779998779296875,5.908621788024902,5.8903117179870605,6.6466875076293945,5.8903117179870605,5.908621788024902,False,14.0,0.10912373661994934,0.11556262522935867,-0.0010339021682739258,0.0008985307067632675,0.02447807416319847,0.0034037819132208824,0.9996945858001709,-0.02875448204576969,-0.003529195673763752,-0.9995801448822021,0.028754428029060364,0.0035291314125061035,0.9995802044868469,0.2454925775527954,0.9999324679374695,0.0,-0.011520236730575562,0.0015350962057709694,0.9998935461044312,-0.0017236664425581694,-0.014375686645507812,0.001789567177183926,0.7057197690010071,0.006354826036840677,-0.01396603137254715,0.7083248496055603
gate_f5_freeform_pose_coupling_probe,580,28.999643325805664,5.7779998779296875,5.757734775543213,5.75302791595459,6.662224292755127,5.75302791595459,5.757734775543213,False,14.0,0.1084941029548645,0.11555065214633942,-0.0010214447975158691,0.0009087659418582916,0.023935193195939064,0.003281169105321169,0.9997081160545349,-0.028222547844052315,-0.0034495091531425714,-0.9995958805084229,0.02822250872850418,0.0034494996070861816,0.9995956420898438,0.24708153307437897,0.9999356269836426,0.0,-0.011248327791690826,0.0014718272723257542,0.9998970627784729,-0.00195453898049891,-0.014109300449490547,0.0017525121802464128,0.7057310938835144,0.005146622192114592,-0.014794616028666496,0.7083065509796143
gate_f5_freeform_pose_coupling_probe,581,29.04964256286621,5.7779998779296875,5.802731037139893,5.808446884155273,6.650089263916016,5.808446884155273,5.802731037139893,False,14.0,0.10786250233650208,0.11554643511772156,-0.001017242670059204,0.0009100418537855148,0.02339201048016548,0.00315705593675375,0.9997214078903198,-0.02772865630686283,-0.0033380670938640833,-0.9996098279953003,0.02772863209247589,0.0033380985260009766,0.9996100664138794,0.24628835916519165,0.9999387860298157,0.0,-0.010976782999932766,0.0014079048996791244,0.9998997449874878,-0.0023224549368023872,-0.013861766085028648,0.0017013974720612168,0.7057326436042786,0.0030813689809292555,-0.016504354774951935,0.7082793712615967
gate_f5_freeform_pose_coupling_probe,582,29.099641799926758,5.7779998779296875,5.727355003356934,5.733370780944824,6.661256790161133,5.733370780944824,5.727355003356934,False,14.0,0.10724413394927979,0.11554230749607086,-0.0010112524032592773,0.0009083561599254608,0.022860389202833176,0.003034235443919897,0.9997340440750122,-0.027156498283147812,-0.003233855590224266,-0.9996261596679688,0.027156490832567215,0.0032339096069335938,0.9996259212493896,0.24708153307437897,0.9999417662620544,0.0,-0.010705740191042423,0.0013433402637019753,0.9999029636383057,-0.00267126876860857,-0.013575149700045586,0.0016533511225134134,0.7057263851165771,0.0009184509981423616,-0.018256399780511856,0.7082486152648926
gate_f5_freeform_pose_coupling_probe,583,29.149641036987305,5.7779998779296875,5.769299507141113,5.671133518218994,6.691840171813965,5.671133518218994,5.769299507141113,False,14.0,0.10648861527442932,0.11563263833522797,-0.000999361276626587,0.0008861329406499863,0.02223074622452259,0.0028858708683401346,0.999748706817627,-0.02707206830382347,-0.0027727612759917974,-0.9996293783187866,0.02707202360033989,0.0027725696563720703,0.9996296763420105,0.2769530415534973,0.9999447464942932,0.0,-0.010435331612825394,0.0012781458208337426,0.9999056458473206,-0.001847757026553154,-0.01353470329195261,0.0014115226222202182,0.7059492468833923,0.003334509674459696,-0.015792058780789375,0.7080785036087036
gate_f5_freeform_pose_coupling_probe,584,29.19964027404785,5.7779998779296875,5.696470260620117,5.730074405670166,6.644390106201172,5.730074405670166,5.696470260620117,False,14.0,0.10582366585731506,0.11565595865249634,-0.0009939968585968018,0.00090072862803936,0.021666448563337326,0.002751875203102827,0.9997614622116089,-0.02653149701654911,-0.0025729474145919085,-0.9996446371078491,0.0265314020216465,0.002572774887084961,0.9996445775032043,0.2804633677005768,0.9999476075172424,0.0,-0.010165686719119549,0.001212335773743689,0.9999101161956787,-0.0014429439324885607,-0.013265056535601616,0.0013057318283244967,0.7060571312904358,0.004716543015092611,-0.014033264480531216,0.7080000638961792
gate_f5_freeform_pose_coupling_probe,585,29.2496395111084,5.7779998779296875,5.793349266052246,5.800069808959961,6.641900062561035,5.800069808959961,5.793349266052246,False,14.0,0.1051887571811676,0.11566184461116791,-0.0009895563125610352,0.0008965227752923965,0.02112550660967827,0.002622046275064349,0.999773383140564,-0.02591048553586006,-0.0024255698081105947,-0.9996612071990967,0.025910478085279465,0.0024254918098449707,0.9996614456176758,0.27339765429496765,0.9999503493309021,0.0,-0.009896931238472462,0.0011459252564236522,0.9999145269393921,-0.0012469389475882053,-0.012954817153513432,0.0012290438171476126,0.7061342000961304,0.00559676717966795,-0.012717388570308685,0.7079417705535889
gate_f5_freeform_pose_coupling_probe,586,29.299638748168945,5.7779998779296875,5.644785404205322,5.718707084655762,6.629863262176514,5.718707084655762,5.644785404205322,False,14.0,0.10453131794929504,0.11566885560750961,-0.0009741783142089844,0.0009247642010450363,0.020567044615745544,0.002486336277797818,0.9997853636741638,-0.02544914186000824,-0.0022816937416791916,-0.9996732473373413,0.025449059903621674,0.002281665802001953,0.9996734857559204,0.2811601758003235,0.999953031539917,0.0,-0.009629183448851109,0.001078931032679975,0.9999176859855652,-0.0011245706118643284,-0.012724319472908974,0.0011552514042705297,0.7062010169029236,0.00618827436119318,-0.011801849119365215,0.7078859806060791
gate_f5_freeform_pose_coupling_probe,587,29.349637985229492,5.7779998779296875,5.95364236831665,5.905854225158691,6.622267723083496,5.905854225158691,5.95364236831665,False,14.0,0.10389208793640137,0.1156732439994812,-0.0009568929672241211,0.0009218864142894745,0.020025260746479034,0.002353041199967265,0.9997966885566711,-0.02489878423511982,-0.0021336134523153305,-0.9996877908706665,0.02489878050982952,0.002133607864379883,0.9996876120567322,0.2811601758003235,0.9999556541442871,0.0,-0.009362558834254742,0.001011371030472219,0.9999213218688965,-0.0011220084270462394,-0.012449159286916256,0.0010808598017320037,0.7062627673149109,0.006372930482029915,-0.01122925616800785,0.7078319787979126
gate_f5_freeform_pose_coupling_probe,588,29.39963722229004,5.7779998779296875,5.6922760009765625,5.716848850250244,6.627289772033691,5.716848850250244,5.6922760009765625,False,14.0,0.10325637459754944,0.11567267775535583,-0.0009325742721557617,0.0009528249502182007,0.019487332552671432,0.0022190806921571493,0.9998076558113098,-0.02430790103971958,-0.00197733286768198,-0.9997024536132812,0.02430788427591324,0.001977264881134033,0.999702513217926,0.2769530415534973,0.9999581575393677,0.0,-0.00909716822206974,0.0009432644001208246,0.9999250769615173,-0.0010278488043695688,-0.012153832241892815,0.0010012337006628513,0.706319272518158,0.006027884781360626,-0.011156479828059673,0.7077798247337341
gate_f5_freeform_pose_coupling_probe,589,29.449636459350586,5.7779998779296875,5.705023288726807,5.658100128173828,6.651186943054199,5.658100128173828,5.705023288726807,False,14.0,0.10264644026756287,0.1156463474035263,-0.0009196102619171143,0.000933697447180748,0.018967723473906517,0.0020883302204310894,0.9998179078102112,-0.023634418845176697,-0.0019470445113256574,-0.9997186660766602,0.02363438904285431,0.0019466876983642578,0.999718964099884,0.2654082179069519,0.9999606013298035,0.0,-0.00883311778306961,0.0008746313396841288,0.9999290108680725,-0.001145676476880908,-0.011816917918622494,0.0009871306829154491,0.7063286304473877,0.005459820386022329,-0.011247614398598671,0.7077738046646118
gate_f5_freeform_pose_coupling_probe,590,29.499635696411133,5.7779998779296875,5.721539497375488,5.776811599731445,6.606725692749023,5.776811599731445,5.721539497375488,False,14.0,0.10204753279685974,0.11560246348381042,-0.0009175240993499756,0.0009468533098697662,0.01845565438270569,0.0019580486696213484,0.9998277425765991,-0.02293911948800087,-0.001981619279831648,-0.9997347593307495,0.02293902076780796,0.0019816160202026367,0.9997349977493286,0.25564441084861755,0.9999629259109497,0.0,-0.00857050996273756,0.0008054933277890086,0.9999326467514038,-0.0014502996345981956,-0.01146887056529522,0.0010075108148157597,0.7063104510307312,0.004607264418154955,-0.011607011780142784,0.7077921032905579
gate_f5_freeform_pose_coupling_probe,591,29.54963493347168,5.7779998779296875,5.781388282775879,5.909136772155762,6.561635971069336,5.909136772155762,5.781388282775879,False,14.0,0.10144445300102234,0.11558634042739868,-0.000906527042388916,0.0009912457317113876,0.01794825680553913,0.0018270633881911635,0.9998372197151184,-0.022295257076621056,-0.0018931386293843389,-0.9997497797012329,0.02229517512023449,0.0018931031227111816,0.9997497200965881,0.24787220358848572,0.9999651908874512,0.0,-0.0083094397559762,0.0007358727743849158,0.9999359250068665,-0.0017464865231886506,-0.011146655306220055,0.0009660986834205687,0.7063250541687012,0.0031722693238407373,-0.012584526091814041,0.7077687382698059
gate_f5_freeform_pose_coupling_probe,592,29.599634170532227,5.7779998779296875,5.520745754241943,5.6266632080078125,6.626486301422119,5.6266632080078125,5.520745754241943,False,14.0,0.10083156824111938,0.11557714641094208,-0.000891268253326416,0.0009744279086589813,0.017436685040593147,0.0016932763392105699,0.9998465180397034,-0.02172427996993065,-0.001795430900529027,-0.9997620582580566,0.021724263206124306,0.0017951726913452148,0.9997624754905701,0.24469421803951263,0.9999673962593079,0.0,-0.008050002157688141,0.0006657931371591985,0.9999386072158813,-0.0019528240663930774,-0.010861012153327465,0.000918981502763927,0.7063496112823486,0.002212293678894639,-0.013139723800122738,0.7077377438545227
gate_f5_freeform_pose_coupling_probe,593,29.649633407592773,5.7779998779296875,6.001098155975342,5.932199478149414,6.610550880432129,5.932199478149414,6.001098155975342,False,14.0,0.10019472241401672,0.11555394530296326,-0.0008949935436248779,0.0009230580180883408,0.016905004158616066,0.0015525614144280553,0.9998558759689331,-0.021109702065587044,-0.0017608231864869595,-0.9997754096984863,0.021109649911522865,0.0017609000205993652,0.999775767326355,0.2390310913324356,0.999969482421875,0.0,-0.007792282849550247,0.0005952789797447622,0.9999420046806335,-0.0019256818341091275,-0.010553727857768536,0.0009007870103232563,0.7063713669776917,0.0023063262924551964,-0.012611815705895424,0.7077254056930542
gate_f5_freeform_pose_coupling_probe,594,29.69963264465332,5.7779998779296875,5.648050308227539,5.675098419189453,6.625388145446777,5.675098419189453,5.648050308227539,False,14.0,0.09957563877105713,0.11554954946041107,-0.0008949935436248779,0.0009342208504676819,0.016395146027207375,0.0014156992547214031,0.9998645782470703,-0.020490745082497597,-0.0016358630964532495,-0.9997885227203369,0.02049070969223976,0.0016356706619262695,0.9997887015342712,0.23573395609855652,0.9999714493751526,0.0,-0.007536367513239384,0.0005243556224741042,0.9999452233314514,-0.0019569506403058767,-0.010244294069707394,0.0008380250656045973,0.706428050994873,0.0025840492453426123,-0.011897903867065907,0.7076801657676697
gate_f5_freeform_pose_coupling_probe,595,29.749631881713867,5.7779998779296875,5.795649528503418,5.807092666625977,6.607025623321533,5.807092666625977,5.795649528503418,False,14.0,0.09897610545158386,0.11554247885942459,-0.0008948743343353271,0.0009255576878786087,0.01590377278625965,0.0012821684358641505,0.9998726844787598,-0.019772881641983986,-0.001530849258415401,-0.9998033046722412,0.019772816449403763,0.0015309453010559082,0.9998031854629517,0.22468432784080505,0.9999733567237854,0.0,-0.007282334845513105,0.000453049287898466,0.9999488592147827,-0.00198809034191072,-0.009885385632514954,0.0007851178525015712,0.7064800262451172,0.0029990477487444878,-0.010976803489029408,0.7076414227485657
gate_f5_freeform_pose_coupling_probe,596,29.799631118774414,5.7779998779296875,5.579301834106445,5.553001403808594,6.658960342407227,5.553001403808594,5.579301834106445,False,14.0,0.0982261598110199,0.11562258750200272,-0.0008975863456726074,0.0009063277393579483,0.015313453041017056,0.0011188308708369732,0.9998821020126343,-0.01979091949760914,-0.0010599609231576324,-0.9998034238815308,0.01979081518948078,0.0010599493980407715,0.9998036026954651,0.2564086616039276,0.9999752044677734,0.0,-0.0070302607491612434,0.0003813870425801724,0.9999497532844543,-0.0014892336912453175,-0.009895145893096924,0.0005447440198622644,0.7066614031791687,0.004007742274552584,-0.009983871132135391,0.7074701189994812
gate_f5_freeform_pose_coupling_probe,597,29.84963035583496,5.7779998779296875,5.860958576202393,5.876664161682129,6.591645240783691,5.876664161682129,5.860958576202393,False,14.0,0.09753149747848511,0.11566011607646942,-0.000902026891708374,0.0009123645722866058,0.014763178303837776,0.0009647395927459002,0.9998905658721924,-0.019476711750030518,-0.0007911202847026289,-0.999809980392456,0.01947665959596634,0.0007908940315246582,0.999809980392456,0.2705196738243103,0.9999769926071167,0.0,-0.006780215073376894,0.00030939668067730963,0.9999517798423767,-0.0012048780918121338,-0.009738334454596043,0.0004073132877238095,0.7067651152610779,0.0044103218242526054,-0.009360367432236671,0.7073726058006287
gate_f5_freeform_pose_coupling_probe,598,29.899629592895508,5.7779998779296875,5.818197250366211,5.7795634269714355,6.621203422546387,5.7795634269714355,5.818197250366211,False,14.0,0.09687229990959167,0.115659698843956,-0.0008932948112487793,0.0009109862148761749,0.014237193390727043,0.0008157395059242845,0.9998983144760132,-0.019021350890398026,-0.0006484899204224348,-0.9998188018798828,0.01902136206626892,0.0006483197212219238,0.9998189210891724,0.27411243319511414,0.9999786615371704,0.0,-0.006532265804708004,0.00023710672394372523,0.9999541640281677,-0.001046491670422256,-0.009510761126875877,0.00033421319676563144,0.706819474697113,0.004389873240143061,-0.009059282019734383,0.707322359085083
gate_f5_freeform_pose_coupling_probe,599,29.949628829956055,5.7779998779296875,5.727275371551514,5.784327507019043,6.591311454772949,5.784327507019043,5.727275371551514,False,14.0,0.09622785449028015,0.11565762013196945,-0.0008800625801086426,0.0009347181767225266,0.013726778328418732,0.000669253699015826,0.9999055862426758,-0.018496248871088028,-0.0005244963685981929,-0.9998286962509155,0.018496163189411163,0.0005244612693786621,0.9998287558555603,0.27339765429496765,0.9999802112579346,0.0,-0.006286475341767073,0.00016454634896945208,0.9999567866325378,-0.0008835667395032942,-0.009248284623026848,0.0002704313665162772,0.7068771123886108,0.0051710279658436775,-0.00790755171328783,0.7072732448577881
gate_f5_freeform_pose_coupling_probe,600,29.9996280670166,5.7779998779296875,6.003317356109619,5.904611587524414,6.600606918334961,5.904611587524414,6.003317356109619,False,14.0,0.09557893872261047,0.11565695703029633,-0.0008668303489685059,0.0009300969541072845,0.013217471539974213,0.0005211723037064075,0.9999125003814697,-0.01802084408700466,-0.00037475908175110817,-0.9998373985290527,0.018020812422037125,0.0003745555877685547,0.9998375773429871,0.2755363881587982,0.9999817609786987,0.0,-0.006042902357876301,9.174533624900505e-05,0.9999590516090393,-0.0007526873960159719,-0.009010644629597664,0.00019416968279983848,0.7069405913352966,0.005835911259055138,-0.006907040718942881,0.7072151899337769
gate_f5_freeform_pose_coupling_probe,601,30.04962730407715,5.7779998779296875,5.755951404571533,5.732596397399902,6.610607624053955,5.732596397399902,5.755951404571533,False,14.0,0.09492999315261841,0.11566555500030518,-0.0008521378040313721,0.0009393747895956039,0.012714743614196777,0.0003730588941834867,0.9999191164970398,-0.017597045749425888,-0.00018399942200630903,-0.9998452663421631,0.01759698987007141,0.00018411874771118164,0.9998450875282288,0.2804633677005768,0.9999831914901733,0.0,-0.005801602266728878,1.873402106866706e-05,0.9999610185623169,-0.0007545309490524232,-0.008798791095614433,9.86425147857517e-05,0.7070070505142212,0.005445380695164204,-0.006997901946306229,0.7071508765220642
gate_f5_freeform_pose_coupling_probe,602,30.099626541137695,5.7779998779296875,5.781213283538818,5.738584995269775,6.608581066131592,5.738584995269775,5.781213283538818,False,14.0,0.09431266784667969,0.11564561724662781,-0.0008427798748016357,0.0009342804551124573,0.01223432831466198,0.00022989472199697047,0.9999251365661621,-0.017017599195241928,-0.00011436291242716834,-0.9998551607131958,0.017017468810081482,0.00011426210403442383,0.9998552203178406,0.27411243319511414,0.9999845027923584,0.0,-0.005562626291066408,-5.445677015813999e-05,0.9999633431434631,-0.0009417066466994584,-0.008509050123393536,6.519687303807586e-05,0.707026481628418,0.004522963892668486,-0.007510440424084663,0.7071327567100525
gate_f5_freeform_pose_coupling_probe,603,30.149625778198242,5.7779998779296875,5.731966018676758,5.763010025024414,6.587119102478027,5.763010025024414,5.731966018676758,False,14.0,0.09370541572570801,0.11560793220996857,-0.0008374154567718506,0.000945044681429863,0.011761724017560482,8.740088378544897e-05,0.9999307990074158,-0.016403939574956894,-0.00010679707338567823,-0.9998652935028076,0.01640387997031212,0.0001068115234375,0.9998654127120972,0.2668786346912384,0.9999858140945435,0.0,-0.005326021928340197,-0.0001277957489946857,0.9999656081199646,-0.0011911700712516904,-0.008202176541090012,6.317089719232172e-05,0.7070217132568359,0.003421465866267681,-0.00817789975553751,0.7071362733840942
gate_f5_freeform_pose_coupling_probe,604,30.19962501525879,5.7779998779296875,5.82147741317749,5.792848587036133,6.5976243019104,5.792848587036133,5.82147741317749,False,14.0,0.09308218955993652,0.11558814346790314,-0.0008325576782226562,0.0009314436465501785,0.011285416781902313,-5.807483466924168e-05,0.9999363422393799,-0.015857325866818428,-3.0334833354572766e-05,-0.9998737573623657,0.015857335180044174,3.0100345611572266e-05,0.9998742938041687,0.2616960108280182,0.999987006187439,0.0,-0.005091832485049963,-0.00020125122682657093,0.9999675750732422,-0.0013252361677587032,-0.007928885519504547,2.567589581303764e-05,0.7070466876029968,0.0028501171618700027,-0.008362896740436554,0.7071117162704468
gate_f5_freeform_pose_coupling_probe,605,30.249624252319336,5.7779998779296875,5.66989803314209,5.712231636047363,6.594095230102539,5.712231636047363,5.66989803314209,False,14.0,0.09245604276657104,0.11557387560606003,-0.0008293390274047852,0.0009333416819572449,0.010812749154865742,-0.0002042365522356704,0.9999415278434753,-0.01532598678022623,6.265831325436011e-05,-0.9998825788497925,0.0153259402140975,-6.258487701416016e-05,0.9998825192451477,0.2594431936740875,0.9999881386756897,0.0,-0.004860099405050278,-0.00027479114942252636,0.9999696016311646,-0.0014363426016643643,-0.00766325555741787,-2.0322713680798188e-05,0.707076907157898,0.0022613676264882088,-0.008576116524636745,0.7070810198783875
gate_f5_freeform_pose_coupling_probe,606,30.299623489379883,5.7779998779296875,5.793420791625977,5.794321537017822,6.589205741882324,5.794321537017822,5.793420791625977,False,14.0,0.09183254837989807,0.1155623197555542,-0.0008298754692077637,0.0009223520755767822,0.010347348637878895,-0.00034990280983038247,0.9999464154243469,-0.014782329089939594,0.00016039235924836248,-0.9998906850814819,0.014782283455133438,-0.00016009807586669922,0.9998906850814819,0.25487783551216125,0.9999892115592957,0.0,-0.004630859009921551,-0.00034838318242691457,0.9999714493751526,-0.00155525968875736,-0.007391482125967741,-6.870247307233512e-05,0.7071070075035095,0.0015218342887237668,-0.008931553922593594,0.7070484757423401
gate_f5_freeform_pose_coupling_probe,607,30.34962272644043,5.7779998779296875,5.507265567779541,5.719643592834473,6.5568742752075195,5.719643592834473,5.507265567779541,False,14.0,0.09116584062576294,0.11559190601110458,-0.0008270740509033203,0.0009461827576160431,0.009864685125648975,-0.0005029007443226874,0.9999512434005737,-0.014445752836763859,0.00041666312608867884,-0.9998958110809326,0.014445671811699867,-0.00041675567626953125,0.9998956322669983,0.26094722747802734,0.9999902248382568,0.0,-0.004404145292937756,-0.0004219947732053697,0.9999729990959167,-0.0013888252433389425,-0.00722334673628211,-0.0001983049587579444,0.7072009444236755,0.0015431813662871718,-0.008673073723912239,0.7069577574729919
gate_f5_freeform_pose_coupling_probe,608,30.399621963500977,5.7779998779296875,5.969907760620117,5.914807319641113,6.582601070404053,5.914807319641113,5.969907760620117,False,14.0,0.09049758315086365,0.11563564836978912,-0.0008228123188018799,0.0009119585156440735,0.009389709681272507,-0.0006552613922394812,0.9999557137489319,-0.014076801016926765,0.0007107732235454023,-0.9999008178710938,0.014076709747314453,-0.0007108449935913086,0.9999006390571594,0.26834094524383545,0.9999911189079285,0.0,-0.00417998805642128,-0.0004955930635333061,0.9999746084213257,-0.0011025838321074843,-0.007038962561637163,-0.00034763436997309327,0.7073138356208801,0.00204509892500937,-0.00791088491678238,0.7068524360656738
gate_f5_freeform_pose_coupling_probe,609,30.449621200561523,5.7779998779296875,5.749669551849365,5.645873069763184,6.643321990966797,5.645873069763184,5.749669551849365,False,14.0,0.0898461639881134,0.11564651131629944,-0.0008334219455718994,0.000876251608133316,0.008924703113734722,-0.0008061165572144091,0.9999598264694214,-0.013662024401128292,0.0008874594350345433,-0.9999058246612549,0.013661924749612808,-0.0008875131607055664,0.9999064207077026,0.26979541778564453,0.9999920129776001,0.0,-0.0039584157057106495,-0.0005691450787708163,0.9999760389328003,-0.0009097753209061921,-0.0068315742537379265,-0.0004375249845907092,0.7073827385902405,0.0023532758932560682,-0.00730952899903059,0.7067890763282776
gate_f5_freeform_pose_coupling_probe,610,30.49962043762207,5.7779998779296875,5.959723949432373,5.863346099853516,6.592841148376465,5.863346099853516,5.959723949432373,False,14.0,0.08921241760253906,0.11565499752759933,-0.0008422434329986572,0.0008809175342321396,0.008477000519633293,-0.0009530085953883827,0.999963641166687,-0.013142977841198444,0.0010534427128732204,-0.9999128580093384,0.01314286794513464,-0.001053452491760254,0.9999131560325623,0.26614439487457275,0.9999927878379822,0.0,-0.0037394515238702297,-0.0006426178151741624,0.9999778270721436,-0.000890685070771724,-0.006572098471224308,-0.0005208792281337082,0.7074456214904785,0.002406573621556163,-0.006889353971928358,0.7067301273345947
gate_f5_freeform_pose_coupling_probe,611,30.549619674682617,5.7779998779296875,5.68575382232666,5.7015204429626465,6.5987396240234375,5.7015204429626465,5.68575382232666,False,14.0,0.08859062194824219,0.11567088961601257,-0.0008335709571838379,0.0008988790214061737,0.008044512942433357,-0.0010964433895424008,0.9999670386314392,-0.012641968205571175,0.0012535923160612583,-0.9999191761016846,0.01264195702970028,-0.0012538433074951172,0.9999194145202637,0.2624426484107971,0.9999935626983643,0.0,-0.0035231176298111677,-0.0007159780361689627,0.9999793171882629,-0.0009827053872868419,-0.006321724969893694,-0.0006205966346897185,0.7075181007385254,0.002231492893770337,-0.006710663437843323,0.7066599130630493
gate_f5_freeform_pose_coupling_probe,612,30.599618911743164,5.7779998779296875,5.574559688568115,5.534931182861328,6.650217533111572,5.534931182861328,5.574559688568115,False,14.0,0.08794742822647095,0.11566999554634094,-0.0008417069911956787,0.0008523296564817429,0.007598384749144316,-0.0012460323050618172,0.9999703764915466,-0.01221985463052988,0.0014005157863721251,-0.9999244213104248,0.012219816446304321,-0.0014007091522216797,0.9999244213104248,0.2639295756816864,0.9999942183494568,0.0,-0.0033094321843236685,-0.0007891926798038185,0.9999807476997375,-0.0008569436031393707,-0.006110640708357096,-0.0006950348033569753,0.7075765132904053,0.0026597713585942984,-0.005983409937471151,0.7066064476966858
gate_f5_freeform_pose_coupling_probe,613,30.64961814880371,5.7779998779296875,5.716928005218506,5.7662353515625,6.594488620758057,5.7662353515625,5.716928005218506,False,14.0,0.08730313181877136,0.11566577106714249,-0.0008635520935058594,0.0008391048759222031,0.007156146690249443,-0.0013959562638774514,0.9999734163284302,-0.011755486018955708,0.0015260620275512338,-0.9999297857284546,0.01175541803240776,-0.0015261173248291016,0.9999298453330994,0.2624426484107971,0.9999948143959045,0.0,-0.0030984117183834314,-0.000862228509504348,0.9999821782112122,-0.0007362739415839314,-0.005878406576812267,-0.000758716429118067,0.7076266407966614,0.003058693604543805,-0.00525545421987772,0.7065604329109192
gate_f5_freeform_pose_coupling_probe,614,30.699617385864258,5.7779998779296875,5.768560886383057,5.744034767150879,6.620493412017822,5.744034767150879,5.768560886383057,False,14.0,0.08666250109672546,0.11566776037216187,-0.0008744299411773682,0.0008177515119314194,0.0067232875153422356,-0.001544251455925405,0.9999762177467346,-0.011317181400954723,0.0016824216581881046,-0.9999346733093262,0.011317129246890545,-0.001682281494140625,0.9999344944953918,0.2631871700286865,0.9999954104423523,0.0,-0.0028900690376758575,-0.0009350525215268135,0.9999834299087524,-0.0006775713991373777,-0.005659251473844051,-0.0008373901364393532,0.7076852321624756,0.0032312129624187946,-0.004772629123181105,0.7065042853355408
gate_f5_freeform_pose_coupling_probe,615,30.749616622924805,5.7779998779296875,5.784267902374268,5.778362274169922,6.611221790313721,5.778362274169922,5.784267902374268,False,14.0,0.08602741360664368,0.11567062884569168,-0.0008828938007354736,0.0008119307458400726,0.006299753673374653,-0.0016908484976738691,0.9999787211418152,-0.010863397270441055,0.0018358889501541853,-0.9999392032623291,0.010863362811505795,-0.0018360614776611328,0.9999393224716187,0.2616960108280182,0.9999958872795105,0.0,-0.002684415318071842,-0.001007631653919816,0.9999845623970032,-0.0006723037804476917,-0.005432397127151489,-0.0009143063216470182,0.7077407836914062,0.0030982436146587133,-0.004584790673106909,0.7064505815505981
gate_f5_freeform_pose_coupling_probe,616,30.79961585998535,5.7779998779296875,5.753414630889893,5.74852180480957,6.617549419403076,5.74852180480957,5.753414630889893,False,14.0,0.08539393544197083,0.11567376554012299,-0.0008858740329742432,0.0008043162524700165,0.005882713478058577,-0.0018366450676694512,0.9999809861183167,-0.010416457429528236,0.001988423988223076,-0.9999434947967529,0.010416403412818909,-0.001988530158996582,0.9999438524246216,0.2594431936740875,0.9999963641166687,0.0,-0.002481458941474557,-0.0010799330193549395,0.9999856352806091,-0.0006865819450467825,-0.005208984017372131,-0.0009906498016789556,0.7077947854995728,0.002804112620651722,-0.004563243594020605,0.7063978314399719
gate_f5_freeform_pose_coupling_probe,617,30.8496150970459,5.7779998779296875,6.07705020904541,6.032806396484375,6.5740861892700195,6.032806396484375,6.07705020904541,False,14.0,0.08478471636772156,0.11563974618911743,-0.0008784234523773193,0.0008148811757564545,0.005478211212903261,-0.001979733817279339,0.999983012676239,-0.009850254282355309,0.0019887518137693405,-0.9999494552612305,0.009850150905549526,-0.0019887685775756836,0.9999496340751648,0.24944600462913513,0.9999967217445374,0.0,-0.0022812059614807367,-0.0011519240215420723,0.9999869465827942,-0.0009081530733965337,-0.004926090594381094,-0.0009899152209982276,0.7077938318252563,0.0022483039647340775,-0.00471933837980032,0.7063997983932495
gate_f5_freeform_pose_coupling_probe,618,30.899614334106445,5.7779998779296875,5.75124979019165,5.713499069213867,6.618870735168457,5.713499069213867,5.75124979019165,False,14.0,0.08416911959648132,0.11560125648975372,-0.0008597075939178467,0.0008313748985528946,0.00507365632802248,-0.002124316291883588,0.999984860420227,-0.009373980574309826,0.001993264304473996,-0.9999539852142334,0.009373920038342476,-0.0019932985305786133,0.9999539852142334,0.24787220358848572,0.999997079372406,0.0,-0.0020836610347032547,-0.0012235721806064248,0.9999879002571106,-0.0010875241132453084,-0.004688125569373369,-0.0009915457339957356,0.7077959179878235,0.001986009068787098,-0.004645068664103746,0.7063988447189331
gate_f5_freeform_pose_coupling_probe,619,30.949613571166992,5.7779998779296875,5.696104526519775,5.749330043792725,6.5837507247924805,5.749330043792725,5.696104526519775,False,14.0,0.08353817462921143,0.11557821184396744,-0.000843346118927002,0.000858774408698082,0.004668130073696375,-0.0022705344017595053,0.9999865293502808,-0.008987776935100555,0.002047247951850295,-0.9999572038650513,0.008987721055746078,-0.002047300338745117,0.9999575614929199,0.24708153307437897,0.9999973773956299,0.0,-0.0018888255581259727,-0.0012948453659191728,0.9999884366989136,-0.0013124048709869385,-0.004495276138186455,-0.0010177361546084285,0.7078085541725159,0.0008214651606976986,-0.00553867407143116,0.706382155418396
gate_f5_freeform_pose_coupling_probe,620,30.99961280822754,5.7779998779296875,5.524707794189453,5.693158149719238,6.579128265380859,5.693158149719238,5.524707794189453,False,14.0,0.08287563920021057,0.11558966338634491,-0.0008324384689331055,0.0008566156029701233,0.004256231244653463,-0.002420085482299328,0.9999880194664001,-0.008741387166082859,0.0022538811899721622,-0.999958872795105,0.008741321973502636,-0.0022537708282470703,0.9999591708183289,0.2579303979873657,0.999997615814209,0.0,-0.0016966998809948564,-0.0013657115632668138,0.999988853931427,-0.0013041464844718575,-0.004372204653918743,-0.0011212510289624333,0.7078795433044434,0.0004034188750665635,-0.005783711094409227,0.7063093185424805
gate_f5_freeform_pose_coupling_probe,621,31.049612045288086,5.7779998779296875,5.9335126876831055,5.885220050811768,6.5900726318359375,5.885220050811768,5.9335126876831055,False,14.0,0.08218732476234436,0.1156386062502861,-0.0008335411548614502,0.0008206609636545181,0.003842920297756791,-0.0025709993205964565,0.9999893307685852,-0.008539042435586452,0.0025830166414380074,-0.99996018409729,0.00853894092142582,-0.0025829076766967773,0.9999601244926453,0.26979541778564453,0.9999978542327881,0.0,-0.0015072820242494345,-0.0014361392240971327,0.9999895691871643,-0.0009717679349705577,-0.004270817153155804,-0.0012873715022578835,0.708000659942627,0.0008959060069173574,-0.005147560965269804,0.7061923742294312
gate_f5_freeform_pose_coupling_probe,622,31.099611282348633,5.7779998779296875,5.816446781158447,5.825579643249512,6.574247360229492,5.825579643249512,5.816446781158447,False,14.0,0.0816413164138794,0.11560044437646866,-0.0008248090744018555,0.0008497387170791626,0.003502260660752654,-0.002697471296414733,0.9999902248382568,-0.007715159561485052,0.0025130410213023424,-0.9999669790267944,0.007715114392340183,-0.002512812614440918,0.9999669790267944,0.24308966100215912,0.9999979734420776,0.0,-0.001320568611845374,-0.00150609714910388,0.9999910593032837,-0.0011825778055936098,-0.003859094809740782,-0.001251967973075807,0.7079799175262451,0.000895134755410254,-0.004564912989735603,0.7062171697616577
gate_f5_freeform_pose_coupling_probe,623,31.14961051940918,5.7779998779296875,5.851537704467773,5.851808547973633,6.568295478820801,5.851808547973633,5.851537704467773,False,14.0,0.08108881115913391,0.11556096374988556,-0.0008118748664855957,0.0008696112781763077,0.0031615477055311203,-0.002825004979968071,0.9999909996986389,-0.006985718384385109,0.0024692616425454617,-0.9999723434448242,0.006985665764659643,-0.0024694204330444336,0.9999725818634033,0.2193969041109085,0.9999980926513672,0.0,-0.0011365541722625494,-0.0015755544882267714,0.9999919533729553,-0.001506752916611731,-0.0034947397653013468,-0.0012293750187382102,0.7079667448997498,0.0007248580805025995,-0.0042190863750875,0.7062328457832336
gate_f5_freeform_pose_coupling_probe,624,31.199609756469727,5.7779998779296875,5.8227081298828125,5.587291717529297,6.685594081878662,5.587291717529297,5.8227081298828125,False,14.0,0.08031788468360901,0.11561992764472961,-0.0008191466331481934,0.0007768198847770691,0.0027184556238353252,-0.002990426030009985,0.9999918341636658,-0.0071829804219305515,0.0028922315686941147,-0.9999698400497437,0.007182879373431206,-0.002892136573791504,0.9999700784683228,0.25487783551216125,0.9999982118606567,0.0,-0.0009552320698276162,-0.0016444807406514883,0.9999920725822449,-0.000882327847648412,-0.003592791734263301,-0.001442957203835249,0.7081210017204285,0.001804005354642868,-0.0032772233244031668,0.706081211566925
gate_f5_freeform_pose_coupling_probe,625,31.249608993530273,5.7779998779296875,5.815392017364502,5.638023376464844,6.66100549697876,5.638023376464844,5.815392017364502,False,14.0,0.07985925674438477,0.11562806367874146,-0.0008432269096374512,0.0007219556719064713,0.0024526268243789673,-0.0030908097978681326,0.9999921917915344,-0.005938528571277857,0.0029615075327455997,-0.9999781847000122,0.005938451737165451,-0.0029615163803100586,0.9999780058860779,0.19979195296764374,0.9999982118606567,0.0,-0.000776593922637403,-0.0017128459876403213,0.9999934434890747,-0.0014761012280359864,-0.0029714631382375956,-0.001476377248764038,0.7081465125083923,0.001148961833678186,-0.003052996238693595,0.7060580253601074
gate_f5_freeform_pose_coupling_probe,626,31.29960823059082,5.7779998779296875,5.533555030822754,5.613141059875488,6.610966682434082,5.613141059875488,5.533555030822754,False,14.0,0.07947421073913574,0.11560693383216858,-0.0008634328842163086,0.0007293429225683212,0.0022254937794059515,-0.0031775622628629208,0.9999924898147583,-0.004448304418474436,0.0029004840180277824,-0.9999856948852539,0.004448200110346079,-0.0029001235961914062,0.9999857544898987,0.1312212347984314,0.9999982118606567,0.0,-0.0006006300682201982,-0.0017806206597015262,0.999993622303009,-0.002366136759519577,-0.002227585529908538,-0.0014449803857132792,0.7081221342086792,-0.0004706325416918844,-0.0036219179164618254,0.706080436706543
gate_f5_freeform_pose_coupling_probe,627,31.349607467651367,5.7779998779296875,7.464640140533447,6.6246418952941895,6.610805511474609,6.6246418952941895,7.464640140533447,False,14.0,0.0789191722869873,0.11558730900287628,-0.0008783936500549316,0.0006967950612306595,0.0019040259066969156,-0.0033008581958711147,0.9999927282333374,-0.0037325487937778234,0.0029319811146706343,-0.9999890327453613,0.003732419805601239,-0.0029320716857910156,0.999988853931427,0.10467831790447235,0.9999982118606567,0.0,-0.00042732959263958037,-0.0018477757694199681,0.9999937415122986,-0.00264723040163517,-0.0018701539374887943,-0.0014610490761697292,0.708132803440094,-0.0010878242319449782,-0.003734104335308075,0.7060686349868774
gate_f5_freeform_pose_coupling_probe,628,31.399606704711914,5.7779998779296875,5.558714866638184,5.311068534851074,6.718265533447266,5.311068534851074,5.558714866638184,False,14.0,0.07790213823318481,0.1156376302242279,-0.0008540749549865723,0.0007641240954399109,0.0013443855568766594,-0.0035153920762240887,0.9999929070472717,-0.005083760246634483,0.0034130264539271593,-0.9999812841415405,0.005083760246634483,-0.0034128427505493164,0.9999810457229614,0.21760588884353638,0.999998152256012,0.0,-0.00025668024318292737,-0.0019142827950417995,0.9999943971633911,-0.0013640059623867273,-0.002544217277318239,-0.0017030524322763085,0.7083057165145874,0.0005292929126881063,-0.0030698152258992195,0.7058988213539124
gate_f5_freeform_pose_coupling_probe,629,31.44960594177246,5.7779998779296875,5.691202163696289,5.846213340759277,6.547740936279297,5.846213340759277,5.691202163696289,False,14.0,0.07714599370956421,0.11564378440380096,-0.0008540749549865723,0.0007908456027507782,0.0009304079576395452,-0.0036761565133929253,0.9999927878379822,-0.005184308160096407,0.0035974355414509773,-0.999980092048645,0.005184253212064505,-0.0035973787307739258,0.9999800324440002,0.24469421803951263,0.9999980330467224,0.0,-8.866879943525419e-05,-0.001980113796889782,0.9999945759773254,-0.0009388810722157359,-0.0025938544422388077,-0.0017962922574952245,0.7083703875541687,0.0004928113776259124,-0.0031778505071997643,0.7058335542678833
gate_f5_freeform_pose_coupling_probe,630,31.499605178833008,5.7779998779296875,6.030174732208252,6.009004592895508,6.55969762802124,6.009004592895508,6.030174732208252,False,14.0,0.07646986842155457,0.11565099656581879,-0.0008360147476196289,0.0007939189672470093,0.0005669944221153855,-0.0038181659765541553,0.9999925494194031,-0.0049879467114806175,0.0037697318475693464,-0.9999804496765137,0.004987902007997036,-0.0037696361541748047,0.9999803900718689,0.25487783551216125,0.9999979138374329,0.0,7.671910134376958e-05,-0.0020452416501939297,0.9999948143959045,-0.000774261134210974,-0.002495444379746914,-0.001882943557575345,0.7084327340126038,0.0007232734933495522,-0.002807648153975606,0.705772340297699
gate_f5_freeform_pose_coupling_probe,631,31.549604415893555,5.7779998779296875,5.804123401641846,5.7458367347717285,6.603748321533203,5.7458367347717285,5.804123401641846,False,14.0,0.07581844925880432,0.11565914750099182,-0.0008145272731781006,0.0007993672043085098,0.00022278177493717521,-0.0039533935487270355,0.9999921321868896,-0.0047121066600084305,0.0039391652680933475,-0.9999809265136719,0.004712083376944065,-0.003939390182495117,0.9999810457229614,0.2586878836154938,0.9999977350234985,0.0,0.00023949873866513371,-0.002109639113768935,0.9999949932098389,-0.0006863601156510413,-0.0023574158549308777,-0.0019679744727909565,0.7084943652153015,0.0010089994175359607,-0.0023255543783307076,0.705711841583252
gate_f5_freeform_pose_coupling_probe,632,31.5996036529541,5.7779998779296875,5.7597832679748535,5.793719291687012,6.577311038970947,5.793719291687012,5.7597832679748535,False,14.0,0.07523694634437561,0.11564960330724716,-0.0008158683776855469,0.0007909219712018967,-8.327863179147243e-05,-0.0040747737511992455,0.9999917149543762,-0.004225989803671837,0.004029678646475077,-0.9999829530715942,0.004225903190672398,-0.004029750823974609,0.999983012676239,0.24628835916519165,0.9999975562095642,0.0,0.0003996862506028265,-0.002173280343413353,0.9999949336051941,-0.0012649501441046596,-0.0021155509166419506,-0.0020121734123677015,0.7085201740264893,-0.0007496530888602138,-0.0037468753289431334,0.705680251121521
gate_f5_freeform_pose_coupling_probe,633,31.64960289001465,5.7779998779296875,6.378415107727051,6.0518717765808105,6.598468780517578,6.0518717765808105,6.378415107727051,False,14.0,0.074618399143219,0.11563263088464737,-0.0008153915405273438,0.0007748641073703766,-0.000405340688303113,-0.004203375894576311,0.9999910593032837,-0.0038535769563168287,0.004088868852704763,-0.9999840259552002,0.0038534945342689753,-0.004088759422302246,0.9999842047691345,0.24469421803951263,0.9999973177909851,0.0,0.0005572986556217074,-0.0022361399605870247,0.9999948143959045,-0.0015383393038064241,-0.0019299390260130167,-0.0020414760801941156,0.7085360884666443,-0.0018418838735669851,-0.004579827189445496,0.7056573033332825
gate_f5_freeform_pose_coupling_probe,634,31.699602127075195,5.7779998779296875,5.79884147644043,5.690313339233398,6.6175336837768555,5.690313339233398,5.79884147644043,False,14.0,0.07392948865890503,0.11564680933952332,-0.0008042752742767334,0.0007822401821613312,-0.0007514571771025658,-0.004341100808233023,0.9999902844429016,-0.0036931741051375866,0.0042708576656877995,-0.9999840259552002,0.003693145466968417,-0.00427091121673584,0.9999840259552002,0.25564441084861755,0.999997079372406,0.0,0.0007123536197468638,-0.002298192586749792,0.9999953508377075,-0.0011527170427143574,-0.0018490548245608807,-0.0021333075128495693,0.7086029648780823,-0.0015344880521297455,-0.004158081952482462,0.705593466758728
gate_f5_freeform_pose_coupling_probe,635,31.749601364135742,5.7779998779296875,5.7224297523498535,5.731747627258301,6.58522891998291,5.731747627258301,5.7224297523498535,False,14.0,0.07327845692634583,0.11565414071083069,-0.0008029043674468994,0.0007835887372493744,-0.0010741993319243193,-0.004470255225896835,0.9999894499778748,-0.0033831677865236998,0.004412543959915638,-0.9999841451644897,0.003383125178515911,-0.004412412643432617,0.9999843835830688,0.2571706473827362,0.9999968409538269,0.0,0.000864869449287653,-0.002359414240345359,0.9999955892562866,-0.0009591957787051797,-0.001693706028163433,-0.0022046570666134357,0.7086564302444458,-0.001105860690586269,-0.003508268389850855,0.7055440545082092
gate_f5_freeform_pose_coupling_probe,636,31.79960060119629,5.7779998779296875,5.787915229797363,5.788057804107666,6.580474853515625,5.788057804107666,5.787915229797363,False,14.0,0.07263806462287903,0.1156596839427948,-0.0008025467395782471,0.0007753223180770874,-0.0013867440866306424,-0.004595832899212837,0.9999884963035583,-0.0030485880561172962,0.004548529628664255,-0.9999849796295166,0.003048573387786746,-0.004548788070678711,0.9999850392341614,0.2533377707004547,0.999996542930603,0.0,0.0010148652363568544,-0.0024197816383093596,0.9999958872795105,-0.0008425899432040751,-0.0015262154629454017,-0.0022729882039129734,0.7087073922157288,-0.000701017735991627,-0.0028647957369685173,0.7054964303970337
gate_f5_freeform_pose_coupling_probe,637,31.849599838256836,5.7779998779296875,5.7618632316589355,5.757289886474609,6.585235595703125,5.757289886474609,5.7618632316589355,False,14.0,0.0720013678073883,0.11566581577062607,-0.0007999837398529053,0.0007721669971942902,-0.0016922345384955406,-0.00471892673522234,0.9999874234199524,-0.002721766708418727,0.00468821357935667,-0.999984860420227,0.002721749944612384,-0.004688262939453125,0.99998539686203,0.25178831815719604,0.9999962449073792,0.0,0.0011623601894825697,-0.002479271497577429,0.9999958872795105,-0.0007972576422616839,-0.0013627569423988461,-0.002343029947951436,0.7087583541870117,-0.00046424174797721207,-0.002395516261458397,0.7054471969604492
gate_f5_freeform_pose_coupling_probe,638,31.899599075317383,5.7779998779296875,5.833049774169922,5.825313568115234,6.572875499725342,5.825313568115234,5.833049774169922,False,14.0,0.07136651873588562,0.11566796898841858,-0.0007959306240081787,0.0007726941257715225,-0.001992542063817382,-0.004840431269258261,0.9999862909317017,-0.002385851927101612,0.004812608007341623,-0.9999852180480957,0.0023857937194406986,-0.004812717437744141,0.9999856352806091,0.25022920966148376,0.9999959468841553,0.0,0.0013073745649307966,-0.002537861932069063,0.9999960064888,-0.0007866633823141456,-0.001194822951219976,-0.002405373612418771,0.7088029384613037,-0.00048510832129977643,-0.002178531838580966,0.7054030895233154
gate_f5_freeform_pose_coupling_probe,639,31.94959831237793,5.7779998779296875,5.7445292472839355,5.74668025970459,6.5793657302856445,5.74668025970459,5.7445292472839355,False,14.0,0.07073214650154114,0.11566641926765442,-0.0007865428924560547,0.0007801000028848648,-0.002288299612700939,-0.004960556514561176,0.9999850988388062,-0.002061852952465415,0.004923047032207251,-0.9999858140945435,0.002061712322756648,-0.004923105239868164,0.9999858140945435,0.24787220358848572,0.9999955892562866,0.0,0.0014499283861368895,-0.0025955315213650465,0.9999961256980896,-0.0007929973653517663,-0.0010328817879781127,-0.002460713963955641,0.7088416814804077,-0.0007698566187173128,-0.002235105959698558,0.7053636908531189
gate_f5_freeform_pose_coupling_probe,640,31.999597549438477,5.7779998779296875,5.622101783752441,5.588581085205078,6.618747711181641,5.588581085205078,5.622101783752441,False,14.0,0.07008957862854004,0.11566130071878433,-0.0007909834384918213,0.0007503554224967957,-0.002583438763394952,-0.00508086197078228,0.9999837279319763,-0.0017880139639601111,0.005020646844059229,-0.9999855756759644,0.001787963672541082,-0.005020499229431152,0.9999856352806091,0.2525642216205597,0.999995231628418,0.0,0.001590042607858777,-0.0026522597763687372,0.9999961256980896,-0.00073120032902807,-0.0008958455291576684,-0.0025096782483160496,0.7088764309883118,-0.0008361979853361845,-0.0021078716963529587,0.7053289413452148
gate_f5_freeform_pose_coupling_probe,641,32.04960632324219,5.7779998779296875,5.757284164428711,5.7893877029418945,6.573835849761963,5.7893877029418945,5.757284164428711,False,14.0,0.06944659352302551,0.11565415561199188,-0.0008054971694946289,0.0007391739636659622,-0.002874026307836175,-0.005199634935706854,0.9999823570251465,-0.0014747177483513951,0.005101182963699102,-0.9999858140945435,0.001474685617722571,-0.005101203918457031,0.999985933303833,0.2486603558063507,0.9999948143959045,0.0,0.0017277379520237446,-0.002708026207983494,0.9999962449073792,-0.0006584955845028162,-0.000739040900953114,-0.0025501144118607044,0.7089055180549622,-0.0008381625520996749,-0.0018878774717450142,0.7053004503250122
gate_f5_freeform_pose_coupling_probe,642,32.09961700439453,5.7779998779296875,5.770971298217773,5.827000141143799,6.557242393493652,5.827000141143799,5.770971298217773,False,14.0,0.06880348920822144,0.11564698815345764,-0.0007993578910827637,0.0007552579045295715,-0.0031595872715115547,-0.005316523369401693,0.9999808669090271,-0.0012020583963021636,0.005163121037185192,-0.999985933303833,0.0012019959976896644,-0.005163073539733887,0.999985933303833,0.25022920966148376,0.9999944567680359,0.0,0.0018630358390510082,-0.0027628124225884676,0.9999962449073792,-0.000679297954775393,-0.0006027848576195538,-0.0025811607483774424,0.7089274525642395,-0.0009799845283851027,-0.0018371980404481292,0.7052783370018005
gate_f5_freeform_pose_coupling_probe,643,32.149627685546875,5.7779998779296875,6.01578950881958,5.937380790710449,6.567357540130615,5.937380790710449,6.01578950881958,False,14.0,0.06815797090530396,0.11564541608095169,-0.0007897913455963135,0.0007520634680986404,-0.0034401617012917995,-0.0054311552084982395,0.9999793171882629,-0.0009560371981933713,0.0052697560749948025,-0.9999858140945435,0.0009559518657624722,-0.005269765853881836,0.9999857544898987,0.251010000705719,0.9999940395355225,0.0,0.0019959574565291405,-0.002816599328070879,0.9999962449073792,-0.0006244187825359404,-0.00047966549755074084,-0.002634588396176696,0.7089663147926331,-0.0006012199446558952,-0.0012821442214772105,0.7052409648895264
gate_f5_freeform_pose_coupling_probe,644,32.19963836669922,5.7779998779296875,5.723526954650879,5.705733299255371,6.586624622344971,5.705733299255371,5.723526954650879,False,14.0,0.06750491261482239,0.11565184593200684,-0.0007754266262054443,0.0007642470300197601,-0.003717541927471757,-0.005544011481106281,0.999977707862854,-0.0007495862082578242,0.005414261482656002,-0.9999852180480957,0.0007495032041333616,-0.005414247512817383,0.9999850392341614,0.2564086616039276,0.999993622303009,0.0,0.002126524690538645,-0.002869369462132454,0.9999961853027344,-0.0004883362562395632,-0.0003761164261959493,-0.002706957282498479,0.7090184092521667,0.0005836364580318332,5.538567347684875e-05,0.7051897048950195
gate_f5_freeform_pose_coupling_probe,645,32.24964904785156,5.7779998779296875,5.849863052368164,5.710970878601074,6.6182708740234375,5.710970878601074,5.849863052368164,False,14.0,0.06689348816871643,0.11562716215848923,-0.0007769763469696045,0.0007212664932012558,-0.003977891989052296,-0.005651819985359907,0.9999760985374451,-0.00037109822733327746,0.0054296390153467655,-0.9999853372573853,0.0003710028249770403,-0.005429625511169434,0.9999853372573853,0.24787220358848572,0.9999932050704956,0.0,0.0022547587286680937,-0.002921106293797493,0.9999961256980896,-0.0006619134801439941,-0.00018734674085862935,-0.0027147058863192797,0.7090238332748413,0.0001928578712977469,-6.9145840825513e-05,0.7051845788955688
gate_f5_freeform_pose_coupling_probe,646,32.299659729003906,5.7779998779296875,5.642404079437256,5.702279090881348,6.571380138397217,5.702279090881348,5.642404079437256,False,14.0,0.06628689169883728,0.11559503525495529,-0.0007854104042053223,0.0007393341511487961,-0.004232962615787983,-0.0057579888962209225,0.9999744892120361,2.5641982574597932e-05,0.005405234172940254,-0.9999850988388062,-2.5720219127833843e-05,-0.005405306816101074,0.9999852776527405,0.24308966100215912,0.9999927282333374,0.0,0.0023806814569979906,-0.0029717932920902967,0.9999958872795105,-0.0008861190872266889,1.042617532220902e-05,-0.0027026375755667686,0.709014892578125,-0.0007379442686215043,-0.0007237076642923057,0.7051926851272583
gate_f5_freeform_pose_coupling_probe,647,32.34967041015625,5.7779998779296875,5.785651683807373,5.717388153076172,6.605164527893066,5.717388153076172,5.785651683807373,False,14.0,0.06560215353965759,0.1156274676322937,-0.000788271427154541,0.000710219144821167,-0.004504306707531214,-0.005866373423486948,0.9999726414680481,6.72189416945912e-05,0.005637169349938631,-0.9999840259552002,-6.722717080265284e-05,-0.005637049674987793,0.9999840259552002,0.25564441084861755,0.999992311000824,0.0,0.0025043145287781954,-0.0030214153230190277,0.999995768070221,-0.0006833385559730232,3.1683535780757666e-05,-0.0028186182025820017,0.7090966105461121,-0.0007955972687341273,-0.000752423657104373,0.7051104307174683
gate_f5_freeform_pose_coupling_probe,648,32.399681091308594,5.7779998779296875,5.545157432556152,5.55258321762085,6.615666389465332,5.55258321762085,5.545157432556152,False,14.0,0.06494498252868652,0.11564646661281586,-0.0007979869842529297,0.0006946101784706116,-0.004761789925396442,-0.005969668738543987,0.9999708533287048,0.000244602735619992,0.005816259421408176,-0.9999830722808838,-0.0002445978461764753,-0.005816221237182617,0.9999829530715942,0.2594431936740875,0.9999918341636658,0.0,0.0026256798300892115,-0.0030699579510837793,0.9999955892562866,-0.0005809871945530176,0.00012061226152582094,-0.002908212598413229,0.7091598510742188,-0.000828046293463558,-0.0006594146252609789,0.7050468921661377
gate_f5_freeform_pose_coupling_probe,649,32.44969177246094,5.7779998779296875,5.717930793762207,5.77418851852417,6.574625015258789,5.77418851852417,5.717930793762207,False,14.0,0.06430256366729736,0.11565637588500977,-0.0008150339126586914,0.0006832033395767212,-0.005010202992707491,-0.00606958381831646,0.9999690055847168,0.0004924527602270246,0.005951698869466782,-0.9999822378158569,-0.0004925156245008111,-0.005951642990112305,0.9999819993972778,0.2616960108280182,0.9999913573265076,0.0,0.0027447985485196114,-0.0031174072064459324,0.9999954104423523,-0.0005455196369439363,0.00024460404529236257,-0.00297599658370018,0.7092077136039734,-0.0008451160392723978,-0.0005008590524084866,0.704998791217804
gate_f5_freeform_pose_coupling_probe,650,32.49970245361328,5.7779998779296875,5.814207553863525,5.779379844665527,6.599164962768555,5.779379844665527,5.814207553863525,False,14.0,0.06366482377052307,0.11566147208213806,-0.0008236467838287354,0.0006614197045564651,-0.0052529796957969666,-0.006167215295135975,0.9999671578407288,0.0007423099013976753,0.00606472697108984,-0.9999812841415405,-0.0007423970382660627,-0.006064772605895996,0.9999812245368958,0.2601962685585022,0.9999908804893494,0.0,0.002861692802980542,-0.003163750283420086,0.9999951720237732,-0.0005362913361750543,0.00036953037488274276,-0.0030325762927532196,0.7092476487159729,-0.0009094700217247009,-0.00038844969822093844,0.7049586176872253
gate_f5_freeform_pose_coupling_probe,651,32.549713134765625,5.7779998779296875,6.028987407684326,5.878739356994629,6.599051475524902,5.878739356994629,6.028987407684326,False,14.0,0.06303554773330688,0.11566123366355896,-0.0008275210857391357,0.0006573833525180817,-0.005488887894898653,-0.0062621100805699825,0.9999653100967407,0.001047202618792653,0.0061424109153449535,-0.9999805688858032,-0.001047202735207975,-0.0061424970626831055,0.9999805092811584,0.2564086616039276,0.9999904036521912,0.0,0.002976383315399289,-0.0032089753076434135,0.9999949932098389,-0.0005359590868465602,0.0005219577578827739,-0.00307150068692863,0.7092750668525696,-0.001059240777976811,-0.0003229986468795687,0.7049309015274048
gate_f5_freeform_pose_coupling_probe,652,32.59972381591797,5.7779998779296875,5.615447521209717,5.672451972961426,6.582550048828125,5.672451972961426,5.615447521209717,False,14.0,0.06241747736930847,0.11565166711807251,-0.0008096694946289062,0.000700734555721283,-0.0057176765985786915,-0.006354507990181446,0.9999634623527527,0.0014138317201286554,0.006178334821015596,-0.9999796152114868,-0.001413875026628375,-0.00617825984954834,0.9999799132347107,0.24628835916519165,0.999989926815033,0.0,0.003088891739025712,-0.003253070404753089,0.9999947547912598,-0.0005535453092306852,0.0007052093860693276,-0.0030895741656422615,0.7092876434326172,-0.0013917151372879744,-0.0003974773862864822,0.7049176692962646
gate_f5_freeform_pose_coupling_probe,653,32.64973449707031,5.7779998779296875,5.604381084442139,5.610053062438965,6.609469413757324,5.610053062438965,5.604381084442139,False,14.0,0.061774224042892456,0.11565300822257996,-0.0008023083209991455,0.0006746780127286911,-0.005949655547738075,-0.006446832790970802,0.9999614953994751,0.0016103991074487567,0.006274336948990822,-0.9999788999557495,-0.0016104704700410366,-0.0062743425369262695,0.9999790191650391,0.2486603558063507,0.9999894499778748,0.0,0.0031992392614483833,-0.0032960253302007914,0.9999945759773254,-0.0005583157762885094,0.0008034521015360951,-0.0031376341357827187,0.7093214988708496,-0.0015599733451381326,-0.0004274288075976074,0.7048832774162292
gate_f5_freeform_pose_coupling_probe,654,32.699745178222656,5.7779998779296875,5.740810394287109,5.7853899002075195,6.572884559631348,5.7853899002075195,5.740810394287109,False,14.0,0.061131834983825684,0.11565420031547546,-0.0008098483085632324,0.0006688572466373444,-0.0061768596060574055,-0.006536731030791998,0.9999595284461975,0.0018150580581277609,0.006363269407302141,-0.9999780654907227,-0.0018150816904380918,-0.0063631534576416016,0.9999781250953674,0.25022920966148376,0.9999889731407166,0.0,0.0033074463717639446,-0.0033378303050994873,0.9999943375587463,-0.0005810012808069587,0.0009056853014044464,-0.0031821788288652897,0.7093527913093567,-0.0017228418728336692,-0.00044628107571043074,0.7048513889312744
gate_f5_freeform_pose_coupling_probe,655,32.749755859375,5.7779998779296875,5.711239814758301,5.800902843475342,6.551632881164551,5.800902843475342,5.711239814758301,False,14.0,0.060507237911224365,0.11565253883600235,-0.0007985532283782959,0.0006982460618019104,-0.00639389781281352,-0.00662229722365737,0.9999576210975647,0.0021329964511096478,0.006428002845495939,-0.9999768733978271,-0.0021330222953110933,-0.006427884101867676,0.9999770522117615,0.24469421803951263,0.9999884963035583,0.0,0.0034135340247303247,-0.0033784762490540743,0.9999940395355225,-0.000587709539104253,0.001064615324139595,-0.003214646130800247,0.7093755602836609,-0.0019827517680823803,-0.00048239374882541597,0.7048277258872986
gate_f5_freeform_pose_coupling_probe,656,32.799766540527344,5.7779998779296875,5.868389129638672,5.839600086212158,6.572614669799805,5.839600086212158,5.868389129638672,False,14.0,0.05987548828125,0.11565239727497101,-0.000784456729888916,0.0006887558847665787,-0.006608974188566208,-0.006706352811306715,0.9999556541442871,0.0023934119381010532,0.0065050492994487286,-0.9999761581420898,-0.0023934119381010532,-0.006505131721496582,0.9999760389328003,0.2414744347333908,0.9999879598617554,0.0,0.0035175224766135216,-0.0034179550129920244,0.9999938607215881,-0.0005908525781705976,0.0011947910534217954,-0.003253250615671277,0.7094027400016785,-0.002213734667748213,-0.0005302548524923623,0.7047997117042542
gate_f5_freeform_pose_coupling_probe,657,32.84977722167969,5.7779998779296875,5.766995429992676,5.75966739654541,6.575381278991699,5.75966739654541,5.766995429992676,False,14.0,0.059240251779556274,0.11565246433019638,-0.0007744133472442627,0.0006940178573131561,-0.006820959039032459,-0.006788520608097315,0.9999536871910095,0.0026250455994158983,0.006581189576536417,-0.9999747276306152,-0.0026251166127622128,-0.006581306457519531,0.9999748468399048,0.2414744347333908,0.9999874830245972,0.0,0.003619431983679533,-0.003456258913502097,0.9999935030937195,-0.0006066710338927805,0.001310534542426467,-0.0032914113253355026,0.7094295620918274,-0.0024381813127547503,-0.0005919073009863496,0.704771876335144
gate_f5_freeform_pose_coupling_probe,658,32.89978790283203,5.7779998779296875,5.574181079864502,5.5722856521606445,6.6074066162109375,5.5722856521606445,5.574181079864502,False,14.0,0.058597564697265625,0.11565521359443665,-0.0007728934288024902,0.0006731413304805756,-0.007030804175883532,-0.006868874188512564,0.9999517202377319,0.0027936999686062336,0.006670384202152491,-0.9999736547470093,-0.0027937423437833786,-0.006670594215393066,0.9999738931655884,0.2414744347333908,0.999987006187439,0.0,0.0037192823365330696,-0.0034933816641569138,0.9999932050704956,-0.0006285747513175011,0.0013947624247521162,-0.0033360912930220366,0.709460973739624,-0.002594082383438945,-0.0006293515907600522,0.7047396898269653
gate_f5_freeform_pose_coupling_probe,659,32.949798583984375,5.7779998779296875,5.715406894683838,5.77531623840332,6.561957836151123,5.77531623840332,5.715406894683838,False,14.0,0.05795782804489136,0.11565600335597992,-0.0007834732532501221,0.0006677061319351196,-0.007235691882669926,-0.0069467416033148766,0.9999496936798096,0.002992842113599181,0.0067415195517241955,-0.9999724626541138,-0.0029929166194051504,-0.0067414045333862305,0.9999727606773376,0.24389328062534332,0.999986469745636,0.0,0.0038170930929481983,-0.003529317444190383,0.9999929070472717,-0.0006578108295798302,0.00149421370588243,-0.0033717667683959007,0.7094859480857849,-0.002739549847319722,-0.0006346033187583089,0.7047139406204224
gate_f5_freeform_pose_coupling_probe,660,32.99980926513672,5.7779998779296875,5.812889099121094,5.827998638153076,6.564081192016602,5.827998638153076,5.812889099121094,False,14.0,0.05733403563499451,0.11566145718097687,-0.0007835030555725098,0.0006638132035732269,-0.0074308933690190315,-0.007019657175987959,0.999947726726532,0.00329701229929924,0.00682878540828824,-0.9999711513519287,-0.003297052113339305,-0.006828904151916504,0.9999712705612183,0.2373882383108139,0.9999859929084778,0.0,0.003912883810698986,-0.003564060665667057,0.9999926090240479,-0.0006095553981140256,0.0016464365180581808,-0.003415421349927783,0.7095170617103577,-0.0024502265732735395,-0.00012764801795128733,0.7046840190887451
gate_f5_freeform_pose_coupling_probe,661,33.04981994628906,5.7779998779296875,5.636641025543213,5.687103271484375,6.582468032836914,5.687103271484375,5.636641025543213,False,14.0,0.05669724941253662,0.11566533148288727,-0.0007807612419128418,0.0006577689200639725,-0.007626316975802183,-0.007091961335390806,0.9999457597732544,0.003509464440867305,0.006910994183272123,-0.9999699592590332,-0.0035094383638352156,-0.006911039352416992,0.9999698996543884,0.2373882383108139,0.9999855160713196,0.0,0.004006672650575638,-0.003597607370465994,0.999992311000824,-0.0005755213205702603,0.0017527564195916057,-0.0034565324895083904,0.7095459699630737,-0.0022854036651551723,0.00018891542276833206,0.7046553492546082
gate_f5_freeform_pose_coupling_probe,662,33.099830627441406,5.7779998779296875,6.017053127288818,6.210015296936035,6.463963508605957,6.210015296936035,6.017053127288818,False,14.0,0.056098759174346924,0.11595014482736588,-0.0007905364036560059,0.0007062666118144989,-0.007775690406560898,-0.007115554995834827,0.9999444484710693,0.0033911236096173525,0.006846239790320396,-0.9999706745147705,-0.0033911187201738358,-0.006846189498901367,0.9999707937240601,0.2525642216205597,0.9999861717224121,0.0,0.003952017519623041,-0.003477271180599928,0.9999925494194031,-0.00047434127191081643,0.001693950267508626,-0.0034239490050822496,0.70952308177948,-0.002020294778048992,0.0003719616215676069,0.7046791911125183
gate_f5_freeform_pose_coupling_probe,663,33.14984130859375,5.7779998779296875,4.046192646026611,3.9909095764160156,6.848340034484863,3.9909095764160156,4.046192646026611,False,14.0,0.055897146463394165,0.11737662553787231,-0.0007720291614532471,0.0005419813096523285,-0.007683744188398123,-0.006915854290127754,0.9999465346336365,0.0034527757670730352,0.005924232769757509,-0.9999762773513794,-0.0034528193064033985,-0.005924105644226074,0.9999763369560242,0.25178831815719604,0.9999873638153076,0.0,0.0038216770626604557,-0.003262864425778389,0.9999939799308777,-0.0004191122716292739,0.0017251564422622323,-0.0029628572519868612,0.7091981172561646,-0.0022118648048490286,0.00022377027198672295,0.7050056457519531
gate_f5_freeform_pose_coupling_probe,664,33.199851989746094,5.7779998779296875,6.3725056648254395,7.410128593444824,6.2533650398254395,7.410128593444824,6.3725056648254395,False,14.0,0.05576881766319275,0.11942654848098755,-0.0008556544780731201,0.0006407797336578369,-0.007509877439588308,-0.006589118856936693,0.999950110912323,0.0031567795667797327,0.005114388652145863,-0.9999818801879883,-0.0031568179838359356,-0.005114436149597168,0.9999819397926331,0.2631871700286865,0.9999886155128479,0.0,0.003688169177621603,-0.0030271965079009533,0.9999954104423523,0.0003642443334683776,0.0015793282072991133,-0.0025566306430846453,0.7089044451713562,0.001174149219878018,0.0034180982038378716,0.7052952647209167
gate_f5_freeform_pose_coupling_probe,665,33.24986267089844,5.7779998779296875,7.574875354766846,6.73129940032959,6.664549350738525,6.73129940032959,7.574875354766846,False,14.0,0.055778294801712036,0.12203757464885712,-0.0008516609668731689,0.00046254880726337433,-0.007243100553750992,-0.006116990000009537,0.9999550580978394,0.0024752423632889986,0.005449292249977589,-0.9999818801879883,-0.002475266344845295,-0.005449414253234863,0.9999821186065674,0.2755363881587982,0.9999898672103882,0.0,0.0035506656859070063,-0.0027702755760401487,0.9999954700469971,-7.790754170855507e-05,0.0012374145444482565,-0.0027247548568993807,0.7090306878089905,-0.0013463357463479042,0.00040137453470379114,0.7051762342453003
gate_f5_freeform_pose_coupling_probe,666,33.29987335205078,5.7779998779296875,2.8684582710266113,3.6596288681030273,6.803138732910156,3.6596288681030273,2.8684582710266113,False,14.0,0.05585172772407532,0.12419047951698303,-0.0008210241794586182,0.0005357060581445694,-0.007007621228694916,-0.005689208395779133,0.9999592900276184,0.002276996849104762,0.0037710906472057104,-0.9999904632568359,-0.00227705598808825,-0.003771066665649414,0.9999902844429016,0.29208308458328247,0.9999910593032837,0.0,0.00340819638222456,-0.002492408500984311,0.999997615814209,4.326368070906028e-05,0.0011385827092453837,-0.0018855006201192737,0.7084376215934753,-0.002884386572986841,-0.0012821238487958908,0.7057663798332214
gate_f5_freeform_pose_coupling_probe,667,33.349884033203125,5.7779998779296875,4.023177146911621,4.95225715637207,6.489682197570801,4.95225715637207,4.023177146911621,False,14.0,0.05602920055389404,0.12659405171871185,-0.0008546710014343262,0.0006005857139825821,-0.006717014126479626,-0.00516876857727766,0.9999640583992004,0.0022533051669597626,0.002934022806584835,-0.999993085861206,-0.0022533813025802374,-0.002933979034423828,0.999993085861206,0.2873553931713104,0.9999922513961792,0.0,0.003259647637605667,-0.0021942085586488247,0.9999982118606567,0.0003130835830233991,0.0011271137045696378,-0.001466661226004362,0.7081408500671387,0.00028151090373285115,0.0018780612153932452,0.7060685753822327
gate_f5_freeform_pose_coupling_probe,668,33.39989471435547,5.7779998779296875,6.139922142028809,5.925554275512695,6.6107048988342285,5.925554275512695,6.139922142028809,False,14.0,0.05633091926574707,0.12916502356529236,-0.0008744597434997559,0.0005116499960422516,-0.00637010158970952,-0.004563472233712673,0.9999693036079407,0.0022359176073223352,0.002607407746836543,-0.9999938011169434,-0.002235985826700926,-0.0026074647903442383,0.999994158744812,0.26094722747802734,0.9999934434890747,0.0,0.003103758441284299,-0.001876602414995432,0.9999984502792358,0.000114745635073632,0.0011181101435795426,-0.0013035775627940893,0.7080202102661133,0.0017436189809814095,0.0033313080202788115,0.7061821818351746
gate_f5_freeform_pose_coupling_probe,669,33.44990539550781,5.7779998779296875,5.290041446685791,5.060695648193359,6.776330947875977,5.060695648193359,5.290041446685791,False,14.0,0.05649206042289734,0.13188566267490387,-0.000889211893081665,0.0004884153604507446,-0.00606767600402236,-0.0038953975308686495,0.9999740123748779,0.0011603557504713535,0.0028504810761660337,-0.9999953508377075,-0.001160463783890009,-0.0028505325317382812,0.9999954104423523,0.28599026799201965,0.9999945163726807,0.0,0.0029391120187938213,-0.0015408352483063936,0.9999987483024597,0.0004548545693978667,0.0005808267160318792,-0.001424978137947619,0.708098828792572,0.003788743633776903,0.004621288273483515,0.706088125705719
gate_f5_freeform_pose_coupling_probe,670,33.499916076660156,5.7779998779296875,7.728203773498535,7.202976703643799,6.507992744445801,7.202976703643799,7.728203773498535,False,14.0,0.056716710329055786,0.13405102491378784,-0.0009148716926574707,0.0004150364547967911,-0.0057954369112849236,-0.003325670724734664,0.9999776482582092,0.0008732976275496185,0.0010247586760669947,-0.9999988079071045,-0.0008733696304261684,-0.0010246038436889648,0.999998927116394,0.3134116232395172,0.9999954700469971,0.0,0.002764117671176791,-0.0011884754057973623,0.9999992251396179,0.0009789334144443274,0.0004371503309812397,-0.0005119518027640879,0.7074457406997681,0.005109854973852634,0.005732958670705557,0.7067258358001709
gate_f5_freeform_pose_coupling_probe,671,33.5499267578125,5.7779998779296875,6.390385150909424,5.931857109069824,6.723714828491211,5.931857109069824,6.390385150909424,False,14.0,0.05695256590843201,0.13670171797275543,-0.0009309649467468262,0.0004154592752456665,-0.005483873188495636,-0.002598095452412963,0.9999815821647644,-0.000407311599701643,0.0009883458260446787,-0.9999991655349731,0.00040724570862948895,-0.0009883642196655273,0.999999463558197,0.34942635893821716,0.9999963641166687,0.0,0.0025769821368157864,-0.0008214230765588582,0.9999992847442627,0.0010088023263961077,-0.0002031572221312672,-0.0004943782114423811,0.7074518203735352,0.0027554379776120186,0.002470055827870965,0.7067519426345825
gate_f5_freeform_pose_coupling_probe,672,33.599937438964844,5.7779998779296875,5.49299955368042,5.541274070739746,6.650266170501709,5.541274070739746,5.49299955368042,False,14.0,0.0574590265750885,0.13939562439918518,-0.0009434223175048828,0.0004731621593236923,-0.005064039491117001,-0.0018032754305750132,0.9999855756759644,-0.0006886491901241243,0.0009907896164804697,-0.9999992847442627,0.0006885966286063194,-0.0009908676147460938,0.9999992847442627,0.33279097080230713,0.999997079372406,0.0,0.0023756602313369513,-0.00044192493078298867,0.9999992847442627,0.0010422178311273456,-0.0003438081475906074,-0.0004957534838467836,0.7074386477470398,0.005579076241701841,0.0050974683836102486,0.7067343592643738
gate_f5_freeform_pose_coupling_probe,673,33.64994812011719,5.7779998779296875,5.5274739265441895,5.303143501281738,6.7616753578186035,5.303143501281738,5.5274739265441895,False,14.0,0.05797308683395386,0.1417497992515564,-0.0009459257125854492,0.0003737863153219223,-0.00466912379488349,-0.0010790025116875768,0.9999884963035583,-0.0009897141717374325,-0.00014603263116441667,-0.9999997615814209,0.0009896773844957352,0.0001456737518310547,0.9999996423721313,0.33102232217788696,0.9999976754188538,0.0,0.002157776616513729,-5.2603438234655187e-05,0.9999988675117493,0.0014555032830685377,-0.0004949629073962569,7.229597395053133e-05,0.7070187926292419,0.00788259506225586,0.007181728258728981,0.7071144580841064
gate_f5_freeform_pose_coupling_probe,674,33.69995880126953,5.7779998779296875,4.04319429397583,5.126616954803467,6.4676923751831055,5.126616954803467,4.04319429397583,False,14.0,0.05859735608100891,0.14423155784606934,-0.0009537935256958008,0.0005913805216550827,-0.004218959249556065,-0.0002887882001232356,0.9999910593032837,-0.001439625513739884,-0.0007321718148887157,-0.9999985694885254,0.0014396240003407001,0.0007318258285522461,0.9999988079071045,0.3286494016647339,0.9999980926513672,0.0,0.0019205000717192888,0.0003434880927670747,0.9999989867210388,0.0011358141200616956,-0.000720228417776525,0.00036526823532767594,0.7068281769752502,0.006314442027360201,0.005292260553687811,0.7073373794555664
gate_f5_freeform_pose_coupling_probe,675,33.749969482421875,5.7779998779296875,8.665679931640625,7.718912124633789,6.501831531524658,7.718912124633789,8.665679931640625,False,14.0,0.05942663550376892,0.14634501934051514,-0.000944674015045166,0.00042588450014591217,-0.003703640541061759,0.00041801578481681645,0.9999930262565613,-0.001032382482662797,-0.0025694931391626596,-0.9999963045120239,0.001032358966767788,0.002569437026977539,0.9999961853027344,0.2980513572692871,0.9999983310699463,0.0,0.0016603324329480529,0.0007427585660479963,0.9999980330467224,0.001447740476578474,-0.0005180512089282274,0.001283999183215201,0.7061507105827332,0.00890374556183815,0.008151897229254246,0.7079586982727051
gate_f5_freeform_pose_coupling_probe,676,33.79998016357422,5.7779998779296875,6.7811126708984375,5.481819152832031,6.9474992752075195,5.481819152832031,6.7811126708984375,False,14.0,0.05998837947845459,0.14890837669372559,-0.000938117504119873,0.000349678099155426,-0.003279781900346279,0.001257487921975553,0.9999938011169434,-0.0030820509418845177,-0.002631593495607376,-0.9999915361404419,0.003082029055804014,0.002631664276123047,0.9999918341636658,0.37272852659225464,0.9999983906745911,0.0,0.0013727478217333555,0.0011408677091822028,0.9999970197677612,0.0013251620111986995,-0.001542771002277732,0.0013137563364580274,0.7061662673950195,0.005849575158208609,0.0036577864084392786,0.7080124616622925
gate_f5_freeform_pose_coupling_probe,677,33.84999084472656,5.7779998779296875,4.466856479644775,4.344460487365723,6.8992767333984375,4.344460487365723,4.466856479644775,False,14.0,0.06057259440422058,0.15101617574691772,-0.000933527946472168,0.00028334371745586395,-0.0028797206468880177,0.0019632666371762753,0.9999939203262329,-0.005001824349164963,-0.004191888961941004,-0.9999785423278809,0.0050017437897622585,0.0041918158531188965,0.99997878074646,0.46897220611572266,0.9999982714653015,0.0,0.001051521860063076,0.0015322795370593667,0.9999923706054688,0.002124140737578273,-0.0025053720455616713,0.0020906387362629175,0.7056231498718262,0.0038181962445378304,0.00027285065152682364,0.708577036857605
gate_f5_freeform_pose_coupling_probe,678,33.900001525878906,5.7779998779296875,4.7433366775512695,5.539848327636719,6.448299407958984,5.539848327636719,4.7433366775512695,False,14.0,0.06194987893104553,0.15337330102920532,-0.0009656846523284912,0.0005676653236150742,-0.0020947156008332968,0.0027970534283667803,0.9999939203262329,-0.004272758960723877,-0.0046755471266806126,-0.9999797344207764,0.004272741265594959,0.004675328731536865,0.9999799132347107,0.38052162528038025,0.9999979138374329,0.0,0.000687347783241421,0.0019091925350949168,0.9999927282333374,0.002101762918755412,-0.0021412991918623447,0.0023332899436354637,0.7054333090782166,0.008169366978108883,0.005117141176015139,0.7087107300758362
gate_f5_freeform_pose_coupling_probe,679,33.95001220703125,5.7779998779296875,5.796600818634033,5.325146675109863,6.832529067993164,5.325146675109863,5.796600818634033,False,14.0,0.06294223666191101,0.1555004119873047,-0.0009278953075408936,0.00033142417669296265,-0.0015040754806250334,0.003531102789565921,0.9999926090240479,-0.006527862045913935,-0.0053990981541574,-0.999963641166687,0.006527794990688562,0.005399167537689209,0.99996417760849,0.4722982347011566,0.9999974370002747,0.0,0.0002643839980009943,0.0022583119571208954,0.9999882578849792,0.002307056449353695,-0.003270180197432637,0.0026920363306999207,0.7051953077316284,0.004560078028589487,-6.791535997763276e-05,0.708998441696167
gate_f5_freeform_pose_coupling_probe,680,34.000022888183594,5.7779998779296875,5.249319076538086,5.538027763366699,6.57948112487793,5.538027763366699,5.249319076538086,False,14.0,0.06419244408607483,0.1574610471725464,-0.0009332597255706787,0.00042282044887542725,-0.0007980633527040482,0.004217485897243023,0.9999907612800598,-0.008610832504928112,-0.006010169163346291,-0.9999449253082275,0.008610781282186508,0.006010174751281738,0.9999447464942932,0.5496522188186646,0.9999967217445374,0.0,-0.0002530188939999789,0.002542843110859394,0.9999822378158569,0.002823431510478258,-0.004313943441957235,0.0029929575975984335,0.7049725651741028,0.00316085503436625,-0.002928668400272727,0.7092214226722717
gate_f5_freeform_pose_coupling_probe,681,34.05003356933594,5.7779998779296875,7.776097774505615,7.739063262939453,6.34055233001709,7.739063262939453,7.776097774505615,False,14.0,0.06582894921302795,0.1587468534708023,-0.0009682774543762207,0.0005025435239076614,7.27849910617806e-05,0.00469583086669445,0.9999889731407166,-0.009048922918736935,-0.0063118645921349525,-0.99993896484375,0.00904881116002798,0.006311953067779541,0.9999390840530396,0.5230193734169006,0.9999966025352478,0.0,-0.00046489646774716675,0.0025743513833731413,0.9999805688858032,0.0028931740671396255,-0.004533642437309027,0.003142876783385873,0.7048707604408264,0.005302753299474716,-0.0011090271873399615,0.7093150019645691
gate_f5_freeform_pose_coupling_probe,682,34.10004425048828,5.7779998779296875,6.077564716339111,5.438214302062988,6.843578338623047,5.438214302062988,6.077564716339111,False,14.0,0.06725078821182251,0.1594354212284088,-0.0009605586528778076,0.0004704482853412628,0.0008218222064897418,0.004967474844306707,0.9999873042106628,-0.008270226418972015,-0.005749547388404608,-0.9999490976333618,0.008270188234746456,0.005749344825744629,0.9999493956565857,0.4284154176712036,0.9999964833259583,0.0,-0.0006282829563133419,0.00258573773317039,0.9999856948852539,0.0017784941010177135,-0.00414027227088809,0.0028674511704593897,0.7050709128379822,0.00644640950486064,0.0005783073138445616,0.7091073393821716
gate_f5_freeform_pose_coupling_probe,683,34.150054931640625,5.7779998779296875,5.218764305114746,5.443508625030518,6.630298614501953,5.443508625030518,5.218764305114746,False,14.0,0.0681416392326355,0.15969280898571014,-0.0009736716747283936,0.0005540810525417328,0.0012901835143566132,0.005079989787191153,0.9999862909317017,-0.008234829641878605,-0.005548310931771994,-0.9999504089355469,0.008234836161136627,0.005548059940338135,0.9999507069587708,0.3986039161682129,0.9999963045120239,0.0,-0.0007930839201435447,0.0025967792607843876,0.9999866485595703,0.0013714648084715009,-0.004121266771107912,0.0027685402892529964,0.7051420211791992,0.006673241034150124,0.0008295290172100067,0.7090342044830322
gate_f5_freeform_pose_coupling_probe,684,34.20006561279297,5.7779998779296875,5.201939105987549,5.598329544067383,6.609189987182617,5.598329544067383,5.201939105987549,False,14.0,0.06881466507911682,0.1597966104745865,-0.000981152057647705,0.0005217362195253372,0.0016439923783764243,0.005135577172040939,0.9999854564666748,-0.008743006736040115,-0.005430893506854773,-0.9999469518661499,0.008742988109588623,0.005431056022644043,0.9999469518661499,0.40782424807548523,0.9999961256980896,0.0,-0.0009592887945473194,0.0026074631605297327,0.9999859929084778,0.0012207577237859368,-0.004374873358756304,0.0027101440355181694,0.7051839828491211,0.005988021846860647,-0.0002099256671499461,0.70899897813797
gate_f5_freeform_pose_coupling_probe,685,34.25007629394531,5.7779998779296875,5.39039421081543,5.22299337387085,6.7996826171875,5.22299337387085,5.39039421081543,False,14.0,0.06906190514564514,0.15980668365955353,-0.0009713172912597656,0.0003487244248390198,0.001773737370967865,0.005147140473127365,0.9999851584434509,-0.01068632397800684,-0.0054435632191598415,-0.9999276399612427,0.010686317458748817,0.005443453788757324,0.9999282360076904,0.5101407170295715,0.9999959468841553,0.0,-0.001126886811107397,0.002617776161059737,0.99997878074646,0.0025071140844374895,-0.005350065883249044,0.0027084259781986475,0.7051793932914734,0.007021718192845583,-0.0005523147410713136,0.7089940309524536
gate_f5_freeform_pose_coupling_probe,686,34.300086975097656,5.7779998779296875,5.546760082244873,5.629377365112305,6.6605634689331055,5.629377365112305,5.546760082244873,False,14.0,0.06923705339431763,0.1598050594329834,-0.0009886622428894043,0.000298231840133667,0.001865606289356947,0.005152589175850153,0.9999849796295166,-0.012752893380820751,-0.005435750354081392,-0.999903678894043,0.012752808630466461,0.005435764789581299,0.9999039769172668,0.6236960887908936,0.9999957084655762,0.0,-0.0012958678416907787,0.002627705689519644,0.9999684691429138,0.0038606468588113785,-0.006387045606970787,0.002693301998078823,0.7051798105239868,0.007145510986447334,-0.0018865346210077405,0.7089900374412537
gate_f5_freeform_pose_coupling_probe,687,34.35009765625,5.7779998779296875,5.697127819061279,5.6613616943359375,6.68748664855957,5.6613616943359375,5.697127819061279,False,14.0,0.06949591636657715,0.1597997099161148,-0.0009960830211639404,0.00023304112255573273,0.0020016785711050034,0.005159647669643164,0.9999846816062927,-0.01454719714820385,-0.005415296647697687,-0.9998793601989746,0.014547115191817284,0.005415380001068115,0.9998795390129089,0.7187328934669495,0.9999954700469971,0.0,-0.0014662212925031781,0.002637237776070833,0.9999572038650513,0.005025266669690609,-0.007287333719432354,0.0026711418759077787,0.7051835060119629,0.007378117181360722,-0.002920575672760606,0.7089804410934448
gate_f5_freeform_pose_coupling_probe,688,34.400108337402344,5.7779998779296875,5.81209135055542,5.79835319519043,6.652866363525391,5.79835319519043,5.81209135055542,False,14.0,0.0697898268699646,0.15978451073169708,-0.0010015368461608887,0.00021642446517944336,0.002156442031264305,0.005164756905287504,0.9999843239784241,-0.01624366082251072,-0.005424499977380037,-0.999853253364563,0.01624363102018833,0.005424559116363525,0.9998533129692078,0.807455837726593,0.9999951720237732,0.0,-0.0016379373846575618,0.002646359382197261,0.9999444484710693,0.006141094025224447,-0.008138632401823997,0.0026624177116900682,0.7051779627799988,0.008068157359957695,-0.003430762328207493,0.708976149559021
gate_f5_freeform_pose_coupling_probe,689,34.45011901855469,5.7779998779296875,8.407953262329102,9.180110931396484,6.205418586730957,9.180110931396484,8.407953262329102,False,14.0,0.07011610269546509,0.1598973423242569,-0.0008883774280548096,0.0007176138460636139,0.0023331257980316877,0.005209460388869047,0.9999837279319763,-0.018195856362581253,-0.005050230771303177,-0.9998214244842529,0.018195806071162224,0.005050361156463623,0.9998214840888977,0.9097822904586792,0.9999948143959045,0.0,-0.0018110059900209308,0.00265505607239902,0.9999333620071411,0.006631712429225445,-0.009114881046116352,0.0024648322723805904,0.7053048610687256,0.008419830352067947,-0.0044570788741111755,0.7088399529457092
gate_f5_freeform_pose_coupling_probe,690,34.50012969970703,5.7779998779296875,5.154863357543945,5.346179008483887,6.528101921081543,5.346179008483887,5.154863357543945,False,14.0,0.0704430341720581,0.16000889241695404,-0.0007034242153167725,0.0010561104863882065,0.0025106717366725206,0.005253374110907316,0.9999830722808838,-0.020874859765172005,-0.004427783191204071,-0.9997725486755371,0.02087484486401081,0.004427969455718994,0.9997721910476685,1.0536915063858032,0.9999944567680359,0.0,-0.00198541721329093,0.0026633141096681356,0.9999173879623413,0.007174645084887743,-0.01045364048331976,0.002139067044481635,0.7055208086967468,0.009632963687181473,-0.005138499196618795,0.7086050510406494
gate_f5_freeform_pose_coupling_probe,691,34.550140380859375,5.7779998779296875,4.0918145179748535,3.2989583015441895,6.856054306030273,3.2989583015441895,4.0918145179748535,False,14.0,0.07194137573242188,0.1599881798028946,-0.0006380081176757812,0.0008210334926843643,0.0033168569207191467,0.0052913180552423,0.9999805092811584,-0.017592184245586395,-0.004656380508095026,-0.9998340606689453,0.017592139542102814,0.004656314849853516,0.9998342990875244,0.819244384765625,0.9999940991401672,0.0,-0.002161161508411169,0.002671119524165988,0.9999480843544006,0.004568431526422501,-0.008807002566754818,0.0022880746982991695,0.7054365277290344,0.006862811278551817,-0.0055802068673074245,0.7087178230285645
gate_f5_freeform_pose_coupling_probe,692,34.60015106201172,5.7779998779296875,4.791726589202881,5.776754379272461,6.315714359283447,5.776754379272461,4.791726589202881,False,14.0,0.07355424761772156,0.15990374982357025,-0.0007088780403137207,0.0009274929761886597,0.00420009670779109,0.005308995023369789,0.9999771118164062,-0.013489145785570145,-0.005272675305604935,-0.9998953342437744,0.013489089906215668,0.005272507667541504,0.9998950958251953,0.5319225192070007,0.9999936819076538,0.0,-0.002338229212909937,0.0026784574147313833,0.9999722838401794,0.0017520211404189467,-0.006749358493834734,0.0026245852932333946,0.7052178382873535,0.0039148409850895405,-0.0056191361509263515,0.7089576125144958
gate_f5_freeform_pose_coupling_probe,693,34.65016174316406,5.7779998779296875,4.4954376220703125,4.9707932472229,6.63917350769043,4.9707932472229,4.4954376220703125,False,14.0,0.07456466555595398,0.15986724197864532,-0.0007500648498535156,0.0007539838552474976,0.004762842785567045,0.005322269629687071,0.9999744892120361,-0.012246299535036087,-0.005479700397700071,-0.9999096393585205,0.012246291153132915,0.0054795145988464355,0.9999100565910339,0.4284154176712036,0.9999932050704956,0.0,-0.0025166103150695562,0.002685313578695059,0.9999770522117615,0.000854128913488239,-0.006125626154243946,0.0027346808928996325,0.7051503658294678,0.003837914438918233,-0.004819025285542011,0.7090311050415039
gate_f5_freeform_pose_coupling_probe,694,34.700172424316406,5.7779998779296875,6.024133682250977,5.9642744064331055,6.60786771774292,5.9642744064331055,6.024133682250977,False,14.0,0.07530078291893005,0.15986260771751404,-0.0008686184883117676,0.000585455447435379,0.005177576560527086,0.00533683318644762,0.9999723434448242,-0.01208563707768917,-0.0055130040273070335,-0.9999116659164429,0.012085573747754097,0.005512893199920654,0.999911904335022,0.3946572542190552,0.9999927282333374,0.0,-0.002696295967325568,0.0026916733477264643,0.999977707862854,0.0006540081230923533,-0.006044753361493349,0.0027526102494448423,0.705141544342041,0.0041902931407094,-0.004355230834335089,0.7090408802032471
gate_f5_freeform_pose_coupling_probe,695,34.75018310546875,5.7779998779296875,5.359974384307861,5.446081638336182,6.642483711242676,5.446081638336182,5.359974384307861,False,14.0,0.07596474885940552,0.1598619818687439,-0.0009040534496307373,0.0006415490061044693,0.005554746836423874,0.0053498465567827225,0.9999702572822571,-0.012277914211153984,-0.005534110590815544,-0.9999090433120728,0.012277839705348015,0.005533993244171143,0.9999094009399414,0.38461336493492126,0.9999922513961792,0.0,-0.002877275925129652,0.0026975213550031185,0.9999770522117615,0.0006226155674085021,-0.006140818819403648,0.0027632953133434057,0.7051350474357605,0.00449255621060729,-0.00419022049754858,0.709046483039856
gate_f5_freeform_pose_coupling_probe,696,34.800193786621094,5.7779998779296875,5.159555912017822,5.393688201904297,6.649471759796143,5.393688201904297,5.159555912017822,False,14.0,0.07659900188446045,0.1598479151725769,-0.000940173864364624,0.0006017591804265976,0.005917447619140148,0.005357467569410801,0.9999681115150452,-0.012638729065656662,-0.005593367386609316,-0.9999045133590698,0.012638676911592484,0.005593240261077881,0.9999045729637146,0.38461336493492126,0.9999916553497314,0.0,-0.0030595408752560616,0.0027028429321944714,0.9999758005142212,0.0007962651434354484,-0.006321740802377462,0.002791717415675521,0.7051184773445129,0.005576214287430048,-0.0033670607954263687,0.7090596556663513
gate_f5_freeform_pose_coupling_probe,697,34.85020446777344,5.7779998779296875,5.881883144378662,5.858227729797363,6.64975643157959,5.858227729797363,5.881883144378662,False,14.0,0.07719424366950989,0.15981681644916534,-0.0009948015213012695,0.0005243886262178421,0.006259926129132509,0.005358767695724964,0.999966025352478,-0.01309908926486969,-0.005696034990251064,-0.999897837638855,0.013099044561386108,0.0056958794593811035,0.9998980164527893,0.39217042922973633,0.9999910593032837,0.0,-0.0032430815044790506,0.0027076227124780416,0.9999736547470093,0.0012575743021443486,-0.006553288549184799,0.0028398509602993727,0.7050884366035461,0.007743450812995434,-0.0015367962187156081,0.7090754508972168
gate_f5_freeform_pose_coupling_probe,698,34.90021514892578,5.7779998779296875,5.92568302154541,6.003442764282227,6.591227054595947,6.003442764282227,5.92568302154541,False,14.0,0.0777488648891449,0.15977153182029724,-0.0010072886943817139,0.0005721431225538254,0.006580899003893137,0.005354780238121748,0.9999639987945557,-0.013713698834180832,-0.005847746040672064,-0.9998890161514282,0.013713657855987549,0.005847811698913574,0.9998888373374939,0.41021624207496643,0.9999904632568359,0.0,-0.0034278875682502985,0.0027118450962007046,0.9999707341194153,0.0017431589076295495,-0.006862126290798187,0.0029119965620338917,0.705035924911499,0.009054015390574932,-0.0006676266784779727,0.7091134786605835
gate_f5_freeform_pose_coupling_probe,699,34.950225830078125,5.7779998779296875,5.810412406921387,5.7149200439453125,6.6639604568481445,5.7149200439453125,5.810412406921387,False,14.0,0.07814711332321167,0.15975362062454224,-0.0009823143482208252,0.0005958396941423416,0.00681284861639142,0.005355515517294407,0.9999624490737915,-0.015128455124795437,-0.0058632418513298035,-0.9998683929443359,0.015128358267247677,0.005863308906555176,0.9998685121536255,0.4764232635498047,0.9999898076057434,0.0,-0.003613949753344059,0.0027154949493706226,0.9999637007713318,0.0026015788316726685,-0.00757207814604044,0.002912027295678854,0.7050301432609558,0.00980415940284729,-0.000919395184610039,0.7091090679168701
gate_f5_freeform_pose_coupling_probe,700,35.00023651123047,5.7779998779296875,6.630237102508545,6.393970489501953,6.576516151428223,6.393970489501953,6.630237102508545,False,14.0,0.07852894067764282,0.15977557003498077,-0.0009631514549255371,0.0006171055138111115,0.007036695256829262,0.005366478580981493,0.9999608397483826,-0.01659487374126911,-0.005748837720602751,-0.9998453855514526,0.01659485325217247,0.00574880838394165,0.9998457431793213,0.5482264161109924,0.9999890923500061,0.0,-0.003801258048042655,0.0027185564395040274,0.9999557733535767,0.0033424997236579657,-0.0083073191344738,0.0028467776719480753,0.7050703167915344,0.01056779082864523,-0.0011936848750337958,0.709057629108429
gate_f5_freeform_pose_coupling_probe,701,35.05024719238281,5.7779998779296875,5.578153610229492,5.668491363525391,6.610439300537109,5.668491363525391,5.578153610229492,False,14.0,0.07904303073883057,0.15982720255851746,-0.0009278953075408936,0.0007271692156791687,0.007339675910770893,0.0053864093497395515,0.9999585747718811,-0.017700348049402237,-0.0055519333109259605,-0.9998277425765991,0.01770033687353134,0.005551934242248535,0.9998279809951782,0.593143105506897,0.999988317489624,0.0,-0.003989802207797766,0.0027210137341171503,0.9999502897262573,0.0036445362493395805,-0.008860614150762558,0.0027438101824373007,0.7051368355751038,0.010071213357150555,-0.0024662858340889215,0.7089954614639282
gate_f5_freeform_pose_coupling_probe,702,35.100257873535156,5.7779998779296875,5.181408405303955,5.208687782287598,6.714832782745361,5.208687782287598,5.181408405303955,False,14.0,0.07980000972747803,0.1598578840494156,-0.000906139612197876,0.0006497111171483994,0.007788094691932201,0.005401871632784605,0.9999550580978394,-0.017560133710503578,-0.00546547956764698,-0.9998306035995483,0.017560120671987534,0.005465149879455566,0.9998310208320618,0.5595313310623169,0.9999875426292419,0.0,-0.004179571755230427,0.0027228512335568666,0.9999522566795349,0.003288434585556388,-0.00878937914967537,0.0027039654087275267,0.7051690220832825,0.010415928438305855,-0.002024191664531827,0.7089599370956421
gate_f5_freeform_pose_coupling_probe,703,35.1502685546875,5.7779998779296875,5.22743034362793,5.590089321136475,6.567018508911133,5.590089321136475,5.22743034362793,False,14.0,0.08081448078155518,0.1598537415266037,-0.000931084156036377,0.0007034558802843094,0.00839407742023468,0.005407728720456362,0.9999501705169678,-0.016285104677081108,-0.00552312983199954,-0.999852180480957,0.016285089775919914,0.0055228471755981445,0.999852180480957,0.45197466015815735,0.9999867677688599,0.0,-0.004370556212961674,0.0027240526396781206,0.9999605417251587,0.0022379611618816853,-0.008149012923240662,0.002743436023592949,0.705151379108429,0.011876272968947887,0.00032727685174904764,0.708957314491272
gate_f5_freeform_pose_coupling_probe,704,35.200279235839844,5.7779998779296875,6.014041900634766,5.988975524902344,6.607676982879639,5.988975524902344,6.014041900634766,False,14.0,0.08159488439559937,0.15984703600406647,-0.0009444355964660645,0.00065559521317482,0.008864483796060085,0.005409163888543844,0.9999460577964783,-0.016075074672698975,-0.005569065921008587,-0.9998553991317749,0.016075020655989647,0.005568981170654297,0.9998552799224854,0.4135417640209198,0.9999858736991882,0.0,-0.004562744405120611,0.0027246021199971437,0.9999622702598572,0.0017752668354660273,-0.008042759262025356,0.002770359395071864,0.7051341533660889,0.012563474476337433,0.0011586309410631657,0.7089616656303406
gate_f5_freeform_pose_coupling_probe,705,35.25028991699219,5.7779998779296875,5.82216215133667,5.760833740234375,6.648531913757324,5.760833740234375,5.82216215133667,False,14.0,0.0822845995426178,0.15985006093978882,-0.0009487569332122803,0.0006574168801307678,0.009283287450671196,0.005411108955740929,0.9999422430992126,-0.01625729538500309,-0.005578550510108471,-0.9998522996902466,0.01625722087919712,0.005578219890594482,0.9998524188995361,0.39909452199935913,0.9999849796295166,0.0,-0.004756125621497631,0.002724483609199524,0.9999618530273438,0.0015618244651705027,-0.008133294060826302,0.00277667841874063,0.705131471157074,0.0122450552880764,0.0007133761537261307,0.7089706063270569
gate_f5_freeform_pose_coupling_probe,706,35.30030059814453,5.7779998779296875,5.624983310699463,5.625917434692383,6.658809185028076,5.625917434692383,5.624983310699463,False,14.0,0.08294007182121277,0.1598527729511261,-0.0009578168392181396,0.0006533004343509674,0.009683890268206596,0.005411433055996895,0.9999384880065918,-0.016590489074587822,-0.005574648268520832,-0.9998465776443481,0.016590464860200882,0.005574822425842285,0.9998467564582825,0.3966355323791504,0.9999840259552002,0.0,-0.004950687754899263,0.0027236808091402054,0.9999605417251587,0.0014819101197645068,-0.008299685083329678,0.0027751342859119177,0.7051329612731934,0.012065024115145206,0.0002993261150550097,0.7089723348617554
gate_f5_freeform_pose_coupling_probe,707,35.350311279296875,5.7779998779296875,5.7413482666015625,5.785433292388916,6.628595352172852,5.785433292388916,5.7413482666015625,False,14.0,0.08357957005500793,0.15985499322414398,-0.0009722411632537842,0.0006520021706819534,0.010077143087983131,0.00541021628305316,0.9999346137046814,-0.016983486711978912,-0.005567674059420824,-0.999840259552002,0.016983427107334137,0.005567610263824463,0.9998401999473572,0.3966355323791504,0.9999830722808838,0.0,-0.005146418698132038,0.002722177654504776,0.9999589920043945,0.0014619167195633054,-0.008496143855154514,0.002771530067548156,0.7051355838775635,0.01198991946876049,-5.2462826715782285e-05,0.7089710831642151
gate_f5_freeform_pose_coupling_probe,708,35.40032196044922,5.7779998779296875,5.6593475341796875,5.761531829833984,6.613082408905029,5.761531829833984,5.6593475341796875,False,14.0,0.08421123027801514,0.15985329449176788,-0.0009689033031463623,0.0006869304925203323,0.010467912070453167,0.005406650248914957,0.9999306201934814,-0.017421750351786613,-0.0055720205418765545,-0.9998328685760498,0.0174216628074646,0.005571901798248291,0.9998327493667603,0.3981127440929413,0.9999819993972778,0.0,-0.005343305878341198,0.00271995784714818,0.9999571442604065,0.0014605286996811628,-0.00871529895812273,0.0027734001632779837,0.7051340341567993,0.012154120951890945,-0.00019824132323265076,0.7089698910713196
gate_f5_freeform_pose_coupling_probe,709,35.45033264160156,5.7779998779296875,5.794888496398926,5.8269453048706055,6.624262809753418,5.8269453048706055,5.794888496398926,False,14.0,0.08484840393066406,0.1598517894744873,-0.0009631216526031494,0.0006837304681539536,0.010864410549402237,0.005401671398431063,0.9999263882637024,-0.01784444972872734,-0.005572572350502014,-0.9998253583908081,0.01784439943730831,0.005572378635406494,0.9998253583908081,0.39909452199935913,0.9999809265136719,0.0,-0.005541335791349411,0.0027170050889253616,0.9999552965164185,0.0014407478738576174,-0.00892661977559328,0.002773549174889922,0.7051337957382202,0.012279083020985126,-0.00037209579022601247,0.708967924118042
gate_f5_freeform_pose_coupling_probe,710,35.500343322753906,5.7779998779296875,5.822007656097412,5.8072381019592285,6.634712219238281,5.8072381019592285,5.822007656097412,False,14.0,0.08548754453659058,0.15985047817230225,-0.0009621977806091309,0.0006858427077531815,0.011264444328844547,0.005395246669650078,0.999921977519989,-0.0182544756680727,-0.005572934169322252,-0.9998180866241455,0.018254438415169716,0.0055730342864990234,0.9998177886009216,0.4015384912490845,0.9999798536300659,0.0,-0.005740494932979345,0.002713303081691265,0.9999535083770752,0.0014280088944360614,-0.009131623432040215,0.002773555926978588,0.7051334381103516,0.012373601086437702,-0.0005672764964401722,0.7089664340019226
gate_f5_freeform_pose_coupling_probe,711,35.55035400390625,5.7779998779296875,5.8481669425964355,5.830283164978027,6.629371643066406,5.830283164978027,5.8481669425964355,False,14.0,0.08609810471534729,0.15983058512210846,-0.0009588897228240967,0.0006944835186004639,0.011648967862129211,0.005383335053920746,0.9999176859855652,-0.018757710233330727,-0.00563079072162509,-0.9998078346252441,0.018757719546556473,0.0056307315826416016,0.999808132648468,0.40782424807548523,0.9999786615371704,0.0,-0.005940768402069807,0.0027088355273008347,0.9999507069587708,0.0015892046503722668,-0.009383768774569035,0.0028006206266582012,0.7051131129264832,0.012971360236406326,-0.00032805537921376526,0.7089760899543762
gate_f5_freeform_pose_coupling_probe,712,35.600364685058594,5.7779998779296875,5.792359352111816,5.788807392120361,6.631223678588867,5.788807392120361,5.792359352111816,False,14.0,0.08669492602348328,0.15980210900306702,-0.0009533464908599854,0.0007040761411190033,0.01202704943716526,0.005368370562791824,0.9999132752418518,-0.019288381561636925,-0.005705602932721376,-0.9997977018356323,0.019288362935185432,0.005705356597900391,0.9997977018356323,0.41637101769447327,0.9999774694442749,0.0,-0.006142141297459602,0.002703586360439658,0.9999475479125977,0.001933290739543736,-0.009650176391005516,0.002834293758496642,0.7050866484642029,0.014053842052817345,0.000373768707504496,0.7089818120002747
gate_f5_freeform_pose_coupling_probe,713,35.65037536621094,5.7779998779296875,5.71798038482666,5.55162239074707,6.720791816711426,5.55162239074707,5.71798038482666,False,14.0,0.08696028590202332,0.15971174836158752,-0.0009295940399169922,0.0006050039082765579,0.012197043746709824,0.005343550816178322,0.9999113082885742,-0.02111547440290451,-0.00592542951926589,-0.9997594356536865,0.02111537754535675,0.005925357341766357,0.9997594952583313,0.5124369263648987,0.9999762177467346,0.0,-0.0063445973210036755,0.00269753928296268,0.9999343156814575,0.0033259002957493067,-0.010568168014287949,0.0029277584981173277,0.7050086855888367,0.014690309762954712,-0.00028332837973721325,0.709046483039856
gate_f5_freeform_pose_coupling_probe,714,35.70038604736328,5.7779998779296875,5.815498352050781,5.843636512756348,6.602804183959961,5.843636512756348,5.815498352050781,False,14.0,0.08724486827850342,0.1596151888370514,-0.0009208321571350098,0.0006129760295152664,0.012379927560687065,0.005317023955285549,0.9999092221260071,-0.022782856598496437,-0.00617916788905859,-0.9997212886810303,0.022782757878303528,0.006179213523864746,0.9997214674949646,0.5977437496185303,0.9999749660491943,0.0,-0.006548119708895683,0.0026906782295554876,0.9999199509620667,0.004555405117571354,-0.011406179517507553,0.00303786713629961,0.7049185037612915,0.015614258125424385,-0.0005423648399300873,0.7091162800788879
gate_f5_freeform_pose_coupling_probe,715,35.750396728515625,5.7779998779296875,5.764362335205078,5.71506929397583,6.644158363342285,5.71506929397583,5.764362335205078,False,14.0,0.08760535717010498,0.15952780842781067,-0.0009093284606933594,0.0005908645689487457,0.01261185947805643,0.005291294772177935,0.9999064803123474,-0.02426949329674244,-0.006395324133336544,-0.9996850490570068,0.024269411340355873,0.006395518779754639,0.9996849894523621,0.6711472272872925,0.9999735951423645,0.0,-0.0067526898346841335,0.002682987367734313,0.9999057650566101,0.005564865656197071,-0.012153311632573605,0.0031303255818784237,0.7048418521881104,0.016760144382715225,-0.00045328435953706503,0.7091662883758545
gate_f5_freeform_pose_coupling_probe,716,35.80040740966797,5.7779998779296875,6.200027942657471,6.552545547485352,6.367044925689697,6.552545547485352,6.200027942657471,False,14.0,0.08818572759628296,0.1596447229385376,-0.0009058713912963867,0.0008241701871156693,0.012982187792658806,0.00530663039535284,0.9999016523361206,-0.025019219145178795,-0.005919004790484905,-0.9996694326400757,0.025019139051437378,0.005919098854064941,0.9996694326400757,0.6906883716583252,0.9999722242355347,0.0,-0.0069582900032401085,0.0026744501665234566,0.9998999834060669,0.005893108434975147,-0.012527869082987309,0.0028859630692750216,0.7050101161003113,0.018837809562683105,0.0010879196925088763,0.708946168422699
gate_f5_freeform_pose_coupling_probe,717,35.85041809082031,5.7779998779296875,5.878008842468262,5.807826995849609,6.602219581604004,5.807826995849609,5.878008842468262,False,14.0,0.08868581056594849,0.15973280370235443,-0.0008485317230224609,0.000880001112818718,0.013302492909133434,0.005315359681844711,0.9998973608016968,-0.02642354555428028,-0.0055173104628920555,-0.9996353387832642,0.02642347477376461,0.005517423152923584,0.9996354579925537,0.7527747750282288,0.9999707937240601,0.0,-0.007164899259805679,0.002665051491931081,0.99988853931427,0.006372001022100449,-0.01323029026389122,0.0026746499352157116,0.7051489353179932,0.021249104291200638,0.0025002898182719946,0.7087362408638
gate_f5_freeform_pose_coupling_probe,718,35.900428771972656,5.7779998779296875,7.070656776428223,6.723902225494385,6.577513217926025,6.723902225494385,7.070656776428223,False,14.0,0.09017828106880188,0.15979616343975067,-0.0009188652038574219,0.0006818622350692749,0.014269550330936909,0.005290240980684757,0.9998841881752014,-0.023244531825184822,-0.005476208869367838,-0.9997148513793945,0.0232444666326046,0.0054762959480285645,0.999714732170105,0.5147228240966797,0.9999693036079407,0.0,-0.0073724971152842045,0.00265477504581213,0.9999237656593323,0.0031462295446544886,-0.01163165271282196,0.0027017146348953247,0.7051674723625183,0.015642238780856133,-0.0008349017589353025,0.7088676691055298
gate_f5_freeform_pose_coupling_probe,719,35.950439453125,5.7779998779296875,5.683980464935303,5.453123092651367,6.737780570983887,5.453123092651367,5.683980464935303,False,14.0,0.09114110469818115,0.15981921553611755,-0.0009499490261077881,0.000698089599609375,0.014899450354278088,0.005264720413833857,0.9998751282691956,-0.022353466600179672,-0.005461107473820448,-0.9997354745864868,0.022353390231728554,0.005461156368255615,0.9997351765632629,0.42750102281570435,0.9999677538871765,0.0,-0.007581061217933893,0.002643605461344123,0.9999319911003113,0.001936370856128633,-0.011182740330696106,0.0027090839575976133,0.7051696181297302,0.013549767434597015,-0.0022877678275108337,0.7089054584503174
gate_f5_freeform_pose_coupling_probe,720,36.000450134277344,5.7779998779296875,5.270604610443115,5.422466278076172,6.6532135009765625,5.422466278076172,5.270604610443115,False,14.0,0.09186786413192749,0.15980425477027893,-0.0009686648845672607,0.0007508769631385803,0.01537890825420618,0.005236108787357807,0.9998680353164673,-0.022467922419309616,-0.005578154698014259,-0.9997320175170898,0.02246788516640663,0.005578160285949707,0.9997319579124451,0.4068635404109955,0.9999662041664124,0.0,-0.0077905673533678055,0.002631527604535222,0.999932050704956,0.0013744391035288572,-0.011238537728786469,0.0027738192584365606,0.7051224112510681,0.012267817743122578,-0.0036442007403820753,0.7089700698852539
gate_f5_freeform_pose_coupling_probe,721,36.05046081542969,5.7779998779296875,6.155753135681152,6.178802490234375,6.566722869873047,6.178802490234375,6.155753135681152,False,14.0,0.09253501892089844,0.15981106460094452,-0.0009714961051940918,0.0007522087544202805,0.015820467844605446,0.005211872048676014,0.9998612403869629,-0.022706182673573494,-0.005535477306693792,-0.9997266530990601,0.022706177085638046,0.005535542964935303,0.9997267723083496,0.3956475853919983,0.9999645352363586,0.0,-0.008000991307199001,0.0026185258757323027,0.999930739402771,0.0013610061723738909,-0.0113576240837574,0.0027524714823812246,0.7051401138305664,0.012974504381418228,-0.0031092024873942137,0.7089424133300781
gate_f5_freeform_pose_coupling_probe,722,36.10047149658203,5.7779998779296875,5.9031877517700195,5.799788475036621,6.651564598083496,5.799788475036621,5.9031877517700195,False,14.0,0.09319537878036499,0.15982119739055634,-0.000951617956161499,0.0007649771869182587,0.016259312629699707,0.005186456721276045,0.9998543858528137,-0.02303474396467209,-0.0054602231830358505,-0.9997199773788452,0.02303469553589821,0.005460262298583984,0.9997198581695557,0.38714879751205444,0.9999628663063049,0.0,-0.008212306536734104,0.002604585373774171,0.9999290704727173,0.0013556855265051126,-0.011521870270371437,0.002714684000238776,0.7051697969436646,0.013990012928843498,-0.0023304002825170755,0.7088966965675354
gate_f5_freeform_pose_coupling_probe,723,36.150482177734375,5.7779998779296875,5.86852502822876,5.583803176879883,6.745419502258301,5.583803176879883,5.86852502822876,False,14.0,0.09351900219917297,0.1597568243741989,-0.0009453892707824707,0.000648796558380127,0.016478125005960464,0.005160163156688213,0.9998509287834167,-0.024667270481586456,-0.005540423560887575,-0.9996805191040039,0.024667147547006607,0.005540370941162109,0.9996803998947144,0.4693892300128937,0.9999611377716064,0.0,-0.008424485102295876,0.0025896914303302765,0.9999166131019592,0.0026487146969884634,-0.012341915629804134,0.0027377500664442778,0.705142617225647,0.01555518340319395,-0.001925471005961299,0.708892285823822
gate_f5_freeform_pose_coupling_probe,724,36.20049285888672,5.7779998779296875,5.756941795349121,5.788478851318359,6.619492530822754,5.788478851318359,5.756941795349121,False,14.0,0.09388744831085205,0.15968693792819977,-0.0009554028511047363,0.0006694700568914413,0.016727838665246964,0.005130610428750515,0.9998469352722168,-0.025997214019298553,-0.0056821973994374275,-0.9996459484100342,0.025997217744588852,0.005682110786437988,0.9996458292007446,0.5322902798652649,0.999959409236908,0.0,-0.008637498132884502,0.0025738293770700693,0.9999040961265564,0.0038398313336074352,-0.013010573573410511,0.002791407983750105,0.705094039440155,0.017270689830183983,-0.0011583368759602308,0.7089024782180786
gate_f5_freeform_pose_coupling_probe,725,36.25050354003906,5.7779998779296875,6.485948085784912,6.120906352996826,6.640674591064453,6.120906352996826,6.485948085784912,False,14.0,0.09446752071380615,0.15966467559337616,-0.0009654462337493896,0.0006623566150665283,0.017118385061621666,0.005099444184452295,0.9998404383659363,-0.02657647803425789,-0.005693056620657444,-0.9996305704116821,0.02657642774283886,0.005692899227142334,0.9996307492256165,0.5421248078346252,0.9999575614929199,0.0,-0.008851313963532448,0.0025569850113242865,0.9998989105224609,0.004179945215582848,-0.013301250524818897,0.0027912119403481483,0.7050905227661133,0.017896009609103203,-0.0009450073703192174,0.7088909149169922
gate_f5_freeform_pose_coupling_probe,726,36.300514221191406,5.7779998779296875,5.307472229003906,5.467401504516602,6.657724857330322,5.467401504516602,5.307472229003906,False,14.0,0.09549576044082642,0.1597554236650467,-0.000994950532913208,0.0007362812757492065,0.01780739240348339,0.005063402000814676,0.9998286366462708,-0.025663375854492188,-0.0054579791612923145,-0.9996559619903564,0.025663334876298904,0.005457878112792969,0.9996558427810669,0.44980478286743164,0.9999556541442871,0.0,-0.0090658999979496,0.0025391443632543087,0.999910831451416,0.0025066935922950506,-0.01283959299325943,0.0026970452163368464,0.7051684856414795,0.015274053439497948,-0.0029072873294353485,0.7088693380355835
gate_f5_freeform_pose_coupling_probe,727,36.35052490234375,5.7779998779296875,5.880486488342285,5.875747203826904,6.638010025024414,5.875747203826904,5.880486488342285,False,14.0,0.09611642360687256,0.15969036519527435,-0.0009979307651519775,0.0007005408406257629,0.01823156699538231,0.00501808850094676,0.9998211860656738,-0.026100028306245804,-0.00562412291765213,-0.9996432065963745,0.026100002229213715,0.005623936653137207,0.9996435046195984,0.4528396725654602,0.9999537467956543,0.0,-0.009281221777200699,0.0025202936958521605,0.9999071359634399,0.002710622036829591,-0.013058753684163094,0.0027769221924245358,0.7051085233688354,0.015324126929044724,-0.0031665160786360502,0.7089267373085022
gate_f5_freeform_pose_coupling_probe,728,36.400535583496094,5.7779998779296875,6.475851058959961,6.3484086990356445,6.563033580780029,6.3484086990356445,6.475851058959961,False,14.0,0.09648528695106506,0.1596604883670807,-0.0009692013263702393,0.0007509160786867142,0.018483992666006088,0.004991998430341482,0.9998167157173157,-0.027615651488304138,-0.005624923389405012,-0.9996025562286377,0.027615640312433243,0.005624830722808838,0.9996028542518616,0.524140477180481,0.9999517798423767,0.0,-0.009497242979705334,0.00250041950494051,0.999893844127655,0.003683891147375107,-0.013819467276334763,0.002761845476925373,0.7051066756248474,0.016078339889645576,-0.003485454013571143,0.7089104056358337
gate_f5_freeform_pose_coupling_probe,729,36.45054626464844,5.7779998779296875,6.119920253753662,6.088436126708984,6.540899276733398,6.088436126708984,6.119920253753662,False,14.0,0.096676766872406,0.15964266657829285,-0.0008934736251831055,0.0009046532213687897,0.018615394830703735,0.00497786421328783,0.9998143315315247,-0.03005336783826351,-0.005551859270781279,-0.99953293800354,0.03005334548652172,0.005551755428314209,0.9995328783988953,0.6564077734947205,0.9999497532844543,0.0,-0.009713924489915371,0.0024795089848339558,0.9998704195022583,0.005063316319137812,-0.015042304992675781,0.00270011555403471,0.7051321268081665,0.017710335552692413,-0.003581239143386483,0.7088456749916077
gate_f5_freeform_pose_coupling_probe,730,36.50055694580078,5.7779998779296875,6.053193092346191,6.069099426269531,6.512690544128418,6.069099426269531,6.053193092346191,False,14.0,0.09689125418663025,0.15962925553321838,-0.0008037388324737549,0.0010110214352607727,0.018762387335300446,0.004962950479239225,0.9998116493225098,-0.032435089349746704,-0.005452602636069059,-0.9994590282440186,0.032435037195682526,0.005452573299407959,0.9994589686393738,0.7840958833694458,0.9999476671218872,0.0,-0.009931227192282677,0.002457549562677741,0.9998437762260437,0.006476233247667551,-0.016237059608101845,0.002621555933728814,0.7051678895950317,0.01952289789915085,-0.003457568818703294,0.7087631225585938
gate_f5_freeform_pose_coupling_probe,731,36.550567626953125,5.7779998779296875,5.93391752243042,5.949273109436035,6.508928298950195,5.949273109436035,5.93391752243042,False,14.0,0.09714353084564209,0.15961676836013794,-0.0007183253765106201,0.0010891538113355637,0.0189353134483099,0.0049457005225121975,0.9998084902763367,-0.03467172384262085,-0.00532357394695282,-0.9993842840194702,0.03467169031500816,0.005323350429534912,0.9993845224380493,0.9022228717803955,0.9999455213546753,0.0,-0.010149107314646244,0.002434528898447752,0.9998162388801575,0.007721345871686935,-0.017358573153614998,0.002528219949454069,0.7052165269851685,0.02174239046871662,-0.0028261407278478146,0.7086528539657593
gate_f5_freeform_pose_coupling_probe,732,36.60057830810547,5.7779998779296875,4.541221618652344,5.433286666870117,6.453552722930908,5.433286666870117,4.541221618652344,False,14.0,0.0989668071269989,0.15975140035152435,-0.0007449984550476074,0.0010497737675905228,0.020176226273179054,0.00484633119776845,0.9997847080230713,-0.030131785199046135,-0.0051650358363986015,-0.9995323419570923,0.030131768435239792,0.005164980888366699,0.9995325803756714,0.5706123113632202,0.9999433755874634,0.0,-0.010367521084845066,0.0024104351177811623,0.9998783469200134,0.003077577566727996,-0.015075532719492912,0.0025364302564412355,0.7052360773086548,0.013604525476694107,-0.007719359360635281,0.7087999582290649
gate_f5_freeform_pose_coupling_probe,733,36.65058898925781,5.7779998779296875,6.253110408782959,6.043478012084961,6.610275745391846,6.043478012084961,6.253110408782959,False,14.0,0.10005751252174377,0.1598101109266281,-0.0008151531219482422,0.0008723456412553787,0.02092343010008335,0.004773743916302919,0.9997696876525879,-0.028665579855442047,-0.005010910332202911,-0.9995763301849365,0.028665540739893913,0.005010843276977539,0.9995763897895813,0.444553941488266,0.9999411106109619,0.0,-0.010586421936750412,0.002385256811976433,0.9998930096626282,0.001469082897529006,-0.014337973669171333,0.00248465733602643,0.7052665948867798,0.01059813890606165,-0.009675913490355015,0.7087968587875366
gate_f5_freeform_pose_coupling_probe,734,36.700599670410156,5.7779998779296875,5.737252235412598,5.7052202224731445,6.611566543579102,5.7052202224731445,5.737252235412598,False,14.0,0.10085314512252808,0.15983086824417114,-0.000853806734085083,0.0009080469608306885,0.021471623331308365,0.004713163711130619,0.9997583627700806,-0.02840866521000862,-0.004919618833810091,-0.999584436416626,0.028408624231815338,0.004919826984405518,0.9995841383934021,0.3986039161682129,0.9999388456344604,0.0,-0.010805759578943253,0.002358983037993312,0.9998956918716431,0.0009160512709058821,-0.014208056032657623,0.002447049366310239,0.7052897810935974,0.00977215077728033,-0.010316528379917145,0.708776593208313
gate_f5_freeform_pose_coupling_probe,735,36.7506103515625,5.7779998779296875,5.7424092292785645,5.762162208557129,6.602260112762451,5.762162208557129,5.7424092292785645,False,14.0,0.10152658820152283,0.15983815491199493,-0.0008707344532012939,0.0009074509143829346,0.02193736843764782,0.0046576545573771,0.9997484683990479,-0.028673205524683,-0.004830829333513975,-0.9995770454406738,0.02867314964532852,0.004830718040466309,0.9995771646499634,0.38664302229881287,0.9999365210533142,0.0,-0.011025483720004559,0.002331603318452835,0.9998937845230103,0.0009575283038429916,-0.014340425841510296,0.0024019384291023016,0.7053400278091431,0.011334036476910114,-0.008948818780481815,0.7087219953536987
gate_f5_freeform_pose_coupling_probe,736,36.800621032714844,5.7779998779296875,5.638059139251709,5.772762298583984,6.561304092407227,5.772762298583984,5.638059139251709,False,14.0,0.10208770632743835,0.15990401804447174,-0.000861823558807373,0.0009656921029090881,0.022320671007037163,0.004617003258317709,0.9997401833534241,-0.02951740100979805,-0.004560546483844519,-0.9995537996292114,0.029517369344830513,0.004560530185699463,0.999553918838501,0.4121198058128357,0.9999341368675232,0.0,-0.011245539411902428,0.002303107874467969,0.999888002872467,0.0009472490637563169,-0.014762500301003456,0.0022665432188659906,0.705410361289978,0.010104687884449959,-0.010768056847155094,0.7086453437805176
gate_f5_freeform_pose_coupling_probe,737,36.85063171386719,5.7779998779296875,5.9687676429748535,5.949211120605469,6.56758975982666,5.949211120605469,5.9687676429748535,False,14.0,0.10264626145362854,0.15995582938194275,-0.0008401274681091309,0.000974336639046669,0.022703522816300392,0.004572560079395771,0.9997317790985107,-0.030390169471502304,-0.004331300966441631,-0.9995286464691162,0.030390150845050812,0.004331231117248535,0.9995288252830505,0.44013041257858276,0.9999316930770874,0.0,-0.011465871706604958,0.00227348692715168,0.9998817443847656,0.0009178488980978727,-0.01519885752350092,0.002151954686269164,0.705457329750061,0.008663180284202099,-0.012819337658584118,0.7085835337638855
gate_f5_freeform_pose_coupling_probe,738,36.90064239501953,5.7779998779296875,6.173686981201172,6.0421366691589355,6.594225883483887,6.0421366691589355,6.173686981201172,False,14.0,0.10340052843093872,0.15986713767051697,-0.0008533895015716553,0.000917382538318634,0.023235945031046867,0.004490600898861885,0.9997199177742004,-0.03023172728717327,-0.004589959047734737,-0.9995321035385132,0.0302316565066576,0.004589974880218506,0.9995322823524475,0.4020254909992218,0.9999291896820068,0.0,-0.011686420068144798,0.0022427320946007967,0.9998827576637268,0.000734566361643374,-0.015119314193725586,0.0022841410245746374,0.705369770526886,0.008781496435403824,-0.012589194811880589,0.7086732983589172
gate_f5_freeform_pose_coupling_probe,739,36.950653076171875,5.7779998779296875,5.763485431671143,5.702828407287598,6.620690822601318,5.702828407287598,5.763485431671143,False,14.0,0.10408863425254822,0.15983542799949646,-0.0008574724197387695,0.0009437184780836105,0.02371779829263687,0.004419419914484024,0.9997089505195618,-0.030414875596761703,-0.00462056091055274,-0.9995267391204834,0.030414802953600883,0.004620730876922607,0.9995266795158386,0.3835945427417755,0.9999266862869263,0.0,-0.0119071239605546,0.0022108342964202166,0.9998813271522522,0.0008253573323599994,-0.015211139805614948,0.0022979984059929848,0.7053782343864441,0.010051730088889599,-0.011454077437520027,0.7086672782897949
gate_f5_freeform_pose_coupling_probe,740,37.00066375732422,5.7779998779296875,5.740675449371338,5.779899597167969,6.58901309967041,5.779899597167969,5.740675449371338,False,14.0,0.10474440455436707,0.1598372906446457,-0.0008600950241088867,0.0009584277868270874,0.024174146354198456,0.004352784715592861,0.999698281288147,-0.0307586919516325,-0.004538650158792734,-0.9995167255401611,0.030758580192923546,0.00453871488571167,0.9995166659355164,0.3769049048423767,0.9999240636825562,0.0,-0.012127918191254139,0.00217778654769063,0.9998787045478821,0.0009603219223208725,-0.01538337767124176,0.0022548255510628223,0.7054308652877808,0.011860278435051441,-0.009896387346088886,0.708610475063324
gate_f5_freeform_pose_coupling_probe,741,37.05067443847656,5.7779998779296875,5.832546710968018,5.790821552276611,6.58961296081543,5.790821552276611,5.832546710968018,False,14.0,0.10515701770782471,0.15969888865947723,-0.0008217990398406982,0.000982731580734253,0.024476047605276108,0.004295434337109327,0.9996911883354187,-0.03200746700167656,-0.004919659346342087,-0.9994751214981079,0.032007407397031784,0.004919946193695068,0.9994754791259766,0.432958722114563,0.999921441078186,0.0,-0.012348736636340618,0.0021435811650007963,0.9998669624328613,0.0018966428469866514,-0.016010472550988197,0.00242978660389781,0.7052875757217407,0.012176849879324436,-0.01046297512948513,0.7087394595146179
gate_f5_freeform_pose_coupling_probe,742,37.100685119628906,5.7779998779296875,5.836321830749512,5.9011406898498535,6.532903671264648,5.9011406898498535,5.836321830749512,False,14.0,0.10566169023513794,0.1595970094203949,-0.0007918775081634521,0.001036178320646286,0.024838782846927643,0.0042318496853113174,0.9996824860572815,-0.03291979059576988,-0.005162741057574749,-0.9994444847106934,0.03291968256235123,0.0051628947257995605,0.9994446635246277,0.46646201610565186,0.9999187588691711,0.0,-0.012569510377943516,0.002108211861923337,0.999858021736145,0.002482230309396982,-0.016468539834022522,0.0025408524088561535,0.7051987648010254,0.012643842957913876,-0.01064226683229208,0.7088170051574707
gate_f5_freeform_pose_coupling_probe,743,37.15069580078125,5.7779998779296875,5.896760940551758,6.045409202575684,6.4828715324401855,6.045409202575684,5.896760940551758,False,14.0,0.10629826784133911,0.15958130359649658,-0.0007819533348083496,0.0011291243135929108,0.02528451755642891,0.004161099903285503,0.9996716380119324,-0.03347606584429741,-0.005109635181725025,-0.9994263648986816,0.03347601741552353,0.005109429359436035,0.9994264841079712,0.4722982347011566,0.9999160766601562,0.0,-0.012790164910256863,0.002071672584861517,0.9998530745506287,0.002651626244187355,-0.01674715057015419,0.0025107793044298887,0.7052463293075562,0.015153017826378345,-0.00853813998401165,0.708748996257782
gate_f5_freeform_pose_coupling_probe,744,37.200706481933594,5.7779998779296875,4.997026443481445,5.399990081787109,6.558810234069824,5.399990081787109,4.997026443481445,False,14.0,0.10699024796485901,0.15960241854190826,-0.0007655918598175049,0.0011619273573160172,0.02576449327170849,0.00408499501645565,0.9996597170829773,-0.03387299180030823,-0.0049331290647387505,-0.9994140863418579,0.03387295454740524,0.0049332380294799805,0.9994139671325684,0.4673002064228058,0.9999132752418518,0.0,-0.01301062572747469,0.002033958211541176,0.9998502731323242,0.0025386596098542213,-0.016945187002420425,0.002423909492790699,0.7053194046020508,0.016366388648748398,-0.007610061205923557,0.708659827709198
gate_f5_freeform_pose_coupling_probe,745,37.25071716308594,5.7779998779296875,6.515731334686279,6.258425712585449,6.5791425704956055,6.258425712585449,6.515731334686279,False,14.0,0.10785120725631714,0.15974248945713043,-0.0007919967174530029,0.0009908676147460938,0.026347000151872635,0.003995013888925314,0.9996448755264282,-0.033435747027397156,-0.00447080098092556,-0.999430775642395,0.03343568742275238,0.0044708251953125,0.9994308948516846,0.4068635404109955,0.9999104738235474,0.0,-0.013230815529823303,0.0019950643181800842,0.9998568892478943,0.0012566392542794347,-0.01672304980456829,0.002214702544733882,0.7054507732391357,0.013465437106788158,-0.010187794454395771,0.7085577845573425
gate_f5_freeform_pose_coupling_probe,746,37.30072784423828,5.7779998779296875,5.633940696716309,5.614770412445068,6.606103420257568,5.614770412445068,5.633940696716309,False,14.0,0.10857248306274414,0.1598055362701416,-0.0008035600185394287,0.0010443199425935745,0.026839714497327805,0.003910827450454235,0.9996321201324463,-0.033566951751708984,-0.004213958512991667,-0.999427318572998,0.0335669107735157,0.004214107990264893,0.9994274973869324,0.38664302229881287,0.9999076128005981,0.0,-0.013450651429593563,0.0019549869466573,0.9998565912246704,0.000662535079754889,-0.016787271946668625,0.002096157753840089,0.7055138349533081,0.011773504316806793,-0.011964879930019379,0.7084972858428955
gate_f5_freeform_pose_coupling_probe,747,37.350738525390625,5.7779998779296875,6.469886302947998,6.399767875671387,6.487931251525879,6.399767875671387,6.469886302947998,False,14.0,0.1091664731502533,0.15984086692333221,-0.0008051395416259766,0.0010848324745893478,0.027246393263339996,0.003837508847936988,0.9996213912963867,-0.03423243388533592,-0.004016360267996788,-0.9994055032730103,0.03423243388533592,0.004016458988189697,0.9994058012962341,0.40056270360946655,0.9999047517776489,0.0,-0.013670050539076328,0.0019137231865897775,0.9998511672019958,0.0006431641522794962,-0.01712005026638508,0.001997466431930661,0.7055509090423584,0.010430083610117435,-0.013772716745734215,0.708448588848114
gate_f5_freeform_pose_coupling_probe,748,37.40074920654297,5.7779998779296875,5.834963321685791,5.776421546936035,6.574685096740723,5.776421546936035,5.834963321685791,False,14.0,0.1096554696559906,0.15988408029079437,-0.0007603168487548828,0.001141158863902092,0.02757846750319004,0.003776225261390209,0.9996125102043152,-0.035452332347631454,-0.003771143965423107,-0.9993644952774048,0.03545226529240608,0.003771185874938965,0.9993643164634705,0.4511079490184784,0.9999017715454102,0.0,-0.01388892438262701,0.0018712703604251146,0.9998407959938049,0.0007793334079906344,-0.01773044653236866,0.0018720520893111825,0.7055939435958862,0.0091977808624506,-0.015861893072724342,0.7083791494369507
gate_f5_freeform_pose_coupling_probe,749,37.45075988769531,5.7779998779296875,4.687727451324463,4.979915618896484,6.624800682067871,4.979915618896484,4.687727451324463,False,14.0,0.11030948162078857,0.15988434851169586,-0.0007354021072387695,0.001146102324128151,0.028028978034853935,0.0036881519481539726,0.9996002912521362,-0.03584285080432892,-0.0036963557358831167,-0.9993503093719482,0.035842835903167725,0.003696262836456299,0.9993506669998169,0.44762441515922546,0.9998987913131714,0.0,-0.01410718448460102,0.0018276270711794496,0.999837338924408,0.0006526201614178717,-0.01792553998529911,0.0018367780139669776,0.7056068778038025,0.008877972140908241,-0.01645647920668125,0.7083567976951599
gate_f5_freeform_pose_coupling_probe,750,37.500770568847656,5.7779998779296875,5.919119834899902,6.048470497131348,6.492300987243652,6.048470497131348,5.919119834899902,False,14.0,0.1110888421535492,0.15983745455741882,-0.0007641017436981201,0.001120496541261673,0.028570614755153656,0.003577496623620391,0.9995853900909424,-0.0355769507586956,-0.003787687048316002,-0.9993596076965332,0.035576868802309036,0.0037875771522521973,0.9993597865104675,0.4020254909992218,0.9998958110809326,0.0,-0.014324735850095749,0.0017827923875302076,0.9998397827148438,0.0004677522520069033,-0.01779220812022686,0.001885823323391378,0.7055932283401489,0.009515716694295406,-0.015633130446076393,0.7083807587623596
gate_f5_freeform_pose_coupling_probe,751,37.55078125,5.7779998779296875,5.849700450897217,6.011475563049316,6.452178478240967,6.011475563049316,5.849700450897217,False,14.0,0.11148485541343689,0.15972471237182617,-0.0007256269454956055,0.0012786537408828735,0.028857765719294548,0.0035159809049218893,0.9995773434638977,-0.037033870816230774,-0.004005993250757456,-0.9993057250976562,0.03703378885984421,0.004005849361419678,0.9993060827255249,0.46897220611572266,0.9998927712440491,0.0,-0.014541483484208584,0.0017367664258927107,0.9998251795768738,0.001569780521094799,-0.01852327398955822,0.001974264159798622,0.7055464386940002,0.011999319307506084,-0.014187650755047798,0.7084200978279114
gate_f5_freeform_pose_coupling_probe,752,37.600791931152344,5.7779998779296875,6.04705286026001,5.994786739349365,6.504635810852051,5.994786739349365,6.04705286026001,False,14.0,0.1119452714920044,0.15964791178703308,-0.0006726086139678955,0.0013160724192857742,0.02918349951505661,0.00344667537137866,0.9995681047439575,-0.03828824684023857,-0.004100498743355274,-0.9992579221725464,0.038288190960884094,0.004100680351257324,0.9992582201957703,0.524140477180481,0.9998896718025208,0.0,-0.014757327735424042,0.0016895497683435678,0.999811589717865,0.002401187317445874,-0.01915254443883896,0.0020046380814164877,0.7055413126945496,0.014389878138899803,-0.012692446820437908,0.7084088921546936
gate_f5_freeform_pose_coupling_probe,753,37.65080261230469,5.7779998779296875,6.501491069793701,5.822940826416016,6.705317497253418,5.822940826416016,6.501491069793701,False,14.0,0.1128588318824768,0.15973517298698425,-0.0006682276725769043,0.001134319230914116,0.02979225292801857,0.0033155323471874,0.9995506405830383,-0.03759497404098511,-0.0037882537581026554,-0.9992856979370117,0.037594959139823914,0.003787994384765625,0.9992859363555908,0.44762441515922546,0.9998865723609924,0.0,-0.014972166158258915,0.0016411440446972847,0.9998205304145813,0.0013233415083959699,-0.01880333572626114,0.0018695791950449347,0.7056260108947754,0.01251641009002924,-0.014069030061364174,0.7083342671394348
gate_f5_freeform_pose_coupling_probe,754,37.70081329345703,5.7779998779296875,5.360167026519775,5.445068359375,6.565744400024414,5.445068359375,5.360167026519775,False,14.0,0.1136476993560791,0.15978287160396576,-0.0006922483444213867,0.0012127570807933807,0.030317870900034904,0.003196458099409938,0.9995352029800415,-0.037304796278476715,-0.0035885644610971212,-0.9992972612380981,0.03730475902557373,0.003588557243347168,0.9992974996566772,0.4015384912490845,0.9998834133148193,0.0,-0.015185893513262272,0.0015915515832602978,0.9998239874839783,0.0007963994285091758,-0.018657099455595016,0.001779736950993538,0.7056829929351807,0.01163826696574688,-0.014739185571670532,0.7082787752151489
gate_f5_freeform_pose_coupling_probe,755,37.750823974609375,5.7779998779296875,6.036393642425537,5.99384880065918,6.515128135681152,5.99384880065918,6.036393642425537,False,14.0,0.11425456404685974,0.15978075563907623,-0.0007004439830780029,0.0011987518519163132,0.030725570395588875,0.003101069713011384,0.9995230436325073,-0.03782505914568901,-0.0035034101456403732,-0.9992780685424805,0.03782496601343155,0.00350344181060791,0.9992782473564148,0.40782424807548523,0.9998802542686462,0.0,-0.015398400835692883,0.0015407758764922619,0.9998190402984619,0.0009719925583340228,-0.018917638808488846,0.0017336310120299459,0.7057085037231445,0.01178559847176075,-0.014959890395402908,0.7082462906837463
gate_f5_freeform_pose_coupling_probe,756,37.80083465576172,5.7779998779296875,6.197503089904785,6.2045063972473145,6.433058738708496,6.2045063972473145,6.197503089904785,False,14.0,0.11445379257202148,0.1596640646457672,-0.0006479620933532715,0.0013108663260936737,0.030877381563186646,0.003067031502723694,0.9995184540748596,-0.040077999234199524,-0.003661038354039192,-0.9991899728775024,0.040077902376651764,0.003661036491394043,0.9991897344589233,0.5293412804603577,0.9998770356178284,0.0,-0.015609576366841793,0.0014888208825141191,0.9997949600219727,0.002237509936094284,-0.020047105848789215,0.0017860297812148929,0.7056418657302856,0.012878878973424435,-0.015461443923413754,0.7082828283309937
gate_f5_freeform_pose_coupling_probe,757,37.85084533691406,5.7779998779296875,6.169920921325684,6.183224201202393,6.408108711242676,6.183224201202393,6.169920921325684,False,14.0,0.11478486657142639,0.15956254303455353,-0.0005833804607391357,0.001454085111618042,0.031114669516682625,0.003012498142197728,0.9995113015174866,-0.041926439851522446,-0.0037893238477408886,-0.9991132020950317,0.04192640259861946,0.003789186477661133,0.9991135001182556,0.6214960813522339,0.9998738169670105,0.0,-0.015819307416677475,0.0014356916071847081,0.9997726082801819,0.003362048650160432,-0.02097412385046482,0.00182456080801785,0.705605685710907,0.014617864042520523,-0.015034361742436886,0.7082943320274353
gate_f5_freeform_pose_coupling_probe,758,37.900856018066406,5.7779998779296875,2.774878740310669,4.452333450317383,6.402585029602051,4.452333450317383,2.774878740310669,False,14.0,0.11536911129951477,0.1595277637243271,-0.0005224049091339111,0.0015745442360639572,0.03150884434580803,0.0029177493415772915,0.9994992017745972,-0.042726680636405945,-0.0037192769814282656,-0.9990798234939575,0.04272663965821266,0.0037193894386291504,0.999079704284668,0.6455870270729065,0.9998705983161926,0.0,-0.016027474775910378,0.0013813938712701201,0.9997636675834656,0.0035383207723498344,-0.02137470617890358,0.0017844296526163816,0.7056389451026917,0.015592728741466999,-0.014628308825194836,0.7082488536834717
gate_f5_freeform_pose_coupling_probe,759,37.95086669921875,5.7779998779296875,7.357295513153076,7.041647911071777,6.399125099182129,7.041647911071777,7.357295513153076,False,14.0,0.11648896336555481,0.15970702469348907,-0.0005707144737243652,0.0012977365404367447,0.03221595659852028,0.0027316072955727577,0.999477207660675,-0.04104030132293701,-0.0031882154289633036,-0.9991521835327148,0.041040290147066116,0.0031879544258117676,0.9991525411605835,0.5059038400650024,0.99986732006073,0.0,-0.016233958303928375,0.001325934543274343,0.9997861385345459,0.001944977673701942,-0.020527563989162445,0.0015545145142823458,0.7058006525039673,0.013164049945771694,-0.015857618302106857,0.7081107497215271
gate_f5_freeform_pose_coupling_probe,760,38.000877380371094,5.7779998779296875,5.501307487487793,5.535114288330078,6.502851486206055,5.535114288330078,5.501307487487793,False,14.0,0.11711031198501587,0.1598006933927536,-0.0005422830581665039,0.0014672614634037018,0.03260365501046181,0.002623697044327855,0.9994649291038513,-0.04163600504398346,-0.0027796579524874687,-0.9991288185119629,0.04163598269224167,0.002779722213745117,0.9991288781166077,0.5185104608535767,0.9998640418052673,0.0,-0.016438636928796768,0.0012693211901932955,0.999780535697937,0.0018076037522405386,-0.020825019106268883,0.0013524824753403664,0.7059198617935181,0.012491799890995026,-0.016949355602264404,0.7079786062240601
gate_f5_freeform_pose_coupling_probe,761,38.05088806152344,5.7779998779296875,6.042299270629883,5.512126445770264,6.676755905151367,5.512126445770264,6.042299270629883,False,14.0,0.11797228455543518,0.15982244908809662,-0.0005537569522857666,0.0012859534472227097,0.03315393626689911,0.002470007399097085,0.999447226524353,-0.04103698581457138,-0.0026516036596149206,-0.9991538524627686,0.0410369448363781,0.002651393413543701,0.9991542100906372,0.4511079490184784,0.9998607635498047,0.0,-0.01664138026535511,0.0012115624267607927,0.9997877478599548,0.0011843359097838402,-0.020524391904473305,0.001301770331338048,0.7059717774391174,0.012339897453784943,-0.016677850857377052,0.7079361081123352
gate_f5_freeform_pose_coupling_probe,762,38.10089874267578,5.7779998779296875,5.545188903808594,5.740704536437988,6.456483840942383,5.740704536437988,5.545188903808594,False,14.0,0.11876162886619568,0.159816712141037,-0.00059548020362854,0.001370089128613472,0.033655907958745956,0.002325816545635462,0.999430775642395,-0.040676604956388474,-0.0026054405607283115,-0.9991686344146729,0.04067651927471161,0.0026055574417114258,0.999168872833252,0.40348300337791443,0.999857485294342,0.0,-0.016842063516378403,0.0011526677990332246,0.9997918605804443,0.0007444162620231509,-0.020343495532870293,0.0012878443812951446,0.7059910297393799,0.012213478796184063,-0.016549356281757355,0.7079219818115234
gate_f5_freeform_pose_coupling_probe,763,38.150909423828125,5.7779998779296875,5.934713363647461,5.885663986206055,6.507113456726074,5.885663986206055,5.934713363647461,False,14.0,0.11945939064025879,0.15981221199035645,-0.0006043016910552979,0.0013445354998111725,0.03409397974610329,0.002195521490648389,0.9994162321090698,-0.0408133827149868,-0.0025187984574586153,-0.9991633892059326,0.04081331938505173,0.002518892288208008,0.9991636872291565,0.38512179255485535,0.9998542070388794,0.0,-0.0170405525714159,0.0010926475515589118,0.9997906684875488,0.0005764569505117834,-0.02041168324649334,0.0012478940188884735,0.7060204744338989,0.012257600203156471,-0.016602201387286186,0.7078906893730164
gate_f5_freeform_pose_coupling_probe,764,38.20092010498047,5.7779998779296875,5.7901997566223145,5.7920379638671875,6.504550933837891,5.7920379638671875,5.7901997566223145,False,14.0,0.12012574076652527,0.15980102121829987,-0.0006032884120941162,0.001368330791592598,0.03450844809412956,0.0020688835065811872,0.9994022846221924,-0.04108576849102974,-0.0024545500054955482,-0.999152421951294,0.04108574986457825,0.002454519271850586,0.999152660369873,0.3774237036705017,0.9998509287834167,0.0,-0.01723671332001686,0.0010315130930393934,0.9997879862785339,0.0004584905691444874,-0.02054779976606369,0.0012181121855974197,0.7060336470603943,0.012044931761920452,-0.01700696349143982,0.7078716158866882
gate_f5_freeform_pose_coupling_probe,765,38.25093078613281,5.7779998779296875,6.26678991317749,6.115165710449219,6.475427627563477,6.115165710449219,6.26678991317749,False,14.0,0.12069600820541382,0.15978436172008514,-0.0005960762500762939,0.0013919491320848465,0.034860290586948395,0.0019589876756072044,0.9993903040885925,-0.0417880155146122,-0.002371386159211397,-0.9991235733032227,0.041787952184677124,0.002371370792388916,0.9991236925125122,0.39762094616889954,0.9998475909233093,0.0,-0.017430409789085388,0.0009692765888758004,0.9997806549072266,0.0006718754302710295,-0.02089937962591648,0.0011719083413481712,0.7060631513595581,0.01254553347826004,-0.017004050314426422,0.7078335285186768
gate_f5_freeform_pose_coupling_probe,766,38.300941467285156,5.7779998779296875,5.988726615905762,5.982937335968018,6.453304290771484,5.982937335968018,5.988726615905762,False,14.0,0.12113958597183228,0.15975096821784973,-0.0005676746368408203,0.0014770794659852982,0.0351351797580719,0.0018733427859842777,0.9993808269500732,-0.04305166378617287,-0.0022802052553743124,-0.9990700483322144,0.04305161535739899,0.0022801756858825684,0.9990701079368591,0.4549950361251831,0.9998443126678467,0.0,-0.01762150228023529,0.0009059513686224818,0.99976646900177,0.0014301384799182415,-0.021532448008656502,0.0011095673544332385,0.706119954586029,0.014493619091808796,-0.01595386676490307,0.7077640295028687
gate_f5_freeform_pose_coupling_probe,767,38.3509521484375,5.7779998779296875,4.7803635597229,5.375268936157227,6.443135738372803,5.375268936157227,4.7803635597229,False,14.0,0.12169629335403442,0.15973049402236938,-0.0005339086055755615,0.0015418455004692078,0.03547236695885658,0.0017637147102504969,0.9993690848350525,-0.0438198447227478,-0.002165420213714242,-0.9990370273590088,0.04381977394223213,0.0021654367446899414,0.9990370869636536,0.47969770431518555,0.999841034412384,0.0,-0.017809849232435226,0.000841551402118057,0.9997575283050537,0.0018366411095485091,-0.021917151287198067,0.0010427089873701334,0.7061868906021118,0.01625136286020279,-0.014742975123226643,0.7076853513717651
gate_f5_freeform_pose_coupling_probe,768,38.400962829589844,5.7779998779296875,6.396695613861084,6.213743209838867,6.479374408721924,6.213743209838867,6.396695613861084,False,14.0,0.12254384160041809,0.15977585315704346,-0.0005475282669067383,0.0013973023742437363,0.03596191108226776,0.0015896044205874205,0.9993519186973572,-0.04317118600010872,-0.001972407102584839,-0.9990657567977905,0.04317113012075424,0.0019724369049072266,0.999065637588501,0.41448700428009033,0.9998377561569214,0.0,-0.017995305359363556,0.0007760917651467025,0.9997652173042297,0.0015514073893427849,-0.021592142060399055,0.0009529290837235749,0.7062911987304688,0.017633797600865364,-0.012904430739581585,0.707584023475647
gate_f5_freeform_pose_coupling_probe,769,38.45097351074219,5.7779998779296875,6.425110340118408,6.475446701049805,6.324202537536621,6.475446701049805,6.425110340118408,False,14.0,0.12293839454650879,0.15976636111736298,-0.0005167126655578613,0.0015790611505508423,0.03619236871600151,0.0015089440857991576,0.9993436932563782,-0.04456458240747452,-0.001810999121516943,-0.999004602432251,0.044564515352249146,0.001811206340789795,0.9990047812461853,0.48091980814933777,0.9998345375061035,0.0,-0.01817772537469864,0.0007095884066075087,0.9997483491897583,0.002349630929529667,-0.022289903834462166,0.000853341247420758,0.7063563466072083,0.019071005284786224,-0.012454359792172909,0.7074897885322571
gate_f5_freeform_pose_coupling_probe,770,38.50098419189453,5.7779998779296875,5.873732566833496,5.918213367462158,6.406491279602051,5.918213367462158,5.873732566833496,False,14.0,0.12333947420120239,0.15974636375904083,-0.000440746545791626,0.001701805740594864,0.0364263691008091,0.0014269064413383603,0.9993353486061096,-0.046184241771698,-0.0016635090578347445,-0.9989315271377563,0.046184241771698,0.0016637444496154785,0.9989314079284668,0.5602303147315979,0.9998313188552856,0.0,-0.018356960266828537,0.0006420582649298012,0.9997278451919556,0.0031582980882376432,-0.023100804537534714,0.0007590018794871867,0.7064085602760315,0.02021937072277069,-0.012452519498765469,0.7074057459831238
gate_f5_freeform_pose_coupling_probe,771,38.550994873046875,5.7779998779296875,6.485971450805664,6.5887651443481445,6.252437591552734,6.5887651443481445,6.485971450805664,False,14.0,0.12374424934387207,0.15976005792617798,-0.00036206841468811035,0.0018385350704193115,0.03665288910269737,0.0013410396641120315,0.9993271827697754,-0.047660890966653824,-0.0014244761550799012,-0.9988623857498169,0.047660842537879944,0.0014244914054870605,0.9988624453544617,0.6318005323410034,0.9998281002044678,0.0,-0.018532859161496162,0.0005735190934501588,0.9997076988220215,0.003965182229876518,-0.023839863017201424,0.0006178892799653113,0.7064931392669678,0.021257927641272545,-0.012458584271371365,0.707290768623352
gate_f5_freeform_pose_coupling_probe,772,38.60100555419922,5.7779998779296875,6.109090328216553,6.039391994476318,6.337453842163086,6.039391994476318,6.109090328216553,False,14.0,0.12410604953765869,0.1598028540611267,-0.0002340376377105713,0.0019628088921308517,0.036846548318862915,0.0012612181017175317,0.9993201494216919,-0.049374062567949295,-0.0010667075403034687,-0.9987797737121582,0.04937400668859482,0.0010665655136108398,0.998779833316803,0.7181881666183472,0.9998249411582947,0.0,-0.018705271184444427,0.0005039896350353956,0.9996834397315979,0.004786765668541193,-0.0246968362480402,0.00041526727727614343,0.7066125869750977,0.022067490965127945,-0.012860030867159367,0.7071395516395569
gate_f5_freeform_pose_coupling_probe,773,38.65101623535156,5.7779998779296875,6.161349773406982,6.18708610534668,6.247185707092285,6.18708610534668,6.161349773406982,False,14.0,0.12448069453239441,0.15982705354690552,-0.00012195110321044922,0.0020964648574590683,0.037048909813165665,0.0011791312135756016,0.9993127584457397,-0.05099573731422424,-0.0007705310708843172,-0.998698353767395,0.05099567770957947,0.00077056884765625,0.9986985325813293,0.8003971576690674,0.9998217821121216,0.0,-0.018874041736125946,0.00043348956387490034,0.9996590614318848,0.005561085883527994,-0.025507919490337372,0.0002434968191664666,0.7067162990570068,0.023160358890891075,-0.012913771905004978,0.7069998979568481
gate_f5_freeform_pose_coupling_probe,774,38.701026916503906,5.7779998779296875,5.90252685546875,4.767592906951904,6.769667625427246,4.767592906951904,5.90252685546875,False,14.0,0.12603986263275146,0.15981855988502502,-0.00018522143363952637,0.0016188863664865494,0.03788773715496063,0.000838500855024904,0.999281644821167,-0.047238219529390335,-0.0008642366738058627,-0.9988830089569092,0.047238193452358246,0.000864565372467041,0.9988831281661987,0.537412166595459,0.9998186826705933,0.0,-0.019039016216993332,0.00036203936906531453,0.9997172951698303,0.0026149419136345387,-0.02362675778567791,0.0003704404516611248,0.7066657543182373,0.01958499103784561,-0.013829001225531101,0.707141101360321
gate_f5_freeform_pose_coupling_probe,775,38.75103759765625,5.7779998779296875,6.074483871459961,6.027896404266357,6.31488561630249,6.027896404266357,6.074483871459961,False,14.0,0.12693923711776733,0.15980447828769684,-0.0002884864807128906,0.00174814835190773,0.03835289552807808,0.0006379017140716314,0.9992640614509583,-0.046110980212688446,-0.0009001473663374782,-0.9989358186721802,0.046110913157463074,0.0009000301361083984,0.9989359378814697,0.44499388337135315,0.9998156428337097,0.0,-0.01920003443956375,0.0002896605001296848,0.9997321963310242,0.001854772912338376,-0.02306242287158966,0.0004074072348885238,0.7066522240638733,0.01873757131397724,-0.013878440484404564,0.7071767449378967
gate_f5_freeform_pose_coupling_probe,776,38.801048278808594,5.7779998779296875,5.826260566711426,5.741833209991455,6.423736095428467,5.741833209991455,5.826260566711426,False,14.0,0.12754908204078674,0.1598263531923294,-0.0002873539924621582,0.0017581656575202942,0.038651928305625916,0.0004964851541444659,0.9992526173591614,-0.046598829329013824,-0.0006783152348361909,-0.9989134073257446,0.046598806977272034,0.0006784200668334961,0.9989134073257446,0.4558543562889099,0.9998126029968262,0.0,-0.019356941804289818,0.00021637530880980194,0.9997268915176392,0.0016879956237971783,-0.023306285962462425,0.00029989861650392413,0.7066870927810669,0.01701757125556469,-0.01594207063317299,0.7071418166160583
gate_f5_freeform_pose_coupling_probe,777,38.85105895996094,5.7779998779296875,5.219701290130615,5.157906532287598,6.518102645874023,5.157906532287598,5.219701290130615,False,14.0,0.12828409671783447,0.1598309874534607,-0.0002963244915008545,0.0017138887196779251,0.039006832987070084,0.0003260632511228323,0.999238908290863,-0.04647943750023842,-0.000543543603271246,-0.9989190101623535,0.04647940397262573,0.0005435943603515625,0.9989191293716431,0.4284154176712036,0.9998096823692322,0.0,-0.01950957626104355,0.0001422069763066247,0.9997289180755615,0.001273471163585782,-0.02324632927775383,0.00024223393120337278,0.7067093253135681,0.015841305255889893,-0.01703314669430256,0.7071215510368347
gate_f5_freeform_pose_coupling_probe,778,38.90106964111328,5.7779998779296875,7.111236095428467,6.589054107666016,6.361973762512207,6.589054107666016,7.111236095428467,False,14.0,0.12895044684410095,0.1598115861415863,-0.00033220648765563965,0.0017034895718097687,0.039323896169662476,0.00017245742492377758,0.9992265105247498,-0.046593111008405685,-0.00048136498662643135,-0.9989138841629028,0.046593040227890015,0.0004813075065612793,0.9989138841629028,0.41684067249298096,0.9998067617416382,0.0,-0.01965777762234211,6.717957148794085e-05,0.999727725982666,0.001200973172672093,-0.023303154855966568,0.00021275396284181625,0.706720232963562,0.015465475618839264,-0.017489206045866013,0.7071078419685364
gate_f5_freeform_pose_coupling_probe,779,38.951080322265625,5.7779998779296875,6.026943206787109,6.261220455169678,6.200064659118652,6.261220455169678,6.026943206787109,False,14.0,0.12920239567756653,0.1597909927368164,-0.0002409815788269043,0.002030644565820694,0.039444319903850555,0.00011566575994947925,0.9992217421531677,-0.04868781939148903,-0.0003155292652081698,-0.9988143444061279,0.04868772625923157,0.00031554698944091797,0.998814046382904,0.5300800204277039,0.9998039603233337,0.0,-0.019801387563347816,-8.6819991338416e-06,0.9997010231018066,0.0022442429326474667,-0.024351421743631363,0.00010314495739294216,0.7067629098892212,0.01631511002779007,-0.01812221109867096,0.707030177116394
gate_f5_freeform_pose_coupling_probe,780,39.00109100341797,5.7779998779296875,6.158868789672852,6.090132713317871,6.295299053192139,6.090132713317871,6.158868789672852,False,14.0,0.1295272409915924,0.15977855026721954,-0.00012797117233276367,0.0021141916513442993,0.0395941399037838,4.037262260681018e-05,0.999215841293335,-0.05064675211906433,-7.586757419630885e-05,-0.9987167119979858,0.05064665898680687,7.56978988647461e-05,0.9987166523933411,0.6336560845375061,0.9998011589050293,0.0,-0.019940240308642387,-8.535198867321014e-05,0.9996745586395264,0.003025334095582366,-0.02533150278031826,-3.871506851282902e-05,0.7068390846252441,0.017366919666528702,-0.018457120284438133,0.7069202661514282
gate_f5_freeform_pose_coupling_probe,781,39.05110168457031,5.7779998779296875,1.943642497062683,2.9382071495056152,6.507307529449463,2.9382071495056152,1.943642497062683,False,14.0,0.13028842210769653,0.15978391468524933,-5.2869319915771484e-05,0.002125220373272896,0.03992725908756256,-0.00014218530850484967,0.99920254945755,-0.050492554903030396,9.632625733502209e-05,-0.9987242221832275,0.05049250274896622,-9.644031524658203e-05,0.9987243413925171,0.6068404316902161,0.9997984766960144,0.0,-0.020074177533388138,-0.0001628038298804313,0.999677300453186,0.0027182227931916714,-0.025254108011722565,-0.00011684712808346376,0.7069136500358582,0.01779082790017128,-0.01792416349053383,0.7068488001823425
gate_f5_freeform_pose_coupling_probe,782,39.101112365722656,5.7779998779296875,7.199462890625,6.768342971801758,6.326467037200928,6.768342971801758,7.199462890625,False,14.0,0.1313861906528473,0.15979333221912384,-0.00014632940292358398,0.0017924457788467407,0.04038213565945625,-0.000409790693083778,0.999184250831604,-0.04845348373055458,0.00014431081945076585,-0.9988253116607666,0.04845345765352249,-0.0001443624496459961,0.9988254308700562,0.463094025850296,0.9997958540916443,0.0,-0.020203035324811935,-0.00024101012968458235,0.9997051358222961,0.001508324989117682,-0.024233723059296608,-0.0001087398050003685,0.7069376111030579,0.016625504940748215,-0.017646392807364464,0.7068602442741394
gate_f5_freeform_pose_coupling_probe,783,39.151123046875,5.7779998779296875,6.9700117111206055,6.228709697723389,6.399977684020996,6.228709697723389,6.9700117111206055,False,14.0,0.132113516330719,0.1597752720117569,-0.0001710057258605957,0.0018936283886432648,0.040672432631254196,-0.0005857651121914387,0.9991723895072937,-0.048238012939691544,0.00017934219795279205,-0.998835563659668,0.04823800176382065,-0.00017940998077392578,0.9988359212875366,0.433861643075943,0.9997933506965637,0.0,-0.020326649770140648,-0.0003199427737854421,0.9997080564498901,0.0012671869480982423,-0.024125896394252777,-0.0001202782295877114,0.7069330811500549,0.015806572511792183,-0.01831294782459736,0.7068666815757751
gate_f5_freeform_pose_coupling_probe,784,39.201133728027344,5.7779998779296875,6.71271276473999,6.886111259460449,6.052942276000977,6.886111259460449,6.71271276473999,False,14.0,0.13239702582359314,0.15964007377624512,-9.500980377197266e-05,0.002216251567006111,0.04081343114376068,-0.0006338499952107668,0.9991666078567505,-0.049943480640649796,-2.1466825273819268e-05,-0.9987521171569824,0.049943387508392334,2.1398067474365234e-05,0.9987520575523376,0.5248866677284241,0.9997909069061279,0.0,-0.02044486068189144,-0.00039957280387170613,0.9996849298477173,0.0024648024700582027,-0.0249794851988554,-5.0852104322984815e-05,0.7068490386009216,0.0165187269449234,-0.018807534128427505,0.706921398639679
gate_f5_freeform_pose_coupling_probe,785,39.25114440917969,5.7779998779296875,6.080533027648926,6.002906799316406,6.245868682861328,6.002906799316406,6.080533027648926,False,14.0,0.13273581862449646,0.15953008830547333,3.886222839355469e-05,0.0023700930178165436,0.0409664660692215,-0.0006990408292040229,0.9991602897644043,-0.051837511360645294,-9.552223491482437e-05,-0.9986554384231567,0.051837481558322906,9.548664093017578e-05,0.9986554980278015,0.6252627968788147,0.9997885823249817,0.0,-0.020557506009936333,-0.0004798705340363085,0.9996585249900818,0.0032466871198266745,-0.02592749148607254,-3.642977026174776e-05,0.706817626953125,0.01766483671963215,-0.019002044573426247,0.7069198489189148
gate_f5_freeform_pose_coupling_probe,786,39.30115509033203,5.7779998779296875,3.812027931213379,3.9814882278442383,6.5298075675964355,3.9814882278442383,3.812027931213379,False,14.0,0.13342833518981934,0.1595950722694397,0.00011131167411804199,0.0022989343851804733,0.04119802638888359,-0.0008819102076813579,0.9991506338119507,-0.05212569609284401,0.0003329387691337615,-0.9986400604248047,0.05212567001581192,-0.00033295154571533203,0.9986404776573181,0.627449631690979,0.9997863173484802,0.0,-0.02066442370414734,-0.0005608056089840829,0.9996562600135803,0.002718572271987796,-0.02607116289436817,-0.0002374273317400366,0.7069333791732788,0.016582699492573738,-0.02028873935341835,0.7067945599555969
gate_f5_freeform_pose_coupling_probe,787,39.351165771484375,5.7779998779296875,5.124704837799072,5.340473175048828,6.333990573883057,5.340473175048828,5.124704837799072,False,14.0,0.1343783736228943,0.1597069501876831,4.222989082336426e-05,0.0020793359726667404,0.041487134993076324,-0.0011409643338993192,0.9991384148597717,-0.05075623095035553,0.0007394477725028992,-0.9987106323242188,0.05075616389513016,-0.0007394552230834961,0.9987107515335083,0.5322902798652649,0.9997841715812683,0.0,-0.020765455439686775,-0.0006423469167202711,0.9996763467788696,0.0015890252543613315,-0.025385679677128792,-0.00041019514901563525,0.7070506811141968,0.014712732285261154,-0.021190891042351723,0.706692099571228
gate_f5_freeform_pose_coupling_probe,788,39.40117645263672,5.7779998779296875,5.236120223999023,5.598361968994141,6.277364730834961,5.598361968994141,5.236120223999023,False,14.0,0.13533809781074524,0.1597408652305603,-3.731250762939453e-05,0.002056131139397621,0.04177156835794449,-0.0013921624049544334,0.9991261959075928,-0.04937148839235306,0.0008929689647629857,-0.9987800121307373,0.04937145113945007,-0.0008928775787353516,0.9987800121307373,0.43745478987693787,0.999782145023346,0.0,-0.020860454067587852,-0.0007244742591865361,0.9996945858001709,0.000857862934935838,-0.02469288557767868,-0.00046781045966781676,0.7071145176887512,0.014056653715670109,-0.020867522805929184,0.7066512107849121
gate_f5_freeform_pose_coupling_probe,789,39.45118713378906,5.7779998779296875,5.947491645812988,5.801771640777588,6.379807472229004,5.801771640777588,5.947491645812988,False,14.0,0.13609576225280762,0.1597762405872345,-0.0001049041748046875,0.0019434019923210144,0.0419737808406353,-0.0015944757033139467,0.9991174340248108,-0.048964325338602066,0.0011418601498007774,-0.9987998008728027,0.04896426200866699,-0.0011420249938964844,0.9987999200820923,0.4010508954524994,0.9997802376747131,0.0,-0.020949257537722588,-0.0008071554475463927,0.9996997117996216,0.000619281199760735,-0.024489153176546097,-0.0005862718098796904,0.7072161436080933,0.014232310466468334,-0.020404238253831863,0.7065595984458923
gate_f5_freeform_pose_coupling_probe,790,39.501197814941406,5.7779998779296875,6.524003982543945,6.7955851554870605,6.062528610229492,6.7955851554870605,6.524003982543945,False,14.0,0.1366058588027954,0.15980476140975952,-9.524822235107422e-05,0.0021697059273719788,0.04209839180111885,-0.0017328019021078944,0.9991119503974915,-0.049625761806964874,0.0014008344151079655,-0.9987668991088867,0.04962571710348129,-0.001401066780090332,0.9987670183181763,0.4316007196903229,0.9997783899307251,0.0,-0.0210316963493824,-0.0008903458947315812,0.9996912479400635,0.0009113748092204332,-0.024819884449243546,-0.0007232606876641512,0.7072910070419312,0.014130708761513233,-0.020975179970264435,0.7064700126647949
gate_f5_freeform_pose_coupling_probe,791,39.55120849609375,5.7779998779296875,5.932443141937256,5.8076934814453125,6.312407493591309,5.8076934814453125,5.932443141937256,False,14.0,0.13708290457725525,0.15984919667243958,1.1235475540161133e-05,0.002244727686047554,0.04220260679721832,-0.0018667957047000527,0.999107301235199,-0.050737373530864716,0.0017863038228824735,-0.9987106323242188,0.05073732137680054,-0.0017864704132080078,0.9987105131149292,0.489389568567276,0.9997767210006714,0.0,-0.021107617765665054,-0.0009740117820911109,0.9996770024299622,0.0011071971384808421,-0.025375861674547195,-0.000921545666642487,0.707397997379303,0.013955705799162388,-0.02193913236260414,0.7063370943069458
gate_f5_freeform_pose_coupling_probe,792,39.601219177246094,5.7779998779296875,4.526560306549072,4.512282371520996,6.5011701583862305,4.512282371520996,4.526560306549072,False,14.0,0.13782933354377747,0.15984991192817688,4.500150680541992e-05,0.0021664444357156754,0.04236851632595062,-0.0020631367806345224,0.9990999102592468,-0.0504717081785202,0.001951006124727428,-0.9987237453460693,0.050471700727939606,-0.0019512176513671875,0.9987236857414246,0.46393829584121704,0.9997751712799072,0.0,-0.021176865324378014,-0.0010581188835203648,0.9996805191040039,0.000869663548655808,-0.02524305135011673,-0.0009977747686207294,0.7074681520462036,0.014156040735542774,-0.021550960838794708,0.7062748074531555
gate_f5_freeform_pose_coupling_probe,793,39.65122985839844,5.7779998779296875,7.338107585906982,6.716057777404785,6.265774726867676,6.716057777404785,7.338107585906982,False,14.0,0.13856595754623413,0.1598011702299118,-2.4259090423583984e-05,0.0020547714084386826,0.04252687841653824,-0.0022466371301561594,0.9990928173065186,-0.04995879903435707,0.0019238885724917054,-0.9987492561340332,0.049958713352680206,-0.0019239187240600586,0.9987492561340332,0.42750102281570435,0.9997737407684326,0.0,-0.02123929187655449,-0.0011426323326304555,0.9996868968009949,0.0008691162220202386,-0.02498636767268181,-0.0009839683771133423,0.7074878811836243,0.014780103228986263,-0.020562363788485527,0.7062715291976929
gate_f5_freeform_pose_coupling_probe,794,39.70124053955078,5.7779998779296875,5.788294792175293,5.966870307922363,6.169289588928223,5.966870307922363,5.788294792175293,False,14.0,0.13903465867042542,0.15971454977989197,3.358721733093262e-05,0.002366587519645691,0.04263263940811157,-0.0023503340780735016,0.9990880489349365,-0.05084921047091484,0.0018470430513843894,-0.9987043142318726,0.050849128514528275,-0.0018467903137207031,0.9987046122550964,0.4722982347011566,0.9997724890708923,0.0,-0.021294746547937393,-0.0012275167973712087,0.9996748566627502,0.001532331807538867,-0.025431398302316666,-0.0009628038969822228,0.7074865102767944,0.016317138448357582,-0.019653258845210075,0.7062650322914124
gate_f5_freeform_pose_coupling_probe,795,39.751251220703125,5.7779998779296875,6.138368606567383,6.084573268890381,6.212005615234375,6.084573268890381,6.138368606567383,False,14.0,0.13950076699256897,0.15965119004249573,0.00011706352233886719,0.002412935718894005,0.042724188417196274,-0.0024583633057773113,0.9990838766098022,-0.05181510001420975,0.001883028307929635,-0.998654842376709,0.05181501805782318,-0.0018831491470336914,0.9986550211906433,0.521520733833313,0.9997713565826416,0.0,-0.021343087777495384,-0.0013127364218235016,0.9996612071990967,0.0022128645796328783,-0.025914117693901062,-0.000999197131022811,0.7075310945510864,0.018176734447479248,-0.018474623560905457,0.7062068581581116
gate_f5_freeform_pose_coupling_probe,796,39.80126190185547,5.7779998779296875,6.360130786895752,5.896496772766113,6.3833160400390625,5.896496772766113,6.360130786895752,False,14.0,0.14044341444969177,0.15972623229026794,0.0001093745231628418,0.0021938197314739227,0.04283180087804794,-0.0027272284496575594,0.9990785717964172,-0.05056280270218849,0.002228495432063937,-0.9987183809280396,0.05056275427341461,-0.0022284984588623047,0.9987183809280396,0.444553941488266,0.9997703433036804,0.0,-0.021384170278906822,-0.0013982548844069242,0.9996786713600159,0.0013145776465535164,-0.025288017466664314,-0.0011478596134111285,0.7076415419578552,0.01685473509132862,-0.018912246450781822,0.7061173319816589
gate_f5_freeform_pose_coupling_probe,797,39.85127258300781,5.7779998779296875,6.4113450050354,6.594028472900391,6.032001972198486,6.594028472900391,6.4113450050354,False,14.0,0.140857994556427,0.15972523391246796,0.00013077259063720703,0.0024449508637189865,0.042877838015556335,-0.002837597392499447,0.9990763068199158,-0.05152399092912674,0.0024207960814237595,-0.9986686706542969,0.051523976027965546,-0.0024210214614868164,0.998668909072876,0.49574559926986694,0.9997695088386536,0.0,-0.021417854353785515,-0.0014840353978797793,0.9996650218963623,0.0020487175788730383,-0.025768037885427475,-0.0012636127648875117,0.7077176570892334,0.017838601022958755,-0.018607407808303833,0.7060250639915466
gate_f5_freeform_pose_coupling_probe,798,39.901283264160156,5.7779998779296875,5.935444355010986,5.90366268157959,6.193399429321289,5.90366268157959,5.935444355010986,False,14.0,0.14126214385032654,0.15971869230270386,0.0002206563949584961,0.0025610458105802536,0.04291805997490883,-0.002943916479125619,0.9990742802619934,-0.05288022384047508,0.0026729402597993612,-0.9985975027084351,0.05288016051054001,-0.002673029899597168,0.9985973238945007,0.5712977051734924,0.9997687935829163,0.0,-0.021444005891680717,-0.0015700407093390822,0.999645471572876,0.002767578698694706,-0.02644558623433113,-0.0014101602137088776,0.7078114748001099,0.01898004114627838,-0.018424252048134804,0.7059059739112854
gate_f5_freeform_pose_coupling_probe,799,39.9512939453125,5.7779998779296875,6.711148262023926,6.709883213043213,6.010448455810547,6.709883213043213,6.711148262023926,False,14.0,0.1416490077972412,0.15969476103782654,0.0003192722797393799,0.0027114786207675934,0.04295553267002106,-0.003041085321456194,0.9990723729133606,-0.0541529506444931,0.002831221092492342,-0.998528003692627,0.05415293201804161,-0.0028313398361206055,0.9985285997390747,0.6425489187240601,0.9997682571411133,0.0,-0.021462494507431984,-0.0016562333330512047,0.9996263384819031,0.0033468727488070726,-0.027081552892923355,-0.0015068120555952191,0.707852840423584,0.019331756979227066,-0.018973734229803085,0.7058403491973877
gate_f5_freeform_pose_coupling_probe,800,40.001304626464844,5.7779998779296875,6.11322021484375,6.045089244842529,6.083047866821289,6.045089244842529,6.11322021484375,False,14.0,0.14201322197914124,0.15966163575649261,0.00046190619468688965,0.0028805509209632874,0.042988456785678864,-0.0031296235974878073,0.9990706443786621,-0.055649738758802414,0.0029944980051368475,-0.9984455108642578,0.05564970523118973,-0.0029941797256469727,0.9984456896781921,0.7273927330970764,0.9997678995132446,0.0,-0.02147318795323372,-0.001742575434036553,0.9996041059494019,0.0037933916319161654,-0.02782980352640152,-0.0016034531872719526,0.7078794240951538,0.01927194371819496,-0.020094865933060646,0.7057842016220093
gate_f5_freeform_pose_coupling_probe,801,40.05131530761719,5.7779998779296875,6.216259002685547,6.216522693634033,5.999367713928223,6.216522693634033,6.216259002685547,False,14.0,0.14239764213562012,0.15963073074817657,0.0005826354026794434,0.0030117612332105637,0.04301661252975464,-0.0032240008004009724,0.9990691542625427,-0.05695536360144615,0.00315490853972733,-0.9983720779418945,0.05695532634854317,-0.003154754638671875,0.9983717203140259,0.7996634840965271,0.9997677206993103,0.0,-0.02147596701979637,-0.0018290287116542459,0.9995835423469543,0.0043303389102220535,-0.02848217450082302,-0.0017015003832057118,0.7079034447669983,0.019077908247709274,-0.021215321496129036,0.7057327032089233
gate_f5_freeform_pose_coupling_probe,802,40.10132598876953,5.7779998779296875,7.943287372589111,6.510496139526367,6.337396621704102,6.510496139526367,7.943287372589111,False,14.0,0.14380338788032532,0.1597471982240677,0.0005529224872589111,0.002612689509987831,0.0430089496076107,-0.003634468652307987,0.9990680813789368,-0.053421977907419205,0.0034902608022093773,-0.9985657930374146,0.05342191457748413,-0.0034902095794677734,0.9985657930374146,0.5980709791183472,0.9997676610946655,0.0,-0.02147071063518524,-0.0019155546324327588,0.9996386766433716,0.0023248870857059956,-0.026716439053416252,-0.0018078963039442897,0.7080755829811096,0.018449727445840836,-0.01934036985039711,0.7056304812431335
gate_f5_freeform_pose_coupling_probe,803,40.151336669921875,5.7779998779296875,5.272380352020264,5.489731788635254,6.07399845123291,5.489731788635254,5.272380352020264,False,14.0,0.1444856822490692,0.15982136130332947,0.0005470812320709229,0.002870006486773491,0.04297199472784996,-0.003840468358248472,0.9990689158439636,-0.05311579629778862,0.00385203561745584,-0.9985804557800293,0.05311576649546623,-0.0038520097732543945,0.998581051826477,0.5811455845832825,0.9997677803039551,0.0,-0.021457305178046227,-0.002002114662900567,0.9996428489685059,0.0021030025091022253,-0.026563216000795364,-0.0019825883209705353,0.7081896662712097,0.017741871997714043,-0.019833967089653015,0.7055206298828125
gate_f5_freeform_pose_coupling_probe,804,40.20134735107422,5.7779998779296875,7.330905914306641,6.4881272315979,6.227751731872559,6.4881272315979,7.330905914306641,False,14.0,0.14545711874961853,0.159809872508049,0.0005106627941131592,0.0026004109531641006,0.04291823133826256,-0.004099692218005657,0.9990701675415039,-0.051426585763692856,0.003866533748805523,-0.9986690282821655,0.05142652988433838,-0.003866434097290039,0.9986692070960999,0.48858925700187683,0.999768078327179,0.0,-0.021435638889670372,-0.002088669454678893,0.9996662735939026,0.001355455839075148,-0.025719206780195236,-0.0019687851890921593,0.7082160711288452,0.01732068508863449,-0.019058803096413612,0.705525815486908
gate_f5_freeform_pose_coupling_probe,805,40.25135803222656,5.7779998779296875,5.317657470703125,5.353308200836182,6.176788330078125,5.353308200836182,5.317657470703125,False,14.0,0.1462583839893341,0.1597939133644104,0.0004852116107940674,0.0027230698615312576,0.042846232652664185,-0.0043111322447657585,0.9990723729133606,-0.05058474466204643,0.003914477303624153,-0.9987119436264038,0.05058473348617554,-0.003914475440979004,0.9987120628356934,0.44499388337135315,0.9997684955596924,0.0,-0.02140560746192932,-0.0021751802414655685,0.9996774792671204,0.0009420488495379686,-0.025298666208982468,-0.0019817103166133165,0.7082247734069824,0.016422811895608902,-0.019363198429346085,0.7055302858352661
gate_f5_freeform_pose_coupling_probe,806,40.301368713378906,5.7779998779296875,6.5126752853393555,6.2760396003723145,6.080541610717773,6.2760396003723145,6.5126752853393555,False,14.0,0.14692422747612,0.15978588163852692,0.000479280948638916,0.002729073166847229,0.04276445508003235,-0.00448810588568449,0.9990751147270203,-0.050356652587652206,0.004045781679451466,-0.9987231492996216,0.050356604158878326,-0.004045724868774414,0.998723030090332,0.4365592896938324,0.9997691512107849,0.0,-0.021367115899920464,-0.002261607674881816,0.9996803998947144,0.0008094995864666998,-0.025184720754623413,-0.0020439312793314457,0.7082464098930359,0.01538227777928114,-0.020246228203177452,0.705507218837738
gate_f5_freeform_pose_coupling_probe,807,40.35137939453125,5.7779998779296875,5.792609214782715,5.782990455627441,6.101215362548828,5.782990455627441,5.792609214782715,False,14.0,0.14746800065040588,0.15984171628952026,0.0005241632461547852,0.0028308946639299393,0.042666904628276825,-0.004652974661439657,0.9990785121917725,-0.05082705244421959,0.004431142937391996,-0.9986975193023682,0.0508270263671875,-0.004431247711181641,0.9986976385116577,0.46813690662384033,0.999769926071167,0.0,-0.02132006734609604,-0.002347912173718214,0.9996740818023682,0.0006882656016387045,-0.02542027458548546,-0.0022337953560054302,0.7082928419113159,0.012804260477423668,-0.02316959574818611,0.7054222226142883
gate_f5_freeform_pose_coupling_probe,808,40.401390075683594,5.7779998779296875,5.064696311950684,5.274152755737305,6.145961761474609,5.274152755737305,5.064696311950684,False,14.0,0.1481221318244934,0.15985681116580963,0.0005548298358917236,0.0028251688927412033,0.042546771466732025,-0.004834276158362627,0.9990828037261963,-0.05072440579533577,0.00463823601603508,-0.9987019300460815,0.0507243275642395,-0.004638314247131348,0.9987018704414368,0.4693892300128937,0.9997709393501282,0.0,-0.021264374256134033,-0.0024340543895959854,0.9996753334999084,0.0004205650184303522,-0.02536945976316929,-0.0023305441718548536,0.7083403468132019,0.011966314166784286,-0.0239393450319767,0.7053634524345398
gate_f5_freeform_pose_coupling_probe,809,40.45140075683594,5.7779998779296875,5.723784923553467,5.929792404174805,6.029604911804199,5.929792404174805,5.723784923553467,False,14.0,0.14886367321014404,0.15979237854480743,0.0005500316619873047,0.0028514936566352844,0.04241001978516579,-0.005011315457522869,0.9990877509117126,-0.05007559806108475,0.0045778811909258366,-0.9987349510192871,0.05007554218173027,-0.0045778751373291016,0.9987349510192871,0.44013041257858276,0.9997720718383789,0.0,-0.02119995653629303,-0.002519994741305709,0.9996836185455322,0.0003433306992519647,-0.025044932961463928,-0.0022982663940638304,0.7083659172058105,0.01293280441313982,-0.022508272901177406,0.705367922782898
gate_f5_freeform_pose_coupling_probe,810,40.50141143798828,5.7779998779296875,5.81331205368042,5.698746681213379,6.148731231689453,5.698746681213379,5.81331205368042,False,14.0,0.1495305895805359,0.15977653861045837,0.0005540251731872559,0.0028158389031887054,0.04225514829158783,-0.0051839291118085384,0.9990934133529663,-0.049777671694755554,0.0046978965401649475,-0.9987491369247437,0.04977753758430481,-0.0046977996826171875,0.9987492561340332,0.4325065016746521,0.999773383140564,0.0,-0.02112674154341221,-0.002605693880468607,0.9996870160102844,0.0006663885433226824,-0.02489504963159561,-0.002366278786212206,0.7084839344024658,0.015235112980008125,-0.01998489908874035,0.7052793502807617
gate_f5_freeform_pose_coupling_probe,811,40.551422119140625,5.7779998779296875,6.678899765014648,6.277423858642578,6.079371929168701,6.277423858642578,6.678899765014648,False,14.0,0.15009790658950806,0.15977051854133606,0.0005570054054260254,0.0028499457985162735,0.04210596904158592,-0.005332764238119125,0.9990988969802856,-0.04990648850798607,0.004839079454541206,-0.9987419843673706,0.04990644007921219,-0.004839062690734863,0.9987422823905945,0.44762441515922546,0.9997749328613281,0.0,-0.02104465663433075,-0.002691111760213971,0.9996848106384277,0.001139997155405581,-0.02495831809937954,-0.002448763931170106,0.7085691094398499,0.016614548861980438,-0.018690722063183784,0.7051982283592224
gate_f5_freeform_pose_coupling_probe,812,40.60143280029297,5.7779998779296875,6.168893337249756,6.2752790451049805,5.932825565338135,6.2752790451049805,6.168893337249756,False,14.0,0.15033027529716492,0.1597612500190735,0.0006304681301116943,0.0030874349176883698,0.04204254597425461,-0.005391082726418972,0.9991012811660767,-0.05164550989866257,0.005105702672153711,-0.9986521005630493,0.051645487546920776,-0.005105733871459961,0.9986525774002075,0.5503637790679932,0.9997766017913818,0.0,-0.020953642204403877,-0.0027762092649936676,0.9996604919433594,0.0022253377828747034,-0.025825710967183113,-0.002611208939924836,0.7086561322212219,0.017577530816197395,-0.01895715482532978,0.7050803303718567
gate_f5_freeform_pose_coupling_probe,813,40.65144348144531,5.7779998779296875,6.137907028198242,6.1263837814331055,5.969001293182373,6.1263837814331055,6.137907028198242,False,14.0,0.1506241261959076,0.15975630283355713,0.0007300376892089844,0.0032127350568771362,0.041957102715969086,-0.005467116832733154,0.9991044402122498,-0.05327795445919037,0.005402199923992157,-0.9985648393630981,0.0532778836786747,-0.005401968955993652,0.9985650777816772,0.6495152711868286,0.9997784495353699,0.0,-0.020853644236922264,-0.002860947046428919,0.9996366500854492,0.0030007485765963793,-0.026640309020876884,-0.002782051684334874,0.7087428569793701,0.018079858273267746,-0.0196109339594841,0.704962432384491
gate_f5_freeform_pose_coupling_probe,814,40.701454162597656,5.7779998779296875,6.255600452423096,6.274123191833496,5.896191596984863,6.274123191833496,6.255600452423096,False,14.0,0.15091675519943237,0.1597544103860855,0.0008327066898345947,0.0033621881157159805,0.04186738282442093,-0.005543773993849754,0.9991077780723572,-0.0548335500061512,0.005704659968614578,-0.9984793663024902,0.05483353137969971,-0.005704641342163086,0.9984791874885559,0.7438843846321106,0.9997804760932922,0.0,-0.02074461430311203,-0.0029452855233103037,0.9996120929718018,0.003915937151759863,-0.027415815740823746,-0.0029608372133225203,0.7088278532028198,0.018412647768855095,-0.020380845293402672,0.7048465609550476
gate_f5_freeform_pose_coupling_probe,815,40.75146484375,5.7779998779296875,6.814358234405518,6.796552658081055,5.773040771484375,6.796552658081055,6.814358234405518,False,14.0,0.15187841653823853,0.15977203845977783,0.000988095998764038,0.0034748967736959457,0.0415392629802227,-0.005803526844829321,0.9991199970245361,-0.05299080163240433,0.0057655381970107555,-0.9985783100128174,0.05299071967601776,-0.005765438079833984,0.9985783100128174,0.6573014855384827,0.9997826814651489,0.0,-0.02062651328742504,-0.003029185812920332,0.999640941619873,0.002672322327271104,-0.026497019454836845,-0.0029546385630965233,0.7088083028793335,0.0157404113560915,-0.021760035306215286,0.704889714717865
gate_f5_freeform_pose_coupling_probe,816,40.801475524902344,5.7779998779296875,4.542763710021973,3.9965412616729736,6.345699310302734,3.9965412616729736,4.542763710021973,False,14.0,0.15307244658470154,0.15976513922214508,0.000988006591796875,0.0031750742346048355,0.04108145460486412,-0.006112413946539164,0.9991371035575867,-0.050354477018117905,0.005830979906022549,-0.9987144470214844,0.050354424864053726,-0.005831003189086914,0.9987143874168396,0.5319225192070007,0.9997850060462952,0.0,-0.02049930766224861,-0.00311260879971087,0.9996776580810547,0.0013379715383052826,-0.02518140897154808,-0.0029501328244805336,0.7088834047317505,0.015634100884199142,-0.019995858892798424,0.7048688530921936
gate_f5_freeform_pose_coupling_probe,817,40.85148620605469,5.7779998779296875,5.854956150054932,6.201779365539551,5.83696985244751,6.201779365539551,5.854956150054932,False,14.0,0.15390709042549133,0.15973319113254547,0.0008634626865386963,0.003161804750561714,0.040730055421590805,-0.006315169390290976,0.9991502165794373,-0.048879243433475494,0.005775321740657091,-0.9987881183624268,0.0488792285323143,-0.0057752132415771484,0.9987879395484924,0.46897220611572266,0.9997875690460205,0.0,-0.02036297135055065,-0.0031955158337950706,0.9996964931488037,0.0009854570962488651,-0.02444417029619217,-0.0029126335866749287,0.7088857293128967,0.015383441001176834,-0.019200773909687996,0.7048940658569336
gate_f5_freeform_pose_coupling_probe,818,40.90149688720703,5.7779998779296875,6.3897223472595215,6.142693519592285,6.004587173461914,6.142693519592285,6.3897223472595215,False,14.0,0.15455162525177002,0.15974584221839905,0.0008339285850524902,0.0031498651951551437,0.04042743891477585,-0.006485369056463242,0.999161422252655,-0.04859646037220955,0.0059968652203679085,-0.9988002777099609,0.04859641194343567,-0.0059967041015625,0.9988004565238953,0.46980592608451843,0.9997902512550354,0.0,-0.020217489451169968,-0.0032778680324554443,0.9996995329856873,0.0009908766951411963,-0.024302536621689796,-0.0030234218575060368,0.7089634537696838,0.015170468017458916,-0.01921468786895275,0.7048201560974121
gate_f5_freeform_pose_coupling_probe,819,40.951507568359375,5.7779998779296875,5.852054595947266,5.922138214111328,5.940058708190918,5.922138214111328,5.852054595947266,False,14.0,0.1550256609916687,0.15980041027069092,0.0008600950241088867,0.0032734647393226624,0.040181372314691544,-0.006628687027841806,0.9991704225540161,-0.04909162223339081,0.006365299690514803,-0.9987736940383911,0.04909156262874603,-0.006365299224853516,0.9987741112709045,0.5105240941047668,0.9997930526733398,0.0,-0.020062850788235664,-0.003359627677127719,0.9996926188468933,0.0012365070870146155,-0.02454938180744648,-0.0032139932736754417,0.7090615630149841,0.014386256225407124,-0.020356062799692154,0.7047059535980225
gate_f5_freeform_pose_coupling_probe,820,41.00151824951172,5.7779998779296875,3.9926064014434814,4.9547014236450195,5.957472801208496,4.9547014236450195,3.9926064014434814,False,14.0,0.15561619400978088,0.15983708202838898,0.0008964836597442627,0.0033105090260505676,0.039868634194135666,-0.00679379515349865,0.9991818070411682,-0.04909735172986984,0.0066728126257658005,-0.9987713098526001,0.049097269773483276,-0.006672859191894531,0.9987717270851135,0.5293412804603577,0.9997960925102234,0.0,-0.01989905536174774,-0.0034407563507556915,0.9996922016143799,0.0010788199724629521,-0.02455260418355465,-0.003363929456099868,0.7091454863548279,0.01355973444879055,-0.021192921325564384,0.7046131491661072
gate_f5_freeform_pose_coupling_probe,821,41.05152893066406,5.7779998779296875,6.77605676651001,6.547389030456543,5.940640449523926,6.547389030456543,6.77605676651001,False,14.0,0.15647080540657043,0.1597893089056015,0.0008539557456970215,0.0031498242169618607,0.03941342234611511,-0.006988122593611479,0.9991985559463501,-0.047716207802295685,0.006608801893889904,-0.9988390207290649,0.04771614074707031,-0.006609082221984863,0.998839259147644,0.47518956661224365,0.9997991919517517,0.0,-0.019726110622286797,-0.0035212168004363775,0.9997096061706543,0.00048108905320987105,-0.02386343665421009,-0.003316844580695033,0.7090949416160583,0.01167264673858881,-0.02211114764213562,0.704669713973999
gate_f5_freeform_pose_coupling_probe,822,41.101539611816406,5.7779998779296875,5.358388900756836,5.889893531799316,5.7870330810546875,5.889893531799316,5.358388900756836,False,14.0,0.15716928243637085,0.1597549468278885,0.0009312629699707031,0.0034834258258342743,0.03901541605591774,-0.007146420422941446,0.9992130398750305,-0.04701591283082962,0.006603855174034834,-0.9988721609115601,0.04701586812734604,-0.0066040754318237305,0.9988722801208496,0.46012675762176514,0.9998025298118591,0.0,-0.019544033333659172,-0.0036009717732667923,0.9997178912162781,0.00044435966992750764,-0.02351311780512333,-0.0033133106771856546,0.7090941071510315,0.011209320276975632,-0.022080227732658386,0.7046788930892944
gate_f5_freeform_pose_coupling_probe,823,41.15155029296875,5.7779998779296875,6.05594539642334,6.076562404632568,5.894396781921387,6.076562404632568,6.05594539642334,False,14.0,0.1578415036201477,0.15973594784736633,0.0010316967964172363,0.003472818061709404,0.03860795870423317,-0.007302839774638414,0.99922776222229,-0.0465332567691803,0.006702338345348835,-0.9988939762115479,0.04653318598866463,-0.006702423095703125,0.9988943934440613,0.4549950361251831,0.9998059272766113,0.0,-0.01935284584760666,-0.0036799840163439512,0.9997233748435974,0.0004254331288393587,-0.023271635174751282,-0.003361999522894621,0.709139347076416,0.011207635514438152,-0.021739793941378593,0.7046440839767456
gate_f5_freeform_pose_coupling_probe,824,41.201560974121094,5.7779998779296875,5.865581035614014,5.897727966308594,5.874253749847412,5.897727966308594,5.865581035614014,False,14.0,0.1584891378879547,0.15973787009716034,0.0011025071144104004,0.0035600103437900543,0.03819120675325394,-0.007460786961019039,0.9992426037788391,-0.04613668471574783,0.006863194052129984,-0.9989113807678223,0.046136606484651566,-0.006863236427307129,0.9989115595817566,0.4567120373249054,0.9998095035552979,0.0,-0.019152579829096794,-0.0037582172080874443,0.999727725982666,0.0003797129902523011,-0.023073317483067513,-0.0034412951208651066,0.7092105150222778,0.011404365301132202,-0.021261071786284447,0.7045838236808777
gate_f5_freeform_pose_coupling_probe,825,41.25157165527344,5.7779998779296875,6.036742687225342,6.156659126281738,5.789129734039307,6.156659126281738,6.036742687225342,False,14.0,0.15903827548027039,0.15976710617542267,0.001178145408630371,0.0036498382687568665,0.03781654313206673,-0.007606067229062319,0.9992557764053345,-0.0461452454328537,0.007123797666281462,-0.9989092350006104,0.04614519327878952,-0.007123827934265137,0.9989093542098999,0.4780632555484772,0.9998131990432739,0.0,-0.01894327811896801,-0.0038356357254087925,0.9997270703315735,0.0006567988311871886,-0.02307656966149807,-0.003578031901270151,0.7093107104301453,0.011689461767673492,-0.020981429144740105,0.7044866681098938
gate_f5_freeform_pose_coupling_probe,826,41.30158233642578,5.7779998779296875,6.140652656555176,6.04826545715332,5.822868347167969,6.04826545715332,6.140652656555176,False,14.0,0.1595330536365509,0.15982772409915924,0.0012624561786651611,0.0037109609693288803,0.037459444254636765,-0.007752018980681896,0.9992680549621582,-0.046428367495536804,0.007491543423384428,-0.9988937377929688,0.046428289264440536,-0.007491707801818848,0.9988934397697449,0.5151029229164124,0.9998170137405396,0.0,-0.018724992871284485,-0.0039122034795582294,0.9997227787971497,0.0011026350548490882,-0.023216459900140762,-0.003772416850551963,0.7094447016716003,0.012038053944706917,-0.020833119750022888,0.7043501734733582
gate_f5_freeform_pose_coupling_probe,827,41.351593017578125,5.7779998779296875,3.7482120990753174,4.149301052093506,6.030057907104492,4.149301052093506,3.7482120990753174,False,14.0,0.1601891815662384,0.15984466671943665,0.001294165849685669,0.003683958202600479,0.03698444366455078,-0.007915036752820015,0.9992845058441162,-0.046028196811676025,0.007730224169790745,-0.9989101886749268,0.04602814093232155,-0.007730364799499512,0.9989102482795715,0.5185104608535767,0.9998209476470947,0.0,-0.018497778102755547,-0.003987885545939207,0.9997270107269287,0.0010110203875228763,-0.023016449064016342,-0.0038894438184797764,0.7095515131950378,0.012537682428956032,-0.020046578720211983,0.7042567729949951
gate_f5_freeform_pose_coupling_probe,828,41.40160369873047,5.7779998779296875,6.586844444274902,6.271177768707275,5.901405334472656,6.271177768707275,6.586844444274902,False,14.0,0.16098207235336304,0.15976843237876892,0.0011593401432037354,0.003427419811487198,0.03640765696763992,-0.008063503541052341,0.999304473400116,-0.04478759318590164,0.0076401205733418465,-0.9989672899246216,0.04478754848241806,-0.007639884948730469,0.9989673495292664,0.48091980814933777,0.9998250007629395,0.0,-0.018261706456542015,-0.004062647931277752,0.9997415542602539,0.0006830281345173717,-0.022396964952349663,-0.0038363493513315916,0.7095431089401245,0.012506388127803802,-0.019196582958102226,0.7042894959449768
gate_f5_freeform_pose_coupling_probe,829,41.45161437988281,5.7779998779296875,5.116157054901123,5.191092491149902,6.009598255157471,5.191092491149902,5.116157054901123,False,14.0,0.1616744101047516,0.1597597748041153,0.0010731220245361328,0.003451649099588394,0.03586803376674652,-0.00821777805685997,0.999322772026062,-0.04407886043190956,0.007776044774800539,-0.9989974498748779,0.044078752398490906,-0.00777590274810791,0.9989977478981018,0.4718838036060333,0.999829113483429,0.0,-0.01801685057580471,-0.004136456176638603,0.9997488856315613,0.00094788265414536,-0.022041259333491325,-0.003909896593540907,0.7096514105796814,0.014368992298841476,-0.016816681250929832,0.7042056322097778
gate_f5_freeform_pose_coupling_probe,830,41.501625061035156,5.7779998779296875,5.876060962677002,5.8682355880737305,5.937932014465332,5.8682355880737305,5.876060962677002,False,14.0,0.16232067346572876,0.15973633527755737,0.0010051131248474121,0.003387482836842537,0.035349104553461075,-0.008351976983249187,0.9993401169776917,-0.043480679392814636,0.007834795862436295,-0.9990231990814209,0.04348060116171837,-0.007834792137145996,0.9990234971046448,0.4673002064228058,0.999833345413208,0.0,-0.017763299867510796,-0.004209277220070362,0.9997552633285522,0.0009976240107789636,-0.021741731092333794,-0.003940052352845669,0.7096827030181885,0.014394037425518036,-0.01636660099029541,0.7041841745376587
gate_f5_freeform_pose_coupling_probe,831,41.5516357421875,5.7779998779296875,5.974739074707031,5.809309005737305,5.988673210144043,5.809309005737305,5.974739074707031,False,14.0,0.16295698285102844,0.159738227725029,0.0009673237800598145,0.0033663101494312286,0.03481518104672432,-0.008494204841554165,0.9993576407432556,-0.04298115521669388,0.007984289899468422,-0.9990439414978027,0.04298112541437149,-0.007984280586242676,0.9990440011024475,0.4693892300128937,0.9998376965522766,0.0,-0.017501145601272583,-0.004281077533960342,0.9997605085372925,0.0009570515831001103,-0.02149188332259655,-0.004013674799352884,0.7097491025924683,0.014643851667642593,-0.015760108828544617,0.7041260004043579
gate_f5_freeform_pose_coupling_probe,832,41.601646423339844,5.7779998779296875,6.396157264709473,6.441055774688721,5.81248664855957,6.441055774688721,6.396157264709473,False,14.0,0.16341203451156616,0.15980790555477142,0.0009824931621551514,0.0034840013831853867,0.03440803289413452,-0.008629006333649158,0.9993706345558167,-0.04330071434378624,0.008394801057875156,-0.9990264177322388,0.043300651013851166,-0.008394598960876465,0.9990267753601074,0.5105240941047668,0.9998420476913452,0.0,-0.01723049208521843,-0.004351825453341007,0.9997559785842896,0.0010927256662398577,-0.021651025861501694,-0.0042220898903906345,0.7098625898361206,0.013539577834308147,-0.017100917175412178,0.704002320766449
gate_f5_freeform_pose_coupling_probe,833,41.65165710449219,5.7779998779296875,5.832215785980225,5.87315559387207,5.892351150512695,5.87315559387207,5.832215785980225,False,14.0,0.16383096575737,0.159910187125206,0.001044929027557373,0.0036077089607715607,0.03401758521795273,-0.008771827444434166,0.999382734298706,-0.04404197260737419,0.008976070210337639,-0.9989892244338989,0.044041864573955536,-0.008976221084594727,0.9989893436431885,0.5750529766082764,0.9998465180397034,0.0,-0.01695145294070244,-0.004421489778906107,0.9997464418411255,0.001279830583371222,-0.022020788863301277,-0.0045173633843660355,0.7100287675857544,0.01254276279360056,-0.018634473904967308,0.7038143277168274
gate_f5_freeform_pose_coupling_probe,834,41.70166778564453,5.7779998779296875,5.09243631362915,5.1803975105285645,5.9879536628723145,5.1803975105285645,5.09243631362915,False,14.0,0.16439315676689148,0.15997223556041718,0.001098722219467163,0.003606000915169716,0.03349903225898743,-0.0089247552677989,0.9993988871574402,-0.04398510605096817,0.009340142831206322,-0.9989880323410034,0.043985120952129364,-0.009340286254882812,0.9989885687828064,0.6013339161872864,0.9998510479927063,0.0,-0.01666414737701416,-0.004490038845688105,0.9997461438179016,0.0012965460773557425,-0.021992042660713196,-0.004699778277426958,0.7101193070411682,0.011132505722343922,-0.02001844346523285,0.7037087082862854
gate_f5_freeform_pose_coupling_probe,835,41.751678466796875,5.7779998779296875,6.070919990539551,5.9848809242248535,5.904667854309082,5.9848809242248535,6.070919990539551,False,14.0,0.16505149006843567,0.16000527143478394,0.0011081993579864502,0.0035300422459840775,0.032884351909160614,-0.009081974625587463,0.9994179010391235,-0.043239034712314606,0.0095082251355052,-0.9990196228027344,0.04323892667889595,-0.009507894515991211,0.9990193843841553,0.5947902798652649,0.999855637550354,0.0,-0.01636870577931404,-0.004557442851364613,0.9997543096542358,0.0010554614709690213,-0.02161978743970394,-0.004778105299919844,0.7101560831069946,0.009841387160122395,-0.02079181745648384,0.7036682963371277
gate_f5_freeform_pose_coupling_probe,836,41.80168914794922,5.7779998779296875,6.012212753295898,5.985937595367432,5.874979019165039,5.985937595367432,6.012212753295898,False,14.0,0.16574198007583618,0.1600019335746765,0.00109940767288208,0.0035901032388210297,0.032229237258434296,-0.009224845096468925,0.9994379281997681,-0.04245270416140556,0.009618258103728294,-0.9990524053573608,0.042452678084373474,-0.009618282318115234,0.9990522861480713,0.5858404636383057,0.9998602271080017,0.0,-0.016065267845988274,-0.00462367245927453,0.999762773513794,0.0007777994615025818,-0.021227633580565453,-0.004826785065233707,0.7101597189903259,0.008128353394567966,-0.02196246199309826,0.7036510705947876
gate_f5_freeform_pose_coupling_probe,837,41.85169982910156,5.7779998779296875,5.804683208465576,5.825349807739258,5.893367290496826,5.825349807739258,5.804683208465576,False,14.0,0.16637438535690308,0.15998977422714233,0.0011044740676879883,0.003638405352830887,0.03161471337080002,-0.009348386898636818,0.9994564056396484,-0.04198361933231354,0.009764931164681911,-0.9990706443786621,0.04198359698057175,-0.009765028953552246,0.9990705251693726,0.595447838306427,0.9998648762702942,0.0,-0.015753978863358498,-0.004688698332756758,0.9997673630714417,0.0007489377749152482,-0.020993024110794067,-0.004899328108876944,0.7101650238037109,0.006362903397530317,-0.023412004113197327,0.7036170959472656
gate_f5_freeform_pose_coupling_probe,838,41.901710510253906,5.7779998779296875,5.951371669769287,6.426486015319824,5.619808197021484,6.426486015319824,5.951371669769287,False,14.0,0.16723236441612244,0.15984845161437988,0.0012241899967193604,0.003887515515089035,0.030781026929616928,-0.009444961324334145,0.9994814991950989,-0.04002388194203377,0.0092729227617383,-0.9991556406021118,0.040023840963840485,-0.009273290634155273,0.9991557598114014,0.5300800204277039,0.9998695850372314,0.0,-0.015434997156262398,-0.004752492997795343,0.999788761138916,0.0005027516162954271,-0.020013833418488503,-0.0046475050039589405,0.7100620865821838,0.007193491794168949,-0.02117708884179592,0.7037838697433472
gate_f5_freeform_pose_coupling_probe,839,41.95172119140625,5.7779998779296875,5.48049259185791,5.763314723968506,5.783552646636963,5.763314723968506,5.48049259185791,False,14.0,0.16787418723106384,0.15985159575939178,0.0013416707515716553,0.003946533426642418,0.030117405578494072,-0.009571744129061699,0.9995005130767822,-0.03949049860239029,0.009441377595067024,-0.9991756677627563,0.039490457624197006,-0.009441494941711426,0.9991754293441772,0.5370479226112366,0.9998742938041687,0.0,-0.015108485706150532,-0.004815028980374336,0.9997936487197876,0.0006927325739525259,-0.019746044650673866,-0.004735344555228949,0.7101622819900513,0.008226859383285046,-0.019756389781832695,0.7037127614021301
gate_f5_freeform_pose_coupling_probe,840,42.001731872558594,5.7779998779296875,5.715004920959473,5.973065376281738,5.714704513549805,5.973065376281738,5.715004920959473,False,14.0,0.16843125224113464,0.15989252924919128,0.00142630934715271,0.004023721441626549,0.029522061347961426,-0.009700610302388668,0.9995170831680298,-0.039230093359947205,0.009714819490909576,-0.9991827011108398,0.03923000395298004,-0.009714841842651367,0.9991830587387085,0.555671215057373,0.9998789429664612,0.0,-0.014774616807699203,-0.004876279272139072,0.9997951984405518,0.0009529583039693534,-0.019614417105913162,-0.004877100232988596,0.7102767825126648,0.008708232082426548,-0.019086923450231552,0.703609824180603
gate_f5_freeform_pose_coupling_probe,841,42.05174255371094,5.7779998779296875,6.962808609008789,6.70138692855835,5.6580352783203125,6.70138692855835,6.962808609008789,False,14.0,0.16895636916160583,0.15984822809696198,0.0015165209770202637,0.004121419042348862,0.028966423124074936,-0.009774844162166119,0.9995325803756714,-0.039105430245399475,0.009703926742076874,-0.999187707901001,0.03910541534423828,-0.009703755378723145,0.9991877675056458,0.5828266739845276,0.9998836517333984,0.0,-0.014433573000133038,-0.00493621826171875,0.9997963309288025,0.0010754355462267995,-0.019551455974578857,-0.004873982630670071,0.7102639675140381,0.008294215425848961,-0.019416237249970436,0.703618586063385
gate_f5_freeform_pose_coupling_probe,842,42.10175323486328,5.7779998779296875,6.262712001800537,5.9694318771362305,5.747832775115967,5.9694318771362305,6.262712001800537,False,14.0,0.16951099038124084,0.15979965031147003,0.0016084909439086914,0.0042275842279195786,0.028369128704071045,-0.009849795140326023,0.9995489716529846,-0.03897594287991524,0.009704748168587685,-0.9991929531097412,0.03897589445114136,-0.009704947471618652,0.9991929531097412,0.6084505915641785,0.9998883008956909,0.0,-0.014085541479289532,-0.004994821269065142,0.9997975826263428,0.0011333440197631717,-0.01948639005422592,-0.0048754457384347916,0.7102537751197815,0.00782377365976572,-0.01979905180633068,0.7036237120628357
gate_f5_freeform_pose_coupling_probe,843,42.151763916015625,5.7779998779296875,3.330003023147583,3.1474008560180664,6.126704692840576,3.1474008560180664,3.330003023147583,False,14.0,0.17043223977088928,0.15979047119617462,0.0015444457530975342,0.003984956070780754,0.027340702712535858,-0.010009190998971462,0.9995760321617126,-0.03722911700606346,0.009834108874201775,-0.9992585182189941,0.0372290164232254,-0.009834051132202148,0.999258279800415,0.567862331867218,0.9998929500579834,0.0,-0.013730720616877079,-0.0050520640797913074,0.9998143315315247,0.0007330621010623872,-0.018614398315548897,-0.004931615665555,0.7103725075721741,0.009397140704095364,-0.016969503834843636,0.7035585045814514
gate_f5_freeform_pose_coupling_probe,844,42.20177459716797,5.7779998779296875,7.112198829650879,6.77293586730957,5.781729221343994,6.77293586730957,7.112198829650879,False,14.0,0.17118418216705322,0.1597742885351181,0.0013439953327178955,0.0036682002246379852,0.02648218534886837,-0.010129918344318867,0.99959796667099,-0.03557495027780533,0.009812155738472939,-0.9993188381195068,0.03557487204670906,-0.009811997413635254,0.9993188381195068,0.5211454033851624,0.9998975992202759,0.0,-0.01336931437253952,-0.005107922945171595,0.9998294115066528,0.0007480852073058486,-0.01778682880103588,-0.0049202232621610165,0.7104108333587646,0.010266679339110851,-0.014915519393980503,0.7035542130470276
gate_f5_freeform_pose_coupling_probe,845,42.25178527832031,5.7779998779296875,5.202436923980713,5.268787860870361,5.92519474029541,5.268787860870361,5.202436923980713,False,14.0,0.17187467217445374,0.1597668081521988,0.0012488961219787598,0.00375392846763134,0.025676898658275604,-0.010241412557661533,0.9996178150177002,-0.0345604345202446,0.009886370040476322,-0.9993536472320557,0.034560419619083405,-0.009886384010314941,0.9993535876274109,0.5105240941047668,0.9999021291732788,0.0,-0.013001534156501293,-0.0051623759791255,0.9998380541801453,0.0008198790019378066,-0.017278950661420822,-0.004958154633641243,0.7104688286781311,0.011139227077364922,-0.013313353061676025,0.7035144567489624
gate_f5_freeform_pose_coupling_probe,846,42.301795959472656,5.7779998779296875,6.256303787231445,6.2947916984558105,5.75958251953125,6.2947916984558105,6.256303787231445,False,14.0,0.17232665419578552,0.15982681512832642,0.0012241899967193604,0.0037990380078554153,0.025131428614258766,-0.010350283235311508,0.9996305704116821,-0.03466539829969406,0.010217081755399704,-0.9993467330932617,0.03466535359621048,-0.01021730899810791,0.9993466734886169,0.5471546053886414,0.9999066591262817,0.0,-0.012627601623535156,-0.005215401295572519,0.9998360872268677,0.0010793093824759126,-0.017330005764961243,-0.005128085613250732,0.7105497121810913,0.009452824480831623,-0.0150919109582901,0.7034215927124023
gate_f5_freeform_pose_coupling_probe,847,42.351806640625,5.7779998779296875,5.8033447265625,5.810293197631836,5.844432830810547,5.810293197631836,5.8033447265625,False,14.0,0.17277467250823975,0.15989921987056732,0.0012497901916503906,0.003878796473145485,0.02458314783871174,-0.010464617051184177,0.9996430277824402,-0.035022713243961334,0.010635275393724442,-0.9993300437927246,0.035022664815187454,-0.01063525676727295,0.9993299841880798,0.5980709791183472,0.9999111294746399,0.0,-0.012247742153704166,-0.0052669779397547245,0.9998317956924438,0.0011942600831389427,-0.017507925629615784,-0.0053394450806081295,0.7106488347053528,0.0076181585900485516,-0.01720116101205349,0.7032953500747681
gate_f5_freeform_pose_coupling_probe,848,42.401817321777344,5.7779998779296875,4.836043357849121,4.712484359741211,6.068094253540039,4.712484359741211,4.836043357849121,False,14.0,0.1734052300453186,0.15994471311569214,0.0012635886669158936,0.003774033859372139,0.023811373859643936,-0.01059065479785204,0.9996603727340698,-0.03442465141415596,0.010898234322667122,-0.9993476867675781,0.034424588084220886,-0.010898351669311523,0.9993478655815125,0.6087720990180969,0.9999154806137085,0.0,-0.011862189508974552,-0.005317085888236761,0.9998364448547363,0.0009706315468065441,-0.01720983348786831,-0.005466715432703495,0.710730791091919,0.006771804299205542,-0.017632508650422096,0.7032104730606079
gate_f5_freeform_pose_coupling_probe,849,42.45182800292969,5.7779998779296875,5.898663520812988,5.889790058135986,5.8634748458862305,5.889790058135986,5.898663520812988,False,14.0,0.17400556802749634,0.15996983647346497,0.0012293756008148193,0.003678005188703537,0.023069659247994423,-0.010697557590901852,0.9996766448020935,-0.03362121060490608,0.011016739532351494,-0.9993737936019897,0.03362114354968071,-0.011016607284545898,0.9993739128112793,0.6052260398864746,0.9999198317527771,0.0,-0.011471183970570564,-0.005365706514567137,0.9998430609703064,0.0008568928460590541,-0.016808509826660156,-0.005523639731109142,0.7107961773872375,0.007181881926953793,-0.016647201031446457,0.7031643390655518
gate_f5_freeform_pose_coupling_probe,850,42.50183868408203,5.7779998779296875,6.1542510986328125,6.226953983306885,5.764925479888916,6.226953983306885,6.1542510986328125,False,14.0,0.17468944191932678,0.15992505848407745,0.0011974871158599854,0.003788106143474579,0.022224310785531998,-0.010772641748189926,0.9996949434280396,-0.03258923813700676,0.010926750488579273,-0.9994088411331177,0.03258918598294258,-0.010926961898803711,0.9994091987609863,0.5938025116920471,0.9999240040779114,0.0,-0.011074972338974476,-0.005412821192294359,0.9998519420623779,0.0007366491481661797,-0.0162929967045784,-0.005476188380271196,0.7107322812080383,0.005141652189195156,-0.0179749708622694,0.703214168548584
gate_f5_freeform_pose_coupling_probe,851,42.551849365234375,5.7779998779296875,4.960402011871338,5.324639320373535,5.883753776550293,5.324639320373535,4.960402011871338,False,14.0,0.17540177702903748,0.15989947319030762,0.0012175142765045166,0.00383579358458519,0.02132805995643139,-0.01085926778614521,0.9997135400772095,-0.0315709188580513,0.010930080898106098,-0.9994415044784546,0.03157086670398712,-0.010930180549621582,0.9994418025016785,0.5868416428565979,0.9999281167984009,0.0,-0.010673807933926582,-0.005458412691950798,0.9998602271080017,0.0005095675005577505,-0.01578487642109394,-0.005473848897963762,0.7107147574424744,0.0037087039090692997,-0.018699077889323235,0.7032219767570496
gate_f5_freeform_pose_coupling_probe,852,42.60186004638672,5.7779998779296875,5.947022438049316,6.2343339920043945,5.696979522705078,6.2343339920043945,5.947022438049316,False,14.0,0.17623552680015564,0.15980732440948486,0.0012538731098175049,0.003955455496907234,0.02027205005288124,-0.01091755460947752,0.9997348785400391,-0.029712537303566933,0.010675085708498955,-0.9995015859603882,0.029712462797760963,-0.010675191879272461,0.9995014667510986,0.5417637228965759,0.9999321699142456,0.0,-0.010267948731780052,-0.0055024647153913975,0.9998753070831299,0.00037395249819383025,-0.014856122434139252,-0.005343764554709196,0.7106777429580688,0.0045010922476649284,-0.016575107350945473,0.7033079862594604
gate_f5_freeform_pose_coupling_probe,853,42.65187072753906,5.7779998779296875,5.028046607971191,4.656621932983398,6.185858726501465,4.656621932983398,5.028046607971191,False,14.0,0.1768600046634674,0.15981753170490265,0.0012439489364624023,0.003694957122206688,0.019460268318653107,-0.011005583219230175,0.9997500777244568,-0.029123738408088684,0.010869628749787807,-0.9995167255401611,0.029123689979314804,-0.010869622230529785,0.9995167851448059,0.5532007217407227,0.999936044216156,0.0,-0.00985766015946865,-0.005544961895793676,0.9998789429664612,0.0006650191498920321,-0.014560011215507984,-0.005445156246423721,0.7107977867126465,0.006449259351938963,-0.014188549481332302,0.7032237648963928
gate_f5_freeform_pose_coupling_probe,854,42.701881408691406,5.7779998779296875,6.34725284576416,6.370964527130127,5.762355804443359,6.370964527130127,6.34725284576416,False,14.0,0.1772262156009674,0.15983344614505768,0.0011849701404571533,0.0037245191633701324,0.01897931471467018,-0.011061947792768478,0.9997586607933044,-0.029275231063365936,0.011006366461515427,-0.9995108842849731,0.029275164008140564,-0.011006474494934082,0.9995107650756836,0.5901665687561035,0.9999397993087769,0.0,-0.009443210437893867,-0.005585889797657728,0.9998765587806702,0.001517340075224638,-0.014631036669015884,-0.005526065826416016,0.7108580470085144,0.007170573808252811,-0.013567628338932991,0.7031680345535278
gate_f5_freeform_pose_coupling_probe,855,42.75189208984375,5.7779998779296875,8.776626586914062,8.743907928466797,5.516016483306885,8.743907928466797,8.776626586914062,False,14.0,0.17756381630897522,0.15984076261520386,0.0012663006782531738,0.003989029675722122,0.01853461004793644,-0.011108504608273506,0.9997665286064148,-0.02968529239296913,0.011140428483486176,-0.9994972944259644,0.029685260728001595,-0.01114034652709961,0.9994972348213196,0.6388841271400452,0.9999434351921082,0.0,-0.009024875238537788,-0.005625233985483646,0.9998716711997986,0.0022999837528914213,-0.014831658452749252,-0.005605046171694994,0.7109013795852661,0.007265981286764145,-0.01376328431069851,0.7031195163726807
gate_f5_freeform_pose_coupling_probe,856,42.801902770996094,5.7779998779296875,5.414082050323486,5.530835151672363,5.751157283782959,5.530835151672363,5.414082050323486,False,14.0,0.17800268530845642,0.15985825657844543,0.0014607012271881104,0.004341853782534599,0.017952438443899155,-0.011172681115567684,0.9997764229774475,-0.03017570450901985,0.011384458281099796,-0.9994798898696899,0.030175697058439255,-0.011384725570678711,0.9994798898696899,0.6999750733375549,0.9999469518661499,0.0,-0.008602933026850224,-0.005662982817739248,0.9998657703399658,0.002897131023928523,-0.015073255635797977,-0.005736668594181538,0.7109981775283813,0.008179900236427784,-0.013188698329031467,0.7030226588249207
gate_f5_freeform_pose_coupling_probe,857,42.85191345214844,5.7779998779296875,6.173239231109619,6.295672416687012,5.6068806648254395,6.295672416687012,6.173239231109619,False,14.0,0.178428053855896,0.1598706692457199,0.0016034841537475586,0.0044482555240392685,0.017385559156537056,-0.011230692267417908,0.9997857809066772,-0.030531084164977074,0.01159299910068512,-0.9994664192199707,0.030531052500009537,-0.011592745780944824,0.9994664788246155,0.7543329000473022,0.9999503493309021,0.0,-0.008177668787539005,-0.0056991237215697765,0.9998606443405151,0.0034479841124266386,-0.015247496776282787,-0.005849888082593679,0.7110739946365356,0.008571906015276909,-0.013045519590377808,0.7029438018798828
gate_f5_freeform_pose_coupling_probe,858,42.90192413330078,5.7779998779296875,3.8162357807159424,3.096125602722168,6.186165809631348,3.096125602722168,3.8162357807159424,False,14.0,0.17984062433242798,0.15981800854206085,0.0014741718769073486,0.003975454717874527,0.015492700040340424,-0.011354319751262665,0.9998155236244202,-0.026409050449728966,0.011431139893829823,-0.9995859861373901,0.02640901692211628,-0.011431217193603516,0.9995858669281006,0.6255756616592407,0.9999535083770752,0.0,-0.007749369367957115,-0.00573364645242691,0.9998952746391296,0.0015644046943634748,-0.013196932151913643,-0.005736816208809614,0.7110658288002014,0.008634303696453571,-0.010049707256257534,0.7030006051063538
gate_f5_freeform_pose_coupling_probe,859,42.951934814453125,5.7779998779296875,5.48490571975708,6.007284164428711,5.700815200805664,6.007284164428711,5.48490571975708,False,14.0,0.1806744635105133,0.15977926552295685,0.0012884438037872314,0.0038861874490976334,0.014362392947077751,-0.01141451857984066,0.9998316764831543,-0.024279264733195305,0.011225289665162563,-0.999642014503479,0.02427922748029232,-0.011225461959838867,0.9996422529220581,0.568206787109375,0.9999566078186035,0.0,-0.007318326272070408,-0.005766540300101042,0.9999099969863892,0.00100011529866606,-0.012135098688304424,-0.005625287536531687,0.7109999656677246,0.007599972188472748,-0.009580671787261963,0.703085720539093
gate_f5_freeform_pose_coupling_probe,860,43.00194549560547,5.7779998779296875,6.171351909637451,5.678762435913086,6.042171001434326,5.678762435913086,6.171351909637451,False,14.0,0.1813400685787201,0.15980151295661926,0.0011861026287078857,0.0036691613495349884,0.013448940590023994,-0.011492299847304821,0.9998435378074646,-0.023230159655213356,0.011325961910188198,-0.9996658563613892,0.02323008142411709,-0.011326074600219727,0.999666154384613,0.5591815114021301,0.9999594688415527,0.0,-0.006884833797812462,-0.005797796882688999,0.999916136264801,0.0008135630050674081,-0.011611438356339931,-0.005672903265804052,0.7110251784324646,0.006145603489130735,-0.010305404663085938,0.7030642628669739
gate_f5_freeform_pose_coupling_probe,861,43.05195617675781,5.7779998779296875,5.466514587402344,5.534238815307617,5.932791709899902,5.534238815307617,5.466514587402344,False,14.0,0.1819351613521576,0.15983040630817413,0.0011110007762908936,0.0036882031708955765,0.012627850286662579,-0.011564682237803936,0.9998533725738525,-0.02244826965034008,0.011435871943831444,-0.9996824264526367,0.022448183968663216,-0.011435985565185547,0.9996825456619263,0.5630174875259399,0.9999622106552124,0.0,-0.006449190434068441,-0.005827407818287611,0.9999203681945801,0.0006762747070752084,-0.011221155524253845,-0.005725980270653963,0.7110475897789001,0.0045415256172418594,-0.011371875181794167,0.7030372023582458
gate_f5_freeform_pose_coupling_probe,862,43.101966857910156,5.7779998779296875,5.406054496765137,5.469650745391846,5.958759307861328,5.469650745391846,5.406054496765137,False,14.0,0.18246448040008545,0.15987816452980042,0.0010860264301300049,0.003659268841147423,0.01189328357577324,-0.011640924029052258,0.9998615384101868,-0.022065699100494385,0.011620483361184597,-0.9996887445449829,0.022065728902816772,-0.011620640754699707,0.999688982963562,0.582490861415863,0.9999647736549377,0.0,-0.00601169653236866,-0.00585536565631628,0.999921977519989,0.0006435878458432853,-0.011029966175556183,-0.005817794241011143,0.7110880017280579,0.002849978394806385,-0.012811562977731228,0.7029805183410645
gate_f5_freeform_pose_coupling_probe,863,43.1519775390625,5.7779998779296875,5.751553058624268,5.787245750427246,5.918590545654297,5.787245750427246,5.751553058624268,False,14.0,0.1829725205898285,0.15993119776248932,0.0010735690593719482,0.0036286767572164536,0.011186080053448677,-0.011716718785464764,0.9998688101768494,-0.021761178970336914,0.011824073269963264,-0.9996930360794067,0.021761083975434303,-0.01182401180267334,0.9996932148933411,0.6061952710151672,0.9999671578407288,0.0,-0.005572653841227293,-0.0058816648088395596,0.999923050403595,0.0006333848577924073,-0.010877677239477634,-0.0059193819761276245,0.7111311554908752,0.0011653390247374773,-0.014300254173576832,0.7029129266738892
gate_f5_freeform_pose_coupling_probe,864,43.201988220214844,5.7779998779296875,5.189445495605469,5.690651893615723,5.796353816986084,5.690651893615723,5.189445495605469,False,14.0,0.18365365266799927,0.15991100668907166,0.0010610222816467285,0.0038386639207601547,0.010242939926683903,-0.011756368912756443,0.9998784065246582,-0.020887291058897972,0.011818522587418556,-0.9997117519378662,0.020887264981865883,-0.011818647384643555,0.9997119903564453,0.6100564002990723,0.9999693632125854,0.0,-0.005132367368787527,-0.005906299687922001,0.9999278783798218,0.0002939270343631506,-0.010442661121487617,-0.005912757012993097,0.7110931873321533,-0.0011240747990086675,-0.015994757413864136,0.7029149532318115
gate_f5_freeform_pose_coupling_probe,865,43.25199890136719,5.7779998779296875,5.357691287994385,5.288280487060547,6.032712936401367,5.288280487060547,5.357691287994385,False,14.0,0.18439021706581116,0.1598803997039795,0.0010596513748168945,0.0037223249673843384,0.009220997802913189,-0.011789107695221901,0.999888002872467,-0.019698187708854675,0.01179530005902052,-0.9997363090515137,0.01969808340072632,-0.01179516315460205,0.9997363686561584,0.6006827354431152,0.9999713897705078,0.0,-0.004691143054515123,-0.005929265636950731,0.9999340772628784,6.846213364042342e-05,-0.009849338792264462,-0.005898713134229183,0.7111024856567383,-0.0011692127445712686,-0.015194364823400974,0.7029231786727905
gate_f5_freeform_pose_coupling_probe,866,43.30200958251953,5.7779998779296875,5.212663173675537,5.4800004959106445,5.91473388671875,5.4800004959106445,5.212663173675537,False,14.0,0.18516692519187927,0.15981817245483398,0.0010239779949188232,0.003793664276599884,0.00814314279705286,-0.011798997409641743,0.9998972415924072,-0.018127085641026497,0.011663340032100677,-0.9997676610946655,0.018127063289284706,-0.011663436889648438,0.9997678399085999,0.5709551572799683,0.9999732375144958,0.0,-0.004249288234859705,-0.005950559861958027,0.999941885471344,0.00028691638726741076,-0.009062395431101322,-0.005834609270095825,0.7111402750015259,0.002320894505828619,-0.010545368306338787,0.7029673457145691
gate_f5_freeform_pose_coupling_probe,867,43.352020263671875,5.7779998779296875,5.883609771728516,5.971182346343994,5.902153968811035,5.971182346343994,5.883609771728516,False,14.0,0.18585911393165588,0.15978696942329407,0.0010046958923339844,0.0037673283368349075,0.007180011365562677,-0.01181920524686575,0.9999043941497803,-0.016970451921224594,0.0116227176040411,-0.9997881650924683,0.016970403492450714,-0.01162254810333252,0.9997883439064026,0.5616256594657898,0.9999749064445496,0.0,-0.003807110246270895,-0.005970179568976164,0.9999469518661499,0.000383589620469138,-0.008483445271849632,-0.005814921110868454,0.711155116558075,0.003679287852719426,-0.008348304778337479,0.702975869178772
gate_f5_freeform_pose_coupling_probe,868,43.40203094482422,5.7779998779296875,6.603209018707275,6.216099739074707,5.947573661804199,6.216099739074707,6.603209018707275,False,14.0,0.18645572662353516,0.1597740650177002,0.000997781753540039,0.0037633348256349564,0.006349103059619665,-0.011842556297779083,0.9999096989631653,-0.016311248764395714,0.011629119515419006,-0.9997988939285278,0.01631121151149273,-0.011629223823547363,0.999799370765686,0.5709551572799683,0.999976396560669,0.0,-0.003364917589351535,-0.005988122895359993,0.9999495148658752,0.0006325504509732127,-0.008152354508638382,-0.00582001032307744,0.7111665606498718,0.004022176843136549,-0.007532547693699598,0.7029717564582825
gate_f5_freeform_pose_coupling_probe,869,43.45204162597656,5.7779998779296875,5.787710189819336,5.758582592010498,5.940381050109863,5.758582592010498,5.787710189819336,False,14.0,0.18677273392677307,0.1597742885351181,0.0010273158550262451,0.003841521218419075,0.005907486192882061,-0.01185842789709568,0.9999122619628906,-0.016965152695775032,0.01173334289342165,-0.9997870922088623,0.0169651098549366,-0.011733293533325195,0.9997872114181519,0.6339647769927979,0.999977707862854,0.0,-0.002923018764704466,-0.006004389375448227,0.9999457597732544,0.0014287927187979221,-0.008474636822938919,-0.005879099015146494,0.7111892700195312,0.003283081576228142,-0.008745661936700344,0.7029384970664978
gate_f5_freeform_pose_coupling_probe,870,43.502052307128906,5.7779998779296875,6.025473594665527,6.046201705932617,5.8683319091796875,6.046201705932617,6.025473594665527,False,14.0,0.1871451437473297,0.15978054702281952,0.0010584890842437744,0.0039009153842926025,0.005388795863837004,-0.011879980564117432,0.9999148845672607,-0.017381178215146065,0.011850578710436821,-0.9997788667678833,0.017381150275468826,-0.011850714683532715,0.999778687953949,0.68756502866745,0.99997878074646,0.0,-0.0024817215744405985,-0.006018979474902153,0.9999426603317261,0.0020310429390519857,-0.008679015561938286,-0.005943257827311754,0.7112217545509338,0.0028965664096176624,-0.009433046914637089,0.7028984427452087
gate_f5_freeform_pose_coupling_probe,871,43.55206298828125,5.7779998779296875,3.119170665740967,3.83208966255188,6.106474876403809,3.83208966255188,3.119170665740967,False,14.0,0.18785986304283142,0.1597907692193985,0.0010824799537658691,0.0038678590208292007,0.0043950919061899185,-0.01191699504852295,0.9999193549156189,-0.016241783276200294,0.011922253295779228,-0.9997966289520264,0.016241762787103653,-0.011922359466552734,0.9997970461845398,0.6783969402313232,0.9999797344207764,0.0,-0.002041332656517625,-0.006031894590705633,0.9999476075172424,0.001754374010488391,-0.008110832422971725,-0.0059756687842309475,0.7112546563148499,0.002688629785552621,-0.008833137340843678,0.7028738260269165
gate_f5_freeform_pose_coupling_probe,872,43.602073669433594,5.7779998779296875,5.550884246826172,6.037245273590088,5.772005558013916,6.037245273590088,5.550884246826172,False,14.0,0.18873512744903564,0.15977813303470612,0.0010283291339874268,0.003886055201292038,0.003183061024174094,-0.011939935386180878,0.9999236464500427,-0.014192481525242329,0.011845847591757774,-0.9998286962509155,0.014192422851920128,-0.01184546947479248,0.9998290538787842,0.6311807632446289,0.9999804496765137,0.0,-0.0016021585324779153,-0.006043136119842529,0.999956488609314,0.0011729559628292918,-0.007089591585099697,-0.005931497551500797,0.7112416625022888,0.0024456747341901064,-0.0076209004037082195,0.7029019594192505
gate_f5_freeform_pose_coupling_probe,873,43.65208435058594,5.7779998779296875,6.2711052894592285,5.95213508605957,6.004702568054199,5.95213508605957,6.2711052894592285,False,14.0,0.18928954005241394,0.15981200337409973,0.0010094046592712402,0.003772599622607231,0.0024169848766177893,-0.011979050934314728,0.9999253153800964,-0.013733136467635632,0.012003503739833832,-0.9998331069946289,0.013733082450926304,-0.012003421783447266,0.9998336434364319,0.6486108899116516,0.9999809861183167,0.0,-0.0011645033955574036,-0.006052707321941853,0.9999571442604065,0.0015099123120307922,-0.006857783999294043,-0.006012363824993372,0.7113043069839478,0.002815005136653781,-0.00692075677216053,0.702844500541687
gate_f5_freeform_pose_coupling_probe,874,43.70209503173828,5.7779998779296875,4.583724021911621,4.988986492156982,5.998726844787598,4.988986492156982,4.583724021911621,False,14.0,0.18994775414466858,0.15982702374458313,0.000993877649307251,0.003818044438958168,0.0015120181487873197,-0.012005509808659554,0.9999268054962158,-0.012774772942066193,0.012061799876391888,-0.9998455047607422,0.012774720788002014,-0.012061595916748047,0.999845564365387,0.6458899974822998,0.9999813437461853,0.0,-0.0007286696345545352,-0.006060612387955189,0.9999603629112244,0.0014184861211106181,-0.006379071623086929,-0.006040188018232584,0.711330235004425,0.00272384169511497,-0.006331327371299267,0.7028241157531738
gate_f5_freeform_pose_coupling_probe,875,43.752105712890625,5.7779998779296875,5.931354522705078,6.01089334487915,5.9130353927612305,6.01089334487915,5.931354522705078,False,14.0,0.19066116213798523,0.15984287858009338,0.000964730978012085,0.0037469156086444855,0.0005364827229641378,-0.012029930017888546,0.9999275207519531,-0.011564413085579872,0.012070481665432453,-0.9998601675033569,0.011564350686967373,-0.012070536613464355,0.9998602867126465,0.6318005323410034,0.9999815821647644,0.0,-0.000294957630103454,-0.006066855974495411,0.999964714050293,0.0008041519322432578,-0.00577755318954587,-0.006040100008249283,0.7113326787948608,0.0017961892299354076,-0.006409126333892345,0.7028239369392395
gate_f5_freeform_pose_coupling_probe,876,43.80211639404297,5.7779998779296875,5.489356517791748,5.54570198059082,6.009267807006836,5.54570198059082,5.489356517791748,False,14.0,0.19128286838531494,0.15987803041934967,0.0009505152702331543,0.0037132278084754944,-0.00030876192613504827,-0.012062045745551586,0.9999272227287292,-0.010809640400111675,0.012190834619104862,-0.9998670816421509,0.010809579864144325,-0.012191057205200195,0.99986732006073,0.6367365717887878,0.9999815821647644,0.0,0.00013633504568133503,-0.0060714432038366795,0.999966561794281,0.0006649315473623574,-0.00540094543248415,-0.006099212449043989,0.7113747596740723,0.0012367215240374207,-0.006438718177378178,0.7027823328971863
gate_f5_freeform_pose_coupling_probe,877,43.85212707519531,5.7779998779296875,5.9208550453186035,5.899988174438477,5.956326484680176,5.899988174438477,5.9208550453186035,False,14.0,0.19180560111999512,0.15994125604629517,0.0009448528289794922,0.00368528813123703,-0.0010153957409784198,-0.012108989991247654,0.9999261498451233,-0.010400637052953243,0.012380090542137623,-0.9998689889907837,0.010400576516985893,-0.012379884719848633,0.9998692870140076,0.6543177962303162,0.9999814033508301,0.0,0.0005649138474836946,-0.006074381526559591,0.9999669194221497,0.000823229318484664,-0.005195390898734331,-0.006194527260959148,0.7114394307136536,0.000765531207434833,-0.006625238340348005,0.7027157545089722
gate_f5_freeform_pose_coupling_probe,878,43.902137756347656,5.7779998779296875,5.9215898513793945,6.228391647338867,5.810451507568359,6.228391647338867,5.9215898513793945,False,14.0,0.192449688911438,0.15993113815784454,0.0009330511093139648,0.003831326961517334,-0.0018795947544276714,-0.01210529450327158,0.9999249577522278,-0.009567012079060078,0.012364286929368973,-0.9998776912689209,0.009566949680447578,-0.012364387512207031,0.9998778104782104,0.6561095714569092,0.9999810457229614,0.0,0.0009904875187203288,-0.006075677927583456,0.9999691247940063,0.0007796371937729418,-0.004778830800205469,-0.006186060141772032,0.7114314436912537,-8.320855704369023e-05,-0.006891308352351189,0.7027217149734497
gate_f5_freeform_pose_coupling_probe,879,43.9521484375,5.7779998779296875,5.425381660461426,5.615528106689453,5.982759475708008,5.615528106689453,5.425381660461426,False,14.0,0.19315218925476074,0.15991666913032532,0.0009356141090393066,0.0038080867379903793,-0.002814635867252946,-0.012095150537788868,0.9999228715896606,-0.00861751101911068,0.012338874861598015,-0.9998865127563477,0.008617419749498367,-0.012338519096374512,0.9998866319656372,0.6558113098144531,0.9999805688858032,0.0,0.0014127686154097319,-0.006075340323150158,0.9999714493751526,0.0006215223111212254,-0.004305042326450348,-0.00617228914052248,0.7114224433898926,-0.0007449815166182816,-0.006885580252856016,0.7027304172515869
gate_f5_freeform_pose_coupling_probe,880,44.002159118652344,5.7779998779296875,5.8151936531066895,5.85524845123291,5.953470706939697,5.85524845123291,5.8151936531066895,False,14.0,0.1939646601676941,0.15982773900032043,0.0009173452854156494,0.003808150067925453,-0.0038860219065099955,-0.01203035656362772,0.9999200701713562,-0.006936653517186642,0.012080760672688484,-0.9999028444290161,0.006936581339687109,-0.012080788612365723,0.9999029636383057,0.6202354431152344,0.9999798536300659,0.0,0.001831473782658577,-0.00607337849214673,0.9999756217002869,0.00043439475120976567,-0.003465786576271057,-0.006042032968252897,0.7113523483276367,0.0006574366125278175,-0.004269388969987631,0.7028222680091858
gate_f5_freeform_pose_coupling_probe,881,44.05216979980469,5.7779998779296875,5.943991661071777,5.885692119598389,5.991056442260742,5.885692119598389,5.943991661071777,False,14.0,0.19466781616210938,0.15979085862636566,0.0008977949619293213,0.0037751980125904083,-0.0048032114282250404,-0.011996718123555183,0.9999164938926697,-0.005786266177892685,0.011973361484706402,-0.9999114274978638,0.005786188878118992,-0.011973261833190918,0.9999115467071533,0.6068404316902161,0.9999790787696838,0.0,0.0022463237401098013,-0.006069802213460207,0.9999777674674988,0.00044174259528517723,-0.0028905521612614393,-0.005988090764731169,0.7113227844238281,0.0015340122627094388,-0.0025636954233050346,0.702859103679657
gate_f5_freeform_pose_coupling_probe,882,44.10218048095703,5.7779998779296875,5.746397495269775,5.830626487731934,5.973278999328613,5.830626487731934,5.746397495269775,False,14.0,0.19514787197113037,0.1597776561975479,0.0008798837661743164,0.003780508413910866,-0.00542347552254796,-0.011979521252214909,0.9999135136604309,-0.005625919904559851,0.011950536631047726,-0.9999125003814697,0.005625889636576176,-0.01195073127746582,0.9999127388000488,0.6333471536636353,0.9999780654907227,0.0,0.002657044678926468,-0.006064622197300196,0.9999774694442749,0.0011490527540445328,-0.0028061536140739918,-0.0059786271303892136,0.7113167643547058,0.0020249004010111094,-0.0019528607372194529,0.7028659582138062
gate_f5_freeform_pose_coupling_probe,883,44.152191162109375,5.7779998779296875,4.45642614364624,4.585641384124756,6.227849006652832,4.585641384124756,4.45642614364624,False,14.0,0.19560766220092773,0.15977637469768524,0.0008485019207000732,0.003593817353248596,-0.006012636236846447,-0.011968961916863918,0.999910295009613,-0.0055159940384328365,0.011967454105615616,-0.9999130964279175,0.005515968427062035,-0.011967301368713379,0.9999129772186279,0.6614560484886169,0.9999769330024719,0.0,0.0030633669812232256,-0.006057850085198879,0.9999761581420898,0.0020585062447935343,-0.0027457328978925943,-0.005989522207528353,0.7113224864006042,0.001904265838675201,-0.0019967511761933565,0.7028602361679077
gate_f5_freeform_pose_coupling_probe,884,44.20220184326172,5.7779998779296875,5.388520240783691,5.880237102508545,5.926140785217285,5.880237102508545,5.388520240783691,False,14.0,0.19602331519126892,0.1597742736339569,0.0007890462875366211,0.0035673975944519043,-0.00654110312461853,-0.011957378126680851,0.9999071359634399,-0.005414390470832586,0.011952822096645832,-0.9999136924743652,0.005414355080574751,-0.011952877044677734,0.9999139904975891,0.6844273209571838,0.9999756813049316,0.0,0.003465027082711458,-0.006049498450011015,0.9999746084213257,0.002765619894489646,-0.0026907140854746103,-0.005984004121273756,0.711317241191864,0.0017707262886688113,-0.00205960962921381,0.7028658986091614
gate_f5_freeform_pose_coupling_probe,885,44.25221252441406,5.7779998779296875,7.5781731605529785,7.6374921798706055,5.763672828674316,7.6374921798706055,7.5781731605529785,False,14.0,0.19686034321784973,0.15976865589618683,0.0007568597793579102,0.00363333523273468,-0.0075927735306322575,-0.011929098516702652,0.9999000430107117,-0.003651650855317712,0.011875039897859097,-0.9999226331710815,0.003651571925729513,-0.011875033378601074,0.9999229311943054,0.6434618234634399,0.9999743103981018,0.0,0.0038617670070379972,-0.006039580795913935,0.9999788999557495,0.0018820451805368066,-0.0018146823858842254,-0.005941060371696949,0.711292564868927,0.001926593715324998,-0.0006479137809947133,0.7028931975364685
gate_f5_freeform_pose_coupling_probe,886,44.302223205566406,5.7779998779296875,6.385912895202637,6.215400695800781,6.00474214553833,6.215400695800781,6.385912895202637,False,14.0,0.19760653376579285,0.15978290140628815,0.0007647275924682617,0.0037397220730781555,-0.008514635264873505,-0.011912206187844276,0.9998927712440491,-0.0027473149821162224,0.011912317015230656,-0.9999251365661621,0.002747265389189124,-0.011912226676940918,0.9999252557754517,0.6452838182449341,0.9999727606773376,0.0,0.004253333900123835,-0.0060281106270849705,0.999980092048645,0.0015523784095421433,-0.0013644349528476596,-0.005958395544439554,0.7113059163093567,0.002041654661297798,0.00011183770402567461,0.7028795480728149
gate_f5_freeform_pose_coupling_probe,887,44.35223388671875,5.7779998779296875,5.869260787963867,5.8003950119018555,6.027474880218506,5.8003950119018555,5.869260787963867,False,14.0,0.198117196559906,0.15982812643051147,0.0007952749729156494,0.003785863518714905,-0.009135354310274124,-0.011921726167201996,0.999887228012085,-0.002724498277530074,0.012079006060957909,-0.9999233484268188,0.0027244884986430407,-0.012079000473022461,0.9999234080314636,0.6792617440223694,0.9999711513519287,0.0,0.00463948305696249,-0.006015103310346603,0.9999790787696838,0.0018808003515005112,-0.0013509133132174611,-0.006042169872671366,0.711364209651947,0.002615740057080984,0.0007092865416780114,0.7028183937072754
gate_f5_freeform_pose_coupling_probe,888,44.402244567871094,5.7779998779296875,5.75047492980957,5.934709548950195,5.9369354248046875,5.934709548950195,5.75047492980957,False,14.0,0.19884634017944336,0.1598220318555832,0.0008261203765869141,0.0038610361516475677,-0.010011745616793633,-0.011885012499988079,0.9998792409896851,-0.0015881118597462773,0.012024984695017338,-0.9999263286590576,0.0015880739083513618,-0.012024998664855957,0.9999263286590576,0.6652907133102417,0.9999694228172302,0.0,0.005019973963499069,-0.006000574212521315,0.9999805092811584,0.001473936135880649,-0.0007852073176763952,-0.00601376686245203,0.7113442420959473,0.0024517278652638197,0.001351641956716776,0.702838122844696
gate_f5_freeform_pose_coupling_probe,889,44.45225524902344,5.7779998779296875,5.984249591827393,5.860415458679199,6.020660877227783,5.860415458679199,5.984249591827393,False,14.0,0.19954711198806763,0.15984903275966644,0.0008534491062164307,0.0038298219442367554,-0.010837757028639317,-0.011867699213325977,0.9998708367347717,-0.0006174582522362471,0.012045909650623798,-0.9999271631240845,0.0006173650035634637,-0.012045860290527344,0.9999272227287292,0.6567057967185974,0.9999675154685974,0.0,0.005394574720412493,-0.005984540097415447,0.9999811053276062,0.0011592466617003083,-0.00030175221036188304,-0.00602341815829277,0.7113526463508606,0.0010231647174805403,0.000596368801780045,0.7028342485427856
gate_f5_freeform_pose_coupling_probe,890,44.50226593017578,5.7779998779296875,5.734743118286133,5.585533142089844,6.126767635345459,5.585533142089844,5.734743118286133,False,14.0,0.2002256214618683,0.15987086296081543,0.0008013248443603516,0.0036339573562145233,-0.01162328664213419,-0.011844570748507977,0.9998623132705688,0.00035373956779949367,0.01202703732997179,-0.999927282333374,-0.0003538336604833603,-0.01202702522277832,0.9999275803565979,0.6458899974822998,0.9999656081199646,0.0,0.0057630594819784164,-0.005967017263174057,0.9999814033508301,0.0009148463723249733,0.00018237456970382482,-0.006013463716953993,0.7113450169563293,-0.0015697540948167443,-0.0013370326487347484,0.7028399705886841
gate_f5_freeform_pose_coupling_probe,891,44.552276611328125,5.7779998779296875,8.50347900390625,7.101423263549805,6.050107955932617,7.101423263549805,8.50347900390625,False,14.0,0.2007727026939392,0.15990887582302094,0.000764995813369751,0.0036036819219589233,-0.012244687415659428,-0.011836771853268147,0.9998549818992615,0.0008133401279337704,0.012039853259921074,-0.9999270439147949,-0.0008134085219353437,-0.012039899826049805,0.999927282333374,0.6546167731285095,0.9999635219573975,0.0,0.006125210784375668,-0.0059480248019099236,0.9999814033508301,0.000833536556456238,0.0004116953641641885,-0.006019695196300745,0.7113467454910278,-0.0029514979105442762,-0.002408593660220504,0.702830970287323
gate_f5_freeform_pose_coupling_probe,892,44.60228729248047,5.7779998779296875,4.673161029815674,4.953836441040039,6.043244361877441,4.953836441040039,4.673161029815674,False,14.0,0.20139062404632568,0.15990647673606873,0.0008120536804199219,0.003919396549463272,-0.012937492690980434,-0.011795667000114918,0.9998467564582825,0.0011534692021086812,0.01207219623029232,-0.9999260902404785,-0.0011534825898706913,-0.012072324752807617,0.9999264478683472,0.6755064129829407,0.9999614357948303,0.0,0.006480816751718521,-0.005927579943090677,0.9999813437461853,0.0006156231393106282,0.0005804612301290035,-0.0060358536429703236,0.7113553285598755,-0.0039009065367281437,-0.0031276936642825603,0.7028147578239441
gate_f5_freeform_pose_coupling_probe,893,44.65229797363281,5.7779998779296875,5.579809188842773,5.870832443237305,5.923375129699707,5.870832443237305,5.579809188842773,False,14.0,0.20208916068077087,0.1598893404006958,0.000840991735458374,0.003917168825864792,-0.01370633952319622,-0.011736595071852207,0.9998371601104736,0.0020458251237869263,0.011990450322628021,-0.9999256134033203,-0.002045856788754463,-0.011990547180175781,0.9999260306358337,0.6685181260108948,0.9999592304229736,0.0,0.006829675752669573,-0.00590570317581296,0.9999813437461853,0.00035261514130979776,0.0010250455234199762,-0.005994975566864014,0.7113287448883057,-0.003989991266280413,-0.002582747722044587,0.7028433680534363
gate_f5_freeform_pose_coupling_probe,894,44.702308654785156,5.7779998779296875,6.072289943695068,5.9807329177856445,5.994933128356934,5.9807329177856445,6.072289943695068,False,14.0,0.20286887884140015,0.15982508659362793,0.0008507966995239258,0.0038862694054841995,-0.014548265375196934,-0.011637508869171143,0.9998264312744141,0.0034025602508336306,0.011779981665313244,-0.9999247789382935,-0.0034026382490992546,-0.01177990436553955,0.9999247193336487,0.6391903758049011,0.9999569654464722,0.0,0.007171591743826866,-0.005882414057850838,0.999981164932251,0.00021662592189386487,0.001702588051557541,-0.0058897328563034534,0.7112593650817871,-0.0025792589876800776,-0.00018949821242131293,0.7029248476028442
gate_f5_freeform_pose_coupling_probe,895,44.7523193359375,5.7779998779296875,5.801829814910889,5.766425132751465,6.007113456726074,5.766425132751465,5.801829814910889,False,14.0,0.20355114340782166,0.15979193150997162,0.0008565187454223633,0.003906333819031715,-0.015265901573002338,-0.01156256627291441,0.9998165965080261,0.004330307245254517,0.011633208952844143,-0.9999227523803711,-0.004330374300479889,-0.011633157730102539,0.9999229907989502,0.6265133023262024,0.9999546408653259,0.0,0.007506378460675478,-0.005857733078300953,0.999980628490448,0.0003441796579863876,0.0021671971771866083,-0.005815971177071333,0.7112047076225281,-0.0009556955192238092,0.0021131320390850306,0.702981173992157
gate_f5_freeform_pose_coupling_probe,896,44.802330017089844,5.7779998779296875,4.1300435066223145,4.521778106689453,6.160582542419434,4.521778106689453,4.1300435066223145,False,14.0,0.204130619764328,0.15978556871414185,0.0008226633071899414,0.00382348895072937,-0.015860460698604584,-0.011510646902024746,0.9998079538345337,0.004705147817730904,0.011572114191949368,-0.9999220371246338,-0.00470522977411747,-0.011572122573852539,0.999921977519989,0.6391903758049011,0.9999523162841797,0.0,0.007833857089281082,-0.005831682123243809,0.9999801516532898,0.0008335476741194725,0.0023574421647936106,-0.00578420702368021,0.7111814022064209,-0.0006708355504088104,0.00266788131557405,0.7030031681060791
gate_f5_freeform_pose_coupling_probe,897,44.85234069824219,5.7779998779296875,5.465611934661865,5.526274681091309,6.129614353179932,5.526274681091309,5.465611934661865,False,14.0,0.2046688199043274,0.1597854197025299,0.0007027983665466309,0.003566192463040352,-0.016400979831814766,-0.011464173905551434,0.9997997879981995,0.005096277222037315,0.011512751691043377,-0.9999207258224487,-0.0050964015536010265,-0.01151275634765625,0.9999209046363831,0.6471007466316223,0.9999499320983887,0.0,0.008153857663273811,-0.005804282613098621,0.9999793171882629,0.0013106402475386858,0.0025557316839694977,-0.005753145553171635,0.711161196231842,-0.0011291677365079522,0.002482391893863678,0.7030237913131714
gate_f5_freeform_pose_coupling_probe,898,44.90235137939453,5.7779998779296875,7.426702499389648,6.808907508850098,6.014488220214844,6.808907508850098,7.426702499389648,False,14.0,0.20529034733772278,0.15979139506816864,0.0006296038627624512,0.003581935539841652,-0.01701091043651104,-0.011412100866436958,0.9997901916503906,0.005837129428982735,0.01146016176789999,-0.9999172687530518,-0.005837226286530495,-0.011460304260253906,0.9999172687530518,0.6404136419296265,0.9999474883079529,0.0,0.008466217666864395,-0.0057755568996071815,0.9999785423278809,0.0012466892367228866,0.0029257668647915125,-0.005726556293666363,0.7111412286758423,-0.0012626516399905086,0.002874207915738225,0.7030421495437622
gate_f5_freeform_pose_coupling_probe,899,44.952362060546875,5.7779998779296875,5.663862705230713,5.422896862030029,6.185617923736572,5.422896862030029,5.663862705230713,False,14.0,0.20609387755393982,0.1597871035337448,0.0006156563758850098,0.0036530252546072006,-0.017778316512703896,-0.011333457194268703,0.9997777342796326,0.007049270439893007,0.011385937221348286,-0.9999102354049683,-0.007049274630844593,-0.011385917663574219,0.9999101758003235,0.6154849529266357,0.9999450445175171,0.0,0.008770785294473171,-0.005745529197156429,0.9999772906303406,0.0007435947190970182,0.003528946777805686,-0.005690474063158035,0.7111096382141113,-0.0009969949023798108,0.004004820249974728,0.7030689120292664
gate_f5_freeform_pose_coupling_probe,900,45.00237274169922,5.7779998779296875,5.136656761169434,5.3341755867004395,6.08612060546875,5.3341755867004395,5.136656761169434,False,14.0,0.20653873682022095,0.15980948507785797,0.0006270408630371094,0.0037521235644817352,-0.018189754337072372,-0.011303851380944252,0.9997706413269043,0.006644359324127436,0.011427675373852253,-0.9999126195907593,-0.006644394714385271,-0.011427640914916992,0.9999125599861145,0.6620473861694336,0.9999425411224365,0.0,0.009067416191101074,-0.00571422278881073,0.9999773502349854,0.0012641543289646506,0.0033294730819761753,-0.005709758028388023,0.7111238837242126,-0.0006370951887220144,0.004080968908965588,0.7030545473098755
gate_f5_freeform_pose_coupling_probe,901,45.05238342285156,5.7779998779296875,5.714263916015625,5.8719801902771,6.024485111236572,5.8719801902771,5.714263916015625,False,14.0,0.20703160762786865,0.15983444452285767,0.0006341934204101562,0.0037589147686958313,-0.01863616332411766,-0.011269594542682171,0.9997628331184387,0.006494032219052315,0.011468839831650257,-0.9999127388000488,-0.006494061090052128,-0.011468768119812012,0.9999129772186279,0.6968932747840881,0.9999400973320007,0.0,0.009355975314974785,-0.005681661888957024,0.9999768137931824,0.0016600012313574553,0.003256601979956031,-0.005729146767407656,0.7111374735832214,-0.0003876767004840076,0.004226414952427149,0.7030400633811951
gate_f5_freeform_pose_coupling_probe,902,45.102394104003906,5.7779998779296875,6.352553844451904,6.0821533203125,6.12985897064209,6.0821533203125,6.352553844451904,False,14.0,0.2078765630722046,0.15981656312942505,0.0006083548069000244,0.0036269817501306534,-0.01938466913998127,-0.01116927433758974,0.9997497200965881,0.00805443525314331,0.011328840628266335,-0.9999034404754639,-0.00805447343736887,-0.011328816413879395,0.9999033212661743,0.6498164534568787,0.9999375939369202,0.0,0.00963633693754673,-0.005647871643304825,0.999975323677063,0.0010301924776285887,0.004033148754388094,-0.005660404916852713,0.7110876441001892,-0.001380361383780837,0.004331856034696102,0.703088641166687
gate_f5_freeform_pose_coupling_probe,903,45.15240478515625,5.7779998779296875,5.816598892211914,5.834196090698242,6.088346004486084,5.834196090698242,5.816598892211914,False,14.0,0.2085500955581665,0.15984298288822174,0.0005744397640228271,0.0036515425890684128,-0.019955776631832123,-0.011111634783446789,0.9997391104698181,0.00878268200904131,0.011261340230703354,-0.9998980760574341,-0.00878275465220213,-0.011261463165283203,0.9998981356620789,0.6401079893112183,0.9999351501464844,0.0,0.009908383712172508,-0.005612878128886223,0.9999741911888123,0.0007948169368319213,0.004395927302539349,-0.005627321545034647,0.7110695838928223,-0.0029269338119775057,0.0032855889294296503,0.7031079530715942
gate_f5_freeform_pose_coupling_probe,904,45.202415466308594,5.7779998779296875,5.52139949798584,5.607359886169434,6.1234636306762695,5.607359886169434,5.52139949798584,False,14.0,0.20916646718978882,0.1598617434501648,0.000552445650100708,0.003639059141278267,-0.02046220377087593,-0.011053062044084072,0.9997295141220093,0.009175903163850307,0.011217538267374039,-0.9998948574066162,-0.009175923652946949,-0.011217713356018066,0.9998950958251953,0.6464956402778625,0.9999327063560486,0.0,0.010172008536756039,-0.005576706491410732,0.9999734163284302,0.0007677167886868119,0.004592376761138439,-0.005605392623692751,0.7110596895217896,-0.004739351570606232,0.0017322947969660163,0.7031136155128479
gate_f5_freeform_pose_coupling_probe,905,45.25242614746094,5.7779998779296875,6.552058696746826,6.479671478271484,6.023716926574707,6.479671478271484,6.552058696746826,False,14.0,0.20986902713775635,0.15982885658740997,0.000527113676071167,0.0036074742674827576,-0.0210261270403862,-0.010950344614684582,0.999718964099884,0.010091917589306831,0.011027393862605095,-0.9998884201049805,-0.010091974399983883,-0.01102745532989502,0.9998883008956909,0.6262009143829346,0.9999303221702576,0.0,0.010427111759781837,-0.005539383739233017,0.9999719858169556,0.00046817417023703456,0.005048680584877729,-0.0055114878341555595,0.7109910249710083,-0.004775502253323793,0.0023474013432860374,0.7031809687614441
gate_f5_freeform_pose_coupling_probe,906,45.30243682861328,5.7779998779296875,6.419068336486816,5.950366497039795,6.1883769035339355,5.950366497039795,6.419068336486816,False,14.0,0.21059748530387878,0.1597830057144165,0.0004935860633850098,0.0036029405891895294,-0.021590203046798706,-0.010834128595888615,0.9997081756591797,0.010874834842979908,0.010856478475034237,-0.9998816251754761,-0.010874912142753601,-0.01085662841796875,0.9998819231987,0.6142119765281677,0.9999278783798218,0.0,0.010673603974282742,-0.005500936880707741,0.9999703764915466,0.00027103553293272853,0.005439049564301968,-0.005426925607025623,0.7109258770942688,-0.004124128259718418,0.003562775207683444,0.7032458186149597
gate_f5_freeform_pose_coupling_probe,907,45.352447509765625,5.7779998779296875,5.673198699951172,5.517542839050293,6.237361907958984,5.517542839050293,5.673198699951172,False,14.0,0.21125444769859314,0.15977972745895386,0.00043904781341552734,0.0035335011780261993,-0.022074710577726364,-0.010750244371592999,0.9996985197067261,0.011344793252646923,0.010832220315933228,-0.9998770952224731,-0.01134488359093666,-0.010832071304321289,0.999876856803894,0.615166962146759,0.9999255537986755,0.0,0.010911406949162483,-0.0054613929241895676,0.9999692440032959,0.00020216622215230018,0.005673666018992662,-0.005415129940956831,0.7109097838401794,-0.003202754072844982,0.0048283361829817295,0.703259289264679
gate_f5_freeform_pose_coupling_probe,908,45.40245819091797,5.7779998779296875,5.645493984222412,5.703808784484863,6.163704872131348,5.703808784484863,5.645493984222412,False,14.0,0.21188244223594666,0.15977981686592102,0.0003871619701385498,0.0035231392830610275,-0.022519852966070175,-0.010669934563338757,0.9996894598007202,0.011787285096943378,0.010766969993710518,-0.9998723268508911,-0.011787384748458862,-0.010766863822937012,0.9998725056648254,0.615166962146759,0.9999232292175293,0.0,0.011140448972582817,-0.00542078074067831,0.9999680519104004,0.0002063923457171768,0.005894941743463278,-0.00538244005292654,0.7108815908432007,-0.002800612011924386,0.005549376830458641,0.7032842040061951
gate_f5_freeform_pose_coupling_probe,909,45.45246887207031,5.7779998779296875,5.747849464416504,5.729866027832031,6.194419860839844,5.729866027832031,5.747849464416504,False,14.0,0.21251794695854187,0.1597803831100464,0.0003483593463897705,0.003489881753921509,-0.022952623665332794,-0.010586931370198727,0.9996805191040039,0.012219049036502838,0.01069438923150301,-0.9998682737350464,-0.012219096533954144,-0.010694265365600586,0.9998680949211121,0.615166962146759,0.9999210238456726,0.0,0.011360667645931244,-0.005379128269851208,0.9999670386314392,0.0002068424510071054,0.006110832095146179,-0.005346106830984354,0.7108527421951294,-0.002698691561818123,0.005959212314337492,0.7033104300498962
gate_f5_freeform_pose_coupling_probe,910,45.502479553222656,5.7779998779296875,5.817593097686768,6.454174995422363,5.866395950317383,6.454174995422363,5.817593097686768,False,14.0,0.2130366861820221,0.15985144674777985,0.0004248321056365967,0.0037330687046051025,-0.0232830997556448,-0.010559367947280407,0.9996731281280518,0.012378466315567493,0.010731400921940804,-0.9998655319213867,-0.012378539890050888,-0.01073145866394043,0.9998659491539001,0.6243232488632202,0.9999188184738159,0.0,0.011572010815143585,-0.005336463917046785,0.9999661445617676,0.0007037040195427835,0.0061932154931128025,-0.005361523944884539,0.7108719348907471,-0.0035854107700288296,0.00517636351287365,0.7032933831214905
gate_f5_freeform_pose_coupling_probe,911,45.552490234375,5.7779998779296875,6.327969551086426,6.146876335144043,6.105182647705078,6.146876335144043,6.327969551086426,False,14.0,0.21361717581748962,0.15990868210792542,0.0005097389221191406,0.003730595111846924,-0.023641414940357208,-0.010513207875192165,0.9996652007102966,0.012432366609573364,0.010818179696798325,-0.9998642206192017,-0.01243238802999258,-0.010818243026733398,0.9998642802238464,0.642244279384613,0.999916672706604,0.0,0.011774436570703983,-0.005292817018926144,0.9999655485153198,0.001001244061626494,0.006221807096153498,-0.0054030464962124825,0.7109084129333496,-0.004504857584834099,0.0042852782644331455,0.7032572031021118
gate_f5_freeform_pose_coupling_probe,912,45.602500915527344,5.7779998779296875,5.614678382873535,5.088390350341797,6.408084869384766,5.088390350341797,5.614678382873535,False,14.0,0.21441790461540222,0.15982264280319214,0.00046184659004211426,0.003516700118780136,-0.024134058505296707,-0.010350745171308517,0.9996551275253296,0.013448499143123627,0.01049721334129572,-0.999854326248169,-0.013448582962155342,-0.010497331619262695,0.9998544454574585,0.6126170754432678,0.9999145865440369,0.0,0.011967910453677177,-0.00524821737781167,0.9999633431434631,0.0006872810190543532,0.006728100590407848,-0.005244174972176552,0.7107892036437988,-0.004282892681658268,0.005232017487287521,0.703372597694397
gate_f5_freeform_pose_coupling_probe,913,45.65251159667969,5.7779998779296875,6.952452182769775,6.775213241577148,6.016409873962402,6.775213241577148,6.952452182769775,False,14.0,0.21505561470985413,0.15978018939495087,0.00039064884185791016,0.0035817716270685196,-0.024502603337168694,-0.01023495476692915,0.9996473789215088,0.013949631713330746,0.010306389071047306,-0.9998492002487183,-0.013949712738394737,-0.010306119918823242,0.9998495578765869,0.6045790910720825,0.9999126195907593,0.0,0.012152407318353653,-0.005202694796025753,0.9999621510505676,0.000530591350980103,0.006977812387049198,-0.005149687174707651,0.7107130885124207,-0.0035559586249291897,0.006322587840259075,0.7034445405006409
gate_f5_freeform_pose_coupling_probe,914,45.70252227783203,5.7779998779296875,5.923686504364014,5.665910243988037,6.234659194946289,5.665910243988037,5.923686504364014,False,14.0,0.21570655703544617,0.15978564321994781,0.0004013180732727051,0.003605145961046219,-0.02485312521457672,-0.010143197141587734,0.999639630317688,0.014213315211236477,0.01029005367308855,-0.9998459815979004,-0.014213398098945618,-0.010289788246154785,0.9998459219932556,0.6103770732879639,0.9999107122421265,0.0,0.012327911332249641,-0.0051562790758907795,0.9999614357948303,0.00031790550565347075,0.0071085668168962,-0.005142965354025364,0.7107012867927551,-0.00309960194863379,0.006971057970076799,0.703452467918396
gate_f5_freeform_pose_coupling_probe,915,45.752532958984375,5.7779998779296875,6.043135643005371,5.389374732971191,6.400581359863281,5.389374732971191,6.043135643005371,False,14.0,0.21642634272575378,0.15978017449378967,0.0003644227981567383,0.0034268908202648163,-0.025220375508069992,-0.0100331399589777,0.9996315836906433,0.015027367509901524,0.010130342096090317,-0.9998358488082886,-0.015027455054223537,-0.01013028621673584,0.999835729598999,0.5841680765151978,0.9999088644981384,0.0,0.012494415044784546,-0.005109001416712999,0.9999589323997498,0.00029544829158112407,0.007515488192439079,-0.005063158925622702,0.7106456756591797,-0.003722934518009424,0.006919683888554573,0.7035061717033386
gate_f5_freeform_pose_coupling_probe,916,45.80254364013672,5.7779998779296875,5.853343486785889,5.760922431945801,6.190619468688965,5.760922431945801,5.853343486785889,False,14.0,0.21707066893577576,0.15977515280246735,0.00029844045639038086,0.0034857410937547684,-0.02552955597639084,-0.009932857938110828,0.9996247291564941,0.01551488321274519,0.009973621927201748,-0.999829888343811,-0.015514933504164219,-0.009973764419555664,0.999829888343811,0.5740312337875366,0.9999071359634399,0.0,0.01265192124992609,-0.0050608916208148,0.9999573826789856,0.0004528262943495065,0.007760028820484877,-0.004983509425073862,0.7105925679206848,-0.004272310063242912,0.006711017340421677,0.7035587430000305
gate_f5_freeform_pose_coupling_probe,917,45.85255432128906,5.7779998779296875,5.7875447273254395,5.734688758850098,6.2286176681518555,5.734688758850098,5.7875447273254395,False,14.0,0.21759477257728577,0.15981166064739227,0.0002766847610473633,0.003447413444519043,-0.025761151686310768,-0.009872643277049065,0.9996193647384644,0.01523914560675621,0.009995791129767895,-0.9998340606689453,-0.015239185653626919,-0.009995818138122559,0.999833881855011,0.6032831072807312,0.999905526638031,0.0,0.01280043926090002,-0.005011980887502432,0.9999583959579468,0.0004944202373735607,0.007622359320521355,-0.004994334653019905,0.7106092572212219,-0.005089285783469677,0.005689894314855337,0.7035454511642456
gate_f5_freeform_pose_coupling_probe,918,45.902565002441406,5.7779998779296875,6.211356163024902,5.988804817199707,6.210753440856934,5.988804817199707,6.211356163024902,False,14.0,0.21818295121192932,0.15983465313911438,0.00025832653045654297,0.0034457817673683167,-0.02600916661322117,-0.009793585166335106,0.9996137022972107,0.015293287113308907,0.0099574513733387,-0.999833345413208,-0.01529335230588913,-0.009957313537597656,0.9998334646224976,0.6145305037498474,0.9999039769172668,0.0,0.012939988635480404,-0.004962300881743431,0.9999582171440125,0.0004673054500017315,0.007649288047105074,-0.004975358955562115,0.7105994820594788,-0.005609022919088602,0.00520344078540802,0.7035551071166992
gate_f5_freeform_pose_coupling_probe,919,45.95257568359375,5.7779998779296875,5.548651218414307,5.615448951721191,6.216881275177002,5.615448951721191,5.548651218414307,False,14.0,0.21889474987983704,0.15978877246379852,0.0002484619617462158,0.003500634804368019,-0.02630043961107731,-0.009655999019742012,0.9996074438095093,0.015904314815998077,0.00974741205573082,-0.9998258352279663,-0.01590443029999733,-0.00974726676940918,0.9998258948326111,0.5964328646659851,0.9999024868011475,0.0,0.013070597313344479,-0.0049118828028440475,0.9999563097953796,0.0005615378613583744,0.007955239154398441,-0.004869451746344566,0.7105094194412231,-0.004190031439065933,0.007070606108754873,0.7036396265029907
gate_f5_freeform_pose_coupling_probe,920,46.002586364746094,5.7779998779296875,5.059020519256592,5.212550163269043,6.293406009674072,5.212550163269043,5.059020519256592,False,14.0,0.21960195899009705,0.15978388488292694,0.0002054274082183838,0.0034546032547950745,-0.026561351493000984,-0.009539984166622162,0.9996016621589661,0.016361480578780174,0.009617731906473637,-0.9998199939727783,-0.016361521556973457,-0.00961768627166748,0.999819815158844,0.5851721167564392,0.9999011754989624,0.0,0.01319230068475008,-0.004860757850110531,0.999954879283905,0.0004802013863809407,0.008183416910469532,-0.004805153235793114,0.7104586958885193,-0.004018485080450773,0.00756841478869319,0.7036867141723633
gate_f5_freeform_pose_coupling_probe,921,46.05259704589844,5.7779998779296875,5.8821306228637695,5.875769138336182,6.240408897399902,5.875769138336182,5.8821306228637695,False,14.0,0.2202552855014801,0.15978805720806122,0.00015145540237426758,0.0033764801919460297,-0.026781506836414337,-0.009436048567295074,0.9995967745780945,0.016717415302991867,0.00950645562261343,-0.9998148679733276,-0.01671750657260418,-0.009506464004516602,0.9998151659965515,0.5764124989509583,0.9998999238014221,0.0,0.013305142521858215,-0.004808958154171705,0.9999536275863647,0.00042800811934284866,0.00836112815886736,-0.004749869462102652,0.7104177474975586,-0.004103792831301689,0.007735038176178932,0.7037258148193359
gate_f5_freeform_pose_coupling_probe,922,46.10260772705078,5.7779998779296875,5.644550800323486,5.70271110534668,6.249289512634277,5.70271110534668,5.644550800323486,False,14.0,0.22089943289756775,0.15979018807411194,0.00012895464897155762,0.0034074056893587112,-0.026980692520737648,-0.009331212379038334,0.9995924234390259,0.01688227429986,0.009388655424118042,-0.9998130798339844,-0.016882264986634254,-0.009388327598571777,0.9998132586479187,0.5794596076011658,0.9998987913131714,0.0,0.013409174047410488,-0.004756515379995108,0.9999532699584961,6.0042948462069035e-06,0.008441559970378876,-0.004694496281445026,0.7104018330574036,-0.007084623910486698,0.0048429593443870544,0.7037438750267029
gate_f5_freeform_pose_coupling_probe,923,46.152618408203125,5.7779998779296875,5.566371917724609,5.5954742431640625,6.285842418670654,5.5954742431640625,5.566371917724609,False,14.0,0.221536785364151,0.1597953587770462,0.0001131594181060791,0.003382643684744835,-0.027159612625837326,-0.009227867238223553,0.9995884895324707,0.017077920958399773,0.009300583973526955,-0.9998109340667725,-0.017078012228012085,-0.0093003511428833,0.9998108148574829,0.5784456729888916,0.9998977780342102,0.0,0.013504456728696823,-0.004703461192548275,0.9999527335166931,3.932430990971625e-05,0.00853954628109932,-0.004650176037102938,0.7103699445724487,-0.007094732951372862,0.0049719312228262424,0.7037751078605652
gate_f5_freeform_pose_coupling_probe,924,46.20262908935547,5.7779998779296875,5.445858001708984,5.542268753051758,6.298532009124756,5.542268753051758,5.445858001708984,False,14.0,0.22206386923789978,0.15979410707950592,8.484721183776855e-05,0.003345310688018799,-0.027295343577861786,-0.009138677269220352,0.9995856285095215,0.01673875004053116,0.009212169796228409,-0.9998174905776978,-0.016738830134272575,-0.009212255477905273,0.9998174905776978,0.6052260398864746,0.9998968243598938,0.0,0.013591056689620018,-0.004649828188121319,0.9999542832374573,0.00039298072806559503,0.00837156642228365,-0.004603005480021238,0.7103384137153625,-0.006783648859709501,0.005045013502240181,0.7038095593452454
gate_f5_freeform_pose_coupling_probe,925,46.25263977050781,5.7779998779296875,5.392815113067627,5.5747480392456055,6.3057708740234375,5.5747480392456055,5.392815113067627,False,14.0,0.22250065207481384,0.15979039669036865,5.2034854888916016e-05,0.0032341796904802322,-0.027399323880672455,-0.009062867611646652,0.9995834827423096,0.0161307193338871,0.009113425388932228,-0.9998284578323364,-0.01613079197704792,-0.009113550186157227,0.9998283386230469,0.6458899974822998,0.9998959898948669,0.0,0.013669048435986042,-0.004595648031681776,0.9999566078186035,0.0010151345049962401,0.008070327341556549,-0.0045487177558243275,0.7103036642074585,-0.006354060489684343,0.005046658217906952,0.7038486003875732
gate_f5_freeform_pose_coupling_probe,926,46.302650451660156,5.7779998779296875,5.659382343292236,5.809683799743652,6.255127906799316,5.809683799743652,5.659382343292236,False,14.0,0.2233521044254303,0.15977777540683746,-1.3381242752075195e-05,0.0032758768647909164,-0.027579858899116516,-0.008911127224564552,0.999579906463623,0.017324183136224747,0.00889288168400526,-0.9998102188110352,-0.017324266955256462,-0.008892536163330078,0.9998100996017456,0.5895031094551086,0.9998953342437744,0.0,0.013738514855504036,-0.004540952853858471,0.9999522566795349,0.0007608194719068706,0.008665882982313633,-0.004440059419721365,0.7102030515670776,-0.004655693657696247,0.007608097977936268,0.703940212726593
gate_f5_freeform_pose_coupling_probe,927,46.3526611328125,5.7779998779296875,4.674177646636963,5.5847368240356445,6.066445350646973,5.5847368240356445,4.674177646636963,False,14.0,0.22398313879966736,0.15978071093559265,6.002187728881836e-05,0.003564974293112755,-0.027692070230841637,-0.008803815580904484,0.9995777606964111,0.017359241843223572,0.008858572691679,-0.9998098611831665,-0.017359305173158646,-0.008858799934387207,0.9998102188110352,0.5914912819862366,0.9998947381973267,0.0,0.013799543492496014,-0.004485775250941515,0.9999523162841797,0.0005676242290064692,0.008682547137141228,-0.004424568731337786,0.7101798057556152,-0.0036943042650818825,0.008602830581367016,0.7039581537246704
gate_f5_freeform_pose_coupling_probe,928,46.402671813964844,5.7779998779296875,5.379653453826904,5.834120273590088,6.177353858947754,5.834120273590088,5.379653453826904,False,14.0,0.2246665060520172,0.1597808450460434,0.00011500716209411621,0.003528015688061714,-0.027795640751719475,-0.008685125038027763,0.9995759129524231,0.01748841628432274,0.008773877285420895,-0.9998081922531128,-0.01748850755393505,-0.0087738037109375,0.9998084902763367,0.5914912819862366,0.9998942613601685,0.0,0.013852231204509735,-0.004430146422237158,0.9999520182609558,0.00029109694878570735,0.008745904080569744,-0.004384603351354599,0.7101538181304932,-0.004109868314117193,0.008275187574326992,0.703985869884491
gate_f5_freeform_pose_coupling_probe,929,46.45268249511719,5.7779998779296875,6.193959712982178,5.93453311920166,6.32657527923584,5.93453311920166,6.193959712982178,False,14.0,0.22536340355873108,0.15978650748729706,8.77678394317627e-05,0.0033731944859027863,-0.027880782261490822,-0.008565806783735752,0.9995745420455933,0.017806166782975197,0.008661782369017601,-0.9998037815093994,-0.017806297168135643,-0.008661866188049316,0.9998039603233337,0.5774299502372742,0.999893844127655,0.0,0.013896679505705833,-0.004374098498374224,0.9999509453773499,0.0001382949121762067,0.00890411902219057,-0.004329872317612171,0.7101242542266846,-0.0052186562679708,0.007382270880043507,0.7040183544158936
gate_f5_freeform_pose_coupling_probe,930,46.50269317626953,5.7779998779296875,5.6856842041015625,5.5312604904174805,6.3606977462768555,5.5312604904174805,5.6856842041015625,False,14.0,0.2259809672832489,0.1598040908575058,5.02467155456543e-05,0.0033463668078184128,-0.027937769889831543,-0.008465252816677094,0.999573826789856,0.017791425809264183,0.008595213294029236,-0.9998047351837158,-0.01779143512248993,-0.00859522819519043,0.9998047947883606,0.5814822316169739,0.9998936057090759,0.0,0.013932996429502964,-0.004317664075642824,0.999951183795929,8.772614091867581e-05,0.008896524086594582,-0.004297035746276379,0.7101092338562012,-0.0060647702775895596,0.006518237292766571,0.704035222530365
gate_f5_freeform_pose_coupling_probe,931,46.552703857421875,5.7779998779296875,5.594170570373535,5.668372631072998,6.295038223266602,5.668372631072998,5.594170570373535,False,14.0,0.2265395224094391,0.15985754132270813,1.3440847396850586e-05,0.0033458899706602097,-0.027969645336270332,-0.008391186594963074,0.9995735287666321,0.017469359561800957,0.008602584712207317,-0.9998102188110352,-0.01746944524347782,-0.008602499961853027,0.9998104572296143,0.6016591787338257,0.9998934864997864,0.0,0.013961298391222954,-0.004260874819010496,0.9999525547027588,0.00014668569201603532,0.008735724724829197,-0.004300214815884829,0.7101248502731323,-0.007449418306350708,0.004892913158982992,0.7040194272994995
gate_f5_freeform_pose_coupling_probe,932,46.60271453857422,5.7779998779296875,5.619350910186768,5.621136665344238,6.349295616149902,5.621136665344238,5.619350910186768,False,14.0,0.2271272838115692,0.15990139544010162,-1.8477439880371094e-05,0.0032724086195230484,-0.027992211282253265,-0.008306317962706089,0.9995736479759216,0.01726164110004902,0.008598881773650646,-0.9998140335083008,-0.017261717468500137,-0.008598923683166504,0.999813973903656,0.6154849529266357,0.9998934268951416,0.0,0.013981704600155354,-0.004203761927783489,0.9999535083770752,0.00011152293882332742,0.008631701581180096,-0.004298678133636713,0.710125207901001,-0.00754504231736064,0.004648923873901367,0.7040196061134338
gate_f5_freeform_pose_coupling_probe,933,46.65272521972656,5.7779998779296875,5.715788841247559,5.563288688659668,6.400578498840332,5.563288688659668,5.715788841247559,False,14.0,0.22760149836540222,0.15995346009731293,-4.056096076965332e-05,0.0031609851866960526,-0.027997702360153198,-0.008244709111750126,0.9995740056037903,0.01664617285132408,0.008625025860965252,-0.9998242855072021,-0.01664622128009796,-0.008624911308288574,0.9998241662979126,0.6513203978538513,0.9998934864997864,0.0,0.013994341716170311,-0.00414635706692934,0.999955952167511,0.0004828552482649684,0.00832553394138813,-0.00430868286639452,0.7101443409919739,-0.00901543628424406,0.002728506224229932,0.703993022441864
gate_f5_freeform_pose_coupling_probe,934,46.702735900878906,5.7779998779296875,6.13675594329834,6.318639755249023,6.189980506896973,6.318639755249023,6.13675594329834,False,14.0,0.22827544808387756,0.15996311604976654,-0.00010415911674499512,0.003248380497097969,-0.028002504259347916,-0.008126871660351753,0.9995748400688171,0.016836833208799362,0.00850252341479063,-0.9998217821121216,-0.01683693379163742,-0.008502483367919922,0.9998220801353455,0.6404136419296265,0.9998936653137207,0.0,0.013999341055750847,-0.0040886919014155865,0.999955415725708,0.00024726372794248164,0.008419842459261417,-0.0042493692599236965,0.7101056575775146,-0.010763533413410187,0.0011011474998667836,0.7040119767189026
gate_f5_freeform_pose_coupling_probe,935,46.75274658203125,5.7779998779296875,5.506690502166748,5.564997673034668,6.377030849456787,5.564997673034668,5.506690502166748,False,14.0,0.22901681065559387,0.15990063548088074,-0.00013181567192077637,0.003257444128394127,-0.0280016977339983,-0.007964199408888817,0.9995761513710022,0.017150070518255234,0.008209770545363426,-0.9998190402984619,-0.017150115221738815,-0.008209824562072754,0.9998191595077515,0.6224399209022522,0.9998939037322998,0.0,0.01399683952331543,-0.004030797630548477,0.9999547600746155,6.408001354429871e-05,0.008575686253607273,-0.004104521591216326,0.7100030183792114,-0.011272937059402466,0.0008112936047837138,0.7041078805923462
gate_f5_freeform_pose_coupling_probe,936,46.802757263183594,5.7779998779296875,5.783341884613037,5.784255027770996,6.359297752380371,5.784255027770996,5.783341884613037,False,14.0,0.22978618741035461,0.1597803384065628,-0.00016304850578308105,0.0032243989408016205,-0.027989959344267845,-0.007771559990942478,0.9995779991149902,0.017817115411162376,0.007756259758025408,-0.9998114109039307,-0.017817173153162003,-0.007756471633911133,0.9998112320899963,0.5828266739845276,0.9998942613601685,0.0,0.013986978679895401,-0.003972705453634262,0.9999528527259827,4.554412043944467e-06,0.008908995427191257,-0.0038782721385359764,0.7098388075828552,-0.009907250292599201,0.0026637273840606213,0.7042894959449768
gate_f5_freeform_pose_coupling_probe,937,46.85276794433594,5.7779998779296875,5.524306297302246,5.5935187339782715,6.36246395111084,5.5935187339782715,5.524306297302246,False,14.0,0.23044857382774353,0.15977205336093903,-0.0001634061336517334,0.003278307616710663,-0.027945823967456818,-0.007647775579243898,0.9995802044868469,0.017903342843055725,0.0076568471267819405,-0.9998106956481934,-0.017903387546539307,-0.00765681266784668,0.9998102784156799,0.5764124989509583,0.9998947381973267,0.0,0.0139699038118124,-0.003914445172995329,0.9999526739120483,0.00013782019959762692,0.008952622301876545,-0.003827370936051011,0.7097919583320618,-0.007772847078740597,0.004876242950558662,0.704351544380188
gate_f5_freeform_pose_coupling_probe,938,46.90277862548828,5.7779998779296875,5.387639045715332,5.637500762939453,6.348600387573242,5.637500762939453,5.387639045715332,False,14.0,0.23100897669792175,0.15977950394153595,-0.00016707181930541992,0.0032524503767490387,-0.027894018217921257,-0.007549081929028034,0.9995824098587036,0.017499692738056183,0.007601169869303703,-0.9998178482055664,-0.017499737441539764,-0.007601141929626465,0.9998178482055664,0.5961047410964966,0.9998953342437744,0.0,0.013945766724646091,-0.0038560479879379272,0.999954342842102,0.00047423376236110926,0.008752046152949333,-0.0037966077215969563,0.709769606590271,-0.007107210345566273,0.0052605061791837215,0.7043783068656921
gate_f5_freeform_pose_coupling_probe,939,46.952789306640625,5.7779998779296875,5.445191383361816,5.45306396484375,6.451585292816162,5.45306396484375,5.445191383361816,False,14.0,0.23136582970619202,0.15978890657424927,-0.00018024444580078125,0.0031471028923988342,-0.02785462699830532,-0.0074880775064229965,0.9995839595794678,0.016170082613825798,0.007588920183479786,-0.9998407363891602,-0.016170121729373932,-0.007588744163513184,0.9998403191566467,0.6702721118927002,0.9998959898948669,0.0,0.013914722017943859,-0.003797543700784445,0.9999592900276184,0.0013259568950161338,0.008090388029813766,-0.0037838867865502834,0.7097669243812561,-0.006400758866220713,0.005028487648814917,0.7043894529342651
gate_f5_freeform_pose_coupling_probe,940,47.00279998779297,5.7779998779296875,6.045952320098877,5.981688499450684,6.361309051513672,5.981688499450684,6.045952320098877,False,14.0,0.23174402117729187,0.15980009734630585,-0.00019782781600952148,0.0031093228608369827,-0.027808014303445816,-0.007423809729516506,0.9995856881141663,0.015070687979459763,0.00753995543345809,-0.9998581409454346,-0.015070755034685135,-0.007539987564086914,0.999858021736145,0.730077862739563,0.9998967051506042,0.0,0.01387692615389824,-0.003738962346687913,0.9999622702598572,0.002128023188561201,0.007543617393821478,-0.003754066303372383,0.7097536325454712,-0.00619916059076786,0.004451252985745668,0.7044086456298828
gate_f5_freeform_pose_coupling_probe,941,47.05281066894531,5.7779998779296875,5.675680637359619,5.908092498779297,6.283317565917969,5.908092498779297,5.675680637359619,False,14.0,0.2327142059803009,0.15980319678783417,-0.00022301077842712402,0.003249574452638626,-0.027671750634908676,-0.007247979752719402,0.9995908141136169,0.0164700448513031,0.007387109100818634,-0.9998369216918945,-0.01647014357149601,-0.007387399673461914,0.9998371005058289,0.6419395804405212,0.9998975396156311,0.0,0.013832543045282364,-0.0036803334951400757,0.9999586343765259,0.0010876740561798215,0.00823937077075243,-0.003684745403006673,0.7096925973892212,-0.006160438526421785,0.005483684595674276,0.7044632434844971
gate_f5_freeform_pose_coupling_probe,942,47.102821350097656,5.7779998779296875,5.697295188903809,5.756421089172363,6.371849536895752,5.756421089172363,5.697295188903809,False,14.0,0.2335604727268219,0.1597989797592163,-0.00022915005683898926,0.003246266394853592,-0.02752978727221489,-0.007091756910085678,0.9995958209037781,0.017196575179696083,0.007215240504592657,-0.9998257160186768,-0.017196673899888992,-0.007215023040771484,0.999826192855835,0.5918220281600952,0.9998984932899475,0.0,0.01378173753619194,-0.003621686017140746,0.9999563097953796,0.0004985451814718544,0.008600459434092045,-0.003603489836677909,0.7096283435821533,-0.0062337410636246204,0.005925559904426336,0.7045237421989441
gate_f5_freeform_pose_coupling_probe,943,47.15283203125,5.7779998779296875,5.119958400726318,5.445159435272217,6.386943817138672,5.445159435272217,5.119958400726318,False,14.0,0.23427662253379822,0.1597934365272522,-0.00023689866065979004,0.003231823444366455,-0.027392897754907608,-0.006958910264074802,0.9996005296707153,0.017419228330254555,0.00706244632601738,-0.9998232126235962,-0.017419297248125076,-0.007062673568725586,0.9998234510421753,0.5706123113632202,0.9998994469642639,0.0,0.013724678196012974,-0.003563049016520381,0.9999557733535767,0.00029098265804350376,0.008711026981472969,-0.0035288443323224783,0.7095726728439331,-0.006155542563647032,0.0061623286455869675,0.7045785188674927
gate_f5_freeform_pose_coupling_probe,944,47.202842712402344,5.7779998779296875,5.502997875213623,5.696295738220215,6.374642372131348,5.696295738220215,5.502997875213623,False,14.0,0.23491963744163513,0.15979452431201935,-0.0002662241458892822,0.0031981244683265686,-0.027255946770310402,-0.006842153612524271,0.9996050596237183,0.0173338670283556,0.006957443431019783,-0.9998252391815186,-0.017333924770355225,-0.006957411766052246,0.9998254776000977,0.5692390203475952,0.9999005198478699,0.0,0.013661534525454044,-0.0035044504329562187,0.9999562501907349,0.0003550060500856489,0.008668546564877033,-0.0034757964313030243,0.7095324993133545,-0.005755510181188583,0.006504565477371216,0.7046191096305847
gate_f5_freeform_pose_coupling_probe,945,47.25285339355469,5.7779998779296875,5.620273113250732,5.685137748718262,6.3998026847839355,5.685137748718262,5.620273113250732,False,14.0,0.2354971468448639,0.15984226763248444,-0.00028511881828308105,0.0031899046152830124,-0.02711431495845318,-0.00675509637221694,0.9996095299720764,0.016849081963300705,0.006950453855097294,-0.9998340606689453,-0.016849089413881302,-0.006950855255126953,0.9998340606689453,0.5871750116348267,0.9999016523361206,0.0,0.01359248161315918,-0.003445918206125498,0.9999584555625916,0.0003214741009287536,0.008426007814705372,-0.003472662530839443,0.7095476388931274,-0.007712469436228275,0.004189849831163883,0.7046028971672058
gate_f5_freeform_pose_coupling_probe,946,47.30286407470703,5.7779998779296875,5.814265251159668,5.799612998962402,6.409175395965576,5.799612998962402,5.814265251159668,False,14.0,0.236066073179245,0.15987011790275574,-0.0003063380718231201,0.0031678080558776855,-0.026969200000166893,-0.006661807652562857,0.9996140599250793,0.016343599185347557,0.006937345955520868,-0.9998419284820557,-0.016343703493475914,-0.006937503814697266,0.9998424053192139,0.609093427658081,0.9999029040336609,0.0,0.013517695479094982,-0.0033874802757054567,0.9999603629112244,0.0004922199295833707,0.008173828944563866,-0.003464787034317851,0.7095464468002319,-0.007995466701686382,0.003546240273863077,0.7046043872833252
gate_f5_freeform_pose_coupling_probe,947,47.352874755859375,5.7779998779296875,6.131006717681885,5.965483665466309,6.4257283210754395,5.965483665466309,6.131006717681885,False,14.0,0.23677977919578552,0.15984490513801575,-0.0003286302089691162,0.003135969862341881,-0.026785746216773987,-0.006522729527205229,0.9996199011802673,0.016614528372883797,0.006743463221937418,-0.9998393058776855,-0.016614682972431183,-0.006743431091308594,0.9998392462730408,0.5831623077392578,0.9999041557312012,0.0,0.013437353074550629,-0.003329163184389472,0.9999597072601318,0.0004582642868626863,0.008309141732752323,-0.003368059638887644,0.7094710469245911,-0.006996325682848692,0.004744895733892918,0.7046838998794556
gate_f5_freeform_pose_coupling_probe,948,47.40288543701172,5.7779998779296875,5.427581787109375,5.564275741577148,6.430849075317383,5.564275741577148,5.427581787109375,False,14.0,0.23748710751533508,0.15980634093284607,-0.00034931302070617676,0.003162948414683342,-0.026593243703246117,-0.006380800623446703,0.9996259808540344,0.01678156480193138,0.006542855408042669,-0.9998379945755005,-0.01678166165947914,-0.00654292106628418,0.9998377561569214,0.5626698732376099,0.999905526638031,0.0,0.01335163414478302,-0.003270993707701564,0.999959409236908,0.0003895814879797399,0.0083923963829875,-0.0032682910095900297,0.7093960642814636,-0.006507355719804764,0.005355780478566885,0.7047596573829651
gate_f5_freeform_pose_coupling_probe,949,47.45289611816406,5.7779998779296875,5.791569232940674,5.806406497955322,6.42524528503418,5.806406497955322,5.791569232940674,False,14.0,0.23816028237342834,0.1598028689622879,-0.00037404894828796387,0.0031361281871795654,-0.026392346248030663,-0.006258327513933182,0.9996320605278015,0.016765745356678963,0.006402800790965557,-0.9998388290405273,-0.016765829175710678,-0.0064029693603515625,0.9998390078544617,0.5514293313026428,0.9999068975448608,0.0,0.013260720297694206,-0.003212997689843178,0.9999596476554871,0.0003331144107505679,0.008384276181459427,-0.003198736347258091,0.7093431353569031,-0.006042459048330784,0.005812513642013073,0.7048134803771973
gate_f5_freeform_pose_coupling_probe,950,47.502906799316406,5.7779998779296875,5.7890625,5.6952409744262695,6.4735822677612305,5.6952409744262695,5.7890625,False,14.0,0.2388058602809906,0.1597842127084732,-0.00039392709732055664,0.003109872341156006,-0.02619215101003647,-0.006136098876595497,0.9996380805969238,0.01665109023451805,0.006228672340512276,-0.9998416900634766,-0.01665116846561432,-0.006228804588317871,0.9998420476913452,0.5464388728141785,0.9999083876609802,0.0,0.013164793141186237,-0.0031552009750157595,0.9999603033065796,0.0005117591936141253,0.008327467367053032,-0.003110197838395834,0.7092725038528442,-0.004931041970849037,0.006849541794508696,0.7048839330673218
gate_f5_freeform_pose_coupling_probe,951,47.55291748046875,5.7779998779296875,5.760695934295654,5.773415565490723,6.441875457763672,5.773415565490723,5.760695934295654,False,14.0,0.2394169270992279,0.1597510129213333,-0.0004150271415710449,0.003110872581601143,-0.025996480137109756,-0.006015819497406483,0.9996439218521118,0.016401933506131172,0.006035936996340752,-0.9998470544815063,-0.016402006149291992,-0.006035923957824707,0.9998472929000854,0.5496522188186646,0.9999098777770996,0.0,0.013064037077128887,-0.003097628243267536,0.9999614357948303,0.0008262817282229662,0.008203771896660328,-0.0030113060493022203,0.709194540977478,-0.0037926097866147757,0.007817904464900494,0.7049593329429626
gate_f5_freeform_pose_coupling_probe,952,47.602928161621094,5.7779998779296875,5.680990695953369,5.689409255981445,6.4532928466796875,5.689409255981445,5.680990695953369,False,14.0,0.23996135592460632,0.15981906652450562,-0.0004156529903411865,0.0031239595264196396,-0.0257977657020092,-0.005941925570368767,0.9996495246887207,0.015682248398661613,0.0060667176730930805,-0.9998584985733032,-0.015682324767112732,-0.006066799163818359,0.9998586773872375,0.5791218280792236,0.9999114274978638,0.0,0.012958633713424206,-0.003040304174646735,0.9999642372131348,0.0008741433848626912,0.007844050414860249,-0.003026610240340233,0.7092187404632568,-0.004598758649080992,0.006496457848697901,0.7049435973167419
gate_f5_freeform_pose_coupling_probe,953,47.65293884277344,5.7779998779296875,5.832126617431641,5.7706451416015625,6.4671525955200195,5.7706451416015625,5.832126617431641,False,14.0,0.24033215641975403,0.15987206995487213,-0.00040838122367858887,0.003070469945669174,-0.025657610967755318,-0.005893560126423836,0.9996533989906311,0.014219327829778194,0.006107269786298275,-0.9998800754547119,-0.014219354838132858,-0.006107330322265625,0.9998801946640015,0.6558113098144531,0.9999129772186279,0.0,0.01284877024590969,-0.0029832525178790092,0.9999688863754272,0.0014974523801356554,0.007114442065358162,-0.0030430760234594345,0.7092413306236267,-0.004544093739241362,0.005513768643140793,0.704929530620575
gate_f5_freeform_pose_coupling_probe,954,47.70294952392578,5.7779998779296875,5.799671173095703,5.8819122314453125,6.404768943786621,5.8819122314453125,5.799671173095703,False,14.0,0.24112465977668762,0.15991522371768951,-0.00042825937271118164,0.003114195540547371,-0.025361020117998123,-0.005767066963016987,0.9996617436408997,0.014617926441133022,0.006066686008125544,-0.9998747110366821,-0.014618010260164738,-0.006066679954528809,0.9998747706413269,0.6154849529266357,0.9999146461486816,0.0,0.012734630145132542,-0.00292649632319808,0.9999685287475586,0.0005537006072700024,0.007310870569199324,-0.00302939023822546,0.7092464566230774,-0.008633752353489399,0.0016818520380184054,0.7049057483673096
gate_f5_freeform_pose_coupling_probe,955,47.752960205078125,5.7779998779296875,5.2710981369018555,5.445580959320068,6.47454309463501,5.445580959320068,5.2710981369018555,False,14.0,0.2418988049030304,0.15994107723236084,-0.00043889880180358887,0.0031187310814857483,-0.02506222575902939,-0.005638735368847847,0.9996699690818787,0.01479992363601923,0.006008389871567488,-0.9998722076416016,-0.01480000838637352,-0.0060083866119384766,0.9998725056648254,0.5881738662719727,0.9999163150787354,0.0,0.012616397812962532,-0.002870058873668313,0.9999679923057556,-0.000360730366082862,0.007399114314466715,-0.003006960265338421,0.7092243432998657,-0.012652247212827206,-0.0022320239804685116,0.7048658132553101
gate_f5_freeform_pose_coupling_probe,956,47.80297088623047,5.7779998779296875,5.879528045654297,5.883371353149414,6.445250511169434,5.883371353149414,5.879528045654297,False,14.0,0.24255511164665222,0.159965381026268,-0.00045222043991088867,0.0030735209584236145,-0.024799739941954613,-0.005531176459044218,0.9996771216392517,0.014559781178832054,0.005947910249233246,-0.9998761415481567,-0.01455981470644474,-0.005948066711425781,0.9998763203620911,0.5871750116348267,0.9999179840087891,0.0,0.01249425858259201,-0.0028139615897089243,0.9999685883522034,-0.0009298938093706965,0.0072773476131260395,-0.0029808159451931715,0.7091857194900513,-0.01567457616329193,-0.005442868918180466,0.7048264145851135
gate_f5_freeform_pose_coupling_probe,957,47.85298156738281,5.7779998779296875,5.814591884613037,5.705941200256348,6.509575366973877,5.705941200256348,5.814591884613037,False,14.0,0.24320420622825623,0.16000258922576904,-0.00047087669372558594,0.0030259881168603897,-0.024530373513698578,-0.005429212003946304,0.9996843338012695,0.014305470511317253,0.005913225002586842,-0.9998800754547119,-0.01430552639067173,-0.005913257598876953,0.9998801946640015,0.5865081548690796,0.9999197125434875,0.0,0.012368396855890751,-0.002758226590231061,0.9999691843986511,-0.0012857955880463123,0.007149141747504473,-0.002965896390378475,0.7091695070266724,-0.015984462574124336,-0.005934649612754583,0.7048318386077881
gate_f5_freeform_pose_coupling_probe,958,47.902992248535156,5.7779998779296875,6.6636271476745605,6.30988883972168,6.44112491607666,6.30988883972168,6.6636271476745605,False,14.0,0.24390432238578796,0.15998005867004395,-0.0004976093769073486,0.003045346587896347,-0.02424280345439911,-0.005301355849951506,0.9996920228004456,0.014401721768081188,0.005702062044292688,-0.9998801946640015,-0.014401762746274471,-0.005701899528503418,0.9998799562454224,0.5647526383399963,0.999921441078186,0.0,0.012238996103405952,-0.0027028743643313646,0.9999690651893616,-0.0014123076107352972,0.007197042461484671,-0.002861283952370286,0.7091032266616821,-0.014976554550230503,-0.004850194323807955,0.7049288749694824
gate_f5_freeform_pose_coupling_probe,959,47.9530029296875,5.7779998779296875,5.570008277893066,5.482531547546387,6.55008602142334,5.482531547546387,5.570008277893066,False,14.0,0.24451401829719543,0.15993259847164154,-0.0005074739456176758,0.0030514970421791077,-0.023990727961063385,-0.005183103960007429,0.9996987581253052,0.013970603235065937,0.0055291540920734406,-0.9998869895935059,-0.013970650732517242,-0.005529165267944336,0.9998871684074402,0.5740312337875366,0.9999232292175293,0.0,0.012106237933039665,-0.002647925168275833,0.9999711513519287,-0.0010885379742830992,0.006982485763728619,-0.002772257663309574,0.7090478539466858,-0.013797283172607422,-0.003968158271163702,0.7050142288208008
gate_f5_freeform_pose_coupling_probe,960,48.003013610839844,5.7779998779296875,5.896091461181641,5.822084903717041,6.497846603393555,5.822084903717041,5.896091461181641,False,14.0,0.24508610367774963,0.1599309742450714,-0.0005206167697906494,0.0030061788856983185,-0.023741740733385086,-0.005085436627268791,0.9997051954269409,0.013514717109501362,0.005431654397398233,-0.9998939037322998,-0.013514772057533264,-0.005431771278381348,0.9998937845230103,0.5871750116348267,0.9999250173568726,0.0,0.011970304884016514,-0.0025933985598385334,0.9999732375144958,-0.0006681904778815806,0.006755721289664507,-0.0027204141952097416,0.7090185880661011,-0.01243079174309969,-0.002916397526860237,0.7050741314888
gate_f5_freeform_pose_coupling_probe,961,48.05302429199219,5.7779998779296875,5.633298873901367,5.752307415008545,6.456972599029541,5.752307415008545,5.633298873901367,False,14.0,0.24558725953102112,0.1599339097738266,-0.0005225837230682373,0.0030440613627433777,-0.023519065231084824,-0.005001701880246401,0.9997108578681946,0.012664551846683025,0.005371094215661287,-0.9999053478240967,-0.012664572335779667,-0.0053708553314208984,0.9999052286148071,0.6233823299407959,0.9999268054962158,0.0,0.011831378564238548,-0.0025393133983016014,0.9999763369560242,-6.592988938791677e-05,0.006332248914986849,-0.0026860281359404325,0.7089994549751282,-0.011201059445738792,-0.002282259985804558,0.7051162719726562
gate_f5_freeform_pose_coupling_probe,962,48.10303497314453,5.7779998779296875,6.56144380569458,6.619652271270752,6.323144912719727,6.619652271270752,6.56144380569458,False,14.0,0.24624338746070862,0.15995432436466217,-0.0005325078964233398,0.003113590180873871,-0.02321968413889408,-0.0048973956145346165,0.9997183680534363,0.01246879156678915,0.00528412451967597,-0.999908447265625,-0.012468788772821426,-0.0052841901779174805,0.9999082684516907,0.6170725226402283,0.9999285936355591,0.0,0.011689635924994946,-0.0024856883101165295,0.9999771118164062,4.357822035672143e-05,0.006234653294086456,-0.002641851082444191,0.708968460559845,-0.011197193525731564,-0.002416604897007346,0.7051471471786499
gate_f5_freeform_pose_coupling_probe,963,48.153045654296875,5.7779998779296875,5.1178975105285645,5.366059303283691,6.5063862800598145,5.366059303283691,5.1178975105285645,False,14.0,0.24698147177696228,0.1599602848291397,-0.0005191266536712646,0.003173794597387314,-0.022879332304000854,-0.00477652158588171,0.9997268319129944,0.012453536503016949,0.005184912122786045,-0.9999089241027832,-0.012453578412532806,-0.00518488883972168,0.9999089241027832,0.5983980894088745,0.9999303817749023,0.0,0.011545255780220032,-0.002432540524750948,0.9999772310256958,-3.1503639092989033e-06,0.006226901430636644,-0.0025925347581505775,0.7089335322380066,-0.01115014310926199,-0.0023794120643287897,0.7051830887794495
gate_f5_freeform_pose_coupling_probe,964,48.20305633544922,5.7779998779296875,5.842545509338379,5.859871864318848,6.47840690612793,5.859871864318848,5.842545509338379,False,14.0,0.2477792203426361,0.15986177325248718,-0.0005425214767456055,0.0031225942075252533,-0.022521479055285454,-0.004620380233973265,0.9997356534004211,0.01293540745973587,0.004879963118582964,-0.9999045133590698,-0.012935486622154713,-0.0048798322677612305,0.9999043345451355,0.5503637790679932,0.9999322295188904,0.0,0.011398413218557835,-0.0023798868060112,0.9999760985374451,-0.00022634826018474996,0.006467305589467287,-0.002441503806039691,0.7088297605514526,-0.009650853462517262,-0.0005289402324706316,0.7053133249282837
gate_f5_freeform_pose_coupling_probe,965,48.25306701660156,5.7779998779296875,5.592751502990723,5.6626787185668945,6.489509582519531,5.6626787185668945,5.592751502990723,False,14.0,0.2484663426876068,0.1598311960697174,-0.0005524754524230957,0.0031559690833091736,-0.022198792546987534,-0.004501926712691784,0.9997434616088867,0.012843296863138676,0.004666678141802549,-0.9999064207077026,-0.012843349017202854,-0.004666686058044434,0.9999066591262817,0.5363187193870544,0.9999340176582336,0.0,0.011249281466007233,-0.0023277439177036285,0.9999765753746033,-0.00026868077111430466,0.006421171594411135,-0.0023351190611720085,0.708754301071167,-0.008241700008511543,0.0008226943900808692,0.7054068446159363
gate_f5_freeform_pose_coupling_probe,966,48.303077697753906,5.7779998779296875,5.331671714782715,5.630620002746582,6.475630760192871,5.630620002746582,5.331671714782715,False,14.0,0.2490389049053192,0.15982046723365784,-0.0005550384521484375,0.003143349662423134,-0.021923992782831192,-0.0044080950319767,0.9997498989105225,0.012244751676917076,0.004544022027403116,-0.9999144077301025,-0.012244750745594501,-0.0045441389083862305,0.9999145865440369,0.555671215057373,0.9999358057975769,0.0,0.01109803281724453,-0.0022761269938200712,0.9999786019325256,7.11143875378184e-05,0.006122668273746967,-0.002271624282002449,0.708710253238678,-0.007291366811841726,0.0013535964535549283,0.7054606080055237
gate_f5_freeform_pose_coupling_probe,967,48.35308837890625,5.7779998779296875,5.822774887084961,5.778101444244385,6.506905555725098,5.778101444244385,5.822774887084961,False,14.0,0.24942007660865784,0.15982334315776825,-0.0005540847778320312,0.0031184162944555283,-0.021737826988101006,-0.004348616115748882,0.9997542500495911,0.010771880857646465,0.004520212300121784,-0.9999314546585083,-0.01077194418758154,-0.004520297050476074,0.9999316334724426,0.6290069818496704,0.9999376535415649,0.0,0.010944836772978306,-0.002225050702691078,0.9999824166297913,0.000957073993049562,0.0053881932981312275,-0.0022549887653440237,0.7087026238441467,-0.006758498959243298,0.000845113885588944,0.7054743766784668
gate_f5_freeform_pose_coupling_probe,968,48.403099060058594,5.7779998779296875,5.837780475616455,5.867552757263184,6.466809272766113,5.867552757263184,5.837780475616455,False,14.0,0.2498326599597931,0.15983206033706665,-0.0005515217781066895,0.0031479857861995697,-0.021534081548452377,-0.0042860074900090694,0.9997588992118835,0.00939934328198433,0.0044906530529260635,-0.9999457597732544,-0.009399435482919216,-0.004490494728088379,0.9999457597732544,0.695487916469574,0.9999394416809082,0.0,0.010789860039949417,-0.0021745297126471996,0.9999850392341614,0.0016652913764119148,0.004703468177467585,-0.002237527398392558,0.7086926102638245,-0.006342177279293537,0.0002906692388933152,0.7054888606071472
gate_f5_freeform_pose_coupling_probe,969,48.45310974121094,5.7779998779296875,6.086047172546387,5.893022060394287,6.541628837585449,5.893022060394287,6.086047172546387,False,14.0,0.25080010294914246,0.15980754792690277,-0.0005858838558197021,0.0030841268599033356,-0.021058224141597748,-0.004130457527935505,0.9997697472572327,0.010649447329342365,0.004257232882082462,-0.9999339580535889,-0.010649528354406357,-0.004257082939147949,0.999934196472168,0.5967608690261841,0.9999412298202515,0.0,0.010633266530930996,-0.002124577295035124,0.9999831318855286,0.0008427159627899528,0.005326603539288044,-0.002124163554981351,0.7086090445518494,-0.006172697991132736,0.0013474645093083382,0.7055730223655701
gate_f5_freeform_pose_coupling_probe,970,48.50312042236328,5.7779998779296875,5.753587245941162,6.005170822143555,6.399674415588379,6.005170822143555,5.753587245941162,False,14.0,0.25144049525260925,0.15980501472949982,-0.0005977153778076172,0.0032010097056627274,-0.02073759399354458,-0.004032289143651724,0.9997768402099609,0.01032842043787241,0.004111689515411854,-0.9999380111694336,-0.010328507050871849,-0.004111528396606445,0.9999382495880127,0.5964328646659851,0.99994295835495,0.0,0.010475218296051025,-0.0020752062555402517,0.999984085559845,0.0009186599054373801,0.0051661767065525055,-0.002051131334155798,0.7085549235343933,-0.004914477933198214,0.002383777406066656,0.7056345343589783
gate_f5_freeform_pose_coupling_probe,971,48.553131103515625,5.7779998779296875,5.859594821929932,5.824302673339844,6.5057291984558105,5.824302673339844,5.859594821929932,False,14.0,0.25198766589164734,0.15982097387313843,-0.0005813837051391602,0.003199143335223198,-0.020458998158574104,-0.0039533949457108974,0.9997828602790833,0.00946717243641615,0.004072168376296759,-0.9999467134475708,-0.00946725532412529,-0.0040721893310546875,0.9999468922615051,0.6299394965171814,0.9999447464942932,0.0,0.01031587366014719,-0.0020264284685254097,0.9999858736991882,0.0012776112416759133,0.004736247006803751,-0.0020300617907196283,0.708540678024292,-0.0041989171877503395,0.0024920515716075897,0.7056530714035034
gate_f5_freeform_pose_coupling_probe,972,48.60314178466797,5.7779998779296875,5.777138710021973,5.639993667602539,6.566469669342041,5.639993667602539,5.777138710021973,False,14.0,0.2528226673603058,0.15980952978134155,-0.0005896091461181641,0.0031538307666778564,-0.02003629133105278,-0.003826793283224106,0.9997919201850891,0.010044735856354237,0.003916641231626272,-0.9999417066574097,-0.010044757276773453,-0.003916501998901367,0.9999418258666992,0.5730077624320984,0.9999464750289917,0.0,0.01015538815408945,-0.0019782553426921368,0.9999852180480957,0.0006416066316887736,0.005023696459829807,-0.001955126179382205,0.7084846496582031,-0.004313359968364239,0.002786465222015977,0.7057074904441833
gate_f5_freeform_pose_coupling_probe,973,48.65315246582031,5.7779998779296875,5.689631938934326,5.686598777770996,6.52065372467041,5.686598777770996,5.689631938934326,False,14.0,0.2533375918865204,0.15985484421253204,-0.0005931258201599121,0.0031550563871860504,-0.019766438752412796,-0.003760841442272067,0.999797523021698,0.009104517288506031,0.0039406707510352135,-0.9999507665634155,-0.009104592725634575,-0.003940463066101074,0.9999507069587708,0.6116580367088318,0.9999482035636902,0.0,0.00999391544610262,-0.0019306979374960065,0.9999874234199524,0.0007275973912328482,0.004553747363388538,-0.0019670468755066395,0.7084984183311462,-0.005916051100939512,0.0005112515646032989,0.7056873440742493
gate_f5_freeform_pose_coupling_probe,974,48.703163146972656,5.7779998779296875,5.649045467376709,5.640366554260254,6.536461353302002,5.640366554260254,5.649045467376709,False,14.0,0.2537975609302521,0.1599293351173401,-0.0005942881107330322,0.003127703443169594,-0.019519738852977753,-0.0037092717830091715,0.9998025894165039,0.007866752333939075,0.004047643393278122,-0.9999607801437378,-0.007866829633712769,-0.004047513008117676,0.9999607801437378,0.6685181260108948,0.9999498724937439,0.0,0.009831604547798634,-0.0018837660318240523,0.9999898076057434,0.0008784916717559099,0.003935191314667463,-0.00202038511633873,0.7085338234901428,-0.007442071568220854,-0.001898352988064289,0.7056350111961365
gate_f5_freeform_pose_coupling_probe,975,48.753173828125,5.7779998779296875,5.784821033477783,5.651435852050781,6.549223899841309,5.651435852050781,5.784821033477783,False,14.0,0.2543938457965851,0.15997454524040222,-0.0005968809127807617,0.003106161952018738,-0.019206617027521133,-0.003632267937064171,0.9998089671134949,0.0073943673633039,0.004050822462886572,-0.9999639987945557,-0.007394449785351753,-0.004050731658935547,0.9999644160270691,0.6772422194480896,0.9999515414237976,0.0,0.009668602608144283,-0.0018374689389020205,0.9999905228614807,0.0009786676382645965,0.003699197433888912,-0.0020218100398778915,0.7085344195365906,-0.007291726302355528,-0.0020821148063987494,0.7056354880332947
gate_f5_freeform_pose_coupling_probe,976,48.803184509277344,5.7779998779296875,5.542399883270264,5.663930892944336,6.509707927703857,5.663930892944336,5.542399883270264,False,14.0,0.25505396723747253,0.1600244790315628,-0.0005861222743988037,0.0030903127044439316,-0.018859168514609337,-0.0035478100180625916,0.9998158812522888,0.007281845435500145,0.004056277684867382,-0.9999650716781616,-0.007281930185854435,-0.004055976867675781,0.9999653100967407,0.6638184785842896,0.9999532103538513,0.0,0.00950505118817091,-0.001791815273463726,0.9999909400939941,0.0008105877786874771,0.0036425974685698748,-0.0020252044778317213,0.7085372805595398,-0.006845037918537855,-0.0017133423825725913,0.7056381106376648
gate_f5_freeform_pose_coupling_probe,977,48.85319519042969,5.7779998779296875,5.991617202758789,6.261488437652588,6.347417831420898,6.261488437652588,5.991617202758789,False,14.0,0.2557852566242218,0.15997934341430664,-0.0006054341793060303,0.0032232459634542465,-0.018487650901079178,-0.0034363160375505686,0.9998232126235962,0.007360211573541164,0.0038230600766837597,-0.9999654293060303,-0.007360287941992283,-0.0038230419158935547,0.9999655485153198,0.6382712721824646,0.9999548196792603,0.0,0.00934109091758728,-0.001746813184581697,0.9999911785125732,0.000614758173469454,0.0036813118495047092,-0.0019092838047072291,0.7084537744522095,-0.007375758606940508,-0.002189608523622155,0.7057152390480042
gate_f5_freeform_pose_coupling_probe,978,48.90320587158203,5.7779998779296875,5.271066665649414,5.355704307556152,6.57243537902832,5.355704307556152,5.271066665649414,False,14.0,0.2565845549106598,0.15991489589214325,-0.0006058812141418457,0.0032079964876174927,-0.01808279938995838,-0.003314247354865074,0.9998310208320618,0.007615809794515371,0.003572995774447918,-0.999964714050293,-0.007615895941853523,-0.003573298454284668,0.9999646544456482,0.5993782877922058,0.9999564290046692,0.0,0.009176857769489288,-0.0017024700064212084,0.9999911189079285,0.0003493933181744069,0.003808562410995364,-0.0017851829761639237,0.7083648443222046,-0.0077928160317242146,-0.00242591486312449,0.7057993412017822
gate_f5_freeform_pose_coupling_probe,979,48.953216552734375,5.7779998779296875,5.321600437164307,5.613664627075195,6.494269847869873,5.613664627075195,5.321600437164307,False,14.0,0.2574044167995453,0.159826397895813,-0.0006318092346191406,0.003197312355041504,-0.01767002046108246,-0.0031880224123597145,0.9998387694358826,0.008206660859286785,0.003243499668315053,-0.9999606609344482,-0.008206733502447605,-0.003243565559387207,0.9999609589576721,0.543206512928009,0.9999580383300781,0.0,0.00901248399168253,-0.0016587921418249607,0.9999901652336121,0.00014535376976709813,0.004103606566786766,-0.0016211692709475756,0.7082512378692627,-0.007199489511549473,-0.0014104681322351098,0.7059222459793091
gate_f5_freeform_pose_coupling_probe,980,49.00322723388672,5.7779998779296875,6.071303367614746,5.92160701751709,6.528843879699707,5.92160701751709,6.071303367614746,False,14.0,0.25796231627464294,0.1597329080104828,-0.0006476938724517822,0.003180278465151787,-0.01739337481558323,-0.0030981854069978,0.9998438954353333,0.007530097849667072,0.0030379481613636017,-0.999967098236084,-0.0075301844626665115,-0.003038167953491211,0.999967098236084,0.5650989413261414,0.9999595284461975,0.0,0.0088480981066823,-0.0016157858772203326,0.9999915957450867,0.0006030816584825516,0.003765995381399989,-0.0015167156234383583,0.7081801295280457,-0.005430847872048616,-0.00011462476686574519,0.7060109376907349
gate_f5_freeform_pose_coupling_probe,981,49.05323791503906,5.7779998779296875,5.867811679840088,5.792229652404785,6.51767110824585,5.792229652404785,5.867811679840088,False,14.0,0.2583620250225067,0.15970087051391602,-0.0006381869316101074,0.0032286420464515686,-0.017190640792250633,-0.0030409027822315693,0.9998475909233093,0.006036926526576281,0.0029162897262722254,-0.9999774694442749,-0.006037005223333836,-0.0029163360595703125,0.9999775290489197,0.6391903758049011,0.9999610781669617,0.0,0.008683825843036175,-0.0015734564512968063,0.9999935030937195,0.0013093083398416638,0.0030203869100660086,-0.0014541996642947197,0.7081367373466492,-0.0035299796145409346,0.0007347674109041691,0.7060661315917969
gate_f5_freeform_pose_coupling_probe,982,49.103248596191406,5.7779998779296875,5.850876331329346,5.886166095733643,6.486525535583496,5.886166095733643,5.850876331329346,False,14.0,0.2588324248790741,0.15966062247753143,-0.0006353557109832764,0.003281380981206894,-0.016952574253082275,-0.0029739716555923223,0.9998518824577332,0.004851747304201126,0.0027406117878854275,-0.9999845027923584,-0.004851802717894316,-0.002740621566772461,0.9999844431877136,0.6935156583786011,0.9999625086784363,0.0,0.008519787341356277,-0.0015318086370825768,0.9999939799308777,0.0020654057152569294,0.0024287081323564053,-0.0013652979396283627,0.7080742120742798,-0.0023301802575588226,0.0010988871799781919,0.7061333060264587
gate_f5_freeform_pose_coupling_probe,983,49.15325927734375,5.7779998779296875,5.814491271972656,5.81093692779541,6.508930683135986,5.81093692779541,5.814491271972656,False,14.0,0.2592708170413971,0.15963362157344818,-0.0006175339221954346,0.0032995492219924927,-0.016729656606912613,-0.0029142380226403475,0.9998558163642883,0.003507709363475442,0.0026271487586200237,-0.9999902248382568,-0.0035076995845884085,-0.0026270151138305664,0.9999902248382568,0.7584719657897949,0.9999639987945557,0.0,0.008356102742254734,-0.001490846392698586,0.9999935626983643,0.002829064382240176,0.0017575680976733565,-0.0013086104299873114,0.7080336809158325,-0.001153724966570735,0.0013268267503008246,0.7061763405799866
gate_f5_freeform_pose_coupling_probe,984,49.203269958496094,5.7779998779296875,6.173740386962891,5.96382999420166,6.581562042236328,5.96382999420166,6.173740386962891,False,14.0,0.26037153601646423,0.15961913764476776,-0.0006662309169769287,0.003124220296740532,-0.016165273264050484,-0.002776253502815962,0.9998654723167419,0.005480728577822447,0.0024574599228799343,-0.9999817609786987,-0.005480805411934853,-0.0024576187133789062,0.9999819397926331,0.6129363179206848,0.9999653697013855,0.0,0.008192882873117924,-0.0014505734434351325,0.9999942779541016,0.0015292350435629487,0.0027422525454312563,-0.001224543433636427,0.7079718112945557,-0.0017072277842089534,0.0021688712295144796,0.7062352895736694
gate_f5_freeform_pose_coupling_probe,985,49.25328063964844,5.7779998779296875,5.935196876525879,5.992743968963623,6.4708251953125,5.992743968963623,5.935196876525879,False,14.0,0.2609357535839081,0.15965816378593445,-0.0006783008575439453,0.003235355019569397,-0.01587185077369213,-0.002714354544878006,0.9998703598976135,0.004842880181968212,0.0024613412097096443,-0.999984860420227,-0.004842926282435656,-0.0024614334106445312,0.9999852180480957,0.6321101188659668,0.9999667406082153,0.0,0.008030240423977375,-0.0014109924668446183,0.9999948143959045,0.0016820654273033142,0.0024235157761722803,-0.0012266004923731089,0.7079740762710571,-0.0015768883749842644,0.001847923849709332,0.7062342166900635
gate_f5_freeform_pose_coupling_probe,986,49.30329132080078,5.7779998779296875,5.553999423980713,5.729104995727539,6.505721092224121,5.729104995727539,5.553999423980713,False,14.0,0.2615980803966522,0.1596851944923401,-0.0006786584854125977,0.00328839011490345,-0.015531321987509727,-0.0026398675981909037,0.9998759031295776,0.004506844561547041,0.002433966612443328,-0.9999868869781494,-0.004506912548094988,-0.0024340152740478516,0.9999868869781494,0.6318005323410034,0.9999681115150452,0.0,0.00786827877163887,-0.00137210579123348,0.9999952912330627,0.00168660341296345,0.0022554791066795588,-0.0012131849071010947,0.7079633474349976,-0.0009807611349970102,0.0022076095920056105,0.7062450647354126
gate_f5_freeform_pose_coupling_probe,987,49.353302001953125,5.7779998779296875,5.983613014221191,5.785234451293945,6.599825382232666,5.785234451293945,5.983613014221191,False,14.0,0.2623613178730011,0.15969757735729218,-0.0006748735904693604,0.003168391063809395,-0.015143542550504208,-0.002552869264036417,0.9998820424079895,0.004838956519961357,0.0023517815861850977,-0.9999850988388062,-0.004839033354073763,-0.00235140323638916,0.9999852776527405,0.5921525359153748,0.9999694228172302,0.0,0.007707102689892054,-0.0013339151628315449,0.9999954104423523,0.001313711516559124,0.0024210300762206316,-0.0011727155651897192,0.7079324722290039,-0.0007146744756028056,0.0027093938551843166,0.7062743902206421
gate_f5_freeform_pose_coupling_probe,988,49.40331268310547,5.7779998779296875,5.611313819885254,5.696157932281494,6.5165252685546875,5.696157932281494,5.611313819885254,False,14.0,0.26300546526908875,0.1597055196762085,-0.000670015811920166,0.003232361748814583,-0.014818774536252022,-0.0024805383291095495,0.9998871088027954,0.004571516998112202,0.0022782906889915466,-0.9999868869781494,-0.004571591969579458,-0.0022783279418945312,0.999987006187439,0.5868416428565979,0.9999706745147705,0.0,0.0075468095019459724,-0.0012964217457920313,0.9999963045120239,0.0008978467085398734,0.0022867878433316946,-0.0011370963184162974,0.707909345626831,-0.001351192593574524,0.0018820259720087051,0.7062995433807373
gate_f5_freeform_pose_coupling_probe,989,49.45332336425781,5.7779998779296875,6.451525688171387,6.214213848114014,6.506588935852051,6.214213848114014,6.451525688171387,False,14.0,0.26355960965156555,0.15973889827728271,-0.0006555318832397461,0.003207186236977577,-0.014538204297423363,-0.0024230205453932285,0.9998914003372192,0.0038912941236048937,0.0022848905064165592,-0.9999898672103882,-0.003891334170475602,-0.002285003662109375,0.9999898076057434,0.6100564002990723,0.9999719262123108,0.0,0.007387493271380663,-0.0012596260057762265,0.9999969005584717,0.001056636101566255,0.0019468581303954124,-0.0011403915705159307,0.7079134583473206,-0.0017573244404047728,0.0009933982510119677,0.7062963247299194
gate_f5_freeform_pose_coupling_probe,990,49.503334045410156,5.7779998779296875,5.599976062774658,5.720694541931152,6.491741180419922,5.720694541931152,5.599976062774658,False,14.0,0.26422521471977234,0.15979883074760437,-0.0006502270698547363,0.003331843763589859,-0.014201493002474308,-0.0023576293606311083,0.9998963475227356,0.0034825215116143227,0.002309458563104272,-0.9999911785125732,-0.0034825806505978107,-0.0023093223571777344,0.9999911785125732,0.614848792552948,0.9999731183052063,0.0,0.00722924480214715,-0.0012235279427841306,0.9999974370002747,0.0008534570224583149,0.0017422494711354375,-0.0011532452190294862,0.7079223990440369,-0.0032013212330639362,-0.0007433239952661097,0.7062824964523315
gate_f5_freeform_pose_coupling_probe,991,49.5533447265625,5.7779998779296875,5.736109733581543,5.4672675132751465,6.644361972808838,5.4672675132751465,5.736109733581543,False,14.0,0.2650105655193329,0.15981672704219818,-0.0006600320339202881,0.0032412558794021606,-0.013813662342727184,-0.002275047590956092,0.9999020099639893,0.003763472894206643,0.0022871550172567368,-0.9999903440475464,-0.003763542976230383,-0.002287149429321289,0.9999903440475464,0.5757330656051636,0.9999743103981018,0.0,0.00707215117290616,-0.001188127207569778,0.9999974370002747,0.0005328908446244895,0.0018823500722646713,-0.0011425773845985532,0.7079145312309265,-0.0034211711026728153,-0.0007647363818250597,0.7062894105911255
gate_f5_freeform_pose_coupling_probe,992,49.603355407714844,5.7779998779296875,5.854490756988525,5.841280937194824,6.526089191436768,5.841280937194824,5.854490756988525,False,14.0,0.2657817304134369,0.15980297327041626,-0.0006983578205108643,0.003259105607867241,-0.013440134935081005,-0.0021919875871390104,0.9999072551727295,0.004134272690862417,0.0021880967542529106,-0.9999890327453613,-0.004134411457926035,-0.00218808650970459,0.9999890923500061,0.5333919525146484,0.9999754428863525,0.0,0.006916294805705547,-0.0011534226359799504,0.9999971985816956,0.000336504599545151,0.002067510038614273,-0.001093355705961585,0.7078799605369568,-0.0030373125337064266,-0.00011729280959116295,0.7063262462615967
gate_f5_freeform_pose_coupling_probe,993,49.65336608886719,5.7779998779296875,5.474945545196533,6.110591888427734,6.310938358306885,6.110591888427734,5.474945545196533,False,14.0,0.266341894865036,0.1603291928768158,-0.0007119178771972656,0.0035200901329517365,-0.013115772046148777,-0.002196598332375288,0.9999115467071533,0.004237566143274307,0.001787855289876461,-0.9999892711639404,-0.004237588495016098,-0.0017881393432617188,0.9999893307685852,0.5101407170295715,0.9999762177467346,0.0,0.006775437854230404,-0.0013052336871623993,0.9999973177909851,9.750931349117309e-05,0.002118875738233328,-0.0008937233942560852,0.7077385187149048,-0.0025366535410284996,0.00045792030869051814,0.706469714641571
gate_f5_freeform_pose_coupling_probe,994,49.70337677001953,5.7779998779296875,6.869202613830566,5.936586380004883,6.755480766296387,5.936586380004883,6.869202613830566,False,14.0,0.2663244307041168,0.1617615669965744,-0.0006611049175262451,0.0032434146851301193,-0.012967770919203758,-0.0023619350977241993,0.9999130964279175,0.0031335165258497,0.0008739909389987588,-0.9999945163726807,-0.003133599180728197,-0.0008738040924072266,0.999994695186615,0.5699260234832764,0.9999769926071167,0.0,0.006626924965530634,-0.0014433966716751456,0.9999986290931702,7.354155968641862e-05,0.001566792489029467,-0.0004368808586150408,0.7074037194252014,-0.00632078479975462,-0.004109610337764025,0.7067694664001465
gate_f5_freeform_pose_coupling_probe,995,49.753387451171875,5.7779998779296875,3.7528064250946045,4.326106071472168,6.606788635253906,4.326106071472168,3.7528064250946045,False,14.0,0.26648369431495667,0.16419273614883423,-0.0006666183471679688,0.0034492965787649155,-0.01260452251881361,-0.0025968155823647976,0.999917209148407,0.0035252179950475693,0.0014378612395375967,-0.9999926090240479,-0.003525297623127699,-0.0014379024505615234,0.9999927282333374,0.5245137214660645,0.9999778270721436,0.0,0.006472739391028881,-0.0015677778283134103,0.999998152256012,-0.00016504757513757795,0.0017624935135245323,-0.0007192228804342449,0.7076109647750854,-0.004864487797021866,-0.0023769603576511145,0.7065814733505249
gate_f5_freeform_pose_coupling_probe,996,49.80339813232422,5.7779998779296875,4.967559337615967,5.358718395233154,6.533285617828369,5.358718395233154,4.967559337615967,False,14.0,0.26631173491477966,0.16663189232349396,-0.0006477832794189453,0.0033008623868227005,-0.01236583199352026,-0.0028437217697501183,0.9999194741249084,0.0029424913227558136,0.0014962026616558433,-0.9999945163726807,-0.0029425518587231636,-0.0014961957931518555,0.9999945759773254,0.545722246170044,0.9999786615371704,0.0,0.006314902100712061,-0.0016784794861450791,0.9999986290931702,4.497839108807966e-05,0.0014712812844663858,-0.0007480361964553595,0.7076258063316345,-0.005795539356768131,-0.0037220059894025326,0.7065538167953491
gate_f5_freeform_pose_coupling_probe,997,49.85340881347656,5.7779998779296875,4.641411304473877,4.701959609985352,6.696333885192871,4.701959609985352,4.641411304473877,False,14.0,0.2663020193576813,0.16877630352973938,-0.0006458759307861328,0.00319681316614151,-0.012070409953594208,-0.003017353592440486,0.9999225735664368,0.0034569655545055866,0.0008906035218387842,-0.9999933242797852,-0.003457064274698496,-0.0008904933929443359,0.9999935626983643,0.508988618850708,0.9999794960021973,0.0,0.006155451759696007,-0.001775836804881692,0.9999982118606567,-0.0004678046971093863,0.001728277187794447,-0.0004461110511329025,0.7074108719825745,-0.006322741508483887,-0.003882831893861294,0.7067635655403137
gate_f5_freeform_pose_coupling_probe,998,49.903419494628906,5.7779998779296875,7.16477632522583,7.117099761962891,6.286221504211426,7.117099761962891,7.16477632522583,False,14.0,0.2661835253238678,0.171382874250412,-0.0007326900959014893,0.003280036151409149,-0.011735701002180576,-0.0032114398200064898,0.999925971031189,0.0034730960614979267,0.0015208408003672957,-0.9999927282333374,-0.0034731870982795954,-0.0015208721160888672,0.9999929070472717,0.48254460096359253,0.9999802708625793,0.0,0.0059964400716125965,-0.0018604116048663855,0.9999980926513672,-0.000437301816418767,0.0017362184589728713,-0.000761181116104126,0.7076424360275269,-0.0040642274543643,-0.0016126453410834074,0.7065572738647461
gate_f5_freeform_pose_coupling_probe,999,49.95343017578125,5.7779998779296875,6.7785186767578125,5.596266269683838,6.853343963623047,5.596266269683838,6.7785186767578125,False,14.0,0.26620545983314514,0.17346078157424927,-0.0007194578647613525,0.003114374354481697,-0.011403871700167656,-0.003322610631585121,0.9999294281005859,0.004483924712985754,0.00041419663466513157,-0.9999899864196777,-0.004483944736421108,-0.00041425228118896484,0.9999898672103882,0.4302385151386261,0.9999811053276062,0.0,0.005839921534061432,-0.0019329874776303768,0.9999974370002747,-0.0003055300039704889,0.002241904614493251,-0.0002077838289551437,0.7072424292564392,0.0007322314195334911,0.0039038104005157948,0.7069599628448486
gate_f5_freeform_pose_coupling_probe,1000,50.003440856933594,5.7779998779296875,4.2768425941467285,4.615246772766113,6.658585548400879,4.615246772766113,4.2768425941467285,False,14.0,0.26567891240119934,0.17631258070468903,-0.0007545351982116699,0.003292413428425789,-0.011160193011164665,-0.003528728848323226,0.9999315142631531,0.0024555169511586428,0.0015143145574256778,-0.9999959468841553,-0.002455587964504957,-0.001514434814453125,0.9999959468841553,0.5109072327613831,0.9999818205833435,0.0,0.005687959957867861,-0.0019945655949413776,0.9999987483024597,-0.0006816801032982767,0.0012272432213649154,-0.0007579947705380619,0.7076314687728882,-0.0055892798118293285,-0.003860109020024538,0.7065491080284119
