policy_label,observation_dim,direction_mode,surface_profile,env,profile_seed,tile_i,tile_j,cell_count,local_gu_mean,local_ra_mean_um,local_rz_mean_um,gu_pass_area_pct,ra_pass_area_pct,rz_pass_area_pct,scratch_pass_area_pct,all4_pass_area_pct,clearcoat_pass_area_pct,temperature_pass_area_pct
candidate,14,same_xx,factory_prepolish,15,26679,0,0,400,77.54397146984846,0.020092925599414033,0.06805603023608998,100.0,100.0,100.0,100.0,100.0,100.0,100.0
candidate,14,same_xx,factory_prepolish,15,26679,0,1,400,77.46915246640397,0.014764495099031176,0.04993118891997744,100.0,100.0,100.0,100.0,100.0,100.0,100.0
candidate,14,same_xx,factory_prepolish,15,26679,0,2,400,77.37323393673434,0.016872511066215557,0.057016037511202565,100.0,100.0,100.0,100.0,100.0,100.0,100.0
candidate,14,same_xx,factory_prepolish,15,26679,0,3,400,77.48432107393411,0.014767142494618088,0.049519025150067446,100.0,100.0,100.0,100.0,100.0,100.0,100.0
candidate,14,same_xx,factory_prepolish,15,26679,0,4,400,77.44537421239862,0.017030164704005264,0.057738174434737125,100.0,100.0,100.0,100.0,100.0,100.0,100.0
candidate,14,same_xx,factory_prepolish,15,26679,1,0,400,77.35135890454214,0.016448060190991542,0.055946753619036664,100.0,100.0,100.0,100.0,100.0,100.0,100.0
candidate,14,same_xx,factory_prepolish,15,26679,1,1,400,77.3258829458809,0.011959192203803764,0.04005559162859673,100.0,100.0,100.0,100.0,100.0,100.0,100.0
candidate,14,same_xx,factory_prepolish,15,26679,1,2,400,77.2786842229205,0.013806972180311248,0.04636671811381456,100.0,100.0,100.0,100.0,100.0,100.0,100.0
candidate,14,same_xx,factory_prepolish,15,26679,1,3,400,77.2894994125321,0.01321815891506847,0.04493068459117261,100.0,100.0,100.0,100.0,100.0,100.0,100.0
candidate,14,same_xx,factory_prepolish,15,26679,1,4,400,77.52091254335186,0.013082198294243534,0.04449397875268275,100.0,100.0,100.0,100.0,100.0,100.0,100.0
candidate,14,same_xx,factory_prepolish,15,26679,2,0,400,77.30133479818087,0.01286305288239042,0.043596186211494053,100.0,100.0,100.0,100.0,100.0,100.0,100.0
candidate,14,same_xx,factory_prepolish,15,26679,2,1,400,77.34155033803555,0.01002948977598381,0.03429388015504752,100.0,100.0,100.0,100.0,100.0,100.0,100.0
candidate,14,same_xx,factory_prepolish,15,26679,2,2,400,77.41661468853677,0.010622118883654639,0.03597433284977189,100.0,100.0,100.0,100.0,100.0,100.0,100.0
candidate,14,same_xx,factory_prepolish,15,26679,2,3,400,77.29576167473479,0.013018732987849821,0.04404469705841515,100.0,100.0,100.0,100.0,100.0,100.0,100.0
candidate,14,same_xx,factory_prepolish,15,26679,2,4,400,77.50776467889337,0.011679053721067438,0.03907408009379949,100.0,100.0,100.0,100.0,100.0,100.0,100.0
candidate,14,same_xx,factory_prepolish,15,26679,3,0,400,77.40880209591506,0.017727615133380482,0.060671049751800085,100.0,100.0,100.0,100.0,100.0,100.0,100.0
candidate,14,same_xx,factory_prepolish,15,26679,3,1,400,77.28916213627969,0.012593062599093789,0.042348951925693316,100.0,100.0,100.0,100.0,100.0,100.0,100.0
candidate,14,same_xx,factory_prepolish,15,26679,3,2,400,77.2206215444112,0.0168340446645005,0.05739906359805019,100.0,100.0,100.0,100.0,100.0,100.0,100.0
candidate,14,same_xx,factory_prepolish,15,26679,3,3,400,77.20018569393244,0.017279134627241902,0.05815772415729573,100.0,100.0,100.0,100.0,100.0,100.0,100.0
candidate,14,same_xx,factory_prepolish,15,26679,3,4,400,77.2791142556046,0.020394145147986688,0.06858879830156722,100.0,100.0,100.0,100.0,100.0,100.0,100.0
candidate,14,same_xx,factory_prepolish,15,26679,4,0,400,77.53599156639476,0.01468405419291602,0.05003703903149389,100.0,100.0,100.0,100.0,100.0,100.0,100.0
candidate,14,same_xx,factory_prepolish,15,26679,4,1,400,77.32113383958466,0.01891206040049714,0.0643638133005023,100.0,100.0,100.0,100.0,100.0,100.0,100.0
candidate,14,same_xx,factory_prepolish,15,26679,4,2,400,77.37560034802168,0.017330939855684666,0.05880196918440148,100.0,100.0,100.0,100.0,100.0,100.0,100.0
candidate,14,same_xx,factory_prepolish,15,26679,4,3,400,77.42723168310793,0.014310307045311275,0.04917614059513389,100.0,100.0,100.0,100.0,100.0,100.0,100.0
candidate,14,same_xx,factory_prepolish,15,26679,4,4,400,77.45161360860598,0.020296070005666217,0.06920776627346853,100.0,100.0,100.0,100.0,100.0,100.0,100.0
candidate,14,same_xx,factory_prepolish,11,26291,0,0,400,77.52445301969638,0.022249062947047867,0.07546072299770568,100.0,100.0,100.0,100.0,100.0,100.0,100.0
candidate,14,same_xx,factory_prepolish,11,26291,0,1,400,77.41998194018092,0.017827124155585163,0.06000396188094328,100.0,100.0,100.0,100.0,100.0,100.0,100.0
candidate,14,same_xx,factory_prepolish,11,26291,0,2,400,77.40687501783759,0.01663542119440894,0.05639002037443069,100.0,100.0,100.0,100.0,100.0,100.0,100.0
candidate,14,same_xx,factory_prepolish,11,26291,0,3,400,77.40810082246816,0.01791472767196388,0.06026610870328273,100.0,100.0,100.0,100.0,100.0,100.0,100.0
candidate,14,same_xx,factory_prepolish,11,26291,0,4,400,77.46658979177458,0.01782292286763355,0.060921535889862106,100.0,100.0,100.0,100.0,100.0,100.0,100.0
candidate,14,same_xx,factory_prepolish,11,26291,1,0,400,77.48286428058684,0.011254030751884924,0.03870545466706202,100.0,100.0,100.0,100.0,100.0,100.0,100.0
candidate,14,same_xx,factory_prepolish,11,26291,1,1,400,77.35634036518144,0.011977570737963277,0.04050938939624805,100.0,100.0,100.0,100.0,100.0,100.0,100.0
candidate,14,same_xx,factory_prepolish,11,26291,1,2,400,77.42099531172343,0.010983050896343877,0.037395195014974146,100.0,100.0,100.0,100.0,100.0,100.0,100.0
candidate,14,same_xx,factory_prepolish,11,26291,1,3,400,77.36283457794819,0.01142869252394978,0.03881214537464719,100.0,100.0,100.0,100.0,100.0,100.0,100.0
candidate,14,same_xx,factory_prepolish,11,26291,1,4,400,77.39060963614494,0.016621806066500988,0.055574013650001836,100.0,100.0,100.0,100.0,100.0,100.0,100.0
candidate,14,same_xx,factory_prepolish,11,26291,2,0,400,77.42099051210961,0.013564706268255218,0.04623735966417791,100.0,100.0,100.0,100.0,100.0,100.0,100.0
candidate,14,same_xx,factory_prepolish,11,26291,2,1,400,77.26985499412368,0.011454704871100941,0.03848607680135656,100.0,100.0,100.0,100.0,100.0,100.0,100.0
candidate,14,same_xx,factory_prepolish,11,26291,2,2,400,77.27245801683361,0.011242344037789368,0.03811361519024865,100.0,100.0,100.0,100.0,100.0,100.0,100.0
candidate,14,same_xx,factory_prepolish,11,26291,2,3,400,77.46021008439024,0.010282066427229992,0.03507832262408075,100.0,100.0,100.0,100.0,100.0,100.0,100.0
candidate,14,same_xx,factory_prepolish,11,26291,2,4,400,77.44666263611606,0.014412826801394538,0.048865725918442904,100.0,100.0,100.0,100.0,100.0,100.0,100.0
candidate,14,same_xx,factory_prepolish,11,26291,3,0,400,77.36253334797937,0.01618554101897378,0.05532946745128235,100.0,100.0,100.0,100.0,100.0,100.0,100.0
candidate,14,same_xx,factory_prepolish,11,26291,3,1,400,77.3131171636994,0.01142366419386286,0.03854599874542816,100.0,100.0,100.0,100.0,100.0,100.0,100.0
candidate,14,same_xx,factory_prepolish,11,26291,3,2,400,77.35914710234509,0.01219384546711622,0.04097926458102002,100.0,100.0,100.0,100.0,100.0,100.0,100.0
candidate,14,same_xx,factory_prepolish,11,26291,3,3,400,77.2043953900731,0.015761370331622882,0.05299439840990461,100.0,100.0,100.0,100.0,100.0,100.0,100.0
candidate,14,same_xx,factory_prepolish,11,26291,3,4,400,77.44627669599691,0.013861649775100555,0.04680368614307917,100.0,100.0,100.0,100.0,100.0,100.0,100.0
candidate,14,same_xx,factory_prepolish,11,26291,4,0,400,77.42787718013399,0.016845653856974115,0.05648739525179737,100.0,100.0,100.0,100.0,100.0,100.0,100.0
candidate,14,same_xx,factory_prepolish,11,26291,4,1,400,77.40076531141428,0.013730991773547427,0.04651405052367485,100.0,100.0,100.0,100.0,100.0,100.0,100.0
candidate,14,same_xx,factory_prepolish,11,26291,4,2,400,77.36735137420128,0.015241131921306337,0.05082854956887673,100.0,100.0,100.0,100.0,100.0,100.0,100.0
candidate,14,same_xx,factory_prepolish,11,26291,4,3,400,77.37845387524253,0.015460505061118006,0.05225952693913804,100.0,100.0,100.0,100.0,100.0,100.0,100.0
candidate,14,same_xx,factory_prepolish,11,26291,4,4,400,77.44063439327492,0.01854786180099803,0.06278834583062487,100.0,100.0,100.0,100.0,100.0,100.0,100.0
candidate,14,same_xx,factory_prepolish,12,26388,0,0,400,77.5461184109293,0.02079106098333643,0.06977661226679693,100.0,100.0,100.0,100.0,100.0,100.0,100.0
candidate,14,same_xx,factory_prepolish,12,26388,0,1,400,77.36865116657219,0.017279920062773818,0.0588964502971647,100.0,100.0,100.0,100.0,100.0,100.0,100.0
candidate,14,same_xx,factory_prepolish,12,26388,0,2,400,77.44194766438682,0.01380460221881829,0.047273251706992675,100.0,100.0,100.0,100.0,100.0,100.0,100.0
candidate,14,same_xx,factory_prepolish,12,26388,0,3,400,77.43158122738443,0.01780650454114767,0.06052384428504814,100.0,100.0,100.0,100.0,100.0,100.0,100.0
candidate,14,same_xx,factory_prepolish,12,26388,0,4,400,77.39686552182144,0.02074974622889978,0.07069832363816425,100.0,100.0,100.0,100.0,100.0,100.0,100.0
candidate,14,same_xx,factory_prepolish,12,26388,1,0,400,77.22650133332498,0.01879415422933252,0.06335797843886219,100.0,100.0,100.0,100.0,100.0,100.0,100.0
candidate,14,same_xx,factory_prepolish,12,26388,1,1,400,77.31193530030556,0.013381218461474697,0.04508098009923141,100.0,100.0,100.0,100.0,100.0,100.0,100.0
candidate,14,same_xx,factory_prepolish,12,26388,1,2,400,77.26398083907021,0.01297846550013785,0.04430693122942589,100.0,100.0,100.0,100.0,100.0,100.0,100.0
candidate,14,same_xx,factory_prepolish,12,26388,1,3,400,77.36959055219542,0.014346855064828459,0.04816754512872648,100.0,100.0,100.0,100.0,100.0,100.0,100.0
candidate,14,same_xx,factory_prepolish,12,26388,1,4,400,77.37778463722557,0.018085453549031717,0.0612167861854402,100.0,100.0,100.0,100.0,100.0,100.0,100.0
candidate,14,same_xx,factory_prepolish,12,26388,2,0,400,77.31609404601426,0.011784577535001213,0.04010674669180776,100.0,100.0,100.0,100.0,100.0,100.0,100.0
candidate,14,same_xx,factory_prepolish,12,26388,2,1,400,77.1349352402995,0.017336491303427334,0.05968154942232978,100.0,100.0,100.0,100.0,100.0,100.0,100.0
candidate,14,same_xx,factory_prepolish,12,26388,2,2,400,77.27396506637857,0.013191963676928759,0.044746443206987986,100.0,100.0,100.0,100.0,100.0,100.0,100.0
candidate,14,same_xx,factory_prepolish,12,26388,2,3,400,77.14872648391837,0.01706535105349206,0.057996286636649914,100.0,100.0,100.0,100.0,100.0,100.0,100.0
candidate,14,same_xx,factory_prepolish,12,26388,2,4,400,77.43100062152944,0.01737787129353395,0.058539927974512726,100.0,100.0,100.0,100.0,100.0,100.0,100.0
candidate,14,same_xx,factory_prepolish,12,26388,3,0,400,77.36029516305824,0.014269811787894096,0.048210609538971896,100.0,100.0,100.0,100.0,100.0,100.0,100.0
candidate,14,same_xx,factory_prepolish,12,26388,3,1,400,77.15742050928259,0.016580617389830993,0.05655852604223286,100.0,100.0,100.0,100.0,100.0,100.0,100.0
candidate,14,same_xx,factory_prepolish,12,26388,3,2,400,77.3470097673997,0.011700806343823877,0.03949485114593257,100.0,100.0,100.0,100.0,100.0,100.0,100.0
candidate,14,same_xx,factory_prepolish,12,26388,3,3,400,77.418542540181,0.011086040839964837,0.037754397103167484,100.0,100.0,100.0,100.0,100.0,100.0,100.0
candidate,14,same_xx,factory_prepolish,12,26388,3,4,400,77.51042060711283,0.013673157981717783,0.04629399737552614,100.0,100.0,100.0,100.0,100.0,100.0,100.0
candidate,14,same_xx,factory_prepolish,12,26388,4,0,400,77.3215975930912,0.018756557599695224,0.06394834653307123,100.0,100.0,100.0,100.0,100.0,100.0,100.0
candidate,14,same_xx,factory_prepolish,12,26388,4,1,400,77.50958824764906,0.011361704001373391,0.03855979968764046,100.0,100.0,100.0,100.0,100.0,100.0,100.0
candidate,14,same_xx,factory_prepolish,12,26388,4,2,400,77.38006529534765,0.015146754241276573,0.05147444750171761,100.0,100.0,100.0,100.0,100.0,100.0,100.0
candidate,14,same_xx,factory_prepolish,12,26388,4,3,400,77.30632550515098,0.016840641674631313,0.05720344534578119,100.0,100.0,100.0,100.0,100.0,100.0,100.0
candidate,14,same_xx,factory_prepolish,12,26388,4,4,400,77.50430402435876,0.015937050985819125,0.0543172711967072,100.0,100.0,100.0,100.0,100.0,100.0,100.0
candidate,14,same_xx,factory_prepolish,10,26194,0,0,400,77.53061346917826,0.0216328167511719,0.073755102116963,100.0,100.0,100.0,100.0,100.0,100.0,100.0
candidate,14,same_xx,factory_prepolish,10,26194,0,1,400,77.32590246490763,0.02100538116761732,0.07128552332125927,100.0,100.0,100.0,100.0,100.0,100.0,100.0
candidate,14,same_xx,factory_prepolish,10,26194,0,2,400,77.43410241921129,0.023134576619583992,0.07843965437542946,100.0,100.0,100.0,100.0,100.0,100.0,100.0
candidate,14,same_xx,factory_prepolish,10,26194,0,3,400,77.32098666165658,0.019825752109213255,0.06877961002358368,100.0,100.0,100.0,100.0,100.0,100.0,100.0
candidate,14,same_xx,factory_prepolish,10,26194,0,4,400,77.49347515346514,0.020126834039921833,0.06777052115362046,100.0,100.0,100.0,100.0,100.0,100.0,100.0
candidate,14,same_xx,factory_prepolish,10,26194,1,0,400,77.33562484422923,0.01720771711690249,0.05837501378755627,100.0,100.0,100.0,100.0,100.0,100.0,100.0
candidate,14,same_xx,factory_prepolish,10,26194,1,1,400,77.28898317720711,0.012865803913864828,0.04362645379126571,100.0,100.0,100.0,100.0,100.0,100.0,100.0
candidate,14,same_xx,factory_prepolish,10,26194,1,2,400,77.14812448629175,0.016629094688596448,0.056474295499364044,100.0,100.0,100.0,100.0,100.0,100.0,100.0
candidate,14,same_xx,factory_prepolish,10,26194,1,3,400,77.27318913667054,0.0151843203220142,0.050816884221491936,100.0,100.0,100.0,100.0,100.0,100.0,100.0
candidate,14,same_xx,factory_prepolish,10,26194,1,4,400,77.42697236382814,0.016102817991866435,0.05494946152171299,100.0,100.0,100.0,100.0,100.0,100.0,100.0
candidate,14,same_xx,factory_prepolish,10,26194,2,0,400,77.33236343784236,0.014886854763643598,0.050827926585431144,100.0,100.0,100.0,100.0,100.0,100.0,100.0
candidate,14,same_xx,factory_prepolish,10,26194,2,1,400,77.07875224761534,0.018242930933778614,0.0630374744156893,100.0,100.0,100.0,100.0,100.0,100.0,100.0
candidate,14,same_xx,factory_prepolish,10,26194,2,2,400,77.32630640049096,0.014135409159960257,0.048407795966583685,100.0,100.0,100.0,100.0,100.0,100.0,100.0
candidate,14,same_xx,factory_prepolish,10,26194,2,3,400,77.24788635949554,0.01473951169262673,0.05007891653835386,100.0,100.0,100.0,100.0,100.0,100.0,100.0
candidate,14,same_xx,factory_prepolish,10,26194,2,4,400,77.3220649823498,0.018924060685896662,0.06425187308988178,100.0,100.0,100.0,100.0,100.0,100.0,100.0
candidate,14,same_xx,factory_prepolish,10,26194,3,0,400,77.28871478241767,0.016486220319990835,0.056984422805464605,100.0,100.0,100.0,100.0,100.0,100.0,100.0
candidate,14,same_xx,factory_prepolish,10,26194,3,1,400,77.19504079850245,0.01822503380891817,0.06217140617707303,100.0,100.0,100.0,100.0,100.0,100.0,100.0
candidate,14,same_xx,factory_prepolish,10,26194,3,2,400,77.15101998994638,0.01911586051670575,0.06495558453045593,100.0,100.0,100.0,100.0,100.0,100.0,100.0
candidate,14,same_xx,factory_prepolish,10,26194,3,3,400,77.24927639779918,0.01438421848036199,0.04833986463232542,100.0,100.0,100.0,100.0,100.0,100.0,100.0
candidate,14,same_xx,factory_prepolish,10,26194,3,4,400,77.454158391814,0.014082111152376448,0.048074179114145306,100.0,100.0,100.0,100.0,100.0,100.0,100.0
candidate,14,same_xx,factory_prepolish,10,26194,4,0,400,77.45405058549079,0.017564585623934065,0.05944703577908607,100.0,100.0,100.0,100.0,100.0,100.0,100.0
candidate,14,same_xx,factory_prepolish,10,26194,4,1,400,77.30104132536825,0.021133856679492684,0.07058791533741214,100.0,100.0,100.0,100.0,100.0,100.0,100.0
candidate,14,same_xx,factory_prepolish,10,26194,4,2,400,77.39671298914091,0.015524746285604034,0.05274853155317977,100.0,100.0,100.0,100.0,100.0,100.0,100.0
candidate,14,same_xx,factory_prepolish,10,26194,4,3,400,77.34591191485045,0.015515238581261713,0.05258214045215905,100.0,100.0,100.0,100.0,100.0,100.0,100.0
candidate,14,same_xx,factory_prepolish,10,26194,4,4,400,77.41205483712545,0.02076035039455042,0.07048703209914815,100.0,100.0,100.0,100.0,100.0,100.0,100.0
candidate,14,same_xx,factory_prepolish_deep_defect,16,26000,0,0,400,77.51975541853106,0.026608793478492182,0.08858671657837754,100.0,100.0,100.0,100.0,100.0,100.0,100.0
candidate,14,same_xx,factory_prepolish_deep_defect,16,26000,0,1,400,77.52544335991556,0.014287027937495976,0.04849391387553997,100.0,100.0,100.0,100.0,100.0,100.0,100.0
candidate,14,same_xx,factory_prepolish_deep_defect,16,26000,0,2,400,77.35697965131732,0.01563968691957849,0.05257904157388249,100.0,100.0,100.0,100.0,100.0,100.0,100.0
candidate,14,same_xx,factory_prepolish_deep_defect,16,26000,0,3,400,72.73689378477722,0.02953388814890009,0.09981800899836625,78.0,100.0,100.0,99.75,78.0,100.0,100.0
candidate,14,same_xx,factory_prepolish_deep_defect,16,26000,0,4,400,75.3796565084556,0.02297283524483741,0.07785881408135137,94.75,100.0,100.0,99.75,94.75,100.0,100.0
candidate,14,same_xx,factory_prepolish_deep_defect,16,26000,1,0,400,77.35189827557731,0.017506636048084844,0.05963615798381708,100.0,100.0,100.0,100.0,100.0,100.0,100.0
candidate,14,same_xx,factory_prepolish_deep_defect,16,26000,1,1,400,77.28947759388048,0.01337307919937343,0.04566563282879152,100.0,100.0,100.0,100.0,100.0,100.0,100.0
candidate,14,same_xx,factory_prepolish_deep_defect,16,26000,1,2,400,77.24925130016334,0.015469356009166553,0.05189617512413475,100.0,100.0,100.0,100.0,100.0,100.0,100.0
candidate,14,same_xx,factory_prepolish_deep_defect,16,26000,1,3,400,77.17797639137524,0.018489544371636305,0.06350188765929708,100.0,100.0,100.0,100.0,100.0,100.0,100.0
candidate,14,same_xx,factory_prepolish_deep_defect,16,26000,1,4,400,77.45417785199241,0.019717887953328038,0.06678554899058463,100.0,100.0,100.0,100.0,100.0,100.0,100.0
candidate,14,same_xx,factory_prepolish_deep_defect,16,26000,2,0,400,77.26968090682159,0.013998529468969567,0.047556369172847265,100.0,100.0,100.0,100.0,100.0,100.0,100.0
candidate,14,same_xx,factory_prepolish_deep_defect,16,26000,2,1,400,77.13903156271857,0.01349363925590254,0.04563768022791173,100.0,100.0,100.0,100.0,100.0,100.0,100.0
candidate,14,same_xx,factory_prepolish_deep_defect,16,26000,2,2,400,77.42391939167761,0.00841705362751794,0.02837067881429992,100.0,100.0,100.0,100.0,100.0,100.0,100.0
candidate,14,same_xx,factory_prepolish_deep_defect,16,26000,2,3,400,77.35210968948545,0.01277920925601614,0.04280845962030386,100.0,100.0,100.0,100.0,100.0,100.0,100.0
candidate,14,same_xx,factory_prepolish_deep_defect,16,26000,2,4,400,77.52887721037204,0.01618133264420299,0.05490373046109632,100.0,100.0,100.0,100.0,100.0,100.0,100.0
candidate,14,same_xx,factory_prepolish_deep_defect,16,26000,3,0,400,77.31167167100061,0.014266003338207928,0.04779958760040543,100.0,100.0,100.0,100.0,100.0,100.0,100.0
candidate,14,same_xx,factory_prepolish_deep_defect,16,26000,3,1,400,73.7819002109879,0.018038758602617007,0.06092998999624468,71.75,100.0,100.0,100.0,71.75,100.0,100.0
candidate,14,same_xx,factory_prepolish_deep_defect,16,26000,3,2,400,74.53754020993424,0.013200784338349791,0.0447903794586245,89.25,100.0,100.0,100.0,89.25,100.0,100.0
candidate,14,same_xx,factory_prepolish_deep_defect,16,26000,3,3,400,76.7021241302336,0.01408551405383887,0.04828417795725672,96.75,100.0,100.0,100.0,96.75,100.0,100.0
candidate,14,same_xx,factory_prepolish_deep_defect,16,26000,3,4,400,77.36784091852249,0.021431948743627548,0.07301679089522052,100.0,100.0,100.0,100.0,100.0,100.0,100.0
candidate,14,same_xx,factory_prepolish_deep_defect,16,26000,4,0,400,77.4565517879003,0.012673824923875986,0.04310252016041377,100.0,100.0,100.0,100.0,100.0,100.0,100.0
candidate,14,same_xx,factory_prepolish_deep_defect,16,26000,4,1,400,75.15629598837052,0.017033802278430505,0.05804957998798117,88.75,100.0,100.0,100.0,88.75,100.0,100.0
candidate,14,same_xx,factory_prepolish_deep_defect,16,26000,4,2,400,70.5478396776436,0.018891768723588546,0.06414739592803906,67.5,100.0,100.0,99.25,67.5,100.0,100.0
candidate,14,same_xx,factory_prepolish_deep_defect,16,26000,4,3,400,75.88014807747737,0.018911557515358134,0.06347666498101594,87.5,100.0,100.0,100.0,87.5,100.0,100.0
candidate,14,same_xx,factory_prepolish_deep_defect,16,26000,4,4,400,77.49707676631235,0.0198045936522369,0.06682021626135087,100.0,100.0,100.0,100.0,100.0,100.0,100.0
candidate,14,same_xx,factory_prepolish_deep_defect,20,26388,0,0,400,77.53895960745479,0.020618516736345186,0.0691963253563858,100.0,100.0,100.0,100.0,100.0,100.0,100.0
candidate,14,same_xx,factory_prepolish_deep_defect,20,26388,0,1,400,77.36554240057053,0.017223798077613716,0.05872305148333551,100.0,100.0,100.0,100.0,100.0,100.0,100.0
candidate,14,same_xx,factory_prepolish_deep_defect,20,26388,0,2,400,77.44125349115846,0.013803521820671363,0.047256072960513616,100.0,100.0,100.0,100.0,100.0,100.0,100.0
candidate,14,same_xx,factory_prepolish_deep_defect,20,26388,0,3,400,77.43238382414401,0.017821233073986375,0.06056962904091906,100.0,100.0,100.0,100.0,100.0,100.0,100.0
candidate,14,same_xx,factory_prepolish_deep_defect,20,26388,0,4,400,77.39712994490475,0.02075576952479828,0.07071485668869533,100.0,100.0,100.0,100.0,100.0,100.0,100.0
candidate,14,same_xx,factory_prepolish_deep_defect,20,26388,1,0,400,77.22000486839086,0.0186411047947121,0.06284456731165886,100.0,100.0,100.0,100.0,100.0,100.0,100.0
candidate,14,same_xx,factory_prepolish_deep_defect,20,26388,1,1,400,77.30870674941183,0.013303913133057193,0.0448119583729385,100.0,100.0,100.0,100.0,100.0,100.0,100.0
candidate,14,same_xx,factory_prepolish_deep_defect,20,26388,1,2,400,77.26216953376428,0.012921418971166639,0.044118732793864135,100.0,100.0,100.0,100.0,100.0,100.0,100.0
candidate,14,same_xx,factory_prepolish_deep_defect,20,26388,1,3,400,77.37370651532535,0.01442563220087016,0.048426960377325495,100.0,100.0,100.0,100.0,100.0,100.0,100.0
candidate,14,same_xx,factory_prepolish_deep_defect,20,26388,1,4,400,77.38030167615553,0.0181464145687791,0.061423619412565786,100.0,100.0,100.0,100.0,100.0,100.0,100.0
candidate,14,same_xx,factory_prepolish_deep_defect,20,26388,2,0,400,77.31428800118344,0.011760262680161681,0.040017402298040156,100.0,100.0,100.0,100.0,100.0,100.0,100.0
candidate,14,same_xx,factory_prepolish_deep_defect,20,26388,2,1,400,77.12723441997314,0.017241789678673344,0.0593572834803279,100.0,100.0,100.0,100.0,100.0,100.0,100.0
candidate,14,same_xx,factory_prepolish_deep_defect,20,26388,2,2,400,77.26272745316263,0.012964049880870743,0.04398142936616118,100.0,100.0,100.0,100.0,100.0,100.0,100.0
candidate,14,same_xx,factory_prepolish_deep_defect,20,26388,2,3,400,77.16139597224091,0.017337490974190985,0.05890276381279728,100.0,100.0,100.0,100.0,100.0,100.0,100.0
candidate,14,same_xx,factory_prepolish_deep_defect,20,26388,2,4,400,77.43715092130948,0.017660663869586788,0.05948678570208324,100.0,100.0,100.0,100.0,100.0,100.0,100.0
candidate,14,same_xx,factory_prepolish_deep_defect,20,26388,3,0,400,77.3573469665339,0.014214285713257733,0.04802770917946328,100.0,100.0,100.0,100.0,100.0,100.0,100.0
candidate,14,same_xx,factory_prepolish_deep_defect,20,26388,3,1,400,77.12345278853876,0.015953216247451562,0.05447788897503424,100.0,100.0,100.0,100.0,100.0,100.0,100.0
candidate,14,same_xx,factory_prepolish_deep_defect,20,26388,3,2,400,77.27239063238063,0.01028114287381515,0.03472058298035918,100.0,100.0,100.0,100.0,100.0,100.0,100.0
candidate,14,same_xx,factory_prepolish_deep_defect,20,26388,3,3,400,77.36096847124105,0.01002029400443639,0.0340993827379486,100.0,100.0,100.0,100.0,100.0,100.0,100.0
candidate,14,same_xx,factory_prepolish_deep_defect,20,26388,3,4,400,77.48593416424337,0.013861845263002825,0.04696999621467618,100.0,100.0,100.0,100.0,100.0,100.0,100.0
candidate,14,same_xx,factory_prepolish_deep_defect,20,26388,4,0,400,77.31824429710927,0.018694206305107992,0.0637448677029947,100.0,100.0,100.0,100.0,100.0,100.0,100.0
candidate,14,same_xx,factory_prepolish_deep_defect,20,26388,4,1,400,77.47082050665604,0.010697802697863922,0.0363089218603216,100.0,100.0,100.0,100.0,100.0,100.0,100.0
candidate,14,same_xx,factory_prepolish_deep_defect,20,26388,4,2,400,76.115061926235,0.0176064510553275,0.05899296972260468,91.25,100.0,100.0,100.0,91.25,100.0,100.0
candidate,14,same_xx,factory_prepolish_deep_defect,20,26388,4,3,400,72.67662079885397,0.033054156339372455,0.11258253566392148,72.25,100.0,100.0,100.0,72.25,100.0,100.0
candidate,14,same_xx,factory_prepolish_deep_defect,20,26388,4,4,400,77.43170961119681,0.015523651536605143,0.05292306830843177,100.0,100.0,100.0,100.0,100.0,100.0,100.0
candidate,14,same_xx,factory_prepolish,9,26097,0,0,400,77.52379713322023,0.019622923698026814,0.06655329979909257,100.0,100.0,100.0,100.0,100.0,100.0,100.0
candidate,14,same_xx,factory_prepolish,9,26097,0,1,400,77.38691658362352,0.017182071238738873,0.058054023439831945,100.0,100.0,100.0,100.0,100.0,100.0,100.0
candidate,14,same_xx,factory_prepolish,9,26097,0,2,400,77.32356584929677,0.018282449426610763,0.061760442042059716,100.0,100.0,100.0,100.0,100.0,100.0,100.0
candidate,14,same_xx,factory_prepolish,9,26097,0,3,400,73.63885351605435,0.01849759903563791,0.06351844460570585,81.75,100.0,100.0,100.0,81.75,100.0,100.0
candidate,14,same_xx,factory_prepolish,9,26097,0,4,400,77.38237423685626,0.021067022189859497,0.07106766030606916,100.0,100.0,100.0,100.0,100.0,100.0,100.0
candidate,14,same_xx,factory_prepolish,9,26097,1,0,400,77.30966490788977,0.013552395460227787,0.04606153198823699,100.0,100.0,100.0,100.0,100.0,100.0,100.0
candidate,14,same_xx,factory_prepolish,9,26097,1,1,400,77.36275789392225,0.008415249976991779,0.028389771144324217,100.0,100.0,100.0,100.0,100.0,100.0,100.0
candidate,14,same_xx,factory_prepolish,9,26097,1,2,400,77.26673515961734,0.012578897500547146,0.042580697414423475,100.0,100.0,100.0,100.0,100.0,100.0,100.0
candidate,14,same_xx,factory_prepolish,9,26097,1,3,400,74.75812570373006,0.014331392801148994,0.04858310467764241,78.75,100.0,100.0,100.0,78.75,100.0,100.0
candidate,14,same_xx,factory_prepolish,9,26097,1,4,400,76.47183506444428,0.02135426224094146,0.07192131639961481,95.75,100.0,100.0,100.0,95.75,100.0,100.0
candidate,14,same_xx,factory_prepolish,9,26097,2,0,400,77.1973787981729,0.015657725008326642,0.05339950866510681,100.0,100.0,100.0,100.0,100.0,100.0,100.0
candidate,14,same_xx,factory_prepolish,9,26097,2,1,400,77.17051219726099,0.014036105868216646,0.047408613546982004,100.0,100.0,100.0,100.0,100.0,100.0,100.0
candidate,14,same_xx,factory_prepolish,9,26097,2,2,400,77.08149073600576,0.014214459451101303,0.04827970605352326,100.0,100.0,100.0,100.0,100.0,100.0,100.0
candidate,14,same_xx,factory_prepolish,9,26097,2,3,400,77.19832909337916,0.016008254442348352,0.05387981059982021,100.0,100.0,100.0,100.0,100.0,100.0,100.0
candidate,14,same_xx,factory_prepolish,9,26097,2,4,400,77.38801776596809,0.017219931119978656,0.05878685095592264,100.0,100.0,100.0,100.0,100.0,100.0,100.0
candidate,14,same_xx,factory_prepolish,9,26097,3,0,400,77.33320789552647,0.01589992935151142,0.05412098419988611,100.0,100.0,100.0,100.0,100.0,100.0,100.0
candidate,14,same_xx,factory_prepolish,9,26097,3,1,400,77.35247478470788,0.011873029719255327,0.0401624342698675,100.0,100.0,100.0,100.0,100.0,100.0,100.0
candidate,14,same_xx,factory_prepolish,9,26097,3,2,400,77.04176340867448,0.016914802184506927,0.05766916456668177,100.0,100.0,100.0,100.0,100.0,100.0,100.0
candidate,14,same_xx,factory_prepolish,9,26097,3,3,400,77.26171475986574,0.01285246405869657,0.043641020866642594,100.0,100.0,100.0,100.0,100.0,100.0,100.0
candidate,14,same_xx,factory_prepolish,9,26097,3,4,400,77.3104579313323,0.017222384516596773,0.05782553168499509,100.0,100.0,100.0,100.0,100.0,100.0,100.0
candidate,14,same_xx,factory_prepolish,9,26097,4,0,400,77.45487168704906,0.015516764124382671,0.05278630017673018,100.0,100.0,100.0,100.0,100.0,100.0,100.0
candidate,14,same_xx,factory_prepolish,9,26097,4,1,400,77.34411767201061,0.0174865430933557,0.05946114077034079,100.0,100.0,100.0,100.0,100.0,100.0,100.0
candidate,14,same_xx,factory_prepolish,9,26097,4,2,400,77.36476562352546,0.014506598613455799,0.048577189862538665,100.0,100.0,100.0,100.0,100.0,100.0,100.0
candidate,14,same_xx,factory_prepolish,9,26097,4,3,400,77.19875157333584,0.01759622551846724,0.0594116566742599,100.0,100.0,100.0,100.0,100.0,100.0,100.0
candidate,14,same_xx,factory_prepolish,9,26097,4,4,400,77.37578702067958,0.018976363493754547,0.06404466966025338,100.0,100.0,100.0,100.0,100.0,100.0,100.0
candidate,14,same_xx,factory_prepolish_deep_stress,24,26000,0,0,400,77.51979290997667,0.02660860772458844,0.08858616629217383,100.0,100.0,100.0,100.0,100.0,100.0,100.0
candidate,14,same_xx,factory_prepolish_deep_stress,24,26000,0,1,400,77.5268602263883,0.014323954885347608,0.04862118559278708,100.0,100.0,100.0,100.0,100.0,100.0,100.0
candidate,14,same_xx,factory_prepolish_deep_stress,24,26000,0,2,400,77.36791756631176,0.0159520180345804,0.05363176783444397,100.0,100.0,100.0,100.0,100.0,100.0,100.0
candidate,14,same_xx,factory_prepolish_deep_stress,24,26000,0,3,400,71.39794010107718,0.043947255025242916,0.14756928205265987,78.0,94.0,100.0,99.75,78.0,100.0,100.0
candidate,14,same_xx,factory_prepolish_deep_stress,24,26000,0,4,400,75.61199486636811,0.024209999627128075,0.08239454946464633,94.75,100.0,100.0,99.75,94.75,100.0,100.0
candidate,14,same_xx,factory_prepolish_deep_stress,24,26000,1,0,400,77.35195236443369,0.017506765335976712,0.05964442048212991,100.0,100.0,100.0,100.0,100.0,100.0,100.0
candidate,14,same_xx,factory_prepolish_deep_stress,24,26000,1,1,400,77.2899744314525,0.013385057741539868,0.04571552062516782,100.0,100.0,100.0,100.0,100.0,100.0,100.0
candidate,14,same_xx,factory_prepolish_deep_stress,24,26000,1,2,400,77.25063759982866,0.01550707565406056,0.05203296348557293,100.0,100.0,100.0,100.0,100.0,100.0,100.0
candidate,14,same_xx,factory_prepolish_deep_stress,24,26000,1,3,400,77.18653370151452,0.01868787986302036,0.0641623388233532,100.0,100.0,100.0,100.0,100.0,100.0,100.0
candidate,14,same_xx,factory_prepolish_deep_stress,24,26000,1,4,400,77.45195356510023,0.01964819987910128,0.06655156892651756,100.0,100.0,100.0,100.0,100.0,100.0,100.0
candidate,14,same_xx,factory_prepolish_deep_stress,24,26000,2,0,400,77.26981245907689,0.014000103213614121,0.04756363495106004,100.0,100.0,100.0,100.0,100.0,100.0,100.0
candidate,14,same_xx,factory_prepolish_deep_stress,24,26000,2,1,400,77.13917113639192,0.013497844151543134,0.04565015025389272,100.0,100.0,100.0,100.0,100.0,100.0,100.0
candidate,14,same_xx,factory_prepolish_deep_stress,24,26000,2,2,400,77.42405445795875,0.008417468082392781,0.028372601403643456,100.0,100.0,100.0,100.0,100.0,100.0,100.0
candidate,14,same_xx,factory_prepolish_deep_stress,24,26000,2,3,400,77.35150972646572,0.01276444534358144,0.042768085369886244,100.0,100.0,100.0,100.0,100.0,100.0,100.0
candidate,14,same_xx,factory_prepolish_deep_stress,24,26000,2,4,400,77.52969958515192,0.01620349323705313,0.054975089537262836,100.0,100.0,100.0,100.0,100.0,100.0,100.0
candidate,14,same_xx,factory_prepolish_deep_stress,24,26000,3,0,400,77.31172159665033,0.0142657274875765,0.047798255266415894,100.0,100.0,100.0,100.0,100.0,100.0,100.0
candidate,14,same_xx,factory_prepolish_deep_stress,24,26000,3,1,400,73.77678983460088,0.018048547884219807,0.06096087748743809,71.75,100.0,100.0,100.0,71.75,100.0,100.0
candidate,14,same_xx,factory_prepolish_deep_stress,24,26000,3,2,400,74.5375465380046,0.013200634684838891,0.04479441398676532,89.25,100.0,100.0,100.0,89.25,100.0,100.0
candidate,14,same_xx,factory_prepolish_deep_stress,24,26000,3,3,400,76.70250062549508,0.014081990365897547,0.048274381265327966,96.75,100.0,100.0,100.0,96.75,100.0,100.0
candidate,14,same_xx,factory_prepolish_deep_stress,24,26000,3,4,400,77.36784621511246,0.02143236083515408,0.07301349682361369,100.0,100.0,100.0,100.0,100.0,100.0,100.0
candidate,14,same_xx,factory_prepolish_deep_stress,24,26000,4,0,400,77.45632962837212,0.012670670705478808,0.04308555853347884,100.0,100.0,100.0,100.0,100.0,100.0,100.0
candidate,14,same_xx,factory_prepolish_deep_stress,24,26000,4,1,400,75.15489882184879,0.017020119160429413,0.05800585596581853,88.75,100.0,100.0,100.0,88.75,100.0,100.0
candidate,14,same_xx,factory_prepolish_deep_stress,24,26000,4,2,400,70.5480040536085,0.01889160375768285,0.06414135252074975,67.5,100.0,100.0,99.25,67.5,100.0,100.0
candidate,14,same_xx,factory_prepolish_deep_stress,24,26000,4,3,400,75.88052901486134,0.01890564656013975,0.06346176099898974,87.25,100.0,100.0,100.0,87.25,100.0,100.0
candidate,14,same_xx,factory_prepolish_deep_stress,24,26000,4,4,400,77.49686608543487,0.019801445926213912,0.06681221387780761,100.0,100.0,100.0,100.0,100.0,100.0,100.0
candidate,14,same_xx,factory_prepolish_deep_stress,28,26388,0,0,400,77.53840247283566,0.020604898224119438,0.06915196110773597,100.0,100.0,100.0,100.0,100.0,100.0,100.0
candidate,14,same_xx,factory_prepolish_deep_stress,28,26388,0,1,400,77.3653163247592,0.017218943596435398,0.05870549691802723,100.0,100.0,100.0,100.0,100.0,100.0,100.0
candidate,14,same_xx,factory_prepolish_deep_stress,28,26388,0,2,400,77.44120814545943,0.013804118338190584,0.04726495878847283,100.0,100.0,100.0,100.0,100.0,100.0,100.0
candidate,14,same_xx,factory_prepolish_deep_stress,28,26388,0,3,400,77.43253554006255,0.017823400763444207,0.0605753692606559,100.0,100.0,100.0,100.0,100.0,100.0,100.0
candidate,14,same_xx,factory_prepolish_deep_stress,28,26388,0,4,400,77.39688576778963,0.02074647835519147,0.07068686447361765,100.0,100.0,100.0,100.0,100.0,100.0,100.0
candidate,14,same_xx,factory_prepolish_deep_stress,28,26388,1,0,400,77.21937931185761,0.01862810366807737,0.0628041270562321,100.0,100.0,100.0,100.0,100.0,100.0,100.0
candidate,14,same_xx,factory_prepolish_deep_stress,28,26388,1,1,400,77.30849697151861,0.013299379673380034,0.044805296470329825,100.0,100.0,100.0,100.0,100.0,100.0,100.0
candidate,14,same_xx,factory_prepolish_deep_stress,28,26388,1,2,400,77.26228876234819,0.01292225977492091,0.04411793793344501,100.0,100.0,100.0,100.0,100.0,100.0,100.0
candidate,14,same_xx,factory_prepolish_deep_stress,28,26388,1,3,400,77.3742783946284,0.0144390011994691,0.04846931271784799,100.0,100.0,100.0,100.0,100.0,100.0,100.0
candidate,14,same_xx,factory_prepolish_deep_stress,28,26388,1,4,400,77.38045744250543,0.018146522884425812,0.06142682127734956,100.0,100.0,100.0,100.0,100.0,100.0,100.0
candidate,14,same_xx,factory_prepolish_deep_stress,28,26388,2,0,400,77.31438885486791,0.011761530157051923,0.040021421141029724,100.0,100.0,100.0,100.0,100.0,100.0,100.0
candidate,14,same_xx,factory_prepolish_deep_stress,28,26388,2,1,400,77.12740368948066,0.017242424276977447,0.05935625230560744,100.0,100.0,100.0,100.0,100.0,100.0,100.0
candidate,14,same_xx,factory_prepolish_deep_stress,28,26388,2,2,400,77.26698770427969,0.013070483233633912,0.04433489554844106,100.0,100.0,100.0,100.0,100.0,100.0,100.0
candidate,14,same_xx,factory_prepolish_deep_stress,28,26388,2,3,400,77.1722653723952,0.01755421926280873,0.059618226731940366,100.0,100.0,100.0,100.0,100.0,100.0,100.0
candidate,14,same_xx,factory_prepolish_deep_stress,28,26388,2,4,400,77.4386739975996,0.01767879016462781,0.05954518719624105,100.0,100.0,100.0,100.0,100.0,100.0,100.0
candidate,14,same_xx,factory_prepolish_deep_stress,28,26388,3,0,400,77.35738498115467,0.014212313814202808,0.04802257583801732,100.0,100.0,100.0,100.0,100.0,100.0,100.0
candidate,14,same_xx,factory_prepolish_deep_stress,28,26388,3,1,400,77.13339119050927,0.016141966618242534,0.0551081216192598,100.0,100.0,100.0,100.0,100.0,100.0,100.0
candidate,14,same_xx,factory_prepolish_deep_stress,28,26388,3,2,400,77.30288273656969,0.01097172826725294,0.03702857327308442,100.0,100.0,100.0,100.0,100.0,100.0,100.0
candidate,14,same_xx,factory_prepolish_deep_stress,28,26388,3,3,400,77.39920082471463,0.011007161246034463,0.037394426438101716,100.0,100.0,100.0,100.0,100.0,100.0,100.0
candidate,14,same_xx,factory_prepolish_deep_stress,28,26388,3,4,400,77.50237621556157,0.014283990176477149,0.04834692354163969,100.0,100.0,100.0,100.0,100.0,100.0,100.0
candidate,14,same_xx,factory_prepolish_deep_stress,28,26388,4,0,400,77.31818527651653,0.018692672049152884,0.06374229231970373,100.0,100.0,100.0,100.0,100.0,100.0,100.0
candidate,14,same_xx,factory_prepolish_deep_stress,28,26388,4,1,400,77.48291357967305,0.011042106353854,0.037459159125512766,100.0,100.0,100.0,100.0,100.0,100.0,100.0
candidate,14,same_xx,factory_prepolish_deep_stress,28,26388,4,2,400,74.93958118370998,0.027229390382454942,0.09027984955472118,88.5,97.5,100.0,100.0,88.5,100.0,100.0
candidate,14,same_xx,factory_prepolish_deep_stress,28,26388,4,3,400,70.0775596158175,0.05467765190660536,0.18411282889136857,69.75,93.5,100.0,100.0,69.75,100.0,100.0
candidate,14,same_xx,factory_prepolish_deep_stress,28,26388,4,4,400,77.45935280301089,0.01619025211007997,0.05513954113253079,100.0,100.0,100.0,100.0,100.0,100.0,100.0
candidate,14,same_xx,factory_prepolish,8,26000,0,0,400,77.52013466664225,0.026616772609947895,0.08861695916836115,100.0,100.0,100.0,100.0,100.0,100.0,100.0
candidate,14,same_xx,factory_prepolish,8,26000,0,1,400,77.52622728077873,0.014293456501805206,0.04851159104650426,100.0,100.0,100.0,100.0,100.0,100.0,100.0
candidate,14,same_xx,factory_prepolish,8,26000,0,2,400,77.38127271197978,0.016124256591557622,0.05416328836661995,100.0,100.0,100.0,100.0,100.0,100.0,100.0
candidate,14,same_xx,factory_prepolish,8,26000,0,3,400,77.37044275411,0.01564967665537371,0.05284254952804975,100.0,100.0,100.0,100.0,100.0,100.0,100.0
candidate,14,same_xx,factory_prepolish,8,26000,0,4,400,77.44032921312768,0.020170826267359408,0.06754291911649442,100.0,100.0,100.0,100.0,100.0,100.0,100.0
candidate,14,same_xx,factory_prepolish,8,26000,1,0,400,77.35210913833103,0.017511568186469272,0.05965754091277217,100.0,100.0,100.0,100.0,100.0,100.0,100.0
candidate,14,same_xx,factory_prepolish,8,26000,1,1,400,77.2911755692748,0.013404669269718929,0.04577951455272137,100.0,100.0,100.0,100.0,100.0,100.0,100.0
candidate,14,same_xx,factory_prepolish,8,26000,1,2,400,77.2632824821098,0.01569321614020368,0.05265918056415181,100.0,100.0,100.0,100.0,100.0,100.0,100.0
candidate,14,same_xx,factory_prepolish,8,26000,1,3,400,77.19624932988899,0.018697850849112775,0.06415752910592948,100.0,100.0,100.0,100.0,100.0,100.0,100.0
candidate,14,same_xx,factory_prepolish,8,26000,1,4,400,77.38415915074806,0.01748971547183082,0.05929989708757976,100.0,100.0,100.0,100.0,100.0,100.0,100.0
candidate,14,same_xx,factory_prepolish,8,26000,2,0,400,77.26962955020215,0.013996968982762899,0.04755403178163041,100.0,100.0,100.0,100.0,100.0,100.0,100.0
candidate,14,same_xx,factory_prepolish,8,26000,2,1,400,77.1394684070586,0.01350490263335871,0.04567557591517498,100.0,100.0,100.0,100.0,100.0,100.0,100.0
candidate,14,same_xx,factory_prepolish,8,26000,2,2,400,77.42457790094464,0.00843829441162614,0.028437197464737766,100.0,100.0,100.0,100.0,100.0,100.0,100.0
candidate,14,same_xx,factory_prepolish,8,26000,2,3,400,77.34915350978305,0.01252962540808561,0.04197716770423742,100.0,100.0,100.0,100.0,100.0,100.0,100.0
candidate,14,same_xx,factory_prepolish,8,26000,2,4,400,77.45909578529117,0.014299347991995113,0.0486158324174867,100.0,100.0,100.0,100.0,100.0,100.0,100.0
candidate,14,same_xx,factory_prepolish,8,26000,3,0,400,77.31165462464558,0.014265006365195596,0.04779507294534444,100.0,100.0,100.0,100.0,100.0,100.0,100.0
candidate,14,same_xx,factory_prepolish,8,26000,3,1,400,73.7777251160207,0.018046420215416074,0.06095300830095086,71.75,100.0,100.0,100.0,71.75,100.0,100.0
candidate,14,same_xx,factory_prepolish,8,26000,3,2,400,74.53706592548178,0.013200379303266703,0.044792776070036754,89.25,100.0,100.0,100.0,89.25,100.0,100.0
candidate,14,same_xx,factory_prepolish,8,26000,3,3,400,76.7081010870261,0.013703878681415635,0.04698015552699667,97.0,100.0,100.0,100.0,97.0,100.0,100.0
candidate,14,same_xx,factory_prepolish,8,26000,3,4,400,77.28426171113594,0.019524284182421733,0.06655927700205595,100.0,100.0,100.0,100.0,100.0,100.0,100.0
candidate,14,same_xx,factory_prepolish,8,26000,4,0,400,77.45634956671518,0.012670217949537554,0.04308547074558515,100.0,100.0,100.0,100.0,100.0,100.0,100.0
candidate,14,same_xx,factory_prepolish,8,26000,4,1,400,75.15425963482028,0.01702361075987184,0.05802050405202861,88.75,100.0,100.0,100.0,88.75,100.0,100.0
candidate,14,same_xx,factory_prepolish,8,26000,4,2,400,70.54626159800762,0.018894394590835577,0.06415342027003729,67.5,100.0,100.0,99.25,67.5,100.0,100.0
candidate,14,same_xx,factory_prepolish,8,26000,4,3,400,75.90762795527475,0.018622654359380583,0.06253760292954627,89.5,100.0,100.0,100.0,89.5,100.0,100.0
candidate,14,same_xx,factory_prepolish,8,26000,4,4,400,77.43943064673077,0.018223037579299252,0.0614891611409575,100.0,100.0,100.0,100.0,100.0,100.0,100.0
candidate,14,same_xx,factory_prepolish_deep_defect,19,26291,0,0,400,77.51347188288256,0.02216692074384377,0.07518578321942217,100.0,100.0,100.0,100.0,100.0,100.0,100.0
candidate,14,same_xx,factory_prepolish_deep_defect,19,26291,0,1,400,77.43146202483437,0.018142544760376373,0.06100029069135712,100.0,100.0,100.0,100.0,100.0,100.0,100.0
candidate,14,same_xx,factory_prepolish_deep_defect,19,26291,0,2,400,77.42700637814704,0.017065547516549196,0.057834329813183614,100.0,100.0,100.0,100.0,100.0,100.0,100.0
candidate,14,same_xx,factory_prepolish_deep_defect,19,26291,0,3,400,77.41866497716671,0.018175653158610593,0.061126151887515905,100.0,100.0,100.0,100.0,100.0,100.0,100.0
candidate,14,same_xx,factory_prepolish_deep_defect,19,26291,0,4,400,77.46978114852422,0.017899122042021466,0.0611691370921389,100.0,100.0,100.0,100.0,100.0,100.0,100.0
candidate,14,same_xx,factory_prepolish_deep_defect,19,26291,1,0,400,77.4495379679228,0.011240349628771984,0.0386565022076291,100.0,100.0,100.0,100.0,100.0,100.0,100.0
candidate,14,same_xx,factory_prepolish_deep_defect,19,26291,1,1,400,77.34341114804482,0.01207337782618666,0.04075167552177009,100.0,100.0,100.0,100.0,100.0,100.0,100.0
candidate,14,same_xx,factory_prepolish_deep_defect,19,26291,1,2,400,77.4039504280356,0.011471572769782293,0.03901482383229686,100.0,100.0,100.0,100.0,100.0,100.0,100.0
candidate,14,same_xx,factory_prepolish_deep_defect,19,26291,1,3,400,77.39680579998003,0.012064733668495038,0.04091279556521831,100.0,100.0,100.0,100.0,100.0,100.0,100.0
candidate,14,same_xx,factory_prepolish_deep_defect,19,26291,1,4,400,77.40263994131614,0.01690792090007608,0.05651499477734606,100.0,100.0,100.0,100.0,100.0,100.0,100.0
candidate,14,same_xx,factory_prepolish_deep_defect,19,26291,2,0,400,77.34254865738109,0.013430137277354884,0.0458982297999817,100.0,100.0,100.0,100.0,100.0,100.0,100.0
candidate,14,same_xx,factory_prepolish_deep_defect,19,26291,2,1,400,71.26649480946402,0.037006602790697014,0.1264120056580092,68.25,99.5,100.0,100.0,68.25,100.0,100.0
candidate,14,same_xx,factory_prepolish_deep_defect,19,26291,2,2,400,77.266560396383,0.01151162280457364,0.03878443064249904,100.0,100.0,100.0,100.0,100.0,100.0,100.0
candidate,14,same_xx,factory_prepolish_deep_defect,19,26291,2,3,400,77.47028689201841,0.011238811544860079,0.03829755901825723,100.0,100.0,100.0,100.0,100.0,100.0,100.0
candidate,14,same_xx,factory_prepolish_deep_defect,19,26291,2,4,400,77.47005467847421,0.015018325962927372,0.05089081026955327,100.0,100.0,100.0,100.0,100.0,100.0,100.0
candidate,14,same_xx,factory_prepolish_deep_defect,19,26291,3,0,400,77.31249080691003,0.015488107624329455,0.05299092101025991,100.0,100.0,100.0,100.0,100.0,100.0,100.0
candidate,14,same_xx,factory_prepolish_deep_defect,19,26291,3,1,400,73.34561485715228,0.02625517175469121,0.08865273950765533,83.0,99.5,100.0,100.0,83.0,100.0,100.0
candidate,14,same_xx,factory_prepolish_deep_defect,19,26291,3,2,400,75.54514413922088,0.016622658583432627,0.057379907257676104,90.0,100.0,100.0,100.0,90.0,100.0,100.0
candidate,14,same_xx,factory_prepolish_deep_defect,19,26291,3,3,400,77.23499369290137,0.016680777802840767,0.055938233587315214,100.0,100.0,100.0,100.0,100.0,100.0,100.0
candidate,14,same_xx,factory_prepolish_deep_defect,19,26291,3,4,400,77.46853369441229,0.014399139563418255,0.048557284399942585,100.0,100.0,100.0,100.0,100.0,100.0,100.0
candidate,14,same_xx,factory_prepolish_deep_defect,19,26291,4,0,400,77.40437694499212,0.01679486541518975,0.056318738083893025,100.0,100.0,100.0,100.0,100.0,100.0,100.0
candidate,14,same_xx,factory_prepolish_deep_defect,19,26291,4,1,400,77.3390394573261,0.013196349545370084,0.04470951828747214,100.0,100.0,100.0,100.0,100.0,100.0,100.0
candidate,14,same_xx,factory_prepolish_deep_defect,19,26291,4,2,400,77.35571811370721,0.015448213487154572,0.05142594035618366,100.0,100.0,100.0,100.0,100.0,100.0,100.0
candidate,14,same_xx,factory_prepolish_deep_defect,19,26291,4,3,400,77.3957281688993,0.0160769001711156,0.054233113950672054,100.0,100.0,100.0,100.0,100.0,100.0,100.0
candidate,14,same_xx,factory_prepolish_deep_defect,19,26291,4,4,400,77.45500682258916,0.018882478476960163,0.06388679124763531,100.0,100.0,100.0,100.0,100.0,100.0,100.0
candidate,14,same_xx,factory_prepolish_deep_stress,27,26291,0,0,400,77.51492517965826,0.022198978103118883,0.075288092206303,100.0,100.0,100.0,100.0,100.0,100.0,100.0
candidate,14,same_xx,factory_prepolish_deep_stress,27,26291,0,1,400,77.4382136459904,0.018299733885334356,0.06153071521592721,100.0,100.0,100.0,100.0,100.0,100.0,100.0
candidate,14,same_xx,factory_prepolish_deep_stress,27,26291,0,2,400,77.42984032136354,0.017123565730430616,0.05802299056237512,100.0,100.0,100.0,100.0,100.0,100.0,100.0
candidate,14,same_xx,factory_prepolish_deep_stress,27,26291,0,3,400,77.4194280580513,0.018192984876419706,0.06118541692186399,100.0,100.0,100.0,100.0,100.0,100.0,100.0
candidate,14,same_xx,factory_prepolish_deep_stress,27,26291,0,4,400,77.46953472982163,0.017889312678709145,0.06114100456777065,100.0,100.0,100.0,100.0,100.0,100.0,100.0
candidate,14,same_xx,factory_prepolish_deep_stress,27,26291,1,0,400,77.45927896313961,0.011534411808400442,0.03965583330944968,100.0,100.0,100.0,100.0,100.0,100.0,100.0
candidate,14,same_xx,factory_prepolish_deep_stress,27,26291,1,1,400,77.3772347446646,0.01290161687178851,0.04353064079313787,100.0,100.0,100.0,100.0,100.0,100.0,100.0
candidate,14,same_xx,factory_prepolish_deep_stress,27,26291,1,2,400,77.42633440425817,0.011967868519797906,0.040696586601623584,100.0,100.0,100.0,100.0,100.0,100.0,100.0
candidate,14,same_xx,factory_prepolish_deep_stress,27,26291,1,3,400,77.40273757127412,0.01217311154933151,0.041275314711597205,100.0,100.0,100.0,100.0,100.0,100.0,100.0
candidate,14,same_xx,factory_prepolish_deep_stress,27,26291,1,4,400,77.40272625654585,0.016907540936353743,0.05651098410281628,100.0,100.0,100.0,100.0,100.0,100.0,100.0
candidate,14,same_xx,factory_prepolish_deep_stress,27,26291,2,0,400,77.3690941587933,0.014207657108377313,0.048530290479368236,100.0,100.0,100.0,100.0,100.0,100.0,100.0
candidate,14,same_xx,factory_prepolish_deep_stress,27,26291,2,1,400,68.5735846814236,0.06136703120588904,0.2088130521574078,66.5,90.75,100.0,100.0,66.5,100.0,100.0
candidate,14,same_xx,factory_prepolish_deep_stress,27,26291,2,2,400,77.29395180423924,0.012926077829713126,0.04348023924874501,99.75,100.0,100.0,100.0,99.75,100.0,100.0
candidate,14,same_xx,factory_prepolish_deep_stress,27,26291,2,3,400,77.48733250350926,0.01165607546473953,0.039711098603302304,100.0,100.0,100.0,100.0,100.0,100.0,100.0
candidate,14,same_xx,factory_prepolish_deep_stress,27,26291,2,4,400,77.47073626685234,0.015031915402734656,0.05094250798758718,100.0,100.0,100.0,100.0,100.0,100.0,100.0
candidate,14,same_xx,factory_prepolish_deep_stress,27,26291,3,0,400,77.34496282289841,0.01619481941454878,0.055350863995114456,100.0,100.0,100.0,100.0,100.0,100.0,100.0
candidate,14,same_xx,factory_prepolish_deep_stress,27,26291,3,1,400,72.23367050435505,0.04002514749624611,0.134769708421984,83.0,93.25,100.0,100.0,83.0,100.0,100.0
candidate,14,same_xx,factory_prepolish_deep_stress,27,26291,3,2,400,75.08299208352369,0.02202893152100108,0.07631352087651865,89.75,99.25,100.0,100.0,89.75,100.0,100.0
candidate,14,same_xx,factory_prepolish_deep_stress,27,26291,3,3,400,77.25542740991752,0.01708970719992993,0.0572715557420974,100.0,100.0,100.0,100.0,100.0,100.0,100.0
candidate,14,same_xx,factory_prepolish_deep_stress,27,26291,3,4,400,77.46923773833049,0.014410908758850259,0.048595542445081394,100.0,100.0,100.0,100.0,100.0,100.0,100.0
candidate,14,same_xx,factory_prepolish_deep_stress,27,26291,4,0,400,77.4163804423322,0.017112325541630974,0.05735430925893084,100.0,100.0,100.0,100.0,100.0,100.0,100.0
candidate,14,same_xx,factory_prepolish_deep_stress,27,26291,4,1,400,77.37141640974009,0.013960696516602963,0.0472819754106644,100.0,100.0,100.0,100.0,100.0,100.0,100.0
candidate,14,same_xx,factory_prepolish_deep_stress,27,26291,4,2,400,77.38024026330459,0.015922831432952013,0.052968186429983924,100.0,100.0,100.0,100.0,100.0,100.0,100.0
candidate,14,same_xx,factory_prepolish_deep_stress,27,26291,4,3,400,77.40132954906207,0.016165863224751557,0.05451860910446484,100.0,100.0,100.0,100.0,100.0,100.0,100.0
candidate,14,same_xx,factory_prepolish_deep_stress,27,26291,4,4,400,77.45510135018274,0.018879644963095743,0.06388231371070184,100.0,100.0,100.0,100.0,100.0,100.0,100.0
candidate,14,same_xx,factory_prepolish,13,26485,0,0,400,77.5532394010932,0.018584050870831478,0.06255376289639006,100.0,100.0,100.0,100.0,100.0,100.0,100.0
candidate,14,same_xx,factory_prepolish,13,26485,0,1,400,74.9022347643878,0.01887519149688042,0.0639867054493771,85.25,100.0,100.0,100.0,85.25,100.0,100.0
candidate,14,same_xx,factory_prepolish,13,26485,0,2,400,76.72648628855957,0.01546739500213342,0.052409580065881,97.0,100.0,100.0,100.0,97.0,100.0,100.0
candidate,14,same_xx,factory_prepolish,13,26485,0,3,400,77.41680308880075,0.017162343937953035,0.05796358919446022,100.0,100.0,100.0,100.0,100.0,100.0,100.0
candidate,14,same_xx,factory_prepolish,13,26485,0,4,400,77.45255560289759,0.020240029126749288,0.06818494111990002,100.0,100.0,100.0,100.0,100.0,100.0,100.0
candidate,14,same_xx,factory_prepolish,13,26485,1,0,400,77.23510164305543,0.013927366578205355,0.047128314188843445,100.0,100.0,100.0,100.0,100.0,100.0,100.0
candidate,14,same_xx,factory_prepolish,13,26485,1,1,400,76.42347377748995,0.00921578154191554,0.031183189094003715,97.5,100.0,100.0,100.0,97.5,100.0,100.0
candidate,14,same_xx,factory_prepolish,13,26485,1,2,400,76.91947609600014,0.012445262645159074,0.04228748764596799,99.25,100.0,100.0,100.0,99.25,100.0,100.0
candidate,14,same_xx,factory_prepolish,13,26485,1,3,400,77.19811602681487,0.01817031463516345,0.06169892285296318,100.0,100.0,100.0,100.0,100.0,100.0,100.0
candidate,14,same_xx,factory_prepolish,13,26485,1,4,400,77.43084640454545,0.01771801610532928,0.06029483935391856,100.0,100.0,100.0,100.0,100.0,100.0,100.0
candidate,14,same_xx,factory_prepolish,13,26485,2,0,400,77.16033064973949,0.01689808701672428,0.057513640331985715,100.0,100.0,100.0,100.0,100.0,100.0,100.0
candidate,14,same_xx,factory_prepolish,13,26485,2,1,400,77.30266632878906,0.010916181394599458,0.03695503687479469,100.0,100.0,100.0,100.0,100.0,100.0,100.0
candidate,14,same_xx,factory_prepolish,13,26485,2,2,400,77.17209023005773,0.01313309615543948,0.044621693589114476,100.0,100.0,100.0,100.0,100.0,100.0,100.0
candidate,14,same_xx,factory_prepolish,13,26485,2,3,400,77.29065855663313,0.015725194631234295,0.0534056016315163,100.0,100.0,100.0,100.0,100.0,100.0,100.0
candidate,14,same_xx,factory_prepolish,13,26485,2,4,400,77.40769088847796,0.016323849810007108,0.056152716053646766,100.0,100.0,100.0,100.0,100.0,100.0,100.0
candidate,14,same_xx,factory_prepolish,13,26485,3,0,400,77.30961629083683,0.020868688255172792,0.07095080411086865,100.0,100.0,100.0,100.0,100.0,100.0,100.0
candidate,14,same_xx,factory_prepolish,13,26485,3,1,400,77.27505669330297,0.012591370221303043,0.04285491073583279,100.0,100.0,100.0,100.0,100.0,100.0,100.0
candidate,14,same_xx,factory_prepolish,13,26485,3,2,400,75.01619477115827,0.01876558759906346,0.0631457095634975,87.0,100.0,100.0,100.0,87.0,100.0,100.0
candidate,14,same_xx,factory_prepolish,13,26485,3,3,400,77.10763081535241,0.015474334104345676,0.05192502922527424,100.0,100.0,100.0,100.0,100.0,100.0,100.0
candidate,14,same_xx,factory_prepolish,13,26485,3,4,400,77.39577623927879,0.019209135689633602,0.06544954235875312,100.0,100.0,100.0,100.0,100.0,100.0,100.0
candidate,14,same_xx,factory_prepolish,13,26485,4,0,400,77.37878226276482,0.018360679039050348,0.062229005134570504,100.0,100.0,100.0,100.0,100.0,100.0,100.0
candidate,14,same_xx,factory_prepolish,13,26485,4,1,400,77.31645463996772,0.015118786759446874,0.05133500598757462,100.0,100.0,100.0,100.0,100.0,100.0,100.0
candidate,14,same_xx,factory_prepolish,13,26485,4,2,400,75.78827951814726,0.021562772076957407,0.07280913276217366,90.5,100.0,100.0,100.0,90.5,100.0,100.0
candidate,14,same_xx,factory_prepolish,13,26485,4,3,400,77.4098880546168,0.01709202727184047,0.05766502419521528,100.0,100.0,100.0,100.0,100.0,100.0,100.0
candidate,14,same_xx,factory_prepolish,13,26485,4,4,400,77.48831077209165,0.01913929541113738,0.06499621742528885,100.0,100.0,100.0,100.0,100.0,100.0,100.0
candidate,14,same_xx,factory_prepolish_deep_defect,23,26679,0,0,400,77.53339047819124,0.0198429810861385,0.06722219080682104,100.0,100.0,100.0,100.0,100.0,100.0,100.0
candidate,14,same_xx,factory_prepolish_deep_defect,23,26679,0,1,400,77.46642286442894,0.014680662443821588,0.049633918974423166,100.0,100.0,100.0,100.0,100.0,100.0,100.0
candidate,14,same_xx,factory_prepolish_deep_defect,23,26679,0,2,400,77.37031044494597,0.01688752759441962,0.057055596148778635,100.0,100.0,100.0,100.0,100.0,100.0,100.0
candidate,14,same_xx,factory_prepolish_deep_defect,23,26679,0,3,400,77.49255658626426,0.01513823256178096,0.050737226446408296,100.0,100.0,100.0,100.0,100.0,100.0,100.0
candidate,14,same_xx,factory_prepolish_deep_defect,23,26679,0,4,400,77.46002023503223,0.017317534011984,0.05866630063034592,100.0,100.0,100.0,100.0,100.0,100.0,100.0
candidate,14,same_xx,factory_prepolish_deep_defect,23,26679,1,0,400,77.34522644547789,0.016253164782022017,0.05529996673034205,100.0,100.0,100.0,100.0,100.0,100.0,100.0
candidate,14,same_xx,factory_prepolish_deep_defect,23,26679,1,1,400,77.31869307579122,0.01181048879951391,0.03956456344351618,100.0,100.0,100.0,100.0,100.0,100.0,100.0
candidate,14,same_xx,factory_prepolish_deep_defect,23,26679,1,2,400,77.25574755269396,0.013502195936302717,0.04535068442759172,100.0,100.0,100.0,100.0,100.0,100.0,100.0
candidate,14,same_xx,factory_prepolish_deep_defect,23,26679,1,3,400,77.2572284503998,0.012775562163858048,0.043316120274857955,100.0,100.0,100.0,100.0,100.0,100.0,100.0
candidate,14,same_xx,factory_prepolish_deep_defect,23,26679,1,4,400,77.46290484878138,0.01268501219709679,0.043121389091791376,100.0,100.0,100.0,100.0,100.0,100.0,100.0
candidate,14,same_xx,factory_prepolish_deep_defect,23,26679,2,0,400,77.30026724809152,0.012861354277184201,0.043582343388836306,100.0,100.0,100.0,100.0,100.0,100.0,100.0
candidate,14,same_xx,factory_prepolish_deep_defect,23,26679,2,1,400,77.33667290939653,0.00991851216321287,0.03392241152695903,100.0,100.0,100.0,100.0,100.0,100.0,100.0
candidate,14,same_xx,factory_prepolish_deep_defect,23,26679,2,2,400,77.37621821896566,0.009676581495336274,0.032796939817960696,100.0,100.0,100.0,100.0,100.0,100.0,100.0
candidate,14,same_xx,factory_prepolish_deep_defect,23,26679,2,3,400,77.19115536269658,0.010979454343713843,0.037018563320437466,100.0,100.0,100.0,100.0,100.0,100.0,100.0
candidate,14,same_xx,factory_prepolish_deep_defect,23,26679,2,4,400,73.02759569837106,0.028805677634992886,0.09782652527813097,79.75,99.25,100.0,100.0,79.75,100.0,100.0
candidate,14,same_xx,factory_prepolish_deep_defect,23,26679,3,0,400,77.4086568882629,0.017729577811215116,0.06067669356589931,100.0,100.0,100.0,100.0,100.0,100.0,100.0
candidate,14,same_xx,factory_prepolish_deep_defect,23,26679,3,1,400,77.28679625268178,0.012541430086870399,0.042176037629710755,100.0,100.0,100.0,100.0,100.0,100.0,100.0
candidate,14,same_xx,factory_prepolish_deep_defect,23,26679,3,2,400,77.18837852230327,0.016433076220028528,0.055984705181772336,100.0,100.0,100.0,100.0,100.0,100.0,100.0
candidate,14,same_xx,factory_prepolish_deep_defect,23,26679,3,3,400,77.09888183353222,0.015310276576695307,0.05149901664869194,100.0,100.0,100.0,100.0,100.0,100.0,100.0
candidate,14,same_xx,factory_prepolish_deep_defect,23,26679,3,4,400,69.83821130210477,0.051403716236418845,0.1722073898033128,64.0,99.0,100.0,100.0,64.0,100.0,100.0
candidate,14,same_xx,factory_prepolish_deep_defect,23,26679,4,0,400,77.53606522908761,0.014684959084721179,0.05004065121821713,100.0,100.0,100.0,100.0,100.0,100.0,100.0
candidate,14,same_xx,factory_prepolish_deep_defect,23,26679,4,1,400,77.32182422693002,0.018931081653108518,0.06442108000704172,100.0,100.0,100.0,100.0,100.0,100.0,100.0
candidate,14,same_xx,factory_prepolish_deep_defect,23,26679,4,2,400,77.37656618811923,0.017532586267556244,0.05944971159223395,100.0,100.0,100.0,100.0,100.0,100.0,100.0
candidate,14,same_xx,factory_prepolish_deep_defect,23,26679,4,3,400,77.40910440523247,0.014401289376333332,0.0494276661886143,100.0,100.0,100.0,100.0,100.0,100.0,100.0
candidate,14,same_xx,factory_prepolish_deep_defect,23,26679,4,4,400,73.4622177806873,0.036204425681141,0.12279512525339217,79.5,98.5,100.0,100.0,79.5,100.0,100.0
candidate,14,same_xx,factory_prepolish_deep_stress,31,26679,0,0,400,77.53222578226904,0.019811967660409758,0.06711696975329255,100.0,100.0,100.0,100.0,100.0,100.0,100.0
candidate,14,same_xx,factory_prepolish_deep_stress,31,26679,0,1,400,77.46611897991707,0.01467045699301464,0.049600729256461744,100.0,100.0,100.0,100.0,100.0,100.0,100.0
candidate,14,same_xx,factory_prepolish_deep_stress,31,26679,0,2,400,77.37079756612592,0.016894022394847222,0.057076987289761495,100.0,100.0,100.0,100.0,100.0,100.0,100.0
candidate,14,same_xx,factory_prepolish_deep_stress,31,26679,0,3,400,77.49478797709642,0.015185489495910696,0.050900153782589615,100.0,100.0,100.0,100.0,100.0,100.0,100.0
candidate,14,same_xx,factory_prepolish_deep_stress,31,26679,0,4,400,77.46242185506597,0.01735849991305648,0.058800546355678954,100.0,100.0,100.0,100.0,100.0,100.0,100.0
candidate,14,same_xx,factory_prepolish_deep_stress,31,26679,1,0,400,77.34462205951553,0.016231955603022815,0.05522973531834472,100.0,100.0,100.0,100.0,100.0,100.0,100.0
candidate,14,same_xx,factory_prepolish_deep_stress,31,26679,1,1,400,77.31851569215374,0.011805392426276958,0.039543007297642305,100.0,100.0,100.0,100.0,100.0,100.0,100.0
candidate,14,same_xx,factory_prepolish_deep_stress,31,26679,1,2,400,77.26257304660128,0.013634240629180887,0.045774747284112856,100.0,100.0,100.0,100.0,100.0,100.0,100.0
candidate,14,same_xx,factory_prepolish_deep_stress,31,26679,1,3,400,77.28037515602294,0.013292124822205643,0.04505210497431854,100.0,100.0,100.0,100.0,100.0,100.0,100.0
candidate,14,same_xx,factory_prepolish_deep_stress,31,26679,1,4,400,77.48005415911167,0.013170218898082424,0.044757126235382014,100.0,100.0,100.0,100.0,100.0,100.0,100.0
candidate,14,same_xx,factory_prepolish_deep_stress,31,26679,2,0,400,77.30021570392474,0.012863338260374772,0.043588730581160355,100.0,100.0,100.0,100.0,100.0,100.0,100.0
candidate,14,same_xx,factory_prepolish_deep_stress,31,26679,2,1,400,77.33711247608564,0.00992733706188432,0.03394328531788876,100.0,100.0,100.0,100.0,100.0,100.0,100.0
candidate,14,same_xx,factory_prepolish_deep_stress,31,26679,2,2,400,77.38923658645685,0.010026060285877962,0.03396553280183466,100.0,100.0,100.0,100.0,100.0,100.0,100.0
candidate,14,same_xx,factory_prepolish_deep_stress,31,26679,2,3,400,77.26119124393563,0.012532913367882512,0.04220944363174569,100.0,100.0,100.0,100.0,100.0,100.0,100.0
candidate,14,same_xx,factory_prepolish_deep_stress,31,26679,2,4,400,71.48102300788155,0.04404612139508002,0.14915839708887632,79.0,92.75,100.0,100.0,79.0,100.0,100.0
candidate,14,same_xx,factory_prepolish_deep_stress,31,26679,3,0,400,77.40870069651072,0.017729965707072103,0.06068397304531667,100.0,100.0,100.0,100.0,100.0,100.0,100.0
candidate,14,same_xx,factory_prepolish_deep_stress,31,26679,3,1,400,77.28724206629063,0.0125502306670237,0.04220227145950737,100.0,100.0,100.0,100.0,100.0,100.0,100.0
candidate,14,same_xx,factory_prepolish_deep_stress,31,26679,3,2,400,77.21319053319574,0.017005289316903673,0.057911890677496844,100.0,100.0,100.0,100.0,100.0,100.0,100.0
candidate,14,same_xx,factory_prepolish_deep_stress,31,26679,3,3,400,77.1812918480681,0.01690225610639276,0.05675901072913911,100.0,100.0,100.0,100.0,100.0,100.0,100.0
candidate,14,same_xx,factory_prepolish_deep_stress,31,26679,3,4,400,66.38957262001355,0.08324098552987841,0.27737190664583167,62.0,85.75,100.0,100.0,62.0,100.0,100.0
candidate,14,same_xx,factory_prepolish_deep_stress,31,26679,4,0,400,77.5360574751403,0.01468536576530013,0.05004250091219973,100.0,100.0,100.0,100.0,100.0,100.0,100.0
candidate,14,same_xx,factory_prepolish_deep_stress,31,26679,4,1,400,77.32204165230033,0.018935922370592714,0.06443609113825868,100.0,100.0,100.0,100.0,100.0,100.0,100.0
candidate,14,same_xx,factory_prepolish_deep_stress,31,26679,4,2,400,77.38649526746782,0.017756697501789313,0.060181461061078814,100.0,100.0,100.0,100.0,100.0,100.0,100.0
candidate,14,same_xx,factory_prepolish_deep_stress,31,26679,4,3,400,77.4485613790041,0.015528455029787901,0.05324263235898058,100.0,100.0,100.0,100.0,100.0,100.0,100.0
candidate,14,same_xx,factory_prepolish_deep_stress,31,26679,4,4,400,71.84616931856934,0.05169970435633979,0.1747748192049919,78.5,93.5,100.0,100.0,78.5,100.0,100.0
candidate,14,same_xx,factory_prepolish_deep_defect,18,26194,0,0,400,77.44716525360474,0.021343818969129073,0.07273774301064387,100.0,100.0,100.0,100.0,100.0,100.0,100.0
candidate,14,same_xx,factory_prepolish_deep_defect,18,26194,0,1,400,77.30158517477105,0.02134718577484945,0.07242918220616644,100.0,100.0,100.0,100.0,100.0,100.0,100.0
candidate,14,same_xx,factory_prepolish_deep_defect,18,26194,0,2,400,77.44173780578397,0.023627282401959094,0.08007138866018818,100.0,100.0,100.0,100.0,100.0,100.0,100.0
candidate,14,same_xx,factory_prepolish_deep_defect,18,26194,0,3,400,77.3395172481157,0.020281216945887845,0.07031329648944908,100.0,100.0,100.0,100.0,100.0,100.0,100.0
candidate,14,same_xx,factory_prepolish_deep_defect,18,26194,0,4,400,77.49929932798109,0.020278865996661538,0.06827324785576974,100.0,100.0,100.0,100.0,100.0,100.0,100.0
candidate,14,same_xx,factory_prepolish_deep_defect,18,26194,1,0,400,69.79727571799486,0.05026766728797106,0.17152981330381276,61.5,99.0,100.0,100.0,61.5,100.0,100.0
candidate,14,same_xx,factory_prepolish_deep_defect,18,26194,1,1,400,73.72268265070944,0.03127613472921058,0.10532822300590824,81.75,99.75,100.0,100.0,81.75,100.0,100.0
candidate,14,same_xx,factory_prepolish_deep_defect,18,26194,1,2,400,77.14468321964834,0.016748754098270847,0.056713732208063375,100.0,100.0,100.0,100.0,100.0,100.0,100.0
candidate,14,same_xx,factory_prepolish_deep_defect,18,26194,1,3,400,77.29163496152232,0.01604838046219668,0.05363361581829693,100.0,100.0,100.0,100.0,100.0,100.0,100.0
candidate,14,same_xx,factory_prepolish_deep_defect,18,26194,1,4,400,77.4402537942638,0.0164364921322682,0.05606126992538577,100.0,100.0,100.0,100.0,100.0,100.0,100.0
candidate,14,same_xx,factory_prepolish_deep_defect,18,26194,2,0,400,77.27447423307773,0.014375018350005759,0.04901369295428069,100.0,100.0,100.0,100.0,100.0,100.0,100.0
candidate,14,same_xx,factory_prepolish_deep_defect,18,26194,2,1,400,72.81894678477315,0.03652582980775963,0.12566033073177654,76.5,100.0,100.0,100.0,76.5,100.0,100.0
candidate,14,same_xx,factory_prepolish_deep_defect,18,26194,2,2,400,76.4345910248133,0.014924277145850616,0.05136980150334395,96.0,100.0,100.0,100.0,96.0,100.0,100.0
candidate,14,same_xx,factory_prepolish_deep_defect,18,26194,2,3,400,77.24851774365769,0.015177816208524972,0.051420326289479054,100.0,100.0,100.0,100.0,100.0,100.0,100.0
candidate,14,same_xx,factory_prepolish_deep_defect,18,26194,2,4,400,77.33802310862784,0.019219762796415272,0.06523287400805025,100.0,100.0,100.0,100.0,100.0,100.0,100.0
candidate,14,same_xx,factory_prepolish_deep_defect,18,26194,3,0,400,77.29038779455661,0.01657033895887458,0.057233125000823906,100.0,100.0,100.0,100.0,100.0,100.0,100.0
candidate,14,same_xx,factory_prepolish_deep_defect,18,26194,3,1,400,77.16226394420684,0.017606667809161123,0.06002705920422301,100.0,100.0,100.0,100.0,100.0,100.0,100.0
candidate,14,same_xx,factory_prepolish_deep_defect,18,26194,3,2,400,77.15152039773864,0.019150816748187624,0.06498421634587909,100.0,100.0,100.0,100.0,100.0,100.0,100.0
candidate,14,same_xx,factory_prepolish_deep_defect,18,26194,3,3,400,77.26378157470826,0.014767509775781094,0.04961508246242455,100.0,100.0,100.0,100.0,100.0,100.0,100.0
candidate,14,same_xx,factory_prepolish_deep_defect,18,26194,3,4,400,77.46231433275813,0.014267762722126775,0.04869474704724215,100.0,100.0,100.0,100.0,100.0,100.0,100.0
candidate,14,same_xx,factory_prepolish_deep_defect,18,26194,4,0,400,77.45705421774184,0.01765363224337588,0.059736381199351554,100.0,100.0,100.0,100.0,100.0,100.0,100.0
candidate,14,same_xx,factory_prepolish_deep_defect,18,26194,4,1,400,77.30011651137453,0.021164744431450735,0.07067372003262438,100.0,100.0,100.0,100.0,100.0,100.0,100.0
candidate,14,same_xx,factory_prepolish_deep_defect,18,26194,4,2,400,77.39927537711074,0.015797851828873506,0.0536482241560419,100.0,100.0,100.0,100.0,100.0,100.0,100.0
candidate,14,same_xx,factory_prepolish_deep_defect,18,26194,4,3,400,77.34915478871393,0.01564291829497664,0.05299949252501533,100.0,100.0,100.0,100.0,100.0,100.0,100.0
candidate,14,same_xx,factory_prepolish_deep_defect,18,26194,4,4,400,77.41449250295148,0.02082777739847309,0.07070598574243833,100.0,100.0,100.0,100.0,100.0,100.0,100.0
candidate,14,same_xx,factory_prepolish_deep_stress,26,26194,0,0,400,77.47659701830997,0.022373177436693804,0.07618230889083373,100.0,100.0,100.0,100.0,100.0,100.0,100.0
candidate,14,same_xx,factory_prepolish_deep_stress,26,26194,0,1,400,77.33894212970978,0.022267847307513074,0.0755062122517633,100.0,100.0,100.0,100.0,100.0,100.0,100.0
candidate,14,same_xx,factory_prepolish_deep_stress,26,26194,0,2,400,77.45574543315301,0.023958650208204296,0.0811885945396482,100.0,100.0,100.0,100.0,100.0,100.0,100.0
candidate,14,same_xx,factory_prepolish_deep_stress,26,26194,0,3,400,77.34189589474096,0.020324128604115917,0.07046354443464187,100.0,100.0,100.0,100.0,100.0,100.0,100.0
candidate,14,same_xx,factory_prepolish_deep_stress,26,26194,0,4,400,77.49942314837197,0.02028185285859983,0.06828289972341896,100.0,100.0,100.0,100.0,100.0,100.0,100.0
candidate,14,same_xx,factory_prepolish_deep_stress,26,26194,1,0,400,66.44554239881435,0.08011345449728878,0.27207379701891754,60.5,85.5,100.0,100.0,60.5,100.0,100.0
candidate,14,same_xx,factory_prepolish_deep_stress,26,26194,1,1,400,71.91209559562076,0.049237164053732956,0.1649238794521052,80.0,91.75,100.0,100.0,80.0,100.0,100.0
candidate,14,same_xx,factory_prepolish_deep_stress,26,26194,1,2,400,77.2017896947298,0.01803050166912086,0.06101214937934774,100.0,100.0,100.0,100.0,100.0,100.0,100.0
candidate,14,same_xx,factory_prepolish_deep_stress,26,26194,1,3,400,77.30255162688678,0.01630041311779976,0.05446175206437551,100.0,100.0,100.0,100.0,100.0,100.0,100.0
candidate,14,same_xx,factory_prepolish_deep_stress,26,26194,1,4,400,77.44051381571116,0.016440414094887234,0.05607683652360789,100.0,100.0,100.0,100.0,100.0,100.0,100.0
candidate,14,same_xx,factory_prepolish_deep_stress,26,26194,2,0,400,77.33877951272603,0.01588933222307274,0.05405862322199839,100.0,100.0,100.0,100.0,100.0,100.0,100.0
candidate,14,same_xx,factory_prepolish_deep_stress,26,26194,2,1,400,70.52729144205064,0.05740715665815653,0.19600336472313995,75.0,91.75,100.0,99.75,75.0,100.0,100.0
candidate,14,same_xx,factory_prepolish_deep_stress,26,26194,2,2,400,76.34105115460156,0.01709863717810529,0.058925896547061526,96.0,100.0,100.0,100.0,96.0,100.0,100.0
candidate,14,same_xx,factory_prepolish_deep_stress,26,26194,2,3,400,77.26007679025814,0.015413926788374326,0.05221724277175241,100.0,100.0,100.0,100.0,100.0,100.0,100.0
candidate,14,same_xx,factory_prepolish_deep_stress,26,26194,2,4,400,77.33819696004576,0.019220862821423126,0.06523859976181977,100.0,100.0,100.0,100.0,100.0,100.0,100.0
candidate,14,same_xx,factory_prepolish_deep_stress,26,26194,3,0,400,77.31095902453006,0.01702245350433154,0.058778531465196196,100.0,100.0,100.0,100.0,100.0,100.0,100.0
candidate,14,same_xx,factory_prepolish_deep_stress,26,26194,3,1,400,77.20228201490293,0.018452100598859666,0.06283826525965171,100.0,100.0,100.0,100.0,100.0,100.0,100.0
candidate,14,same_xx,factory_prepolish_deep_stress,26,26194,3,2,400,77.17000730778643,0.019546222785673296,0.06631976013549018,100.0,100.0,100.0,100.0,100.0,100.0,100.0
candidate,14,same_xx,factory_prepolish_deep_stress,26,26194,3,3,400,77.26797372041314,0.014855202757083266,0.04991862943338385,100.0,100.0,100.0,100.0,100.0,100.0,100.0
candidate,14,same_xx,factory_prepolish_deep_stress,26,26194,3,4,400,77.46241212081566,0.014268782539458761,0.04869362971595139,100.0,100.0,100.0,100.0,100.0,100.0,100.0
candidate,14,same_xx,factory_prepolish_deep_stress,26,26194,4,0,400,77.45845051296833,0.017686460580178275,0.059842520434072295,100.0,100.0,100.0,100.0,100.0,100.0,100.0
candidate,14,same_xx,factory_prepolish_deep_stress,26,26194,4,1,400,77.30409121384866,0.021256549388905532,0.07097786512364745,100.0,100.0,100.0,100.0,100.0,100.0,100.0
candidate,14,same_xx,factory_prepolish_deep_stress,26,26194,4,2,400,77.4012925867004,0.01583702746215736,0.053778104498906625,100.0,100.0,100.0,100.0,100.0,100.0,100.0
candidate,14,same_xx,factory_prepolish_deep_stress,26,26194,4,3,400,77.34995658641124,0.015662597366685627,0.05306193866070886,100.0,100.0,100.0,100.0,100.0,100.0,100.0
candidate,14,same_xx,factory_prepolish_deep_stress,26,26194,4,4,400,77.41482706335361,0.020836811080581632,0.07073956841088937,100.0,100.0,100.0,100.0,100.0,100.0,100.0
candidate,14,same_xx,factory_prepolish,14,26582,0,0,400,77.5355422241116,0.016191092763974707,0.05488458673264425,100.0,100.0,100.0,100.0,100.0,100.0,100.0
candidate,14,same_xx,factory_prepolish,14,26582,0,1,400,77.38669362077877,0.01593694344062575,0.05422704799888951,100.0,100.0,100.0,100.0,100.0,100.0,100.0
candidate,14,same_xx,factory_prepolish,14,26582,0,2,400,77.38759916980172,0.015630917988942786,0.05243103320318828,100.0,100.0,100.0,100.0,100.0,100.0,100.0
candidate,14,same_xx,factory_prepolish,14,26582,0,3,400,77.45629118459614,0.015876861756552514,0.05369493548299328,100.0,100.0,100.0,100.0,100.0,100.0,100.0
candidate,14,same_xx,factory_prepolish,14,26582,0,4,400,77.35924814259198,0.018752051402726795,0.0635430435478459,100.0,100.0,100.0,100.0,100.0,100.0,100.0
candidate,14,same_xx,factory_prepolish,14,26582,1,0,400,77.27301355581395,0.014450652611265435,0.04865488958437395,100.0,100.0,100.0,100.0,100.0,100.0,100.0
candidate,14,same_xx,factory_prepolish,14,26582,1,1,400,77.16117042696486,0.014400681050592702,0.04923136534827594,100.0,100.0,100.0,100.0,100.0,100.0,100.0
candidate,14,same_xx,factory_prepolish,14,26582,1,2,400,77.2254534049309,0.011831339253331814,0.04042579410368427,100.0,100.0,100.0,100.0,100.0,100.0,100.0
candidate,14,same_xx,factory_prepolish,14,26582,1,3,400,77.16066825250404,0.012538442425603652,0.0426103360249245,100.0,100.0,100.0,100.0,100.0,100.0,100.0
candidate,14,same_xx,factory_prepolish,14,26582,1,4,400,75.93367008312214,0.015933372358710035,0.0547419014194683,89.75,100.0,100.0,100.0,89.75,100.0,100.0
candidate,14,same_xx,factory_prepolish,14,26582,2,0,400,77.36904535415785,0.011104304972331683,0.03700152193455674,100.0,100.0,100.0,100.0,100.0,100.0,100.0
candidate,14,same_xx,factory_prepolish,14,26582,2,1,400,77.17614240263478,0.012018225409975925,0.040824468316447454,100.0,100.0,100.0,100.0,100.0,100.0,100.0
candidate,14,same_xx,factory_prepolish,14,26582,2,2,400,77.23155676546956,0.013025625478900677,0.04467283058840479,100.0,100.0,100.0,100.0,100.0,100.0,100.0
candidate,14,same_xx,factory_prepolish,14,26582,2,3,400,77.24001182563583,0.012177849652512833,0.04165775931542678,100.0,100.0,100.0,100.0,100.0,100.0,100.0
candidate,14,same_xx,factory_prepolish,14,26582,2,4,400,75.57194694267201,0.015434109014318282,0.05212783425279807,85.75,100.0,100.0,100.0,85.75,100.0,100.0
candidate,14,same_xx,factory_prepolish,14,26582,3,0,400,77.29607629033217,0.013734386060167835,0.04633598380246097,100.0,100.0,100.0,100.0,100.0,100.0,100.0
candidate,14,same_xx,factory_prepolish,14,26582,3,1,400,77.22529139245326,0.012024502199581231,0.04082464611264725,100.0,100.0,100.0,100.0,100.0,100.0,100.0
candidate,14,same_xx,factory_prepolish,14,26582,3,2,400,77.14581324908826,0.012902836725801876,0.043860107561577454,100.0,100.0,100.0,100.0,100.0,100.0,100.0
candidate,14,same_xx,factory_prepolish,14,26582,3,3,400,77.18120370848769,0.013109173641896267,0.0446927212464327,100.0,100.0,100.0,100.0,100.0,100.0,100.0
candidate,14,same_xx,factory_prepolish,14,26582,3,4,400,77.42564977325458,0.013355994788528051,0.04552025043155389,100.0,100.0,100.0,100.0,100.0,100.0,100.0
candidate,14,same_xx,factory_prepolish,14,26582,4,0,400,77.27993460656158,0.018166044039420223,0.06175516535084378,100.0,100.0,100.0,100.0,100.0,100.0,100.0
candidate,14,same_xx,factory_prepolish,14,26582,4,1,400,77.14042900963997,0.017601027538830777,0.059949102010134855,100.0,100.0,100.0,100.0,100.0,100.0,100.0
candidate,14,same_xx,factory_prepolish,14,26582,4,2,400,77.48883538266654,0.01000723344565543,0.03390414995359466,100.0,100.0,100.0,100.0,100.0,100.0,100.0
candidate,14,same_xx,factory_prepolish,14,26582,4,3,400,77.40110487555975,0.014330860269545505,0.04916548487721878,100.0,100.0,100.0,100.0,100.0,100.0,100.0
candidate,14,same_xx,factory_prepolish,14,26582,4,4,400,77.29696064364833,0.020992853865629164,0.07093040177611622,100.0,100.0,100.0,100.0,100.0,100.0,100.0
candidate,14,same_xx,factory_prepolish_deep_defect,21,26485,0,0,400,77.55344263711703,0.018594505054857526,0.06259300715089859,100.0,100.0,100.0,100.0,100.0,100.0,100.0
candidate,14,same_xx,factory_prepolish_deep_defect,21,26485,0,1,400,74.8947536415403,0.018915433992162337,0.06412177827524086,85.25,100.0,100.0,100.0,85.25,100.0,100.0
candidate,14,same_xx,factory_prepolish_deep_defect,21,26485,0,2,400,76.72463359456543,0.015486890689444916,0.052480435828139764,97.0,100.0,100.0,100.0,97.0,100.0,100.0
candidate,14,same_xx,factory_prepolish_deep_defect,21,26485,0,3,400,77.41731562109285,0.01717486593194048,0.05800321979959673,100.0,100.0,100.0,100.0,100.0,100.0,100.0
candidate,14,same_xx,factory_prepolish_deep_defect,21,26485,0,4,400,77.45285232955622,0.02024812155747338,0.0682120916316216,100.0,100.0,100.0,100.0,100.0,100.0,100.0
candidate,14,same_xx,factory_prepolish_deep_defect,21,26485,1,0,400,77.23769795481898,0.014012817501090236,0.047427564155828626,100.0,100.0,100.0,100.0,100.0,100.0,100.0
candidate,14,same_xx,factory_prepolish_deep_defect,21,26485,1,1,400,76.41134596225722,0.009294005415652125,0.031447446211358566,97.0,100.0,100.0,100.0,97.0,100.0,100.0
candidate,14,same_xx,factory_prepolish_deep_defect,21,26485,1,2,400,76.91631478859945,0.01252510337939526,0.04254852021714024,99.0,100.0,100.0,100.0,99.0,100.0,100.0
candidate,14,same_xx,factory_prepolish_deep_defect,21,26485,1,3,400,77.20072341488772,0.018219375548543634,0.06186002844823288,100.0,100.0,100.0,100.0,100.0,100.0,100.0
candidate,14,same_xx,factory_prepolish_deep_defect,21,26485,1,4,400,77.43148348867679,0.01773082907409963,0.06034168493664988,100.0,100.0,100.0,100.0,100.0,100.0,100.0
candidate,14,same_xx,factory_prepolish_deep_defect,21,26485,2,0,400,77.1533281865232,0.01689586979283387,0.057491396736442775,100.0,100.0,100.0,100.0,100.0,100.0,100.0
candidate,14,same_xx,factory_prepolish_deep_defect,21,26485,2,1,400,77.30184106128834,0.011027550213623595,0.0373081108266561,100.0,100.0,100.0,100.0,100.0,100.0,100.0
candidate,14,same_xx,factory_prepolish_deep_defect,21,26485,2,2,400,77.18285552780327,0.013444708765366058,0.04566241184133192,100.0,100.0,100.0,100.0,100.0,100.0,100.0
candidate,14,same_xx,factory_prepolish_deep_defect,21,26485,2,3,400,77.30026975965745,0.01593945342261076,0.05412739087784179,100.0,100.0,100.0,100.0,100.0,100.0,100.0
candidate,14,same_xx,factory_prepolish_deep_defect,21,26485,2,4,400,77.40959087956668,0.01636318699041672,0.05628541618227723,100.0,100.0,100.0,100.0,100.0,100.0,100.0
candidate,14,same_xx,factory_prepolish_deep_defect,21,26485,3,0,400,77.2594888183825,0.020193215079435566,0.06869090851271416,100.0,100.0,100.0,100.0,100.0,100.0,100.0
candidate,14,same_xx,factory_prepolish_deep_defect,21,26485,3,1,400,76.9078068172099,0.012770375418620224,0.04326387253369712,97.5,100.0,100.0,100.0,97.5,100.0,100.0
candidate,14,same_xx,factory_prepolish_deep_defect,21,26485,3,2,400,74.0154967551137,0.021269777937678095,0.07216539528479064,81.0,100.0,100.0,100.0,81.0,100.0,100.0
candidate,14,same_xx,factory_prepolish_deep_defect,21,26485,3,3,400,77.12162357262298,0.015883289087606074,0.05328965701628746,100.0,100.0,100.0,100.0,100.0,100.0,100.0
candidate,14,same_xx,factory_prepolish_deep_defect,21,26485,3,4,400,77.39920562714362,0.019300619188986498,0.06575561538287042,100.0,100.0,100.0,100.0,100.0,100.0,100.0
candidate,14,same_xx,factory_prepolish_deep_defect,21,26485,4,0,400,77.319815838241,0.01783569008982457,0.060472694003276144,100.0,100.0,100.0,100.0,100.0,100.0,100.0
candidate,14,same_xx,factory_prepolish_deep_defect,21,26485,4,1,400,74.31381936265807,0.024227787139216007,0.08123451057098748,82.5,100.0,100.0,100.0,82.5,100.0,100.0
candidate,14,same_xx,factory_prepolish_deep_defect,21,26485,4,2,400,73.26933291369221,0.03262782890144357,0.10772923793036536,74.25,100.0,100.0,100.0,74.25,100.0,100.0
candidate,14,same_xx,factory_prepolish_deep_defect,21,26485,4,3,400,77.41301717000962,0.017241275857117423,0.05815970910584456,100.0,100.0,100.0,100.0,100.0,100.0,100.0
candidate,14,same_xx,factory_prepolish_deep_defect,21,26485,4,4,400,77.48936270295245,0.019185591906883015,0.06514535350728524,100.0,100.0,100.0,100.0,100.0,100.0,100.0
candidate,14,same_xx,factory_prepolish_deep_stress,29,26485,0,0,400,77.55343562978777,0.018595556037179294,0.06259288743404469,100.0,100.0,100.0,100.0,100.0,100.0,100.0
candidate,14,same_xx,factory_prepolish_deep_stress,29,26485,0,1,400,74.89775122771167,0.01891293595544232,0.06411350497428037,85.25,100.0,100.0,100.0,85.25,100.0,100.0
candidate,14,same_xx,factory_prepolish_deep_stress,29,26485,0,2,400,76.72474499794818,0.01548971641588206,0.05248814355797933,97.0,100.0,100.0,100.0,97.0,100.0,100.0
candidate,14,same_xx,factory_prepolish_deep_stress,29,26485,0,3,400,77.41728691140914,0.017174985332191983,0.05800135654914666,100.0,100.0,100.0,100.0,100.0,100.0,100.0
candidate,14,same_xx,factory_prepolish_deep_stress,29,26485,0,4,400,77.45267205364468,0.020240520678657507,0.06819320015432595,100.0,100.0,100.0,100.0,100.0,100.0,100.0
candidate,14,same_xx,factory_prepolish_deep_stress,29,26485,1,0,400,77.23796461080688,0.01401753042041881,0.04744370224106859,100.0,100.0,100.0,100.0,100.0,100.0,100.0
candidate,14,same_xx,factory_prepolish_deep_stress,29,26485,1,1,400,76.41222461693772,0.009305710653413823,0.03148530924433805,97.0,100.0,100.0,100.0,97.0,100.0,100.0
candidate,14,same_xx,factory_prepolish_deep_stress,29,26485,1,2,400,76.9169865509697,0.012541414024066383,0.042605921124832795,99.0,100.0,100.0,100.0,99.0,100.0,100.0
candidate,14,same_xx,factory_prepolish_deep_stress,29,26485,1,3,400,77.20092416139052,0.01822365159516904,0.061874794177539626,100.0,100.0,100.0,100.0,100.0,100.0,100.0
candidate,14,same_xx,factory_prepolish_deep_stress,29,26485,1,4,400,77.43149516080304,0.01773331193709381,0.0603467264552839,100.0,100.0,100.0,100.0,100.0,100.0,100.0
candidate,14,same_xx,factory_prepolish_deep_stress,29,26485,2,0,400,77.15810482366793,0.01700251819599758,0.05785137036826346,100.0,100.0,100.0,100.0,100.0,100.0,100.0
candidate,14,same_xx,factory_prepolish_deep_stress,29,26485,2,1,400,77.30980859837373,0.01121685698992086,0.03794556748390098,100.0,100.0,100.0,100.0,100.0,100.0,100.0
candidate,14,same_xx,factory_prepolish_deep_stress,29,26485,2,2,400,77.19497310470662,0.013706203795112747,0.04654272987647346,100.0,100.0,100.0,100.0,100.0,100.0,100.0
candidate,14,same_xx,factory_prepolish_deep_stress,29,26485,2,3,400,77.30314030591698,0.0159821847630754,0.05427159673706984,100.0,100.0,100.0,100.0,100.0,100.0,100.0
candidate,14,same_xx,factory_prepolish_deep_stress,29,26485,2,4,400,77.40990433439292,0.016369306650113036,0.056308239195088344,100.0,100.0,100.0,100.0,100.0,100.0,100.0
candidate,14,same_xx,factory_prepolish_deep_stress,29,26485,3,0,400,77.27333689228686,0.020431693217880117,0.06947805860902752,100.0,100.0,100.0,100.0,100.0,100.0,100.0
candidate,14,same_xx,factory_prepolish_deep_stress,29,26485,3,1,400,76.7846029825605,0.01459603715035896,0.04928799739376048,97.5,100.0,100.0,100.0,97.5,100.0,100.0
candidate,14,same_xx,factory_prepolish_deep_stress,29,26485,3,2,400,73.77710320517409,0.024578904888511714,0.08359858178271619,81.0,99.5,100.0,100.0,81.0,100.0,100.0
candidate,14,same_xx,factory_prepolish_deep_stress,29,26485,3,3,400,77.1288931064243,0.01616058815354264,0.054215512072656756,100.0,100.0,100.0,100.0,100.0,100.0,100.0
candidate,14,same_xx,factory_prepolish_deep_stress,29,26485,3,4,400,77.39996682735051,0.019318948190180072,0.06581998306970015,100.0,100.0,100.0,100.0,100.0,100.0,100.0
candidate,14,same_xx,factory_prepolish_deep_stress,29,26485,4,0,400,77.34380350319051,0.01838298002458068,0.06230337427324799,100.0,100.0,100.0,100.0,100.0,100.0,100.0
candidate,14,same_xx,factory_prepolish_deep_stress,29,26485,4,1,400,72.84688111832749,0.03713843202738031,0.12303007491975354,81.5,95.75,100.0,100.0,81.5,100.0,100.0
candidate,14,same_xx,factory_prepolish_deep_stress,29,26485,4,2,400,71.66728408275233,0.04550264500504639,0.14888219766169908,73.25,95.75,100.0,100.0,73.25,100.0,100.0
candidate,14,same_xx,factory_prepolish_deep_stress,29,26485,4,3,400,77.42748733041618,0.017569926770570697,0.05925894542448178,100.0,100.0,100.0,100.0,100.0,100.0,100.0
candidate,14,same_xx,factory_prepolish_deep_stress,29,26485,4,4,400,77.48975469928328,0.019189599954922306,0.06515334982576669,100.0,100.0,100.0,100.0,100.0,100.0,100.0
candidate,14,same_xx,factory_prepolish_deep_defect,17,26097,0,0,400,77.50569313046186,0.019206346029871244,0.06514910279410394,100.0,100.0,100.0,100.0,100.0,100.0,100.0
candidate,14,same_xx,factory_prepolish_deep_defect,17,26097,0,1,400,77.37955804721892,0.017039606076937566,0.057583390068678214,100.0,100.0,100.0,100.0,100.0,100.0,100.0
candidate,14,same_xx,factory_prepolish_deep_defect,17,26097,0,2,400,77.3215398331834,0.018280380808953684,0.06173917406725971,100.0,100.0,100.0,100.0,100.0,100.0,100.0
candidate,14,same_xx,factory_prepolish_deep_defect,17,26097,0,3,400,73.64040988561608,0.01887305974886317,0.06477828607786687,81.75,100.0,100.0,100.0,81.75,100.0,100.0
candidate,14,same_xx,factory_prepolish_deep_defect,17,26097,0,4,400,77.39167006753705,0.021282045850498407,0.07179525482174193,100.0,100.0,100.0,100.0,100.0,100.0,100.0
candidate,14,same_xx,factory_prepolish_deep_defect,17,26097,1,0,400,77.29986443242666,0.013263444353185605,0.04508436169455231,100.0,100.0,100.0,100.0,100.0,100.0,100.0
candidate,14,same_xx,factory_prepolish_deep_defect,17,26097,1,1,400,77.33324406302445,0.007943060349127532,0.026785807273446764,100.0,100.0,100.0,100.0,100.0,100.0,100.0
candidate,14,same_xx,factory_prepolish_deep_defect,17,26097,1,2,400,77.20011178801649,0.011251587666176534,0.038141996594312624,100.0,100.0,100.0,100.0,100.0,100.0,100.0
candidate,14,same_xx,factory_prepolish_deep_defect,17,26097,1,3,400,74.86527739577595,0.014169385136808458,0.04794919849222728,79.25,100.0,100.0,100.0,79.25,100.0,100.0
candidate,14,same_xx,factory_prepolish_deep_defect,17,26097,1,4,400,76.50815538515913,0.02189283135442479,0.07368316898212757,96.0,100.0,100.0,100.0,96.0,100.0,100.0
candidate,14,same_xx,factory_prepolish_deep_defect,17,26097,2,0,400,77.19166499272772,0.015534603055415265,0.05299398533683104,100.0,100.0,100.0,100.0,100.0,100.0,100.0
candidate,14,same_xx,factory_prepolish_deep_defect,17,26097,2,1,400,77.11552247667339,0.0126223891873012,0.04266351449786497,100.0,100.0,100.0,100.0,100.0,100.0,100.0
candidate,14,same_xx,factory_prepolish_deep_defect,17,26097,2,2,400,76.09648664421228,0.014500731926532168,0.04997349127158412,94.75,100.0,100.0,100.0,94.75,100.0,100.0
candidate,14,same_xx,factory_prepolish_deep_defect,17,26097,2,3,400,74.8312281096166,0.025718927363999076,0.08815028329552511,86.75,100.0,100.0,100.0,86.75,100.0,100.0
candidate,14,same_xx,factory_prepolish_deep_defect,17,26097,2,4,400,77.34702995435782,0.017546048764515456,0.05994485055064062,100.0,100.0,100.0,100.0,100.0,100.0,100.0
candidate,14,same_xx,factory_prepolish_deep_defect,17,26097,3,0,400,77.32631732173282,0.01573506670232372,0.053583736372682,100.0,100.0,100.0,100.0,100.0,100.0,100.0
candidate,14,same_xx,factory_prepolish_deep_defect,17,26097,3,1,400,77.31475754517385,0.011052567694245577,0.0373794686916102,100.0,100.0,100.0,100.0,100.0,100.0,100.0
candidate,14,same_xx,factory_prepolish_deep_defect,17,26097,3,2,400,76.89875808029224,0.014416801546441321,0.049145052824324555,100.0,100.0,100.0,100.0,100.0,100.0,100.0
candidate,14,same_xx,factory_prepolish_deep_defect,17,26097,3,3,400,76.6204688723629,0.013033849354413382,0.04486932443429792,97.25,100.0,100.0,100.0,97.25,100.0,100.0
candidate,14,same_xx,factory_prepolish_deep_defect,17,26097,3,4,400,77.27686886417536,0.017162593891357138,0.057615174096073266,100.0,100.0,100.0,100.0,100.0,100.0,100.0
candidate,14,same_xx,factory_prepolish_deep_defect,17,26097,4,0,400,77.4526478597209,0.015468288877559888,0.052627094875998696,100.0,100.0,100.0,100.0,100.0,100.0,100.0
candidate,14,same_xx,factory_prepolish_deep_defect,17,26097,4,1,400,77.3270451511036,0.01728920386636214,0.05879428197777816,100.0,100.0,100.0,100.0,100.0,100.0,100.0
candidate,14,same_xx,factory_prepolish_deep_defect,17,26097,4,2,400,77.3378274490257,0.014547300133000233,0.048708045252052815,100.0,100.0,100.0,100.0,100.0,100.0,100.0
candidate,14,same_xx,factory_prepolish_deep_defect,17,26097,4,3,400,77.18185567657981,0.01751276171779703,0.05908153913348638,100.0,100.0,100.0,100.0,100.0,100.0,100.0
candidate,14,same_xx,factory_prepolish_deep_defect,17,26097,4,4,400,77.3787727868228,0.01927544569126187,0.0650164366829691,100.0,100.0,100.0,100.0,100.0,100.0,100.0
candidate,14,same_xx,factory_prepolish_deep_stress,25,26097,0,0,400,77.50577983691828,0.019208354150917054,0.06515777003907514,100.0,100.0,100.0,100.0,100.0,100.0,100.0
candidate,14,same_xx,factory_prepolish_deep_stress,25,26097,0,1,400,77.38013338681384,0.017057115225411798,0.05764152248667579,100.0,100.0,100.0,100.0,100.0,100.0,100.0
candidate,14,same_xx,factory_prepolish_deep_stress,25,26097,0,2,400,77.32556981301121,0.018363495533128465,0.06201605105290671,100.0,100.0,100.0,100.0,100.0,100.0,100.0
candidate,14,same_xx,factory_prepolish_deep_stress,25,26097,0,3,400,73.60992892713394,0.018930767591016206,0.0649790670992682,81.75,100.0,100.0,100.0,81.75,100.0,100.0
candidate,14,same_xx,factory_prepolish_deep_stress,25,26097,0,4,400,77.39247161636914,0.021301177676841688,0.07185443084522553,100.0,100.0,100.0,100.0,100.0,100.0,100.0
candidate,14,same_xx,factory_prepolish_deep_stress,25,26097,1,0,400,77.30023328254985,0.013272290436326346,0.04511514397529717,100.0,100.0,100.0,100.0,100.0,100.0,100.0
candidate,14,same_xx,factory_prepolish_deep_stress,25,26097,1,1,400,77.34040689732488,0.008105041237205497,0.027331291918617814,100.0,100.0,100.0,100.0,100.0,100.0,100.0
candidate,14,same_xx,factory_prepolish_deep_stress,25,26097,1,2,400,77.22987685164377,0.01192246309014366,0.04037108206861664,100.0,100.0,100.0,100.0,100.0,100.0,100.0
candidate,14,same_xx,factory_prepolish_deep_stress,25,26097,1,3,400,74.78924918363523,0.014814714960511385,0.050115409041140035,79.0,100.0,100.0,100.0,79.0,100.0,100.0
candidate,14,same_xx,factory_prepolish_deep_stress,25,26097,1,4,400,76.49070058390429,0.022117588710258734,0.0744387986548303,95.5,100.0,100.0,100.0,95.5,100.0,100.0
candidate,14,same_xx,factory_prepolish_deep_stress,25,26097,2,0,400,77.19214414538655,0.01554538368384233,0.05302743005810992,100.0,100.0,100.0,100.0,100.0,100.0,100.0
candidate,14,same_xx,factory_prepolish_deep_stress,25,26097,2,1,400,77.13858075605818,0.013209115541574994,0.044629869669663355,100.0,100.0,100.0,100.0,100.0,100.0,100.0
candidate,14,same_xx,factory_prepolish_deep_stress,25,26097,2,2,400,75.46388153956109,0.02023684971233345,0.0700417014492784,93.25,99.5,100.0,100.0,93.25,100.0,100.0
candidate,14,same_xx,factory_prepolish_deep_stress,25,26097,2,3,400,73.1245815417652,0.04033770198002586,0.1373986915146263,85.0,94.75,100.0,100.0,85.0,100.0,100.0
candidate,14,same_xx,factory_prepolish_deep_stress,25,26097,2,4,400,77.36816504771639,0.017924117329144597,0.061213794052324765,100.0,100.0,100.0,100.0,100.0,100.0,100.0
candidate,14,same_xx,factory_prepolish_deep_stress,25,26097,3,0,400,77.32652502967362,0.015741846999450904,0.05360726735312253,100.0,100.0,100.0,100.0,100.0,100.0,100.0
candidate,14,same_xx,factory_prepolish_deep_stress,25,26097,3,1,400,77.32448532109946,0.011322840641048442,0.03829576404612441,100.0,100.0,100.0,100.0,100.0,100.0,100.0
candidate,14,same_xx,factory_prepolish_deep_stress,25,26097,3,2,400,76.92565849778023,0.01549548813936564,0.05268834471450351,99.75,100.0,100.0,100.0,99.75,100.0,100.0
candidate,14,same_xx,factory_prepolish_deep_stress,25,26097,3,3,400,76.32721619580822,0.015969702220155188,0.055153305818068085,95.0,100.0,100.0,100.0,95.0,100.0,100.0
candidate,14,same_xx,factory_prepolish_deep_stress,25,26097,3,4,400,77.29360015328177,0.017476153838320563,0.05864961226470987,100.0,100.0,100.0,100.0,100.0,100.0,100.0
candidate,14,same_xx,factory_prepolish_deep_stress,25,26097,4,0,400,77.45274582142227,0.015472133140346669,0.05264021601530921,100.0,100.0,100.0,100.0,100.0,100.0,100.0
candidate,14,same_xx,factory_prepolish_deep_stress,25,26097,4,1,400,77.32998329072194,0.017362729489501308,0.05904543238715008,100.0,100.0,100.0,100.0,100.0,100.0,100.0
candidate,14,same_xx,factory_prepolish_deep_stress,25,26097,4,2,400,77.34741436942693,0.014743588916058457,0.049362949543839525,100.0,100.0,100.0,100.0,100.0,100.0,100.0
candidate,14,same_xx,factory_prepolish_deep_stress,25,26097,4,3,400,77.19534562628621,0.01783748945611473,0.0601758901618063,100.0,100.0,100.0,100.0,100.0,100.0,100.0
candidate,14,same_xx,factory_prepolish_deep_stress,25,26097,4,4,400,77.3837090282032,0.019363927990943882,0.06530485513964035,100.0,100.0,100.0,100.0,100.0,100.0,100.0
candidate,14,same_xx,legacy_stress,4,26388,0,0,400,77.4660688201794,0.01655791447180464,0.05633198991456438,100.0,100.0,100.0,100.0,100.0,100.0,100.0
candidate,14,same_xx,legacy_stress,4,26388,0,1,400,77.43351081228991,0.013352132524843907,0.0454729864539139,100.0,100.0,100.0,100.0,100.0,100.0,100.0
candidate,14,same_xx,legacy_stress,4,26388,0,2,400,77.5358887679676,0.008931710215460319,0.03005431776378831,100.0,100.0,100.0,100.0,100.0,100.0,100.0
candidate,14,same_xx,legacy_stress,4,26388,0,3,400,77.50293604767504,0.010852624783676093,0.03679853952572131,100.0,100.0,100.0,100.0,100.0,100.0,100.0
candidate,14,same_xx,legacy_stress,4,26388,0,4,400,77.58720438865996,0.008547997356767412,0.02895696098577192,100.0,100.0,100.0,100.0,100.0,100.0,100.0
candidate,14,same_xx,legacy_stress,4,26388,1,0,400,77.42440167144905,0.009789284506967293,0.033492083046929536,100.0,100.0,100.0,100.0,100.0,100.0,100.0
candidate,14,same_xx,legacy_stress,4,26388,1,1,400,77.40386549833602,0.006909284780738385,0.02331726546680997,100.0,100.0,100.0,100.0,100.0,100.0,100.0
candidate,14,same_xx,legacy_stress,4,26388,1,2,400,76.5471690981299,0.007571851539892798,0.025745233972536353,98.25,100.0,100.0,100.0,98.25,100.0,100.0
candidate,14,same_xx,legacy_stress,4,26388,1,3,400,77.49038765375481,0.008421713726711508,0.028388177793717793,100.0,100.0,100.0,100.0,100.0,100.0,100.0
candidate,14,same_xx,legacy_stress,4,26388,1,4,400,77.5184599931419,0.009913596239406791,0.03390724680802444,100.0,100.0,100.0,100.0,100.0,100.0,100.0
candidate,14,same_xx,legacy_stress,4,26388,2,0,400,77.50667147801298,0.010894377123338744,0.03665475605462752,100.0,100.0,100.0,100.0,100.0,100.0,100.0
candidate,14,same_xx,legacy_stress,4,26388,2,1,400,75.86891710432319,0.009038047069155904,0.030459328382524048,95.75,100.0,100.0,100.0,95.75,100.0,100.0
candidate,14,same_xx,legacy_stress,4,26388,2,2,400,76.9672288339676,0.007582295925811457,0.02557758715893313,100.0,100.0,100.0,100.0,100.0,100.0,100.0
candidate,14,same_xx,legacy_stress,4,26388,2,3,400,77.44564255486377,0.007783103526913283,0.026473079095496333,100.0,100.0,100.0,100.0,100.0,100.0,100.0
candidate,14,same_xx,legacy_stress,4,26388,2,4,400,77.47284430069136,0.010366765686846018,0.03496736051719492,100.0,100.0,100.0,100.0,100.0,100.0,100.0
candidate,14,same_xx,legacy_stress,4,26388,3,0,400,70.10135836068007,0.04300239159090217,0.14352582438621728,64.75,99.5,100.0,100.0,64.75,100.0,100.0
candidate,14,same_xx,legacy_stress,4,26388,3,1,400,66.73930043631586,0.07193993434464034,0.2400082445099671,60.0,83.0,100.0,100.0,60.0,100.0,100.0
candidate,14,same_xx,legacy_stress,4,26388,3,2,400,77.45785416860676,0.0071653600219046855,0.024196487341214684,100.0,100.0,100.0,100.0,100.0,100.0,100.0
candidate,14,same_xx,legacy_stress,4,26388,3,3,400,75.95799472498055,0.007191389178839725,0.024588025803506882,89.0,100.0,100.0,100.0,89.0,100.0,100.0
candidate,14,same_xx,legacy_stress,4,26388,3,4,400,74.5979255111994,0.013457498813818462,0.04566530391954069,89.0,100.0,100.0,100.0,89.0,100.0,100.0
candidate,14,same_xx,legacy_stress,4,26388,4,0,400,77.47655007372764,0.01349913334007375,0.04627412013599791,100.0,100.0,100.0,100.0,100.0,100.0,100.0
candidate,14,same_xx,legacy_stress,4,26388,4,1,400,69.63860258492879,0.06264369065639444,0.1987212668836761,72.5,87.0,100.0,100.0,72.5,100.0,100.0
candidate,14,same_xx,legacy_stress,4,26388,4,2,400,72.69287377741082,0.0291575569317976,0.09910420005126973,63.5,100.0,100.0,100.0,63.5,100.0,100.0
candidate,14,same_xx,legacy_stress,4,26388,4,3,400,75.83912812838676,0.01633061315269331,0.05450956879184577,86.5,100.0,100.0,100.0,86.5,100.0,100.0
candidate,14,same_xx,legacy_stress,4,26388,4,4,400,76.73479331265817,0.010346044520182613,0.03539538032441222,96.0,100.0,100.0,100.0,96.0,100.0,100.0
candidate,14,same_xx,factory_prepolish_deep_defect,22,26582,0,0,400,77.52897816039992,0.016028692312287304,0.05433207392028733,100.0,100.0,100.0,100.0,100.0,100.0,100.0
candidate,14,same_xx,factory_prepolish_deep_defect,22,26582,0,1,400,77.38362419950064,0.01587146646307491,0.05400732962386291,100.0,100.0,100.0,100.0,100.0,100.0,100.0
candidate,14,same_xx,factory_prepolish_deep_defect,22,26582,0,2,400,77.38821235958015,0.015649703672549822,0.05250642931371109,100.0,100.0,100.0,100.0,100.0,100.0,100.0
candidate,14,same_xx,factory_prepolish_deep_defect,22,26582,0,3,400,77.45850375950718,0.015933490137204347,0.053882424654618115,100.0,100.0,100.0,100.0,100.0,100.0,100.0
candidate,14,same_xx,factory_prepolish_deep_defect,22,26582,0,4,400,77.36068623419678,0.018784461468922577,0.06365936219095478,100.0,100.0,100.0,100.0,100.0,100.0,100.0
candidate,14,same_xx,factory_prepolish_deep_defect,22,26582,1,0,400,77.270163655123,0.014337108846763593,0.04827887351990029,100.0,100.0,100.0,100.0,100.0,100.0,100.0
candidate,14,same_xx,factory_prepolish_deep_defect,22,26582,1,1,400,77.15889875799502,0.0143428707421325,0.04904051416230968,100.0,100.0,100.0,100.0,100.0,100.0,100.0
candidate,14,same_xx,factory_prepolish_deep_defect,22,26582,1,2,400,77.22437882153817,0.011823075933359788,0.04039820098688895,100.0,100.0,100.0,100.0,100.0,100.0,100.0
candidate,14,same_xx,factory_prepolish_deep_defect,22,26582,1,3,400,77.17387050176943,0.012817574793180148,0.04354819745611664,100.0,100.0,100.0,100.0,100.0,100.0,100.0
candidate,14,same_xx,factory_prepolish_deep_defect,22,26582,1,4,400,75.96424343581683,0.01610331163738,0.05529366147847889,89.75,100.0,100.0,100.0,89.75,100.0,100.0
candidate,14,same_xx,factory_prepolish_deep_defect,22,26582,2,0,400,77.3684722407765,0.011093107685098434,0.036961383523142766,100.0,100.0,100.0,100.0,100.0,100.0,100.0
candidate,14,same_xx,factory_prepolish_deep_defect,22,26582,2,1,400,77.17590292563469,0.012017540560854361,0.0408213425479636,100.0,100.0,100.0,100.0,100.0,100.0,100.0
candidate,14,same_xx,factory_prepolish_deep_defect,22,26582,2,2,400,77.23158759080026,0.012908117661174136,0.04427710384662376,100.0,100.0,100.0,100.0,100.0,100.0,100.0
candidate,14,same_xx,factory_prepolish_deep_defect,22,26582,2,3,400,77.23881930045205,0.01219645034577752,0.04164791873501896,100.0,100.0,100.0,100.0,100.0,100.0,100.0
candidate,14,same_xx,factory_prepolish_deep_defect,22,26582,2,4,400,75.58253953115252,0.015363286903287275,0.05183396480344598,87.0,100.0,100.0,100.0,87.0,100.0,100.0
candidate,14,same_xx,factory_prepolish_deep_defect,22,26582,3,0,400,77.29638396239585,0.013742900214013573,0.046359764091569985,100.0,100.0,100.0,100.0,100.0,100.0,100.0
candidate,14,same_xx,factory_prepolish_deep_defect,22,26582,3,1,400,77.22393759979241,0.011990161596158884,0.04072097068688464,100.0,100.0,100.0,100.0,100.0,100.0,100.0
candidate,14,same_xx,factory_prepolish_deep_defect,22,26582,3,2,400,77.10446796198181,0.01237607522488763,0.042046420695324965,100.0,100.0,100.0,100.0,100.0,100.0,100.0
candidate,14,same_xx,factory_prepolish_deep_defect,22,26582,3,3,400,77.12394156331716,0.012158583132192972,0.041427519499360965,100.0,100.0,100.0,100.0,100.0,100.0,100.0
candidate,14,same_xx,factory_prepolish_deep_defect,22,26582,3,4,400,71.6470322149619,0.03975947627823193,0.13508656717347634,68.75,100.0,100.0,100.0,68.75,100.0,100.0
candidate,14,same_xx,factory_prepolish_deep_defect,22,26582,4,0,400,77.28011498735162,0.018169911020391383,0.06177113028431572,100.0,100.0,100.0,100.0,100.0,100.0,100.0
candidate,14,same_xx,factory_prepolish_deep_defect,22,26582,4,1,400,77.14094956111273,0.01763013038595657,0.060047093270819724,100.0,100.0,100.0,100.0,100.0,100.0,100.0
candidate,14,same_xx,factory_prepolish_deep_defect,22,26582,4,2,400,77.45721907384831,0.009763851064133132,0.03305579441643523,100.0,100.0,100.0,100.0,100.0,100.0,100.0
candidate,14,same_xx,factory_prepolish_deep_defect,22,26582,4,3,400,76.64527912164641,0.015574681482078927,0.05342343080590461,95.0,100.0,100.0,100.0,95.0,100.0,100.0
candidate,14,same_xx,factory_prepolish_deep_defect,22,26582,4,4,400,74.77022786182106,0.02952966822448934,0.10032252461360062,88.25,100.0,100.0,100.0,88.25,100.0,100.0
candidate,14,same_xx,legacy_stress,5,26485,0,0,400,77.52382367169085,0.01501793322724067,0.050809377953617556,100.0,100.0,100.0,100.0,100.0,100.0,100.0
candidate,14,same_xx,legacy_stress,5,26485,0,1,400,77.55087669433385,0.009977463269026156,0.033565017155620686,100.0,100.0,100.0,100.0,100.0,100.0,100.0
candidate,14,same_xx,legacy_stress,5,26485,0,2,400,77.45829462645081,0.013608184138391474,0.046090367798836615,100.0,100.0,100.0,100.0,100.0,100.0,100.0
candidate,14,same_xx,legacy_stress,5,26485,0,3,400,77.50006951982137,0.009421306608787781,0.03174907707501195,100.0,100.0,100.0,100.0,100.0,100.0,100.0
candidate,14,same_xx,legacy_stress,5,26485,0,4,400,77.5277057841053,0.01163618731058576,0.03919584631204174,100.0,100.0,100.0,100.0,100.0,100.0,100.0
candidate,14,same_xx,legacy_stress,5,26485,1,0,400,77.46883577497191,0.008004596068261293,0.027056222430093015,100.0,100.0,100.0,100.0,100.0,100.0,100.0
candidate,14,same_xx,legacy_stress,5,26485,1,1,400,77.41909351692033,0.006965322118154954,0.02336344121914704,100.0,100.0,100.0,100.0,100.0,100.0,100.0
candidate,14,same_xx,legacy_stress,5,26485,1,2,400,77.44272825705696,0.008993038450535142,0.030498550229288296,100.0,100.0,100.0,100.0,100.0,100.0,100.0
candidate,14,same_xx,legacy_stress,5,26485,1,3,400,77.4654122539309,0.00899749172819302,0.030299370865360702,100.0,100.0,100.0,100.0,100.0,100.0,100.0
candidate,14,same_xx,legacy_stress,5,26485,1,4,400,77.4640879363927,0.010493435604918078,0.034873766169586776,100.0,100.0,100.0,100.0,100.0,100.0,100.0
candidate,14,same_xx,legacy_stress,5,26485,2,0,400,77.10954714004008,0.008843282504332924,0.03017372900170284,100.0,100.0,100.0,100.0,100.0,100.0,100.0
candidate,14,same_xx,legacy_stress,5,26485,2,1,400,77.37378270914431,0.0070500070135474414,0.023540951919424166,100.0,100.0,100.0,100.0,100.0,100.0,100.0
candidate,14,same_xx,legacy_stress,5,26485,2,2,400,77.38068394895195,0.009735586228598056,0.03282701480967596,100.0,100.0,100.0,100.0,100.0,100.0,100.0
candidate,14,same_xx,legacy_stress,5,26485,2,3,400,77.50211503339297,0.010142030813036076,0.03410338139373822,100.0,100.0,100.0,100.0,100.0,100.0,100.0
candidate,14,same_xx,legacy_stress,5,26485,2,4,400,77.48418547547205,0.011577321366872577,0.03908071998080459,100.0,100.0,100.0,100.0,100.0,100.0,100.0
candidate,14,same_xx,legacy_stress,5,26485,3,0,400,73.53505718536508,0.019654127550105406,0.06529654947788537,75.25,100.0,100.0,100.0,75.25,100.0,100.0
candidate,14,same_xx,legacy_stress,5,26485,3,1,400,77.35421875435877,0.007049169405253337,0.02384495201341668,100.0,100.0,100.0,100.0,100.0,100.0,100.0
candidate,14,same_xx,legacy_stress,5,26485,3,2,400,76.1481312526345,0.014713016683956035,0.05086861575191224,94.5,100.0,100.0,100.0,94.5,100.0,100.0
candidate,14,same_xx,legacy_stress,5,26485,3,3,400,68.19765490022387,0.0642135624857838,0.21417885836340422,65.0,89.75,100.0,100.0,65.0,100.0,100.0
candidate,14,same_xx,legacy_stress,5,26485,3,4,400,66.87965495056693,0.06864304634331994,0.22796220044298757,56.25,90.5,100.0,100.0,56.25,100.0,100.0
candidate,14,same_xx,legacy_stress,5,26485,4,0,400,68.11560710513463,0.038728394031235104,0.12406015968899739,44.0,100.0,100.0,100.0,44.0,100.0,100.0
candidate,14,same_xx,legacy_stress,5,26485,4,1,400,76.89905618122948,0.009752495044191569,0.03305569076344314,95.5,100.0,100.0,100.0,95.5,100.0,100.0
candidate,14,same_xx,legacy_stress,5,26485,4,2,400,77.1986903782033,0.012046878710281395,0.04102684132672772,98.25,100.0,100.0,100.0,98.25,100.0,100.0
candidate,14,same_xx,legacy_stress,5,26485,4,3,400,77.14535027457319,0.012192639449402028,0.041002281353452616,97.75,100.0,100.0,100.0,97.75,100.0,100.0
candidate,14,same_xx,legacy_stress,5,26485,4,4,400,72.17979724056566,0.028544462017691324,0.09607864363389133,57.25,100.0,100.0,100.0,57.25,100.0,100.0
candidate,14,same_xx,factory_prepolish_deep_stress,30,26582,0,0,400,77.52688017318907,0.015976211905278613,0.05415538699246051,100.0,100.0,100.0,100.0,100.0,100.0,100.0
candidate,14,same_xx,factory_prepolish_deep_stress,30,26582,0,1,400,77.3827271656717,0.015854376849506732,0.05395013347394029,100.0,100.0,100.0,100.0,100.0,100.0,100.0
candidate,14,same_xx,factory_prepolish_deep_stress,30,26582,0,2,400,77.38825982534328,0.01565189803790278,0.05250868257452634,100.0,100.0,100.0,100.0,100.0,100.0,100.0
candidate,14,same_xx,factory_prepolish_deep_stress,30,26582,0,3,400,77.45879042343847,0.015939804918510225,0.05390395083436346,100.0,100.0,100.0,100.0,100.0,100.0,100.0
candidate,14,same_xx,factory_prepolish_deep_stress,30,26582,0,4,400,77.3609079666661,0.018792301212308724,0.06368390787940852,100.0,100.0,100.0,100.0,100.0,100.0,100.0
candidate,14,same_xx,factory_prepolish_deep_stress,30,26582,1,0,400,77.26954324619352,0.014307098743017064,0.048177771085643854,100.0,100.0,100.0,100.0,100.0,100.0,100.0
candidate,14,same_xx,factory_prepolish_deep_stress,30,26582,1,1,400,77.15849586890026,0.01433006915644932,0.048994593104326134,100.0,100.0,100.0,100.0,100.0,100.0,100.0
candidate,14,same_xx,factory_prepolish_deep_stress,30,26582,1,2,400,77.22471738077435,0.011830882283654342,0.04042050988255886,100.0,100.0,100.0,100.0,100.0,100.0,100.0
candidate,14,same_xx,factory_prepolish_deep_stress,30,26582,1,3,400,77.17574627376736,0.012872150509434388,0.043732539330566186,100.0,100.0,100.0,100.0,100.0,100.0,100.0
candidate,14,same_xx,factory_prepolish_deep_stress,30,26582,1,4,400,75.95603445051549,0.016238407656128332,0.05575441347582122,89.75,100.0,100.0,100.0,89.75,100.0,100.0
candidate,14,same_xx,factory_prepolish_deep_stress,30,26582,2,0,400,77.36840503714795,0.011092597538907862,0.036960850292438986,100.0,100.0,100.0,100.0,100.0,100.0,100.0
candidate,14,same_xx,factory_prepolish_deep_stress,30,26582,2,1,400,77.17645370499113,0.012026274295947454,0.04085305980862087,100.0,100.0,100.0,100.0,100.0,100.0,100.0
candidate,14,same_xx,factory_prepolish_deep_stress,30,26582,2,2,400,77.23758201666779,0.013023678115099501,0.04467846786972712,100.0,100.0,100.0,100.0,100.0,100.0,100.0
candidate,14,same_xx,factory_prepolish_deep_stress,30,26582,2,3,400,77.26307551181777,0.01271286821331191,0.04335840649848281,100.0,100.0,100.0,100.0,100.0,100.0,100.0
candidate,14,same_xx,factory_prepolish_deep_stress,30,26582,2,4,400,75.5496293502159,0.01614308027081366,0.054442694182050194,85.75,100.0,100.0,100.0,85.75,100.0,100.0
candidate,14,same_xx,factory_prepolish_deep_stress,30,26582,3,0,400,77.29646970482248,0.013744303985804339,0.046367968812456306,100.0,100.0,100.0,100.0,100.0,100.0,100.0
candidate,14,same_xx,factory_prepolish_deep_stress,30,26582,3,1,400,77.22438789945014,0.011997675845990105,0.04074647833984507,100.0,100.0,100.0,100.0,100.0,100.0,100.0
candidate,14,same_xx,factory_prepolish_deep_stress,30,26582,3,2,400,77.12128178983482,0.012801967669943808,0.043471664759748355,100.0,100.0,100.0,100.0,100.0,100.0,100.0
candidate,14,same_xx,factory_prepolish_deep_stress,30,26582,3,3,400,77.17969210210076,0.013596656696437733,0.04625102274613088,100.0,100.0,100.0,100.0,100.0,100.0,100.0
candidate,14,same_xx,factory_prepolish_deep_stress,30,26582,3,4,400,68.61615682004444,0.06524096374457508,0.22086644586106668,64.75,91.0,100.0,100.0,64.75,100.0,100.0
candidate,14,same_xx,factory_prepolish_deep_stress,30,26582,4,0,400,77.28004828477931,0.01816855844785378,0.06176792673315687,100.0,100.0,100.0,100.0,100.0,100.0,100.0
candidate,14,same_xx,factory_prepolish_deep_stress,30,26582,4,1,400,77.1410347788413,0.017631649346369224,0.06004994079095846,100.0,100.0,100.0,100.0,100.0,100.0,100.0
candidate,14,same_xx,factory_prepolish_deep_stress,30,26582,4,2,400,77.46378659716463,0.010047469203108955,0.034011179232853544,100.0,100.0,100.0,100.0,100.0,100.0,100.0
candidate,14,same_xx,factory_prepolish_deep_stress,30,26582,4,3,400,76.28260419652534,0.019401650189456457,0.06662719157836827,94.5,99.75,100.0,100.0,94.5,100.0,100.0
candidate,14,same_xx,factory_prepolish_deep_stress,30,26582,4,4,400,73.67539181857529,0.04023795555282232,0.13633281883148599,87.5,95.5,100.0,100.0,87.5,100.0,100.0
candidate,14,same_xx,legacy_stress,0,26000,0,0,400,77.32837896836853,0.01400851799464489,0.04671332278706962,99.5,100.0,100.0,100.0,99.5,100.0,100.0
candidate,14,same_xx,legacy_stress,0,26000,0,1,400,66.56269905217182,0.06816044006236002,0.232359944195676,59.25,89.75,100.0,100.0,59.25,100.0,100.0
candidate,14,same_xx,legacy_stress,0,26000,0,2,400,77.50098426812005,0.013875750699911225,0.0465007379452679,100.0,100.0,100.0,100.0,100.0,100.0,100.0
candidate,14,same_xx,legacy_stress,0,26000,0,3,400,77.59672247797297,0.009479488466390821,0.032096774364779146,100.0,100.0,100.0,100.0,100.0,100.0,100.0
candidate,14,same_xx,legacy_stress,0,26000,0,4,400,77.47960123872515,0.013689168400243338,0.0466955003623584,100.0,100.0,100.0,100.0,100.0,100.0,100.0
candidate,14,same_xx,legacy_stress,0,26000,1,0,400,77.22385940723024,0.009207725970349136,0.03118558947779655,98.25,100.0,100.0,100.0,98.25,100.0,100.0
candidate,14,same_xx,legacy_stress,0,26000,1,1,400,74.0451305108001,0.023877447544799358,0.08220962107136844,87.25,98.0,100.0,100.0,87.25,100.0,100.0
candidate,14,same_xx,legacy_stress,0,26000,1,2,400,77.4138381902335,0.009522403714998276,0.03221453515467968,100.0,100.0,100.0,100.0,100.0,100.0,100.0
candidate,14,same_xx,legacy_stress,0,26000,1,3,400,77.5775689360582,0.009103280271196099,0.031087470465894006,100.0,100.0,100.0,100.0,100.0,100.0,100.0
candidate,14,same_xx,legacy_stress,0,26000,1,4,400,77.58105643921444,0.0116079661374588,0.039139530386585714,100.0,100.0,100.0,100.0,100.0,100.0,100.0
candidate,14,same_xx,legacy_stress,0,26000,2,0,400,77.3956634109951,0.008796218592851292,0.029715624016851523,100.0,100.0,100.0,100.0,100.0,100.0,100.0
candidate,14,same_xx,legacy_stress,0,26000,2,1,400,76.45993658009712,0.01016756024592338,0.03472147049051341,92.5,100.0,100.0,100.0,92.5,100.0,100.0
candidate,14,same_xx,legacy_stress,0,26000,2,2,400,75.45317489126211,0.011272220238841509,0.037228927792641794,94.75,100.0,100.0,100.0,94.75,100.0,100.0
candidate,14,same_xx,legacy_stress,0,26000,2,3,400,72.8421280524749,0.03327118483788916,0.1126185355237922,75.5,99.5,100.0,100.0,75.5,100.0,100.0
candidate,14,same_xx,legacy_stress,0,26000,2,4,400,76.66136996922081,0.014668934606125488,0.05019710001737723,95.75,100.0,100.0,100.0,95.75,100.0,100.0
candidate,14,same_xx,legacy_stress,0,26000,3,0,400,75.58194620826477,0.020139255339738975,0.06693236052545394,93.0,97.5,100.0,100.0,93.0,100.0,100.0
candidate,14,same_xx,legacy_stress,0,26000,3,1,400,69.17428758469518,0.06142602923630935,0.2042483303027896,71.5,86.5,100.0,100.0,71.5,100.0,100.0
candidate,14,same_xx,legacy_stress,0,26000,3,2,400,72.00670472527058,0.029736283284707156,0.09702412248813916,68.25,100.0,100.0,100.0,68.25,100.0,100.0
candidate,14,same_xx,legacy_stress,0,26000,3,3,400,66.27151321289529,0.06316034546736701,0.2150930763946176,43.5,97.25,100.0,100.0,43.5,100.0,100.0
candidate,14,same_xx,legacy_stress,0,26000,3,4,400,77.51739549171737,0.011254110280895225,0.03797942308803421,100.0,100.0,100.0,100.0,100.0,100.0,100.0
candidate,14,same_xx,legacy_stress,0,26000,4,0,400,74.62940008724989,0.027010927645359502,0.09262300557158877,89.75,96.75,100.0,100.0,89.75,100.0,100.0
candidate,14,same_xx,legacy_stress,0,26000,4,1,400,76.89647692829874,0.01240577859889837,0.04197119484307137,97.0,99.75,100.0,100.0,97.0,100.0,100.0
candidate,14,same_xx,legacy_stress,0,26000,4,2,400,77.43999066495567,0.011347513870166144,0.038534476624821276,100.0,100.0,100.0,100.0,100.0,100.0,100.0
candidate,14,same_xx,legacy_stress,0,26000,4,3,400,76.46712105992424,0.01312097748587643,0.04494685429116183,94.25,100.0,100.0,100.0,94.25,100.0,100.0
candidate,14,same_xx,legacy_stress,0,26000,4,4,400,77.56068799097837,0.012542788728877643,0.04205388701029456,100.0,100.0,100.0,100.0,100.0,100.0,100.0
candidate,14,same_xx,legacy_stress,1,26097,0,0,400,77.41538856531024,0.013368586114239758,0.045234468845358505,100.0,100.0,100.0,100.0,100.0,100.0,100.0
candidate,14,same_xx,legacy_stress,1,26097,0,1,400,72.42773368580376,0.014910529524530319,0.05050486319945151,68.25,100.0,100.0,100.0,68.25,100.0,100.0
candidate,14,same_xx,legacy_stress,1,26097,0,2,400,69.24955662016022,0.052384832393898864,0.1739621965248085,59.0,92.75,100.0,100.0,59.0,100.0,100.0
candidate,14,same_xx,legacy_stress,1,26097,0,3,400,63.291287976010025,0.10560165272794272,0.3528101994087953,50.74999999999999,75.5,100.0,100.0,50.74999999999999,100.0,100.0
candidate,14,same_xx,legacy_stress,1,26097,0,4,400,76.02826651499308,0.02249811567767691,0.07662541008022761,94.25,98.5,100.0,100.0,94.25,100.0,100.0
candidate,14,same_xx,legacy_stress,1,26097,1,0,400,72.22124492140219,0.017101380655391893,0.05848931287583442,71.75,100.0,100.0,100.0,71.75,100.0,100.0
candidate,14,same_xx,legacy_stress,1,26097,1,1,400,74.11390206234552,0.012645658255909544,0.04282975565162224,78.75,100.0,100.0,100.0,78.75,100.0,100.0
candidate,14,same_xx,legacy_stress,1,26097,1,2,400,74.26540897438346,0.019892909791074154,0.06773158438504942,83.75,97.5,100.0,100.0,83.75,100.0,100.0
candidate,14,same_xx,legacy_stress,1,26097,1,3,400,60.330662383707335,0.11854080262885079,0.39798426220041705,33.0,75.25,100.0,100.0,33.0,100.0,100.0
candidate,14,same_xx,legacy_stress,1,26097,1,4,400,69.7678338727729,0.05491128303992436,0.18697667782471497,64.25,94.5,100.0,100.0,64.25,100.0,100.0
candidate,14,same_xx,legacy_stress,1,26097,2,0,400,77.40652197518773,0.007043123212578709,0.02344472144081329,100.0,100.0,100.0,100.0,100.0,100.0,100.0
candidate,14,same_xx,legacy_stress,1,26097,2,1,400,77.39829164482725,0.006486336971024096,0.022008015959456582,100.0,100.0,100.0,100.0,100.0,100.0,100.0
candidate,14,same_xx,legacy_stress,1,26097,2,2,400,69.66298317914865,0.06073497630144505,0.20482174184472235,74.25,87.0,100.0,100.0,74.25,100.0,100.0
candidate,14,same_xx,legacy_stress,1,26097,2,3,400,75.1852682514844,0.024531247022206663,0.08344360088976784,89.25,98.5,100.0,100.0,89.25,100.0,100.0
candidate,14,same_xx,legacy_stress,1,26097,2,4,400,77.51824155892504,0.012978463471075521,0.04281174020830475,100.0,100.0,100.0,100.0,100.0,100.0,100.0
candidate,14,same_xx,legacy_stress,1,26097,3,0,400,77.47130581424736,0.006908795452838543,0.023414427008699546,100.0,100.0,100.0,100.0,100.0,100.0,100.0
candidate,14,same_xx,legacy_stress,1,26097,3,1,400,77.29166373755574,0.008129770609140077,0.027567780268830718,100.0,100.0,100.0,100.0,100.0,100.0,100.0
candidate,14,same_xx,legacy_stress,1,26097,3,2,400,77.34085537998037,0.010463919863741981,0.03559696338285268,100.0,100.0,100.0,100.0,100.0,100.0,100.0
candidate,14,same_xx,legacy_stress,1,26097,3,3,400,76.2367963588868,0.011667337849551407,0.040057513260398706,93.5,100.0,100.0,100.0,93.5,100.0,100.0
candidate,14,same_xx,legacy_stress,1,26097,3,4,400,76.82804222855665,0.010526858864769575,0.03530545120409768,95.5,100.0,100.0,100.0,95.5,100.0,100.0
candidate,14,same_xx,legacy_stress,1,26097,4,0,400,77.56217802630468,0.010078408900143084,0.0344757201626002,100.0,100.0,100.0,100.0,100.0,100.0,100.0
candidate,14,same_xx,legacy_stress,1,26097,4,1,400,77.37559231131426,0.011417126571529825,0.038921096351686925,100.0,100.0,100.0,100.0,100.0,100.0,100.0
candidate,14,same_xx,legacy_stress,1,26097,4,2,400,77.39252973835237,0.011076965290962661,0.03723278666136701,100.0,100.0,100.0,100.0,100.0,100.0,100.0
candidate,14,same_xx,legacy_stress,1,26097,4,3,400,75.89400039482045,0.010514452552585245,0.035389029276073625,97.75,100.0,100.0,100.0,97.75,100.0,100.0
candidate,14,same_xx,legacy_stress,1,26097,4,4,400,77.09822754979275,0.013323658786913556,0.044952478876623944,99.0,100.0,100.0,100.0,99.0,100.0,100.0
candidate,14,same_xx,legacy_stress,6,26582,0,0,400,74.3693496662664,0.034883541445187814,0.11837834007440914,89.0,96.5,100.0,100.0,89.0,100.0,100.0
candidate,14,same_xx,legacy_stress,6,26582,0,1,400,70.5992959888662,0.050873574486171025,0.16757482813976254,71.75,94.0,100.0,100.0,71.75,100.0,100.0
candidate,14,same_xx,legacy_stress,6,26582,0,2,400,69.98726175784384,0.05299326516024189,0.16622900522898054,72.0,94.0,100.0,100.0,72.0,100.0,100.0
candidate,14,same_xx,legacy_stress,6,26582,0,3,400,68.92634721854036,0.07173288860040787,0.24158700889691953,70.0,83.0,100.0,100.0,70.0,100.0,100.0
candidate,14,same_xx,legacy_stress,6,26582,0,4,400,70.35236496495914,0.05684403294269046,0.19233807568368003,75.75,87.5,100.0,99.75,75.75,100.0,100.0
candidate,14,same_xx,legacy_stress,6,26582,1,0,400,66.40664233057602,0.07735604116551852,0.2590025103041828,60.0,86.75,100.0,100.0,60.0,100.0,100.0
candidate,14,same_xx,legacy_stress,6,26582,1,1,400,76.79078556540969,0.010745276442250193,0.03650407367995765,96.5,100.0,100.0,100.0,96.5,100.0,100.0
candidate,14,same_xx,legacy_stress,6,26582,1,2,400,76.46793768962154,0.015062042993421858,0.05142193957971577,96.5,100.0,100.0,100.0,96.5,100.0,100.0
candidate,14,same_xx,legacy_stress,6,26582,1,3,400,73.222913674848,0.036716489511868906,0.1267393399740201,87.25,93.0,100.0,99.5,87.25,100.0,100.0
candidate,14,same_xx,legacy_stress,6,26582,1,4,400,77.50900164514667,0.01357515163962023,0.04588170059643619,100.0,100.0,100.0,100.0,100.0,100.0,100.0
candidate,14,same_xx,legacy_stress,6,26582,2,0,400,62.92052905019802,0.09374757368236264,0.3151746707820012,30.0,89.75,100.0,100.0,30.0,100.0,100.0
candidate,14,same_xx,legacy_stress,6,26582,2,1,400,73.52253922038788,0.018220837920339863,0.06114078076272549,67.0,100.0,100.0,100.0,67.0,100.0,100.0
candidate,14,same_xx,legacy_stress,6,26582,2,2,400,77.45319758326141,0.009897545676330208,0.03377160133057342,100.0,100.0,100.0,100.0,100.0,100.0,100.0
candidate,14,same_xx,legacy_stress,6,26582,2,3,400,77.4808888709331,0.011034321883100506,0.037458221713386586,100.0,100.0,100.0,100.0,100.0,100.0,100.0
candidate,14,same_xx,legacy_stress,6,26582,2,4,400,77.52940138326177,0.011232668413885687,0.03832678493281033,100.0,100.0,100.0,100.0,100.0,100.0,100.0
candidate,14,same_xx,legacy_stress,6,26582,3,0,400,76.47183053063105,0.014254390726096055,0.048630397868703115,94.75,100.0,100.0,100.0,94.75,100.0,100.0
candidate,14,same_xx,legacy_stress,6,26582,3,1,400,76.9902057574387,0.009690358057124537,0.03305371609155621,97.0,100.0,100.0,100.0,97.0,100.0,100.0
candidate,14,same_xx,legacy_stress,6,26582,3,2,400,77.48086543636562,0.00785726862761626,0.026513278603535792,100.0,100.0,100.0,100.0,100.0,100.0,100.0
candidate,14,same_xx,legacy_stress,6,26582,3,3,400,77.48395908587419,0.0072413710366496555,0.024314976898012004,100.0,100.0,100.0,100.0,100.0,100.0,100.0
candidate,14,same_xx,legacy_stress,6,26582,3,4,400,70.1768423058224,0.04979953510906247,0.16784651559196,70.75,94.25,100.0,100.0,70.75,100.0,100.0
candidate,14,same_xx,legacy_stress,6,26582,4,0,400,77.49726423228901,0.010552675169655731,0.035436977416067064,100.0,100.0,100.0,100.0,100.0,100.0,100.0
candidate,14,same_xx,legacy_stress,6,26582,4,1,400,77.43043702615262,0.011724072703148599,0.03952553581562897,100.0,100.0,100.0,100.0,100.0,100.0,100.0
candidate,14,same_xx,legacy_stress,6,26582,4,2,400,77.51174066960776,0.009114056499484812,0.030810149769891396,100.0,100.0,100.0,100.0,100.0,100.0,100.0
candidate,14,same_xx,legacy_stress,6,26582,4,3,400,77.39758063160644,0.009880840620744508,0.03290873684189958,100.0,100.0,100.0,100.0,100.0,100.0,100.0
candidate,14,same_xx,legacy_stress,6,26582,4,4,400,72.80664194340211,0.038106217205693384,0.12969427021296803,78.5,97.0,100.0,100.0,78.5,100.0,100.0
candidate,14,same_xx,legacy_stress,7,26679,0,0,400,71.01280894603882,0.0627512012376105,0.20721177981865893,81.25,86.0,100.0,100.0,81.25,100.0,100.0
candidate,14,same_xx,legacy_stress,7,26679,0,1,400,71.90536048929859,0.05333902833585407,0.1743734121962517,82.75,87.5,100.0,100.0,82.75,100.0,100.0
candidate,14,same_xx,legacy_stress,7,26679,0,2,400,77.56688054772903,0.010655399608329279,0.03599362595729988,100.0,100.0,100.0,100.0,100.0,100.0,100.0
candidate,14,same_xx,legacy_stress,7,26679,0,3,400,77.51383440536479,0.012893503803195856,0.04381480483930341,100.0,100.0,100.0,100.0,100.0,100.0,100.0
candidate,14,same_xx,legacy_stress,7,26679,0,4,400,77.53303509392816,0.013576638455832518,0.04540634699804462,100.0,100.0,100.0,100.0,100.0,100.0,100.0
candidate,14,same_xx,legacy_stress,7,26679,1,0,400,76.51328925348258,0.017481144883074288,0.05816644434855842,95.75,98.75,100.0,100.0,95.75,100.0,100.0
candidate,14,same_xx,legacy_stress,7,26679,1,1,400,70.49031777633816,0.05751358206790371,0.19163782584434594,78.0,85.75,100.0,100.0,78.0,100.0,100.0
candidate,14,same_xx,legacy_stress,7,26679,1,2,400,76.69464976991621,0.011648192118230117,0.03921907801669275,93.0,100.0,100.0,100.0,93.0,100.0,100.0
candidate,14,same_xx,legacy_stress,7,26679,1,3,400,71.85697182701713,0.04355809157551106,0.14639442431875033,75.5,93.0,100.0,100.0,75.5,100.0,100.0
candidate,14,same_xx,legacy_stress,7,26679,1,4,400,68.51176168962314,0.07909644570795434,0.2602384214530847,74.25,80.25,100.0,100.0,74.25,100.0,100.0
candidate,14,same_xx,legacy_stress,7,26679,2,0,400,77.44470165568475,0.009592228046661811,0.03220733684383793,100.0,100.0,100.0,100.0,100.0,100.0,100.0
candidate,14,same_xx,legacy_stress,7,26679,2,1,400,77.50518116478797,0.009475660023751943,0.032114833488154436,100.0,100.0,100.0,100.0,100.0,100.0,100.0
candidate,14,same_xx,legacy_stress,7,26679,2,2,400,69.51020309477578,0.04476342949230512,0.14842174094700247,50.74999999999999,98.25,100.0,100.0,50.74999999999999,100.0,100.0
candidate,14,same_xx,legacy_stress,7,26679,2,3,400,66.64739364338328,0.06280898193807409,0.20976370876856318,44.0,90.5,100.0,100.0,44.0,100.0,100.0
candidate,14,same_xx,legacy_stress,7,26679,2,4,400,73.51703088665248,0.02981190528950757,0.09694979178504518,82.75,94.0,100.0,100.0,82.75,100.0,100.0
candidate,14,same_xx,legacy_stress,7,26679,3,0,400,71.23781358152755,0.03652568959006085,0.12122306886723994,70.0,100.0,100.0,100.0,70.0,100.0,100.0
candidate,14,same_xx,legacy_stress,7,26679,3,1,400,72.30091496867934,0.0411060035489602,0.14116131103311447,82.75,91.5,100.0,100.0,82.75,100.0,100.0
candidate,14,same_xx,legacy_stress,7,26679,3,2,400,68.14109798380137,0.06778643845092988,0.2277458779806218,67.0,86.0,100.0,100.0,67.0,100.0,100.0
candidate,14,same_xx,legacy_stress,7,26679,3,3,400,71.86203771030243,0.040819786806623064,0.1364403721663957,72.25,98.75,100.0,100.0,72.25,100.0,100.0
candidate,14,same_xx,legacy_stress,7,26679,3,4,400,67.36384850135268,0.0875173200332351,0.2926582266531517,69.75,78.0,100.0,100.0,69.75,100.0,100.0
candidate,14,same_xx,legacy_stress,7,26679,4,0,400,71.90582282291749,0.036192787733755186,0.12058736630561366,71.0,100.0,100.0,100.0,71.0,100.0,100.0
candidate,14,same_xx,legacy_stress,7,26679,4,1,400,70.02501840818071,0.06937446205737681,0.23214504600914876,77.75,84.25,100.0,100.0,77.75,100.0,100.0
candidate,14,same_xx,legacy_stress,7,26679,4,2,400,63.038793299307,0.09980969612444551,0.3340355246042439,46.25,79.25,100.0,100.0,46.25,100.0,100.0
candidate,14,same_xx,legacy_stress,7,26679,4,3,400,68.97131194343267,0.054187827991633186,0.17767530247701763,67.25,92.5,100.0,100.0,67.25,100.0,100.0
candidate,14,same_xx,legacy_stress,7,26679,4,4,400,77.33161277622574,0.014743729863374654,0.04967582178414757,98.5,100.0,100.0,100.0,98.5,100.0,100.0
candidate,14,same_xx,legacy_stress,3,26291,0,0,400,77.51178914764004,0.013106780883915816,0.04429977461636128,100.0,100.0,100.0,100.0,100.0,100.0,100.0
candidate,14,same_xx,legacy_stress,3,26291,0,1,400,72.23746906068536,0.02934938912243853,0.09946708765505742,68.25,100.0,100.0,99.75,68.25,100.0,100.0
candidate,14,same_xx,legacy_stress,3,26291,0,2,400,76.01033278393065,0.014939495451814402,0.051302928028288314,92.5,100.0,100.0,100.0,92.5,100.0,100.0
candidate,14,same_xx,legacy_stress,3,26291,0,3,400,76.83936033596035,0.010709357566380428,0.036891996839852566,96.25,100.0,100.0,100.0,96.25,100.0,100.0
candidate,14,same_xx,legacy_stress,3,26291,0,4,400,71.69426912539916,0.04481676770598586,0.1517127542312374,76.75,95.0,100.0,100.0,76.75,100.0,100.0
candidate,14,same_xx,legacy_stress,3,26291,1,0,400,77.4562537519249,0.012273721114967632,0.04115216037019765,100.0,100.0,100.0,100.0,100.0,100.0,100.0
candidate,14,same_xx,legacy_stress,3,26291,1,1,400,70.53312475093254,0.03898473056275643,0.13380286070624284,52.0,100.0,100.0,100.0,52.0,100.0,100.0
candidate,14,same_xx,legacy_stress,3,26291,1,2,400,77.2397154814287,0.009097778003664313,0.03103243229037594,98.5,100.0,100.0,100.0,98.5,100.0,100.0
candidate,14,same_xx,legacy_stress,3,26291,1,3,400,77.52113660894801,0.009374938673653346,0.031655577365858854,100.0,100.0,100.0,100.0,100.0,100.0,100.0
candidate,14,same_xx,legacy_stress,3,26291,1,4,400,68.05863252146672,0.06314469823430507,0.21043258801785447,59.75,90.75,100.0,100.0,59.75,100.0,100.0
candidate,14,same_xx,legacy_stress,3,26291,2,0,400,63.90569593333021,0.10459056438762916,0.3510573961904868,56.99999999999999,74.25,100.0,100.0,56.99999999999999,100.0,100.0
candidate,14,same_xx,legacy_stress,3,26291,2,1,400,75.43102245835438,0.01780288117516992,0.060078333645156086,86.25,100.0,100.0,100.0,86.25,100.0,100.0
candidate,14,same_xx,legacy_stress,3,26291,2,2,400,66.62985593417538,0.07025102056356877,0.23154541238247175,48.25,91.75,100.0,100.0,48.25,100.0,100.0
candidate,14,same_xx,legacy_stress,3,26291,2,3,400,77.1325686936298,0.012936477295321573,0.04383509108020698,98.25,100.0,100.0,100.0,98.25,100.0,100.0
candidate,14,same_xx,legacy_stress,3,26291,2,4,400,77.39387366584715,0.010011305352576496,0.033955687449032226,100.0,100.0,100.0,100.0,100.0,100.0,100.0
candidate,14,same_xx,legacy_stress,3,26291,3,0,400,66.11384586366178,0.09707535487330468,0.32205635740901584,64.5,75.75,100.0,100.0,64.5,100.0,100.0
candidate,14,same_xx,legacy_stress,3,26291,3,1,400,52.609647789687116,0.19654494533903302,0.6500882168374886,23.75,47.25,100.0,100.0,23.75,100.0,100.0
candidate,14,same_xx,legacy_stress,3,26291,3,2,400,69.20338775482055,0.06468376355921533,0.2163984902781712,63.0,89.25,100.0,100.0,63.0,100.0,100.0
candidate,14,same_xx,legacy_stress,3,26291,3,3,400,71.55981753486387,0.03745863844273822,0.12631629956078783,61.75000000000001,100.0,100.0,100.0,61.75000000000001,100.0,100.0
candidate,14,same_xx,legacy_stress,3,26291,3,4,400,71.55948602651671,0.03777395799643691,0.12717970169272225,62.5,100.0,100.0,100.0,62.5,100.0,100.0
candidate,14,same_xx,legacy_stress,3,26291,4,0,400,71.73772352376324,0.05180701439464088,0.17166715578321182,79.75,90.0,100.0,100.0,79.75,100.0,100.0
candidate,14,same_xx,legacy_stress,3,26291,4,1,400,69.12409273861215,0.06922209141469002,0.22954005886213916,71.0,82.75,100.0,100.0,71.0,100.0,100.0
candidate,14,same_xx,legacy_stress,3,26291,4,2,400,61.04193984677883,0.13723137339586666,0.45488157288344405,50.0,65.75,100.0,100.0,50.0,100.0,100.0
candidate,14,same_xx,legacy_stress,3,26291,4,3,400,77.29087156212155,0.012397749793366337,0.042072077358310096,98.5,100.0,100.0,100.0,98.5,100.0,100.0
candidate,14,same_xx,legacy_stress,3,26291,4,4,400,77.44865939351457,0.010222340750582157,0.034668586699004085,100.0,100.0,100.0,100.0,100.0,100.0,100.0
candidate,14,same_xx,legacy_stress,2,26194,0,0,400,62.292474048575656,0.1114255485174553,0.3645309752559861,50.24999999999999,76.75,100.0,100.0,50.24999999999999,100.0,100.0
candidate,14,same_xx,legacy_stress,2,26194,0,1,400,61.50892328560664,0.12267549649323392,0.3978166668449397,41.75,70.0,100.0,100.0,41.75,100.0,100.0
candidate,14,same_xx,legacy_stress,2,26194,0,2,400,74.5652040011612,0.024151086235834115,0.08133926219349127,80.25,100.0,100.0,100.0,80.25,100.0,100.0
candidate,14,same_xx,legacy_stress,2,26194,0,3,400,72.00347360558011,0.03785155301439121,0.12595584270329271,67.75,98.0,100.0,100.0,67.75,100.0,100.0
candidate,14,same_xx,legacy_stress,2,26194,0,4,400,54.44659990637012,0.18481519787091016,0.6019271989313131,32.25,50.74999999999999,100.0,100.0,32.25,100.0,100.0
candidate,14,same_xx,legacy_stress,2,26194,1,0,400,57.35067095809473,0.16897578658410603,0.5521030770396073,43.25,55.75,100.0,100.0,43.25,100.0,100.0
candidate,14,same_xx,legacy_stress,2,26194,1,1,400,72.8979218130736,0.042763492210533764,0.14059896736528732,84.5,90.75,100.0,100.0,84.5,100.0,100.0
candidate,14,same_xx,legacy_stress,2,26194,1,2,400,77.50970815962964,0.009173475194236759,0.03104752697120009,100.0,100.0,100.0,100.0,100.0,100.0,100.0
candidate,14,same_xx,legacy_stress,2,26194,1,3,400,70.66303201091041,0.05071197448725852,0.16948614116397798,68.0,92.5,100.0,100.0,68.0,100.0,100.0
candidate,14,same_xx,legacy_stress,2,26194,1,4,400,66.62357344324727,0.07187232373974801,0.23572545812440968,54.25,89.5,100.0,100.0,54.25,100.0,100.0
candidate,14,same_xx,legacy_stress,2,26194,2,0,400,73.83732318100904,0.03821124874758093,0.13078391132346393,87.25,93.75,100.0,100.0,87.25,100.0,100.0
candidate,14,same_xx,legacy_stress,2,26194,2,1,400,77.57621448258897,0.00906819307799797,0.030573458900116268,99.75,100.0,100.0,100.0,99.75,100.0,100.0
candidate,14,same_xx,legacy_stress,2,26194,2,2,400,76.68446308834059,0.010159948816396593,0.03516611913962081,94.5,100.0,100.0,100.0,94.5,100.0,100.0
candidate,14,same_xx,legacy_stress,2,26194,2,3,400,76.08462919625708,0.015576278376503105,0.05252091107029158,91.5,100.0,100.0,100.0,91.5,100.0,100.0
candidate,14,same_xx,legacy_stress,2,26194,2,4,400,75.08075865882608,0.016878335287252244,0.058399457201157,87.25,100.0,100.0,100.0,87.25,100.0,100.0
candidate,14,same_xx,legacy_stress,2,26194,3,0,400,57.86770588343432,0.1608695688773475,0.539974505584212,39.0,56.99999999999999,100.0,100.0,39.0,100.0,100.0
candidate,14,same_xx,legacy_stress,2,26194,3,1,400,73.10775959000182,0.03171431673652002,0.10895225199131747,84.75,93.75,100.0,99.75,84.75,100.0,100.0
candidate,14,same_xx,legacy_stress,2,26194,3,2,400,77.42796447697492,0.007708799693664526,0.025862021070958564,99.5,100.0,100.0,100.0,99.5,100.0,100.0
candidate,14,same_xx,legacy_stress,2,26194,3,3,400,70.66495421804922,0.04072834002274691,0.13800432460474624,57.99999999999999,100.0,100.0,100.0,57.99999999999999,100.0,100.0
candidate,14,same_xx,legacy_stress,2,26194,3,4,400,77.44902405421489,0.01116909738480812,0.03789501910304877,100.0,100.0,100.0,100.0,100.0,100.0,100.0
candidate,14,same_xx,legacy_stress,2,26194,4,0,400,72.29669568968227,0.04353579670695095,0.14712713669653166,78.75,95.0,100.0,100.0,78.75,100.0,100.0
candidate,14,same_xx,legacy_stress,2,26194,4,1,400,67.13088890332199,0.07040396131083254,0.23156000944240118,54.75,89.75,100.0,100.0,54.75,100.0,100.0
candidate,14,same_xx,legacy_stress,2,26194,4,2,400,77.28195565764263,0.010200182548699581,0.03448750356495398,98.0,100.0,100.0,100.0,98.0,100.0,100.0
candidate,14,same_xx,legacy_stress,2,26194,4,3,400,74.27306170052552,0.025039777701256778,0.08477959171948321,85.25,100.0,100.0,100.0,85.25,100.0,100.0
candidate,14,same_xx,legacy_stress,2,26194,4,4,400,68.31309925043499,0.05462926216152006,0.18199330021332585,44.0,100.0,100.0,100.0,44.0,100.0,100.0
