surface_profile,seed,design_status,legacy_exact_match,base_micro_ra_um,base_micro_rz_um,initial_total_ra_um,initial_total_rz_um,individual_scratch_count,individual_scratch_count_design_min,individual_scratch_count_design_max,individual_scratch_max_um,individual_scratch_affected_fraction,mar_density_mean,mar_density_max,mar_severity_mean,mar_severity_max,q_mar_mean,initial_gu_mean,initial_gu_p10,initial_gu_min,clearcoat_min_um,clearcoat_mean_um,clearcoat_max_um,all_finite,state_fingerprint_sha256
legacy_stress,0,ESTABLISHED_GENERATOR_UNCHANGED,True,0.0791285482011334,0.6314982258041812,0.15738050320731362,2.230662920963536,,4,12,1.8030602512272271,0.1343,0.0,0.0,0.0,0.0,1.0,55.54017122980868,33.49403051875009,26.78592199484903,42.11532902828708,45.335528807394255,49.52598032451454,True,7e07815dce64249d20115963caa3e1ef27c20021a7ae441957403b8e84cfb732
new_car_mild,0,PT-DESIGN_NO_MEASURED_DISTRIBUTION,,0.06072918935391416,0.4434852331138161,0.06072918935391416,0.4434852331138161,0,0,3,0.0,0.0,0.054885628295629645,0.07974676328163302,0.06853753816727141,0.09926739327830543,0.9705631012562795,88.5235324412328,88.4186704230344,88.37997786958383,41.411994388251905,44.7136629351289,48.223753453806864,True,9f9e07f228aa89204513fa5b0011f483a78930243a6cea036bd7ce55cc465bc9
legacy_stress,1,ESTABLISHED_GENERATOR_UNCHANGED,True,0.07979027935543337,0.621847647118396,0.11355221590878693,2.2556935661013524,,4,12,1.8532786353521793,0.0631,0.0,0.0,0.0,0.0,1.0,63.141056155463794,39.09858483424454,34.27043026104295,41.02751546124438,43.41940307748367,47.74813475400637,True,63189f5c6a1b92bf33254f1fa27e17b7f12e3e1d0a7f8e87b852fcd8d2063066
new_car_mild,1,PT-DESIGN_NO_MEASURED_DISTRIBUTION,,0.05816383723035925,0.45506614768940123,0.05816383723035925,0.45506614768940123,0,0,3,0.0,0.0,0.06714641497758453,0.0971012632522691,0.05195250431141189,0.07479087971037066,0.9722163359665014,88.55050533810854,88.4060980922919,88.36040115751786,41.70251749685431,44.739462162311,48.990731279197945,True,8563303e9c8d36195cc439a88d1ea34e83187dcf2a24764f81a8db5fbb32dfe2
legacy_stress,2,ESTABLISHED_GENERATOR_UNCHANGED,True,0.07927245855992715,0.6135633865422464,0.13243096026502757,2.3265595064061975,,4,12,1.9057283095499367,0.0911,0.0,0.0,0.0,0.0,1.0,49.59580366960927,25.48496095174682,25.18189403617972,41.86386605825686,45.166640422115414,48.98680805966076,True,21dfa5c89ea3e32957dc2806abb8896d00e3db17c4fa4c608050b41c8ec3f0e1
new_car_mild,2,PT-DESIGN_NO_MEASURED_DISTRIBUTION,,0.05464475170185324,0.4570863836003321,0.05464475170185324,0.4570863836003321,0,0,3,0.0,0.0,0.0736691771154681,0.10657103190578288,0.05986310125574283,0.08655194054650676,0.9653999225214075,88.4387487578296,88.28932058635996,88.18362219482165,42.61784087205799,46.07916709440302,49.17421774069568,True,74d0b668f7244ce4482a779c8c410ebb125b77c2e3859931e66cbe5bbd1bcdb5
legacy_stress,3,ESTABLISHED_GENERATOR_UNCHANGED,True,0.0789402826498016,0.6448675953898961,0.16662439890405636,2.3743393820950556,,4,12,1.9403619879768836,0.1325,0.0,0.0,0.0,0.0,1.0,50.59684327719137,36.22243531309869,25.252828082762107,41.5824340692424,46.27464489041922,49.17873336450826,True,30eaebe4bae71dcd6d118d531e6ec1f7d7398bbb83d65f5aaa50bc175a84d27d
new_car_mild,3,PT-DESIGN_NO_MEASURED_DISTRIBUTION,,0.05351900280409842,0.4538797294589023,0.05351900280409842,0.4538797294589023,0,0,3,0.0,0.0,0.09017737800234206,0.1310473662408465,0.15468639596287662,0.22479001094427975,0.8936332070459739,87.21894753789935,86.48044736277332,85.90819026311488,40.0,43.24139701050341,47.465267330020275,True,bdaa5ba32eea2abaaa0e4205c043619db7be6ecaf5687201ec316b1be1f2817d
legacy_stress,4,ESTABLISHED_GENERATOR_UNCHANGED,True,0.07995231849758047,0.6692046166435838,0.15283233718579117,2.270512492858905,,4,12,1.9674322386631085,0.1066,0.0,0.0,0.0,0.0,1.0,51.972736730598974,34.47539549857071,29.24903289548941,43.930858082047536,46.04162118015805,49.71008005752024,True,f53fe16efc7a9a7f1c4ece359bf5850a823d3f1123b50fe83d73ba37ae6ab632
new_car_mild,4,PT-DESIGN_NO_MEASURED_DISTRIBUTION,,0.043639659225058615,0.3505384165703276,0.04382879033877729,0.35553493602916886,1,0,3,0.11043936744875765,0.004,0.08001768130233924,0.11635460520955482,0.15414268473113865,0.22343738040974193,0.907091439862263,81.75938513992435,74.83471974417051,26.97747163266264,43.03018135548229,46.43652597295856,50.0,True,64b014c9c5370721be0121c47bc24ee32b7ae16290312db9a107f4cf2d4699d0
legacy_stress,5,ESTABLISHED_GENERATOR_UNCHANGED,True,0.07952523084595081,0.6344792988210457,0.14292501957422576,2.2379913644021974,,4,12,1.8449716495849167,0.1323,0.0,0.0,0.0,0.0,1.0,49.53952578378816,28.856878393603118,25.432614170925397,42.91674322084072,45.90728431740028,49.113604999889475,True,84cfda82ce3d660749b11e35a639e72dfdcdf60ea2c0309684d39aca62861440
new_car_mild,5,PT-DESIGN_NO_MEASURED_DISTRIBUTION,,0.060692133908832976,0.5221723306638739,0.06074372293781029,0.5224104743817282,1,0,3,0.15335731960408194,0.0022,0.03061216159174983,0.0442882393418936,0.062405058521870706,0.09067435998299483,0.9848771571773739,86.28486916670069,88.65845456137735,27.017871091251234,42.12783560570391,44.545616015783594,49.3216069594305,True,92068e0981cd9bf49d15f21231d308c5b1dab567add891c6ca6f3c22cdb69a06
legacy_stress,6,ESTABLISHED_GENERATOR_UNCHANGED,True,0.0788835503129947,0.6537857679105854,0.13638358123000943,2.255099490514972,,4,12,1.985852800595866,0.1075,0.0,0.0,0.0,0.0,1.0,53.21667983851294,37.11273114636726,33.68316434888702,40.0,43.82037270695487,46.89452061119736,True,0a574a423d8eaf46f7fa326eb9dbf272b51d3d2396410d412895550d1a80aba2
new_car_mild,6,PT-DESIGN_NO_MEASURED_DISTRIBUTION,,0.03859728372019611,0.29916889386719725,0.039029476898742754,0.3605832706944758,3,0,3,0.1718663618221499,0.01,0.07225856848142204,0.1050406875203198,0.15580014814045479,0.22646115352686258,0.9143359396091948,74.98194158437569,26.989360244727216,26.965275428581784,41.94782683965082,44.909385589300875,49.15536262702975,True,8ed585634376991251283bcc810417ecc6a5e12c459fd23eb48d751b0e999067
legacy_stress,7,ESTABLISHED_GENERATOR_UNCHANGED,True,0.07930339674617899,0.6524668483388095,0.08719302045216876,1.1961907365589068,,4,12,0.7929247124054521,0.0467,0.0,0.0,0.0,0.0,1.0,60.992670047178244,25.52923498669048,25.49832948822262,40.600307731476676,44.94447892084788,48.33551781847782,True,61714f52dd44d5495f44e8cae844b702e8eb535780a4a8ed3d8075d118b381a2
new_car_mild,7,PT-DESIGN_NO_MEASURED_DISTRIBUTION,,0.04487150296186436,0.3495822815807067,0.045034360781964995,0.38044132671206243,3,0,3,0.18823902174675453,0.0076,0.06839140103066185,0.0991475802018139,0.1333271450956067,0.19358307798929786,0.9294498631769064,80.1517600796748,58.39858905495938,26.966181498729345,41.54833740557483,46.223706358677035,50.0,True,f8435ea504bd544bed78a2f245178c229c782038fca52590f0b647145b7a1d96
legacy_stress,8,ESTABLISHED_GENERATOR_UNCHANGED,True,0.07997854425157894,0.6631768519787636,0.13898778069419448,2.1658479549537915,,4,12,1.8136237673598796,0.1364,0.0,0.0,0.0,0.0,1.0,49.76147619154923,29.927719356116995,25.53,45.7813186262841,48.95791641776636,50.0,True,cd4d9769d7ddda01be7b6bebc55779821c0576f5759bb7a6af07ca6026bd874c
new_car_mild,8,PT-DESIGN_NO_MEASURED_DISTRIBUTION,,0.053064514790778686,0.4142984871892289,0.053403251082140925,0.4394706197134495,1,0,3,0.16208621442471224,0.0045,0.07415890834880076,0.10792086884734686,0.12539238076304163,0.1821065609621073,0.9288165149726767,82.97333895358874,87.4228184490747,26.976398482333778,40.0,42.34625883170944,46.07694187526759,True,3e152375784440bc776f8a253aa5255c2d323b217c099b0ee2c39066059ac93e
legacy_stress,9,ESTABLISHED_GENERATOR_UNCHANGED,True,0.07970893647864809,0.6248217293054439,0.1168775985998116,1.8807733381858385,,4,12,1.5431176872036796,0.1255,0.0,0.0,0.0,0.0,1.0,52.72496979770318,38.61636991468522,25.52933122483331,40.933967785438774,44.34402840709133,49.07136355588447,True,fa1d87c7f8f25c6a7acdc8ca77fea3dd5ab812121716a9f737d6cae5c9387646
new_car_mild,9,PT-DESIGN_NO_MEASURED_DISTRIBUTION,,0.04984717518399345,0.4066887789318809,0.04984717518399345,0.4066887789318809,0,0,3,0.0,0.0,0.0476622859333941,0.06892313452956929,0.1560842858970505,0.22691401720509027,0.9429828092336474,88.06680565945717,87.85051836357817,87.74769828588656,40.0,42.35310859358137,47.519946380249806,True,7cd2ab9475e05c3f6f9fa8ae3ebbd509cb0242a0bcc9e6425898d2f00c88e177
legacy_stress,10,ESTABLISHED_GENERATOR_UNCHANGED,True,0.07953241065011508,0.6539517792165526,0.13368762207781057,2.280724303755009,,4,12,1.8495605323514064,0.1212,0.0,0.0,0.0,0.0,1.0,50.69898580995238,28.192646741160704,25.517818249170023,41.28055922042473,46.972063435719896,50.0,True,945fa1f0e96c6acc5b4c84faaae3955673dfb0f043f175f54b1fddfdf94e9137
new_car_mild,10,PT-DESIGN_NO_MEASURED_DISTRIBUTION,,0.03528885759583627,0.26146359386845247,0.03528885759583627,0.26146359386845247,0,0,3,0.0,0.0,0.048714403076093975,0.0706610965915832,0.0696719922702285,0.10121292161236743,0.9731191075302499,88.56523079122194,88.4197100678465,88.33106284062744,40.820547978717876,44.04048106383743,49.39124180145878,True,96282a31104af87d44ee4e17fb2ef69987a2bc24bac949ff2e1920fd5e00f827
legacy_stress,11,ESTABLISHED_GENERATOR_UNCHANGED,True,0.07988354641022824,0.6569888393726073,0.12382580984156107,2.251329904950612,,4,12,1.9739552692790652,0.1177,0.0,0.0,0.0,0.0,1.0,48.83843855905876,25.517511410309982,25.43944768239188,40.750611810941386,43.69436824096605,47.8281096832109,True,eee09752bb049d2c290bf4df75c1eef8812aaf888c1fb59d5470d8411ef92872
new_car_mild,11,PT-DESIGN_NO_MEASURED_DISTRIBUTION,,0.042575169921310545,0.3739627709380011,0.04306519356465546,0.42842456444387145,2,0,3,0.29565270359802237,0.0066,0.06738627373904313,0.0973435415481318,0.04006644962464435,0.05801967476657071,0.9789459044615875,83.27290221048476,59.77693232248299,45.7479625295898,40.665724068915274,44.109081595492995,46.07015342270628,True,dcf06198b8f8d0efa3fb2a6d76a499cdefcc537e69a62390e8c8859574662635
legacy_stress,12,ESTABLISHED_GENERATOR_UNCHANGED,True,0.07932858830569503,0.6607799346985314,0.12596832251359866,2.472125016596104,,4,12,1.9863261891530046,0.1109,0.0,0.0,0.0,0.0,1.0,51.126861884702706,35.33521809805306,25.463386514020133,43.21817881954563,45.96640056936495,50.0,True,70feba7d6b5483f687f1496c6625f321d851f8f5bdd212749b8e03bf92cfece3
new_car_mild,12,PT-DESIGN_NO_MEASURED_DISTRIBUTION,,0.05381042031494666,0.40006826804517637,0.05522619153018925,0.6676754716632791,3,0,3,0.5734808976321891,0.0083,0.07867857654657961,0.11393793219987326,0.09731434308718527,0.14062296165449215,0.9411450589109936,77.08948492584146,36.94380081550803,26.98956049924513,40.0,42.63905487973437,45.07851637624188,True,8675c57dac7bcefa1f54015e22c1ebffd7159d081af6686e9cb64afcfbb826cb
legacy_stress,13,ESTABLISHED_GENERATOR_UNCHANGED,True,0.07997028789485655,0.7503434957126562,0.12599969003877387,1.9895329128917885,,4,12,1.537452266155595,0.1026,0.0,0.0,0.0,0.0,1.0,53.86132886692107,32.41910281477957,25.451843158232066,41.371075275270755,44.43922998197504,47.78152362441686,True,80a6d100f5d32a921167cbcd2c47b4f768c848d1e788c6783f04ae862e039e5f
new_car_mild,13,PT-DESIGN_NO_MEASURED_DISTRIBUTION,,0.051191001181932205,0.4231581897851243,0.051191001181932205,0.4231581897851243,0,0,3,0.0,0.0,0.03939227655721498,0.0570918856730168,0.15702825344688554,0.22799210963589212,0.9513600281045692,88.20610968040617,87.91226218545333,87.81491128374982,42.9707048339953,46.27740990151672,48.22125082324173,True,b727d098076305571dcb1b61efd564793484e4cc4ac0db899c5eef9e96a6acde
legacy_stress,14,ESTABLISHED_GENERATOR_UNCHANGED,True,0.0798806493681753,0.6825778785735899,0.1073997449557452,1.8030333684855602,,4,12,1.5057910147917812,0.0628,0.0,0.0,0.0,0.0,1.0,62.915114727236215,42.74814114325106,41.07545646488536,42.494777480750614,46.422149802994895,49.31502027981416,True,fcc914edc29a62ad56ca02601da5a5815e705cbca3f3d7e4c65a15aec2631dac
new_car_mild,14,PT-DESIGN_NO_MEASURED_DISTRIBUTION,,0.048128616439763745,0.45129018291918466,0.0483235178525555,0.4660675729376334,1,0,3,0.1577305772236097,0.0017,0.09287847639042085,0.13420848212796194,0.14851715381003947,0.21700994971686544,0.895641761199978,82.43747901057208,86.27054594288926,26.950281800105078,41.27013321272792,44.67727321987809,48.25397925955252,True,fe7c2b88527315beb8b47e913cc3ed1e90f3c66279d7af1fc14e3ff60114cb9d
legacy_stress,15,ESTABLISHED_GENERATOR_UNCHANGED,True,0.07987236346179952,0.6683859735358126,0.1086169789206418,1.6616071581549012,,4,12,1.379945935796196,0.0834,0.0,0.0,0.0,0.0,1.0,55.841131180492155,39.35803498109166,25.53,43.088960890629494,48.41664653999755,50.0,True,4ce4e1376890a634b20590ae197356d8e33eb9c2d2ac92bc67a61fdb6353637a
new_car_mild,15,PT-DESIGN_NO_MEASURED_DISTRIBUTION,,0.058007772347010565,0.5093208801093383,0.058010825964428865,0.5092295472271666,1,0,3,0.07198613611191938,0.0034,0.08547043622904103,0.12377391967071248,0.04125761088648781,0.05944065634467378,0.9722006663708241,83.58719770317886,87.91452666431285,27.00696986847744,47.95017259161978,49.920276614528845,50.0,True,a64f8c0fee8c6fb898eb0049610207b84066e51c9165712c8c20f5e6f72cc373
legacy_stress,16,ESTABLISHED_GENERATOR_UNCHANGED,True,0.07956573129040392,0.7305281796082086,0.12407447192880627,2.0467543876831753,,4,12,1.691676184463441,0.0938,0.0,0.0,0.0,0.0,1.0,52.82879742572505,32.64497378559861,25.51699106490819,44.6908664372756,46.83124351000472,50.0,True,a41909c6cd0557cff111c32c2bdda2d24c522c72ad62db9a31a1eedd8634c4f4
new_car_mild,16,PT-DESIGN_NO_MEASURED_DISTRIBUTION,,0.03636506389094613,0.3141777252042518,0.03636506389094613,0.3141777252042518,0,0,3,0.0,0.0,0.037988765249443744,0.05501783701863994,0.06127575430225747,0.08889556215317641,0.9814851735399086,88.70157707105496,88.61754351984875,88.58066577833627,40.80797879884058,43.88047591664279,47.73052394548658,True,dfc45704cb5968a4c9b6dff23421c2176a9866401a82a0264f19617afdf6f461
legacy_stress,17,ESTABLISHED_GENERATOR_UNCHANGED,True,0.07947373548540534,0.6276156668758178,0.09445444466593736,1.8618650436668147,,4,12,1.643235591726508,0.0312,0.0,0.0,0.0,0.0,1.0,70.66719832620738,43.770030661353,33.96979765256146,42.76266216671954,44.522751576823424,49.31902997934113,True,4e3a22aebc4ae7473ad8d33eb897f513f4b72a3479769f23f194a6322355a562
new_car_mild,17,PT-DESIGN_NO_MEASURED_DISTRIBUTION,,0.03662103045465805,0.29518453103794157,0.03662103045465805,0.29518453103794157,0,0,3,0.0,0.0,0.09525420262715768,0.13782024322031725,0.12220580240448649,0.17755105619133033,0.9120149995469116,87.54112445179227,87.11050629530602,87.03409931972885,42.899648649686185,47.01221564862067,49.65933625611199,True,c15ff72f7e5236c9f36eeac2490d197436cb316c1ecee2db8f297d22726cc5e8
legacy_stress,18,ESTABLISHED_GENERATOR_UNCHANGED,True,0.0801228269106627,0.6348580197472673,0.10628011402704501,1.9712506920861443,,4,12,1.7325533393026884,0.0498,0.0,0.0,0.0,0.0,1.0,66.27847341693786,38.13093514890725,29.912687572016605,40.03182008953377,43.359759408619965,46.56067314818567,True,f1aefdaecb229febf09bdc020dc9ef9588f391df4dc7e50eec46b480fb628c91
new_car_mild,18,PT-DESIGN_NO_MEASURED_DISTRIBUTION,,0.05094562393257832,0.4459844613859042,0.05094562393257832,0.4459844613859042,0,0,3,0.0,0.0,0.09682697854747295,0.14027818628994632,0.08558532788773034,0.12379261979890632,0.935769305440151,87.94504725937482,87.55926667068941,87.43973261134938,40.34963342980557,43.55698475358594,46.90541169345769,True,2e13783ab6f427578c57dbb9f80d907d8e8e742fa683b99358663a191063034f
legacy_stress,19,ESTABLISHED_GENERATOR_UNCHANGED,True,0.07925111239168693,0.6114804473491513,0.11372406667122577,2.260731977117009,,4,12,1.8879428242808332,0.0621,0.0,0.0,0.0,0.0,1.0,60.094275666101545,34.65697716949099,25.53,40.554965150511045,44.328681164437256,48.551289836921974,True,0c3f06f8b1b25730462342eb0280e9568b7054212e9001a830a658958a42e8c9
new_car_mild,19,PT-DESIGN_NO_MEASURED_DISTRIBUTION,,0.059284316970216834,0.5017269878400695,0.05945499899634249,0.5130549046763758,2,0,3,0.1795903404365368,0.0024,0.08814946358120558,0.12765554414031705,0.10150409212202567,0.14709429899510634,0.9310962211145879,80.5644176572903,51.126577937370044,26.983483730138577,44.62598186814854,46.67156852603747,50.0,True,8d66202756146f608d2b725671ed369be801b492e27831010cf0245d695c533f
legacy_stress,20,ESTABLISHED_GENERATOR_UNCHANGED,True,0.07608908751606973,0.6279939020885936,0.09372116487817671,1.7458267307263493,,4,12,1.426285056675561,0.0556,0.0,0.0,0.0,0.0,1.0,62.94362943233727,40.76911952416155,25.518260333461807,40.0,42.34201450340169,46.353539563932806,True,218637d85304dd2416f34b489778436a963e3723909babb0f863dd2e5a3837d8
new_car_mild,20,PT-DESIGN_NO_MEASURED_DISTRIBUTION,,0.0426216647335459,0.3439176537290622,0.0426216647335459,0.3439176537290622,0,0,3,0.0,0.0,0.08495534107379327,0.12321702916462464,0.11480031617832105,0.1671277285489676,0.923800949052487,87.74170878010143,87.36272412626005,87.03455372548012,42.725169889048324,44.77532418677175,48.59854113641567,True,5ffb4493193aba76ad149c561fbbf193751215d332803c45ddf5b8f7b2558a12
legacy_stress,21,ESTABLISHED_GENERATOR_UNCHANGED,True,0.07866143343540016,0.6393601384507288,0.1539504142454399,2.320177258017711,,4,12,1.9614453668145817,0.1603,0.0,0.0,0.0,0.0,1.0,45.51169224440287,28.7739104871705,25.325923191630825,43.03466954335079,46.04227177881099,49.79207964047835,True,4f77120d929387da4914b65cdc3099dada38535ec331b7b050209222130edaa6
new_car_mild,21,PT-DESIGN_NO_MEASURED_DISTRIBUTION,,0.04876303676081113,0.42238402591218954,0.048862301588404544,0.4224031562880877,1,0,3,0.09867772734105835,0.0028,0.040919694191017326,0.059398675617172166,0.11913527441262127,0.17262502601449914,0.961684251855709,87.03098440972879,88.13318745229313,54.82697651038289,42.08106330401863,45.90128866725364,49.07103042189368,True,98449052949bb6c839a62b69aeaa91bb9d86c31cfbb8feb020f82e66e96b2b7c
legacy_stress,22,ESTABLISHED_GENERATOR_UNCHANGED,True,0.07968723777894782,0.6940496513384055,0.12095451832194137,2.202840272529523,,4,12,1.9143168168108016,0.074,0.0,0.0,0.0,0.0,1.0,57.82050838055163,36.640979240312554,25.53,47.08022148793228,49.85144498676745,50.0,True,1d64a7af96d7058e2fec7eece1f43e06dbc4ecd291999d1eed400b4f2523055b
new_car_mild,22,PT-DESIGN_NO_MEASURED_DISTRIBUTION,,0.03621917113852501,0.3221738153605531,0.03642206749235065,0.39883183973410974,1,0,3,0.46154843737323253,0.0015,0.053737729948848754,0.07812202176172191,0.14149388659991827,0.20476837014097082,0.9407481803842753,86.72694328042877,87.65467266679563,55.38707929561685,43.26096488829723,45.72550879490587,50.0,True,dd7a6151d9f4a821c944b9bf19f66c3805d1f8dcd87460fdba6ddf6b5c441e70
legacy_stress,23,ESTABLISHED_GENERATOR_UNCHANGED,True,0.0789537060352408,0.584458586614971,0.1355144392129665,2.1082589975975843,,4,12,1.8299668353984122,0.136,0.0,0.0,0.0,0.0,1.0,49.00008448913079,28.36550313335973,25.529477852831352,40.0,42.49672483237819,44.3294193129425,True,3f042ebbed2b63f284a899fb35a9a2edf140dc7eb9555bb1c4394d462d4d2d0b
new_car_mild,23,PT-DESIGN_NO_MEASURED_DISTRIBUTION,,0.053880773463291516,0.45836985428455773,0.053880773463291516,0.45836985428455773,0,0,3,0.0,0.0,0.05806191512463197,0.08370031459711406,0.042368376840540546,0.061695324157295575,0.980897549215962,88.6920884867955,88.62766092051403,88.55494886322691,41.837580783990646,45.81537064050563,48.40950832700175,True,28cc98d57ddd03ab3804aac288d9e5e6ff5021abba413140a4fa0c94e076a012
legacy_stress,24,ESTABLISHED_GENERATOR_UNCHANGED,True,0.07914916474896251,0.6597824078744645,0.10996884835351134,1.9714622267981916,,4,12,1.6077840342444836,0.1044,0.0,0.0,0.0,0.0,1.0,57.58325411501696,37.42182547882659,25.53,40.778308061147214,44.74773093699498,48.41483787027817,True,acd9142febae9c51a5d32a559cdf82229a553ced34dac86aab91272fbdd6bac5
new_car_mild,24,PT-DESIGN_NO_MEASURED_DISTRIBUTION,,0.05384856039961895,0.4323299996095258,0.05424920330464526,0.44280208485466954,1,0,3,0.1980941577096202,0.0041,0.045886939471059644,0.06643818981939437,0.11031553529106232,0.16009971349002047,0.9606331867789518,83.45503599914578,88.1239576073164,27.00132420330167,42.46048625962311,46.348277290689296,48.86407448537334,True,89ae38ce2d18e52face586b53d86722a69bbe79f424586826de76660d38c9d86
legacy_stress,25,ESTABLISHED_GENERATOR_UNCHANGED,True,0.07810892242612442,0.6186786118160741,0.14039912093647092,2.0629472547264207,,4,12,1.7911659688382524,0.1158,0.0,0.0,0.0,0.0,1.0,51.727760066209704,39.22427492213351,25.53,43.10765912792127,45.129847001055126,50.0,True,19426fef18551b324e1b8a49a52e87af3973cd6ee596aeefe615e64d1f686591
new_car_mild,25,PT-DESIGN_NO_MEASURED_DISTRIBUTION,,0.06217553935913304,0.4898604260579004,0.06217553935913304,0.4898604260579004,0,0,3,0.0,0.0,0.05565465050602657,0.08057299084459725,0.14665715783757277,0.21186635030704715,0.9376557749306142,87.9775894149138,87.72074006377413,87.63919443191753,40.71503294967028,44.7613627115278,47.30970508332048,True,19ac532142a076249cb7d4b29d527867dbe99efdb8fa010b96113a7fd3473272
legacy_stress,26,ESTABLISHED_GENERATOR_UNCHANGED,True,0.0799714571235376,0.6421471936241532,0.13767590671282495,2.3512754825306814,,4,12,1.8758986078745519,0.1147,0.0,0.0,0.0,0.0,1.0,48.28632077110737,31.999405889488536,25.53,40.08155352945777,43.69089653338006,46.42943665281049,True,853797fb2f5144e5ccc65273ee08065af570c5286f8a36c6ba043e89da0201ca
new_car_mild,26,PT-DESIGN_NO_MEASURED_DISTRIBUTION,,0.0555414475133842,0.4280942518378916,0.0555414475133842,0.4280942518378916,0,0,3,0.0,0.0,0.05330934120416348,0.07725509010041424,0.056060698396013416,0.08051921348532934,0.9764575682010301,88.6197911237343,88.49075432506794,88.45542469020937,42.03861105756543,45.45453910911014,47.90583890177109,True,c9c675cc84fdb258de0cbdbdcdc8539c22ca38f1f1b473c5fa0bbd64616ca145
legacy_stress,27,ESTABLISHED_GENERATOR_UNCHANGED,True,0.07929267828297179,0.6427995030836686,0.12279812506173172,2.046313391541569,,4,12,1.6044650434438676,0.1202,0.0,0.0,0.0,0.0,1.0,46.25752085930286,33.01553095890089,25.483769389836215,41.102617766996936,44.71029335096965,48.31781485608656,True,b9377a0033584bd92aee3e20fc94e5e49f737191198b0b13ba238a15fed8c5af
new_car_mild,27,PT-DESIGN_NO_MEASURED_DISTRIBUTION,,0.06219270571391213,0.5094408047880428,0.062478607822694696,0.5172127562304488,1,0,3,0.1708306816587682,0.0036,0.08541679917250308,0.1236320674105059,0.10835819085055758,0.15742679730697917,0.9298195069441526,82.97934343486303,87.49374119047005,26.985676447319328,40.0,43.43457167747146,47.005508937770365,True,dcbc42158fa789943b69aa708a94893b70d3adbf247619be9770c7d737a75b86
legacy_stress,28,ESTABLISHED_GENERATOR_UNCHANGED,True,0.08003230490130309,0.6937055921387818,0.14248809314787492,2.1964931074849203,,4,12,1.7956011299437369,0.1092,0.0,0.0,0.0,0.0,1.0,51.880735243268965,33.559442508573014,25.485925569326582,41.67394114314207,45.384202375371686,47.6816328313637,True,0c0435fb7be93f77b8a82bbc5832527bf0bff155302d6910a36bf1cc9d1ba101
new_car_mild,28,PT-DESIGN_NO_MEASURED_DISTRIBUTION,,0.05885015474865579,0.4723691775668466,0.05885015474865579,0.4723691775668466,0,0,3,0.0,0.0,0.03462371839217284,0.050234611848232295,0.14219934268101497,0.20742349020016995,0.961265084535755,88.37054578303014,88.18467943576525,88.06600618206747,41.506684992134815,44.89376639369811,49.11179454487614,True,88080f4aec39b55f2c4fc1c193f21885cf92650926ce5f0cb230ed8168d6af56
legacy_stress,29,ESTABLISHED_GENERATOR_UNCHANGED,True,0.07991481338205421,0.6187829002303775,0.15156559593149418,2.127454074328168,,4,12,1.829808769031507,0.1367,0.0,0.0,0.0,0.0,1.0,57.08424311707814,38.4924644693496,35.69651955305413,41.660225579995654,46.43024828556302,48.60595866084331,True,b79ef8e973e568a592a0c153ae547bb90b5fe5754b5673f4fc8023264e6912ca
new_car_mild,29,PT-DESIGN_NO_MEASURED_DISTRIBUTION,,0.05281952154195801,0.4286663008098546,0.05281952154195801,0.4286663008098546,0,0,3,0.0,0.0,0.046950231822202704,0.06801179829450195,0.1484395663226055,0.21411922811150158,0.9453399385402869,88.10566300586002,87.77530251481203,87.61382032148228,40.0,45.13601546484785,49.03274637566388,True,6029befa4007bbc2d67f1069b17d9139e0d5eb73dac505efc1e5a79c05e536da
legacy_stress,30,ESTABLISHED_GENERATOR_UNCHANGED,True,0.07986864086637357,0.6002911764920489,0.16024575909998998,2.3108820636904532,,4,12,1.9966749926091822,0.1254,0.0,0.0,0.0,0.0,1.0,51.66789610745354,34.98814811944861,25.29475835081625,41.28414554664276,45.16906214293954,48.10831842094272,True,6aae2f81504fbe0bc6052ee296e01df9b663dfeda7bc6ef2773e51dedacb0ac8
new_car_mild,30,PT-DESIGN_NO_MEASURED_DISTRIBUTION,,0.042850393043705796,0.3652557091216636,0.042850393043705796,0.3652557091216636,0,0,3,0.0,0.0,0.08004183773080413,0.11612742577055346,0.08829279325901061,0.12777136657320484,0.9459950283191161,88.11706031586085,87.91803306355804,87.54045175169989,41.781488940858644,48.06177806268745,50.0,True,17b85cc6cfdfce7f605cfd60d5cb369d7929611e15db7a18b5582a41c6a1a764
legacy_stress,31,ESTABLISHED_GENERATOR_UNCHANGED,True,0.07998186494215352,0.6664492479679522,0.08866290214853031,1.5898568316189645,,4,12,1.6009730852046353,0.0358,0.0,0.0,0.0,0.0,1.0,61.2142104946897,25.53,25.528270434215973,40.277286631749284,44.15384494031271,47.412270873919624,True,50984e6f0cdde39d1b2045b38b4d0777759595d474625a695f2e55bd12e7432f
new_car_mild,31,PT-DESIGN_NO_MEASURED_DISTRIBUTION,,0.036781332585715275,0.3165584453901713,0.036781332585715275,0.3165584453901713,0,0,3,0.0,0.0,0.06806036661318375,0.09871554270132792,0.04494524812180761,0.06520226392352041,0.9759267385516012,88.61105610399362,88.45459354941872,88.31970371670599,40.69316535714454,45.335739787727725,47.56941002092873,True,a1c1374e4db2f7000958acc5b5666ee08ec06032347e6c4b64d30e0c0dba5b92
legacy_stress,32,ESTABLISHED_GENERATOR_UNCHANGED,True,0.07991185343002942,0.6255898116401468,0.10325539563316176,1.6884579710083998,,4,12,1.5567517355148954,0.0695,0.0,0.0,0.0,0.0,1.0,58.39583858350733,38.638718207084786,25.52172705279853,43.45819202404441,46.603678752806054,50.0,True,ce0c88699497b9692dce6c620d980b1d5548035f22d24ba270c80a8c2cf5c938
new_car_mild,32,PT-DESIGN_NO_MEASURED_DISTRIBUTION,,0.06396699546116329,0.5367261875606512,0.06396699546116329,0.5367261875606512,0,0,3,0.0,0.0,0.07606648439535309,0.11024718460534862,0.05582062542503146,0.08110325255650724,0.9664631094985123,88.43113927120412,88.18435417736531,87.8024685719795,41.9977541090734,45.20119084543391,48.10508250070153,True,7ff132ca4d00053e2e3264b4c727a5a20226032d848260cbe65ae4fcfe4dabe0
legacy_stress,33,ESTABLISHED_GENERATOR_UNCHANGED,True,0.0786944164348164,0.706026702146421,0.15903320905870783,2.431676388237039,,4,12,1.9867898180106567,0.1403,0.0,0.0,0.0,0.0,1.0,47.878680759592356,33.32653678309969,25.52182513718862,41.625994837187825,44.67006080593538,49.19777199543891,True,a79a7589894acb8d99565bb84120f55da8293faabb7e8c7409826b34669e33de
new_car_mild,33,PT-DESIGN_NO_MEASURED_DISTRIBUTION,,0.06327596780487461,0.4915234884925277,0.06345758082309742,0.5042519169304793,1,0,3,0.17409577961849793,0.0027,0.056627272174355925,0.08222182126502295,0.1550082242825205,0.2237045573265515,0.9325385350678582,85.45684292819844,87.5625619251266,26.987056730164802,42.81715633069213,46.07348904966008,48.86036759547836,True,bfbe79f93109872ffdeeee893dc105a3050a7f62963dd20d6e9f9ba9a3be496f
legacy_stress,34,ESTABLISHED_GENERATOR_UNCHANGED,True,0.0799345502002089,0.6441951002289574,0.13591361820675182,2.3242480322163352,,4,12,1.914685025798708,0.0886,0.0,0.0,0.0,0.0,1.0,57.50142878429934,34.04959456233034,25.4503636119747,41.18694234617335,43.505987882613944,49.26576069695922,True,189c3788368e2f00eecb03bfc134c24b230ec10252dc52a03b41a27d48e22387
new_car_mild,34,PT-DESIGN_NO_MEASURED_DISTRIBUTION,,0.05890340712648881,0.46493943053371545,0.05896406535161695,0.46455724918350894,1,0,3,0.07068219315544888,0.0028,0.09100894030136382,0.1318093950942702,0.12798786722428282,0.18283440491642436,0.9128452406490333,82.7304664281327,87.22871474430161,26.963216165623482,40.0,43.303485235287816,47.2031611461689,True,48c2428553720c920a359212322f999abe14bea221f24b0e5d7f541abcdfecff
legacy_stress,35,ESTABLISHED_GENERATOR_UNCHANGED,True,0.0796471172749702,0.6284888673185123,0.14641364670503085,2.0802561475230035,,4,12,1.8847481541176023,0.1365,0.0,0.0,0.0,0.0,1.0,47.94225165422632,25.491474410150026,25.38399215612591,43.56606270732163,48.373530819931766,50.0,True,8417adcf3a252eb3df9087408c4dfc8e1534b3649b9c82a7a518fb39f07edabe
new_car_mild,35,PT-DESIGN_NO_MEASURED_DISTRIBUTION,,0.05321959307306606,0.4030559740824915,0.053489763971921456,0.40287985850848695,1,0,3,0.10002417789068806,0.0042,0.032770415489582205,0.04746201286245483,0.05733679858218434,0.08324720609363694,0.9850425907125792,83.47547045291758,71.45876812711239,27.014779664205168,40.0,43.82173856063832,48.269130928570995,True,7d13d19ca7f3d8a6aceb85e4aa19c471271aff8c0b751ebf96f7bdfc48671aaa
legacy_stress,36,ESTABLISHED_GENERATOR_UNCHANGED,True,0.07980742010768133,0.6359112530277113,0.1280834358637807,2.082896595064323,,4,12,1.8122589427495774,0.0894,0.0,0.0,0.0,0.0,1.0,56.09522223169986,32.941762759788844,25.43125911551229,41.62744385886399,45.35925877985017,48.61696840446494,True,c84ed491292aaa356ea66fb7487af9622d1967fe1b24ee8a5620e584b6fdd038
new_car_mild,36,PT-DESIGN_NO_MEASURED_DISTRIBUTION,,0.04687236055635232,0.36335111306592494,0.04728931371840594,0.4302040240519201,2,0,3,0.36384572849644964,0.0058,0.04834839874178585,0.07017639011552715,0.12241690530620124,0.1773155845241314,0.953828165651209,78.23684967191303,35.01526915550713,26.99822805958096,41.20981539960279,44.61815741714564,48.27476463062785,True,805ab3febe96980a9e02a050006a951046c63110402e81bb86acacf5a7e270bc
legacy_stress,37,ESTABLISHED_GENERATOR_UNCHANGED,True,0.07984482641670093,0.5856264997988165,0.10055582427456757,1.6342935019154579,,4,12,1.3464066567757558,0.0552,0.0,0.0,0.0,0.0,1.0,59.601086994413244,39.83798183163604,25.53,43.364122522487,46.71912600259201,50.0,True,68ef85379d8bb86047fa96d03bb505dfc1df4141c88f15d88734701ca7457fcf
new_car_mild,37,PT-DESIGN_NO_MEASURED_DISTRIBUTION,,0.060222864673556364,0.4719536878618683,0.060222864673556364,0.4719536878618683,0,0,3,0.0,0.0,0.04839030976975576,0.07002450104643923,0.13765182110082777,0.1982799618379607,0.9480815266506682,88.13080748555831,87.92864766762717,87.33100975638575,40.4957271197668,44.52054482838022,47.479501877622276,True,a6f907ede060187ca97e064476517624f2cfa8566061aca50ba41bbd226e75af
legacy_stress,38,ESTABLISHED_GENERATOR_UNCHANGED,True,0.07955794457290155,0.6667239804811635,0.09304857554336116,1.7995104060456755,,4,12,1.4868008588069257,0.0379,0.0,0.0,0.0,0.0,1.0,70.2865467522965,45.526436908237514,25.53,42.61846499293666,45.621448662493414,47.89926251439451,True,f9af6eb2e99c5efcca77d98d80d3cb49f536d6eb9d7f4f81184d65277491a453
new_car_mild,38,PT-DESIGN_NO_MEASURED_DISTRIBUTION,,0.056908669244095975,0.4488936149890773,0.056908669244095975,0.4488936149890773,0,0,3,0.0,0.0,0.08310640129059284,0.12065237934234865,0.0480578042917284,0.06963382229644863,0.9683192213994108,88.48659265371062,88.3617631384161,88.15615064364411,41.40233716455508,44.67258682693245,47.81334351657644,True,441c9b45edc85da826961ec369a355323d8ffefeb9d212b27b062eb539205659
legacy_stress,39,ESTABLISHED_GENERATOR_UNCHANGED,True,0.07997514972660064,0.6500278496081474,0.14978752216131988,2.2934747794913437,,4,12,1.993255189122014,0.1385,0.0,0.0,0.0,0.0,1.0,50.81847797915621,34.578660908418414,25.40810160903074,41.756674325091026,45.626292272503164,50.0,True,8fc3f881912540d2cf0faf80497c20764041e32bd4a765566a075ed86d57adf4
new_car_mild,39,PT-DESIGN_NO_MEASURED_DISTRIBUTION,,0.037039316700414694,0.3085828227296403,0.03736242161518127,0.35035392164605567,1,0,3,0.17725639907795432,0.0031,0.0572019812433031,0.0829106673883734,0.05927144260701093,0.086228754366996,0.9730830748304153,83.63817135600848,88.32341735200193,27.010722522101346,40.0,41.50767795297955,46.56997507559444,True,2ddff35569961472ac5013aa26cf3b6dc53eda85da66f5a22d626207c3b3c6ab
legacy_stress,40,ESTABLISHED_GENERATOR_UNCHANGED,True,0.07902679981394758,0.6772210175433115,0.10269011134600044,1.7204124237454095,,4,12,1.3517696398551984,0.0639,0.0,0.0,0.0,0.0,1.0,61.02918680590545,39.907713228980406,25.53,42.295416008069765,45.630811813781506,49.46723445541992,True,ab8e731c64eb7a9652c373b3ac4bb0138da3735274b333b0a8c166460118d52e
new_car_mild,40,PT-DESIGN_NO_MEASURED_DISTRIBUTION,,0.04764672688181257,0.39196153500314,0.04778436032373734,0.39242681996659823,2,0,3,0.06321014964900323,0.0056,0.05635453780668855,0.08141165759403927,0.1591683549684389,0.23025523121543687,0.9308106199056512,77.29776599398414,35.81328129029913,26.98730861191201,42.49812045443673,45.32310755628096,48.644158160382865,True,b21937628ef91baab11b7726fc708f030e5c5c40db5f54c7ec3aaab87bb4277e
legacy_stress,41,ESTABLISHED_GENERATOR_UNCHANGED,True,0.08000776660266005,0.6809611318980884,0.13291932313740898,2.1072181988263905,,4,12,1.7567009414609345,0.1132,0.0,0.0,0.0,0.0,1.0,47.33149921839747,25.415806317071375,25.351205730314593,42.53476786917776,46.20984927964984,48.87158100418654,True,c8973bb3f134aec6846bb770abd4ec148dc239d23f07426b82e618199f5da3df
new_car_mild,41,PT-DESIGN_NO_MEASURED_DISTRIBUTION,,0.04640843028526795,0.3755233237202794,0.0470320099316472,0.5839668538259026,3,0,3,0.500105505935852,0.008,0.04976434876394768,0.07244699588438797,0.12740754722779624,0.18398199886829625,0.951033634258999,78.71363862210222,39.09872107403072,26.99235328579858,40.21991526995231,43.85079837476807,46.16757679049817,True,5861c03636313ea7131244dae98c49c0047cdd62f4af296ced0dfec06fdbcac9
legacy_stress,42,ESTABLISHED_GENERATOR_UNCHANGED,True,0.07986960137756453,0.5965657692439312,0.1317100320968032,2.34813502604543,,4,12,1.9581922659686788,0.0763,0.0,0.0,0.0,0.0,1.0,59.86874859799289,32.950198598675925,25.52597605280188,43.260283588376154,46.182569689581634,49.935117795564835,True,b0685ed54fde68fd8ac2f81590953cf78bc6b31d3199be129b90f32a6889356c
new_car_mild,42,PT-DESIGN_NO_MEASURED_DISTRIBUTION,,0.04149508620363614,0.3240363283363299,0.04141288918150691,0.3247974088836685,2,0,3,0.12741942108547116,0.0042,0.05411938028720109,0.0784950005435424,0.11280062255630209,0.16504092300654521,0.9518735754085652,81.57745735933631,61.712850707340394,26.998008007222356,40.0,42.69748775392014,45.83452110924064,True,9a94d3f228c6106b04a8dbdc58efbf54605b6ebff45a49aef025315d7572d715
legacy_stress,43,ESTABLISHED_GENERATOR_UNCHANGED,True,0.0799324986767492,0.6899137692515743,0.154002774009224,2.175619964447489,,4,12,1.8320791411022455,0.1636,0.0,0.0,0.0,0.0,1.0,43.42954019734208,29.24770374321722,25.53,41.86785389180256,45.05841315607182,48.93834242751271,True,1865beb9fa1fa45ad17be8841f8a7b4cdb5fd70947b533d90e7b53f66433d49f
new_car_mild,43,PT-DESIGN_NO_MEASURED_DISTRIBUTION,,0.053065869794080185,0.41995168012017164,0.053065869794080185,0.41995168012017164,0,0,3,0.0,0.0,0.054235232813315125,0.07876835797615535,0.11096969613290887,0.16068280608120683,0.9533948328529126,88.24048291846,88.11527169232781,87.94456193450239,43.522170773641975,46.84228641627786,50.0,True,4bb8a22effefb05858547858ca9badd1478a5c074b36398c829c6b1baf03f114
legacy_stress,44,ESTABLISHED_GENERATOR_UNCHANGED,True,0.0791902121422126,0.6583472290136907,0.10457095768001058,1.6947912635164026,,4,12,1.5239373314382023,0.0612,0.0,0.0,0.0,0.0,1.0,60.85322421940363,39.011050310286656,25.34041664008452,41.72673674965897,45.791344757331714,48.553805060032,True,10c7f63fb0bca8fb2cf828da9c2f3113e41a23292202ff6846d9caf395f348ed
new_car_mild,44,PT-DESIGN_NO_MEASURED_DISTRIBUTION,,0.053022598642918965,0.4552212610577878,0.05304590294965901,0.46676338700935915,1,0,3,0.15270635166093033,0.0027,0.03795290968346363,0.055041117798980556,0.08188731777059013,0.11874465609264197,0.9756352104751373,86.1452670521535,88.43940110117437,27.009200939391583,40.0,42.395691947574655,45.508186224012114,True,768d6ecd70f7eb1a49658d4c70b4e7cfa28a1190e580d57c5619536a902e0d80
legacy_stress,45,ESTABLISHED_GENERATOR_UNCHANGED,True,0.07997246381958853,0.6008187999136427,0.144853832945297,2.2503223385817623,,4,12,1.911677194042099,0.1389,0.0,0.0,0.0,0.0,1.0,52.079823244150965,31.69053788651711,25.53,43.01828235086867,45.417155055444354,48.86287678490678,True,a375c3190c61ddc39a08838ddd25e809aadbe36802c518d66a623acdf7e2595d
new_car_mild,45,PT-DESIGN_NO_MEASURED_DISTRIBUTION,,0.05765071251533276,0.4880904098784365,0.057879393858560425,0.48829431799280015,2,0,3,0.13091794663259462,0.0049,0.047618626555921764,0.06899915031769388,0.05274546253549815,0.07661979439581178,0.9800138406229824,82.42222477186873,68.78970202369356,27.00930465678617,41.780564170393546,44.97006036751846,48.21314363597651,True,e4787db080471a7d2d06ec77b50c2d1368f33d6f840b6866c1e03d7c6981cb3d
legacy_stress,46,ESTABLISHED_GENERATOR_UNCHANGED,True,0.07990480399600701,0.6949247735622082,0.1094880430026325,2.025208477098946,,4,12,1.7124806054295032,0.074,0.0,0.0,0.0,0.0,1.0,58.88330135722406,34.206987167532844,25.504228989426508,40.0,43.51719434368911,47.00950329891623,True,aa09e57fa8a80c09b917454b94d51aab6a4740c8f76d512f391728d5fe399e13
new_car_mild,46,PT-DESIGN_NO_MEASURED_DISTRIBUTION,,0.057676106018509074,0.46080712208929747,0.05781580559905888,0.4608050412578379,1,0,3,0.0966549872003501,0.0021,0.03756575672839871,0.054514646545811105,0.11134934364619674,0.16104038106531246,0.966539427072774,83.54596534237663,88.17890200371008,27.00192478192538,41.30217674970211,43.7323312109345,47.76265831412731,True,8fd422a94cf6c8283792d16da503945f9f6d8e04f4c3df1b01f6b81fbb11fc71
legacy_stress,47,ESTABLISHED_GENERATOR_UNCHANGED,True,0.08000069233432236,0.6926031623283848,0.11341262157540291,2.3678833224211644,,4,12,1.9863152645779882,0.0707,0.0,0.0,0.0,0.0,1.0,59.157806954739975,36.89019727994353,25.51015091889949,43.444215990427715,46.2509584837878,50.0,True,7c2114f89afc1a694513d41a36562574404fd19acf5a0afb916af1f37126091e
new_car_mild,47,PT-DESIGN_NO_MEASURED_DISTRIBUTION,,0.05648788010858605,0.4297305822101196,0.05648788010858605,0.4297305822101196,0,0,3,0.0,0.0,0.073463448596294,0.10680593518257495,0.09501094454895721,0.13355364775366899,0.9464280166625673,88.12441765130552,87.94773644821562,87.68092702321465,41.73534496022471,45.96890138996199,48.78929177711596,True,bf7bed7ebd56042f157173da8640aef5c7749de1dcc5d29c7296283eeb5cbbd2
legacy_stress,48,ESTABLISHED_GENERATOR_UNCHANGED,True,0.0797134573291044,0.5874689505912536,0.12148650101164435,2.157175237286443,,4,12,1.992750217326189,0.103,0.0,0.0,0.0,0.0,1.0,59.944493119403504,29.521236636061474,25.513445424234693,40.99677473589806,45.38203041783715,48.554739635601436,True,d4352ac1b45ad4c9fa54b3a86b533f26d8c7cf178b4ce2463f6589f1321c4e6f
new_car_mild,48,PT-DESIGN_NO_MEASURED_DISTRIBUTION,,0.03915250790276343,0.34187374780392515,0.03959312948693028,0.5249320518223024,1,0,3,0.5225589405448947,0.0022,0.07672970795683952,0.11112788881202575,0.13241708692216458,0.1929945006600296,0.9214268547450182,85.25728790702487,87.15138056755491,26.99492031061526,40.0,42.89775992380869,47.9351942979082,True,447f5f9f32b3c26c1cc45368cbbf01e03ea2e556daf2615f357c1fc4fb64fc2e
legacy_stress,49,ESTABLISHED_GENERATOR_UNCHANGED,True,0.07936852261929869,0.7261754059770748,0.12012930978272689,2.2759601994811876,,4,12,1.9368368874169881,0.0872,0.0,0.0,0.0,0.0,1.0,63.00621034133166,39.273253230904096,35.68813428877192,40.0,42.92849527510946,46.05213991235366,True,772186bceb31cef6a015a8ff03e42b3b844b5006c3d3e2513f88c38b51d2f159
new_car_mild,49,PT-DESIGN_NO_MEASURED_DISTRIBUTION,,0.0374651044845739,0.317394130284149,0.0374651044845739,0.317394130284149,0,0,3,0.0,0.0,0.09154889195676076,0.13253676011710894,0.099299139594822,0.14299471451122492,0.9309352294367702,87.86399580417842,87.5549945585269,87.43799463175336,42.416421105408375,44.99267796761554,48.66901036561694,True,7693474b07721fb83cf500d16641a62a46b70af67061cd6595ef1bc1d34a8f9a
legacy_stress,50,ESTABLISHED_GENERATOR_UNCHANGED,True,0.07908784739624261,0.6988311150521893,0.10313755027747054,1.970425145630502,,4,12,1.6273505723650958,0.064,0.0,0.0,0.0,0.0,1.0,59.33429949933852,40.16114877164197,25.374610426846655,41.23123450778796,45.081646602275235,47.69218956399137,True,6e2e443ae8512d7ee3de1adc3a0a2449ecd4e2197aa11c5e1edae9b09096126b
new_car_mild,50,PT-DESIGN_NO_MEASURED_DISTRIBUTION,,0.041891665303878105,0.34910246391302047,0.04203440954067818,0.36978874392276506,1,0,3,0.09704564714578705,0.0039,0.09337839668076904,0.1354592639819802,0.1404378007273516,0.2042797335928287,0.901560616852571,81.82789739511969,76.57480312668443,26.975573132503516,41.81711755262305,44.046634072437904,48.79392951719463,True,fb21fff20a147b2c7695b3799364846eaa10511f3cc8a7db4209f8cfacb90c7a
legacy_stress,51,ESTABLISHED_GENERATOR_UNCHANGED,True,0.07953132664046726,0.6378553492441639,0.15299253720284192,2.221856762064731,,4,12,1.858666967974564,0.1483,0.0,0.0,0.0,0.0,1.0,48.464041910189515,34.255812941184615,25.385877508175106,41.238333239812206,44.00856673917418,48.896497909443084,True,ae4d333e031dbb86ec738b85c348ce8d3ad129bb294d2efca7bf6906f58f8be9
new_car_mild,51,PT-DESIGN_NO_MEASURED_DISTRIBUTION,,0.04689001201311412,0.3680988998915794,0.04689001201311412,0.3680988998915794,0,0,3,0.0,0.0,0.06326218543627825,0.09160479905314313,0.040942780753247754,0.05980003615149297,0.979567579818746,88.67044505348353,88.5902656142247,88.5446252856355,40.0,43.524691971800415,46.838550974838114,True,b3439bfe11fa6e0d6427ac51d13ae94bc6cbfddca1e9cd76fdd0c4a315cbf88f
legacy_stress,52,ESTABLISHED_GENERATOR_UNCHANGED,True,0.07933637610810344,0.6782193060952607,0.1096452029567806,1.9681581274167548,,4,12,1.8952219240791344,0.0758,0.0,0.0,0.0,0.0,1.0,57.940254686260886,38.03059548637815,25.494176066348754,42.17360930689942,46.311940353434835,49.79734973005334,True,7469727968adcecf8db486794de9718d50c1ba32205e84c695b1c5f922598641
new_car_mild,52,PT-DESIGN_NO_MEASURED_DISTRIBUTION,,0.0470983843322015,0.3796552933544147,0.0470983843322015,0.3796552933544147,0,0,3,0.0,0.0,0.09675926363985635,0.13978157766142044,0.08516310741824014,0.12360427491319483,0.9357503004449936,87.94446545113622,87.61510942626512,87.26668340760153,40.0,41.54881550468902,44.29131432051552,True,4d4174e6baa10f6ee4f879ad2d21d46eb7654359f215b693d0258827df68cc33
legacy_stress,53,ESTABLISHED_GENERATOR_UNCHANGED,True,0.07992309520189507,0.6562996608219338,0.16887524059816345,2.2855324185742436,,4,12,1.8491585504710495,0.1553,0.0,0.0,0.0,0.0,1.0,47.662266184099835,35.35064927415065,33.01845759000822,45.48783998304811,48.10769585023621,50.0,True,64c79085c943a2bc2658c1ec65f2faa5e90c21aa2fe578cbb0536f25b95bd4b6
new_car_mild,53,PT-DESIGN_NO_MEASURED_DISTRIBUTION,,0.06290195851691567,0.5698048583122501,0.06290195851691567,0.5698048583122501,0,0,3,0.0,0.0,0.07298445676143721,0.10611946994189632,0.08643052045080385,0.1254207967584839,0.950744647571553,88.19597925969147,87.92355090008252,87.73648202310227,41.75892350648472,44.23926652421875,48.624400568942,True,11a07aa93a6e7bfc8745f97fabd1fd520a9de2729e9dd2ab64956692dd08abf4
legacy_stress,54,ESTABLISHED_GENERATOR_UNCHANGED,True,0.07977165598739445,0.6600093951909016,0.13006414622958692,2.255023345332121,,4,12,1.8744281376358758,0.1286,0.0,0.0,0.0,0.0,1.0,50.99030235343893,25.505706192131182,25.32341747565282,40.0,40.7923403205189,43.94581086852331,True,2603fa0a567493e14494ba4abc82361e7ef787bd8d6bb5b9595088428c360424
new_car_mild,54,PT-DESIGN_NO_MEASURED_DISTRIBUTION,,0.054382636943673936,0.422321347292937,0.054382636943673936,0.422321347292937,0,0,3,0.0,0.0,0.04561462829762396,0.06614760344467445,0.047800074408007535,0.0692962272693452,0.9830579270633496,88.72714098861087,88.67319476042626,88.62416076234439,41.00444855664391,44.983756379670595,48.065535551712216,True,b88d9e76a76613aef174f06c9ef3320bddf96c177a2064343a18ed7151406048
legacy_stress,55,ESTABLISHED_GENERATOR_UNCHANGED,True,0.07986636575970925,0.594932808611623,0.1457930219903503,2.0569419438759216,,4,12,1.9088459147413657,0.119,0.0,0.0,0.0,0.0,1.0,53.785542157442144,28.444808310809602,25.467741601656684,41.44370574919367,44.0941716884055,47.1897089115364,True,b68f307907bbced782d5e3b72fe820c20860de034e586a1402971b58163b1731
new_car_mild,55,PT-DESIGN_NO_MEASURED_DISTRIBUTION,,0.058686150860910086,0.4781272420731251,0.058587561145693565,0.47457914964381565,1,0,3,0.18448654218688404,0.0027,0.08942930827939165,0.12986541373052,0.097084183987945,0.13801683974573642,0.9329627847800648,83.0168271445065,87.51369152593367,26.98655185419783,41.45977880449147,44.247952259361455,48.38166156832726,True,7decb9ef323f3356eac49b8e47abb95b9b633033f3d6b5c8df1b704c3eb09f1e
legacy_stress,56,ESTABLISHED_GENERATOR_UNCHANGED,True,0.0794390964035286,0.6426031568134578,0.14239589417761636,2.102042469892546,,4,12,1.7823199774270133,0.1448,0.0,0.0,0.0,0.0,1.0,48.022293701022264,35.32762473599941,25.53,40.60076760466199,43.43889412124772,47.32533183430285,True,48d254558492ffb0ffaa21fd08ee0df32e4243bb8f73319ffa832a291cfcc630
new_car_mild,56,PT-DESIGN_NO_MEASURED_DISTRIBUTION,,0.044300053681954665,0.37223988753231113,0.044300053681954665,0.37223988753231113,0,0,3,0.0,0.0,0.05997083953116456,0.08708381487791812,0.07478059590545186,0.10857726167434376,0.9643976777913278,88.4219189465465,88.19374354784532,88.14626145209742,40.0,43.48463205736942,46.304377905928604,True,1a2e923d54edf8cc4e77afd40880fd2af7507907c4579482042b826b85658012
legacy_stress,57,ESTABLISHED_GENERATOR_UNCHANGED,True,0.07980056985258722,0.6201390882865816,0.14718537096429335,2.248855872685195,,4,12,1.752999282835228,0.1383,0.0,0.0,0.0,0.0,1.0,52.14595217598284,28.79872392040638,25.368514913430676,41.79683444118663,44.83851046032023,48.54627954766379,True,ebf696f926d22def4ceaec6826ba5e5425843e3c2800f7c22e66fe932d0666d1
new_car_mild,57,PT-DESIGN_NO_MEASURED_DISTRIBUTION,,0.04394770503875999,0.3717509412571059,0.044095589554508735,0.39644890467272587,2,0,3,0.17259328302710888,0.0058,0.09664080555525188,0.14025002887738078,0.07670384431061678,0.11127580724299761,0.9427676850683824,78.58318094115734,35.47914168630129,26.982271885007794,40.774401415505345,43.62177951560208,45.844101361749004,True,af27cadfc9205dc8441b8d32ee8600806402289c6a400c820de2e1d90bad6198
legacy_stress,58,ESTABLISHED_GENERATOR_UNCHANGED,True,0.07906907568535036,0.591765286229484,0.11490721897386606,1.8692606195671502,,4,12,1.5733502396737813,0.0825,0.0,0.0,0.0,0.0,1.0,59.512130028275536,36.17062754326785,25.53,44.296711177818025,47.684507750368645,50.0,True,acc3219f2391b5c6c7aca1344cb5b6873fb734dd584c6aea68d1af37a6fb76a7
new_car_mild,58,PT-DESIGN_NO_MEASURED_DISTRIBUTION,,0.045081355458317554,0.33907950814580273,0.04537191494351436,0.3857821665701634,2,0,3,0.1882810402626759,0.0034,0.051561214820782166,0.07477070012023175,0.07410826428000393,0.10723884959937122,0.9699933320477463,82.41072323435786,72.01582481884122,27.006038839997593,40.0,42.64247923213166,45.54242877957284,True,87fca951de19e93a492fb0064a2183fa6f53d6c0f76e851adff8342a110395ea
legacy_stress,59,ESTABLISHED_GENERATOR_UNCHANGED,True,0.07821527901539985,0.6816137790978258,0.1280652782399467,2.2645554721350525,,4,12,1.9633030226783266,0.104,0.0,0.0,0.0,0.0,1.0,50.63686313117562,25.53,25.286169295918636,43.422555463604155,45.74990320894632,49.04834590645756,True,6f1ce0c18500c0d28137e0248bf8d28edfd2149dcf72c46448ebcf2188a18c34
new_car_mild,59,PT-DESIGN_NO_MEASURED_DISTRIBUTION,,0.06215923677183001,0.5496426141571653,0.06217174447681332,0.5378713072403527,1,0,3,0.09682748509138256,0.0021,0.032730248228316716,0.047294971694993936,0.06199031320862,0.0902768906586676,0.9841830451161282,86.27551228358998,88.67592562759947,27.016343466583074,42.06530571976638,45.32435040732124,49.36302152352192,True,e728c8d1f269aff1efce18376665bcd6b06781dff886c2f2c2c3974d512ee1e3
legacy_stress,60,ESTABLISHED_GENERATOR_UNCHANGED,True,0.07987320134850269,0.6159516727061622,0.1571868958215134,2.0244719759550414,,4,12,1.7391776756943111,0.157,0.0,0.0,0.0,0.0,1.0,44.136182892626465,31.108446626776693,25.356642194903472,40.0,43.12034476829662,46.33409583911526,True,ac686f091c8a3f9be4046d3a7f333ba1343a148763fcc83fccf5606712fac6e9
new_car_mild,60,PT-DESIGN_NO_MEASURED_DISTRIBUTION,,0.04045072943755055,0.3191759757778202,0.04045072943755055,0.3191759757778202,0,0,3,0.0,0.0,0.07894204929750666,0.11428398209639139,0.13582843252575152,0.19619093656910602,0.9181609264684868,87.64669613319583,87.34732750664442,87.22555785051452,40.0,43.49885633972193,47.04334088707861,True,228f7f461ee284e59c06932fb49338d7adf48d23e58af9afb0ca74759b533fd6
legacy_stress,61,ESTABLISHED_GENERATOR_UNCHANGED,True,0.07986717500629256,0.6761523727398127,0.1403397128780036,1.8167521922237522,,4,12,1.4837870457098454,0.164,0.0,0.0,0.0,0.0,1.0,45.099462740949406,25.48399642510242,25.354463569024578,40.0,43.057727485672594,46.58036173011979,True,5bfeb9d72cfef1047713c66ced2d636097f5a653ee16d4c48b8119aa0f77e689
new_car_mild,61,PT-DESIGN_NO_MEASURED_DISTRIBUTION,,0.036302068814933905,0.30643801877273,0.036371660321876394,0.317960637097239,2,0,3,0.1541317297571801,0.0032,0.06435211811627323,0.09309146093911175,0.05646045663220148,0.08165370374356114,0.9713983671043414,80.29543419017183,43.208477321057956,27.009153614317725,43.80127768732923,46.5068309621195,50.0,True,8cc2daa64c92a2b5b1cdeac823dfaaa4ebbc69b19a9516d4b292058896452481
legacy_stress,62,ESTABLISHED_GENERATOR_UNCHANGED,True,0.07939227457616184,0.6749534635829408,0.13933203073954933,2.2693101685413937,,4,12,1.9572875111807502,0.0993,0.0,0.0,0.0,0.0,1.0,53.80025356040765,35.094870766791495,25.53,40.83080736776994,44.2142563097609,47.452145919577575,True,efc01720698b0ffe80871623f76499806cdee9c6146d64539337e8d00ef449c6
new_car_mild,62,PT-DESIGN_NO_MEASURED_DISTRIBUTION,,0.05332341438464473,0.46032472870231167,0.053736199286872295,0.5088286900168364,2,0,3,0.3199272873242993,0.0036,0.06837063447641459,0.09922827957967954,0.10051467706132151,0.14563637199889556,0.9465563485912007,81.72985201383801,65.51128085527891,27.000592937683837,40.17325677680966,43.158634975807985,47.98919653069395,True,34d2f2e8957eff2112f30680b21db67c2a63986b11af7fb8f8df0a81cca7d2e4
legacy_stress,63,ESTABLISHED_GENERATOR_UNCHANGED,True,0.0799059436967109,0.6658149630606105,0.09606578378973336,1.6706456013708104,,4,12,1.5082799736688637,0.0472,0.0,0.0,0.0,0.0,1.0,68.12152622650308,40.821304815023296,38.26353641762748,41.00002603716998,43.21169773007875,47.62643378122948,True,438cbd6a1b352e7df7b29a08a6c0bc516b3fcfa12c70e0b52780b5c280fdb131
new_car_mild,63,PT-DESIGN_NO_MEASURED_DISTRIBUTION,,0.0645135803090769,0.5785915593617765,0.0645135803090769,0.5785915593617765,0,0,3,0.0,0.0,0.05927311985381934,0.0859241839828961,0.15723811028962556,0.22803148829643108,0.9275856502995692,87.80360813064642,87.35367167960744,87.19856797025162,43.779952565432566,46.30356143725881,50.0,True,4ca597d1d3d6bf3ce12272d848fec9f0aeed11bf5f9e1ece2d20a86d4d6a029b
legacy_stress,64,ESTABLISHED_GENERATOR_UNCHANGED,True,0.07962488877654274,0.7187567140414592,0.12285522379782574,2.265420412396635,,4,12,1.912620814946945,0.1285,0.0,0.0,0.0,0.0,1.0,46.781763458730076,25.53,25.50196423321162,42.77922619457951,46.654465352305465,49.41800761357806,True,d12877bc0a34f9e5889d0dde713aac0a1cc76f97d979565b6b39108b7206c570
new_car_mild,64,PT-DESIGN_NO_MEASURED_DISTRIBUTION,,0.05483056541995484,0.42701267380700003,0.05533483823002205,0.5775271614149445,2,0,3,0.5258257572853302,0.0064,0.050110331415247254,0.07274573872441713,0.08901750959280294,0.12882764988405038,0.9649990065593658,80.97462320559337,56.538542589034435,27.005678871925134,40.79254278093813,44.65783971968763,48.03518778884887,True,4f93de891021c639269032ec2bb5cbeef9934bcb998defd3e6816f65a1d779fb
legacy_stress,65,ESTABLISHED_GENERATOR_UNCHANGED,True,0.07900280269363776,0.6793782604490264,0.12724630616380225,2.06646141963361,,4,12,1.6821482911934256,0.0962,0.0,0.0,0.0,0.0,1.0,55.83402606985035,33.731969962914256,25.50450913331413,40.0,43.25719382455801,46.416622638303366,True,f9fd8c27301bf0849f2696df8bd6566e3ca043308399861c91265c182d573d23
new_car_mild,65,PT-DESIGN_NO_MEASURED_DISTRIBUTION,,0.04989176942533968,0.414246668433558,0.04989176942533968,0.414246668433558,0,0,3,0.0,0.0,0.0742874279387065,0.1075193935054582,0.07003800333383776,0.1017967232015185,0.9590942208062199,88.334597019181,88.14223260894354,88.05046761076966,42.3131659922067,45.68857772180897,49.05619254043276,True,d0b3cc73b12354db908e095b99b10bfffc49598b8176783ab21de8999e1446c6
legacy_stress,66,ESTABLISHED_GENERATOR_UNCHANGED,True,0.07963477963899629,0.6110685564593505,0.12186778571424195,1.7991425105168064,,4,12,1.4777899232981946,0.1126,0.0,0.0,0.0,0.0,1.0,50.61392446884624,25.53,25.432316646288886,40.842570028257185,44.15818806946255,47.521658511705354,True,0d0bec29059a26de848c8a21f4ce745a570ceee7bde87bb7f0e98686aeaa0e3b
new_car_mild,66,PT-DESIGN_NO_MEASURED_DISTRIBUTION,,0.061373276140526636,0.5207567422205879,0.061373276140526636,0.5207567422205879,0,0,3,0.0,0.0,0.0942753859836984,0.13649567389084483,0.14444617501433163,0.21053386016643835,0.8967872982924048,87.27730362492316,86.72184250782914,86.46117336343389,40.485998597819794,45.284158736708775,49.34497922832783,True,b52e4897e2fe4564e9c6ccb6c59c3eb88ffc3ccd3435c9953790befbef3147d3
legacy_stress,67,ESTABLISHED_GENERATOR_UNCHANGED,True,0.07979506372564965,0.634183070550438,0.11337479545745209,2.111758613874481,,4,12,1.9917872977937439,0.083,0.0,0.0,0.0,0.0,1.0,57.83759146012884,30.48524575261481,25.508985277791027,43.076023648834386,46.94438424357219,49.84551429532662,True,86855eafdac86408ea8161ffce7d30e56598e09ba052c1c6e4b8b229e3dafaca
new_car_mild,67,PT-DESIGN_NO_MEASURED_DISTRIBUTION,,0.0393402293100138,0.31061367470381923,0.0393402293100138,0.31061367470381923,0,0,3,0.0,0.0,0.07666163502798715,0.11100390890780408,0.12681809224561133,0.1833647318126014,0.9245725915055675,87.75469739332628,87.32160970065053,87.10195167253144,45.3985108746612,47.77822089950835,50.0,True,1b3e3aa7ce68c846ebf6b6b94b728346d8caa247d6006689486d39dd10a596ff
legacy_stress,68,ESTABLISHED_GENERATOR_UNCHANGED,True,0.07997892686395558,0.6076371838032817,0.12981712966793987,1.8020299156480002,,4,12,1.5751190526480716,0.1267,0.0,0.0,0.0,0.0,1.0,47.92844045752408,29.247948340932474,25.502937384110453,42.40246448343202,45.75679728926037,49.52112515065147,True,c871eb2b52fca0d72c652d7245e4237f34778ebe16c1d492abb46342ee863bc4
new_car_mild,68,PT-DESIGN_NO_MEASURED_DISTRIBUTION,,0.04923321259464829,0.4237252165539901,0.04984721386601519,0.6276428416302953,1,0,3,0.42574720549464284,0.005,0.08669170200629153,0.12561311481634588,0.07712161399258323,0.11181528494942067,0.948451972902283,83.66510591097496,73.22652968080983,27.00328019513929,42.32061944865645,46.66742508841305,49.85943807924204,True,7330f002c1a03055ba07e92f7209e69c44a9ea3166176f5e2439b6f8c55c6296
legacy_stress,69,ESTABLISHED_GENERATOR_UNCHANGED,True,0.0794284369637325,0.6891571025668628,0.1518222201879387,2.326624453275856,,4,12,1.8693520249489828,0.1477,0.0,0.0,0.0,0.0,1.0,51.21007910345867,34.08027995084817,25.53,40.258284335156794,43.47974904487211,49.2016455711747,True,ab93f1f61cbc39f3bc06d7ba63eb3c7a02d95b4bd68ca0913d86e5586a66b96b
new_car_mild,69,PT-DESIGN_NO_MEASURED_DISTRIBUTION,,0.05561629258683067,0.4362387703918911,0.05611142732785958,0.45237347077566187,3,0,3,0.167171166076622,0.0064,0.04261781907757771,0.06170969138020267,0.15447959171706682,0.22458649458851768,0.9490095667149607,79.76102024095762,41.81104119890282,26.993748297898826,43.533685355287005,45.86129647308845,48.986499022852676,True,3c0eb619c619c439de30b0dbb1b0f5ccd9636c7c7d076037acda8952e2009f1a
legacy_stress,70,ESTABLISHED_GENERATOR_UNCHANGED,True,0.0797367036235909,0.626317302687643,0.12785144065865228,2.3794329479569383,,4,12,1.967636298505837,0.0669,0.0,0.0,0.0,0.0,1.0,59.495154723729804,34.36121396789008,25.45906602103741,40.0,42.669884381715036,45.07313777132585,True,fc620a622adbbc2fb7d09e6c6f5b00b9dd8d662fd14edbdfcfcf0505773e9d21
new_car_mild,70,PT-DESIGN_NO_MEASURED_DISTRIBUTION,,0.04660994681879598,0.3746717073993722,0.04675075575081497,0.3899876281109279,1,0,3,0.14885988928268618,0.0043,0.06143562594288246,0.088893970085073,0.0867360933842782,0.12564321638094667,0.9586399447977405,85.2389685985574,88.1165578443628,27.008178571901883,40.0,44.00484245224865,45.92734707555068,True,80dc27023fb804c0ed3433271970553bb50264cab2e22ac5db41145c941b7440
legacy_stress,71,ESTABLISHED_GENERATOR_UNCHANGED,True,0.0793884870443847,0.6974811456127195,0.1263960297921782,2.2207141565357262,,4,12,1.910268405045679,0.0979,0.0,0.0,0.0,0.0,1.0,58.63054503081376,32.87471865560221,25.510010809481557,40.09194501465604,44.13110449818098,47.2051130636191,True,5daa5df0625d9dbe5aedc5a5515c4377c2a08f1c1d3940c73dafd04b077afd70
new_car_mild,71,PT-DESIGN_NO_MEASURED_DISTRIBUTION,,0.06230743173085572,0.48186222660812167,0.06230743173085572,0.48186222660812167,0,0,3,0.0,0.0,0.08423088172178561,0.12185086990550104,0.0610847815984929,0.08892193949622118,0.9601303206830678,88.35191388982054,88.14679772126546,88.09845583304907,40.43904572467032,44.01443919158045,46.749192319717935,True,1377ce6e305a14d60d6a07a505d6915146c51108bd72619613c008b5b9e61091
legacy_stress,72,ESTABLISHED_GENERATOR_UNCHANGED,True,0.07876477244385104,0.5935674855381258,0.12254160476447885,2.1549568791651756,,4,12,1.904245098843981,0.109,0.0,0.0,0.0,0.0,1.0,52.09243833644594,29.110557170971997,25.43614207648439,41.50898926135508,44.30603764431248,47.214876614903346,True,77c19287024edac5bfa006cf6a8ea024b7a7c20cf3eb078c4712c8937936b04c
new_car_mild,72,PT-DESIGN_NO_MEASURED_DISTRIBUTION,,0.06329532255645867,0.5167413524015586,0.06329532255645867,0.5167413524015586,0,0,3,0.0,0.0,0.0496224511555899,0.07218813220451945,0.09448300496527737,0.1372832754939191,0.9631661739017205,88.40189164999782,88.26655167281903,88.06082616885843,40.00723400815342,43.42517678313801,45.70263824048533,True,ad839c13ce371106efcabbcb3519318b26efefde687b36c42fc2bab1ee7464c3
legacy_stress,73,ESTABLISHED_GENERATOR_UNCHANGED,True,0.07974677515406396,0.6196628917593119,0.11893263543067756,2.078614976202328,,4,12,1.670690627273663,0.0668,0.0,0.0,0.0,0.0,1.0,62.063438154197236,36.28505139678397,25.493137349795948,42.10398105669505,45.01329239833241,49.1539591282227,True,8b25a6b28f027d068fbe4c329d2d17f6ec34536d3065d035dc80403133e01bda
new_car_mild,73,PT-DESIGN_NO_MEASURED_DISTRIBUTION,,0.04795211706137489,0.37084478843333635,0.04798653577418447,0.37086196701466106,1,0,3,0.09252068288183518,0.0029,0.05888449060180176,0.08558863185991882,0.10268576648332482,0.1489504722012439,0.9524535689053011,86.05854290999542,87.87984444293306,60.521646549561254,40.40258243259262,44.30717976878624,47.95795464868604,True,90387e012eca041d6a39bf275f4f7ec2b015eb9b9ed7f863871b916b2c3207eb
legacy_stress,74,ESTABLISHED_GENERATOR_UNCHANGED,True,0.07812958270129727,0.6299962197914603,0.11747427573498721,2.1806353346405096,,4,12,1.7984893729088745,0.0762,0.0,0.0,0.0,0.0,1.0,61.203014350614076,37.89750546679896,25.36975385475209,43.84343356225738,46.47124572967798,50.0,True,ed8449107a2e89937a34ceac62629aadece6e73e73c92c2e93c7d2e31d3f9b3f
new_car_mild,74,PT-DESIGN_NO_MEASURED_DISTRIBUTION,,0.050666089760684686,0.4230809805187394,0.05168723653758515,0.6689892510926951,1,0,3,0.5578779110194712,0.0065,0.08545711437534544,0.12387198618193164,0.07501319481518362,0.10903616702757324,0.9497760367959641,84.75787385679315,73.62134325113603,53.55823602429567,41.46173642059724,44.312045388323845,47.0981273379016,True,35fc5ebd6f63506af0487244f97209e87ab0d12c3f3b517f0b914580fbf7e533
legacy_stress,75,ESTABLISHED_GENERATOR_UNCHANGED,True,0.07996835584471969,0.6723525625733693,0.1374807850419754,2.23534194483571,,4,12,1.7974305147477596,0.1344,0.0,0.0,0.0,0.0,1.0,54.448887396455945,36.276413556578966,25.355358884351187,40.3247387440594,43.47507814632985,48.069219631673796,True,498823be9cb7ce1e22746d5fa946bfe6e1ecdd7314703fecffa426917caf9d14
new_car_mild,75,PT-DESIGN_NO_MEASURED_DISTRIBUTION,,0.04013078972199616,0.32434016450963177,0.04013078972199616,0.32434016450963177,0,0,3,0.0,0.0,0.06650751372574672,0.09666640732656698,0.12394223656654438,0.17941461893539948,0.9364232893175349,87.9565113622854,87.69820352680331,87.5321800343471,40.0,45.81507682153645,48.63217470613999,True,14671e18d8ae4f13bba22d502e3e200020cfab1047cb798991b7868c87c69bf6
legacy_stress,76,ESTABLISHED_GENERATOR_UNCHANGED,True,0.07979582726623019,0.6548299062636784,0.1377942775914475,2.2618415238129654,,4,12,1.9351054518811388,0.1147,0.0,0.0,0.0,0.0,1.0,45.24879570901027,25.53,25.38483103779273,41.98494914802759,45.32417767306435,48.079671099529264,True,fb5354913d1bf2c1ee2a1d89e7c4a71a0a9952b2e4622cca6ae6199f185a93d8
new_car_mild,76,PT-DESIGN_NO_MEASURED_DISTRIBUTION,,0.0359845163693368,0.28346293485101415,0.03615281486471375,0.2942732479477821,1,0,3,0.0910190254675948,0.0046,0.0945937634706851,0.13725583279961143,0.09673567878067228,0.14074915119184758,0.9295392751638577,81.90724584472184,72.40114285465465,26.99127259958656,40.0,44.11996127663365,47.05001122988614,True,8d4f6f004fb2852ffdab364c8273c84d6b737da376e51c133c4719751402b93c
legacy_stress,77,ESTABLISHED_GENERATOR_UNCHANGED,True,0.07998082536874256,0.6282811795597228,0.09532645128861153,1.4558080546574206,,4,12,1.033959921414363,0.0472,0.0,0.0,0.0,0.0,1.0,63.23247572991424,41.35691496900688,39.26991691589536,40.23587353079764,43.5713720213693,47.4635070300618,True,8c43716f16fe5e9e42cc9180bbd57d4cadb4503cb59b73fdfbd0daffcec922df
new_car_mild,77,PT-DESIGN_NO_MEASURED_DISTRIBUTION,,0.035179867440207305,0.2831908992243793,0.0365853169069196,0.6656191588089593,1,0,3,0.4833456619660637,0.0068,0.06090687705898545,0.0881855042212898,0.08878939876777595,0.12826493015180784,0.9580344185719406,80.93867489078143,57.13367343861467,27.00285954442777,42.765637603253396,46.325084294950784,50.0,True,22de78fc0e16b589d3b23fa6c5a1a2d70894ab033f6e050d13e30c3d02e6b6e2
legacy_stress,78,ESTABLISHED_GENERATOR_UNCHANGED,True,0.07997796187083393,0.6741606661911295,0.12391535325259741,2.1242124064410466,,4,12,1.9674365347782043,0.0989,0.0,0.0,0.0,0.0,1.0,53.17563038528248,34.382240451686485,25.376801360071582,42.72766652756201,45.684844062022,50.0,True,2a62a6965d2e073ad5b5b52cc61bb868d6fe8ae62805546c75197432298d85e2
new_car_mild,78,PT-DESIGN_NO_MEASURED_DISTRIBUTION,,0.05544290230835152,0.4390051995871826,0.0558475042514736,0.5128948061549232,2,0,3,0.3696186137383959,0.0033,0.0617757026562982,0.08962106283074822,0.08962729363139274,0.12940810853925744,0.956822912004835,83.39294146262537,87.96234234727285,26.998571690105365,43.36685577247354,45.881926311729465,49.33977723375759,True,2aa0d15bc3ab818c5c89f621fbe79ba6be4095357950c8a660be63f76d74b47b
legacy_stress,79,ESTABLISHED_GENERATOR_UNCHANGED,True,0.07964417537219906,0.6272173211632445,0.13533715459303586,2.080702933028448,,4,12,1.6084066609581384,0.1165,0.0,0.0,0.0,0.0,1.0,50.245853659391535,25.518103026491932,25.316601353368096,40.34103076481365,44.785642364000935,47.96195425316752,True,9fbd010316ed3596606115d848fbb0d9f74009a24dfe59fcbd6f3b6ada52f24f
new_car_mild,79,PT-DESIGN_NO_MEASURED_DISTRIBUTION,,0.05971805236272409,0.48240622982004566,0.05971805236272409,0.48240622982004566,0,0,3,0.0,0.0,0.03230644291039089,0.04683543967193501,0.1585116938888634,0.22979125654184,0.9598804851446272,88.34749417700584,88.1129919212992,87.98149264972831,40.0,41.92344130458066,45.49979070142922,True,691ffbe366fbfb1cc42b0221947a237db6a0b1efdee11603570934eb55e09b38
legacy_stress,80,ESTABLISHED_GENERATOR_UNCHANGED,True,0.08001790271192967,0.6065947315905078,0.14467720354918587,2.2736398185155027,,4,12,1.9159892876646427,0.1169,0.0,0.0,0.0,0.0,1.0,49.66733903155858,35.058823321921835,25.49161875267087,43.610679420235016,45.80494691519175,50.0,True,d2c392adc3dd5551bb9ede528702d29a785549de20989bb5f5a2a1038ace5711
new_car_mild,80,PT-DESIGN_NO_MEASURED_DISTRIBUTION,,0.03593959374128516,0.31458106204137326,0.03623784720436996,0.32673300789582427,3,0,3,0.12395820509177378,0.0062,0.04020522609332453,0.05820976604878842,0.04473558533153148,0.06485786618727404,0.9856086998617868,79.17196810567201,38.5600232343334,27.016391675652557,43.599356486572105,45.67686895157145,49.330713990597765,True,4a4d66c23c221f3eac3cff510138a909828de6d0e25331be41cfec9d3e3b30a4
legacy_stress,81,ESTABLISHED_GENERATOR_UNCHANGED,True,0.07998607443596702,0.6751521802313569,0.11855074682149562,2.158306511057282,,4,12,1.8354249145212906,0.0854,0.0,0.0,0.0,0.0,1.0,53.86280799903378,28.91242803596031,25.53,40.49550649015591,43.962472174351774,46.16136105147165,True,1d2a85dc2371cfe7bd720c1cce38aedde3382fe032f8c2d360e9a6038918927c
new_car_mild,81,PT-DESIGN_NO_MEASURED_DISTRIBUTION,,0.058987099975825956,0.46670588359926357,0.059317142827516635,0.46674434751383,2,0,3,0.1604196593202378,0.0066,0.06502386743801093,0.09418476061695238,0.05758369371391532,0.08373287574328851,0.9702794804082807,77.68673983260099,36.11900377222177,27.003674790194687,40.097996286251856,43.621155853214034,46.19508629023341,True,f7709ac22a51fbf772b3f13eeb76d5b9c0debb942c0f88f4958408f95b0b4afd
legacy_stress,82,ESTABLISHED_GENERATOR_UNCHANGED,True,0.07970348267284477,0.7015613319410496,0.14051382528055975,2.366570265647258,,4,12,1.9646495709738339,0.1045,0.0,0.0,0.0,0.0,1.0,57.100398776471785,36.110834784342025,31.990146410875766,40.91395976647643,44.96573237283926,49.95142325915117,True,8bdc9f324fbc62f37615b5e1a2b1ce9331aee893d1d5cb1d8431f354174395f6
new_car_mild,82,PT-DESIGN_NO_MEASURED_DISTRIBUTION,,0.04783867036863423,0.38975430492306595,0.04783867036863423,0.38975430492306595,0,0,3,0.0,0.0,0.030554182033497728,0.04435423596585467,0.10135089147983241,0.14670376479731181,0.9757439328598948,88.60818830185273,88.50734996874355,88.42931605992948,41.356058722457774,43.91818307477228,47.63667962117715,True,1a42d18832bd52291ee92bb22b4fee8c8b5c1b84a71979ae1e98c0bc3f18fc3a
legacy_stress,83,ESTABLISHED_GENERATOR_UNCHANGED,True,0.0797078234711501,0.5931594990937422,0.11529914674944,2.0798458548413916,,4,12,1.7467658945137123,0.088,0.0,0.0,0.0,0.0,1.0,50.381405443794876,25.53,25.53,42.8469068629658,46.86193505000658,49.57964162407946,True,0332421b3965f40d2496329039b273edaf000f84f7aa41665c6860aa6f6a752e
new_car_mild,83,PT-DESIGN_NO_MEASURED_DISTRIBUTION,,0.046733379058782644,0.3797192369856392,0.046733379058782644,0.3797192369856392,0,0,3,0.0,0.0,0.09554789995750984,0.13872956309385354,0.05574239137864016,0.08070514577797573,0.9582390014081275,88.32052376400783,88.1142531231669,88.05160693880778,43.27081020469331,46.13702307232605,49.50361941585072,True,9acfa783a015a98aac3b71ab6381d86f61a37a0dd5af1ca8f1fde3271779b9e4
legacy_stress,84,ESTABLISHED_GENERATOR_UNCHANGED,True,0.07988954276760468,0.7224739262955466,0.14522856856542998,2.211181872052383,,4,12,1.9350091765594124,0.1445,0.0,0.0,0.0,0.0,1.0,50.67612701243918,35.692649811845925,25.454529311046347,41.519422985834765,44.695140171167616,47.059187196810974,True,95903d41b071f284cac4c02a88528b688fab865466bf2c3e6e6bcaa1fd9c92ba
new_car_mild,84,PT-DESIGN_NO_MEASURED_DISTRIBUTION,,0.06389773170308317,0.5560556257161235,0.06386641357553081,0.5561422978609765,1,0,3,0.05411083824332818,0.001,0.08353158917715409,0.12214616156130993,0.09311463976571756,0.13519511801964448,0.9402478445420588,85.58522760334914,87.72914891363128,26.988278667551477,40.0,44.22870945786706,48.395452045986104,True,c0d6dc17aa5fef69c959fd9f051c4863f404c71853c37e27ec7bb79e5fe907f3
legacy_stress,85,ESTABLISHED_GENERATOR_UNCHANGED,True,0.07929585608457047,0.6422215056848462,0.1355197112425621,2.2853399319675414,,4,12,1.9074516620787774,0.1273,0.0,0.0,0.0,0.0,1.0,50.41492858865347,32.837576133742644,25.44470056172704,41.78587161730542,44.44578772543224,48.308151007730785,True,2e83b9117355d0b714c7cc81daebe8b9e2763eb1f8052a394b99b3d339bed4bf
new_car_mild,85,PT-DESIGN_NO_MEASURED_DISTRIBUTION,,0.04858197516348377,0.4162135480721584,0.04858197516348377,0.4162135480721584,0,0,3,0.0,0.0,0.0904237965347155,0.13055443443395698,0.04118673763178607,0.058383938218331315,0.9708462586131467,88.52820155221144,88.43055974544544,88.38692324927744,43.11021504458683,45.675581189844316,50.0,True,efa22b02c4da4d70cd2d896f7012be223e520e25ee894bc8d4c65f11e22fa2b0
legacy_stress,86,ESTABLISHED_GENERATOR_UNCHANGED,True,0.07964750551728146,0.686370168822088,0.12461453867521954,2.047478757630628,,4,12,1.7583649297704274,0.0887,0.0,0.0,0.0,0.0,1.0,57.90094546076969,35.57142789005864,32.45877201453607,41.71027130043137,44.5756320511147,49.35473353501172,True,c66cc6ab7c6e195deb1572f89ca459a72569a45066f067332275f26c003a7b76
new_car_mild,86,PT-DESIGN_NO_MEASURED_DISTRIBUTION,,0.04901631258407267,0.4103337945826569,0.04964878370134023,0.4737000745913834,1,0,3,0.31146800696380395,0.0048,0.06586420901685068,0.09530069362774173,0.04802191563443329,0.06925931514647195,0.9751085939575154,84.35402303093271,71.43188429021632,43.82221402718034,41.93991776510398,46.292404416864954,49.34478853511088,True,093cc1e69488d57d2c9e189e83c3f71b679f5c2ee612be7423a154037444ec4a
legacy_stress,87,ESTABLISHED_GENERATOR_UNCHANGED,True,0.0795869384356013,0.6341970496426774,0.14370394610547946,2.342389928386365,,4,12,1.9600969112436524,0.1163,0.0,0.0,0.0,0.0,1.0,56.643370436205096,35.25025608692646,25.505608775889883,40.275020091173204,43.437751476596276,47.94384444552543,True,6f28c6ab118f0f281edfd22f11c18b482e5aba0cf68f49d3f07c352b792b108d
new_car_mild,87,PT-DESIGN_NO_MEASURED_DISTRIBUTION,,0.05032040652220232,0.38201916382680295,0.050351032928787336,0.3873932134287006,1,0,3,0.14598337628050287,0.0024,0.09628238457945615,0.1390756738642516,0.14092181072516013,0.20480371358540508,0.8983607229749272,83.5236950261466,86.74449425950513,26.969481013471743,43.09173148527859,46.226278502931365,50.0,True,e2ccb31ea38cd017c2c36b81af10fc72faa82bafd01b1e016efcd22f8935c0b1
legacy_stress,88,ESTABLISHED_GENERATOR_UNCHANGED,True,0.07966232508545591,0.7464806729405871,0.12162625962244096,2.323474422362128,,4,12,1.8631924824008073,0.084,0.0,0.0,0.0,0.0,1.0,52.971784361088346,26.971238373540643,25.377271324047094,42.81400211135015,45.61360755344529,50.0,True,2d2352494952ad154231391ee5fa5d264852c837e9e69a0d08cb92dda41d6e60
new_car_mild,88,PT-DESIGN_NO_MEASURED_DISTRIBUTION,,0.03779132142550621,0.3071047472862847,0.03779132142550621,0.3071047472862847,0,0,3,0.0,0.0,0.05475727335357656,0.07931926359176102,0.06504950828786775,0.09423486778800119,0.9716591840047256,88.54131122719342,88.39712912174568,88.29215820135994,42.69528931031062,45.668680465126364,50.0,True,902ab600a62e089ee31a5d6025cad0af4ed40bf0da7aac0eeae464c38b942020
legacy_stress,89,ESTABLISHED_GENERATOR_UNCHANGED,True,0.07976226108290614,0.6680261454099985,0.11509074793840489,1.912477347975718,,4,12,1.5982778241297817,0.0626,0.0,0.0,0.0,0.0,1.0,63.716320887997384,36.40799302291022,25.45416211188781,43.22672609034214,44.9334288248082,49.963844137574384,True,2f6baee0af70275962f09533bba94261714ba9001b1a89f8b616faa930607ba3
new_car_mild,89,PT-DESIGN_NO_MEASURED_DISTRIBUTION,,0.06322090685752607,0.47593289825220264,0.06392931705287258,0.741900367471215,1,0,3,0.5563015966742076,0.0036,0.08903515651412319,0.12863020380733148,0.06894985753994891,0.10009337565114992,0.9520703417754288,84.59196528361501,87.77150725528081,27.00346583073393,42.634332464406185,45.96939972109411,48.62298279721989,True,f294f84c7f8d1f5fc2ff1bda8b72dd33e4821ca6c0e578e4b8e553f0b1cf5169
legacy_stress,90,ESTABLISHED_GENERATOR_UNCHANGED,True,0.07996479606418884,0.6748618462304208,0.17393105388129815,2.3514973780666635,,4,12,1.9851325005495843,0.1585,0.0,0.0,0.0,0.0,1.0,50.39609261794472,34.653038203112224,32.059393387062286,41.72245892112835,44.50481893180335,48.014141221708144,True,1c63254a02d10fe24873898dab8ed9d23128759abf0f4d86c3ba9e6748495128
new_car_mild,90,PT-DESIGN_NO_MEASURED_DISTRIBUTION,,0.054081822927055066,0.39300230222353494,0.054163894003445706,0.3930079612433076,1,0,3,0.04918044273714616,0.003,0.07202435957696769,0.10443587752667396,0.05514283336901136,0.07993758079391972,0.9688553111491663,83.57439916842706,88.19486408141773,27.007032574799965,40.24859793104512,44.926328596921245,48.14588658918068,True,c79582c93924263147b468aad83dbf686a97399c68774a758b6c315a44024a8a
legacy_stress,91,ESTABLISHED_GENERATOR_UNCHANGED,True,0.07926701597954054,0.6378945755194885,0.1533894222104291,2.27749946539404,,4,12,1.945342297626761,0.1624,0.0,0.0,0.0,0.0,1.0,49.113582770750625,31.04208705683536,25.51471045586069,40.557341810403045,45.4205059981269,48.38495903514193,True,188580eca2748b6c8b9932c3739b494e6238559a77a340815e2d00390feab6c6
new_car_mild,91,PT-DESIGN_NO_MEASURED_DISTRIBUTION,,0.05152945432818492,0.4291781938955045,0.05152945432818492,0.4291781938955045,0,0,3,0.0,0.0,0.08970606924511622,0.13011644119634821,0.06393427424322308,0.09321410954286308,0.9552684060029327,88.27140525832613,88.05837729963135,88.0224237160122,42.145743289254995,46.18159245473103,50.0,True,c855509a779ed37d4d233f3b150de77777b53e8e45ec9470498ae8205acbc288
legacy_stress,92,ESTABLISHED_GENERATOR_UNCHANGED,True,0.07980684281239435,0.6678807387281543,0.14461890188258178,1.9567604630874136,,4,12,1.694690228884366,0.1522,0.0,0.0,0.0,0.0,1.0,47.66265273548843,37.117133999203126,25.42778130613635,43.944029292409056,45.78634617011673,48.88348858585773,True,0a1624e461e46c7cb94b423f76643776204407dd75f0087c148e6650d3e7315f
new_car_mild,92,PT-DESIGN_NO_MEASURED_DISTRIBUTION,,0.03937846358912379,0.36226760001192926,0.03955795880388032,0.3652174171760527,1,0,3,0.10475580447425165,0.0047,0.03193426502459101,0.04633829682008588,0.1402596521830531,0.20287760687702525,0.9651447517579594,83.53354271101391,70.70004956665632,27.00586721875854,40.4279389642109,43.78339357619102,47.18064436672752,True,9e0a13ab9445f180a559186ed9333b2b315124eed97504927a82c9bab7d4ff4f
legacy_stress,93,ESTABLISHED_GENERATOR_UNCHANGED,True,0.0796848436542944,0.6768609275934243,0.10688849759886207,1.9281470050038867,,4,12,1.6368736888851891,0.0648,0.0,0.0,0.0,0.0,1.0,62.46648723121464,37.584524056585686,33.84672495402776,40.90129852958307,45.58130841546011,48.030440794983576,True,daa24b6b42552b688a3ddac4184abf06108c329406324d3c2f5b134869c779cb
new_car_mild,93,PT-DESIGN_NO_MEASURED_DISTRIBUTION,,0.039323380966350054,0.3297713032031129,0.04064704001668307,0.665328149413025,2,0,3,0.49347485039762623,0.0085,0.078045870431146,0.11276179432896674,0.1394528633631081,0.20293507615099557,0.9172283170017488,77.83515126114997,37.72568882597779,26.982289208869847,40.01635508459589,42.63128924263195,49.39797404643802,True,4e71b8d9cf542cdad24ffbb0519922491a68d991e5f4fec190117d9995ce768c
legacy_stress,94,ESTABLISHED_GENERATOR_UNCHANGED,True,0.07992065641929032,0.6616038895483514,0.1293478670191196,2.0586013005510786,,4,12,1.7992445242232593,0.0922,0.0,0.0,0.0,0.0,1.0,53.768379566483446,35.775099010851186,25.510527577580465,41.51292385886016,43.608503263599495,48.42642845234304,True,9a0fc101ea56e90c53e675cdb9d7267baec8aaf3360c0fe0addb4862c4366741
new_car_mild,94,PT-DESIGN_NO_MEASURED_DISTRIBUTION,,0.036401817004049486,0.3340756898205046,0.03696164496483631,0.5898000483584301,1,0,3,0.48720117264532337,0.0031,0.045766923624757705,0.06626519654191004,0.04432940382994224,0.06418941120685777,0.9840727610829508,87.13724865902422,88.65286033658214,48.494688724374555,41.82922102279063,44.04660608705399,48.68106402265109,True,1469ea75132a3946d15316090814daacabdc06c39311b6f6794196f90c1a249c
legacy_stress,95,ESTABLISHED_GENERATOR_UNCHANGED,True,0.07938198395785069,0.6386297702082465,0.11088913312360232,2.2120785930521603,,4,12,1.7486802428893535,0.086,0.0,0.0,0.0,0.0,1.0,55.59842753322226,25.53,25.473828675073428,43.59517648293079,47.307738080879275,50.0,True,6ddc2625658872ed7f9ecba4a81ab18385c5ac208ca29d3920b2ef0614f31f39
new_car_mild,95,PT-DESIGN_NO_MEASURED_DISTRIBUTION,,0.051724410620141194,0.4597814914959819,0.051724410620141194,0.4597814914959819,0,0,3,0.0,0.0,0.08809167424688323,0.1277952481797543,0.13745946777081822,0.1974927840858872,0.9079601988524381,87.46936001636863,86.90182755529801,86.32469291118704,43.22720344060092,45.38968898955474,50.0,True,4a12271b1b8de045152128d7361423ec4d8da4625e6b6122afc886fa0e5eb273
legacy_stress,96,ESTABLISHED_GENERATOR_UNCHANGED,True,0.0796180063623377,0.593058740469944,0.12743386769729104,2.007057143458602,,4,12,1.7417267677101396,0.1311,0.0,0.0,0.0,0.0,1.0,48.66602343605644,30.977667617708075,25.331586712814335,40.0,44.20557226806795,47.099071270241076,True,19bb337d4e96338dfab27fd5ca7704101a2add5a8ce36960c7913ccd6823e483
new_car_mild,96,PT-DESIGN_NO_MEASURED_DISTRIBUTION,,0.0486505798125772,0.41202522762643035,0.0486505798125772,0.41202522762643035,0,0,3,0.0,0.0,0.03390535967983088,0.049161516919939904,0.09195796901937944,0.13381964252969497,0.975520377771122,88.60452910582543,88.51718090445158,88.48150419090616,40.0,42.50546240555329,45.59173705882125,True,22d9a647280f8bee0125750b4270753b217ee5581dc0132d84bfed776f8fdd86
legacy_stress,97,ESTABLISHED_GENERATOR_UNCHANGED,True,0.07989798286129202,0.6135391898539462,0.12379072407723399,2.1498984278569044,,4,12,1.9497197086304372,0.1337,0.0,0.0,0.0,0.0,1.0,54.904998870694236,37.04044273292756,25.51667755437479,42.27340525441041,46.10846954644724,48.16375040982622,True,1cc96274a69615d324f93da594cea8c761d862131d93e3f16f98da7b65b408a2
new_car_mild,97,PT-DESIGN_NO_MEASURED_DISTRIBUTION,,0.04232997920970966,0.32045658073524885,0.042349027205615945,0.3221522857057554,1,0,3,0.07644111199970467,0.0026,0.0756560906764382,0.1095712511451424,0.13325402104977516,0.1929577293947027,0.9233538779165871,80.43540370760111,51.05509420214601,26.98060962247041,40.62282979338833,44.54291688677235,49.73470059979063,True,6e5767f896756a110cb0a8d2a04603fbeafc74ad14c687f102b00e442d6fc9cd
legacy_stress,98,ESTABLISHED_GENERATOR_UNCHANGED,True,0.07960189368128488,0.6239419070684106,0.10928447069618501,2.319397225659316,,4,12,1.9055432063656603,0.0854,0.0,0.0,0.0,0.0,1.0,55.70975386503902,37.25030733005598,31.41978724993785,40.41309323365082,43.926128780032826,46.52482838934863,True,d9d4747484e7c2d9101869b584807caf08b35785d8bab3769efc1cb865f1dd37
new_car_mild,98,PT-DESIGN_NO_MEASURED_DISTRIBUTION,,0.05741377004232182,0.5173760544239612,0.05835890831398916,0.655512687717052,1,0,3,0.5002601406744118,0.0036,0.08123316641382337,0.11773363450105467,0.1507433190159324,0.218035981760308,0.9075240414803988,82.63765503617216,86.9779456291442,26.968627806179644,42.04939161318967,44.4449270982593,50.0,True,5549429fc88360c4849bfdca353dcc0f330f2c75d1c598019a2a2fc6786dffe6
legacy_stress,99,ESTABLISHED_GENERATOR_UNCHANGED,True,0.07958790151526016,0.688433491191668,0.15780929589699905,2.141024317795373,,4,12,1.751994715247817,0.1379,0.0,0.0,0.0,0.0,1.0,43.57279403238873,27.01615883537052,25.452666452133105,41.56494603822401,45.735693448118376,48.708691316576434,True,6b29f4c239e2670be926b91cc23666096e78d60e3385cebe3b534fd789c6b1a8
new_car_mild,99,PT-DESIGN_NO_MEASURED_DISTRIBUTION,,0.03643990239383408,0.320973010437253,0.037096547344244696,0.5678756086816762,1,0,3,0.4985883619824362,0.0031,0.08868352672044086,0.12858209866085651,0.11238997306500718,0.16176988879074072,0.9235684821279081,84.78335462750401,87.17499902936434,47.54642213965157,42.39924090726993,46.7129761963141,50.0,True,8fdfa5655866c72cf9e90bbea6e075aa8d79e602d067cde15b38941ff49316a9
legacy_stress,100,ESTABLISHED_GENERATOR_UNCHANGED,True,0.07972593478579258,0.6557320900917001,0.10860157865706681,2.25015263886287,,4,12,1.9103095582067158,0.0578,0.0,0.0,0.0,0.0,1.0,68.86866784438165,38.80265343655675,34.853589846429585,43.51327575679054,46.69190420055521,50.0,True,56bd168e80b1f56390364a88c13094ea776550ba98a1bcd113466790f82104dc
new_car_mild,100,PT-DESIGN_NO_MEASURED_DISTRIBUTION,,0.042618947133948544,0.32221280108165007,0.042618947133948544,0.32221280108165007,0,0,3,0.0,0.0,0.04503343368169841,0.06503315540855782,0.06712588976182093,0.09740444010601639,0.9760399349194,88.61299339959761,88.53313907936268,88.45306365898783,41.69207155037542,45.25728009441235,48.567622571395624,True,b96a1cd5e70dcfcbfafe5cf636e3a86f7064c803aa82604dc20690beca299932
legacy_stress,101,ESTABLISHED_GENERATOR_UNCHANGED,True,0.07983464048062967,0.6630074039313196,0.1245422982280982,1.8630998778092476,,4,12,1.5385587617686223,0.1264,0.0,0.0,0.0,0.0,1.0,50.75010524890152,35.753161050802696,25.53,40.0,42.22488372103996,44.69551115800826,True,bb1ae2392e10cd024c0cb42f86174010c09d3eb0750ef083cb3fa303d30b34c9
new_car_mild,101,PT-DESIGN_NO_MEASURED_DISTRIBUTION,,0.060039112559565504,0.4946813050795772,0.060039112559565504,0.4946813050795772,0,0,3,0.0,0.0,0.09169311399450616,0.13283718377387596,0.06368002616635594,0.09254252532312392,0.954130374521986,88.25234348659302,88.03617515910791,87.81899631311637,40.0,44.3013922001257,46.528006211099736,True,6d28168847c53df2de3cebc79acbacd68ed902c58c372f51606a04fd71377696
legacy_stress,102,ESTABLISHED_GENERATOR_UNCHANGED,True,0.07979756830699783,0.608559895732883,0.14548703654057027,2.180330464483538,,4,12,1.8762307562192324,0.1222,0.0,0.0,0.0,0.0,1.0,53.07363651441769,35.16096934259498,32.13229971669417,40.0,41.4668405407372,44.238750351505814,True,3d1c44f5eb2590ac2878ab623ae779a3f1069d6af99929c27671f2ad70feb064
new_car_mild,102,PT-DESIGN_NO_MEASURED_DISTRIBUTION,,0.0609662938432161,0.504243491765147,0.061527557088117364,0.6153644579938296,1,0,3,0.3425032460226524,0.0049,0.08357267935687146,0.12062422460553315,0.11512037711273217,0.1671752128294581,0.9260799942879218,82.94715431805231,87.28799807440714,26.96616363231717,41.99949416637304,44.50717659145186,49.279297465754624,True,cce9ecdbde633740640eeb151c5d6ab572987abbeb58c6dcbbf5761dfc2b3693
legacy_stress,103,ESTABLISHED_GENERATOR_UNCHANGED,True,0.07936950237333763,0.6551936461432848,0.14890442038857007,2.1498039395655297,,4,12,1.9097071064996343,0.1361,0.0,0.0,0.0,0.0,1.0,50.9598995959599,35.63841232000352,25.526951255144294,41.70579133303422,45.61906195794506,48.14752402864315,True,1f4a28999b87369ca5d6efa8b78b62cd1387bfb9468dbaf36b1072723f73a852
new_car_mild,103,PT-DESIGN_NO_MEASURED_DISTRIBUTION,,0.03843099339842169,0.33400855812881725,0.03843099339842169,0.33400855812881725,0,0,3,0.0,0.0,0.08606185585884257,0.1250325986618996,0.06986281127666359,0.10149675432936231,0.9532269247636057,88.23746224406781,88.02686990196283,87.80472506085852,40.107477249533055,44.9482498878754,49.97520510214742,True,2d32483314e3cd406a055e0a944cd5cd699de92e4b8d66f14dffb1b616fa518c
legacy_stress,104,ESTABLISHED_GENERATOR_UNCHANGED,True,0.08003910566226255,0.6404041271979553,0.11503232110578968,2.111494187877599,,4,12,1.793444303417326,0.0653,0.0,0.0,0.0,0.0,1.0,59.3416916985473,38.87159290755051,31.108470744230825,40.170339429974675,43.96733092585118,49.704917502912906,True,da9dc55cca6bec1955296a9c8d3276d9303a4a4576e9d806b03f22e57141f9c7
new_car_mild,104,PT-DESIGN_NO_MEASURED_DISTRIBUTION,,0.05890138164693776,0.4584794841434787,0.05900555895806899,0.458492455838555,1,0,3,0.08794257122902747,0.0029,0.04994543218096141,0.07227584431731193,0.08445755056469738,0.12226854443133346,0.9668250135430906,82.83118001890581,77.63631949714757,26.999103761796853,42.24592152388821,46.09668372368718,49.44246628051351,True,23e29683010497542e73fd7c46ee1db99566204b82e661ce92c8783a63fe2355
legacy_stress,105,ESTABLISHED_GENERATOR_UNCHANGED,True,0.079700424056123,0.6628847604344982,0.16219095078923218,2.2463837267702353,,4,12,1.8252354439820972,0.141,0.0,0.0,0.0,0.0,1.0,53.2456412646959,33.652792538460865,31.637573048253646,42.744221817623654,45.573674876030964,48.679678536221246,True,cad2df7361cf6f5857b233e248bd481ee2cb6618f1aa2194aae281bbd3d13234
new_car_mild,105,PT-DESIGN_NO_MEASURED_DISTRIBUTION,,0.03880354844968355,0.3614835559494841,0.03941384244759106,0.4324993153352144,3,0,3,0.25421016950541575,0.0072,0.09391581185816092,0.13619544093420122,0.04736111974962003,0.0642099112839112,0.965499761713745,77.2551524951102,35.64944330824734,27.0013739188182,43.31076980343295,46.88701763478117,49.45697118141481,True,7193a50a8cb333a19ad8b7a6c99fa0d067861bc389a237a78278acc7a057934d
legacy_stress,106,ESTABLISHED_GENERATOR_UNCHANGED,True,0.07988096458279231,0.5912392772111288,0.1483466254934439,2.261320726040865,,4,12,1.884211515883332,0.1534,0.0,0.0,0.0,0.0,1.0,53.50088574427403,35.27180606476881,33.34447724506279,42.96130606231127,47.983549793641814,50.0,True,62cfc7ac87497c540444c3083794fee459a614fa5a6f4c4e8ae7412db1542729
new_car_mild,106,PT-DESIGN_NO_MEASURED_DISTRIBUTION,,0.03543596261723206,0.2877411037448368,0.03543596261723206,0.2877411037448368,0,0,3,0.0,0.0,0.04351045522248528,0.06325882005993623,0.08623227787466539,0.12474478024202194,0.9704837433585175,88.5221570118802,88.38985680856914,88.33803877685054,43.246424161197936,47.13473523970898,50.0,True,64c7ac1000c279c02258446a32f8ec748b7c40ee8002926e856ec71084868960
legacy_stress,107,ESTABLISHED_GENERATOR_UNCHANGED,True,0.07998798740227325,0.6811863274888421,0.12151147884018024,2.1068435948551794,,4,12,1.9661132174115201,0.0771,0.0,0.0,0.0,0.0,1.0,55.13571739359732,34.90867221880253,25.309630104721837,42.818525091337946,45.6403846191578,50.0,True,9afca97376fa565bc339bec4801965402cd7058ff0c562929e8359b88bd4b692
new_car_mild,107,PT-DESIGN_NO_MEASURED_DISTRIBUTION,,0.05706021871090534,0.4517449684516719,0.057082602294737855,0.45188732491707956,1,0,3,0.14516060777962655,0.0015,0.07746050835341853,0.11242501738975538,0.06650633691177624,0.09631341549209704,0.9596321142817802,85.89169165348453,88.13555663655553,27.001672025623026,41.18621461496409,44.73758311417331,47.05571279022651,True,8afd78582c10f48e10976a72ef3e8bc90f5a2f0f8096e45cce9141a8cccb3946
legacy_stress,108,ESTABLISHED_GENERATOR_UNCHANGED,True,0.0794257775215439,0.6933739736189206,0.16197094767370326,2.357137238410748,,4,12,1.9310523607448917,0.1277,0.0,0.0,0.0,0.0,1.0,48.85299740822091,33.91414704690798,25.413826165080884,40.0,41.94091263841239,46.28720934349547,True,a7f7f50df6cbe31d1a59a95eda43c39061228e62cb8d1e424697ab582ff06e65
new_car_mild,108,PT-DESIGN_NO_MEASURED_DISTRIBUTION,,0.04146397613586553,0.32748774414789933,0.04146397613586553,0.32748774414789933,0,0,3,0.0,0.0,0.042363552347461815,0.06157676405507552,0.06264046038674435,0.09080302462401761,0.9789200074588034,88.65985826185741,88.5507464730635,88.4875502592134,43.18138428215028,46.02247474399749,48.79553864661575,True,8ce01bd2048c590fadd458effd460a9d4ea15c61f2a704799e3066f40eb41617
legacy_stress,109,ESTABLISHED_GENERATOR_UNCHANGED,True,0.08000438578971467,0.6557881630245883,0.13820942772851147,2.040531036831244,,4,12,1.6624215567601728,0.1235,0.0,0.0,0.0,0.0,1.0,50.08001176783966,35.24631591295524,25.47116893083771,42.80471423254343,46.62230358752988,50.0,True,5008adc77d36298a45652d3507c3eca03b8e6c666a2af38dce8ee6d327f8f2f3
new_car_mild,109,PT-DESIGN_NO_MEASURED_DISTRIBUTION,,0.041013119949421944,0.3400472229466702,0.04135219110776763,0.3554069263299421,2,0,3,0.15849798174640928,0.0051,0.04205988355182641,0.0609096998992379,0.057294007370212605,0.08316054944423157,0.9809688962559103,81.8319938618947,64.52259964456017,27.014289827154556,40.0,42.307337811843574,45.29379701041406,True,0cb7cb61af71b0e2e8fd77dd1452affce933e480f893152d95251da516fff69b
legacy_stress,110,ESTABLISHED_GENERATOR_UNCHANGED,True,0.08002670449882904,0.6547617264878481,0.12434888979006782,2.0602776644321716,,4,12,1.720880969865526,0.1374,0.0,0.0,0.0,0.0,1.0,48.86896562483646,29.21452085564793,25.444320625030137,40.14147405727342,43.16351434583911,46.577725178605064,True,c09e046566f535cba50f918a32882b4f5090304dc45067c9edf9cc3ea977cc1b
new_car_mild,110,PT-DESIGN_NO_MEASURED_DISTRIBUTION,,0.03981196961386739,0.35525176035192507,0.0398280101289419,0.35539648968518495,1,0,3,0.105236073445723,0.0008,0.07389092773109401,0.10725413952528097,0.04571587670320285,0.06624814040794673,0.9734226041231862,86.10688550227326,88.42656570848015,27.011048339614455,40.0,43.24529633233781,46.72544665106775,True,de0ceba3b1c69e5e5acf92c5691a16f3838ce83da92acfe9cc775c03dfc35b31
legacy_stress,111,ESTABLISHED_GENERATOR_UNCHANGED,True,0.07967784150397382,0.6116381728466009,0.1500002568430167,2.2401250163088893,,4,12,1.969672663769221,0.1554,0.0,0.0,0.0,0.0,1.0,50.38279629460742,37.49591629554673,33.855043824876766,41.369932494169504,43.93600574232079,48.39821168259381,True,7291234fc58ac33b04312a64ff899f78bd488007bf9a35a2eb2d2b2481fb3819
new_car_mild,111,PT-DESIGN_NO_MEASURED_DISTRIBUTION,,0.05939744775133214,0.4693011155339975,0.06012498069413738,0.571842706676223,3,0,3,0.3720714999761531,0.0065,0.0654821942632329,0.09518051999324786,0.128410507895934,0.18656271821383202,0.9354335255750764,81.51313526360038,64.41593156002553,26.98771387316783,40.82332917555878,43.71439165794988,48.11835680313324,True,e6ffe14201b0802eacbb7eb074e2b41d3e6df93c748ead5ea603aeec3af31643
legacy_stress,112,ESTABLISHED_GENERATOR_UNCHANGED,True,0.07871175313382867,0.6602070438969838,0.14548048986235665,2.283240859341752,,4,12,1.988608246430518,0.1294,0.0,0.0,0.0,0.0,1.0,47.940307498234716,32.86209332201864,25.492575743343757,42.81761344680121,46.908384333122356,49.32874368980016,True,4ce5d28f89e5bd781fa9eef5245c95d2d8269defaa7a194ff88ea953370b04ad
new_car_mild,112,PT-DESIGN_NO_MEASURED_DISTRIBUTION,,0.03882717919787709,0.3656973024360459,0.03887793833503348,0.36566842391737275,1,0,3,0.07516807867109561,0.0028,0.042233828185462494,0.06120553158229889,0.04492472593371037,0.06538063162845731,0.985087494754664,84.90414472738945,88.6731518084389,27.01852657764904,41.385884659417385,44.550275500107475,47.12092668207006,True,a03084cd552fc5c034f9dee8e85731798a526625824fb1dca6e10f8e1b559c04
legacy_stress,113,ESTABLISHED_GENERATOR_UNCHANGED,True,0.07949545910071319,0.6644299020038829,0.13960070853986928,2.169503426419432,,4,12,1.7057177049595231,0.1074,0.0,0.0,0.0,0.0,1.0,52.20963220401599,35.90855666945928,25.53,40.47968808385796,43.87456574681213,46.22182685200473,True,9866c2c11b3bcadb4d79fa381d3c401e733967750a13ce898228415ec4652c58
new_car_mild,113,PT-DESIGN_NO_MEASURED_DISTRIBUTION,,0.04799999806925836,0.4122571767975238,0.04806008433728653,0.4145222236166761,1,0,3,0.1337744059327,0.0023,0.06016560252980621,0.08723319754537602,0.1496577394221507,0.2187495585583426,0.9309110028533502,82.9797649380953,87.36688659834807,26.98610414468145,40.0,43.95500415241518,46.024123241490045,True,2d20a3680738e23c95cd2deb8445e38304f00d17ecb91638a2c0dfdac04beb90
legacy_stress,114,ESTABLISHED_GENERATOR_UNCHANGED,True,0.07959838041274273,0.6819028392393074,0.14456928436220262,2.095019108657119,,4,12,1.7273225977670863,0.1289,0.0,0.0,0.0,0.0,1.0,55.79701221396628,35.88403638096937,30.978204757430852,42.44341048650525,45.175612642095224,48.24938334312902,True,15eae0313ff0d289ff5503f5065a9723f7a503a11ee28d336815a0f481141845
new_car_mild,114,PT-DESIGN_NO_MEASURED_DISTRIBUTION,,0.05017580930638975,0.40001052344337257,0.05017580930638975,0.40001052344337257,0,0,3,0.0,0.0,0.05236539498582372,0.07619348442925569,0.14079418424376833,0.20432466745465142,0.9427308955458491,88.06193216375172,87.69121428812765,87.62076344322045,40.5957081069634,44.07205066185584,47.713063897756356,True,f8ce140f38e03e0bc07a937e12d30787dc05494d8046ce07e9d8d1190dc395b2
legacy_stress,115,ESTABLISHED_GENERATOR_UNCHANGED,True,0.07997080372977373,0.6682738616773333,0.11687865599672748,1.9586777515891018,,4,12,1.5852376257723315,0.0737,0.0,0.0,0.0,0.0,1.0,60.05199789041469,28.706391815617028,25.52321702091162,41.162350813077396,45.67048142286604,48.83048456588568,True,950f9117283965bb0471a89f4e31f79620d26fe86019a6797dadede8c7e25680
new_car_mild,115,PT-DESIGN_NO_MEASURED_DISTRIBUTION,,0.03620656747715834,0.30727181331445497,0.03620656747715834,0.30727181331445497,0,0,3,0.0,0.0,0.046081253731133,0.06680536838019681,0.07555332701802822,0.10917074128402987,0.9727464908296288,88.55920581439176,88.44559006112843,88.35716859250145,40.0,42.762528992084356,46.434848230726935,True,554a469b9362d8f266861bb70633015a19073229587e8cb04d444b1aae8a7746
legacy_stress,116,ESTABLISHED_GENERATOR_UNCHANGED,True,0.08000016164259291,0.6512055864398036,0.16010713396182863,2.3776561211797644,,4,12,1.982959857182635,0.1107,0.0,0.0,0.0,0.0,1.0,46.13386020028942,33.67623214908999,25.53,40.0,40.87035363354081,44.835011531391835,True,cf53ee33a01cc198f90c91220731b35115a50e0f3b08bbee5c84b5ba0735ddd9
new_car_mild,116,PT-DESIGN_NO_MEASURED_DISTRIBUTION,,0.038530570403307034,0.31922572334522925,0.038530570403307034,0.31922572334522925,0,0,3,0.0,0.0,0.038735117424285044,0.05616924822679529,0.08972019038287699,0.1299017914387503,0.9721974363073361,88.55004716331909,88.40485873079733,88.18120294024821,40.76051876583515,44.08817897770882,46.45675598985203,True,7eb902330606f9016cb2c3afbe6f219ad3ff23ad7d40e191bd4b320fc500445c
legacy_stress,117,ESTABLISHED_GENERATOR_UNCHANGED,True,0.0793181884948994,0.6674261760997549,0.1263093580696958,2.121907448657231,,4,12,1.978691752478095,0.1112,0.0,0.0,0.0,0.0,1.0,54.615797428938805,37.171006633381715,25.53,41.66023669745559,44.09332201058581,49.82361379032218,True,30d90f6e63c5c575ad63a3840e7f6d4962cd25b657528c1f5d98699f5c063456
new_car_mild,117,PT-DESIGN_NO_MEASURED_DISTRIBUTION,,0.05205120491903713,0.45087880224593785,0.05205120491903713,0.45087880224593785,0,0,3,0.0,0.0,0.03060926944228585,0.044327694749321404,0.08892032839249511,0.1281596542822154,0.9784064220349206,88.65144588786687,88.52220761964466,88.44215706951965,44.57822058941492,47.37571009687645,50.0,True,d885c8910775a7238ed692c56c5f29c98a9a431ff6b2983dae4f011b4f2a80a5
legacy_stress,118,ESTABLISHED_GENERATOR_UNCHANGED,True,0.07958705641267852,0.6756207045735637,0.11807856941096007,2.3137802054654326,,4,12,1.973214612801423,0.0742,0.0,0.0,0.0,0.0,1.0,55.830286955636936,36.08263051212203,25.29483656654169,40.0,44.501031931699565,47.298713962206335,True,e7c50dc7146b2459f64c3de9a37a422438df9870b0f9f93bac51d224b1078c88
new_car_mild,118,PT-DESIGN_NO_MEASURED_DISTRIBUTION,,0.0392123103649472,0.32669237944646246,0.0392123103649472,0.32669237944646246,0,0,3,0.0,0.0,0.06261428323642933,0.09094789213312558,0.11260312826412672,0.1639196592054154,0.9453411172214048,88.10606574317609,87.8792713701396,87.57032943093992,42.654630777687025,45.27387288304822,49.2535977501684,True,707be686a872cf1b5c697f19cb342a8646e463ee0f0f56bdefccaa5937a63321
legacy_stress,119,ESTABLISHED_GENERATOR_UNCHANGED,True,0.07975303640258632,0.6283867269883896,0.1324022006775214,1.9955207471071676,,4,12,1.643496111781121,0.1216,0.0,0.0,0.0,0.0,1.0,49.1447727554135,34.94247005164212,25.53,41.890179796034126,44.032179390631136,49.804952592802245,True,fbb2631d041437569250d5368c74523d552630aa41176703425d905c7a124693
new_car_mild,119,PT-DESIGN_NO_MEASURED_DISTRIBUTION,,0.05381734672758893,0.4492685028876663,0.05381734672758893,0.4492685028876663,0,0,3,0.0,0.0,0.03877810339335813,0.05615801968481378,0.05296204995327832,0.07678924615468713,0.9837692118274727,88.73864455357267,88.66802343908464,88.63333004079563,41.62676328299546,45.1032701992459,47.497574504872546,True,6d59895c2bed563249e3c9123bed1c696656345f6f0f6701f23e029d14734f45
legacy_stress,120,ESTABLISHED_GENERATOR_UNCHANGED,True,0.07980626586199792,0.6023263768223778,0.13709149228623496,2.359174097585249,,4,12,1.9780247534974507,0.1063,0.0,0.0,0.0,0.0,1.0,49.38738053059,25.517143806258755,25.39571073269163,40.0,43.437744799901786,47.83405693633705,True,ecc5fbb71960b878ca3507659e224ba8d837d76a8019d2bea1f550c64baaa03f
new_car_mild,120,PT-DESIGN_NO_MEASURED_DISTRIBUTION,,0.0490782490376602,0.3903917222322279,0.04947206326803893,0.4282208501224547,2,0,3,0.1584463567848593,0.0051,0.08168272023990775,0.11885378745529762,0.15999450013981895,0.23101380288214676,0.9007827034586893,79.2169973786082,41.85230615350594,26.958818078203915,40.0,44.28581522243963,47.728566870592914,True,f84723c51135178ffdbce918c241c4125ea1946f01d0e736e1933bb12340e145
legacy_stress,121,ESTABLISHED_GENERATOR_UNCHANGED,True,0.07959722307737103,0.6932844336552768,0.10167430863416063,1.63130783111453,,4,12,1.3738603385569614,0.0723,0.0,0.0,0.0,0.0,1.0,61.75588642300002,41.42935236834618,25.53,41.30669383122429,44.71783167536346,47.80652661840445,True,09bcdab0ab7da4b10d626cabed9f511b674249b40fc81270171b598aed5b179f
new_car_mild,121,PT-DESIGN_NO_MEASURED_DISTRIBUTION,,0.051472180943261454,0.4500311824679145,0.053115435993994604,0.7737464122294405,2,0,3,0.487169525041982,0.008,0.0643295398171414,0.09307834659451654,0.04768385286975096,0.06920718124102763,0.9758322344577031,78.25724972874822,36.44436975092834,27.009717592472185,41.84402027914292,46.21759497798184,48.99650361125946,True,81b516df1cf79f04abc6151fe534901508a5cf3f930e24a059f926b945827977
legacy_stress,122,ESTABLISHED_GENERATOR_UNCHANGED,True,0.0799054515347126,0.6228206559003262,0.10700842449837353,1.5826318656924112,,4,12,1.4420648970719732,0.095,0.0,0.0,0.0,0.0,1.0,53.65465033778809,25.51569867542584,25.415104079109724,43.25166388651972,47.22200502793405,50.0,True,de7a1516096454a11d5118cb4c5902deca9b5e23047483f5592d26e26a813124
new_car_mild,122,PT-DESIGN_NO_MEASURED_DISTRIBUTION,,0.04619944714881276,0.372115645591779,0.04619944714881276,0.372115645591779,0,0,3,0.0,0.0,0.05377513835318257,0.07779193122392714,0.08026465636003932,0.11682275048884753,0.9662175208092256,88.45204755996306,88.24715036866914,88.13146669622782,40.0,43.69748571197197,46.11598180377859,True,297c8db7634aff33a6f280777a7ab0e2d2de8cec989c0bc64806691729031827
legacy_stress,123,ESTABLISHED_GENERATOR_UNCHANGED,True,0.0798566850101918,0.6641408075042132,0.09964785910578788,1.9557491344370241,,4,12,1.8322076317319573,0.0486,0.0,0.0,0.0,0.0,1.0,61.09946220200378,25.53,25.50570701071232,41.793513560106064,45.444086125476886,47.74911940218713,True,b6ecd536510e8c6bf7ba1780105ae044893606e81657e49f22c98677fb6831c7
new_car_mild,123,PT-DESIGN_NO_MEASURED_DISTRIBUTION,,0.04988803991384852,0.399440862539051,0.04988803991384852,0.399440862539051,0,0,3,0.0,0.0,0.07367803876345673,0.10692506963858718,0.08388637184807925,0.12127064713714931,0.951675398455853,88.21143774298476,87.98939358807858,87.61921658197352,42.02274036356586,44.65335888798811,49.31475199758911,True,092f6e4a9f7700798de460267ee9140ab12502d104824241f29dc88b082232db
legacy_stress,124,ESTABLISHED_GENERATOR_UNCHANGED,True,0.07926526755580436,0.6594313141240871,0.10213646106486149,2.0231090649396988,,4,12,1.9680704221490226,0.0518,0.0,0.0,0.0,0.0,1.0,63.799681425025604,35.653406449261546,25.53,44.565790600808974,47.82123698825261,50.0,True,1b41ffe71c4062bde5949a68eede00de08938e1bf0d75fba09b75c1ec1ed4c6c
new_car_mild,124,PT-DESIGN_NO_MEASURED_DISTRIBUTION,,0.045736147369060745,0.3664233485924777,0.04659471633327334,0.6250713912619494,2,0,3,0.5217206743041577,0.0055,0.05701569751702068,0.08214920426350567,0.1330301809283961,0.19403635669742644,0.9411583262825562,81.25465075993702,53.63007050479934,26.993974223380235,40.0,43.231935335030656,45.70513973139973,True,a20e80f09193d251babd7d4f817a1b54b67fea3043df7ee3b7b820f8e9c4d541
legacy_stress,125,ESTABLISHED_GENERATOR_UNCHANGED,True,0.0796424142069772,0.7020006906612588,0.10585823615169898,2.148871479052468,,4,12,1.6875523754292217,0.0742,0.0,0.0,0.0,0.0,1.0,60.469119810476634,35.35760448788155,25.479963084927174,41.997851516411714,45.194179424566784,49.110627572550214,True,504590386a64e9a8b89b6845fd90794041e14e005674e46ba3ee08814a192827
new_car_mild,125,PT-DESIGN_NO_MEASURED_DISTRIBUTION,,0.041618778142581685,0.370712070093031,0.041618778142581685,0.370712070093031,0,0,3,0.0,0.0,0.06879013355190074,0.09981240883336906,0.14623363017141483,0.21145249437906974,0.9220981799372286,87.71291373036871,87.35066635430827,87.0665813840161,40.0,45.19774079095061,47.200755211983484,True,e33bedd6dd28ee2f196beb4a471b66f7d9123820605f55008264f064e8f98a7e
legacy_stress,126,ESTABLISHED_GENERATOR_UNCHANGED,True,0.07972191198690308,0.6071056051204975,0.137526428867729,2.234742714372318,,4,12,1.8365204899916554,0.1244,0.0,0.0,0.0,0.0,1.0,51.577013487940036,36.24003404974707,25.395340232436578,42.9294199389315,45.28913118602595,50.0,True,41aaf8ce6dd70ca4dffc315b96192c7838decb282e73800d54a2c905ecc24433
new_car_mild,126,PT-DESIGN_NO_MEASURED_DISTRIBUTION,,0.038908643426653,0.30943452849292374,0.03967238120961706,0.3623012443065927,3,0,3,0.17789200639440117,0.0114,0.054035229861871606,0.0781245013112342,0.12037834091350699,0.17450331692227308,0.9493704379133971,77.06095540988785,55.70676188665284,26.991231133391032,46.52676123234458,49.292936496151405,50.0,True,7ae122fad5cf3a4452a7479ad9b0104b4937bcd4ad0c75781118f6a11e287980
legacy_stress,127,ESTABLISHED_GENERATOR_UNCHANGED,True,0.07966479384279702,0.655279606008238,0.13556459519659161,2.4189619738866033,,4,12,1.9539259594037526,0.0743,0.0,0.0,0.0,0.0,1.0,62.007733559281895,33.03587419131028,25.53,42.252421884020976,47.2992206629887,49.578014327175644,True,3d15842ea205bedfb3938933a259be13b8f6ea10ce166e6046af23c67cea5b6e
new_car_mild,127,PT-DESIGN_NO_MEASURED_DISTRIBUTION,,0.0583360737288624,0.4806972959216017,0.0583360737288624,0.4806972959216017,0,0,3,0.0,0.0,0.0528495681889193,0.07640173146762483,0.07561870359631466,0.10997969140129206,0.9688756488291099,88.49582742203309,88.38404882776722,88.18433734765824,41.8478620471498,44.36700709774296,49.63442397384697,True,e22d2f0e51c9e6c1c27db46220279b5af721093b21380c2d0e2abec7dcc44e70
legacy_stress,128,ESTABLISHED_GENERATOR_UNCHANGED,True,0.07864587765284803,0.7093149647893202,0.14217032459099696,1.9340317712324322,,4,12,1.4559608139132423,0.1338,0.0,0.0,0.0,0.0,1.0,55.27446830748926,35.39134296520526,25.37560267321738,42.03641164762534,45.26891014801035,48.27753404135222,True,ff59a253149c1a7accf315ca12f29412b2186fc146da9076756459437656c14b
new_car_mild,128,PT-DESIGN_NO_MEASURED_DISTRIBUTION,,0.03495976942624878,0.27195555140824546,0.03532915586674247,0.3295965906904643,2,0,3,0.1886854415718765,0.0039,0.08918872785948224,0.12901516026705617,0.11595249320859932,0.16804156206171275,0.9201286145722437,82.3599424924221,59.07574086005562,42.61781725427103,42.53697272167344,46.03281459834864,49.878014758885236,True,b0f2ada3fac13bb6381c6a23700622378385dfbb24dda6b04fb6f4e808f2cb8f
legacy_stress,129,ESTABLISHED_GENERATOR_UNCHANGED,True,0.07986930464793301,0.6262782537165246,0.13306176644668785,2.0950761973762853,,4,12,1.7430280862673062,0.1431,0.0,0.0,0.0,0.0,1.0,48.089543558652466,30.247872241851194,25.50910064852376,40.944653090786346,43.03068180748974,47.26612048532564,True,3e3c718ecba1d92d4ff4b51205cdeebcabfdec5b9737de7930f96e580079fbfc
new_car_mild,129,PT-DESIGN_NO_MEASURED_DISTRIBUTION,,0.047828505885864694,0.37774790881800097,0.047828505885864694,0.37774790881800097,0,0,3,0.0,0.0,0.08724600479039167,0.12655471743357063,0.09663700334094759,0.14060126178707735,0.9357470574147626,87.94538040005648,87.69609091352585,87.54233021267243,42.43973024802318,44.784594618788965,48.077189575570635,True,5eca4307e0294b42dd896258996baf0f999dee10f0b217ba4c37dd750e956ae7
legacy_stress,130,ESTABLISHED_GENERATOR_UNCHANGED,True,0.07967961409049397,0.641049841288553,0.09891825325924397,1.90204169499909,,4,12,1.7099002916896868,0.0664,0.0,0.0,0.0,0.0,1.0,58.566921738809334,25.53,25.513082823411533,40.96101805117995,44.72196481247644,47.11404301079989,True,a13a4e44425bd3570f28102ff268aca1a9d3d3e81b39f0e4aa446904221d3cb2
new_car_mild,130,PT-DESIGN_NO_MEASURED_DISTRIBUTION,,0.05370459246492678,0.44584746500961947,0.05375338523031104,0.44559694903503533,1,0,3,0.19210491401707425,0.0014,0.05875095336569594,0.08529536804320183,0.14844799308408924,0.214163842179796,0.9324786331283409,86.64045390088961,87.51232081376692,56.577898927617525,40.0,44.0433816652933,46.41866296316879,True,b8d87acb18eb89e6b9e56a46b236be4c615f1664d2b0bd05da83af8561b47ad4
legacy_stress,131,ESTABLISHED_GENERATOR_UNCHANGED,True,0.07999030805793368,0.6321328133465809,0.09317465790640812,1.5917168472846062,,4,12,1.2702691572877216,0.0435,0.0,0.0,0.0,0.0,1.0,64.72850197332572,34.069628243118906,25.53,40.0,43.49374336981289,46.832607574771174,True,a5a0d576486618867ce40cf180b28714a7c75d96908d2710ab2c9cd7a18f01e7
new_car_mild,131,PT-DESIGN_NO_MEASURED_DISTRIBUTION,,0.04364139050922254,0.385169592235456,0.04451201816228746,0.6032443228436866,2,0,3,0.3998975546618711,0.0068,0.09583542050454888,0.13929809218036365,0.08357030985108983,0.12123056622140035,0.9383579055146177,81.27059780179933,54.99814408977783,26.991981144034987,48.09350826303247,49.93553258479212,50.0,True,9320128269d9d24f1ae2ca190b3fef1f6cba16d832326432d6853ba2d725fb76
legacy_stress,132,ESTABLISHED_GENERATOR_UNCHANGED,True,0.0794136788588135,0.6702013662643771,0.15154159240108334,1.9408863958333873,,4,12,1.6004190466539923,0.1342,0.0,0.0,0.0,0.0,1.0,51.20898027111411,34.10749078108457,25.275829861095932,40.85538825892737,44.691091906202814,47.330640791770534,True,9aad5e36f96f46080c012d37a67da47222df90e583f61663d7c4baa85bb48854
new_car_mild,132,PT-DESIGN_NO_MEASURED_DISTRIBUTION,,0.06206962314716659,0.5041649780257742,0.06257844543635786,0.624121213435779,2,0,3,0.4847441731710089,0.0055,0.06008385723982757,0.08735071239382747,0.121921193620902,0.17754960613098633,0.9440555373431851,79.43833663081072,38.12291378778582,26.987405492477,43.17426799506833,45.2624446952402,50.0,True,8c5daa096b7d3b651769c39b9543d1e2b478784f75a810353656bcd6ba671d07
legacy_stress,133,ESTABLISHED_GENERATOR_UNCHANGED,True,0.07991240017571434,0.644742819947131,0.1271569979597856,1.8919064325449642,,4,12,1.5158517156695475,0.1196,0.0,0.0,0.0,0.0,1.0,51.85663395079789,30.500102599916502,25.392919426128376,40.0,43.74239398257131,49.32698467652183,True,ff6bdf4c3a801967f563f25068fa77bf63cecb310a559bde57b1978127fcf6b5
new_car_mild,133,PT-DESIGN_NO_MEASURED_DISTRIBUTION,,0.04484348644398037,0.3654227785624511,0.04479014420666276,0.3656310199613859,1,0,3,0.06938267471676834,0.0017,0.0843671763096014,0.12184699202364724,0.07300502035579484,0.10591933010398748,0.95304076904681,87.11792997309303,87.97003771754017,64.6444601871554,40.44483908612432,43.95632670222848,48.201179667143606,True,76bdefe21fbb415093c22687c7ac662c26918e8e819b16aba6e509ef7299db84
legacy_stress,134,ESTABLISHED_GENERATOR_UNCHANGED,True,0.0801139020871507,0.6847159593830272,0.09355652400334445,1.3645746534730792,,4,12,1.1524326803177598,0.0468,0.0,0.0,0.0,0.0,1.0,68.91811086041699,48.60883830659933,39.86621098541023,40.0,44.31231641888694,47.33444709090189,True,511745def7aad9326521573d33a3529fecf25d7f7e98920060b8f00e366889d2
new_car_mild,134,PT-DESIGN_NO_MEASURED_DISTRIBUTION,,0.04467762731392336,0.3663277831864137,0.04467762731392336,0.3663277831864137,0,0,3,0.0,0.0,0.09040315252564776,0.1306149914964172,0.14297441021987364,0.20711764480942632,0.9023665983374325,87.37435161998667,86.94055421174461,86.61956068361823,41.4273590693673,43.9552963965106,50.0,True,c531a85a60e0521bdd0efb0e3fafe7788451b6fb53be08bd3d39e506b07b0162
legacy_stress,135,ESTABLISHED_GENERATOR_UNCHANGED,True,0.07954499849749397,0.627028941065169,0.1264844516833862,2.254232358306109,,4,12,1.8082813934640274,0.1079,0.0,0.0,0.0,0.0,1.0,52.563437241144584,37.92361502012166,25.338008969022578,42.3243844634185,45.274754665675665,49.262446166478085,True,0e5d1fbdc0e1aed77452f8b571af8e6a7d79e53de266ce46163906486f353dfd
new_car_mild,135,PT-DESIGN_NO_MEASURED_DISTRIBUTION,,0.06387441601242735,0.5133608957837907,0.06387441601242735,0.5133608957837907,0,0,3,0.0,0.0,0.03446568878594992,0.049965667351713504,0.12913279616000806,0.18747550370614033,0.9651130477673767,88.43392518896218,88.31062603936194,88.0782875388954,41.79410353133182,45.071545393289426,47.38053489436941,True,67df4ef67c962b72ef2f7f8e95d456deaaa9e17ec3524c038d4f175fb2e6c15a
legacy_stress,136,ESTABLISHED_GENERATOR_UNCHANGED,True,0.07968955951606427,0.676893738881706,0.15390527002227006,2.3468590029965504,,4,12,1.9680238623093693,0.1417,0.0,0.0,0.0,0.0,1.0,49.5481207384774,32.643889303374735,25.34103248756271,41.89006218503581,45.351843280913236,49.02047303900419,True,ae6db19fc857c89f22075406e451907ba8a882061ef0410204f42205c4ac04a3
new_car_mild,136,PT-DESIGN_NO_MEASURED_DISTRIBUTION,,0.05082787221516613,0.404187694176772,0.050937987427742464,0.42281235500381453,2,0,3,0.17437282545734625,0.004,0.04911128757810861,0.07114877256673752,0.11588313417978474,0.16745113385509552,0.9555464797988495,83.83262486043661,87.9316850694255,27.006590295234176,43.07044560855435,46.654948307198055,50.0,True,ac08b9548a854b6c1c3ec8d4a90fc6b87a61e65ca1704192d84bee0285e63fed
legacy_stress,137,ESTABLISHED_GENERATOR_UNCHANGED,True,0.07974991718843956,0.648548412784326,0.16815865943459626,2.3567483838880317,,4,12,1.9914646002954024,0.1674,0.0,0.0,0.0,0.0,1.0,51.18574500209932,34.39966924190345,25.53,40.0,44.10011795204567,47.00242959193175,True,3d919e266487aa149630667871ee58ab71435c71c924b4c42a911ca2613b1193
new_car_mild,137,PT-DESIGN_NO_MEASURED_DISTRIBUTION,,0.0630384819397626,0.5161167173088188,0.0630384819397626,0.5161167173088188,0,0,3,0.0,0.0,0.07853583681042732,0.11375295128280909,0.1426686385634834,0.206952250649479,0.9156337995924984,87.6033733951263,87.32900674077888,86.86417363080645,40.0,43.63688622755513,45.79217784088574,True,c5aa287f6f0e0ef91f8862608872c731f9ddb48591eaa205f0284c279ecaa86e
legacy_stress,138,ESTABLISHED_GENERATOR_UNCHANGED,True,0.07992096023606293,0.652442914082126,0.12025889943887835,2.0293978246888806,,4,12,1.642163853305288,0.1087,0.0,0.0,0.0,0.0,1.0,54.60062385583435,35.67079917651521,31.8559178950416,41.82627810471293,44.633616543435174,47.843704753761884,True,836b369f292fbaed3818d1023152310f6377feb2f75c55f960e52405cd64c8b7
new_car_mild,138,PT-DESIGN_NO_MEASURED_DISTRIBUTION,,0.05772770229816035,0.43684805411776134,0.05772770229816035,0.43684805411776134,0,0,3,0.0,0.0,0.07138632355744977,0.10314109884153748,0.058090133077043735,0.08475971902918145,0.9676946792417311,88.47645357534954,88.35696163551104,88.23765661944746,42.99287023316887,45.29884908273644,49.115026556991346,True,665eec2d58786667f5f9aecc1b89dded03e4ca37fd935c8cf1688d0f86d3981f
legacy_stress,139,ESTABLISHED_GENERATOR_UNCHANGED,True,0.07932944909899743,0.6774359645444351,0.12512639152683364,2.1938872539532563,,4,12,1.8796284156409149,0.1193,0.0,0.0,0.0,0.0,1.0,47.19557933054809,29.050087156293955,25.38849471753152,41.43240746614628,46.250448157320676,48.881115923094875,True,acdc3e2eaa965249139f7a8d686b1f3be0d40de5dae4ae44d4bf950f7adaaf19
new_car_mild,139,PT-DESIGN_NO_MEASURED_DISTRIBUTION,,0.041434391868557484,0.3718621979325868,0.041434391868557484,0.3718621979325868,0,0,3,0.0,0.0,0.0317018434511699,0.046048806170374275,0.04644247865096326,0.06731843130719324,0.988233363197731,88.81084273940127,88.74070874380043,88.7077288685507,40.03348075083719,45.11264730298208,48.92512801167556,True,00e3e2e8dab474feac834cda98fa1954606edf3d7ba8031a0b966b61b1f05445
legacy_stress,140,ESTABLISHED_GENERATOR_UNCHANGED,True,0.07988782654314237,0.6193738700089642,0.14763690351963163,2.1540631279106774,,4,12,1.7383577380220747,0.1357,0.0,0.0,0.0,0.0,1.0,46.91435672084371,25.448526854782518,25.33045559478102,40.0,43.374699911887426,46.81004343002763,True,6946b70f8efd37d756e83fb2422e487871c3539201574a8ffd43b92fdbb6e252
new_car_mild,140,PT-DESIGN_NO_MEASURED_DISTRIBUTION,,0.05108046155185657,0.42622636160595195,0.051229949741428346,0.42785482590232093,1,0,3,0.15069029840808387,0.0028,0.09946963219585273,0.14443599515947933,0.13839765540333385,0.20192563907790717,0.8967930745804304,82.4391600819678,86.49039280930869,26.9697990264665,40.0,41.84233870772207,45.10700059713734,True,e8f6e5d6b0c0cae8b93841fbcbbb65fd1c03218f54aae04c1a49c77b99b14325
legacy_stress,141,ESTABLISHED_GENERATOR_UNCHANGED,True,0.08000612092951626,0.7149366784404689,0.1435591782097386,2.379583305307415,,4,12,1.9856699130447497,0.1396,0.0,0.0,0.0,0.0,1.0,47.17783990368831,25.50845037476231,25.419562261958067,41.89941634077096,45.073074420287774,49.34815758774763,True,d559ac5154c3b244a974e8f9aa728da05231a73f2655c08cf4916211e41394d9
new_car_mild,141,PT-DESIGN_NO_MEASURED_DISTRIBUTION,,0.03506524331082934,0.30231861501966867,0.03562107420776845,0.4136340836929983,2,0,3,0.5633284867591299,0.0047,0.06147085900210783,0.0890724976833638,0.07523636275979864,0.10903962267464067,0.9638136819341456,82.3007968910041,59.6691727981418,47.945707573828514,42.491957765147106,45.011769681746415,47.66102633403764,True,3c64173ac8207bd09079eeb3279980b2ec92eb87c10a5968aeb6e857b696404c
legacy_stress,142,ESTABLISHED_GENERATOR_UNCHANGED,True,0.07988831448943029,0.6590390537803041,0.12387905175852784,2.0979411248076874,,4,12,1.825783427165647,0.0858,0.0,0.0,0.0,0.0,1.0,58.516359145528774,38.027368703535124,25.53,41.60494372331463,44.93830977710578,48.00537089243161,True,015151d8965b62f33ee46e1c54071de97ad8d83aa1dd10087fd6c5812e71b760
new_car_mild,142,PT-DESIGN_NO_MEASURED_DISTRIBUTION,,0.0618534448347575,0.49462572143021316,0.0618534448347575,0.49462572143021316,0,0,3,0.0,0.0,0.0548427583353376,0.07971904792405175,0.06453977912817958,0.0938563818068816,0.9719094183960915,88.5453716845832,88.42110144723655,88.15819547408717,43.663690318219075,46.56129595543993,50.0,True,02ea43508f82b97679078107142125a296fa1084574b4dfee88ecd1f2f4f1619
legacy_stress,143,ESTABLISHED_GENERATOR_UNCHANGED,True,0.07872002231238277,0.6971722102085276,0.13851591032925287,2.1812047857551873,,4,12,1.7430789878397015,0.1377,0.0,0.0,0.0,0.0,1.0,51.99352864949677,36.372961801654526,25.285302480242027,42.68469371793739,46.34397243882292,49.7837793454451,True,bf979b0c73e5ce22a9af0d2cf3235e2f9ec37fb61ed345ba8a9e01cccc128023
new_car_mild,143,PT-DESIGN_NO_MEASURED_DISTRIBUTION,,0.06446787808568596,0.5779239075796113,0.06455954429510997,0.5778917837275667,1,0,3,0.06187855128947968,0.003,0.06118404514331892,0.08874117194541704,0.14044924750090276,0.20328501594738718,0.9337834244829817,83.02215273666368,87.48499897906056,26.992781666908332,41.280780938989025,43.32658305224315,47.32019195642725,True,159f2e9215c8d0f40695d4717087be2cae1860c1a19d9f922ce6f49d6b5f02ed
legacy_stress,144,ESTABLISHED_GENERATOR_UNCHANGED,True,0.07944740058533245,0.6265640162747783,0.08961209510606723,1.3224577360185985,,4,12,1.0993360899222535,0.0405,0.0,0.0,0.0,0.0,1.0,66.76946934570049,37.81853296191781,25.42554986521037,40.256758597026675,43.496006592875425,46.566949183919,True,2349c0e0f2da6115daa280611732d1d7ccbf558314bbdb3c081065b15f7602e8
new_car_mild,144,PT-DESIGN_NO_MEASURED_DISTRIBUTION,,0.04847860503427512,0.3866083496415718,0.04918199301616915,0.5372094745898591,2,0,3,0.4628962150927003,0.0049,0.09549822250816903,0.138107435542132,0.1477970262649601,0.21497460991137274,0.8934163457553485,80.76460375814156,62.0076864277027,26.965979967069142,43.15473976778821,45.97023184073364,49.78943106025102,True,6f17a4f5d2a280ff3ca16ec251a6a7365609e31b75ebe0018af4dd6d749b0c3c
legacy_stress,145,ESTABLISHED_GENERATOR_UNCHANGED,True,0.07917963586668476,0.6996500361060014,0.11463919502995706,1.9471591433505493,,4,12,1.6905534921193013,0.0827,0.0,0.0,0.0,0.0,1.0,58.181779617641524,38.52769793418279,30.565324380544794,41.751523672084346,44.24065357530672,48.25654871487013,True,0aafaa30585c599d0589165e8a7c6ce21874384ab36bb8a84b70e62101c136b2
new_car_mild,145,PT-DESIGN_NO_MEASURED_DISTRIBUTION,,0.035222897785203,0.2999674836611873,0.035222897785203,0.2999674836611873,0,0,3,0.0,0.0,0.08911253062099983,0.12968895469957004,0.052247873387518656,0.07592026927539637,0.9635949817528221,88.40891385320485,88.28114641255007,88.02170305793861,40.402694913989,44.73347253758436,48.40721804256075,True,f0d978178bed18ba35084e634f51ec245b8d4ef9594776885307fbd10f269349
legacy_stress,146,ESTABLISHED_GENERATOR_UNCHANGED,True,0.0799511334861681,0.6826662592597796,0.11743962890300635,2.283378833748741,,4,12,1.8632461578332784,0.0795,0.0,0.0,0.0,0.0,1.0,55.894716723721004,25.527863716367815,25.24967862474105,40.525175256328524,45.256467632786766,47.31542990111195,True,39632ec2df41355d66cca26a1ca23a879cbf777f9be87b1e036d0f8f5e76cbe5
new_car_mild,146,PT-DESIGN_NO_MEASURED_DISTRIBUTION,,0.05180473174007424,0.4290912974165889,0.0518204856307555,0.4289979072432716,1,0,3,0.06532173605701676,0.0023,0.05507163337702732,0.07988545018706678,0.07573962069486262,0.11043446594588142,0.9672167523500768,85.49181040817587,88.14064147923635,27.00897428446373,40.0,43.000513910141564,45.14962916167591,True,ec76d128f522491424bcda6184e27a4b78f99f93b7a3081ebceb074d97b4dc12
legacy_stress,147,ESTABLISHED_GENERATOR_UNCHANGED,True,0.07989332009710012,0.6686621487856224,0.1007519660198688,1.9417511176679232,,4,12,1.809653252721934,0.0483,0.0,0.0,0.0,0.0,1.0,61.53236760659521,29.36915128098029,25.53,41.41470586536461,45.19326276873359,48.30806112282021,True,e85a45319a33dbd093a590344f7befd72360e360abf55bd21b2c0a9442daed56
new_car_mild,147,PT-DESIGN_NO_MEASURED_DISTRIBUTION,,0.05669547929347741,0.4778717278452646,0.05676696321026072,0.4778666352503205,1,0,3,0.08323104840071334,0.0009,0.06932746949529846,0.10038144388352661,0.14441531226701196,0.20960668125966694,0.9241465058091141,85.32307531237173,87.37149191291702,26.98052847809381,41.45715689001239,44.10021077678916,47.54354616683608,True,8cd423a74d1c5b3a0e382a96c2b28ebfcb7229d4cd6f02443eb9672733f27505
legacy_stress,148,ESTABLISHED_GENERATOR_UNCHANGED,True,0.07932452685793995,0.6225612910073002,0.13056533189867559,2.0716131642865023,,4,12,1.7350747154653308,0.1141,0.0,0.0,0.0,0.0,1.0,53.77833522597503,34.66271059160507,25.468807210729658,42.07304732525396,44.93462366283765,48.65764037156932,True,c68dfd5d72c29e8ee9102347eb5a5ee9dee301ed7999638c5dc5913259334641
new_car_mild,148,PT-DESIGN_NO_MEASURED_DISTRIBUTION,,0.03935816819761355,0.3231518310361716,0.03935816819761355,0.3231518310361716,0,0,3,0.0,0.0,0.08914030154124915,0.12906005334702014,0.10717653909267251,0.1553109058547018,0.9271888470132068,87.80006387038742,87.43783136767162,87.26897652156164,40.0,41.873946466585956,46.82493793259792,True,9e84a788725eda8ed09cc2e73bc1d7e035ed818551ff902624f139632b87c326
legacy_stress,149,ESTABLISHED_GENERATOR_UNCHANGED,True,0.07994480627589445,0.6284541486843882,0.13383161092820348,2.090741116360139,,4,12,1.7466421777373828,0.1178,0.0,0.0,0.0,0.0,1.0,52.284960144153814,35.70312667464214,25.53,42.221411328044596,44.76488059097472,47.52860923063585,True,6946e7b49a53334b9d6bb0a7e8d16ea4b2d9155a7de0492838ada04e673e60a9
new_car_mild,149,PT-DESIGN_NO_MEASURED_DISTRIBUTION,,0.0639366604446306,0.5411107818069284,0.06394578662438771,0.5411321870741965,1,0,3,0.10889508504948121,0.0019,0.07658762050947952,0.11122405926546719,0.14603858839585426,0.21098727247234134,0.9145080032006808,85.18419027867986,87.1548090413663,26.958483843132562,44.53160417903794,47.98082279478748,50.0,True,35952e8324f22c1235bdc1abcb3596f2091e26a350d1c0e4548fee333c6b8560
legacy_stress,150,ESTABLISHED_GENERATOR_UNCHANGED,True,0.07960705129525286,0.632571055236546,0.11838833530288145,1.727121598102912,,4,12,1.8103955814963777,0.1301,0.0,0.0,0.0,0.0,1.0,57.35318988533858,38.49353835050281,25.469911982587288,41.67128437226386,44.13962989087894,47.81448801759842,True,a13e19c7fe3f31ca1c9eb84c8bf2fe6fd02863d9d0121849c9ed57205a79170b
new_car_mild,150,PT-DESIGN_NO_MEASURED_DISTRIBUTION,,0.03972751567068194,0.3465378102442718,0.03972751567068194,0.3465378102442718,0,0,3,0.0,0.0,0.08013453622562858,0.11634796619503432,0.12853816453249967,0.1860949681166169,0.9213686729391058,87.7010446881086,87.3266470404857,87.04717668385479,42.57698080908398,46.444865155425596,49.496235474722354,True,c68dd385465ed7958a07b73833c1eb1bed30d7b1a1cfdd0df06b7cba33db96b0
legacy_stress,151,ESTABLISHED_GENERATOR_UNCHANGED,True,0.0798553351900343,0.6570746680222885,0.13486845330746583,2.1469485082514175,,4,12,1.9598806615785398,0.1305,0.0,0.0,0.0,0.0,1.0,44.53350406810435,25.53,25.516790938432337,42.716614945488104,46.148520463964985,49.08929608011785,True,346f24e7abcb6d2cbace98f69d58509a93100b52431382ed5f43fc9d69cc39f5
new_car_mild,151,PT-DESIGN_NO_MEASURED_DISTRIBUTION,,0.06156460984878549,0.5660602714293774,0.06182901138308564,0.576568702959152,1,0,3,0.16266671617251058,0.003,0.08975547758826104,0.1305423017306344,0.1464410894321323,0.19656416515937705,0.9007614497289689,81.65067244961881,73.56563764347231,26.95455256054471,42.01677567115661,45.26044616244794,48.18334572738297,True,1f331d223971c43db69a53f294c0db082d283b65604780da17d19eb1d26a4a79
legacy_stress,152,ESTABLISHED_GENERATOR_UNCHANGED,True,0.08025559036001415,0.6024742464388044,0.15536548392577115,2.186701861473748,,4,12,1.7994514688055605,0.1424,0.0,0.0,0.0,0.0,1.0,48.40766616119583,29.934501144447758,25.35466876913498,41.13424758515899,43.633907544006945,48.57650165030469,True,17cdd86bf5caf0da2670d802b0e9d84258f3ffd42c6d408bc5e5504ce1bc5c31
new_car_mild,152,PT-DESIGN_NO_MEASURED_DISTRIBUTION,,0.056477136221055026,0.48692025169046826,0.05665894905972334,0.48647746375807527,1,0,3,0.1633264251656676,0.0033,0.06891467577878874,0.1003550496561421,0.08723007232994327,0.12686024582546365,0.953005848957923,82.16542196768474,70.70512995218125,27.002702246654646,40.804031979857946,45.10805449111195,48.86986632635067,True,e6da219a9c5cee4ecbf62317cfc718f825010602680365d4e380883c179e30ca
legacy_stress,153,ESTABLISHED_GENERATOR_UNCHANGED,True,0.07966127826791025,0.6867448332651277,0.11509036713562991,1.9420676178798995,,4,12,1.7475940413933164,0.0945,0.0,0.0,0.0,0.0,1.0,49.53797474070316,25.52730919596098,25.41154566295448,43.26587433826953,46.52005466858182,50.0,True,9bd897bc7a5d3c4604e3e505b817bdef59f240758e8bd9ab9b06c9264fd3d223
new_car_mild,153,PT-DESIGN_NO_MEASURED_DISTRIBUTION,,0.052060296879949695,0.4534932098750477,0.052231465376965346,0.48934158856388366,1,0,3,0.19488956369333132,0.0016,0.08854819640788218,0.12858743331488617,0.12233434015238988,0.1760392963705447,0.9183546147439764,85.21097265515444,87.26260456057449,26.99144853197711,41.08785287059464,44.35431513042423,47.89237195605042,True,28288697b0b1eb85cec856827ae574a4f1a50c4b12248a6921221ba9238282ec
legacy_stress,154,ESTABLISHED_GENERATOR_UNCHANGED,True,0.07997675527275601,0.617177857856288,0.1336114027582634,2.1184251335093935,,4,12,1.9175017400545824,0.1037,0.0,0.0,0.0,0.0,1.0,53.295095521819555,28.65282377418176,25.425788417238806,43.012851317444046,46.22027841568585,50.0,True,477ee6761f934b5badcfd120016106eca43159e60082fafe03bef1235f6310be
new_car_mild,154,PT-DESIGN_NO_MEASURED_DISTRIBUTION,,0.036950618287674465,0.31235094072121017,0.036950618287674465,0.31235094072121017,0,0,3,0.0,0.0,0.07308317097543099,0.10604527817571081,0.08598828476157942,0.12474736748596439,0.9516811959878211,88.21194982827538,87.98004279067602,87.9298296942695,42.68960855511831,46.80632214713145,50.0,True,f49f0ab76c878a53a79f6db4160d7982224577223db2cda9aa4c4cc10ca4fd7a
legacy_stress,155,ESTABLISHED_GENERATOR_UNCHANGED,True,0.07952297650678974,0.6240503192683916,0.10159142097904016,1.9532538849638532,,4,12,1.5767502519910948,0.0786,0.0,0.0,0.0,0.0,1.0,53.7460171551358,25.53,25.526717409485286,42.45033611054045,46.31531004401717,48.09126629723222,True,ae202817a812ef65a9a7ea78ddbd7a2ac6d3455bce3dfa8e261ecb8fe2b2db98
new_car_mild,155,PT-DESIGN_NO_MEASURED_DISTRIBUTION,,0.06052030854457969,0.516601916732474,0.060601253784812015,0.5161700801641707,1,0,3,0.08950167589413213,0.002,0.04979323825456639,0.07239597009731424,0.06569145651860729,0.09510858503787464,0.9744475172242475,83.65688780017426,88.42445894947973,27.008929986457805,42.37291474587183,46.09882025006625,49.37542004445333,True,90480f47e58a8a8461f9006fb9c5e8bf96f0c74d0cfe9b60bcc50c30362ee843
legacy_stress,156,ESTABLISHED_GENERATOR_UNCHANGED,True,0.0796077338383841,0.6577810029989575,0.1304929075101455,2.2894956684975054,,4,12,1.9754986701847372,0.1248,0.0,0.0,0.0,0.0,1.0,50.73640206663826,25.53,25.48018957977614,43.774045524820195,46.54343345667221,49.45333859314309,True,0717d66bfbb5d772404e714711502d5441c69d194bab19de346e25f5b1e0c7ce
new_car_mild,156,PT-DESIGN_NO_MEASURED_DISTRIBUTION,,0.05910984295777742,0.4670326988530013,0.05910984295777742,0.4670326988530013,0,0,3,0.0,0.0,0.04234061392053709,0.06147892736925512,0.04912848379464345,0.07121610377960087,0.9835697003120133,88.72465819984546,88.64975777910885,88.54162344649637,40.76264968658024,44.716043111210745,48.40262283703833,True,2ce6133f09499617ab0ed6a48809c199512ebdcaa64a446f514f925d82bcbb01
legacy_stress,157,ESTABLISHED_GENERATOR_UNCHANGED,True,0.07893285827268139,0.6238751252277934,0.132390468494188,2.2681380073540582,,4,12,1.9737390897400469,0.1087,0.0,0.0,0.0,0.0,1.0,53.67996534968483,33.69234529307407,25.501737910465472,42.54507877507347,45.3901703682127,50.0,True,f08a48df398f4ecf0a205e6de4e46bedb3b7acb0b8ab14f24166cc18e9cd02ff
new_car_mild,157,PT-DESIGN_NO_MEASURED_DISTRIBUTION,,0.05279902924232831,0.4151205633223989,0.05279902924232831,0.4151205633223989,0,0,3,0.0,0.0,0.07801876909121676,0.11295414777146433,0.07990490093145809,0.11595796327902312,0.9513274397971634,88.2056456710135,87.94898207782877,87.69127314398617,40.68633228406514,44.95413440477119,48.62722680732407,True,2f32a33e255e7b7a8a5e6a66f5bfc8e0a1caf53fbd6616fc7b0080e83ec966e2
legacy_stress,158,ESTABLISHED_GENERATOR_UNCHANGED,True,0.0797898025565404,0.6573040482116723,0.11870172933195094,2.0985371574179212,,4,12,1.8174550832115686,0.0993,0.0,0.0,0.0,0.0,1.0,54.17373486696362,28.881752712478946,25.280555115558602,41.1462252469681,44.6473745365437,49.006802549829814,True,be9c98f53a739764eadadc9c65f59ee7d682541285c7cf73f821c21709375572
new_car_mild,158,PT-DESIGN_NO_MEASURED_DISTRIBUTION,,0.05643335985080823,0.4520335103363121,0.0568120993732904,0.6245357788852892,1,0,3,0.5530342475605272,0.0025,0.05891420419282679,0.0855554666362451,0.06060996091523391,0.0881661507167837,0.9719486176419414,86.80191927840751,88.38285500166658,44.943192203677455,42.55229583787411,45.982257556739356,49.837343547393715,True,b1bdb6a82cc5f2406d0ca032ec33567de3b040dfaa5fcf5d0f5bdb6b0c97ad22
legacy_stress,159,ESTABLISHED_GENERATOR_UNCHANGED,True,0.08000041352127628,0.6857681424581699,0.16310509445059254,2.201438867765177,,4,12,1.79878303275722,0.1468,0.0,0.0,0.0,0.0,1.0,51.50773726902731,31.99681044805637,25.38518028259487,41.55708666215774,44.81306135211943,47.92738270227316,True,f5c2126f8f8ab8bf5a40c4a7fadcea3de64bb8797ca0f06ea516400d9cfaec07
new_car_mild,159,PT-DESIGN_NO_MEASURED_DISTRIBUTION,,0.056385118702081516,0.47819183928446335,0.056385118702081516,0.47819183928446335,0,0,3,0.0,0.0,0.08272930796047683,0.11979176016279446,0.05707837256975666,0.08292987637790503,0.9633745976787698,88.40531351108119,88.23504849823773,87.99609211564756,41.78884449293608,45.163107737531384,47.916067654412494,True,497b07d081204e6d40129fd7de3185d81ddad2404bf6f8001934c6aa409d297d
legacy_stress,160,ESTABLISHED_GENERATOR_UNCHANGED,True,0.07973843074452984,0.6265417516264404,0.18373337244286486,2.3639923876177615,,4,12,1.9844178513605015,0.1472,0.0,0.0,0.0,0.0,1.0,48.22793894948629,34.842604710318405,28.25367263707984,43.59869264575341,47.7964746433135,50.0,True,6f76c76b6433620b7823f74ed6447682279fbf23d66a0fe7d5c9afe3a71c4fde
new_car_mild,160,PT-DESIGN_NO_MEASURED_DISTRIBUTION,,0.036487162614509086,0.2879204085186342,0.036487162614509086,0.2879204085186342,0,0,3,0.0,0.0,0.08681241211054445,0.12637876645413476,0.15156309631618278,0.2200483214790322,0.8991784027610771,87.31530473874976,86.60022009263787,85.79216671374108,40.07697036499668,43.4513004832296,46.9168522410937,True,1cc4193304d13ad73ef080d5811357382ce9518118e938b7a8f1cc4a1f007fcb
legacy_stress,161,ESTABLISHED_GENERATOR_UNCHANGED,True,0.07989986435076017,0.6159918212942728,0.13936474930295706,2.0906113622240237,,4,12,1.705334832804516,0.1292,0.0,0.0,0.0,0.0,1.0,51.90890192888368,36.22177704543182,25.332683568621444,44.45068581841028,47.98704214002114,50.0,True,aab4e20e7ec9aaa86400f899d6ee6e7f3083801b32e0e85b8bdc3c69ebdf470f
new_car_mild,161,PT-DESIGN_NO_MEASURED_DISTRIBUTION,,0.05270407390476174,0.44018026860967807,0.05270407390476174,0.44018026860967807,0,0,3,0.0,0.0,0.09898148544287586,0.14349328166593464,0.05375296909649477,0.07739665277500324,0.9579794263495868,88.31612779121399,88.07544571058682,87.97219877194753,40.0,44.765070558301474,47.280117683583256,True,e502f488cd9c0a37aaf20150462e22885f266cb4d314511c085c1e5241ba409a
legacy_stress,162,ESTABLISHED_GENERATOR_UNCHANGED,True,0.07990550765724236,0.6400864461924187,0.11230317501240213,1.6632890099885542,,4,12,1.304822628367292,0.0769,0.0,0.0,0.0,0.0,1.0,62.136962030444955,36.91418981476188,25.320540355061045,43.525524045612975,45.932743662795765,50.0,True,defc232759bde1d9fdc2ac1b933f635a0212d7e590189f1f66853e75f3d26b77
new_car_mild,162,PT-DESIGN_NO_MEASURED_DISTRIBUTION,,0.06100278736197216,0.46672947994502023,0.06100278736197216,0.46672947994502023,0,0,3,0.0,0.0,0.07058006537690532,0.10228436368133569,0.1539839197296809,0.22261424353527276,0.9166709453915759,87.62089181292112,87.18032448467082,87.07251415737497,41.0106381332076,44.05328120761978,49.79845641535117,True,398fbf42aaf9dac66169cee3f1bd663034b5e5049a648f3edc2a5637b69037ab
legacy_stress,163,ESTABLISHED_GENERATOR_UNCHANGED,True,0.07995552349500101,0.6582834579578692,0.1416179581728003,2.3091972991756813,,4,12,1.9297951588738775,0.0781,0.0,0.0,0.0,0.0,1.0,57.80008092769302,37.49463658693294,33.977808981571506,42.15304402545514,45.92808764561756,48.781887499935735,True,6d27a12ddfaef664982cc01e6518915a0b665e35754be22fd80addf681954935
new_car_mild,163,PT-DESIGN_NO_MEASURED_DISTRIBUTION,,0.055680447945699145,0.47890095776010333,0.05588949944852343,0.5189715105167629,1,0,3,0.42254806590841487,0.0018,0.031158328321133365,0.04499873214700345,0.05185235929411024,0.07552618907124604,0.987345361180763,87.71376771853413,88.73957694046378,61.72430186815815,40.0,43.73622417875874,46.30515486288224,True,247f6e9b8e1f1a30e0675aef15b88004fb2483c4a570abc77ccdc72bc71d3c4e
legacy_stress,164,ESTABLISHED_GENERATOR_UNCHANGED,True,0.07990172292909886,0.6833282167972061,0.12636226243076779,2.333579950979697,,4,12,1.8905075340888937,0.1056,0.0,0.0,0.0,0.0,1.0,52.185135203945784,34.87325693642815,25.53,42.833745109442404,45.91843557030603,49.071685717340486,True,2b3b231d14e64b022c75106ad2abd45bdf5e131fa77e9f8edd897af5cf489e91
new_car_mild,164,PT-DESIGN_NO_MEASURED_DISTRIBUTION,,0.048708958091684636,0.38552958045172964,0.04890341454694535,0.4151454277441596,1,0,3,0.17763278240344502,0.0019,0.07986598260727372,0.11592710197399705,0.04851713944041121,0.06950749037623517,0.969577564264888,84.57044199262457,88.3015784495953,27.013452067566252,50.0,50.0,50.0,True,f618552d0f4528d9ff802cdf4538f0368b6b584dbbba9876c54c3c3f2e6724f8
legacy_stress,165,ESTABLISHED_GENERATOR_UNCHANGED,True,0.07969374813843857,0.7232139634354631,0.1441547958741443,2.216968752175406,,4,12,1.8228911827111047,0.1106,0.0,0.0,0.0,0.0,1.0,54.34685745034587,35.66560522320337,25.36893381018325,42.36203799439372,45.69663091694456,50.0,True,65192a872de3f44a277c070865726ba0c0764a9a98feef96e244f422f4837736
new_car_mild,165,PT-DESIGN_NO_MEASURED_DISTRIBUTION,,0.053226841272879105,0.42771597601149036,0.05340401453462577,0.46971508160764147,1,0,3,0.29596449789229806,0.0013,0.07880200547445206,0.11371631649921836,0.11375617768860259,0.16433108200030833,0.9307693379321675,86.53255382182098,87.44594796039354,55.06954989706428,40.0,43.69161121247261,46.82453088286367,True,2213853994dcf47fd6570df9f642285e8b0bcf0298ea926adc07f2e140d04429
legacy_stress,166,ESTABLISHED_GENERATOR_UNCHANGED,True,0.07889958001942457,0.6320831941660019,0.15919223818090458,2.3798587610599076,,4,12,1.9122156622529112,0.1616,0.0,0.0,0.0,0.0,1.0,45.98725876949496,25.475143883386757,25.37119115437611,40.0,42.41450363389861,45.90982868037353,True,b034ff738f54a231e22150e5d6389bfdf011a89677356c8d174b13426820dd7b
new_car_mild,166,PT-DESIGN_NO_MEASURED_DISTRIBUTION,,0.04017067074213883,0.3332767150456797,0.04056879781360753,0.4318491867114691,3,0,3,0.33981763529335834,0.0084,0.0787000315624178,0.11420885314264691,0.12097561323731539,0.1748110181907056,0.9274956269829295,79.95041295891602,55.113211803060196,26.99438488580226,42.37875096103748,44.73093639935189,49.53695059018718,True,cd3b460852bc0031fd135a32157d15a9e427087b47d1e220297b3859ee425ea4
legacy_stress,167,ESTABLISHED_GENERATOR_UNCHANGED,True,0.07992218485166107,0.6796060991725617,0.12435308159578369,2.263531430014699,,4,12,1.9694911245304019,0.1025,0.0,0.0,0.0,0.0,1.0,56.47878592740959,36.0149895944915,25.46615327061259,42.64640595144142,45.559289669046116,48.38347541048047,True,946632b0e836e960cd1cda1f78f78bf09e0be606fc541d7b92fe172847a824a5
new_car_mild,167,PT-DESIGN_NO_MEASURED_DISTRIBUTION,,0.05677583764694713,0.4585950581755248,0.05677583764694713,0.4585950581755248,0,0,3,0.0,0.0,0.08349038594751508,0.12101588726000986,0.10433203340890888,0.15131153593547034,0.9334677865904425,87.90657986589012,87.6210757001218,87.35026951257991,40.81602003052749,43.31386913170114,48.43287301298789,True,10812964e4f90842eb266f73bb88430c92dc95e138807f2111e38b44010c68b2
legacy_stress,168,ESTABLISHED_GENERATOR_UNCHANGED,True,0.07994137581552839,0.6611604669035519,0.13689655590808356,2.2280797253231754,,4,12,1.933870665923202,0.1203,0.0,0.0,0.0,0.0,1.0,50.02127120118102,28.74061452604689,25.528550243095232,42.16094341429607,44.87264186518724,48.16944782209378,True,5d4642eddea7613200a42e58c0a45e2c5f1a1efed5cbe0c738c5979c77a37fad
new_car_mild,168,PT-DESIGN_NO_MEASURED_DISTRIBUTION,,0.03803962108575045,0.3275229848005166,0.038050512107829865,0.327500853873183,1,0,3,0.06833203905900813,0.0006,0.045942298814329985,0.06661781564445361,0.12732970364541352,0.18495880389942138,0.9545558330543527,85.81703388689118,88.01309270765704,26.994005806813522,40.0,44.735949452208736,47.12915369966826,True,02d2b92689f137f3f1338d1af08f15102f1ee3c074aa4012937f7bdb61a31881
legacy_stress,169,ESTABLISHED_GENERATOR_UNCHANGED,True,0.07992488019970777,0.6740208025314616,0.128418271054754,2.1664841886455304,,4,12,1.7051287611226429,0.0656,0.0,0.0,0.0,0.0,1.0,62.687325248523585,34.39665255794102,30.539983822378755,42.789067639822456,45.53683696271422,50.0,True,2ccd12100ac8d4b6d4815bef3f830937a09bb2f4a8a5545dd816e01742d85b13
new_car_mild,169,PT-DESIGN_NO_MEASURED_DISTRIBUTION,,0.05692080298282325,0.46258070501912685,0.0572734357018772,0.4629527613122465,1,0,3,0.15465609539065747,0.0041,0.08100643635889031,0.11826743775623211,0.10644616726829599,0.15396640999768266,0.9339518355891614,83.04002965609453,87.62292703937248,26.98698034091243,41.799403324342826,45.001938226324214,48.97482623898838,True,0c8cc4e9f713b9076923a3019f72f08041d7ef86fff7ed0d4c09a23ad19e5873
legacy_stress,170,ESTABLISHED_GENERATOR_UNCHANGED,True,0.07947048893263306,0.6658760766970373,0.1362156209938152,2.1728342539727534,,4,12,1.8265005884026306,0.1124,0.0,0.0,0.0,0.0,1.0,49.04852964651782,28.299791365287973,25.4978050642054,42.249261813128236,45.05234085142858,47.87531504005429,True,74753e0262d193c9fe2fac748d299990bc498fecb30a8c944fca12a025f99a7c
new_car_mild,170,PT-DESIGN_NO_MEASURED_DISTRIBUTION,,0.05676980677204598,0.45255363643234925,0.057048530497611945,0.4846009366421131,1,0,3,0.18351180606576167,0.0047,0.0603665443925055,0.08746394895967625,0.14584248815138873,0.21145461900462229,0.9319870317518587,84.23467085646223,87.36997743362912,26.993827236567217,41.009497585582345,43.96552321598186,47.94558594199366,True,07304c64ccb905c5e487d185b6ece19c1128c167e44cfe186f891210bde1b9ee
legacy_stress,171,ESTABLISHED_GENERATOR_UNCHANGED,True,0.07979186396345564,0.6950699511038347,0.1341366631597355,2.063842454793019,,4,12,1.660082363947185,0.0853,0.0,0.0,0.0,0.0,1.0,53.128622171302084,29.515462495459843,25.394074486432434,40.9738441686709,45.163923206066734,47.86339843891916,True,93672dd01a31cb7aabd3c300d78c17b84f10c67e926a167ef02bbb092421a015
new_car_mild,171,PT-DESIGN_NO_MEASURED_DISTRIBUTION,,0.04478812940530877,0.3739308178099098,0.04499782212555269,0.44947132317922606,1,0,3,0.36063865664402833,0.0011,0.06895724477483803,0.09962020044345182,0.1473477236145974,0.21182370699391698,0.9223511704512978,83.88211553632652,87.1316253970889,26.98839714148438,41.9859763350264,44.60215695459172,49.19381693162917,True,ff38497ab072919ccbd199bba4d200410bf9c9ef7329a06fa5709eb2473c8af9
legacy_stress,172,ESTABLISHED_GENERATOR_UNCHANGED,True,0.08000204059399212,0.6538199034181276,0.11893153659950563,2.080659090243174,,4,12,1.7801931432602758,0.0863,0.0,0.0,0.0,0.0,1.0,55.2044223770891,29.19714744761234,25.43909250117812,40.0,43.93464748486845,47.988098802247784,True,8aa2782b704c353382616d5e420639ff7742e7ba89faa0e1feb541dd970ba246
new_car_mild,172,PT-DESIGN_NO_MEASURED_DISTRIBUTION,,0.04536988022495335,0.38573474078159636,0.04542552700774005,0.38943417246472456,2,0,3,0.260695818878567,0.0032,0.08362697470669367,0.12120046248952959,0.11494673917160296,0.16704459437833258,0.9260853527299936,82.28318593619133,62.67366509170038,26.994716334771766,44.31102312631122,48.45019423771505,50.0,True,c20e0fae45800d6e67fcf9c72c2a4b7173cce1f8789547a9fc28d96a60a35afc
legacy_stress,173,ESTABLISHED_GENERATOR_UNCHANGED,True,0.07998576378101821,0.650711892594585,0.10001109727108055,1.6607139733593579,,4,12,1.359454974218551,0.0702,0.0,0.0,0.0,0.0,1.0,55.76362803119752,25.51932951750747,25.50293155353796,43.16758096622647,45.60188000310214,50.0,True,450b4d66742cf825cd4ec8d0d10322058df229583ccaadf17f95a5aed443036a
new_car_mild,173,PT-DESIGN_NO_MEASURED_DISTRIBUTION,,0.05308253412554643,0.4458100103327636,0.05308253412554643,0.4458100103327636,0,0,3,0.0,0.0,0.07997511913281197,0.1157273158072825,0.077462199629715,0.1124323514108381,0.9514674136057347,88.20798641150209,87.93635675770818,87.84915115903382,43.99526450819658,46.68434684569027,50.0,True,28ffac136aae1e3cd28e220d86c1d4f9579e40f14ddf035ae60b98647b534114
legacy_stress,174,ESTABLISHED_GENERATOR_UNCHANGED,True,0.07974575864815756,0.6949072914211396,0.10141813748725065,2.1376091697039916,,4,12,1.83249985151486,0.1072,0.0,0.0,0.0,0.0,1.0,49.595902968506174,25.505104406011792,25.488249293304644,41.234863934305196,43.598169894129015,48.147754664616336,True,4f6f4c0673a4ad3b7a52c46fc02fa680f3cd342c6ddc9c2b9a19158f467161d7
new_car_mild,174,PT-DESIGN_NO_MEASURED_DISTRIBUTION,,0.0392882040475738,0.316514443172454,0.03929111343045136,0.316536501648763,1,0,3,0.059685287853602186,0.0022,0.03557976581536993,0.05140684598412826,0.09845704337660027,0.13955518581299786,0.9724219836587421,83.63219082519977,88.37661917784537,27.007631951165802,45.06370215901432,47.96608169313358,50.0,True,1457cb441d95fc3ea4a997e31329983d2c0cd00d56c9fc07359434934ec94a34
legacy_stress,175,ESTABLISHED_GENERATOR_UNCHANGED,True,0.07955325267027621,0.7135462194552895,0.14267923787974507,2.1855108148372775,,4,12,1.8664467244699345,0.1178,0.0,0.0,0.0,0.0,1.0,48.555602869946505,34.93332584973503,25.4124397155083,40.0,41.449005272959916,47.04378009368042,True,71717505f2a7b719d3562769231b353dce0d8fd2c489a234b3990c141b193b34
new_car_mild,175,PT-DESIGN_NO_MEASURED_DISTRIBUTION,,0.048299396003107724,0.4242946565589865,0.048299396003107724,0.4242946565589865,0,0,3,0.0,0.0,0.05158355184529405,0.07505464359275893,0.10251303497442409,0.14887670684256007,0.9586608486803098,88.32746967214723,88.13232929547603,87.95711904666614,41.840304766318866,45.535690712392345,47.76009408306806,True,ad600c0b63f6a3dc5e05991730e0761bf0995f4b9ded337f7e71edf4133e47c7
legacy_stress,176,ESTABLISHED_GENERATOR_UNCHANGED,True,0.07964751942691449,0.6494812022765024,0.11817369965121818,2.22962935103906,,4,12,1.9270694051418427,0.0687,0.0,0.0,0.0,0.0,1.0,56.51828194348255,31.450064302760154,25.53,40.0,45.91594824711868,47.97651927840714,True,3e35e1972d4b7d470908b578dff5a8186b45967fe572e1d284ebb6b056582f52
new_car_mild,176,PT-DESIGN_NO_MEASURED_DISTRIBUTION,,0.045612499768176364,0.3612461474312517,0.04558218542507001,0.3613263976227464,1,0,3,0.0782811660664564,0.0026,0.05933235268062968,0.0860908290419677,0.15797388227381917,0.22937361705667286,0.928886797761854,84.42898339485697,87.50498647968124,26.987858418147336,40.0,43.137484792890355,46.1311886472496,True,36cece5bba78f3bfb4e15d099afc473e92e17a2ed2d90ba37ae3942d439a687e
legacy_stress,177,ESTABLISHED_GENERATOR_UNCHANGED,True,0.07982138558266205,0.6701472333490034,0.14325255852261198,2.2673197968678065,,4,12,1.982478346080772,0.0911,0.0,0.0,0.0,0.0,1.0,53.41108730818048,34.82836295897684,29.669077803523756,40.913755785319765,46.702211734304264,49.589442189890214,True,71bb98f6af00cf53ae1880a17c9ac283f7b8171fc1d1aa318ab7e75716db47c4
new_car_mild,177,PT-DESIGN_NO_MEASURED_DISTRIBUTION,,0.05626520828898099,0.43864403552588643,0.05626520828898099,0.43864403552588643,0,0,3,0.0,0.0,0.05452488397091312,0.07915533628386737,0.1301417621512189,0.18786220860269426,0.9447150904918308,88.0952403182483,87.85455335457671,87.57114890088417,40.59160702830873,45.33085549382102,48.46876673942355,True,e8b7f4cdc106b1abd1fce5ebc614a309e9bafb121d083871ab1cb7f6746a5a68
legacy_stress,178,ESTABLISHED_GENERATOR_UNCHANGED,True,0.07993097022945604,0.6111008464662783,0.11349112955190066,2.27093767974891,,4,12,1.9546584424228701,0.0938,0.0,0.0,0.0,0.0,1.0,54.43044670711879,29.771995646545438,25.46617271979837,40.0,44.847418253036906,48.56644908345101,True,21987426a3a47586b137eb5c5802331c8775bc74b7e158440d635fa66105ff9a
new_car_mild,178,PT-DESIGN_NO_MEASURED_DISTRIBUTION,,0.05622851730282697,0.4708075276771568,0.056377888974554924,0.4928448091806811,1,0,3,0.15778151154716122,0.0041,0.0691668227743287,0.10054263666650493,0.09267617976867121,0.13421043185019949,0.9493641152906317,84.09866317198367,76.34589736138335,26.995661545123543,43.78216087557244,46.3946397619916,50.0,True,519165cc1cd7894ce7192afc9aac027a129d68f4e1f1c45e4a6e7240f0596672
legacy_stress,179,ESTABLISHED_GENERATOR_UNCHANGED,True,0.07998697638833202,0.6674597034800118,0.15707289623199577,2.3884885447858024,,4,12,1.9800006943565165,0.169,0.0,0.0,0.0,0.0,1.0,47.98439407028605,35.82514268693908,30.84191068284334,41.41170913658316,45.88138319969566,49.81485811536116,True,ab81f470b5fde3de787632896b18dfacd9464259e1d029f4e863927c5ec24892
new_car_mild,179,PT-DESIGN_NO_MEASURED_DISTRIBUTION,,0.042897490991892724,0.38564869705463717,0.04315050980646394,0.5127369494621516,1,0,3,0.38752541416346614,0.0014,0.058321509116854665,0.08460483852244975,0.10389485895424,0.1502806324643068,0.9524503552218695,86.8955802559851,88.01211679756307,54.69723706100933,44.261549856967164,47.956863590874356,50.0,True,fc05d26820934f4f5f5459760185b96c0165968426724beadb254320eb9a89aa
legacy_stress,180,ESTABLISHED_GENERATOR_UNCHANGED,True,0.07984877208162333,0.6043598830720719,0.17373924501806798,2.3240640957527474,,4,12,1.8549654025635465,0.1587,0.0,0.0,0.0,0.0,1.0,43.29038504996431,25.483740281150368,25.18306780662447,40.0,42.75087776750142,47.17885358129702,True,0ecd5531f2d4221f4d22e46f825fedba63372ce95a07dd4620a61283d9256deb
new_car_mild,180,PT-DESIGN_NO_MEASURED_DISTRIBUTION,,0.05140662004361931,0.4213129669018948,0.052410971748684324,0.5651827761451156,2,0,3,0.5166581058253985,0.0053,0.07480132757498674,0.10828682047932132,0.10384698311137604,0.15066032779837132,0.9406616247604045,83.850691127429,68.09806496388181,51.463134703253985,42.747052137825044,45.92374892737425,49.702036034853705,True,1ffecb89a7a5b1533a1508cab86b6194fbc5653e7b7be0d0bf686927bddc61fc
legacy_stress,181,ESTABLISHED_GENERATOR_UNCHANGED,True,0.07978292539734923,0.6190684563301654,0.10743420945195443,2.124960618293801,,4,12,1.659042421955989,0.0865,0.0,0.0,0.0,0.0,1.0,57.46831717895575,34.700052571973124,31.15373832691059,40.0,42.923244150633074,45.42680994701079,True,044ca7e8a9e10fbe51a8ca759f55f09b173e60a57695390a01067d50512ebade
new_car_mild,181,PT-DESIGN_NO_MEASURED_DISTRIBUTION,,0.050303241740663904,0.40218070070639644,0.05029138743231563,0.4021753204681805,2,0,3,0.0532327858864635,0.0026,0.035744058140247156,0.05173008524624907,0.13017535950564485,0.18870792289234165,0.9632777962843445,80.05874110625932,41.794080924668506,27.003044721280997,40.0,43.470335228492424,45.737093549802,True,85d75240eb7f28ed352a2400b3fb6a374ae9c0867ff76f591aa84f651f8bb219
legacy_stress,182,ESTABLISHED_GENERATOR_UNCHANGED,True,0.07972540553052732,0.691226707192093,0.10944889538303192,1.8746747508718267,,4,12,1.5134387601698345,0.0716,0.0,0.0,0.0,0.0,1.0,58.492213438084576,33.018191313714986,25.432207171463514,42.58534586602452,45.461690817321625,49.19311184781361,True,9bad7b76bc11a91992899866799a63c5a36f57ef6208979c013c1107aba74f03
new_car_mild,182,PT-DESIGN_NO_MEASURED_DISTRIBUTION,,0.05231059480506447,0.4558791295395003,0.05231059480506447,0.4558791295395003,0,0,3,0.0,0.0,0.09059211240053756,0.13156378819030803,0.05730267486007995,0.08320605629347311,0.9590057782749233,88.33303056052189,88.11458160173413,87.99474654405338,44.8118173727201,48.44860995620315,50.0,True,e58c04d894569844b0e2dfd871882c487122da7c3b115f84a04553281a09ea6c
legacy_stress,183,ESTABLISHED_GENERATOR_UNCHANGED,True,0.07996671068727364,0.6330577864250295,0.0960116077246926,1.5510506960837875,,4,12,1.3759961245680385,0.045,0.0,0.0,0.0,0.0,1.0,66.48698161368458,38.20135163694939,25.458598604753945,41.74404808721779,44.746253737458154,48.9282787106969,True,b3e1f1179733b598e877344373b90dfc17c30b9b329bdcfc4a861d03ee3c568d
new_car_mild,183,PT-DESIGN_NO_MEASURED_DISTRIBUTION,,0.05904891267375679,0.4725075662717858,0.059113327745652054,0.4836328933250336,1,0,3,0.08807064942549196,0.0039,0.03406451479469402,0.04947925061138343,0.0948721536654072,0.13914050731893082,0.9745409584042071,82.84918430947727,76.3817093590821,27.012341304091304,40.0,44.47694753966957,46.82672626080616,True,1b81b5a71ef5fa82de793c201364f136e706d6d3f1605515f2bc3871ced3b10a
legacy_stress,184,ESTABLISHED_GENERATOR_UNCHANGED,True,0.079622253196728,0.688135595300654,0.14414175422687192,2.1874198759950274,,4,12,1.7201257731212467,0.1338,0.0,0.0,0.0,0.0,1.0,51.97350795379078,34.6072604208746,25.26473634851613,40.75835749273604,43.55576744052814,46.899181190376936,True,016c5a0fb6adbd974b86dc01606d28438048c67ade8349d9f6ea3cab1b027712
new_car_mild,184,PT-DESIGN_NO_MEASURED_DISTRIBUTION,,0.03921346843445798,0.3163409050861905,0.039595731882672,0.3526660545535949,1,0,3,0.17760654098225356,0.0044,0.0933710333448512,0.1352314555886954,0.07422573183730546,0.1077055594060444,0.946336734932163,83.32391144269255,71.93889650661055,26.98468507863661,41.38157998221503,44.33836424486009,47.83374486814562,True,3651018f70f590b6fd7122cc95f0c22440b12f129500cfc5c11ae6763e98bcc1
legacy_stress,185,ESTABLISHED_GENERATOR_UNCHANGED,True,0.07991440983121761,0.6199275908155397,0.13139104403772686,2.0600477029534097,,4,12,1.7847702056063564,0.1023,0.0,0.0,0.0,0.0,1.0,53.368729055288824,35.38906308243087,25.42448914648443,40.0,44.47422016092192,46.94723337994046,True,4e3c082aa277f09752ab7862f3c9a18574ee96e23e62cde1b03bda22c6484fb0
new_car_mild,185,PT-DESIGN_NO_MEASURED_DISTRIBUTION,,0.044214855678918474,0.32424303958518785,0.0443876942810379,0.3495705536721154,2,0,3,0.16719633842901296,0.006,0.07916626639064514,0.11480816198952327,0.139913364288829,0.20293845714176367,0.9163721332830426,81.62206876678961,62.23534030451,26.990942139817346,43.00972391871878,45.97729809216039,49.46277094395805,True,3660b56d190f7284e9f8eb63426632c6e4ad4cd5d4b2b1894b35760790d16802
legacy_stress,186,ESTABLISHED_GENERATOR_UNCHANGED,True,0.0791718101399846,0.6017627239097283,0.09772714049298067,1.3512550214815329,,4,12,0.9606882912808565,0.0703,0.0,0.0,0.0,0.0,1.0,59.6329277790268,43.33551767668435,25.53,40.0,42.97785232738275,46.11561659548157,True,f243c26da556beafbd910da1328e472ecfee296553848a614fc681b74e50e5b4
new_car_mild,186,PT-DESIGN_NO_MEASURED_DISTRIBUTION,,0.034939915860833254,0.28288625412952817,0.034939915860833254,0.28288625412952817,0,0,3,0.0,0.0,0.03226054564294376,0.0468102959020468,0.15319337071612732,0.22181182254265483,0.9611519151567031,88.36858804902617,88.16083368107574,88.0916225389615,41.19592686196245,45.193998911874374,49.255774373030874,True,d3d257ec6185030a5144c7004d08591bb58e30f754a1ca8fe5dd1e8129c507ec
legacy_stress,187,ESTABLISHED_GENERATOR_UNCHANGED,True,0.07980833823793797,0.6661935932849954,0.14007640389361437,2.385213097716572,,4,12,1.9579433627558487,0.1027,0.0,0.0,0.0,0.0,1.0,50.461691134498416,25.45548474681017,25.299639817351157,42.765330996766075,46.47427006602063,50.0,True,16c3769ae3660abcee3d860c75eeafe393d6cf1cbe5b881884592ba98a54a598
new_car_mild,187,PT-DESIGN_NO_MEASURED_DISTRIBUTION,,0.04323282324486464,0.3544307150037405,0.04323282324486464,0.3544307150037405,0,0,3,0.0,0.0,0.07800632576973612,0.11288210671586575,0.09518280287765721,0.13867644633453002,0.9420490477526153,88.05046026851767,87.66325488931736,87.5384716309882,41.32789788838515,44.57967931815009,48.11911346007037,True,bc61cdbd58f2055374937d14caa9cf223a9aaaf32b77654d2655151aaebe7d51
legacy_stress,188,ESTABLISHED_GENERATOR_UNCHANGED,True,0.07988145787110541,0.6282253698103081,0.11604511131478655,2.2408581723207126,,4,12,1.883243869769246,0.0673,0.0,0.0,0.0,0.0,1.0,59.833869718924745,37.026253006627336,33.6341769850784,41.995256240200895,44.89548231895075,48.952904837593614,True,7141fcc389944f7a32dab1b5beb36a75a720a768861b8f1373ea180b4b3ff0b8
new_car_mild,188,PT-DESIGN_NO_MEASURED_DISTRIBUTION,,0.03941486249316689,0.3171897087897694,0.03941486249316689,0.3171897087897694,0,0,3,0.0,0.0,0.05322639050772641,0.07665729484529148,0.09122014349088499,0.13232355217442265,0.9617622522835729,88.37876651036309,88.19325725067206,88.1454635574454,40.0,43.83918329332533,47.56506271147032,True,3c86696acc0dfe040ce01c7a29a3511dab40297537158df893014c928a67efcc
legacy_stress,189,ESTABLISHED_GENERATOR_UNCHANGED,True,0.0785354644935061,0.6870214469427449,0.13719224237403205,1.9168327292890124,,4,12,1.5462696050203644,0.1106,0.0,0.0,0.0,0.0,1.0,47.662726563268386,27.78615529329355,25.389394612377846,42.741652117091725,45.75967914817702,49.22467242979599,True,8c250a9cedcd438a49911a4bd7fd346eaef1c106f5d492002bd0feafd2d4cb92
new_car_mild,189,PT-DESIGN_NO_MEASURED_DISTRIBUTION,,0.06253932034771424,0.5324031372907201,0.062492372658287026,0.5325224825152599,2,0,3,0.07715369380328084,0.0013,0.0584153261734141,0.08494502723368254,0.104003899303684,0.15125643140227985,0.953220593291359,82.68120124227535,78.23014228123434,26.99843241111175,40.0,44.18042479621222,48.68278713212351,True,b7e7eab4cd58391211a378b237113318526f1875d49552b4dd6d39d4d14482c7
legacy_stress,190,ESTABLISHED_GENERATOR_UNCHANGED,True,0.07956396825672737,0.6543318937017464,0.13354588226701344,2.010253958785932,,4,12,1.7344818533406638,0.122,0.0,0.0,0.0,0.0,1.0,54.43451525573872,37.83276626975614,25.302798269632202,43.09127946921631,46.763593278132866,50.0,True,a5956054f859556da7221e27207a97d8c9de46879030826e04d33aa3d2464e09
new_car_mild,190,PT-DESIGN_NO_MEASURED_DISTRIBUTION,,0.04407674454674295,0.35006245820026904,0.04407674454674295,0.35006245820026904,0,0,3,0.0,0.0,0.04102919588094986,0.05955378543160259,0.10118745674082412,0.14684688002880858,0.9676545644916725,88.47581094817508,88.37934939755971,88.17475575045032,40.63908633318544,44.56821676948709,47.435275641194046,True,7af42ec844d8883a1ba1f7740121014a36e3caefbf81ca03de76482c80ad1cb1
legacy_stress,191,ESTABLISHED_GENERATOR_UNCHANGED,True,0.079778755733049,0.6354510086563412,0.09891726364217406,2.1960365583855435,,4,12,1.873276804160545,0.0543,0.0,0.0,0.0,0.0,1.0,64.10767880183877,43.74018178374724,37.54239031545333,40.57380219839698,45.20262604514818,48.21615582321939,True,1d2ba0a3379fd55c2067c72a779727b586cbddade41aa068936830852597fb99
new_car_mild,191,PT-DESIGN_NO_MEASURED_DISTRIBUTION,,0.04461922578673531,0.35783924888660584,0.04461922578673531,0.35783924888660584,0,0,3,0.0,0.0,0.08297532412997638,0.1208479986884853,0.11924847143434947,0.1726631655081946,0.9243430272112865,87.75160858188195,87.35936202872338,87.18854262807344,40.132062593409906,45.133067031747906,47.8041478050027,True,ac7c175191963d33f97559f05f88997581baea4e0ae76f71538c7c45ad296857
legacy_stress,192,ESTABLISHED_GENERATOR_UNCHANGED,True,0.07929541838335269,0.5632216836432595,0.14009881332352916,2.068716860869005,,4,12,1.691688909832057,0.1083,0.0,0.0,0.0,0.0,1.0,49.71041133889305,25.520454192012696,25.293120063994014,40.484625535901856,43.809764310859705,47.49918146860096,True,43ecafe8e4688b3af2f965e0060c2a84d55a5c8db2b6878697680538a75f7cf8
new_car_mild,192,PT-DESIGN_NO_MEASURED_DISTRIBUTION,,0.053382836343190965,0.4595753636944074,0.05339384028930815,0.4724746381441789,1,0,3,0.2358718814922208,0.0013,0.07620986499285652,0.11017517563269674,0.1314039422561635,0.1894211485674325,0.9238245381369761,82.86546573659892,87.36713435126232,26.9879835675612,40.53709383031056,44.98876527071903,47.68885250818048,True,7d2d31424a09d662764a16c8add8cf2aa6be256ccca732d284c7840de0fdf761
legacy_stress,193,ESTABLISHED_GENERATOR_UNCHANGED,True,0.07968827574133726,0.6995305874331581,0.1698113370781745,2.4972396197210642,,4,12,1.9981713136261172,0.1401,0.0,0.0,0.0,0.0,1.0,48.18373515838812,29.442167972994262,25.51106112959017,40.0,44.42807150921384,46.6623458853385,True,7fcc2897bafb4133d13e53aea12eed5c808bb7997117240b9af2f8c8a7ca16da
new_car_mild,193,PT-DESIGN_NO_MEASURED_DISTRIBUTION,,0.05682772821695945,0.42643813785685963,0.05734936549558852,0.4601406709147001,3,0,3,0.1991347835382901,0.0125,0.05713998285089906,0.08290443767212063,0.12919086534610072,0.18675736694792455,0.9434779202011394,75.8700313099028,26.996101025212425,26.982930743170705,44.0620815205191,45.602657231905944,50.0,True,05f496761354c8a01776e78f74f9d843f295ba652daf1ab32675e5844795baa5
legacy_stress,194,ESTABLISHED_GENERATOR_UNCHANGED,True,0.0797650879762931,0.6739765222153842,0.1433100417988073,2.2694397958819037,,4,12,1.9601143583394955,0.124,0.0,0.0,0.0,0.0,1.0,50.96176409206909,25.465466681371673,25.355724275026724,41.257186309795806,44.56479827663849,48.445085548009644,True,27c564fc005bb1101e51b91dd728305e8872db6b11f05349c701c81a4117a50a
new_car_mild,194,PT-DESIGN_NO_MEASURED_DISTRIBUTION,,0.03766766654162286,0.31147376196039556,0.03766766654162286,0.31147376196039556,0,0,3,0.0,0.0,0.06400739508271826,0.09308336754270555,0.14855446589190402,0.21414362955743893,0.9270097217023616,87.7974108832116,87.5064158641766,87.24837738892009,40.72643401548688,43.65712949206483,47.417870336712866,True,1864f60fce8d001026f3e17be1c951a3670c80fc0d655a51ff8a2d4c014b261e
legacy_stress,195,ESTABLISHED_GENERATOR_UNCHANGED,True,0.0796370920392076,0.69313575717421,0.13643761722867428,2.017576219699677,,4,12,1.6278230205881574,0.1133,0.0,0.0,0.0,0.0,1.0,54.47876045423192,35.85728423756406,25.399327809145046,40.45273673663723,44.92927027388425,49.61511420045478,True,454c2e68cb845573b2f0a2792e88ddaeda50e54fc071a94b2c879bc661c115a9
new_car_mild,195,PT-DESIGN_NO_MEASURED_DISTRIBUTION,,0.04070233732065935,0.32074055473692986,0.04070233732065935,0.32074055473692986,0,0,3,0.0,0.0,0.09298033710809968,0.13494310454410496,0.05920670489866891,0.08613387516259037,0.9569855241014117,88.2997653069796,88.05876150160354,87.96932917051623,40.760652008517134,43.76336136278989,48.95798319947917,True,63bc14e5f0dcdb6135e2ef99f98c39bc0a9f2c95f6df4bdde4a8732091b62be3
legacy_stress,196,ESTABLISHED_GENERATOR_UNCHANGED,True,0.07976610092321873,0.6110646104222757,0.09903186301003411,1.6559547765414249,,4,12,1.308854102633196,0.0509,0.0,0.0,0.0,0.0,1.0,65.86329025321061,39.49780811444716,25.405574522518105,40.0,44.94420480868242,48.81903626309786,True,b8b9f7f766b6fd78436f1549251512a1fdd19a7842f4a5b7452026ff4e228fdc
new_car_mild,196,PT-DESIGN_NO_MEASURED_DISTRIBUTION,,0.04155993117371038,0.30376447508066895,0.04155993117371038,0.30376447508066895,0,0,3,0.0,0.0,0.03680987910710615,0.053456151208833944,0.05029691674247002,0.07302381753258681,0.9853266854485475,88.76386142483214,88.70198369421075,88.64636475910204,40.0,43.21441919394313,46.97277883010417,True,2d9ab6fe81b303b70ea6736c7c5cf74420f837c901aa93d12b1f604a3b20cca3
legacy_stress,197,ESTABLISHED_GENERATOR_UNCHANGED,True,0.0799805303251738,0.6996634409306666,0.13649407411821915,2.4343145538217765,,4,12,1.9487278418693565,0.1088,0.0,0.0,0.0,0.0,1.0,54.31951575769172,35.578756555397746,25.52921577669543,41.07807868179236,43.81920301932168,47.37646676299538,True,bd79733955064304f79fe7c8236456eb4e2ed013188a3a517be137827572d579
new_car_mild,197,PT-DESIGN_NO_MEASURED_DISTRIBUTION,,0.04408465026637037,0.393709974100284,0.044181394110724026,0.40774947779146187,2,0,3,0.13193779013552925,0.0038,0.07178993796786809,0.10439750290737972,0.06528553421310017,0.0943117063645725,0.9626539981818864,81.96186901099628,66.8748051447989,27.002244872744576,41.09103256068282,45.07067640982919,48.236252855724764,True,7dce246103cdaa70548aca3a16d942de239c4be51d1b80d27376dca601168904
legacy_stress,198,ESTABLISHED_GENERATOR_UNCHANGED,True,0.07944607453465562,0.6954868690494524,0.15867809177692369,2.361552381925972,,4,12,1.9207036451502602,0.1337,0.0,0.0,0.0,0.0,1.0,48.09575650891215,29.548500000704934,25.28820514250917,41.842165703176356,45.897648730815725,48.806859602488075,True,d902453ec37045e9e6cd5d4a9f2732de278c4c3495de83c81bf838d62a44172d
new_car_mild,198,PT-DESIGN_NO_MEASURED_DISTRIBUTION,,0.043464263222180353,0.37243429609260154,0.04381586932076521,0.43299195091340553,1,0,3,0.1968278677096797,0.0032,0.05083386855133531,0.07386554800013852,0.1375100778684728,0.19822411379107546,0.9450506626298611,83.74259876308413,76.34396986309402,26.99515925695386,42.168632897846535,45.27946657899525,48.11403575722534,True,24cab636d3042902bce18575a76be60cab853165fb4145c838513e7a4fd586c9
legacy_stress,199,ESTABLISHED_GENERATOR_UNCHANGED,True,0.07968867443888372,0.7308862668914581,0.1611192284607864,2.203255404270681,,4,12,1.8713125189753503,0.146,0.0,0.0,0.0,0.0,1.0,48.840008922688554,35.20083284292563,25.53,41.35490173257016,46.11814158273711,48.94397880035357,True,b1c7b58b0e656ad90aee200a5a3402af06268c24781042ec1cea56d2a6131d11
new_car_mild,199,PT-DESIGN_NO_MEASURED_DISTRIBUTION,,0.055489445299828216,0.4520394532150763,0.05555814828849707,0.4521025409029974,1,0,3,0.18469652331660302,0.0012,0.07289064719875182,0.10557219719591075,0.043831992623014696,0.06333249900419419,0.975156797988743,86.34076265321806,88.47095280820301,60.216463569641135,40.13123857645191,44.084799144917916,48.275979331529086,True,1aecb990cd9477bf22cb2186d29b7b87610f1a2ea511e9c97fc054cda85cfa61
legacy_stress,200,ESTABLISHED_GENERATOR_UNCHANGED,True,0.07991978144691561,0.6311485819385771,0.1722770692399055,2.398422038597595,,4,12,1.9853052576821126,0.1542,0.0,0.0,0.0,0.0,1.0,45.67693226274445,32.688401432703515,25.526526424487024,40.0,43.8950488648331,47.23918232412092,True,e42a702fe946b9334f43a396d8eb8ead67c917a96319ecc9e8e736ad54ffc68d
new_car_mild,200,PT-DESIGN_NO_MEASURED_DISTRIBUTION,,0.04203182526693043,0.35350557972702645,0.04203182526693043,0.35350557972702645,0,0,3,0.0,0.0,0.0823839621015323,0.11954021600279907,0.07106317146000794,0.1020678329592897,0.9544538698181797,88.25787124116864,88.08376549457147,87.8728809886573,41.19588024986491,44.3535069355892,48.03818264295697,True,fdff3cfb026490cfe027608e86fcc933ffcac8be4715be02ecd9719bc9c1a8f3
legacy_stress,201,ESTABLISHED_GENERATOR_UNCHANGED,True,0.08001327062332919,0.6628288619597362,0.14634447004681098,2.2917983355312277,,4,12,1.9891132845446415,0.1255,0.0,0.0,0.0,0.0,1.0,53.91702620369974,32.91397214990052,25.495785894655207,40.0,41.42649787773058,45.48358510691478,True,abce1598f63a2460de7c30ec10e44b73d94c472822d32761f4eb73519b0aff24
new_car_mild,201,PT-DESIGN_NO_MEASURED_DISTRIBUTION,,0.039740981427471796,0.32309949387269976,0.04002340041882788,0.34488105950257847,2,0,3,0.11413766624456555,0.0069,0.042517677900317595,0.061731774011403354,0.05658932537120563,0.0825181002157546,0.9810862098636675,78.20451862129713,33.76445212138208,27.014743680431007,41.48578797689819,44.13052632713176,47.32915051602539,True,14364c8d9ac06164f15c9db1e18663204bffea382b3a83f9a12b3851d80b2489
legacy_stress,202,ESTABLISHED_GENERATOR_UNCHANGED,True,0.07978514276173145,0.6484649183166709,0.13391472318417158,2.187258219756929,,4,12,1.8052469313722936,0.0999,0.0,0.0,0.0,0.0,1.0,54.795049986768625,28.495575366263957,25.358359526617427,44.032855229562315,46.50193384583986,50.0,True,3f8f378f30f32991007323a962acc6fd340e04ad442f4db6a8feadce1742fff3
new_car_mild,202,PT-DESIGN_NO_MEASURED_DISTRIBUTION,,0.05551037505924691,0.4740063901743444,0.05559546070971467,0.4739965152419937,1,0,3,0.12824920032666856,0.0018,0.039074810431265004,0.056916494559426066,0.09755294872586416,0.14191041900739504,0.9698479276176164,84.45030288038801,77.03621988659103,27.010701226442077,40.0,42.346548661094474,45.879959375547905,True,10a8fd9ebc354607e2680faf01a14461f790676698baa76992609530e0c022b7
legacy_stress,203,ESTABLISHED_GENERATOR_UNCHANGED,True,0.07987340873366738,0.6522160985339707,0.10780296092528815,1.728191832231702,,4,12,1.4216663267162692,0.0779,0.0,0.0,0.0,0.0,1.0,61.34038935417606,38.929976973203736,25.453180231046485,40.49138155246288,44.99269607417275,47.211717741599784,True,f435083d42eb0185144d04244308a06b531a26fd67130f7bdf0f9f5c792a6bbf
new_car_mild,203,PT-DESIGN_NO_MEASURED_DISTRIBUTION,,0.06033738829337033,0.5031818446396723,0.06133385510372816,0.6098815381213829,1,0,3,0.49708759865768876,0.0045,0.0863661725178586,0.12504017126092085,0.04434980184867909,0.06433172842962383,0.9693688564002104,83.0730337202112,66.78683319381838,27.0114660348471,44.72515231901535,46.5426006114624,50.0,True,740c15746636fc4434ef5c80f044b062ec18f8e24ed3c26ed4b858c93d30f6a6
legacy_stress,204,ESTABLISHED_GENERATOR_UNCHANGED,True,0.07984192800848477,0.6667506930944764,0.1273129236288197,1.944807529678101,,4,12,1.6102889694428224,0.1331,0.0,0.0,0.0,0.0,1.0,54.041374803584205,26.59686140597413,25.5224684936913,40.24032094915776,43.428613847147815,47.53579516735083,True,66bb240b7dd1e36f01680ac1016d89accfc7c002879cf8686d77eedf9c0b8372
new_car_mild,204,PT-DESIGN_NO_MEASURED_DISTRIBUTION,,0.0378766686678871,0.29845572513016533,0.0378766686678871,0.29845572513016533,0,0,3,0.0,0.0,0.07877527206623833,0.1142392592082696,0.08566467388554357,0.12367548802158591,0.9476277479750491,88.14436282127885,87.95055425159225,87.74307614677377,40.31260453959201,44.90606980697313,48.957867012707005,True,12dda24b7b2f0d45a2e1c23c0880c98cf87e270bcc2be85e160540ebdaa7dba6
legacy_stress,205,ESTABLISHED_GENERATOR_UNCHANGED,True,0.07984066099655925,0.6397497894174646,0.11241143087305577,2.002123786610509,,4,12,1.6702772718749905,0.0821,0.0,0.0,0.0,0.0,1.0,54.138424057367025,33.458019164317804,25.482263960891476,43.15672542775971,47.165488693008385,50.0,True,36462f92ce649917740633e30ce9e977e9f3a5431f929a7969d5e82416a02d55
new_car_mild,205,PT-DESIGN_NO_MEASURED_DISTRIBUTION,,0.04783993532053464,0.3669021260391082,0.04783993532053464,0.3669021260391082,0,0,3,0.0,0.0,0.03887151354818875,0.05635796760629236,0.12233189013469378,0.17631472850094482,0.9627374866478787,88.39490080273548,88.24604516977266,88.12158237020878,40.0,43.752950427831195,46.04803233861527,True,de22c08fa89682c117639c4c1634744aeae1f694a6f90714497132ad3f781f8a
legacy_stress,206,ESTABLISHED_GENERATOR_UNCHANGED,True,0.07982367373698343,0.6818464728344719,0.10493758183908862,1.567067270046743,,4,12,1.306204758896429,0.0838,0.0,0.0,0.0,0.0,1.0,56.415068602799664,29.783048059817766,25.481939535400382,41.58396797835178,44.35845410544079,48.482037693412906,True,e7ee4b15f506dfc0eb79022b983ccdd4fba4a1eea42f65fd4a7d3f19c9436775
new_car_mild,206,PT-DESIGN_NO_MEASURED_DISTRIBUTION,,0.05547488194433534,0.4360954279900472,0.055610175832504626,0.45008266291192,1,0,3,0.0797622402872586,0.0021,0.0492299685969189,0.07126790418338984,0.1530659766124425,0.2207006588973085,0.9409879644236333,83.1480554850049,87.58848615703207,26.99076901858309,40.23282976546812,43.26869556580881,46.21344103255848,True,72e291a410807f7c9cfd171dc47dabdc2f2427ae2ffd549c07724cb455bc74ca
legacy_stress,207,ESTABLISHED_GENERATOR_UNCHANGED,True,0.07939745796013886,0.7116464046208149,0.13805479279034752,2.2014095459281715,,4,12,1.8234458592303338,0.1121,0.0,0.0,0.0,0.0,1.0,52.083917367642705,35.000444191830006,30.73588978578664,41.18282915809551,43.938738383096535,48.45632968278389,True,94f8c9db765d5b05115772e4a937f8f9a1d6c3a587657c529e63afcf91eb0d47
new_car_mild,207,PT-DESIGN_NO_MEASURED_DISTRIBUTION,,0.057124494047303506,0.48672650587811217,0.057124494047303506,0.48672650587811217,0,0,3,0.0,0.0,0.05756251858600919,0.08339645110125846,0.06634141201143127,0.0960837273246936,0.9697727380060976,88.51042860362007,88.3431065700597,88.29560752900018,40.0,43.863089879237684,48.22733113992341,True,9efbde2ec3af44879a637d311da8b3566523ec9dbf2cbbf3613039d8d795227a
legacy_stress,208,ESTABLISHED_GENERATOR_UNCHANGED,True,0.07950814627357355,0.608899802333372,0.10258617885437989,2.2161288951109444,,4,12,1.8664968304472251,0.047,0.0,0.0,0.0,0.0,1.0,63.97637847808002,37.70740708282476,35.98564422517399,41.740187214415634,45.23912627817553,48.08363023669794,True,6c814d2963f16f3129fbcbd2afa6cf4f54133a2d8cef499ad8f4d037def7d70f
new_car_mild,208,PT-DESIGN_NO_MEASURED_DISTRIBUTION,,0.05691657729333638,0.4405322924748718,0.058624781889045775,0.6470099611581404,3,0,3,0.41668958485258606,0.0104,0.07634812457912858,0.1110198353017599,0.1410667091269318,0.20434741421529914,0.9176047119638282,81.6713073137305,59.41380883047434,26.99103756816535,41.12739748315893,45.33959290848343,47.34960294486943,True,cdb9bd4f55eb89ab326a593296221915f10879b96e67bfe8d987f4c560c994af
legacy_stress,209,ESTABLISHED_GENERATOR_UNCHANGED,True,0.07994628304991333,0.6207379523157031,0.16290934701809484,2.2634409170128404,,4,12,1.8839114681383502,0.1285,0.0,0.0,0.0,0.0,1.0,55.55651387311511,34.98955124268559,32.23639281942361,40.0,43.92275647695266,48.819123923996365,True,e7bf065efa3146fad1aeb230952be23e2329543eac3d54ed46b3ee94a23a2661
new_car_mild,209,PT-DESIGN_NO_MEASURED_DISTRIBUTION,,0.042964723997992255,0.3817892319441043,0.042964723997992255,0.3817892319441043,0,0,3,0.0,0.0,0.09983697491670875,0.14492305993486623,0.04541556494491475,0.06593168445016094,0.9647843842803375,88.42870547281822,88.32755043429475,88.2407695778227,43.24500974707663,46.26000137267417,49.0389734275222,True,20ab0afeb3c0c1323fcfbbec23ba7dae927a718964edaf11ff78ea1c1f32fb0c
legacy_stress,210,ESTABLISHED_GENERATOR_UNCHANGED,True,0.0795385140202193,0.6412542818243359,0.13587439740450621,2.3342081448552436,,4,12,1.9682636893875551,0.1079,0.0,0.0,0.0,0.0,1.0,51.683149233049626,28.996807291308745,25.484162022156617,40.0,43.630620766674824,47.449828153089385,True,f6a4694ed82d01e2aa24d50e3cfaad848fdad65fb100d137272631ad93fdb260
new_car_mild,210,PT-DESIGN_NO_MEASURED_DISTRIBUTION,,0.038893071946884517,0.3223187886944734,0.038893071946884517,0.3223187886944734,0,0,3,0.0,0.0,0.05039778327181718,0.07308034158193659,0.0529929267357918,0.0770429362955416,0.9789048650904857,88.65964583996231,88.55452854203958,88.52961642447542,40.0,42.809589932130976,46.22135431574533,True,d5b0dcb79e3794497e3d4451f29e492fb3feeba9196f30b5a7b59e0e157e0122
legacy_stress,211,ESTABLISHED_GENERATOR_UNCHANGED,True,0.08002184439900985,0.7051987772745043,0.12273056721131145,1.9414562106691209,,4,12,1.593431780187694,0.1125,0.0,0.0,0.0,0.0,1.0,54.560033996907926,35.979259834923674,25.48416372138935,43.221211465311114,45.796569248072835,49.930679439282585,True,3c23936d895ccb5fc2e13eba3793b37b3f9d2fb4b467d93a643a569bcb5a11f2
new_car_mild,211,PT-DESIGN_NO_MEASURED_DISTRIBUTION,,0.05545714726654837,0.4355804513618583,0.05574338144392504,0.4352916832952535,1,0,3,0.17858461552549648,0.0026,0.08723050959806854,0.1267211836872083,0.09397421166074164,0.13671506168322062,0.9371195764223965,85.5279600966235,87.54000347269952,26.99197644786758,42.8251025930037,44.613589943382706,48.96661718442915,True,3d07dedc03cea795e8cac0fff7990e68af1fdc3338a8876c2dcd599bfc82e9e3
legacy_stress,212,ESTABLISHED_GENERATOR_UNCHANGED,True,0.0799518617896012,0.6341046001932882,0.14012836065872555,2.0371800169737875,,4,12,1.8547473150045903,0.1439,0.0,0.0,0.0,0.0,1.0,50.59147273537483,36.382451557809645,31.094634963430583,41.907286597456356,44.32771828451728,48.17987618093116,True,8dba70597530863ef413e390df7b0bcdd9fcd8ca680fdfcea087be90e60d9295
new_car_mild,212,PT-DESIGN_NO_MEASURED_DISTRIBUTION,,0.036375289685252686,0.29955290966167303,0.036375289685252686,0.29955290966167303,0,0,3,0.0,0.0,0.042034575481087695,0.06100496598516243,0.07957937529200844,0.11567312122423802,0.9735074880223745,88.571580366908,88.40026876142889,88.3708095238965,41.36204450619807,44.72573333665112,49.084271805355534,True,e65e5015f67efcf7a84d9d55a7ee3213618824824d847e2f8f883cf83a66b925
legacy_stress,213,ESTABLISHED_GENERATOR_UNCHANGED,True,0.07838726369380397,0.6243269504143275,0.16044961995066986,2.181539870092463,,4,12,1.7694577744094921,0.148,0.0,0.0,0.0,0.0,1.0,45.813717092166115,26.239746098881913,25.516574762185787,40.0,42.343907933622084,44.282805919965234,True,b58ba06fc657861a29cfa4a95496e050753728b0e57b2f819eafedf162c70e51
new_car_mild,213,PT-DESIGN_NO_MEASURED_DISTRIBUTION,,0.059939962299977514,0.562864134967306,0.06027344571451378,0.5628405929100622,1,0,3,0.12870523478000775,0.0049,0.09913595664292602,0.14387129369077173,0.1309343752188631,0.1898677417347123,0.9014072764845403,81.27219319548112,67.71256300538055,26.959258452787846,40.71086295085856,45.67308272021881,49.15522005754255,True,76951f3cb4c6b0d9151352ba667818940103c1f282384e538a890e532b49e28f
legacy_stress,214,ESTABLISHED_GENERATOR_UNCHANGED,True,0.07994021584848365,0.5988883123423328,0.1089324486741571,2.0681684861966767,,4,12,1.6955821166813663,0.0646,0.0,0.0,0.0,0.0,1.0,54.81730434544339,28.356887631576736,25.455697609788313,41.98907353818193,44.81598529503705,48.480819246822136,True,180bef20f5d01d595b74e35fec9394e06d550a202e3b209348bcd55187cde447
new_car_mild,214,PT-DESIGN_NO_MEASURED_DISTRIBUTION,,0.05057451016623375,0.3860110565164887,0.05057451016623375,0.3860110565164887,0,0,3,0.0,0.0,0.036937626689009094,0.05331992546309829,0.09759087698569277,0.14122433233752762,0.9718862799381108,88.5451691186493,88.41835440264082,88.35823038852641,41.30831528043026,44.26034132730535,47.97441528659071,True,6d3060f8767d2a8a0dd2681565cc0a815cbb458039d9894f4fde9312a6da54b6
legacy_stress,215,ESTABLISHED_GENERATOR_UNCHANGED,True,0.07987379539316185,0.672285747377257,0.16989946040687745,2.3891585456107554,,4,12,1.9768660422137465,0.1345,0.0,0.0,0.0,0.0,1.0,45.544983190736055,36.116005215729515,32.88254707666844,40.15577587184223,43.090233365426215,47.32336206268417,True,1a8b7e4efa850f9e51906b01309b900fe41c900131f22878cdb35df592154708
new_car_mild,215,PT-DESIGN_NO_MEASURED_DISTRIBUTION,,0.04364701972553384,0.35626499561449376,0.04364701972553384,0.35626499561449376,0,0,3,0.0,0.0,0.07289002287141662,0.10513424212427822,0.12383253131185147,0.17973858225392936,0.9309472268358133,87.86436449209961,87.61641731450642,87.41427881424684,40.0,44.38911060662523,46.30562382108052,True,8db75c15ea6b73b90b636d066648fbfd3132f7c1582d8e3130b52d76a239f4f9
legacy_stress,216,ESTABLISHED_GENERATOR_UNCHANGED,True,0.07966960504241653,0.6332391063471113,0.15820927439742874,2.166347526777452,,4,12,1.9007728079850164,0.1332,0.0,0.0,0.0,0.0,1.0,50.32518149562752,33.38689686841375,25.397150112350378,44.05473887381309,47.026757579291036,50.0,True,798c6614d1eb0b17712e986c12171edadfe94f530c7a3c3eb5cd33dd6d282193
new_car_mild,216,PT-DESIGN_NO_MEASURED_DISTRIBUTION,,0.06333011178011472,0.5413604826515233,0.06333011178011472,0.5413604826515233,0,0,3,0.0,0.0,0.08759215381133627,0.12740269751899175,0.08744833487095378,0.12701802174179647,0.9405676064277675,88.02618075047263,87.77021999609475,87.6357472788704,41.31778739975225,44.77676227952163,48.569876684474565,True,959ab72626cebfd49e42242dd537b989c8abdb5d4753116d709d75557f321c7b
legacy_stress,217,ESTABLISHED_GENERATOR_UNCHANGED,True,0.07985624786933947,0.674095281272475,0.14162150156194958,2.199597552213272,,4,12,1.8626294708058437,0.125,0.0,0.0,0.0,0.0,1.0,50.67484979150033,27.574222645630506,25.341796311187753,40.0,45.77119278107285,50.0,True,b6c2cf75f787c9c1287d76c56919e585a4978bb6333b36e560ceb3d114974c67
new_car_mild,217,PT-DESIGN_NO_MEASURED_DISTRIBUTION,,0.054549273739902183,0.41921251474859333,0.05504317881601313,0.44248919858153274,3,0,3,0.27122161443569903,0.007,0.08856265947702902,0.1288846667736503,0.10200060630316371,0.14750405749178896,0.931137198744974,78.6085085503247,53.91803206550075,26.98671322458579,40.0,43.56254280191603,46.60221390656723,True,b8269cd0ed09a333cab473f6d202a6f4f24f284d6029b28d75c314af2076fa50
legacy_stress,218,ESTABLISHED_GENERATOR_UNCHANGED,True,0.0793168143793406,0.6090464645137466,0.09606421014164963,2.0587561027871475,,4,12,1.7274177674872204,0.0482,0.0,0.0,0.0,0.0,1.0,64.11505874461186,37.44618289131725,25.53,40.0,44.21215042472498,46.40670651049831,True,d37047328688851ec7a46ad979c9526fba97f708804378a712133a110c916158
new_car_mild,218,PT-DESIGN_NO_MEASURED_DISTRIBUTION,,0.051064874156818894,0.47925272910917666,0.05244010248221736,0.7023207241496736,1,0,3,0.49654041598359344,0.0064,0.07298858834474214,0.10568200625213844,0.13889837828989401,0.202143301268022,0.9226628913003054,82.27164603428278,65.48651446905119,26.980016141327777,40.0,40.71297800388971,44.15149785234166,True,376f5a5bbe27c129d8ea2f289de55c0b1ca133e52a4a8ad95c157223da0f75e6
legacy_stress,219,ESTABLISHED_GENERATOR_UNCHANGED,True,0.07956428619553425,0.6749967854844475,0.17404144318802336,2.351634724731591,,4,12,1.994217083529613,0.155,0.0,0.0,0.0,0.0,1.0,48.058444062589714,35.19178615381117,25.53,43.48852726126291,46.83438081077747,49.69372593890096,True,cbb8cd6754b61ee7b8b6b742f71234d1f16ae2aafd274284db0c29d239684971
new_car_mild,219,PT-DESIGN_NO_MEASURED_DISTRIBUTION,,0.03844808768506552,0.30231572008618757,0.03844808768506552,0.30231572008618757,0,0,3,0.0,0.0,0.03465257996406734,0.05015517749344603,0.041757463552861876,0.058931713991122306,0.9884739584886045,88.81473521890807,88.75469726537878,88.73762369502016,41.60522420508191,45.07596303054681,49.53830131594659,True,9a8921cc976115954f906929fb8aeaa3c194ee800ea00c1abe99de11c7ecf642
legacy_stress,220,ESTABLISHED_GENERATOR_UNCHANGED,True,0.07999659180172043,0.6070936496944235,0.14140738660970964,2.1293119098942723,,4,12,1.768100850127888,0.1275,0.0,0.0,0.0,0.0,1.0,49.17897199426313,35.969273463388575,33.011738415112134,42.29704552993003,45.05956951599385,48.842291133925656,True,db7eaa1913f559f36d3cbcb7c304315a8505f15e59ad0ff9b2e2675d67dde462
new_car_mild,220,PT-DESIGN_NO_MEASURED_DISTRIBUTION,,0.03540356182428066,0.2879834304542276,0.03540356182428066,0.2879834304542276,0,0,3,0.0,0.0,0.07681653252456229,0.11129634280352915,0.11098567095885278,0.16097580112916068,0.9337074013338357,87.91001882166113,87.57370110058429,87.35210036066829,40.243250479586436,42.74046255788993,47.331420377237535,True,5331048949acc2bd9f59c3f4b0389da475ef4eba794f3787a7ea0c4088c8f06a
legacy_stress,221,ESTABLISHED_GENERATOR_UNCHANGED,True,0.07952017120504773,0.6585920077402116,0.10505811030360496,2.030464516909599,,4,12,1.5727935072153576,0.0606,0.0,0.0,0.0,0.0,1.0,61.14460198968841,35.96077804311709,25.39207249024731,40.0,43.25712397202888,45.55020233916438,True,5d207f19c647029dc46134cbe85eb4fddf763ab5c8b5651c44902b6ced0a7074
new_car_mild,221,PT-DESIGN_NO_MEASURED_DISTRIBUTION,,0.037068587312482915,0.2916949406156053,0.038998910962112575,0.746750589347196,1,0,3,0.5973366917815194,0.0072,0.06788158279891589,0.09880308767600887,0.08225080493849275,0.11930359333933904,0.9563745753249867,82.53864674830078,66.90428783194238,27.00641244218022,40.0,42.31325907828369,46.736289240965405,True,6719aea29b5c609a6dcd9bd2749b44c7cdc886acb668128284f1d81d989e317e
legacy_stress,222,ESTABLISHED_GENERATOR_UNCHANGED,True,0.07984425046415797,0.7090178896046783,0.10794226666041101,1.8871618005025859,,4,12,1.52102265692532,0.1001,0.0,0.0,0.0,0.0,1.0,54.635570156287194,32.53308971519642,25.502946064458044,40.101315245326234,45.50214123519781,48.35823226647443,True,daa229fe6d3303402ca40193ac8067ffcbcd677925b25b23b7cd8637b32cea28
new_car_mild,222,PT-DESIGN_NO_MEASURED_DISTRIBUTION,,0.042466535476772815,0.37415501932463013,0.042466535476772815,0.37415501932463013,0,0,3,0.0,0.0,0.03179332289500736,0.04615578900184292,0.0559603800167029,0.0809965736335429,0.9858992156619559,88.77312175715583,88.69408709942125,88.65122795648665,40.980169305860365,45.2291378704652,48.12239645691932,True,d2de4af566cbb02483bb8330a1c6049051545e8c472e10ad27b4218b7a49c24b
legacy_stress,223,ESTABLISHED_GENERATOR_UNCHANGED,True,0.07962373866281347,0.6915309118402094,0.1521088333494622,2.156190488709578,,4,12,1.7857335771852285,0.1672,0.0,0.0,0.0,0.0,1.0,49.45752850229999,36.55523657615966,32.672309117740255,41.139395139683415,44.688060279051534,49.50938602481409,True,75f0892e8b05c9f6fc3a5b8230d08b67c90bb248a9b7a465a1768656dba200b1
new_car_mild,223,PT-DESIGN_NO_MEASURED_DISTRIBUTION,,0.053979318747611554,0.44566776128503216,0.05424175488846127,0.44618082299734396,1,0,3,0.09793323489720562,0.0039,0.0323414214023231,0.04682609502167839,0.046394233144785677,0.06722690198938042,0.988143234112372,84.4591532841531,75.86527839830714,27.017511231252932,41.225402756033716,43.78922162866065,48.729870671066834,True,fec13d2294347cf28e3f96cca9cf989c48c36409d0fa384459502132576ad5d7
legacy_stress,224,ESTABLISHED_GENERATOR_UNCHANGED,True,0.07829574534087146,0.6947281043980071,0.12791445957302722,2.0188316077844624,,4,12,1.5889894926783246,0.089,0.0,0.0,0.0,0.0,1.0,56.602845177462314,35.807067744663804,29.366472199753634,40.32334407242896,44.738055986797654,46.67704737064995,True,a90331bcbebb66cf75c3dfe95b7a0ea13a995dac87d778881d0318b8a4541114
new_car_mild,224,PT-DESIGN_NO_MEASURED_DISTRIBUTION,,0.03757959795067674,0.2989938314962257,0.03757959795067674,0.2989938314962257,0,0,3,0.0,0.0,0.08113724906087375,0.11797565165841117,0.06550119084149372,0.09536977852790361,0.9584085761259663,88.32337590528628,88.14246825813275,88.0404926339114,40.0,41.91138297772759,46.16552480395362,True,ff96b8509b79875eafa6e1eb816ec27d6db8e496e3b343766737225457455ace
legacy_stress,225,ESTABLISHED_GENERATOR_UNCHANGED,True,0.07994212437097231,0.6175491763632639,0.17260440578433747,2.2344417195845137,,4,12,1.828639654588189,0.1324,0.0,0.0,0.0,0.0,1.0,53.24775497998021,35.449945332920564,33.80583799489909,40.0,42.948286443876675,45.773471706472584,True,4d74e2c549d7c6747074f5a0b419e49c59891fa847732261a7c9d2af3eda9534
new_car_mild,225,PT-DESIGN_NO_MEASURED_DISTRIBUTION,,0.038104730008093404,0.30952025195840105,0.038191652459969645,0.30961740990097997,1,0,3,0.18293678231056054,0.0018,0.034250300749646224,0.0492481182071076,0.10031821035620103,0.14628936087736116,0.9726576954191823,84.88938295157783,88.2908774364177,27.010735381903096,42.07075229725261,44.98880838056436,48.23922348690908,True,0e1d9a42a63d427533a43fd5de08fa666c87f503d0576321040e6f97db88b9e7
legacy_stress,226,ESTABLISHED_GENERATOR_UNCHANGED,True,0.07898575421554206,0.6592842933019593,0.1136221233561487,2.1471719623889443,,4,12,1.9257452487068634,0.0749,0.0,0.0,0.0,0.0,1.0,56.39936976016686,25.53,25.53,42.43688602571513,45.63665326024802,48.41518203716748,True,bafbe3ef951fda32818da9a1efe3e108a1dcea4db0ce51524ef866833b3f4eab
new_car_mild,226,PT-DESIGN_NO_MEASURED_DISTRIBUTION,,0.052791005687417056,0.43688117512284746,0.05285986212149129,0.43720444606993225,1,0,3,0.0942647149854517,0.0045,0.08867201366058346,0.1291023447992291,0.0923713414510955,0.1323962655709591,0.9366982292294577,82.72852118775626,82.12814428919418,26.975055218378916,42.099242006060244,44.82243564434243,49.31041873327861,True,bb64f9f87fee06843d7b7d8a07d93bc73f4e601799287eddd6e1343d2d843aeb
legacy_stress,227,ESTABLISHED_GENERATOR_UNCHANGED,True,0.07975050444003369,0.6601075776264997,0.14677957257522872,1.9633111413968354,,4,12,1.6903945062748071,0.1414,0.0,0.0,0.0,0.0,1.0,46.87231414663838,36.35481845931983,25.341227167541494,40.28177160308675,44.69003545432441,47.19122698028915,True,7708d060fbc7e7a1a306d300bb0a49bdfa81bf625084c13ffd40d1c7033cc986
new_car_mild,227,PT-DESIGN_NO_MEASURED_DISTRIBUTION,,0.051250451572731455,0.45586647403546277,0.05146950866091763,0.4561442963153236,1,0,3,0.08056486261402804,0.0038,0.09137802508884352,0.1326505384548741,0.10501347026646288,0.1524530776950717,0.9259016811509615,82.90671204665301,87.28936666238627,26.980128982534026,41.72835708410341,45.02214964199919,47.957328444952,True,a7f15369df8293d220cb749a051d76278e3541d3e13fcdce9237ef0b8355a196
legacy_stress,228,ESTABLISHED_GENERATOR_UNCHANGED,True,0.07948600809314428,0.6526088775650563,0.1541013125475209,2.37851856070381,,4,12,1.9692560751812649,0.0973,0.0,0.0,0.0,0.0,1.0,58.23530614172352,31.381197004930627,25.256452835434427,41.721744380059924,44.42949029183425,48.50375554926155,True,08bdc9e0c1d48875e8270cb5be2f81992ad1aa0981990d4ae1d18f2872da421c
new_car_mild,228,PT-DESIGN_NO_MEASURED_DISTRIBUTION,,0.045142203714536894,0.39665867731231963,0.045142203714536894,0.39665867731231963,0,0,3,0.0,0.0,0.07911803969532477,0.11424107471671063,0.1134720800607844,0.1647603328995617,0.9306516107454952,87.85823141182249,87.5636850492177,87.08609997791226,41.71442575457782,44.516261622205896,48.43513645144317,True,02e26a41e66e9539a4f5fd7732bad4dd8bd012a9bbf8b752b9e209594451a1cb
legacy_stress,229,ESTABLISHED_GENERATOR_UNCHANGED,True,0.07961853317018802,0.6265559839857475,0.1417776525778587,2.2989875953248453,,4,12,1.9897557011949663,0.1153,0.0,0.0,0.0,0.0,1.0,55.23944405332304,35.62068272213105,25.469487856336528,40.12839547432084,43.01687170089977,47.193519379943176,True,80c96120ec7c09c233b2fa7ca55232e86b13f045c1ddaea86b7a5d8bf5857c8f
new_car_mild,229,PT-DESIGN_NO_MEASURED_DISTRIBUTION,,0.06446009913842751,0.5515827377118692,0.06446009913842751,0.5515827377118692,0,0,3,0.0,0.0,0.035775022699385046,0.051951096336889484,0.07151412499356072,0.10274102098041245,0.979663718016111,88.6719826062027,88.57970970537013,88.5285622167214,40.0,43.26953832175762,47.32473905018015,True,5dfd40913c84fb134f9dee6f5558457f988959b62919e27e2c040e86de53ee93
legacy_stress,230,ESTABLISHED_GENERATOR_UNCHANGED,True,0.07974576203116078,0.6624577169285792,0.12721860807365246,2.2937404106638595,,4,12,1.919479835224366,0.0798,0.0,0.0,0.0,0.0,1.0,56.68036670028972,34.33291959174784,25.53,40.0,41.791709768293565,45.5116328794452,True,e15c4e6f298de4b223997d2f00673279cbea312b3c4964d35a50fb4114ecf781
new_car_mild,230,PT-DESIGN_NO_MEASURED_DISTRIBUTION,,0.0621286049586842,0.520990215009498,0.0621286049586842,0.520990215009498,0,0,3,0.0,0.0,0.09808468084131673,0.14253076267151082,0.10251959372256901,0.14816881737784754,0.9229236969255191,87.72748607190948,87.46781675655915,87.26512723220581,40.680699493556624,44.26861386146176,48.57740314040242,True,b7b3dc4710a803f47bf298ad9781402dd1cc5f04050711b631a295c24c014a5b
legacy_stress,231,ESTABLISHED_GENERATOR_UNCHANGED,True,0.08000357324105059,0.6397506388517296,0.10864164486107973,1.9768074349063032,,4,12,1.9329907462527613,0.0562,0.0,0.0,0.0,0.0,1.0,61.63730714094796,32.714493424520626,25.483294395566443,41.09749099202503,44.06934991065476,47.001797672100366,True,cbbd56771f768c94c5328539794e769a49132436ad43befc07350d4312d1d064
new_car_mild,231,PT-DESIGN_NO_MEASURED_DISTRIBUTION,,0.03660769949030777,0.294850694376515,0.03681414070371243,0.30269249103249435,2,0,3,0.12298022883181887,0.0046,0.0669549127060581,0.09723398758549207,0.07379900401639591,0.10659187081106734,0.9613489589739734,80.50027434247355,46.66331872065146,27.005862179612542,42.79493629268523,46.9015143822892,50.0,True,e87d7f432f6d4d24839f7560d30343f5f75ef7dcb8b45108d310aaec5af94183
legacy_stress,232,ESTABLISHED_GENERATOR_UNCHANGED,True,0.07965530332800573,0.5816021315964508,0.13791915285942122,2.028201446764571,,4,12,1.95177792054572,0.1316,0.0,0.0,0.0,0.0,1.0,51.03110350259505,34.162700475945144,25.53,40.0,43.20790566587667,45.61667947441045,True,a40d85d47b6272bcb90ad070b84136cc7c130cdaccb59225a3c3ba9b9a69f133
new_car_mild,232,PT-DESIGN_NO_MEASURED_DISTRIBUTION,,0.05367983571388861,0.4250569321268003,0.05374266344291226,0.4250481257326161,1,0,3,0.08838109769925145,0.0017,0.06071090126431413,0.08779915658111682,0.09319096750836488,0.13479248832775723,0.9554023652315593,80.9145091955874,51.36312912291399,26.998629176172177,41.060632701948,44.05197356387947,46.32617802245055,True,a11a7a3f36a25276fe2abee4957ffa116cbcdfb0b6197e3331302504fbd39744
legacy_stress,233,ESTABLISHED_GENERATOR_UNCHANGED,True,0.07971471029147353,0.7186304942700082,0.10639528199223464,1.8519852618190604,,4,12,1.3651267176590576,0.0943,0.0,0.0,0.0,0.0,1.0,52.04854715425303,28.037614782247168,25.486918133960124,41.54786009231052,43.83867214432844,47.33161393214673,True,78ca7e8286f10538a0c998ebda4ea89fa5bbfeebd287727bdfb120be4fb8a3b9
new_car_mild,233,PT-DESIGN_NO_MEASURED_DISTRIBUTION,,0.05455550606036866,0.4738907937123078,0.05455550606036866,0.4738907937123078,0,0,3,0.0,0.0,0.08336354774471824,0.12106413405477663,0.07786645097746187,0.11315674485837378,0.9493352972855144,88.17256736555133,87.91964571657003,87.7442370906916,40.0,42.83005064415454,48.1062779573918,True,1cb7f2be01801bf8f8637eeb04045727ba08d828aa5650697e3f9771ed2e72f2
legacy_stress,234,ESTABLISHED_GENERATOR_UNCHANGED,True,0.07978018412354249,0.6407024194526483,0.14823357292910183,2.432501306574708,,4,12,1.9700346746539064,0.1238,0.0,0.0,0.0,0.0,1.0,52.228588653426826,25.509944382684605,25.239290147471795,40.0181267594251,44.469694212211934,47.70432045000692,True,c6d3f7436f9502b565649999c3aecd5e970554473bc5e0afa5631532f1b68df7
new_car_mild,234,PT-DESIGN_NO_MEASURED_DISTRIBUTION,,0.03478145522064902,0.28439636297539084,0.03498706734008202,0.2997304230331529,2,0,3,0.10877025240054639,0.0044,0.0492831000590861,0.0714646499618142,0.0633769031646141,0.09201525233227797,0.9752236963739087,82.6614545607345,74.73708407125304,27.007480201868773,42.927978514783256,45.80196028401903,50.0,True,4afd3204d565373b4b6336c5c5fdf7aff0dae88a487f2957a57e7880e3961fb9
legacy_stress,235,ESTABLISHED_GENERATOR_UNCHANGED,True,0.07996037887528813,0.6970294577442353,0.11685484870370942,2.06690465506503,,4,12,1.8542505575794956,0.0664,0.0,0.0,0.0,0.0,1.0,57.58940363537326,36.69226268303831,33.80503596009442,42.041503486789495,45.724352388361005,50.0,True,1b39a7a3f4e236b58222c64b2d5a6031f6706f6626bd82406462dc84b0d1e9f3
new_car_mild,235,PT-DESIGN_NO_MEASURED_DISTRIBUTION,,0.04577254887707463,0.39171747038284044,0.04579454443119393,0.39152643735797793,1,0,3,0.11114705616434961,0.005,0.03994336908236475,0.057841247287811606,0.08075395868198322,0.11739019992267062,0.9742677500948878,81.83270339496363,65.20833703972218,27.009600215179468,40.0,42.872121977548034,45.97969226764872,True,cf5b8df13b0c4d1fa6875a427738c118eb406311070a5eb55139860a6fb657c3
legacy_stress,236,ESTABLISHED_GENERATOR_UNCHANGED,True,0.07936781866512962,0.6915982154305236,0.11969458171837387,2.308003528356586,,4,12,1.953026745941298,0.0841,0.0,0.0,0.0,0.0,1.0,58.520589429568616,36.064016229029626,25.43187615138592,40.481844442929045,45.06251266380227,48.153034204200615,True,8f184b054880b51e876c489b00f8087b877857eb4d42fd990dedf7c46aafa1d9
new_car_mild,236,PT-DESIGN_NO_MEASURED_DISTRIBUTION,,0.03709359661443765,0.2874578668082308,0.037160843210586075,0.29890666698293733,1,0,3,0.1047979293917409,0.0007,0.09651010787457218,0.14046072856301273,0.12565402692376915,0.18153659460479254,0.9088612748200287,84.62331855288602,87.02555036841845,26.984333467089545,41.9873630954944,45.58071834502371,47.657905488789936,True,2395b2d20bde11aa8d99194e1c4e8a7baff557e25126f286d52912468941fbbe
legacy_stress,237,ESTABLISHED_GENERATOR_UNCHANGED,True,0.079363953326848,0.5818113144688417,0.10720579819562609,2.231537815447347,,4,12,1.855351571386764,0.0442,0.0,0.0,0.0,0.0,1.0,66.62277574502406,37.92086196070802,33.82557553578862,41.75859101731872,45.600554861409144,47.73043159223124,True,997a0016e32bfdd80acdb8af5f3ae95d5157a8086cabf7836f0512e6939a1ada
new_car_mild,237,PT-DESIGN_NO_MEASURED_DISTRIBUTION,,0.040795035552853645,0.36371326588993547,0.04253340727052975,0.7785429012867802,2,0,3,0.575822029422568,0.0074,0.03429725797044946,0.0496422902503003,0.06530305350098038,0.09483548806606523,0.9823527742915927,79.97175900295517,55.13558714884814,27.015944585400053,42.88194508521246,44.8962640143859,49.66028875415676,True,64ea046ac63b7a283e03b69d88f15c60bcafe8e26facf0e65c7b46253a1af817
legacy_stress,238,ESTABLISHED_GENERATOR_UNCHANGED,True,0.07986521490410649,0.6197981140381923,0.09743558114269746,2.0441585913581948,,4,12,1.9215858153448042,0.0484,0.0,0.0,0.0,0.0,1.0,62.97955643807931,28.629840524256196,25.513402744615988,40.0,44.28388635906101,46.901087285726646,True,c0837458a6ec70b538ebea8388a8eca3754750023a2e29d0135e195ddbef83c8
new_car_mild,238,PT-DESIGN_NO_MEASURED_DISTRIBUTION,,0.057304718881424764,0.4655718535178982,0.057304718881424764,0.4655718535178982,0,0,3,0.0,0.0,0.044289635411702936,0.0642232356080875,0.1379754605183432,0.19985156849623237,0.9517448636780887,88.2124972872057,87.90623431157735,87.7456992089877,44.24611633923603,46.501038157839055,50.0,True,aa3f89f588b81923d48e46dece6fd95b308d36683ed2b7d15c74c183a891c737
legacy_stress,239,ESTABLISHED_GENERATOR_UNCHANGED,True,0.07992474574711306,0.7111055418694301,0.11350506844530407,1.8672993431522036,,4,12,1.5399918915377724,0.058,0.0,0.0,0.0,0.0,1.0,67.3847060044607,40.132173761427936,37.01306806011436,40.0,42.934891174722445,47.131152069820104,True,d217e0554bd1d1762b29022f6bac2beda6c90f96ed720a0ab97068923c8f19c0
new_car_mild,239,PT-DESIGN_NO_MEASURED_DISTRIBUTION,,0.04562234477733389,0.35067985693819803,0.04567054231303112,0.3526647456837014,1,0,3,0.07582173128806884,0.0029,0.05132821434943714,0.07464839055008417,0.10397032401621677,0.15050279074250394,0.9581296309012274,80.95446138511477,51.40095490749115,27.001494567153166,40.0,43.610963326186734,46.55483018866698,True,9b3735c1b55468335b4ad766ca8ac58882dd22eb6f9819bbd5e0888e47fb3383
legacy_stress,240,ESTABLISHED_GENERATOR_UNCHANGED,True,0.07965907587841788,0.6460413499670089,0.11297652991593408,2.22599032192115,,4,12,1.9265370877180172,0.1146,0.0,0.0,0.0,0.0,1.0,46.673785096147,25.52068723718598,25.47052184452325,43.11972328830926,47.11195712397656,50.0,True,e946bf8246671dd8ec0d1946ff5c04b6f92069562aed8b4b55ca534e83f2ed87
new_car_mild,240,PT-DESIGN_NO_MEASURED_DISTRIBUTION,,0.04326204403212496,0.37149955707899196,0.043383591129923675,0.37191929873147966,2,0,3,0.09260217291932034,0.005,0.05928519410905028,0.08598527430144154,0.13433210969708725,0.1938113824028084,0.937682634935815,78.19701042792411,26.99873673085108,26.990894762851497,44.09455945855155,48.208903365215406,50.0,True,0043cd7020d80697d293402e9f39cb0dc01baa03b05ae017a5e7ab1cb48e8273
legacy_stress,241,ESTABLISHED_GENERATOR_UNCHANGED,True,0.07996230422021494,0.6608808926003479,0.11862904461271565,2.0831252427358704,,4,12,1.7523193616070254,0.1105,0.0,0.0,0.0,0.0,1.0,53.53208459268041,25.50296886117985,25.404315251456158,40.0,44.030027877255016,46.80709783982134,True,edf7c6f60072b83b550a066d634875469761b0165c80792b12d19e13674978e3
new_car_mild,241,PT-DESIGN_NO_MEASURED_DISTRIBUTION,,0.048139185530273985,0.40295127905460104,0.048139185530273985,0.40295127905460104,0,0,3,0.0,0.0,0.075213973766592,0.10881592701921786,0.14478396143838212,0.20870543280644815,0.917015973426959,87.62671481359718,87.22065389381387,87.14094153125089,40.0,42.72409902128101,46.33790115815279,True,2af5ca8490451517009c3b4c18a2085f38d7ec51f1470ed6108372e795341022
legacy_stress,242,ESTABLISHED_GENERATOR_UNCHANGED,True,0.07941471073085601,0.6755611245395524,0.15561634398564667,2.2545836579114766,,4,12,1.885688325114803,0.1183,0.0,0.0,0.0,0.0,1.0,51.32241272828585,35.15274845173889,25.50573513585178,40.66490100993883,45.010401326965415,47.88567627631385,True,eb18897eddf8679c7f2d83470ea0c362f54ea9574cdeee24c119d1721d2cb109
new_car_mild,242,PT-DESIGN_NO_MEASURED_DISTRIBUTION,,0.034643750093159655,0.301372410558131,0.034643750093159655,0.301372410558131,0,0,3,0.0,0.0,0.043106188106679356,0.06259866669341577,0.15719727384214616,0.2275215004146574,0.9478390285029623,88.14758427935094,87.86175177724115,87.58316389112575,44.90502848789457,47.96771739830115,50.0,True,2d6e31e34205927e80edf8980cbdf7402561832729d95fe77c4542931d52e726
legacy_stress,243,ESTABLISHED_GENERATOR_UNCHANGED,True,0.07971007999034842,0.6432337806792672,0.09078945593855275,1.3275231181511977,,4,12,1.0421564869597595,0.0413,0.0,0.0,0.0,0.0,1.0,66.83361926652663,43.83649472822374,25.53,42.58141729750226,45.17583053485267,49.07271476298116,True,ed034a670e05942b30a30e1009e29429e516616b64d06b73472ea58fc5f02697
new_car_mild,243,PT-DESIGN_NO_MEASURED_DISTRIBUTION,,0.052129665345168885,0.4352532035315395,0.052129665345168885,0.4352532035315395,0,0,3,0.0,0.0,0.05048926374338494,0.07310156929436687,0.1029658429429238,0.1498167084191292,0.9591851965641974,88.33596565550529,88.0890239009895,87.89713697369726,42.96292251787973,45.676697866941055,48.90950304035734,True,bc39bc09330388f094cf41454d315a50359d94d5c9be1855fd1b87aaf701e5f2
legacy_stress,244,ESTABLISHED_GENERATOR_UNCHANGED,True,0.08001217806580768,0.6152942882682144,0.11201495577428566,1.985397483480331,,4,12,1.7066280028781844,0.0784,0.0,0.0,0.0,0.0,1.0,56.4426782266571,37.55535353192165,25.435252275714113,42.320738435134174,46.57962862601598,49.10853839120378,True,3e2ccf1821ce4bc987d1ee0e057448592e416f8b1b7943bd17bd7e57388087b6
new_car_mild,244,PT-DESIGN_NO_MEASURED_DISTRIBUTION,,0.040241540446469284,0.3310076241153007,0.040241540446469284,0.3310076241153007,0,0,3,0.0,0.0,0.05288931478707611,0.0763917498623685,0.09563862929431004,0.13861966792213798,0.9601101254583102,88.35139695225742,88.14108182585878,88.02170315405806,41.84376303721898,45.82329756167256,48.74809178248842,True,a08fbf545512cbfd40490cfc18fe894b9d05944ddfe5d027b5d64e2f169273e0
legacy_stress,245,ESTABLISHED_GENERATOR_UNCHANGED,True,0.07949267678372578,0.6914728792259562,0.09818040219619863,2.285354786945264,,4,12,1.9408470237757436,0.0362,0.0,0.0,0.0,0.0,1.0,66.83083369029333,35.54805389824779,31.943529173194122,41.92012064782291,44.7008686781248,48.82265517112859,True,4fd441ebd724ec159a80bbfb292de917bb4f768e95cf2a5acf2e8074d5ed4b32
new_car_mild,245,PT-DESIGN_NO_MEASURED_DISTRIBUTION,,0.04226760958817197,0.3169052675500983,0.04226760958817197,0.3169052675500983,0,0,3,0.0,0.0,0.03733158424222071,0.054003002913175384,0.14433278396169175,0.2089672061960934,0.958543055619117,88.32562190156908,88.14313363256841,88.02024274243598,41.41209872020379,44.636990019508616,47.12958062776208,True,e5af61bc6609f2acf8b597fbcd24a1b240d167d1592f1a9235f918beb6494961
legacy_stress,246,ESTABLISHED_GENERATOR_UNCHANGED,True,0.07985717174778072,0.6746057841591184,0.1482950742159056,2.1558908032209567,,4,12,1.7178751305759583,0.1433,0.0,0.0,0.0,0.0,1.0,44.33517307366063,27.88937385965113,25.53,40.0,41.61857184668693,43.97953906118588,True,f2677d2ab46fb8da086c1c53884c770e0fa070268ee3c55ab34b5293ddd350a5
new_car_mild,246,PT-DESIGN_NO_MEASURED_DISTRIBUTION,,0.05778247296085092,0.4577961889021335,0.05778247296085092,0.4577961889021335,0,0,3,0.0,0.0,0.03778528124414848,0.05461746115604958,0.09312543278262615,0.13543139223203793,0.9720522195258329,88.5477589193281,88.43244678033444,88.27735155788213,40.48674633910989,44.066304545092095,48.9832436086395,True,becccf3e37d3ef936c3ca793572b0d11689c636c02abfa24eb290f54ae19343b
legacy_stress,247,ESTABLISHED_GENERATOR_UNCHANGED,True,0.07990049984400452,0.6476943604021455,0.11514165152724766,1.8616367114766637,,4,12,1.6280665620184156,0.1005,0.0,0.0,0.0,0.0,1.0,55.258646677537584,35.584933235747236,25.482393141805712,43.30962834579786,46.16597519499918,50.0,True,4fe170dd3fab2745b31747e5b6e5532b996cb0f5778634128ecfcf9fbed37927
new_car_mild,247,PT-DESIGN_NO_MEASURED_DISTRIBUTION,,0.06384777372295877,0.5070999050675056,0.06390380557884703,0.5071033870609272,1,0,3,0.13680119702037635,0.0011,0.04025586684959714,0.058414575395184076,0.07892758807173596,0.11375647987216925,0.9750790267971244,86.13777964214744,88.50410048730414,27.007939639735454,41.90528924155506,46.14343287382062,49.38661395509945,True,622c2746ee9cabee72d14d7d7dd92e1b98ed4cc9f2aa2f756452926e2b777c6e
legacy_stress,248,ESTABLISHED_GENERATOR_UNCHANGED,True,0.07951609962422736,0.7276975489291138,0.09906786661914557,1.364696318433975,,4,12,0.8530545678812779,0.0708,0.0,0.0,0.0,0.0,1.0,60.686970433579745,41.76976701901753,25.51165756692673,41.705989283563724,45.62786492938235,47.475694972487986,True,247def5fc14436ee96a3b2e1a1c04dd6878e066f82091e5c5d9160e3e2b3274d
new_car_mild,248,PT-DESIGN_NO_MEASURED_DISTRIBUTION,,0.0616987401621701,0.5018393536416612,0.0616987401621701,0.5018393536416612,0,0,3,0.0,0.0,0.03739166391670442,0.054344476779333156,0.10484567680169128,0.15156325330082615,0.969363611268955,88.50382975091587,88.36369444400984,88.29030304908258,40.0,43.49621625226561,46.951114667003885,True,6ea1cb23166f64477de14c739211d6021014d548d441619e4a35f943800b046f
legacy_stress,249,ESTABLISHED_GENERATOR_UNCHANGED,True,0.07999834154363444,0.6270709740636778,0.1167938354910509,2.037931202762192,,4,12,1.727277111210869,0.0839,0.0,0.0,0.0,0.0,1.0,53.386937810359505,25.446133360620482,25.411831478270138,40.0,43.33888034433536,45.910956028985865,True,f93f98003379c6b35ec4aadc91834276040e43e61c27c04420d5153b936c8d95
new_car_mild,249,PT-DESIGN_NO_MEASURED_DISTRIBUTION,,0.05321898807368747,0.47379842538451966,0.05321898807368747,0.47379842538451966,0,0,3,0.0,0.0,0.037372249586699005,0.05427775797576226,0.05147951096059901,0.07461237575437593,0.9846447371556145,88.75280495157709,88.67304863004708,88.6364045538891,40.0,43.736418002654226,46.575107331359845,True,17aa480dcc25da9cc10b7509e97b4306a12f4a9921a8c26fa250b1bd4401db90
legacy_stress,250,ESTABLISHED_GENERATOR_UNCHANGED,True,0.07909983450005971,0.6715548112506613,0.16654718892196424,2.2211886049315344,,4,12,1.9582875052555393,0.1249,0.0,0.0,0.0,0.0,1.0,49.11654854700931,37.95871786092728,34.73180948864233,40.0,43.841598712651795,45.96617681430096,True,95eabcd56a2a10c112237e71a1be0ca4f05b1848eb32828435377004795bcace
new_car_mild,250,PT-DESIGN_NO_MEASURED_DISTRIBUTION,,0.04993966236948879,0.4167073870343461,0.050535609312776904,0.48177494998150183,1,0,3,0.23998307386098175,0.0055,0.04351719117441158,0.06315201809928024,0.0626918866896858,0.09099397306443763,0.9785769074255865,83.73053570558892,88.48724050147672,27.008476872608064,43.06552245695106,45.43402093155165,48.72384768661605,True,f6e4934ba97d472fb035edd57daa07b0fd17667d307287f49c63a7d63dcb3796
legacy_stress,251,ESTABLISHED_GENERATOR_UNCHANGED,True,0.07992818481269237,0.7284201624294178,0.16047322439141734,2.4616995947754745,,4,12,1.9808862000990979,0.135,0.0,0.0,0.0,0.0,1.0,52.0900787435681,30.882915440244116,25.482748750771147,41.481649682901065,44.9125753052788,48.7738428061507,True,a843536a90dc78f3e6f6cbb0cbefa14e3f8de1616064dc7e18b1c3ce8dc925de
new_car_mild,251,PT-DESIGN_NO_MEASURED_DISTRIBUTION,,0.06251671869141968,0.5153181721029966,0.06312891887926368,0.5850290961332887,1,0,3,0.31019845055777684,0.0052,0.056473497150693865,0.0819663124297478,0.07615245198130859,0.10969494268478924,0.9666589327457572,83.50453874230061,87.82806340611057,27.006229760804054,40.75862381126001,44.86426410883539,47.396884340245876,True,0fe4f0196748e9812389c313594eb932c02844508d25bcd8de771bccc3e755fc
legacy_stress,252,ESTABLISHED_GENERATOR_UNCHANGED,True,0.07866808988336181,0.636384013496516,0.13060988531530862,2.160759370950456,,4,12,1.8956160936799755,0.1183,0.0,0.0,0.0,0.0,1.0,53.91567418696828,37.81759882241698,34.9072853553979,43.03969875327401,45.25900717765172,50.0,True,0541f16078f0b1c862dac3a2367566ef8dc97afe7ebc7b4b5e99cbffd106f991
new_car_mild,252,PT-DESIGN_NO_MEASURED_DISTRIBUTION,,0.03738644299229751,0.30756992919772147,0.03739125924369558,0.3068149984074525,2,0,3,0.13466244129409102,0.0036,0.05917328413806486,0.08581946291237359,0.12330203774261202,0.17815106308376244,0.9436361017668045,81.74826841666793,68.45920615415652,26.988655296706767,41.680413601143904,45.04082214000876,49.54799311228596,True,b2716330bb70e1421e3c8a8b1d049cd4554be757474c1b4f01a2623986da186c
legacy_stress,253,ESTABLISHED_GENERATOR_UNCHANGED,True,0.07959909187385478,0.6963727596586198,0.14911710358597952,2.255190545440194,,4,12,1.9469698420538917,0.0897,0.0,0.0,0.0,0.0,1.0,57.775380026556306,37.259183633663056,36.06213154284946,40.0,43.39701058700435,46.186053959196876,True,a6d64bdf0999437e791eadbdb817d636c4252f467d5e4dbb34cfaac931a182e1
new_car_mild,253,PT-DESIGN_NO_MEASURED_DISTRIBUTION,,0.04302088518103775,0.3524922694907765,0.04308085616100659,0.3674382299430765,1,0,3,0.12447401623864214,0.0011,0.031877718828740784,0.04637659297808456,0.10736325480169259,0.15580291586886258,0.9728826518308451,86.10484083391748,88.4811991011437,27.00547852474627,40.0,43.575184429326654,47.73486856186625,True,0531584754f08a40d065135a47fca63ee490d30de4856f9f1ee1cd9a3fbe74d6
legacy_stress,254,ESTABLISHED_GENERATOR_UNCHANGED,True,0.07972252452731758,0.5987394870846638,0.16787044661440717,2.249550028106289,,4,12,1.969816348666141,0.1538,0.0,0.0,0.0,0.0,1.0,45.58095524008822,28.7068735827151,25.246808318603566,40.91932029197497,45.1902348234003,47.52692164941183,True,893d0f77ac6db2480d751d0b1c59174166d8c0572ba442776104b5ac33503813
new_car_mild,254,PT-DESIGN_NO_MEASURED_DISTRIBUTION,,0.038672769546758606,0.3354667012041361,0.03921549417611163,0.3899480072638747,1,0,3,0.21891106596122256,0.005,0.04398682554790328,0.06366048610121082,0.12348859158297787,0.17888605950849137,0.9574355184601713,83.63731361937553,71.9983473597659,27.00159292303629,42.72920025256295,44.914654233630046,49.604741998975186,True,15e9d45a3fac6fd1aa6f89e7867c4f77070266a143204113d244b10203765154
legacy_stress,255,ESTABLISHED_GENERATOR_UNCHANGED,True,0.07989681466664235,0.6026114082651742,0.13591558898974132,1.8797749270738402,,4,12,1.6394732717644775,0.1176,0.0,0.0,0.0,0.0,1.0,53.349566926873706,29.51894937271652,25.35927374967305,42.849161949711046,45.50438345887264,48.67011447739814,True,8c9530a487feed2d49329ea347fa85d32d042ddcd2f895ce0fb96fb7e531d28c
new_car_mild,255,PT-DESIGN_NO_MEASURED_DISTRIBUTION,,0.04876836918567679,0.356933791250582,0.04876836918567679,0.356933791250582,0,0,3,0.0,0.0,0.10002036635518391,0.14468675039536347,0.1514938417196033,0.2106097922738374,0.8867494025082695,87.10011242968564,86.45826119515182,86.30967358191319,40.85473766760974,44.51098744503798,47.42988399332294,True,228011b3f50dccaecc475675deaf09b958ea1c1058dcd54c648bcbd83d86003a
