surface_profile,env,stage,pass,tile_x,tile_y,removal_mean_um,removal_std_um,total_ra_um,total_rz_um,fine_ra_um,fine_rz_um,waviness_std_um,scratch_mean_um,scratch_max_um,clearcoat_min_um,under_fraction,over_fraction,coverage_fraction,profile_gu,q_ra,q_scratch
factory_prepolish,0,initial,0,0,0,0.0,0.0,0.09050923776326365,0.3774692559564539,0.08340612412311423,0.3556045224738903,0.0,0.0,0.0,42.674382980523546,0.0,0.0,0.0,76.17551121319735,0.9002413565796631,1.0
factory_prepolish,0,initial,0,0,1,0.0,0.0,0.1016413633417058,0.38267492144851867,0.08426419216204155,0.3522953264066777,0.0,0.0,0.0,42.592000856749685,0.0,0.0,0.0,74.31133807017241,0.8054020917454943,1.0
factory_prepolish,0,initial,0,0,2,0.0,0.0,0.10285871515417742,0.3966750588081313,0.08649763755733086,0.3567124800656681,0.0,0.0,0.0,43.02000158873774,0.0,0.0,0.0,74.11164601407773,0.7956569514526914,1.0
factory_prepolish,0,initial,0,0,3,0.0,0.0,0.07639535982740198,0.3476717220801565,0.06987787665408195,0.3263132300628019,0.0,0.0,0.0,44.451069188214554,0.0,0.0,0.0,78.0,1.0,1.0
factory_prepolish,0,initial,0,0,4,0.0,0.0,0.09992171166672835,0.4186740564431968,0.08399642478631744,0.37634079971055034,0.0,0.0,0.0,45.620548081169886,0.0,0.0,0.0,74.59481083503258,0.8193719747066611,1.0
factory_prepolish,0,initial,0,1,0,0.0,0.0,0.09868640838440741,0.41087695459481755,0.0909455385189462,0.38383019234122373,0.0,0.0,0.0,42.67153491657441,0.0,0.0,0.0,74.79944730142685,0.829556478851198,1.0
factory_prepolish,0,initial,0,1,1,0.0,0.0,0.0801464121463911,0.3565021872110379,0.07382424754858403,0.31664152466352496,0.0,0.0,0.0,42.585946685238504,0.0,0.0,0.0,77.9741401649741,0.9985369498390166,1.0
factory_prepolish,0,initial,0,1,2,0.0,0.0,0.0789355400768328,0.36801193508370256,0.06940422259158191,0.33537339201700694,0.0,0.0,0.0,43.01711314040112,0.0,0.0,0.0,78.0,1.0,1.0
factory_prepolish,0,initial,0,1,3,0.0,0.0,0.0721229822743326,0.3090455182685839,0.06326949982718894,0.28773724785422516,0.0,0.0,0.0,44.481825926538804,0.0,0.0,0.0,78.0,1.0,1.0
factory_prepolish,0,initial,0,1,4,0.0,0.0,0.08662708407053163,0.3961456604661099,0.08141759464969259,0.370423939339883,0.0,0.0,0.0,45.84623298497408,0.0,0.0,0.0,76.84205193380097,0.9358773562797598,1.0
factory_prepolish,0,initial,0,2,0,0.0,0.0,0.0832893786878897,0.3661343604845341,0.0731080956957117,0.3238892775644733,0.0,0.0,0.0,42.814167658845086,0.0,0.0,0.0,77.42205071211379,0.9676413303369378,1.0
factory_prepolish,0,initial,0,2,1,0.0,0.0,0.10655212548903664,0.4232679496279206,0.09448150936913681,0.39058271891784613,0.0,0.0,0.0,42.70484160849521,0.0,0.0,0.0,73.51072117110363,0.7668061443318887,1.0
factory_prepolish,0,initial,0,2,2,0.0,0.0,0.09435299620732351,0.4948792220953717,0.0804748873959834,0.4463557808184836,0.0,0.008377812456992982,0.37319012487791736,43.20158910170933,0.0,0.0,0.0,25.505240061613677,0.8662948438088398,0.0
factory_prepolish,0,initial,0,2,3,0.0,0.0,0.08719244081676308,0.3898736936247844,0.0806642683045527,0.36280683252396917,0.0,0.0,0.0,44.66410482227358,0.0,0.0,0.0,76.74444641991624,0.9306012390053482,1.0
factory_prepolish,0,initial,0,2,4,0.0,0.0,0.10411726418950983,0.41358539018858853,0.09215874201555145,0.3820545009398973,0.0,0.0,0.0,45.510399819507256,0.0,0.0,0.0,73.9060461956536,0.7857059689111376,1.0
factory_prepolish,0,initial,0,3,0,0.0,0.0,0.11732886088920497,0.6316290846382315,0.09988666458875382,0.4457719915112386,0.0,0.005254640223151955,0.2571394717594135,42.70329070827308,0.0,0.0,0.0,51.59586339075335,0.6884665066125698,0.18354047647649918
factory_prepolish,0,initial,0,3,1,0.0,0.0,0.10525695753149593,0.33997749579858927,0.08821778491657539,0.33234890349547186,0.0,0.0,0.0,42.60561189122507,0.0,0.0,0.0,73.72060567678125,0.7768021647038569,1.0
factory_prepolish,0,initial,0,3,2,0.0,0.0,0.11341772926309916,0.5945872118852376,0.10235533051002157,0.5649881159387379,0.0,0.026450212925274025,0.4517557275410656,43.06463538918965,0.0,0.0,0.0,25.47413143660354,0.7159268424213046,0.0
factory_prepolish,0,initial,0,3,3,0.0,0.0,0.10151970087176415,0.5250349226921115,0.08870284461564161,0.46307001516002144,0.0,0.0,0.0,44.35543671682252,0.0,0.0,0.0,74.33133992297545,0.8063825601333635,1.0
factory_prepolish,0,initial,0,3,4,0.0,0.0,0.0819306978307705,0.3435497983691351,0.07133662115261485,0.3793115867216575,0.0,0.0,0.0,45.31904365441253,0.0,0.0,0.0,77.66000526853094,0.9808782076889522,1.0
factory_prepolish,0,initial,0,4,0,0.0,0.0,0.07514368942007552,0.3617368924593435,0.0676953774742074,0.3415168375372951,0.0,0.007784375772382489,0.29810806707245796,42.746055784391515,0.0,0.0,0.0,45.46944048229486,1.0,0.05760899597243174
factory_prepolish,0,initial,0,4,1,0.0,0.0,0.10355109917678973,0.36876778529852927,0.08645182782262292,0.33585825697255867,0.0,0.0,0.0,42.723994970905274,0.0,0.0,0.0,73.99842964958808,0.7901669776290573,1.0
factory_prepolish,0,initial,0,4,2,0.0,0.0,0.11184390397554089,0.532989059967236,0.09882691008530754,0.4791492748967826,0.0,0.012518404110616294,0.3268549133318111,43.17957577254477,0.0,0.0,0.0,47.32972790529746,0.7272834119789413,0.10282980263680674
factory_prepolish,0,initial,0,4,3,0.0,0.0,0.10609590864919788,0.4282993433444547,0.09029039603740172,0.38684358831978205,0.0,0.0,0.0,44.37108312929013,0.0,0.0,0.0,73.58454865214594,0.7703124351543637,1.0
factory_prepolish,0,initial,0,4,4,0.0,0.0,0.06853805093898017,0.3424376055426329,0.06903852319324036,0.3532453419505626,0.0,0.0,0.0,45.36756332661558,0.0,0.0,0.0,78.0,1.0,1.0
factory_prepolish,1,initial,0,0,0,0.0,0.0,0.08768837102071327,0.40380714579295524,0.07590335996902224,0.36733782748899235,0.0,0.0,0.0,43.446346183763175,0.0,0.0,0.0,76.65897830352604,0.9259975314065825,1.0
factory_prepolish,1,initial,0,0,1,0.0,0.0,0.10928235713540807,0.4905511680874479,0.09248208301825649,0.38790255785091643,0.0,0.0,0.0,43.51707516857457,0.0,0.0,0.0,73.07123899753903,0.746153771984754,1.0
factory_prepolish,1,initial,0,0,2,0.0,0.0,0.10554497547112864,0.44002291176332287,0.0920974582293023,0.39221038008316256,0.0,0.0,0.0,43.86019937343719,0.0,0.0,0.0,73.67385342796729,0.7745680539783044,1.0
factory_prepolish,1,initial,0,0,3,0.0,0.0,0.09232995699078389,0.4722648839514191,0.0838494755663178,0.4402725279386399,0.0,0.0,0.0,44.36539007612798,0.0,0.0,0.0,75.86586433952684,0.8839988034508126,1.0
factory_prepolish,1,initial,0,0,4,0.0,0.0,0.06747593293108689,0.33058992754782346,0.06200846635387749,0.3124502961894512,0.0,0.0,0.0,45.502980294895515,0.0,0.0,0.0,78.0,1.0,1.0
factory_prepolish,1,initial,0,1,0,0.0,0.0,0.09758815519540733,0.37108023982870464,0.07985567795943606,0.3239753814013011,0.0,0.0,0.0,44.013185104308796,0.0,0.0,0.0,74.98208941562083,0.8387173218815914,1.0
factory_prepolish,1,initial,0,1,1,0.0,0.0,0.08563446587923,0.3677753141175486,0.07438607699414743,0.3373647288374815,0.0,0.0,0.0,43.85562713312066,0.0,0.0,0.0,77.01386723478797,0.9452133036674436,1.0
factory_prepolish,1,initial,0,1,2,0.0,0.0,0.0886426215813029,0.3871387195808262,0.07974505936354646,0.3636313063818336,0.0,0.0,0.0,43.88823715988284,0.0,0.0,0.0,76.49492066531997,0.917203221382068,1.0
factory_prepolish,1,initial,0,1,3,0.0,0.0,0.08996330482460717,0.3906380251945196,0.07713937520469542,0.3511925983585573,0.0,0.0,0.0,44.41340319420546,0.0,0.0,0.0,76.26872399142997,0.9051695106407833,1.0
factory_prepolish,1,initial,0,1,4,0.0,0.0,0.08215135251038824,0.34841658008134985,0.06823495554436011,0.30428460615013864,0.0,0.0,0.0,45.68159344204997,0.0,0.0,0.0,77.6212872538243,0.9787162401408104,1.0
factory_prepolish,1,initial,0,2,0,0.0,0.0,0.07720600924750495,0.31490079485148137,0.07203606136321697,0.3048994853179739,0.0,0.0,0.0,44.23848574246705,0.0,0.0,0.0,78.0,1.0,1.0
factory_prepolish,1,initial,0,2,1,0.0,0.0,0.09407699466966718,0.387646781606635,0.08767731420898496,0.36732684472030036,0.0,0.0,0.0,44.22331336945668,0.0,0.0,0.0,75.57050989455422,0.8686891335166826,1.0
factory_prepolish,1,initial,0,2,2,0.0,0.0,0.12101799506650107,0.4688050469955935,0.11203584766609097,0.4391177924691648,0.0,0.0,0.0,44.47726540108542,0.0,0.0,0.0,71.22705641373751,0.6635308365770698,1.0
factory_prepolish,1,initial,0,2,3,0.0,0.0,0.09482925210587569,0.31326101452811317,0.08586229236624054,0.30035935706931793,0.0,0.0,0.0,45.237496154338054,0.0,0.0,0.0,75.44386194028655,0.8621788725740986,1.0
factory_prepolish,1,initial,0,2,4,0.0,0.0,0.10225274824054871,0.41656469818410025,0.09211865866270155,0.3883861011963001,0.0,0.0,0.0,46.37357237293098,0.0,0.0,0.0,74.21094637673438,0.8004930069745195,1.0
factory_prepolish,1,initial,0,3,0,0.0,0.0,0.10148393370829105,0.4402910765321548,0.08706396766255063,0.398676893528607,0.0,0.0,0.0,44.3526102244408,0.0,0.0,0.0,74.33722174726,0.8066710318878717,1.0
factory_prepolish,1,initial,0,3,1,0.0,0.0,0.07562389563062259,0.40888573338863454,0.06425366614054331,0.26211656515064546,0.0,0.0,0.0,44.56770624853795,0.0,0.0,0.0,78.0,1.0,1.0
factory_prepolish,1,initial,0,3,2,0.0,0.0,0.08222410959608335,0.3379772610913369,0.07402133524249165,0.3228428401195417,0.0,0.0,0.0,45.633876330343625,0.0,0.0,0.0,77.60852689621053,0.978004413710743,1.0
factory_prepolish,1,initial,0,3,3,0.0,0.0,0.08882568182126178,0.3869770844935187,0.08417937575516408,0.363962800805825,0.0,0.0,0.0,46.64482673087533,0.0,0.0,0.0,76.46350800852996,0.9155257228489715,1.0
factory_prepolish,1,initial,0,3,4,0.0,0.0,0.07465710440188236,0.28966698695199444,0.06663389508082464,0.2766893969844908,0.0,0.0,0.0,47.23873452003476,0.0,0.0,0.0,78.0,1.0,1.0
factory_prepolish,1,initial,0,4,0,0.0,0.0,0.08491353898620674,0.3696749064292094,0.06844250624581043,0.30450773961680727,0.0,0.0,0.0,44.538672024940134,0.0,0.0,0.0,77.13901152670554,0.9520522227532355,1.0
factory_prepolish,1,initial,0,4,1,0.0,0.0,0.08626731566017103,0.4082189474798056,0.08077763119027388,0.3730472579827879,0.0,0.0,0.0,45.04711780923429,0.0,0.0,0.0,76.90425966902254,0.9392504113224129,1.0
factory_prepolish,1,initial,0,4,2,0.0,0.0,0.12267139654507414,0.3935564750797163,0.10283060599816977,0.36116893996660837,0.0,0.0,0.0,46.24725940239166,0.0,0.0,0.0,70.97298425092175,0.6526502060394165,1.0
factory_prepolish,1,initial,0,4,3,0.0,0.0,0.09781355613002353,0.386127791064625,0.0849755703999888,0.34329826439174493,0.0,0.0,0.0,47.25743353709444,0.0,0.0,0.0,74.94455015413331,0.8368289741754599,1.0
factory_prepolish,1,initial,0,4,4,0.0,0.0,0.09995099887938717,0.39727741304073916,0.08576424388132438,0.3856970132677361,0.0,0.0,0.0,47.75047563051682,0.0,0.0,0.0,74.58996942544975,0.8191320386309714,1.0
factory_prepolish,2,initial,0,0,0,0.0,0.0,0.09638029780867116,0.3970511631477668,0.08624903163268809,0.3905720977342767,0.0,0.0,0.0,43.04113997833584,0.0,0.0,0.0,75.18373252310971,0.8489092591314065,1.0
factory_prepolish,2,initial,0,0,1,0.0,0.0,0.11891050779631197,0.489367933759684,0.10411860924447748,0.4477181514351043,0.0,0.0,0.0,41.45746027044411,0.0,0.0,0.0,71.55294285249943,0.6776630588187709,1.0
factory_prepolish,2,initial,0,0,2,0.0,0.0,0.1288251945337057,0.4967061227887215,0.11490794441426588,0.475278364232641,0.0,0.00797709449017179,0.30242614804436746,41.23330785234914,0.0,0.0,0.0,25.450395622707532,0.6136982351547803,0.0
factory_prepolish,2,initial,0,0,3,0.0,0.0,0.08355151827492918,0.3633763034016483,0.07325163404245527,0.3456039803111939,0.0,0.0,0.0,41.4028125484151,0.0,0.0,0.0,77.37626440328239,0.9651080811247283,1.0
factory_prepolish,2,initial,0,0,4,0.0,0.0,0.1136004497444467,0.4403615790211293,0.09818837065860364,0.41433524337204797,0.0,0.0,0.0,42.24295278646803,0.0,0.0,0.0,72.3842746114178,0.7146198918455514,1.0
factory_prepolish,2,initial,0,1,0,0.0,0.0,0.11258979025931787,0.43252195322275055,0.10510881684924446,0.41306082510460085,0.0,0.0,0.0,43.029782665653116,0.0,0.0,0.0,72.54417502357563,0.7218788856317163,1.0
factory_prepolish,2,initial,0,1,1,0.0,0.0,0.11800417127496607,0.4967530887694987,0.1033775125228134,0.47425862280988407,0.0,0.006092536752561666,0.20615605990154556,41.20067396063929,0.0,0.0,0.0,25.46693797622681,0.6838328840675261,0.0
factory_prepolish,2,initial,0,1,2,0.0,0.0,0.14038089341654938,0.4841588168344983,0.11285447701455618,0.4334161189453779,0.0,0.0011137652592026772,0.14158953919717338,40.88714697932381,0.0,0.0,0.0,50.85826392352503,0.5467252247271239,0.21242291822160542
factory_prepolish,2,initial,0,1,3,0.0,0.0,0.08727199827702403,0.39752206752220753,0.08024480340714313,0.3847659046728651,0.0,0.0,0.0,41.01942372501651,0.0,0.0,0.0,76.73072605012703,0.9298611707232382,1.0
factory_prepolish,2,initial,0,1,4,0.0,0.0,0.09713545696991396,0.3923177251986818,0.08885442046863591,0.38784589722992624,0.0,0.0,0.0,41.87682736075615,0.0,0.0,0.0,75.0575690277253,0.8425227874532503,1.0
factory_prepolish,2,initial,0,2,0,0.0,0.0,0.08873056370511306,0.4284627843594001,0.07941748863084777,0.39746742345632147,0.0,0.0,0.0,43.06688181997741,0.0,0.0,0.0,76.47982763532076,0.9163969679596827,1.0
factory_prepolish,2,initial,0,2,1,0.0,0.0,0.15634945355705748,0.6251175943089285,0.13035262463703348,0.5949668508302455,0.0,0.004264986941179798,0.19949897205417555,41.23440378648331,0.0,0.0,0.0,25.41091189660378,0.4660350022417173,0.0
factory_prepolish,2,initial,0,2,2,0.0,0.0,0.11279449538211893,0.518795615174952,0.09929352294913957,0.45768885342482946,0.0,0.0,0.0,40.92959068160613,0.0,0.0,0.0,72.51174430210307,0.7204026740282922,1.0
factory_prepolish,2,initial,0,2,3,0.0,0.0,0.10369340743435335,0.4183169327532137,0.09254610929318881,0.38753059323260086,0.0,0.0,0.0,41.07193919676457,0.0,0.0,0.0,73.97519222433036,0.7890433045008102,1.0
factory_prepolish,2,initial,0,2,4,0.0,0.0,0.08033190205122881,0.3904818631574337,0.07534935654358704,0.3542513630492271,0.0,0.0,0.0,41.96267585509091,0.0,0.0,0.0,77.94139639468844,0.9966864813476806,1.0
factory_prepolish,2,initial,0,3,0,0.0,0.0,0.09172834648084055,0.42793831437709773,0.07978622643729047,0.3905883660317888,0.0,0.0,0.0,43.27848776970291,0.0,0.0,0.0,75.96797148180477,0.8893330628038012,1.0
factory_prepolish,2,initial,0,3,1,0.0,0.0,0.09571973753794973,0.3709041171933255,0.08489107164933188,0.383275680177135,0.0,0.0,0.0,41.8010731032208,0.0,0.0,0.0,75.29435219649056,0.8545353779269931,1.0
factory_prepolish,2,initial,0,3,2,0.0,0.0,0.07977313846548358,0.35920263407464903,0.07316343106033246,0.33914439048316614,0.0,0.0,0.0,41.61153125537458,0.0,0.0,0.0,78.0,1.0,1.0
factory_prepolish,2,initial,0,3,3,0.0,0.0,0.08786278477277891,0.38383833000166645,0.08334762547819427,0.36185610296067605,0.0,0.0,0.0,41.82804958924906,0.0,0.0,0.0,76.6289535781341,0.9243838719990448,1.0
factory_prepolish,2,initial,0,3,4,0.0,0.0,0.11073120019550732,0.4329553274711897,0.10441151195024548,0.41670826540707295,0.0,0.0,0.0,42.84509947215984,0.0,0.0,0.0,72.83963976255497,0.7354211122838307,1.0
factory_prepolish,2,initial,0,4,0,0.0,0.0,0.11868853680468536,0.4268161177520421,0.1042331614446105,0.4091334267481088,0.0,0.0,0.0,43.94215422758882,0.0,0.0,0.0,71.58740027480147,0.6791689449271762,1.0
factory_prepolish,2,initial,0,4,1,0.0,0.0,0.09974902630302514,0.428482728512075,0.09188995488753708,0.4039037138040632,0.0,0.015518678730528583,0.31111621522338806,43.107805525939455,0.0,0.0,0.0,25.496233667127036,0.820788132578033,0.0
factory_prepolish,2,initial,0,4,2,0.0,0.0,0.11643469249849984,0.44418725596070585,0.10287018650604822,0.417395751068128,0.0,0.0,0.0,43.04672446300876,0.0,0.0,0.0,71.93872081485162,0.6946501614382542,1.0
factory_prepolish,2,initial,0,4,3,0.0,0.0,0.08844116208398614,0.41352891691820814,0.08185395689380381,0.37740201132589046,0.0,0.0,0.0,43.277768697104776,0.0,0.0,0.0,76.5295127482981,0.9190528769090176,1.0
factory_prepolish,2,initial,0,4,4,0.0,0.0,0.08610261608983677,0.3717081484621937,0.07812755238436953,0.34874491568093385,0.0,0.0,0.0,44.16191149783339,0.0,0.0,0.0,76.93276285663123,0.9407986273167954,1.0
factory_prepolish,3,initial,0,0,0,0.0,0.0,0.10476087978703782,0.5781729542393781,0.09298713485325841,0.4097994893788046,0.0,0.0,0.0,45.261387440377504,0.0,0.0,0.0,73.80123635078915,0.7806652814702977,1.0
factory_prepolish,3,initial,0,0,1,0.0,0.0,0.10513658115224458,0.47585173313073126,0.09726671363247047,0.4508816119423039,0.0,0.0,0.0,45.2668397084134,0.0,0.0,0.0,73.74015896646361,0.7777378140610994,1.0
factory_prepolish,3,initial,0,0,2,0.0,0.0,0.10297824855805332,0.4145444543612026,0.08936715521679606,0.3771947730971983,0.0,0.0,0.0,44.15836384187581,0.0,0.0,0.0,74.09208163793733,0.7947064438156868,1.0
factory_prepolish,3,initial,0,0,3,0.0,0.0,0.08267836184203983,0.3616841731393716,0.0745938334684034,0.34233829292000373,0.0,0.0,0.0,43.157601419326184,0.0,0.0,0.0,77.5289287025188,0.973571881755812,1.0
factory_prepolish,3,initial,0,0,4,0.0,0.0,0.12254538067588257,0.49435434810055623,0.1057289446305218,0.4745722663175559,0.0,0.006812618382537174,0.4025315950968127,43.077148014580345,0.0,0.0,0.0,48.02250280467388,0.6534731672913198,0.1254302348500399
factory_prepolish,3,initial,0,1,0,0.0,0.0,0.1119017944863523,0.5645804310965774,0.09434395031231325,0.3970114325862223,0.0,0.0,0.0,45.26127123629567,0.0,0.0,0.0,72.65333411554141,0.7268625057408405,1.0
factory_prepolish,3,initial,0,1,1,0.0,0.0,0.11351938987311576,0.5115073739054855,0.10224044727529286,0.45172627469531623,0.0,0.0,0.0,45.2781323554031,0.0,0.0,0.0,72.39707955196165,0.7151993966515805,1.0
factory_prepolish,3,initial,0,1,2,0.0,0.0,0.11030191282109775,0.4630547845501175,0.09153940691559771,0.407803335491733,0.0,0.0,0.0,44.315192328034215,0.0,0.0,0.0,72.9081452762735,0.738584968426261,1.0
factory_prepolish,3,initial,0,1,3,0.0,0.0,0.09049776953282179,0.38956820662356384,0.08080207211484511,0.3650697299274803,0.0,0.0,0.0,43.354816399178794,0.0,0.0,0.0,76.17746755910872,0.900344604253196,1.0
factory_prepolish,3,initial,0,1,4,0.0,0.0,0.09225354829747914,0.38399540590441694,0.07473272899362841,0.3448413573421485,0.0,0.0,0.0,42.99869743871419,0.0,0.0,0.0,75.87882130359128,0.8846745135030948,1.0
factory_prepolish,3,initial,0,2,0,0.0,0.0,0.08117248140022591,0.3618438685602152,0.07840153281493271,0.35571130961763864,0.0,0.0,0.0,44.96275390619882,0.0,0.0,0.0,77.79326586898054,0.988343653777524,1.0
factory_prepolish,3,initial,0,2,1,0.0,0.0,0.1007364358485632,0.44539454547614254,0.09835197079014932,0.4456508686560764,0.0,0.0,0.0,45.090461024185046,0.0,0.0,0.0,74.46030658520522,0.8127234733396266,1.0
factory_prepolish,3,initial,0,2,2,0.0,0.0,0.10298827893545649,0.46449958768285887,0.09367613114859076,0.42444759585712255,0.0,0.0,0.0,43.680533848182606,0.0,0.0,0.0,74.09044029168857,0.794626735757701,1.0
factory_prepolish,3,initial,0,2,3,0.0,0.0,0.08665298587275273,0.35606269008821845,0.07126434153204605,0.3266101089878517,0.0,0.0,0.0,42.48806516014755,0.0,0.0,0.0,76.83757611843683,0.9356349785693568,1.0
factory_prepolish,3,initial,0,2,4,0.0,0.0,0.08409947108002236,0.3435641893605845,0.07900246080327694,0.341573532649044,0.0,0.0,0.0,41.979292970651215,0.0,0.0,0.0,77.28068598062868,0.9598342066892444,1.0
factory_prepolish,3,initial,0,3,0,0.0,0.0,0.09083516809009652,0.4119850553854162,0.07889046802900351,0.38886711326312806,0.0,0.0,0.0,43.95035196110791,0.0,0.0,0.0,76.11994256752273,0.8973119734511309,1.0
factory_prepolish,3,initial,0,3,1,0.0,0.0,0.10775317296040035,0.4698103886426912,0.09333235403180136,0.41876177619984245,0.0,0.0,0.0,44.83980365951908,0.0,0.0,0.0,73.31689715307624,0.757651524238744,1.0
factory_prepolish,3,initial,0,3,2,0.0,0.0,0.1119006726960852,0.48652348738354806,0.10400286891428624,0.4603332312050452,0.0,0.0,0.0,43.620197169459345,0.0,0.0,0.0,72.65351230602926,0.7268706596594201,1.0
factory_prepolish,3,initial,0,3,3,0.0,0.0,0.06629367415020351,0.3175677942699223,0.06583971136470405,0.3151970590894969,0.0,0.0,0.0,42.4208713818069,0.0,0.0,0.0,78.0,1.0,1.0
factory_prepolish,3,initial,0,3,4,0.0,0.0,0.10256527808303866,0.47053798287742366,0.08540335350276122,0.4129089827708277,0.0,0.0,0.0,41.80191877377877,0.0,0.0,0.0,74.15970677347737,0.7979951327749929,1.0
factory_prepolish,3,initial,0,4,0,0.0,0.0,0.07766467588430731,0.38317310252262893,0.0733319111882694,0.3658613300006869,0.0,0.0,0.0,42.90048426886019,0.0,0.0,0.0,78.0,1.0,1.0
factory_prepolish,3,initial,0,4,1,0.0,0.0,0.12095737887635334,0.4114453884424511,0.09746467049416832,0.3770681897051933,0.0,0.0,0.0,44.22522672260282,0.0,0.0,0.0,71.23639771756797,0.6639331656166069,1.0
factory_prepolish,3,initial,0,4,2,0.0,0.0,0.09317170824236914,0.40999823480349096,0.08621507184381651,0.3837063524633648,0.0,0.0,0.0,43.91214062592108,0.0,0.0,0.0,75.72334302894613,0.8765889624252272,1.0
factory_prepolish,3,initial,0,4,3,0.0,0.0,0.07973311567538367,0.37524332569825136,0.07171008158972544,0.3498188572016523,0.0,0.0,0.0,42.880669336878704,0.0,0.0,0.0,78.0,1.0,1.0
factory_prepolish,3,initial,0,4,4,0.0,0.0,0.09998796127754735,0.4154760591819997,0.09191460699624274,0.3828701393859366,0.0,0.0,0.0,41.946108861577635,0.0,0.0,0.0,74.58385992117852,0.8188293237341843,1.0
factory_prepolish,4,initial,0,0,0,0.0,0.0,0.13550734261607972,0.5569928565016895,0.12150915734159085,0.5104830089609687,0.0,0.0,0.0,47.564439244320845,0.0,0.0,0.0,69.04744895261285,0.5740301108217652,1.0
factory_prepolish,4,initial,0,0,1,0.0,0.0,0.09964217751802334,0.40291846091219075,0.0927369649318879,0.39423465786547873,0.0,0.0,0.0,45.963018463736475,0.0,0.0,0.0,74.64104384862091,0.8216656034251193,1.0
factory_prepolish,4,initial,0,0,2,0.0,0.0,0.11581623610738621,0.40776465464598455,0.10098515461269583,0.43540524574473627,0.0,0.0,0.0,44.73730377429638,0.0,0.0,0.0,72.03558579808839,0.6989595819650348,1.0
factory_prepolish,4,initial,0,0,3,0.0,0.0,0.08930102146604815,0.4242888020847525,0.08068245417920825,0.3950300453682555,0.0,0.0,0.0,44.379337489487455,0.0,0.0,0.0,76.38203042273298,0.9111841928114386,1.0
factory_prepolish,4,initial,0,0,4,0.0,0.0,0.0884966334317864,0.38560912261247304,0.0815719508490949,0.3635851562277925,0.0,0.0,0.0,44.376281342262715,0.0,0.0,0.0,76.51998559072024,0.9185432072645787,1.0
factory_prepolish,4,initial,0,1,0,0.0,0.0,0.10604192291578876,0.4758323680424651,0.09085022042318627,0.4352282924082572,0.0,0.0,0.0,47.11201180323876,0.0,0.0,0.0,73.59329234715146,0.7707284062444425,1.0
factory_prepolish,4,initial,0,1,1,0.0,0.0,0.0766832745558909,0.3946070711526495,0.07164994700211656,0.37104242508238827,0.0,0.0,0.0,45.55978496328627,0.0,0.0,0.0,78.0,1.0,1.0
factory_prepolish,4,initial,0,1,2,0.0,0.0,0.10456593082672729,0.4226073243403099,0.09509017036013827,0.4001372307884957,0.0,0.0,0.0,44.740670691540224,0.0,0.0,0.0,73.83295915784811,0.7821886647474902,1.0
factory_prepolish,4,initial,0,1,3,0.0,0.0,0.10984867896602549,0.4541003683759893,0.09553308087514122,0.41745460365318543,0.0,0.0,0.0,44.620883013804374,0.0,0.0,0.0,72.98057862248066,0.7419400830659343,1.0
factory_prepolish,4,initial,0,1,4,0.0,0.0,0.08566099161624076,0.3885195797917383,0.075157858241787,0.3215320887895696,0.0,0.0,0.0,44.73569261336404,0.0,0.0,0.0,77.00926841755872,0.944962612122682,1.0
factory_prepolish,4,initial,0,2,0,0.0,0.0,0.09037827731441722,0.4624246905658373,0.08201915433955151,0.4352710165194923,0.0,0.0,0.0,46.93734487980223,0.0,0.0,0.0,76.19785598303906,0.9014210890237833,1.0
factory_prepolish,4,initial,0,2,1,0.0,0.0,0.07777133998064618,0.3922148280879947,0.07727424109119607,0.37707067314648846,0.0,0.0,0.0,45.319014326994804,0.0,0.0,0.0,78.0,1.0,1.0
factory_prepolish,4,initial,0,2,2,0.0,0.0,0.14858933162980864,0.5921973287487812,0.11894235236035607,0.4710020909978106,0.0,0.0,0.0,44.524841705513325,0.0,0.0,0.0,67.1679649401276,0.5036401186326934,1.0
factory_prepolish,4,initial,0,2,3,0.0,0.0,0.10012102815553767,0.45368452621305405,0.08865567746012648,0.428893121904549,0.0,0.0,0.0,44.53190827990444,0.0,0.0,0.0,74.56187156661377,0.8177404577376848,1.0
factory_prepolish,4,initial,0,2,4,0.0,0.0,0.0976394646595914,0.4229860036543723,0.08183878280479169,0.3763902886141749,0.0,0.0,0.0,45.237902184707686,0.0,0.0,0.0,74.97354163252291,0.8382870909017589,1.0
factory_prepolish,4,initial,0,3,0,0.0,0.0,0.08941604014592444,0.4141006886215207,0.07934457104483629,0.38356935141021653,0.0,0.0,0.0,46.96738573858047,0.0,0.0,0.0,76.36233455426695,0.9101367632669157,1.0
factory_prepolish,4,initial,0,3,1,0.0,0.0,0.0949753650485463,0.4351017657396712,0.09246890007701594,0.4208761994505402,0.0,0.0,0.0,45.318147219135014,0.0,0.0,0.0,75.4192995852095,0.8609200375367118,1.0
factory_prepolish,4,initial,0,3,2,0.0,0.0,0.1136640191130618,0.48337444290646475,0.10649419434905581,0.46000830929044056,0.0,0.0012228670342976518,0.17592805207320666,44.40620986981117,0.0,0.0,0.0,25.473742350470722,0.7141657568529742,0.0
factory_prepolish,4,initial,0,3,3,0.0,0.0,0.1342700392767825,0.5767625428291193,0.12473362062864192,0.5557906372503967,0.0,0.029756399833740246,0.5617128607942897,44.39803398345036,0.0,0.0,0.0,25.4422949094877,0.5811767260319805,0.0
factory_prepolish,4,initial,0,3,4,0.0,0.0,0.10633092694275131,0.4934067906653006,0.10274752129069452,0.4817475533048029,0.0,0.0,0.0,44.909109411745334,0.0,0.0,0.0,73.5465026975263,0.7685041857050344,1.0
factory_prepolish,4,initial,0,4,0,0.0,0.0,0.11476785907495034,0.5036274354666272,0.0998193586913541,0.45956146890936794,0.0,0.0,0.0,47.505467147295064,0.0,0.0,0.0,72.2002434288431,0.7063258594002588,1.0
factory_prepolish,4,initial,0,4,1,0.0,0.0,0.11756002593590958,0.4460660008961833,0.10900589428723287,0.4138194657879807,0.0,0.0,0.0,45.67127823685588,0.0,0.0,0.0,71.76297826239909,0.686876850763247,1.0
factory_prepolish,4,initial,0,4,2,0.0,0.0,0.09631904512553052,0.41961929016770927,0.08952330683952212,0.39366838125943804,0.0,0.0,0.0,44.515874077880824,0.0,0.0,0.0,75.19397986342611,0.8494293981133325,1.0
factory_prepolish,4,initial,0,4,3,0.0,0.0,0.09077167044928248,0.4305457411160667,0.07536994304526645,0.3973938056915043,0.0,0.006636631250305954,0.5351375474658119,44.481205507201075,0.0,0.0,0.0,25.511307636985148,0.8978819263191765,0.0
factory_prepolish,4,initial,0,4,4,0.0,0.0,0.10447534980239222,0.4107838944162765,0.09352214376049876,0.39012004610678197,0.0,0.0,0.0,44.91397094714561,0.0,0.0,0.0,73.8477058488928,0.7828975002390096,1.0
factory_prepolish,5,initial,0,0,0,0.0,0.0,0.09203332981829795,0.4256648557460155,0.08263553758884269,0.38130510282021873,0.0,0.0,0.0,42.96303408263467,0.0,0.0,0.0,75.91618320371501,0.886624877004646,1.0
factory_prepolish,5,initial,0,0,1,0.0,0.0,0.10584644502076712,0.4339220035221738,0.09036353185042124,0.38090143111672725,0.0,0.0,0.0,43.13207873958455,0.0,0.0,0.0,73.62496571343641,0.772236483407833,1.0
factory_prepolish,5,initial,0,0,2,0.0,0.0,0.06531226657666402,0.3403914437732959,0.058939443437486326,0.32293542689448973,0.0,0.0,0.0,43.37018808179832,0.0,0.0,0.0,78.0,1.0,1.0
factory_prepolish,5,initial,0,0,3,0.0,0.0,0.08724822836090888,0.41172968748907646,0.07684557584418589,0.38213866833084154,0.0,0.0,0.0,44.05143204150899,0.0,0.0,0.0,76.73482499590685,0.9300822242145804,1.0
factory_prepolish,5,initial,0,0,4,0.0,0.0,0.09701215993137147,0.46770463173078625,0.09255831786252725,0.4538193018568235,0.0,0.0,0.0,43.67577123529534,0.0,0.0,0.0,75.0781464227146,0.8435622337708074,1.0
factory_prepolish,5,initial,0,1,0,0.0,0.0,0.07949929948904084,0.3459470153645561,0.07392309359115373,0.3301543113665908,0.0,0.0,0.0,41.56219189498313,0.0,0.0,0.0,78.0,1.0,1.0
factory_prepolish,5,initial,0,1,1,0.0,0.0,0.11095937269902657,0.5359518995077048,0.09165830494515693,0.3565019422541339,0.0,0.0,0.0,42.43097282025548,0.0,0.0,0.0,72.80326796147622,0.7337449964654283,1.0
factory_prepolish,5,initial,0,1,2,0.0,0.0,0.09232913424767254,0.3731437214983109,0.07861279001472284,0.33956573919095256,0.0,0.0,0.0,43.160160653834296,0.0,0.0,0.0,75.86600383818309,0.8840060765199916,1.0
factory_prepolish,5,initial,0,1,3,0.0,0.0,0.0967798545984391,0.4021347398168381,0.0851663473007806,0.38778831667816793,0.0,0.0,0.0,44.0496752086706,0.0,0.0,0.0,75.11693950876868,0.8455241517642202,1.0
factory_prepolish,5,initial,0,1,4,0.0,0.0,0.11740315086806552,0.4887135404691967,0.10430214078797545,0.4496926550530677,0.0,0.0,0.0,43.71913679400407,0.0,0.0,0.0,71.78743780828827,0.6879552349256736,1.0
factory_prepolish,5,initial,0,2,0,0.0,0.0,0.11351831903311037,0.41733977557238233,0.09939288821958177,0.4210684054478304,0.0,0.0,0.0,41.48643851158405,0.0,0.0,0.0,72.39724873456001,0.7152070553338442,1.0
factory_prepolish,5,initial,0,2,1,0.0,0.0,0.08969615739472908,0.3786082814164956,0.08442052691594287,0.34224459030059384,0.0,0.0,0.0,42.46444534651337,0.0,0.0,0.0,76.31439868436456,0.9075908805982406,1.0
factory_prepolish,5,initial,0,2,2,0.0,0.0,0.11493299691121088,0.48220538021067366,0.09525877670883659,0.4260585554405938,0.0,0.0,0.0,43.41990507711508,0.0,0.0,0.0,72.17426875826443,0.7051604107223144,1.0
factory_prepolish,5,initial,0,2,3,0.0,0.0,0.1121502121159256,0.40851113349634627,0.10118912418073314,0.37783783993316555,0.0,0.0,0.0,44.6566022215079,0.0,0.0,0.0,72.61389068752588,0.725059092060006,1.0
factory_prepolish,5,initial,0,2,4,0.0,0.0,0.10524826159253908,0.4760832814899915,0.09704938345386278,0.45306254137597546,0.0,0.0,0.0,44.46318944319624,0.0,0.0,0.0,73.72201793529237,0.776869717883064,1.0
factory_prepolish,5,initial,0,3,0,0.0,0.0,0.11427440531492623,0.43307073460091405,0.10491403215333943,0.4160126810273616,0.0,0.0,0.0,41.95747058455293,0.0,0.0,0.0,72.27794443973133,0.7098198644713742,1.0
factory_prepolish,5,initial,0,3,1,0.0,0.0,0.10256673966973585,0.47254487459530975,0.09693034164875439,0.43942002001304004,0.0,0.0,0.0,43.468708241035706,0.0,0.0,0.0,74.15946727014926,0.7979834694695228,1.0
factory_prepolish,5,initial,0,3,2,0.0,0.0,0.10571090139460322,0.41099395604489275,0.09400804380399888,0.38907433953031845,0.0,0.0,0.0,44.50927852020829,0.0,0.0,0.0,73.64694002444192,0.7732839104399333,1.0
factory_prepolish,5,initial,0,3,3,0.0,0.0,0.1168818138601501,0.5829206908047657,0.10575317510721648,0.4155557400919102,0.0,0.0,0.0,45.482752166011934,0.0,0.0,0.0,71.86881523903598,0.6915511654770566,1.0
factory_prepolish,5,initial,0,3,4,0.0,0.0,0.10405648321722608,0.3856314100038782,0.09077597667005101,0.35389161503664157,0.0,0.0,0.0,45.48610312059343,0.0,0.0,0.0,73.91595572293195,0.7861836738004648,1.0
factory_prepolish,5,initial,0,4,0,0.0,0.0,0.10931426278745274,0.5228004475754852,0.09572492739586949,0.4050795073719289,0.0,0.0,0.0,43.05469739978799,0.0,0.0,0.0,73.06612678864174,0.745915744732639,1.0
factory_prepolish,5,initial,0,4,1,0.0,0.0,0.0966743040420892,0.4337026762843703,0.08981390763604256,0.4201077489604288,0.0,0.0,0.0,44.73149318776431,0.0,0.0,0.0,75.13457551389601,0.8464170783720811,1.0
factory_prepolish,5,initial,0,4,2,0.0,0.0,0.1358985252537525,0.5945785425057205,0.11639964406265577,0.5354716511060282,0.0,0.0,0.0,45.30621156940363,0.0,0.0,0.0,68.99005105829819,0.5717889909869309,1.0
factory_prepolish,5,initial,0,4,3,0.0,0.0,0.10098423073315722,0.4528427579891161,0.09124870407980583,0.43629790062344687,0.0,0.0,0.0,45.549236624619105,0.0,0.0,0.0,74.41947008278007,0.8107120792418396,1.0
factory_prepolish,5,initial,0,4,4,0.0,0.0,0.14883291465306261,0.8107983165770997,0.12905923796541022,0.555768316021867,0.0,0.0,0.0,45.37944403603984,0.0,0.0,0.0,67.13374083474429,0.5024148297091405,1.0
factory_prepolish,6,initial,0,0,0,0.0,0.0,0.11230820075115304,0.42099746574308017,0.09977193672830723,0.3942903134033974,0.0,0.021732680401891448,0.5540881876767172,45.44317905145014,0.0,0.0,0.0,25.47588822443576,0.723914485508085,0.0
factory_prepolish,6,initial,0,0,1,0.0,0.0,0.10233008958621476,0.4307172588642128,0.09265068174564238,0.3962369127215605,0.0,0.0,0.0,45.47793539327576,0.0,0.0,0.0,74.19826120923693,0.7998741342640531,1.0
factory_prepolish,6,initial,0,0,2,0.0,0.0,0.09526950898571679,0.4164973903287281,0.08438472696417382,0.38713895967059303,0.0,0.0,0.0,45.6232401097714,0.0,0.0,0.0,75.36988870805322,0.8583914141617383,1.0
factory_prepolish,6,initial,0,0,3,0.0,0.0,0.0889177527419729,0.4184991466810637,0.08322117855935829,0.41012258104004584,0.0,0.0,0.0,45.86523488127766,0.0,0.0,0.0,76.44771612339169,0.9146831778156014,1.0
factory_prepolish,6,initial,0,0,4,0.0,0.0,0.0789201699139711,0.3740289591587938,0.07361255868559546,0.3671735309727786,0.0,0.0,0.0,46.12972116008514,0.0,0.0,0.0,78.0,1.0,1.0
factory_prepolish,6,initial,0,1,0,0.0,0.0,0.0984339545510283,0.3404571966529048,0.08547484267742175,0.32813275289133026,0.0,0.0,0.0,44.156380871922465,0.0,0.0,0.0,74.84137181019574,0.8316533717116306,1.0
factory_prepolish,6,initial,0,1,1,0.0,0.0,0.07063915797328224,0.3200842558380653,0.06623995034483593,0.30783110637164596,0.0,0.0,0.0,44.6396020404744,0.0,0.0,0.0,78.0,1.0,1.0
factory_prepolish,6,initial,0,1,2,0.0,0.0,0.07367970294448035,0.36532270826081936,0.06397179661413373,0.31695584786899605,0.0,0.0,0.0,45.033971845524086,0.0,0.0,0.0,78.0,1.0,1.0
factory_prepolish,6,initial,0,1,3,0.0,0.0,0.08437357553470994,0.3604444287847171,0.07887512230556562,0.35753485534375573,0.0,0.0,0.0,45.490052929687586,0.0,0.0,0.0,77.23293989990127,0.9572068608520923,1.0
factory_prepolish,6,initial,0,1,4,0.0,0.0,0.10608974695357705,0.5582360052662824,0.09277375958242086,0.4829438139407567,0.0,0.0,0.0,45.744649723096124,0.0,0.0,0.0,73.58554653972928,0.7703599009242804,1.0
factory_prepolish,6,initial,0,2,0,0.0,0.0,0.10383092901443573,0.3887664235897303,0.09356041588294702,0.36507502155506083,0.0,0.0,0.0,43.07387797851573,0.0,0.0,0.0,73.95274688318962,0.7879589454656626,1.0
factory_prepolish,6,initial,0,2,1,0.0,0.0,0.08028950244524967,0.31509791609365134,0.06898040169410381,0.29641857701411556,0.0,0.0,0.0,44.0642281699789,0.0,0.0,0.0,77.94887923794906,0.9971091620897717,1.0
factory_prepolish,6,initial,0,2,2,0.0,0.0,0.10587411667038797,0.4187221311070075,0.10030646620828293,0.38698195768555943,0.0,0.0,0.0,44.74351235854692,0.0,0.0,0.0,73.62048081023389,0.7720228223970266,1.0
factory_prepolish,6,initial,0,2,3,0.0,0.0,0.07180152558944179,0.3047618732245102,0.07119683254831223,0.3025339246304398,0.0,0.0,0.0,45.34443216796489,0.0,0.0,0.0,78.0,1.0,1.0
factory_prepolish,6,initial,0,2,4,0.0,0.0,0.08077450108992835,0.39158008104677056,0.07729554318784698,0.37054952046715595,0.0,0.0,0.0,45.0503800041495,0.0,0.0,0.0,77.86334794528725,0.9922849044163289,1.0
factory_prepolish,6,initial,0,3,0,0.0,0.0,0.1082683165236919,0.591753876006937,0.10138511457943818,0.5517683249575691,0.0,0.0,0.0,42.82015241180491,0.0,0.0,0.0,73.2340012170694,0.7537585669479411,1.0
factory_prepolish,6,initial,0,3,1,0.0,0.0,0.07061991611769383,0.33653201393566096,0.06647403788950858,0.31174790291432675,0.0,0.0,0.0,43.975683278078925,0.0,0.0,0.0,78.0,1.0,1.0
factory_prepolish,6,initial,0,3,2,0.0,0.0,0.10055393707895377,0.5918476005393857,0.09374038113615062,0.5394527125658397,0.0,0.023279502048308053,0.5108350812117545,44.74092400014335,0.0,0.0,0.0,25.49490403889133,0.8142080379228092,0.0
factory_prepolish,6,initial,0,3,3,0.0,0.0,0.11600681176667293,0.6266805537649849,0.10770490579717236,0.5878634120376411,0.0,0.029484838033486036,0.48081648970960605,45.12017894823117,0.0,0.0,0.0,42.35071645928271,0.6976288036061449,0.05029215275372534
factory_prepolish,6,initial,0,3,4,0.0,0.0,0.10752436610601157,0.45358549669693626,0.0974824155924472,0.44394048669146785,0.0,0.00033282850903279917,0.09804309771143578,43.92070524028638,0.0,0.0,0.0,59.811311028071195,0.7593870676225268,0.3731387334075885
factory_prepolish,6,initial,0,4,0,0.0,0.0,0.1416873482503977,0.6299388644515577,0.11773898857066067,0.5522959670732377,0.0,0.0,0.0,42.907961133092684,0.0,0.0,0.0,68.14935283488313,0.5396289622664308,1.0
factory_prepolish,6,initial,0,4,1,0.0,0.0,0.11304805012579205,0.4860421435188887,0.09419089264384344,0.4210710722706179,0.0,0.0,0.0,44.041319145898434,0.0,0.0,0.0,72.47160517311012,0.7185783726534523,1.0
factory_prepolish,6,initial,0,4,2,0.0,0.0,0.08321132514832773,0.4159547611364883,0.07728440194483432,0.39673997432006386,0.0,0.0,0.0,44.893117405471585,0.0,0.0,0.0,77.43569157526352,0.9683969034829624,1.0
factory_prepolish,6,initial,0,4,3,0.0,0.0,0.08902753308070292,0.3989225650858116,0.08043980444449338,0.3787419829936598,0.0,0.0,0.0,44.62023235625241,0.0,0.0,0.0,76.4288930752597,0.9136795864984543,1.0
factory_prepolish,6,initial,0,4,4,0.0,0.0,0.10739752469452231,0.4961057473778031,0.09506593537441604,0.4752315070107007,0.0,0.0,0.0,43.28216311030609,0.0,0.0,0.0,73.37421052098075,0.7603508960353246,1.0
factory_prepolish,7,initial,0,0,0,0.0,0.0,0.09972706940412734,0.4269727161151379,0.08743122155145581,0.39885260042430903,0.0,0.0,0.0,42.45584235794818,0.0,0.0,0.0,74.6269987631027,0.8209683719852363,1.0
factory_prepolish,7,initial,0,0,1,0.0,0.0,0.11963435993165632,0.5649391811802664,0.1012818264674968,0.499393714430417,0.0,0.0,0.0,43.14450490188908,0.0,0.0,0.0,71.44075343088096,0.6727754910198205,1.0
factory_prepolish,7,initial,0,0,2,0.0,0.0,0.11984179679167209,0.4613233389238426,0.10821725409619944,0.4180873371745053,0.0,0.0,0.0,43.64956736283698,0.0,0.0,0.0,71.40865278336094,0.6713813531441252,1.0
factory_prepolish,7,initial,0,0,3,0.0,0.0,0.11032148106892273,0.49591546673502296,0.10048112585869326,0.42347764594771825,0.0,0.0,0.0,43.864726555337676,0.0,0.0,0.0,72.90502044998823,0.738440454429131,1.0
factory_prepolish,7,initial,0,0,4,0.0,0.0,0.10226070693690398,0.4685797090129483,0.09232945094956943,0.4415510442238602,0.0,0.0,0.0,44.64142514280723,0.0,0.0,0.0,74.2096408774527,0.8004293007018772,1.0
factory_prepolish,7,initial,0,1,0,0.0,0.0,0.07729119602880391,0.3436065723388009,0.07426002668245581,0.3392586225733952,0.0,0.0,0.0,44.219858058922824,0.0,0.0,0.0,78.0,1.0,1.0
factory_prepolish,7,initial,0,1,1,0.0,0.0,0.09971189965284646,0.33866484678242775,0.08147756588929546,0.3420820655021338,0.0,0.0,0.0,44.26611451334615,0.0,0.0,0.0,74.62950825730968,0.8210929202919565,1.0
factory_prepolish,7,initial,0,1,2,0.0,0.0,0.08827726193746147,0.425306120900629,0.08280614517590035,0.4033414215254405,0.0,0.0,0.0,44.167760902275745,0.0,0.0,0.0,76.55767275561251,0.9205604410333311,1.0
factory_prepolish,7,initial,0,1,3,0.0,0.0,0.11858581143403699,0.480524777364107,0.1078031766131474,0.4581319615334007,0.0,0.0,0.0,44.17891602135538,0.0,0.0,0.0,71.60335536616927,0.6798669822124919,1.0
factory_prepolish,7,initial,0,1,4,0.0,0.0,0.0958513415167651,0.419458767387607,0.07902789319485151,0.3590172961221787,0.0,0.0,0.0,44.80568993525307,0.0,0.0,0.0,75.27229391223761,0.853411515055591,1.0
factory_prepolish,7,initial,0,2,0,0.0,0.0,0.09795017149476522,0.35912438153591303,0.08701734344601782,0.3460413074353259,0.0,0.0,0.0,44.95467043625933,0.0,0.0,0.0,74.92181135552114,0.8356865177832972,1.0
factory_prepolish,7,initial,0,2,1,0.0,0.0,0.07527015381575825,0.36800906771818087,0.06915172511092367,0.351931768415494,0.0,0.0,0.0,44.770121259551175,0.0,0.0,0.0,78.0,1.0,1.0
factory_prepolish,7,initial,0,2,2,0.0,0.0,0.1370520983288294,0.7151217441527894,0.1266206590029291,0.3941183087299594,0.0,0.0,0.0,44.580956170023036,0.0,0.0,0.0,68.82122339648848,0.5652308861320146,1.0
factory_prepolish,7,initial,0,2,3,0.0,0.0,0.09644023180950065,0.39568826023588155,0.08445012259650773,0.3703102979256827,0.0,0.0,0.0,44.57705909097771,0.0,0.0,0.0,75.17370781828859,0.8484006262862294,1.0
factory_prepolish,7,initial,0,2,4,0.0,0.0,0.10395050771860369,0.3951890571334392,0.09466208972265332,0.37750726132841184,0.0,0.0,0.0,44.952260244226125,0.0,0.0,0.0,73.93323841798372,0.7870172774986836,1.0
factory_prepolish,7,initial,0,3,0,0.0,0.0,0.11125663603928278,0.5205606683470505,0.10631754100263693,0.5034859591542997,0.0,0.011901880085824884,0.4279366774229644,43.87498670386843,0.0,0.0,0.0,55.621577492567354,0.7315670802569788,0.2636336949558685
factory_prepolish,7,initial,0,3,1,0.0,0.0,0.10329822794099201,0.4347562492933472,0.09153061412743295,0.40246606076661273,0.0,0.0,0.0,43.80519206723921,0.0,0.0,0.0,74.03974803905422,0.7921676110774473,1.0
factory_prepolish,7,initial,0,3,2,0.0,0.0,0.1134027963368969,0.4153509864835422,0.09599921540194208,0.3798903746452782,0.0,0.0,0.0,43.90489283155109,0.0,0.0,0.0,72.41550377567677,0.716033759231051,1.0
factory_prepolish,7,initial,0,3,3,0.0,0.0,0.09817910582384476,0.48118120049467666,0.08440920083698901,0.3301342323363496,0.0,0.0,0.0,44.309119888449096,0.0,0.0,0.0,74.88372983301849,0.8337755327456267,1.0
factory_prepolish,7,initial,0,3,4,0.0,0.0,0.1031164456552251,0.4984313134916273,0.09084638153399395,0.4463299765636245,0.0,0.0,0.0,44.79364446031299,0.0,0.0,0.0,74.06947223533855,0.7936089411124067,1.0
factory_prepolish,7,initial,0,4,0,0.0,0.0,0.09749447926866264,0.5018468564352728,0.08469789929350999,0.46662414044865935,0.0,0.016929732385883977,0.5085042259598986,42.60876492578683,0.0,0.0,0.0,49.94893172135373,0.8395033662153086,0.12425269371204661
factory_prepolish,7,initial,0,4,1,0.0,0.0,0.11582397979892427,0.5580309131126224,0.11098535960870176,0.5540476053939316,0.0,0.03610313907131415,0.5324429074628255,42.60305137427943,0.0,0.0,0.0,45.6213458704683,0.6989054587866249,0.08427620640675382
factory_prepolish,7,initial,0,4,2,0.0,0.0,0.10730823593465658,0.519184475023735,0.09666820744234218,0.4860086122123975,0.0,0.005129635849711103,0.48537430359416733,42.974381046769224,0.0,0.0,0.0,49.59574144223963,0.7610301071054681,0.131325877040937
factory_prepolish,7,initial,0,4,3,0.0,0.0,0.07824434633342837,0.41339888720429746,0.07079073917385437,0.32538078269412823,0.0,0.0,0.0,43.89409280842668,0.0,0.0,0.0,78.0,1.0,1.0
factory_prepolish,7,initial,0,4,4,0.0,0.0,0.10561491405274852,0.461713321540937,0.09528337169903399,0.42553153636277397,0.0,0.0,0.0,44.69597214658999,0.0,0.0,0.0,73.66250748298175,0.7740265214598263,1.0
factory_prepolish,8,initial,0,0,0,0.0,0.0,0.11236981106470725,0.43611649214623893,0.0984352528780163,0.41152669339039405,0.0,0.0,0.0,44.57453145757762,0.0,0.0,0.0,72.57905023948322,0.7234686168883302,1.0
factory_prepolish,8,initial,0,0,1,0.0,0.0,0.09120739331209991,0.3940977488070353,0.08153227475727079,0.34638978010479093,0.0,0.0,0.0,44.480825136185466,0.0,0.0,0.0,76.05655479329855,0.8939781604614992,1.0
factory_prepolish,8,initial,0,0,2,0.0,0.0,0.08388628483280286,0.4024430636687061,0.0772740494494947,0.370193646898258,0.0,0.0,0.0,44.85452004084062,0.0,0.0,0.0,77.31785092831183,0.9618826239101043,1.0
factory_prepolish,8,initial,0,0,3,0.0,0.0,0.08240049015734131,0.3880448486849417,0.07322932148902439,0.353744472701058,0.0,0.0,0.0,45.1616590261952,0.0,0.0,0.0,77.57760558196281,0.9762809244335586,1.0
factory_prepolish,8,initial,0,0,4,0.0,0.0,0.07974429721349365,0.3673937539174194,0.07745841170918256,0.3555047164035722,0.0,0.0,0.0,44.131386289840066,0.0,0.0,0.0,78.0,1.0,1.0
factory_prepolish,8,initial,0,1,0,0.0,0.0,0.08695173862528019,0.37607654994399187,0.07707240251544901,0.35521908980132133,0.0,0.0,0.0,45.69466565897156,0.0,0.0,0.0,76.78597975179598,0.9328439145834406,1.0
factory_prepolish,8,initial,0,1,1,0.0,0.0,0.09805669670299984,0.41687382893572794,0.08586612150048775,0.3655069046934979,0.0,0.0,0.0,46.073163696755365,0.0,0.0,0.0,74.90408806450249,0.8347967749643724,1.0
factory_prepolish,8,initial,0,1,2,0.0,0.0,0.1042569179753215,0.5322553609039729,0.09596183131720962,0.44969052927589515,0.0,0.0,0.0,45.770055106650844,0.0,0.0,0.0,73.88328511218275,0.7846094666119019,1.0
factory_prepolish,8,initial,0,1,3,0.0,0.0,0.10409478544049247,0.4686262389642141,0.09710671204037834,0.45100075570985576,0.0,0.0,0.0,44.748517988368064,0.0,0.0,0.0,73.90971082207179,0.7858826056360229,1.0
factory_prepolish,8,initial,0,1,4,0.0,0.0,0.1267937945342694,0.5604064997117548,0.11408032596170482,0.5041005825354045,0.0,0.0,0.0,43.299364234813154,0.0,0.0,0.0,70.34557504800316,0.6262923868111606,1.0
factory_prepolish,8,initial,0,2,0,0.0,0.0,0.0901062854905429,0.43097031348552983,0.07813209262962215,0.386586322721756,0.0,0.0,0.0,44.6385598794476,0.0,0.0,0.0,76.24429502568213,0.9038762180461323,1.0
factory_prepolish,8,initial,0,2,1,0.0,0.0,0.08999439189516575,0.4538879027187369,0.08120230963964993,0.4282285941097882,0.0,0.0,0.0,47.00837305000496,0.0,0.0,0.0,76.26341161854432,0.9048881636898639,1.0
factory_prepolish,8,initial,0,2,2,0.0,0.0,0.10481490303306724,0.5577435384376599,0.09468617096263036,0.5302020794035641,0.0,0.01039161939748059,0.44125820752561684,46.075414366081006,0.0,0.0,0.0,25.487924491380095,0.7802436546431262,0.0
factory_prepolish,8,initial,0,2,3,0.0,0.0,0.09974762637749512,0.4340778533412248,0.08921732919873522,0.40423585826066477,0.0,0.0,0.0,44.753989835037764,0.0,0.0,0.0,74.62359827663722,0.8207996230810773,1.0
factory_prepolish,8,initial,0,2,4,0.0,0.0,0.1278675150115262,0.5258800578191047,0.11715872559345865,0.49586891260611365,0.0,0.0,0.0,43.30244605506359,0.0,0.0,0.0,70.1835702258245,0.6196037302040789,1.0
factory_prepolish,8,initial,0,3,0,0.0,0.0,0.10037989375663776,0.40828254744127623,0.09161838591196657,0.39029850464641846,0.0,0.0,0.0,43.851971854837785,0.0,0.0,0.0,74.51912380022745,0.8156263465202584,1.0
factory_prepolish,8,initial,0,3,1,0.0,0.0,0.10074617428326141,0.4269058528354383,0.09356164274065107,0.40308301212823316,0.0,0.0,0.0,45.69972558061172,0.0,0.0,0.0,74.4587010580448,0.8126443306485905,1.0
factory_prepolish,8,initial,0,3,2,0.0,0.0,0.12560733823131562,0.6739312848801668,0.11286334973999164,0.6212180145290416,0.0,0.02662076857457677,0.44318098562962244,46.676706730415326,0.0,0.0,0.0,25.45525265282569,0.6337673280795629,0.0
factory_prepolish,8,initial,0,3,3,0.0,0.0,0.13168116591414808,0.5158402493785517,0.11316103715920281,0.46610649485184374,0.0,0.0,0.0,45.73427101367803,0.0,0.0,0.0,69.61282440939087,0.5964191071430892,1.0
factory_prepolish,8,initial,0,3,4,0.0,0.0,0.0926075274941045,0.4444553755301782,0.0850657454277048,0.41642522096981627,0.0,0.0,0.0,44.54453436660009,0.0,0.0,0.0,75.8188232263699,0.8815484857754918,1.0
factory_prepolish,8,initial,0,4,0,0.0,0.0,0.09261637997041275,0.3968491290234788,0.07980566777082992,0.3614035315608645,0.0,0.0,0.0,43.812515512639095,0.0,0.0,0.0,75.81732367373252,0.8814704503587272,1.0
factory_prepolish,8,initial,0,4,1,0.0,0.0,0.1005467673499809,0.3917282314651133,0.07980404910640804,0.3672097083318684,0.0,0.0,0.0,44.560668279072296,0.0,0.0,0.0,74.49158667920887,0.8142664165251724,1.0
factory_prepolish,8,initial,0,4,2,0.0,0.0,0.12117431677144377,0.5877310348822598,0.10726910990455718,0.5245589813653642,0.0,0.02132499578916996,0.3272908224579696,45.52601128019562,0.0,0.0,0.0,50.77107126886077,0.6624944041559838,0.17353520484978457
factory_prepolish,8,initial,0,4,3,0.0,0.0,0.1057622863613206,0.47440641594513133,0.09674250825916557,0.45124748087301025,0.0,0.0,0.0,47.499533761881295,0.0,0.0,0.0,73.63860833335487,0.7728866608319531,1.0
factory_prepolish,8,initial,0,4,4,0.0,0.0,0.09192297866166876,0.421797733127751,0.08240600118658017,0.38383779470573415,0.0,0.0,0.0,46.93692183146479,0.0,0.0,0.0,75.93491551441628,0.8876038178483134,1.0
factory_prepolish,9,initial,0,0,0,0.0,0.0,0.08499622678801858,0.44227422776753844,0.07866230168308044,0.4118879525214101,0.0,0.0,0.0,44.420277069240704,0.0,0.0,0.0,77.12464263951006,0.9512653170804775,1.0
factory_prepolish,9,initial,0,0,1,0.0,0.0,0.09968715607529202,0.45247812546938576,0.08609096344878125,0.4076615234046262,0.0,0.0,0.0,43.21249045756867,0.0,0.0,0.0,74.63360179807728,0.8212961131930427,1.0
factory_prepolish,9,initial,0,0,2,0.0,0.0,0.11451875777903173,0.43140198684391573,0.10196173895869336,0.3968373028282974,0.0,0.0,0.0,42.36521247287159,0.0,0.0,0.0,72.23945184405477,0.7080875195175778,1.0
factory_prepolish,9,initial,0,0,3,0.0,0.0,0.11172434805683011,0.4728585592113662,0.10180908138015785,0.4383185165144747,0.0,0.0,0.0,42.36126108359445,0.0,0.0,0.0,72.68152883311812,0.728153442326519,1.0
factory_prepolish,9,initial,0,0,4,0.0,0.0,0.10329044431914791,0.4696365304487856,0.0947956120445942,0.4436848911564164,0.0,0.0,0.0,43.23023109083744,0.0,0.0,0.0,74.04102041174048,0.7922292728083918,1.0
factory_prepolish,9,initial,0,1,0,0.0,0.0,0.1080583117135872,0.47290510635998584,0.09900744230164332,0.42869915555442534,0.0,0.0,0.0,44.37119966897364,0.0,0.0,0.0,73.26777761191971,0.7553431594730052,1.0
factory_prepolish,9,initial,0,1,1,0.0,0.0,0.1294766178657443,0.4987113770189644,0.11244935064627715,0.4501064603273113,0.0,0.0,0.0,43.17546374279687,0.0,0.0,0.0,69.94186896953843,0.6097134546488943,1.0
factory_prepolish,9,initial,0,1,2,0.0,0.0,0.10433247189273687,0.42945522082546644,0.09562745651620068,0.393360869563423,0.0,0.0,0.0,42.36623443644625,0.0,0.0,0.0,73.8709755833485,0.7840168873100919,1.0
factory_prepolish,9,initial,0,1,3,0.0,0.0,0.08647932884493828,0.4370090030419298,0.07836544889736122,0.4206382688416267,0.0,0.0,0.0,42.363008967016064,0.0,0.0,0.0,76.86759133618065,0.9372611860674601,1.0
factory_prepolish,9,initial,0,1,4,0.0,0.0,0.09443657896265666,0.4303308856444691,0.07643161511651998,0.3868304145796688,0.0,0.0,0.0,43.28377206479262,0.0,0.0,0.0,75.50993166994843,0.8655710732249096,1.0
factory_prepolish,9,initial,0,2,0,0.0,0.0,0.09768798669740474,0.40542058787014423,0.08112367867564667,0.3893971432326368,0.0,0.0,0.0,44.314070929347054,0.0,0.0,0.0,74.96545955921577,0.8378804355892281,1.0
factory_prepolish,9,initial,0,2,1,0.0,0.0,0.07563806836072678,0.33567556572933954,0.07180540613490444,0.3333277689150471,0.0,0.0,0.0,43.21619263871387,0.0,0.0,0.0,78.0,1.0,1.0
factory_prepolish,9,initial,0,2,2,0.0,0.0,0.10381490430744514,0.44762193408057155,0.09287463977127308,0.40989010220059474,0.0,0.0,0.0,42.765351536251515,0.0,0.0,0.0,73.95536179777835,0.7880852236954675,1.0
factory_prepolish,9,initial,0,2,3,0.0,0.0,0.11147672359256885,0.4868894432601619,0.10400440017354144,0.45930590792576187,0.0,0.0,0.0,42.76680611116172,0.0,0.0,0.0,72.7209021239743,0.7299587626720102,1.0
factory_prepolish,9,initial,0,2,4,0.0,0.0,0.09693075586374394,0.4111935279258212,0.08047728224103178,0.3551094688603911,0.0,0.0,0.0,43.562179016510484,0.0,0.0,0.0,75.09173681588021,0.8442492073163352,1.0
factory_prepolish,9,initial,0,3,0,0.0,0.0,0.10289352013788562,0.4613419502903198,0.0908444103557412,0.429544018969364,0.0,0.00463623225228104,0.1814215573629579,43.43755433819583,0.0,0.0,0.0,25.491059485777846,0.7953800713671946,0.0
factory_prepolish,9,initial,0,3,1,0.0,0.0,0.10839023563727279,0.4692066959894269,0.09714129069580135,0.43873456540534816,0.0,0.0008103754667190357,0.17282649226788357,42.44579617019984,0.0,0.0,0.0,25.48214403044083,0.7528401511605348,0.0
factory_prepolish,9,initial,0,3,2,0.0,0.0,0.14221671691836954,0.5391683405004267,0.11985257249054751,0.4618036656723498,0.0,0.0,0.0,42.32211927344342,0.0,0.0,0.0,68.07328025390987,0.5367798833358195,1.0
factory_prepolish,9,initial,0,3,3,0.0,0.0,0.09776982706978514,0.4229876032351103,0.08672061612248189,0.3989019622171905,0.0,0.0,0.0,42.42366992201548,0.0,0.0,0.0,74.9518307788861,0.8371949916438364,1.0
factory_prepolish,9,initial,0,3,4,0.0,0.0,0.10755349902803424,0.49286487522958883,0.09153619493346675,0.4403728807783681,0.0,0.0,0.0,43.118955139578,0.0,0.0,0.0,73.3490666070719,0.7591658682027579,1.0
factory_prepolish,9,initial,0,4,0,0.0,0.0,0.09391624917875901,0.40871363468258015,0.08264105277487804,0.39049653612270413,0.0,0.0,0.0,43.36004464559595,0.0,0.0,0.0,75.59761376007428,0.8700866350382422,1.0
factory_prepolish,9,initial,0,4,1,0.0,0.0,0.10021765125170123,0.45722522230244417,0.09805635693536115,0.4456433602259964,0.0,0.0,0.0,42.3468231049048,0.0,0.0,0.0,74.54591139867838,0.8169507131880966,1.0
factory_prepolish,9,initial,0,4,2,0.0,0.0,0.09869757388464513,0.4370778566868275,0.08648721578636305,0.3865112175518558,0.0,0.0,0.0,42.23030124587549,0.0,0.0,0.0,74.79759388344868,0.8294638598913611,1.0
factory_prepolish,9,initial,0,4,3,0.0,0.0,0.11012254077866776,0.4003560442000995,0.09405063196745672,0.3628804283949024,0.0,0.0,0.0,42.3370295933792,0.0,0.0,0.0,72.93679844760712,0.7399109722537548,1.0
factory_prepolish,9,initial,0,4,4,0.0,0.0,0.10045746015264914,0.3885830004176839,0.0848653906230889,0.3518406232099668,0.0,0.0,0.0,42.837271327733745,0.0,0.0,0.0,74.5063220553847,0.8149939398575791,1.0
factory_prepolish,10,initial,0,0,0,0.0,0.0,0.12425040738269569,0.5221635317901598,0.11420101515291764,0.48895659791945834,0.0,0.0,0.0,45.320254435517924,0.0,0.0,0.0,70.73164713005178,0.6424257238315565,1.0
factory_prepolish,10,initial,0,0,1,0.0,0.0,0.09881876507462412,0.3896074802605698,0.08240796545447074,0.3568330951293234,0.0,0.0,0.0,45.31095471225652,0.0,0.0,0.0,74.77748118065676,0.8284592316525325,1.0
factory_prepolish,10,initial,0,0,2,0.0,0.0,0.09606770382491155,0.3369668963938358,0.08618455093287061,0.32500893204651393,0.0,0.0,0.0,45.57140620718103,0.0,0.0,0.0,75.2360502182685,0.8515670502864385,1.0
factory_prepolish,10,initial,0,0,3,0.0,0.0,0.08751226598297611,0.4077253239861864,0.08022625206427403,0.3734378330155268,0.0,0.0,0.0,46.57135256883984,0.0,0.0,0.0,76.68931189356371,0.9276296964493241,1.0
factory_prepolish,10,initial,0,0,4,0.0,0.0,0.11599774450376966,0.4868436979057298,0.10598339330756679,0.46336935258398787,0.0,0.0,0.0,47.50388113123739,0.0,0.0,0.0,72.00713655941183,0.6976920623117301,1.0
factory_prepolish,10,initial,0,1,0,0.0,0.0,0.09857731461286036,0.4504875103648619,0.08630926564773939,0.40921307003202945,0.0,0.0,0.0,44.78305513508946,0.0,0.0,0.0,74.81755995961447,0.8304619671269399,1.0
factory_prepolish,10,initial,0,1,1,0.0,0.0,0.11415177193447594,0.6096414326224202,0.10627128439776029,0.568986943256685,0.0,0.0,0.0,44.66882848169571,0.0,0.0,0.0,72.29727457081898,0.7106908745316647,1.0
factory_prepolish,10,initial,0,1,2,0.0,0.0,0.14136055209900683,0.597240481280221,0.11766713766239736,0.5186684005384187,0.0,0.0,0.0,44.86756862525269,0.0,0.0,0.0,68.1963819199108,0.5413953335916557,1.0
factory_prepolish,10,initial,0,1,3,0.0,0.0,0.07859382854834109,0.3715885397284596,0.07662552103948389,0.36527878151012916,0.0,0.0,0.0,46.03254890619314,0.0,0.0,0.0,78.0,1.0,1.0
factory_prepolish,10,initial,0,1,4,0.0,0.0,0.07708097947094093,0.35490547805297434,0.06643561729600099,0.3190502182077028,0.0,0.0,0.0,47.25689405303981,0.0,0.0,0.0,78.0,1.0,1.0
factory_prepolish,10,initial,0,2,0,0.0,0.0,0.09355094233099451,0.41441200957242263,0.08698778650796717,0.37282628925726,0.0,0.0,0.0,44.723269038586984,0.0,0.0,0.0,75.65926347018237,0.8732709337870314,1.0
factory_prepolish,10,initial,0,2,1,0.0,0.0,0.07981681467646505,0.32503855361768075,0.07175585515537523,0.30554582067980457,0.0,0.0,0.0,44.57554412039576,0.0,0.0,0.0,78.0,1.0,1.0
factory_prepolish,10,initial,0,2,2,0.0,0.0,0.1075866651218265,0.36732738285766464,0.09627336743070863,0.3548710124776474,0.0,0.0,0.0,44.657316606645935,0.0,0.0,0.0,73.34372173693194,0.75891412428799,1.0
factory_prepolish,10,initial,0,2,3,0.0,0.0,0.10834786503471067,0.48195355587460503,0.10560040645178852,0.4642594495177659,0.0,0.0,0.0,45.47403780777081,0.0,0.0,0.0,73.22121310267912,0.7531592016559466,1.0
factory_prepolish,10,initial,0,2,4,0.0,0.0,0.1093982429329874,0.44036805966042303,0.09037566925796074,0.4029219135835076,0.0,0.0,0.0,46.59279074730631,0.0,0.0,0.0,73.05267333735759,0.7452895865657171,1.0
factory_prepolish,10,initial,0,3,0,0.0,0.0,0.09920475136293878,0.3992483308459862,0.09017289167218498,0.3745421873335945,0.0,0.0,0.0,44.763764369915634,0.0,0.0,0.0,74.71347761297665,0.8252676560985706,1.0
factory_prepolish,10,initial,0,3,1,0.0,0.0,0.08071148583068602,0.33573224693326287,0.07727769897868264,0.3245882532185742,0.0,0.0,0.0,44.58828595110864,0.0,0.0,0.0,77.87445310348775,0.9929103923770013,1.0
factory_prepolish,10,initial,0,3,2,0.0,0.0,0.07324520749072075,0.33181552817602744,0.06934801734114611,0.3186314618789188,0.0,0.0,0.0,44.61595157424967,0.0,0.0,0.0,78.0,1.0,1.0
factory_prepolish,10,initial,0,3,3,0.0,0.0,0.07589422065453948,0.3876696678977313,0.07321033098920053,0.37321291255444855,0.0,0.0,0.0,44.966467141112574,0.0,0.0,0.0,78.0,1.0,1.0
factory_prepolish,10,initial,0,3,4,0.0,0.0,0.0929942405141988,0.3775725578117986,0.08478795311704639,0.37192761022810866,0.0,0.0,0.0,45.24467221952496,0.0,0.0,0.0,75.75335776065644,0.878146006158649,1.0
factory_prepolish,10,initial,0,4,0,0.0,0.0,0.07971343979961248,0.33212317022394316,0.0686089636553689,0.30961907637751457,0.0,0.0,0.0,44.69089945255277,0.0,0.0,0.0,78.0,1.0,1.0
factory_prepolish,10,initial,0,4,1,0.0,0.0,0.08046963307023637,0.3900055376160849,0.07168185792251912,0.36179363296586775,0.0,0.0,0.0,44.638689570657526,0.0,0.0,0.0,77.91709639831029,0.9953146798155813,1.0
factory_prepolish,10,initial,0,4,2,0.0,0.0,0.13470807178628777,0.48538194670428875,0.12253051120750104,0.4456464719394628,0.0,0.0,0.0,44.63821245107339,0.0,0.0,0.0,69.1649582229065,0.5786365504931914,1.0
factory_prepolish,10,initial,0,4,3,0.0,0.0,0.10405405005257182,0.4350303755338435,0.09237214528041918,0.40775547226538433,0.0,0.0,0.0,44.7478800125934,0.0,0.0,0.0,73.91635245978915,0.786202803176457,1.0
factory_prepolish,10,initial,0,4,4,0.0,0.0,0.10177369542447165,0.44351087146654306,0.0923891125319129,0.42016517760189903,0.0,0.0,0.0,43.36197265226435,0.0,0.0,0.0,74.28959129328283,0.8043369912730988,1.0
factory_prepolish,11,initial,0,0,0,0.0,0.0,0.0780475421942109,0.3361318888970334,0.07082390149844102,0.31803990079522826,0.0,0.0,0.0,43.915822593968095,0.0,0.0,0.0,78.0,1.0,1.0
factory_prepolish,11,initial,0,0,1,0.0,0.0,0.09582050669020091,0.38568446211203383,0.08560843097200448,0.35485792239244485,0.0,0.0,0.0,44.12655347383003,0.0,0.0,0.0,75.2774613026716,0.8536747035909161,1.0
factory_prepolish,11,initial,0,0,2,0.0,0.0,0.09331904315455994,0.40761718870242003,0.08488467740906548,0.3605748085144904,0.0,0.0,0.0,43.70412038784433,0.0,0.0,0.0,75.69843808075666,0.875298391811164,1.0
factory_prepolish,11,initial,0,0,3,0.0,0.0,0.08009010101148219,0.3769226075448432,0.06690657023583739,0.3466044314541034,0.0,0.0,0.0,42.9029487846318,0.0,0.0,0.0,77.98408454475548,0.9990993956729095,1.0
factory_prepolish,11,initial,0,0,4,0.0,0.0,0.09064321671999831,0.3958638608882651,0.08156534816515414,0.35776053720335776,0.0,0.0,0.0,42.4550844401288,0.0,0.0,0.0,76.15266151053365,0.8990360302241622,1.0
factory_prepolish,11,initial,0,1,0,0.0,0.0,0.08325970129897246,0.3648196596384954,0.07029708059342207,0.2938937223995814,0.0,0.0,0.0,45.08194758964932,0.0,0.0,0.0,77.42723680058157,0.9679285436344615,1.0
factory_prepolish,11,initial,0,1,1,0.0,0.0,0.07426624830899145,0.34751843360888346,0.06555782557815731,0.3107048971018762,0.0,0.0,0.0,44.645218851258726,0.0,0.0,0.0,78.0,1.0,1.0
factory_prepolish,11,initial,0,1,2,0.0,0.0,0.08902951424728472,0.3960960889713532,0.08353050612514153,0.37884486898096514,0.0,0.0,0.0,44.07143329106466,0.0,0.0,0.0,76.42855344570013,0.9136614851631313,1.0
factory_prepolish,11,initial,0,1,3,0.0,0.0,0.09485835102963527,0.3930127667496751,0.07897038397951686,0.33659302486031184,0.0,0.0,0.0,43.40209404035693,0.0,0.0,0.0,75.438969303932,0.8619280243001411,1.0
factory_prepolish,11,initial,0,1,4,0.0,0.0,0.06846224492965097,0.31188018225794684,0.05623621859847223,0.27123720319131084,0.0,0.0,0.0,42.821426567375376,0.0,0.0,0.0,78.0,1.0,1.0
factory_prepolish,11,initial,0,2,0,0.0,0.0,0.10244887580803744,0.48674216395789055,0.08649793697613632,0.35433327815785065,0.0,0.0,0.0,45.41916246218382,0.0,0.0,0.0,74.17878481347287,0.7989245580951068,1.0
factory_prepolish,11,initial,0,2,1,0.0,0.0,0.0742638123866971,0.3575555357965286,0.0682268357659395,0.33617878867401096,0.0,0.0,0.0,44.90422373172271,0.0,0.0,0.0,78.0,1.0,1.0
factory_prepolish,11,initial,0,2,2,0.0,0.0,0.09733963027491165,0.4134951431059376,0.09097320791704222,0.39094086709614984,0.0,0.0,0.0,44.745653645216656,0.0,0.0,0.0,75.02351255371613,0.8408043357395498,1.0
factory_prepolish,11,initial,0,2,3,0.0,0.0,0.07965405244661806,0.3640787280139456,0.06696476316948892,0.32104778109781995,0.0,0.0,0.0,44.523945239915044,0.0,0.0,0.0,78.0,1.0,1.0
factory_prepolish,11,initial,0,2,4,0.0,0.0,0.07241247172750348,0.33610038089770977,0.06839053603864538,0.3267294371096282,0.0,0.0,0.0,44.01803135211506,0.0,0.0,0.0,78.0,1.0,1.0
factory_prepolish,11,initial,0,3,0,0.0,0.0,0.08225828600536364,0.3567758682508989,0.07445616640606514,0.3363583087560028,0.0,0.0,0.0,45.0068380901467,0.0,0.0,0.0,77.60253400242021,0.9776702240298034,1.0
factory_prepolish,11,initial,0,3,1,0.0,0.0,0.07466947647110253,0.3275961116256289,0.05929054373661545,0.2689688461920957,0.0,0.0,0.0,44.82186853566596,0.0,0.0,0.0,78.0,1.0,1.0
factory_prepolish,11,initial,0,3,2,0.0,0.0,0.11583085480907986,0.5294154300464737,0.09823076207350566,0.38934645420440817,0.0,0.0,0.0,44.96421557181011,0.0,0.0,0.0,72.03329385660498,0.6988574106170325,1.0
factory_prepolish,11,initial,0,3,3,0.0,0.0,0.08810321060140193,0.3787526615010147,0.08209410183752264,0.3674648814458381,0.0,0.0,0.0,45.38703895635597,0.0,0.0,0.0,76.58759370716666,0.9221640839563138,1.0
factory_prepolish,11,initial,0,3,4,0.0,0.0,0.08681944529488071,0.36820579382600777,0.07603936209079266,0.33443157772911414,0.0,0.0,0.0,45.19133773765028,0.0,0.0,0.0,76.8088212534876,0.9340788215351326,1.0
factory_prepolish,11,initial,0,4,0,0.0,0.0,0.10470354427807776,0.39820733656250873,0.08798779720330754,0.3624767453358445,0.0,0.0,0.0,44.904772264592516,0.0,0.0,0.0,73.810564054522,0.7811130082236442,1.0
factory_prepolish,11,initial,0,4,1,0.0,0.0,0.08097313942319602,0.33995487969507454,0.0708131108061308,0.3244822673842125,0.0,0.0,0.0,44.81870789115305,0.0,0.0,0.0,77.82835723963537,0.9903158025639397,1.0
factory_prepolish,11,initial,0,4,2,0.0,0.0,0.06300388943518564,0.26380086329559327,0.05627406347334373,0.25939399784682965,0.0,0.0,0.0,45.05675566128189,0.0,0.0,0.0,78.0,1.0,1.0
factory_prepolish,11,initial,0,4,3,0.0,0.0,0.074175558055254,0.33092962970582585,0.0709436898287032,0.3110710400344914,0.0,0.0,0.0,46.010814882104434,0.0,0.0,0.0,78.0,1.0,1.0
factory_prepolish,11,initial,0,4,4,0.0,0.0,0.09211035154041694,0.41247870993989677,0.0797539201417456,0.36043136834944584,0.0,0.0,0.0,45.76115412325022,0.0,0.0,0.0,75.9031127079267,0.8859422461763982,1.0
factory_prepolish,12,initial,0,0,0,0.0,0.0,0.07718713474282161,0.34304568491672327,0.06705232792544924,0.3350137717977766,0.0,0.0,0.0,45.12206957099886,0.0,0.0,0.0,78.0,1.0,1.0
factory_prepolish,12,initial,0,0,1,0.0,0.0,0.10720631699972935,0.4368628515696722,0.09541102527104967,0.4001509809332757,0.0,0.0,0.0,44.99934344626178,0.0,0.0,0.0,73.40505208611481,0.7618061362782645,1.0
factory_prepolish,12,initial,0,0,2,0.0,0.0,0.09707659922864326,0.42671447890797265,0.0806296994595718,0.38244715415092734,0.0,0.0,0.0,45.39896589173751,0.0,0.0,0.0,75.06739090933831,0.8430188232990639,1.0
factory_prepolish,12,initial,0,0,3,0.0,0.0,0.10029788831261456,0.45835625783902234,0.09072346315392857,0.44191851602108495,0.0,0.0,0.0,46.66228632218473,0.0,0.0,0.0,74.53266177623897,0.8162954788522638,1.0
factory_prepolish,12,initial,0,0,4,0.0,0.0,0.09866893705729435,0.42587632833845135,0.0866828338733513,0.37004381261492664,0.0,0.0,0.0,44.65623599759367,0.0,0.0,0.0,74.80234759399214,0.8297014260389356,1.0
factory_prepolish,12,initial,0,1,0,0.0,0.0,0.08092334631037773,0.3822086724933492,0.07450424504560274,0.3504451008371061,0.0,0.0,0.0,45.19391091842241,0.0,0.0,0.0,77.83712626185022,0.9908090344163233,1.0
factory_prepolish,12,initial,0,1,1,0.0,0.0,0.08989943986921901,0.34427960889210707,0.08046265009987463,0.31786766903343033,0.0,0.0,0.0,45.18701931002236,0.0,0.0,0.0,76.27963940247754,0.9057477813814614,1.0
factory_prepolish,12,initial,0,1,2,0.0,0.0,0.10442812603952926,0.4773068605914049,0.0962149407978149,0.4189039782506442,0.0,0.0,0.0,46.02487323054771,0.0,0.0,0.0,73.85539569570746,0.7832673012080764,1.0
factory_prepolish,12,initial,0,1,3,0.0,0.0,0.10813455090475578,0.45394777035149664,0.09857398534821392,0.4230062017711613,0.0,0.0,0.0,47.525480536953275,0.0,0.0,0.0,73.25551284932956,0.7547675114202681,1.0
factory_prepolish,12,initial,0,1,4,0.0,0.0,0.07932651672994058,0.3527284972314991,0.0698006266537443,0.32594042430725567,0.0,0.0,0.0,46.53719611682371,0.0,0.0,0.0,78.0,1.0,1.0
factory_prepolish,12,initial,0,2,0,0.0,0.0,0.11248928643874839,0.4751836308618941,0.09862985301682854,0.44459366872498524,0.0,0.0,0.0,45.46917833684296,0.0,0.0,0.0,72.56010559601793,0.7226047661994112,1.0
factory_prepolish,12,initial,0,2,1,0.0,0.0,0.11250766455246794,0.467196489364408,0.10324322900229711,0.443993392775828,0.0,0.0,0.0,45.45601992154641,0.0,0.0,0.0,72.55719213516153,0.7224719772761595,1.0
factory_prepolish,12,initial,0,2,2,0.0,0.0,0.11590049926242627,0.45003537040526276,0.11154426446344115,0.4370318395954492,0.0,0.0,0.0,45.95117851689976,0.0,0.0,0.0,72.02237643041856,0.6983708646395466,1.0
factory_prepolish,12,initial,0,2,3,0.0,0.0,0.08491202971166674,0.44114680412619084,0.08253024937476118,0.41675760427974584,0.0,0.0,0.0,46.929748076715526,0.0,0.0,0.0,77.13927383430749,0.952066591943476,1.0
factory_prepolish,12,initial,0,2,4,0.0,0.0,0.10550157978375545,0.4084647908353454,0.09311719666842172,0.3957255535623372,0.0,0.0,0.0,47.95077941350996,0.0,0.0,0.0,73.68089472164667,0.774904256052826,1.0
factory_prepolish,12,initial,0,3,0,0.0,0.0,0.10344734923929769,0.4723271127985887,0.09552737825220729,0.4482585325229477,0.0,0.0,0.0,45.87249136011958,0.0,0.0,0.0,74.01537786008998,0.790987200791365,1.0
factory_prepolish,12,initial,0,3,1,0.0,0.0,0.11746571144307869,0.45357633796184604,0.11154014989851532,0.4500817631288225,0.0,0.0,0.0,45.716561879838274,0.0,0.0,0.0,71.7776819954968,0.6875249807736395,1.0
factory_prepolish,12,initial,0,3,2,0.0,0.0,0.07940319623635678,0.3919555767655741,0.07234673674452663,0.35427517639366846,0.0,0.0,0.0,45.53545682149969,0.0,0.0,0.0,78.0,1.0,1.0
factory_prepolish,12,initial,0,3,3,0.0,0.0,0.11994789188808358,0.5308504740794645,0.10895919433996312,0.414567978474974,0.0,0.0,0.0,45.52770279517578,0.0,0.0,0.0,71.39224325017904,0.6706694281757386,1.0
factory_prepolish,12,initial,0,3,4,0.0,0.0,0.09211646830043144,0.40113029723812277,0.08310974469925674,0.3821575084961796,0.0,0.0,0.0,45.76235324681481,0.0,0.0,0.0,75.90207484475926,0.8858880568726641,1.0
factory_prepolish,12,initial,0,4,0,0.0,0.0,0.09674827967482322,0.38462652905842964,0.08837165496480295,0.3609761799392702,0.0,0.0,0.0,46.61762831461098,0.0,0.0,0.0,75.12221458148667,0.845791167522086,1.0
factory_prepolish,12,initial,0,4,1,0.0,0.0,0.09758837800800244,0.42588801677004695,0.09056831877843834,0.3983678902973409,0.0,0.0,0.0,45.9390576224141,0.0,0.0,0.0,74.98205229350445,0.8387154531158428,1.0
factory_prepolish,12,initial,0,4,2,0.0,0.0,0.09627128929819709,0.5663978690599735,0.0828858736891278,0.36265177171720125,0.0,0.0,0.0,45.04338281271135,0.0,0.0,0.0,75.20197068287467,0.8498351470266788,1.0
factory_prepolish,12,initial,0,4,3,0.0,0.0,0.10590499711318241,0.4418433974223124,0.09865342971689334,0.4112593174401853,0.0,0.0,0.0,43.83535549464998,0.0,0.0,0.0,73.61547632788502,0.7717844551373231,1.0
factory_prepolish,12,initial,0,4,4,0.0,0.0,0.09643502893986426,0.4437438857409228,0.09333118949915875,0.4364616473101883,0.0,0.0,0.0,43.73662265295658,0.0,0.0,0.0,75.17457798337068,0.8484447686131332,1.0
factory_prepolish,13,initial,0,0,0,0.0,0.0,0.13083261390981726,0.5343759374226847,0.11717411360782898,0.49540054906204,0.0,0.0,0.0,43.86456082964495,0.0,0.0,0.0,69.73919071101096,0.6015015665902824,1.0
factory_prepolish,13,initial,0,0,1,0.0,0.0,0.09892888738220967,0.4942521753653233,0.09084174714549974,0.3650231822838824,0.0,0.0,0.0,43.44030260410332,0.0,0.0,0.0,74.75921249686655,0.8275474153779385,1.0
factory_prepolish,13,initial,0,0,2,0.0,0.0,0.09380666144476478,0.43081515067682197,0.07910996894901054,0.3915890620105351,0.0,0.0,0.0,43.45150987575475,0.0,0.0,0.0,75.61610006244698,0.8710406659203016,1.0
factory_prepolish,13,initial,0,0,3,0.0,0.0,0.09601430206489626,0.43672170270893795,0.08394080081494464,0.4042126996231809,0.0,0.0,0.0,44.33264924922513,0.0,0.0,0.0,75.24499332586727,0.852021923523349,1.0
factory_prepolish,13,initial,0,0,4,0.0,0.0,0.06942482877383341,0.3133196268491494,0.06349660264284879,0.2873879543777116,0.0,0.0,0.0,45.87971117546078,0.0,0.0,0.0,78.0,1.0,1.0
factory_prepolish,13,initial,0,1,0,0.0,0.0,0.09333086964030453,0.45333056550214146,0.08091951444659884,0.40901030542158,0.0,0.0,0.0,43.74883341589081,0.0,0.0,0.0,75.69643950563301,0.8751948808926064,1.0
factory_prepolish,13,initial,0,1,1,0.0,0.0,0.08164709032857631,0.4050801930281772,0.073691362445393,0.3603613045343407,0.0,0.0,0.0,43.488256127983,0.0,0.0,0.0,77.7098113823333,0.983664000364606,1.0
factory_prepolish,13,initial,0,1,2,0.0,0.0,0.10759778125909997,0.48191536722290584,0.09704793090145909,0.43729288603955563,0.0,0.0,0.0,43.50193420846282,0.0,0.0,0.0,73.34193045196196,0.758829767040867,1.0
factory_prepolish,13,initial,0,1,3,0.0,0.0,0.11448023974012629,0.6313923701012328,0.0958589411625464,0.5387101204178025,0.0,0.0,0.0,44.34266490998557,0.0,0.0,0.0,72.24551747025316,0.7083603134778992,1.0
factory_prepolish,13,initial,0,1,4,0.0,0.0,0.09355809003233632,0.43356226710914114,0.08412005343661172,0.4042078967532247,0.0,0.0,0.0,45.75823795057128,0.0,0.0,0.0,75.65805649360934,0.8732085172194808,1.0
factory_prepolish,13,initial,0,2,0,0.0,0.0,0.11535530001780776,0.45137196756921216,0.09408015294431704,0.417330646347692,0.0,0.0,0.0,43.647046065187254,0.0,0.0,0.0,72.10790934137535,0.7021887754716746,1.0
factory_prepolish,13,initial,0,2,1,0.0,0.0,0.09893785443101696,0.39653172460804664,0.08852311570782108,0.35902957333147556,0.0,0.0,0.0,44.08905554735076,0.0,0.0,0.0,74.7577252081374,0.8274732121242688,1.0
factory_prepolish,13,initial,0,2,2,0.0,0.0,0.11894108999833161,0.4639327260850443,0.10445400582245831,0.4556782439076494,0.0,0.0,0.0,44.4573163601021,0.0,0.0,0.0,71.54819745603493,0.6774558462198133,1.0
factory_prepolish,13,initial,0,2,3,0.0,0.0,0.10792250519218337,0.4168357648392217,0.09018546199251815,0.3645411099037349,0.0,0.0,0.0,45.224607202860334,0.0,0.0,0.0,73.28963282159106,0.7563696616132034,1.0
factory_prepolish,13,initial,0,2,4,0.0,0.0,0.11975997095645025,0.41681228463247066,0.10809110416855681,0.3968108674963058,0.0,0.0,0.0,45.55940801083145,0.0,0.0,0.0,71.42131259903417,0.6719309413657708,1.0
factory_prepolish,13,initial,0,3,0,0.0,0.0,0.08418665600264726,0.38534119291868385,0.07694225385147814,0.36047351624050383,0.0,0.0,0.0,43.49497368014246,0.0,0.0,0.0,77.26549456296655,0.9589977406679264,1.0
factory_prepolish,13,initial,0,3,1,0.0,0.0,0.10137110761003855,0.39203331563464916,0.08741152318400591,0.3592199682996175,0.0,0.0,0.0,44.41469217785151,0.0,0.0,0.0,74.35578032428886,0.8075816809671938,1.0
factory_prepolish,13,initial,0,3,2,0.0,0.0,0.08280329118726602,0.3923703629697472,0.07610304689636167,0.36795767112526184,0.0,0.0,0.0,45.19513365615697,0.0,0.0,0.0,77.50705857430872,0.972356364205778,1.0
factory_prepolish,13,initial,0,3,3,0.0,0.0,0.09125321969386645,0.4279145025562657,0.08266149374841118,0.39899913634526085,0.0,0.0,0.0,45.76899402563283,0.0,0.0,0.0,76.0487562650388,0.8935685764727058,1.0
factory_prepolish,13,initial,0,3,4,0.0,0.0,0.10956258820489913,0.5596435592327654,0.08973839877659096,0.36498117295612686,0.0,0.0,0.0,45.10019613518855,0.0,0.0,0.0,73.02635644755738,0.7440657443070499,1.0
factory_prepolish,13,initial,0,4,0,0.0,0.0,0.08965414700022384,0.39308584527407375,0.07762938318651683,0.3587086406895321,0.0,0.0,0.0,42.308119439972394,0.0,0.0,0.0,76.3215849812932,0.9079722432080332,1.0
factory_prepolish,13,initial,0,4,1,0.0,0.0,0.09157398416654144,0.43747354893880297,0.07870903017155864,0.3985957697349104,0.0,0.0,0.0,43.289166504816386,0.0,0.0,0.0,75.99420334335431,0.8907069179859007,1.0
factory_prepolish,13,initial,0,4,2,0.0,0.0,0.09146414872670305,0.41058635054593573,0.08666282571816492,0.3913567075739785,0.0,0.0,0.0,44.269968488688015,0.0,0.0,0.0,76.0128766639778,0.8916857673102664,1.0
factory_prepolish,13,initial,0,4,3,0.0,0.0,0.08298799669673153,0.41584675433704166,0.08069708850243887,0.39606150761149617,0.0,0.0,0.0,44.58912834397959,0.0,0.0,0.0,77.47474071412597,0.9705620260602902,1.0
factory_prepolish,13,initial,0,4,4,0.0,0.0,0.08267291180654128,0.38003393984605754,0.07110606933238536,0.3426215264373317,0.0,0.0,0.0,43.67740046973224,0.0,0.0,0.0,77.52988299294074,0.9736249432148927,1.0
factory_prepolish,14,initial,0,0,0,0.0,0.0,0.12197808026416404,0.6076702025047572,0.11777181779258063,0.5700544552234716,0.0,0.0257469040249122,0.454100010040005,45.42322682926683,0.0,0.0,0.0,25.460793531773035,0.6571908585281548,0.0
factory_prepolish,14,initial,0,0,1,0.0,0.0,0.07980792408512936,0.3335430939343715,0.0725789950237336,0.318246453696574,0.0,0.0,0.0,45.09108578942835,0.0,0.0,0.0,78.0,1.0,1.0
factory_prepolish,14,initial,0,0,2,0.0,0.0,0.08876882420309212,0.3755434989468699,0.08044171368732181,0.3611089021991789,0.0,0.0,0.0,44.91132442415643,0.0,0.0,0.0,76.47326257449647,0.9160464169818275,1.0
factory_prepolish,14,initial,0,0,3,0.0,0.0,0.13363295695760236,0.6186072822429546,0.11219486004255665,0.46185377040739517,0.0,0.0,0.0,44.58439890983727,0.0,0.0,0.0,69.32351683938762,0.584891119505644,1.0
factory_prepolish,14,initial,0,0,4,0.0,0.0,0.08756860330086574,0.37498547135540905,0.08071689750520417,0.3603673497062866,0.0,0.0,0.0,43.38776438168223,0.0,0.0,0.0,76.67960601427876,0.927107241940644,1.0
factory_prepolish,14,initial,0,1,0,0.0,0.0,0.12573673434494329,0.501969145753072,0.11518423321662599,0.4794519581324508,0.0,5.37770980294403e-05,0.02151083921177612,45.682511647800524,0.0,0.0,0.0,67.75717484034192,0.6329477881283581,0.8295288783954571
factory_prepolish,14,initial,0,1,1,0.0,0.0,0.11681494062153071,0.45405914154127314,0.10902463893463626,0.4260228233811862,0.0,0.0,0.0,44.29020845980632,0.0,0.0,0.0,71.87926396844429,0.6920137828044757,1.0
factory_prepolish,14,initial,0,1,2,0.0,0.0,0.11145242245364832,0.48133245504035094,0.10638699836453278,0.4618754895270335,0.0,0.0,0.0,43.65720265111447,0.0,0.0,0.0,72.72476785478138,0.7301361725204235,1.0
factory_prepolish,14,initial,0,1,3,0.0,0.0,0.11200378812716234,0.5023678075170366,0.1031836768846118,0.4700619499122056,0.0,0.0,0.0,43.65511055604109,0.0,0.0,0.0,72.63713574577136,0.7261215301457804,1.0
factory_prepolish,14,initial,0,1,4,0.0,0.0,0.09744950672165144,0.3717379448919712,0.08662129940563996,0.3490184820005827,0.0,0.0,0.0,43.95096791748428,0.0,0.0,0.0,75.00519455573895,0.839880997170105,1.0
factory_prepolish,14,initial,0,2,0,0.0,0.0,0.10453888185976044,0.45215101733641094,0.09513817131968307,0.41573850053206085,0.0,0.0,0.0,44.73808105741336,0.0,0.0,0.0,73.83736229334275,0.7824002673179006,1.0
factory_prepolish,14,initial,0,2,1,0.0,0.0,0.12706058850178298,0.48995173790718616,0.11479425895509557,0.4643869505002286,0.0,0.0,0.0,43.21598200357485,0.0,0.0,0.0,70.30526655451044,0.6246237034671945,1.0
factory_prepolish,14,initial,0,2,2,0.0,0.0,0.10740966973075604,0.40365941200834154,0.08753544689213312,0.3496004842057251,0.0,0.0,0.0,42.08723632916272,0.0,0.0,0.0,73.37225220548885,0.7602585567509308,1.0
factory_prepolish,14,initial,0,2,3,0.0,0.0,0.1272401363807299,0.4754630418853584,0.11443579031515039,0.45678391206858726,0.0,0.0,0.0,42.020321299401274,0.0,0.0,0.0,70.27815978520783,0.6235032110674034,1.0
factory_prepolish,14,initial,0,2,4,0.0,0.0,0.08714714146185853,0.41684761687225946,0.08130803876407128,0.3969098255084994,0.0,0.0,0.0,42.5662703966436,0.0,0.0,0.0,76.7522603099841,0.9310228908589259,1.0
factory_prepolish,14,initial,0,3,0,0.0,0.0,0.12720589942081217,0.525962796293612,0.11225923604892303,0.4958608616492191,0.0,0.01826370558015904,0.44951541096511877,44.693048778233845,0.0,0.0,0.0,25.452833273685453,0.6237167161586029,0.0
factory_prepolish,14,initial,0,3,1,0.0,0.0,0.08311775149712908,0.3077631195305692,0.0731770393232725,0.2880062050586687,0.0,0.0,0.0,43.16404008228389,0.0,0.0,0.0,77.45204945662144,0.9693034919214467,1.0
factory_prepolish,14,initial,0,3,2,0.0,0.0,0.08418830009543385,0.31252328774392046,0.0771291518808174,0.3042411435330671,0.0,0.0,0.0,41.81851750918058,0.0,0.0,0.0,77.2652081326761,0.9589819739848583,1.0
factory_prepolish,14,initial,0,3,3,0.0,0.0,0.14502543714950825,0.7545963855315568,0.117110261361583,0.44375797689656327,0.0,0.0,0.0,41.64845505076892,0.0,0.0,0.0,67.67189284849951,0.5219130000842968,1.0
factory_prepolish,14,initial,0,3,4,0.0,0.0,0.11445631354521847,0.3545934926177273,0.1014366819135569,0.34158794800737685,0.0,0.0,0.0,42.192085101393666,0.0,0.0,0.0,72.24928563871276,0.7085298174242652,1.0
factory_prepolish,14,initial,0,4,0,0.0,0.0,0.10021227811916543,0.4365691757868596,0.08818557054200923,0.3946026810007991,0.0,0.0,0.0,45.080965179808565,0.0,0.0,0.0,74.54679879578704,0.8169946102119805,1.0
factory_prepolish,14,initial,0,4,1,0.0,0.0,0.10487823129791321,0.40679676943472964,0.09439193276084343,0.40485231244886366,0.0,0.0,0.0,43.60009881282717,0.0,0.0,0.0,73.78215042124246,0.7797496962992024,1.0
factory_prepolish,14,initial,0,4,2,0.0,0.0,0.08363107203951696,0.3601602223622889,0.06971579440285282,0.3196724802201659,0.0,0.0,0.0,41.9982635525047,0.0,0.0,0.0,77.36237714797508,0.964340606631755,1.0
factory_prepolish,14,initial,0,4,3,0.0,0.0,0.12777404300524253,0.4978069998258534,0.11278451070493264,0.46559586798853075,0.0,0.0,0.0,41.741245000991356,0.0,0.0,0.0,70.19765041575016,0.6201831570004478,1.0
factory_prepolish,14,initial,0,4,4,0.0,0.0,0.10621051703805595,0.4776196633830009,0.10236520964830975,0.4734035010653815,0.0,0.0,0.0,42.236187224820156,0.0,0.0,0.0,73.56599154089129,0.7694300981959258,1.0
factory_prepolish,15,initial,0,0,0,0.0,0.0,0.08079542723316414,0.32728733841855884,0.07418024901036205,0.3036678870168737,0.0,0.0,0.0,46.734153987512904,0.0,0.0,0.0,77.85966065391997,0.9920772791806584,1.0
factory_prepolish,15,initial,0,0,1,0.0,0.0,0.11287760097991921,0.5159611872643539,0.09462824113915323,0.39527048413861976,0.0,0.0,0.0,45.17626010960938,0.0,0.0,0.0,72.49858448523543,0.7198042277850789,1.0
factory_prepolish,15,initial,0,0,2,0.0,0.0,0.0778778241166743,0.32145582842839704,0.06853575686347244,0.3038171039402581,0.0,0.0,0.0,44.10090973606964,0.0,0.0,0.0,78.0,1.0,1.0
factory_prepolish,15,initial,0,0,3,0.0,0.0,0.0688744908210476,0.3140639824393484,0.062307657594976806,0.28775844678403273,0.0,0.0,0.0,44.00373428296009,0.0,0.0,0.0,78.0,1.0,1.0
factory_prepolish,15,initial,0,0,4,0.0,0.0,0.09875132563258467,0.5075324443456584,0.07692910493393704,0.3318589938849265,0.0,0.0,0.0,43.72107810052429,0.0,0.0,0.0,74.78867232367354,0.8290181283731157,1.0
factory_prepolish,15,initial,0,1,0,0.0,0.0,0.10453018769416697,0.3869398176606312,0.09630917960510813,0.3663314966857394,0.0,0.0,0.0,45.43303738999348,0.0,0.0,0.0,73.83877764756795,0.7824682934498545,1.0
factory_prepolish,15,initial,0,1,1,0.0,0.0,0.10482700014072358,0.5034417919933436,0.09083910991037689,0.4378417989357747,0.0,0.0,0.0,45.426889305042174,0.0,0.0,0.0,73.79048168597703,0.7801492734370554,1.0
factory_prepolish,15,initial,0,1,2,0.0,0.0,0.09075085245187141,0.39446622602791925,0.08447585083654144,0.3705248273999119,0.0,0.0,0.0,45.00765615195116,0.0,0.0,0.0,76.13431195531368,0.8980688668133107,1.0
factory_prepolish,15,initial,0,1,3,0.0,0.0,0.10490688286749787,0.476127754218255,0.09130090736870494,0.36684902476770687,0.0,0.0,0.0,44.172793622133995,0.0,0.0,0.0,73.7774916931215,0.7795263177746359,1.0
factory_prepolish,15,initial,0,1,4,0.0,0.0,0.10200542558299212,0.443921354274151,0.09586144915634445,0.4224124702765034,0.0,0.0,0.0,43.651608724104285,0.0,0.0,0.0,74.25153304456913,0.8024752578202317,1.0
factory_prepolish,15,initial,0,2,0,0.0,0.0,0.08425097538771543,0.3401491882144818,0.07156046609259463,0.3122006867529644,0.0,0.0,0.0,43.50704457197441,0.0,0.0,0.0,77.25429014920924,0.95838111754367,1.0
factory_prepolish,15,initial,0,2,1,0.0,0.0,0.06025791833725497,0.350426683024211,0.05719336965085823,0.3152410815147956,0.0,0.0,0.0,44.12698945115558,0.0,0.0,0.0,78.0,1.0,1.0
factory_prepolish,15,initial,0,2,2,0.0,0.0,0.08707516908251588,0.3796533450013432,0.08211595181678068,0.3743033638574486,0.0,0.0,0.0,45.058519793303745,0.0,0.0,0.0,76.76467757712787,0.9316932113795802,1.0
factory_prepolish,15,initial,0,2,3,0.0,0.0,0.09153250206527686,0.39581994275673654,0.0829427409254678,0.35786676271747325,0.0,0.0,0.0,44.40694131498068,0.0,0.0,0.0,76.00125498656138,0.8910764785770403,1.0
factory_prepolish,15,initial,0,2,4,0.0,0.0,0.08648095102166053,0.3727991179667607,0.07792296755405866,0.3501811315049477,0.0,0.0,0.0,43.779423602624355,0.0,0.0,0.0,76.8673108756079,0.9372459821579905,1.0
factory_prepolish,15,initial,0,3,0,0.0,0.0,0.08996854647049926,0.38453455620640253,0.08289344713431313,0.3757064559783391,0.0,0.0,0.0,43.108736052565526,0.0,0.0,0.0,76.26782822426713,0.9051220661037604,1.0
factory_prepolish,15,initial,0,3,1,0.0,0.0,0.07501660070900117,0.3249071887698333,0.07090245717987761,0.31944183070728727,0.0,0.0,0.0,44.07864673062308,0.0,0.0,0.0,78.0,1.0,1.0
factory_prepolish,15,initial,0,3,2,0.0,0.0,0.0893350685551939,0.3468421668438302,0.07563094401454533,0.317119854452092,0.0,0.0,0.0,45.0590956112268,0.0,0.0,0.0,76.376199391721,0.9108740139234677,1.0
factory_prepolish,15,initial,0,3,3,0.0,0.0,0.08758981346050673,0.37136494563192846,0.0750748389834329,0.3241347226420026,0.0,0.0,0.0,45.08921559202368,0.0,0.0,0.0,76.67595236779184,0.9269106218670381,1.0
factory_prepolish,15,initial,0,3,4,0.0,0.0,0.06768174616937932,0.30788701397536616,0.05906469267062509,0.28299500495275076,0.0,0.0,0.0,44.729911532946865,0.0,0.0,0.0,78.0,1.0,1.0
factory_prepolish,15,initial,0,4,0,0.0,0.0,0.09676515811670303,0.3716521820711826,0.0853767547766741,0.3485799975914009,0.0,0.0,0.0,43.36764660242255,0.0,0.0,0.0,75.11939471119345,0.845648423198299,1.0
factory_prepolish,15,initial,0,4,1,0.0,0.0,0.08424245225972939,0.3750388430100907,0.08107544364323858,0.3620038101669393,0.0,0.0,0.0,44.868512574898155,0.0,0.0,0.0,77.2557747369739,0.9584628050740293,1.0
factory_prepolish,15,initial,0,4,2,0.0,0.0,0.09660546345088922,0.4519499639773098,0.08007571142245438,0.34208839210763653,0.0,0.0,0.0,45.86112656791753,0.0,0.0,0.0,75.14608114666294,0.8469999574985494,1.0
factory_prepolish,15,initial,0,4,3,0.0,0.0,0.07725658652128653,0.34395260123012295,0.06865920950247323,0.313502882023853,0.0,0.0,0.0,46.520651423636835,0.0,0.0,0.0,78.0,1.0,1.0
factory_prepolish,15,initial,0,4,4,0.0,0.0,0.1031905505871014,0.41282506730088986,0.09916795048086752,0.40477960119969514,0.0,0.0,0.0,46.66206637609205,0.0,0.0,0.0,74.05735276593025,0.7930210556002135,1.0
factory_prepolish_deep_defect,16,initial,0,0,0,0.0,0.0,0.09050923776326365,0.3774692559564539,0.08340612412311423,0.3556045224738903,0.0,0.0,0.0,42.674382980523546,0.0,0.0,0.0,76.17551121319735,0.9002413565796631,1.0
factory_prepolish_deep_defect,16,initial,0,0,1,0.0,0.0,0.1016413633417058,0.38267492144851867,0.08426311146050453,0.35228967830011737,0.0,0.0,0.0,42.592000856749685,0.0,0.0,0.0,74.31133807017241,0.8054020917454943,1.0
factory_prepolish_deep_defect,16,initial,0,0,2,0.0,0.0,0.11668780231052882,0.5368322454702451,0.10158390765948125,0.4944129673493114,0.0,0.01295450961983504,0.7535298547996753,43.02000158873774,0.0,0.0,0.0,40.88931069370425,0.6928941569676669,0.03888845269280672
factory_prepolish_deep_defect,16,initial,0,0,3,0.0,0.0,0.14546171877318084,0.9999594768722467,0.13658069758279914,0.9331633223276357,0.0,0.057099237963549224,0.7634049755143588,44.451069188214554,0.0,0.0,0.0,38.94870739159185,0.5196409494469574,0.03508091525521739
factory_prepolish_deep_defect,16,initial,0,0,4,0.0,0.0,0.09991647960424252,0.418689541864386,0.08226341785229893,0.37140831399030905,0.0,0.0,0.0,45.620548081169886,0.0,0.0,0.0,74.5956757864059,0.8194148458818827,1.0
factory_prepolish_deep_defect,16,initial,0,1,0,0.0,0.0,0.09868640838440741,0.41087695459481755,0.0909455385189462,0.38383019234122373,0.0,0.0,0.0,42.67153491657441,0.0,0.0,0.0,74.79944730142685,0.829556478851198,1.0
factory_prepolish_deep_defect,16,initial,0,1,1,0.0,0.0,0.0801464121463911,0.3565021872110379,0.07382451439503859,0.31664436139740154,0.0,0.0,0.0,42.585946685238504,0.0,0.0,0.0,77.9741401649741,0.9985369498390166,1.0
factory_prepolish_deep_defect,16,initial,0,1,2,0.0,0.0,0.0789355400768328,0.36801193508370256,0.06992786581453947,0.3371432839018323,0.0,0.0,0.0,43.01711314040112,0.0,0.0,0.0,78.0,1.0,1.0
factory_prepolish_deep_defect,16,initial,0,1,3,0.0,0.0,0.0721229822743326,0.3090455182685839,0.06285007201800367,0.2873531035580401,0.0,0.0,0.0,44.481825926538804,0.0,0.0,0.0,78.0,1.0,1.0
factory_prepolish_deep_defect,16,initial,0,1,4,0.0,0.0,0.08662708407053163,0.3961456604661099,0.08138196415904142,0.3699616784316664,0.0,0.0,0.0,45.84623298497408,0.0,0.0,0.0,76.84205193380097,0.9358773562797598,1.0
factory_prepolish_deep_defect,16,initial,0,2,0,0.0,0.0,0.0832893786878897,0.3661343604845341,0.0731080956957117,0.3238892775644733,0.0,0.0,0.0,42.814167658845086,0.0,0.0,0.0,77.42205071211379,0.9676413303369378,1.0
factory_prepolish_deep_defect,16,initial,0,2,1,0.0,0.0,0.10655212548903664,0.4232679496279206,0.09448150936913681,0.39058271891784613,0.0,0.0,0.0,42.70484160849521,0.0,0.0,0.0,73.51072117110363,0.7668061443318887,1.0
factory_prepolish_deep_defect,16,initial,0,2,2,0.0,0.0,0.09435299620732351,0.4948792220953717,0.0804748873959834,0.4463557808184836,0.0,0.008377812456992982,0.37319012487791736,43.20158910170933,0.0,0.0,0.0,25.505240061613677,0.8662948438088398,0.0
factory_prepolish_deep_defect,16,initial,0,2,3,0.0,0.0,0.08719244081676308,0.3898736936247844,0.0806642683045527,0.36280683252396917,0.0,0.0,0.0,44.66410482227358,0.0,0.0,0.0,76.74444641991624,0.9306012390053482,1.0
factory_prepolish_deep_defect,16,initial,0,2,4,0.0,0.0,0.10411726418950983,0.41358539018858853,0.09215874201555145,0.3820545009398973,0.0,0.0,0.0,45.510399819507256,0.0,0.0,0.0,73.9060461956536,0.7857059689111376,1.0
factory_prepolish_deep_defect,16,initial,0,3,0,0.0,0.0,0.11732886088920497,0.6316290846382315,0.09988666458875382,0.4457719915112386,0.0,0.005254640223151955,0.2571394717594135,42.70329070827308,0.0,0.0,0.0,51.59586339075335,0.6884665066125698,0.18354047647649918
factory_prepolish_deep_defect,16,initial,0,3,1,0.0,0.0,0.10525695753149593,0.33997749579858927,0.08821778491657539,0.33234890349547186,0.0,0.0,0.0,42.60561189122507,0.0,0.0,0.0,73.72060567678125,0.7768021647038569,1.0
factory_prepolish_deep_defect,16,initial,0,3,2,0.0,0.0,0.11341772926309916,0.5945872118852376,0.10235533051002157,0.5649881159387379,0.0,0.026450212925274025,0.4517557275410656,43.06463538918965,0.0,0.0,0.0,25.47413143660354,0.7159268424213046,0.0
factory_prepolish_deep_defect,16,initial,0,3,3,0.0,0.0,0.10151970087176415,0.5250349226921115,0.08870284461564161,0.46307001516002144,0.0,0.0,0.0,44.35543671682252,0.0,0.0,0.0,74.33133992297545,0.8063825601333635,1.0
factory_prepolish_deep_defect,16,initial,0,3,4,0.0,0.0,0.0819306978307705,0.3435497983691351,0.07133662115261485,0.3793115867216575,0.0,0.0,0.0,45.31904365441253,0.0,0.0,0.0,77.66000526853094,0.9808782076889522,1.0
factory_prepolish_deep_defect,16,initial,0,4,0,0.0,0.0,0.07514368942007552,0.3617368924593435,0.0676953774742074,0.3415168375372951,0.0,0.007784375772382489,0.29810806707245796,42.746055784391515,0.0,0.0,0.0,45.46944048229486,1.0,0.05760899597243174
factory_prepolish_deep_defect,16,initial,0,4,1,0.0,0.0,0.10355109917678973,0.36876778529852927,0.08645182782262292,0.33585825697255867,0.0,0.0,0.0,42.723994970905274,0.0,0.0,0.0,73.99842964958808,0.7901669776290573,1.0
factory_prepolish_deep_defect,16,initial,0,4,2,0.0,0.0,0.11184390397554089,0.532989059967236,0.09882691008530754,0.4791492748967826,0.0,0.012518404110616294,0.3268549133318111,43.17957577254477,0.0,0.0,0.0,47.32972790529746,0.7272834119789413,0.10282980263680674
factory_prepolish_deep_defect,16,initial,0,4,3,0.0,0.0,0.10609590864919788,0.4282993433444547,0.09029039603740172,0.38684358831978205,0.0,0.0,0.0,44.37108312929013,0.0,0.0,0.0,73.58454865214594,0.7703124351543637,1.0
factory_prepolish_deep_defect,16,initial,0,4,4,0.0,0.0,0.06853805093898017,0.3424376055426329,0.06903852319324036,0.3532453419505626,0.0,0.0,0.0,45.36756332661558,0.0,0.0,0.0,78.0,1.0,1.0
factory_prepolish_deep_defect,17,initial,0,0,0,0.0,0.0,0.08768837102071327,0.40380714579295524,0.07590335996902224,0.36733782748899235,0.0,0.0,0.0,43.446346183763175,0.0,0.0,0.0,76.65897830352604,0.9259975314065825,1.0
factory_prepolish_deep_defect,17,initial,0,0,1,0.0,0.0,0.10928235713540807,0.4905511680874479,0.09248208301825649,0.38790255785091643,0.0,0.0,0.0,43.51707516857457,0.0,0.0,0.0,73.07123899753903,0.746153771984754,1.0
factory_prepolish_deep_defect,17,initial,0,0,2,0.0,0.0,0.10554497547112864,0.44002291176332287,0.0920974582293023,0.39221038008316256,0.0,0.0,0.0,43.86019937343719,0.0,0.0,0.0,73.67385342796729,0.7745680539783044,1.0
factory_prepolish_deep_defect,17,initial,0,0,3,0.0,0.0,0.09232995699078389,0.4722648839514191,0.0838494755663178,0.4402725279386399,0.0,0.0,0.0,44.36539007612798,0.0,0.0,0.0,75.86586433952684,0.8839988034508126,1.0
factory_prepolish_deep_defect,17,initial,0,0,4,0.0,0.0,0.06747593293108689,0.33058992754782346,0.06200846635387749,0.3124502961894512,0.0,0.0,0.0,45.502980294895515,0.0,0.0,0.0,78.0,1.0,1.0
factory_prepolish_deep_defect,17,initial,0,1,0,0.0,0.0,0.09758815519540733,0.37108023982870464,0.07985567795943606,0.3239753814013011,0.0,0.0,0.0,44.013185104308796,0.0,0.0,0.0,74.98208941562083,0.8387173218815914,1.0
factory_prepolish_deep_defect,17,initial,0,1,1,0.0,0.0,0.08563446587923,0.3677753141175486,0.07438607699414743,0.3373647288374815,0.0,0.0,0.0,43.85562713312066,0.0,0.0,0.0,77.01386723478797,0.9452133036674436,1.0
factory_prepolish_deep_defect,17,initial,0,1,2,0.0,0.0,0.0886426215813029,0.3871387195808262,0.0797450593638276,0.36363130638410734,0.0,0.0,0.0,43.88823715988284,0.0,0.0,0.0,76.49492066531997,0.917203221382068,1.0
factory_prepolish_deep_defect,17,initial,0,1,3,0.0,0.0,0.08996330482460717,0.3906380251945196,0.0771393752191305,0.3511925984679918,0.0,0.0,0.0,44.41340319420546,0.0,0.0,0.0,76.26872399142997,0.9051695106407833,1.0
factory_prepolish_deep_defect,17,initial,0,1,4,0.0,0.0,0.08215135251038824,0.34841658008134985,0.06823495554430373,0.304284606149433,0.0,0.0,0.0,45.68159344204997,0.0,0.0,0.0,77.6212872538243,0.9787162401408104,1.0
factory_prepolish_deep_defect,17,initial,0,2,0,0.0,0.0,0.07720600924750495,0.31490079485148137,0.07203606136321697,0.3048994853179739,0.0,0.0,0.0,44.23848574246705,0.0,0.0,0.0,78.0,1.0,1.0
factory_prepolish_deep_defect,17,initial,0,2,1,0.0,0.0,0.09407699466966718,0.387646781606635,0.08767731435492777,0.3673268444926076,0.0,0.0,0.0,44.22331336945668,0.0,0.0,0.0,75.57050989455422,0.8686891335166826,1.0
factory_prepolish_deep_defect,17,initial,0,2,2,0.0,0.0,0.12101799506650107,0.4688050469955935,0.11224144474489237,0.4416144317231163,0.0,0.0,0.0,44.47726540108542,0.0,0.0,0.0,71.22705641373751,0.6635308365770698,1.0
factory_prepolish_deep_defect,17,initial,0,2,3,0.0,0.0,0.09483000143959447,0.3132614387498619,0.08560145175878191,0.2991529384809427,0.0,0.0,0.0,45.237496154338054,0.0,0.0,0.0,75.44373594282172,0.8621724120012959,1.0
factory_prepolish_deep_defect,17,initial,0,2,4,0.0,0.0,0.10225274824054871,0.41656469818410025,0.09211465257095554,0.3883902559321478,0.0,0.0,0.0,46.37357237293098,0.0,0.0,0.0,74.21094637673438,0.8004930069745195,1.0
factory_prepolish_deep_defect,17,initial,0,3,0,0.0,0.0,0.10148393370829105,0.4402910765321548,0.08706396766255063,0.398676893528607,0.0,0.0,0.0,44.3526102244408,0.0,0.0,0.0,74.33722174726,0.8066710318878717,1.0
factory_prepolish_deep_defect,17,initial,0,3,1,0.0,0.0,0.07562389563062259,0.40888573338863454,0.06425619838135897,0.26212245310967264,0.0,0.0,0.0,44.56770624853795,0.0,0.0,0.0,78.0,1.0,1.0
factory_prepolish_deep_defect,17,initial,0,3,2,0.0,0.0,0.10121012547439877,0.4702813721321687,0.09019001922145721,0.4517867196056293,0.0,0.0163949581957538,0.6237065009148384,45.633876330343625,0.0,0.0,0.0,38.51519013968447,0.8088827901999773,0.02049997236972889
factory_prepolish_deep_defect,17,initial,0,3,3,0.0,0.0,0.12115581589509809,0.6410628395601282,0.11816052949787864,0.6179055673019711,0.0,0.03249607225695452,0.7396613632970581,46.64482673087533,0.0,0.0,0.0,25.462058244537264,0.6626169827652025,0.0
factory_prepolish_deep_defect,17,initial,0,3,4,0.0,0.0,0.07465710440188236,0.28966698695199444,0.06663900132085505,0.2767464988254485,0.0,0.0,0.0,47.23873452003476,0.0,0.0,0.0,78.0,1.0,1.0
factory_prepolish_deep_defect,17,initial,0,4,0,0.0,0.0,0.08491353898620674,0.3696749064292094,0.06844250624581043,0.30450773961680727,0.0,0.0,0.0,44.538672024940134,0.0,0.0,0.0,77.13901152670554,0.9520522227532355,1.0
factory_prepolish_deep_defect,17,initial,0,4,1,0.0,0.0,0.08626731566017103,0.4082189474798056,0.080779566108206,0.3730581363923312,0.0,0.0,0.0,45.04711780923429,0.0,0.0,0.0,76.90425966902254,0.9392504113224129,1.0
factory_prepolish_deep_defect,17,initial,0,4,2,0.0,0.0,0.12766071325034087,0.4989005507440368,0.108485726580476,0.4604236333012113,0.0,0.005579393998399213,0.5519263209172632,46.24725940239166,0.0,0.0,0.0,38.08702971893914,0.6208864074729671,0.02424842329886101
factory_prepolish_deep_defect,17,initial,0,4,3,0.0,0.0,0.0978135939523089,0.38612775005811345,0.0845496337913325,0.34092670591750274,0.0,0.0,0.0,47.25743353709444,0.0,0.0,0.0,74.94454385741027,0.836828657667677,1.0
factory_prepolish_deep_defect,17,initial,0,4,4,0.0,0.0,0.09995099887938717,0.39727741304073916,0.08576420810289981,0.38569685708909063,0.0,0.0,0.0,47.75047563051682,0.0,0.0,0.0,74.58996942544975,0.8191320386309714,1.0
factory_prepolish_deep_defect,18,initial,0,0,0,0.0,0.0,0.09638029780867116,0.3970511631477668,0.08624903163268809,0.3905720977342767,0.0,0.0,0.0,43.04113997833584,0.0,0.0,0.0,75.18373252310971,0.8489092591314065,1.0
factory_prepolish_deep_defect,18,initial,0,0,1,0.0,0.0,0.11891050779631197,0.489367933759684,0.10411860924447748,0.4477181514351043,0.0,0.0,0.0,41.45746027044411,0.0,0.0,0.0,71.55294285249943,0.6776630588187709,1.0
factory_prepolish_deep_defect,18,initial,0,0,2,0.0,0.0,0.1288251945337057,0.4967061227887215,0.11490794441426588,0.475278364232641,0.0,0.00797709449017179,0.30242614804436746,41.23330785234914,0.0,0.0,0.0,25.450395622707532,0.6136982351547803,0.0
factory_prepolish_deep_defect,18,initial,0,0,3,0.0,0.0,0.08355151827492918,0.3633763034016483,0.07325163404245527,0.3456039803111939,0.0,0.0,0.0,41.4028125484151,0.0,0.0,0.0,77.37626440328239,0.9651080811247283,1.0
factory_prepolish_deep_defect,18,initial,0,0,4,0.0,0.0,0.1136004497444467,0.4403615790211293,0.09818837065860364,0.41433524337204797,0.0,0.0,0.0,42.24295278646803,0.0,0.0,0.0,72.3842746114178,0.7146198918455514,1.0
factory_prepolish_deep_defect,18,initial,0,1,0,0.0,0.0,0.11258979025931787,0.43252195322275055,0.10510881684924446,0.41306082510460085,0.0,0.0,0.0,43.029782665653116,0.0,0.0,0.0,72.54417502357563,0.7218788856317163,1.0
factory_prepolish_deep_defect,18,initial,0,1,1,0.0,0.0,0.11800417127496607,0.4967530887694987,0.1033775125228134,0.47425862280988407,0.0,0.006092536752561666,0.20615605990154556,41.20067396063929,0.0,0.0,0.0,25.46693797622681,0.6838328840675261,0.0
factory_prepolish_deep_defect,18,initial,0,1,2,0.0,0.0,0.14038089341654938,0.4841588168344983,0.11285447710677449,0.43341611923961404,0.0,0.0011137652592026772,0.14158953919717338,40.88714697932381,0.0,0.0,0.0,50.85826392352503,0.5467252247271239,0.21242291822160542
factory_prepolish_deep_defect,18,initial,0,1,3,0.0,0.0,0.08727199827702403,0.39752206752220753,0.08024482092516255,0.3847658945766267,0.0,0.0,0.0,41.01942372501651,0.0,0.0,0.0,76.73072605012703,0.9298611707232382,1.0
factory_prepolish_deep_defect,18,initial,0,1,4,0.0,0.0,0.09713545696991396,0.3923177251986818,0.08885442948826981,0.3878460087406674,0.0,0.0,0.0,41.87682736075615,0.0,0.0,0.0,75.0575690277253,0.8425227874532503,1.0
factory_prepolish_deep_defect,18,initial,0,2,0,0.0,0.0,0.08873056370511306,0.4284627843594001,0.07941748863084777,0.39746742345632147,0.0,0.0,0.0,43.06688181997741,0.0,0.0,0.0,76.47982763532076,0.9163969679596827,1.0
factory_prepolish_deep_defect,18,initial,0,2,1,0.0,0.0,0.15634945355705748,0.6251175943089285,0.13035262463703348,0.5949668508302455,0.0,0.004264986941179798,0.19949897205417555,41.23440378648331,0.0,0.0,0.0,25.41091189660378,0.4660350022417173,0.0
factory_prepolish_deep_defect,18,initial,0,2,2,0.0,0.0,0.11279449538211893,0.518795615174952,0.09931869058061576,0.4577082003063777,0.0,0.0,0.0,40.92959068160613,0.0,0.0,0.0,72.51174430210307,0.7204026740282922,1.0
factory_prepolish_deep_defect,18,initial,0,2,3,0.0,0.0,0.10542346201632488,0.49720793820522385,0.09172144541003398,0.4406254065891888,0.0,0.0018450615775988024,0.3926576447640635,41.07193919676457,0.0,0.0,0.0,47.2341654756716,0.7755098304571859,0.09520233151701352
factory_prepolish_deep_defect,18,initial,0,2,4,0.0,0.0,0.08033190205122881,0.3904818631574339,0.07521335593150374,0.35075849572695583,0.0,0.0,0.0,41.96267585509091,0.0,0.0,0.0,77.94139639468844,0.9966864813476806,1.0
factory_prepolish_deep_defect,18,initial,0,3,0,0.0,0.0,0.09172834648084055,0.42793831437709773,0.07978622643729047,0.3905883660317888,0.0,0.0,0.0,43.27848776970291,0.0,0.0,0.0,75.96797148180477,0.8893330628038012,1.0
factory_prepolish_deep_defect,18,initial,0,3,1,0.0,0.0,0.09571973753794973,0.3709041171933255,0.08489107164933188,0.383275680177135,0.0,0.0,0.0,41.8010731032208,0.0,0.0,0.0,75.29435219649056,0.8545353779269931,1.0
factory_prepolish_deep_defect,18,initial,0,3,2,0.0,0.0,0.07977313846548358,0.35920263407464903,0.07323055391000531,0.339418344957922,0.0,0.0,0.0,41.61153125537458,0.0,0.0,0.0,78.0,1.0,1.0
factory_prepolish_deep_defect,18,initial,0,3,3,0.0,0.0,0.10790744563994878,0.6193997802242294,0.09919722032233345,0.5810038111243437,0.0,0.017809928479464342,0.7077615069386217,41.82804958924906,0.0,0.0,0.0,49.28836207019859,0.7564835760747692,0.12722356842988525
factory_prepolish_deep_defect,18,initial,0,3,4,0.0,0.0,0.11073120019550736,0.4329553274711898,0.10447292939480361,0.4156363963358862,0.0,0.0,0.0,42.84509947215984,0.0,0.0,0.0,72.83963976255495,0.7354211122838304,1.0
factory_prepolish_deep_defect,18,initial,0,4,0,0.0,0.0,0.11868853680468536,0.4268161177520421,0.1042331614446105,0.4091334267481088,0.0,0.0,0.0,43.94215422758882,0.0,0.0,0.0,71.58740027480147,0.6791689449271762,1.0
factory_prepolish_deep_defect,18,initial,0,4,1,0.0,0.0,0.09974902630302514,0.428482728512075,0.09188995488753708,0.4039037138040632,0.0,0.015518678730528583,0.31111621522338806,43.107805525939455,0.0,0.0,0.0,25.496233667127036,0.820788132578033,0.0
factory_prepolish_deep_defect,18,initial,0,4,2,0.0,0.0,0.11643469249849984,0.44418725596070585,0.10287006592959944,0.4173925213011721,0.0,0.0,0.0,43.04672446300876,0.0,0.0,0.0,71.93872081485162,0.6946501614382542,1.0
factory_prepolish_deep_defect,18,initial,0,4,3,0.0,0.0,0.08844116208398614,0.41352891691820814,0.08183505715067102,0.37736384213423013,0.0,0.0,0.0,43.277768697104776,0.0,0.0,0.0,76.5295127482981,0.9190528769090176,1.0
factory_prepolish_deep_defect,18,initial,0,4,4,0.0,0.0,0.08610261608983677,0.3717081484621937,0.07812587907425039,0.3487397398506091,0.0,0.0,0.0,44.16191149783339,0.0,0.0,0.0,76.93276285663123,0.9407986273167954,1.0
factory_prepolish_deep_defect,19,initial,0,0,0,0.0,0.0,0.10476087978703782,0.5781729542393781,0.09298713485325841,0.4097994893788046,0.0,0.0,0.0,45.261387440377504,0.0,0.0,0.0,73.80123635078915,0.7806652814702977,1.0
factory_prepolish_deep_defect,19,initial,0,0,1,0.0,0.0,0.10513658115224458,0.47585173313073126,0.09726671363247047,0.4508816119423039,0.0,0.0,0.0,45.2668397084134,0.0,0.0,0.0,73.74015896646361,0.7777378140610994,1.0
factory_prepolish_deep_defect,19,initial,0,0,2,0.0,0.0,0.10297824855805332,0.4145444543612026,0.08936715521679606,0.3771947730971983,0.0,0.0,0.0,44.15836384187581,0.0,0.0,0.0,74.09208163793733,0.7947064438156868,1.0
factory_prepolish_deep_defect,19,initial,0,0,3,0.0,0.0,0.08267836184203983,0.3616841731393716,0.0745938334684034,0.34233829292000373,0.0,0.0,0.0,43.157601419326184,0.0,0.0,0.0,77.5289287025188,0.973571881755812,1.0
factory_prepolish_deep_defect,19,initial,0,0,4,0.0,0.0,0.12254538067588257,0.49435434810055623,0.1057289446305218,0.4745722663175559,0.0,0.006812618382537174,0.4025315950968127,43.077148014580345,0.0,0.0,0.0,48.02250280467388,0.6534731672913198,0.1254302348500399
factory_prepolish_deep_defect,19,initial,0,1,0,0.0,0.0,0.1119017944863523,0.5645804310965774,0.09434395031231325,0.3970114325862223,0.0,0.0,0.0,45.26127123629567,0.0,0.0,0.0,72.65333411554141,0.7268625057408405,1.0
factory_prepolish_deep_defect,19,initial,0,1,1,0.0,0.0,0.11351938987311576,0.5115073739054855,0.10224044727529286,0.45172627469531623,0.0,0.0,0.0,45.2781323554031,0.0,0.0,0.0,72.39707955196165,0.7151993966515805,1.0
factory_prepolish_deep_defect,19,initial,0,1,2,0.0,0.0,0.11030191282109775,0.4630547845501175,0.09153940691559771,0.407803335491733,0.0,0.0,0.0,44.315192328034215,0.0,0.0,0.0,72.9081452762735,0.738584968426261,1.0
factory_prepolish_deep_defect,19,initial,0,1,3,0.0,0.0,0.09049776953282179,0.38956820662356384,0.08079746884227912,0.3650088901322149,0.0,0.0,0.0,43.354816399178794,0.0,0.0,0.0,76.17746755910872,0.900344604253196,1.0
factory_prepolish_deep_defect,19,initial,0,1,4,0.0,0.0,0.09225354829747914,0.38399540590441694,0.07478440635947253,0.344829817978785,0.0,0.0,0.0,42.99869743871419,0.0,0.0,0.0,75.87882130359128,0.8846745135030948,1.0
factory_prepolish_deep_defect,19,initial,0,2,0,0.0,0.0,0.08117248140022591,0.3618438685602152,0.07840153281493271,0.35571130961763864,0.0,0.0,0.0,44.96275390619882,0.0,0.0,0.0,77.79326586898054,0.988343653777524,1.0
factory_prepolish_deep_defect,19,initial,0,2,1,0.0,0.0,0.1007364358485632,0.44539454547614254,0.09835197079014932,0.4456508686560764,0.0,0.0,0.0,45.090461024185046,0.0,0.0,0.0,74.46030658520522,0.8127234733396266,1.0
factory_prepolish_deep_defect,19,initial,0,2,2,0.0,0.0,0.10298827893545649,0.46449958768285887,0.09367613114859073,0.42444759585712255,0.0,0.0,0.0,43.680533848182606,0.0,0.0,0.0,74.09044029168857,0.794626735757701,1.0
factory_prepolish_deep_defect,19,initial,0,2,3,0.0,0.0,0.08665298587255915,0.3560626900883021,0.07495757577658826,0.3299120334234606,0.0,0.0,0.0,42.48806516014755,0.0,0.0,0.0,76.83757611847027,0.9356349785711681,1.0
factory_prepolish_deep_defect,19,initial,0,2,4,0.0,0.0,0.11283386838210056,0.6382524832477879,0.10551768459166472,0.6177590634933273,0.0,0.02384823317173185,0.7841265287460824,41.979292970651215,0.0,0.0,0.0,50.73761260076227,0.7201190857158559,0.15902772595384318
factory_prepolish_deep_defect,19,initial,0,3,0,0.0,0.0,0.09083516809009652,0.4119850553854162,0.07889046802900351,0.38886711326312806,0.0,0.0,0.0,43.95035196110791,0.0,0.0,0.0,76.11994256752273,0.8973119734511309,1.0
factory_prepolish_deep_defect,19,initial,0,3,1,0.0,0.0,0.10775317296040035,0.4698103886426912,0.09333235403180136,0.41876177619984245,0.0,0.0,0.0,44.83980365951908,0.0,0.0,0.0,73.31689715307624,0.757651524238744,1.0
factory_prepolish_deep_defect,19,initial,0,3,2,0.0,0.0,0.1119006726960852,0.48652348738354806,0.10400286891428624,0.46033323120504527,0.0,0.0,0.0,43.620197169459345,0.0,0.0,0.0,72.65351230602926,0.7268706596594201,1.0
factory_prepolish_deep_defect,19,initial,0,3,3,0.0,0.0,0.06629367415020351,0.3175677942699223,0.06607190925633515,0.3148128704009947,0.0,0.0,0.0,42.4208713818069,0.0,0.0,0.0,78.0,1.0,1.0
factory_prepolish_deep_defect,19,initial,0,3,4,0.0,0.0,0.11645421161801142,0.6850348574005298,0.10218603300572536,0.6466211689924398,0.0,0.018313200582643255,0.752308224340327,41.80191877377877,0.0,0.0,0.0,52.06924829334021,0.6945145850751423,0.19183136086572983
factory_prepolish_deep_defect,19,initial,0,4,0,0.0,0.0,0.07766467588430731,0.38317310252262893,0.0733319111882694,0.3658613300006869,0.0,0.0,0.0,42.90048426886019,0.0,0.0,0.0,78.0,1.0,1.0
factory_prepolish_deep_defect,19,initial,0,4,1,0.0,0.0,0.12095737887635334,0.4114453884424511,0.09746467049416832,0.3770681897051933,0.0,0.0,0.0,44.22522672260282,0.0,0.0,0.0,71.23639771756797,0.6639331656166069,1.0
factory_prepolish_deep_defect,19,initial,0,4,2,0.0,0.0,0.09317170824236914,0.40999823480349096,0.08621507184381651,0.3837063524633648,0.0,0.0,0.0,43.91214062592108,0.0,0.0,0.0,75.72334302894613,0.8765889624252272,1.0
factory_prepolish_deep_defect,19,initial,0,4,3,0.0,0.0,0.07973311567538367,0.37524332569825136,0.07171125002730835,0.34984210983049324,0.0,0.0,0.0,42.880669336878704,0.0,0.0,0.0,78.0,1.0,1.0
factory_prepolish_deep_defect,19,initial,0,4,4,0.0,0.0,0.09998796127754735,0.4154760591819997,0.09191589731516313,0.38285538679173226,0.0,0.0,0.0,41.946108861577635,0.0,0.0,0.0,74.58385992117852,0.8188293237341843,1.0
factory_prepolish_deep_defect,20,initial,0,0,0,0.0,0.0,0.13550734261607972,0.5569928565016895,0.12150915734159085,0.5104830089609687,0.0,0.0,0.0,47.564439244320845,0.0,0.0,0.0,69.04744895261285,0.5740301108217652,1.0
factory_prepolish_deep_defect,20,initial,0,0,1,0.0,0.0,0.09964217751802334,0.40291846091219075,0.0927369649318879,0.39423465786547873,0.0,0.0,0.0,45.963018463736475,0.0,0.0,0.0,74.64104384862091,0.8216656034251193,1.0
factory_prepolish_deep_defect,20,initial,0,0,2,0.0,0.0,0.11581623610738621,0.40776465464598455,0.10098515461269583,0.43540524574473627,0.0,0.0,0.0,44.73730377429638,0.0,0.0,0.0,72.03558579808839,0.6989595819650348,1.0
factory_prepolish_deep_defect,20,initial,0,0,3,0.0,0.0,0.08930102146604815,0.4242888020847525,0.08068245417920825,0.3950300453682555,0.0,0.0,0.0,44.379337489487455,0.0,0.0,0.0,76.38203042273298,0.9111841928114386,1.0
factory_prepolish_deep_defect,20,initial,0,0,4,0.0,0.0,0.0884966334317864,0.38560912261247304,0.0815719508490949,0.3635851562277925,0.0,0.0,0.0,44.376281342262715,0.0,0.0,0.0,76.51998559072024,0.9185432072645787,1.0
factory_prepolish_deep_defect,20,initial,0,1,0,0.0,0.0,0.10604192291578876,0.4758323680424651,0.09085022042318627,0.4352282924082572,0.0,0.0,0.0,47.11201180323876,0.0,0.0,0.0,73.59329234715146,0.7707284062444425,1.0
factory_prepolish_deep_defect,20,initial,0,1,1,0.0,0.0,0.0766832745558909,0.3946070711526495,0.07164994700211656,0.37104242508238827,0.0,0.0,0.0,45.55978496328627,0.0,0.0,0.0,78.0,1.0,1.0
factory_prepolish_deep_defect,20,initial,0,1,2,0.0,0.0,0.10456593082672729,0.4226073243403099,0.09509017036013827,0.4001372307884957,0.0,0.0,0.0,44.740670691540224,0.0,0.0,0.0,73.83295915784811,0.7821886647474902,1.0
factory_prepolish_deep_defect,20,initial,0,1,3,0.0,0.0,0.10984867896602549,0.4541003683759893,0.09553308087514122,0.41745460365318543,0.0,0.0,0.0,44.620883013804374,0.0,0.0,0.0,72.98057862248066,0.7419400830659343,1.0
factory_prepolish_deep_defect,20,initial,0,1,4,0.0,0.0,0.08566099161624076,0.3885195797917383,0.075157858241787,0.3215320887895696,0.0,0.0,0.0,44.73569261336404,0.0,0.0,0.0,77.00926841755872,0.944962612122682,1.0
factory_prepolish_deep_defect,20,initial,0,2,0,0.0,0.0,0.09037827731441722,0.4624246905658373,0.08201915433955151,0.4352710165194923,0.0,0.0,0.0,46.93734487980223,0.0,0.0,0.0,76.19785598303906,0.9014210890237833,1.0
factory_prepolish_deep_defect,20,initial,0,2,1,0.0,0.0,0.07777133998064618,0.3922148280879947,0.07727424109119607,0.37707067314648846,0.0,0.0,0.0,45.319014326994804,0.0,0.0,0.0,78.0,1.0,1.0
factory_prepolish_deep_defect,20,initial,0,2,2,0.0,0.0,0.14858933162980864,0.5921973287487812,0.11894235236035619,0.4710020909978112,0.0,0.0,0.0,44.524841705513325,0.0,0.0,0.0,67.1679649401276,0.5036401186326934,1.0
factory_prepolish_deep_defect,20,initial,0,2,3,0.0,0.0,0.10012102815553767,0.45368452621305405,0.08865567746014252,0.4288931219045523,0.0,0.0,0.0,44.53190827990444,0.0,0.0,0.0,74.56187156661377,0.8177404577376848,1.0
factory_prepolish_deep_defect,20,initial,0,2,4,0.0,0.0,0.0976394646595914,0.4229860036543723,0.08183878280480002,0.3763902886141537,0.0,0.0,0.0,45.237902184707686,0.0,0.0,0.0,74.97354163252291,0.8382870909017589,1.0
factory_prepolish_deep_defect,20,initial,0,3,0,0.0,0.0,0.08941604014592444,0.4141006886215207,0.07934457104483629,0.38356935141021653,0.0,0.0,0.0,46.96738573858047,0.0,0.0,0.0,76.36233455426695,0.9101367632669157,1.0
factory_prepolish_deep_defect,20,initial,0,3,1,0.0,0.0,0.0949753650485463,0.4351017657396712,0.09246890007701473,0.4208761994505405,0.0,0.0,0.0,45.318147219135014,0.0,0.0,0.0,75.4192995852095,0.8609200375367118,1.0
factory_prepolish_deep_defect,20,initial,0,3,2,0.0,0.0,0.1136640191130618,0.48337444290646475,0.10671167198949678,0.4608839456081605,0.0,0.0012228670342976518,0.17592805207320666,44.40620986981117,0.0,0.0,0.0,25.473742350470722,0.7141657568529742,0.0
factory_prepolish_deep_defect,20,initial,0,3,3,0.0,0.0,0.13427003733723278,0.5767625454239065,0.12730881797834198,0.5629665563395558,0.0,0.029756399833740246,0.5617128607942897,44.39803398345036,0.0,0.0,0.0,25.442294912347208,0.5811767373041922,0.0
factory_prepolish_deep_defect,20,initial,0,3,4,0.0,0.0,0.10633092694275131,0.4934067906653006,0.10268706101868481,0.4817926726809085,0.0,0.0,0.0,44.909109411745334,0.0,0.0,0.0,73.5465026975263,0.7685041857050344,1.0
factory_prepolish_deep_defect,20,initial,0,4,0,0.0,0.0,0.11476785907495034,0.5036274354666272,0.0998193586913541,0.45956146890936794,0.0,0.0,0.0,47.505467147295064,0.0,0.0,0.0,72.2002434288431,0.7063258594002588,1.0
factory_prepolish_deep_defect,20,initial,0,4,1,0.0,0.0,0.11756002593590958,0.4460660008961833,0.10900589428723335,0.4138194657879795,0.0,0.0,0.0,45.67127823685588,0.0,0.0,0.0,71.76297826239909,0.686876850763247,1.0
factory_prepolish_deep_defect,20,initial,0,4,2,0.0,0.0,0.09631904486832742,0.4196192894002787,0.0894378005719173,0.3950555129066011,0.0,0.0,0.0,44.515874077880824,0.0,0.0,0.0,75.19397990645959,0.8494294002980913,1.0
factory_prepolish_deep_defect,20,initial,0,4,3,0.0,0.0,0.13922136008289024,0.8568484019503837,0.12407710289837165,0.8356777624249409,0.0,0.04843313483862906,0.8510373171949499,44.481205507201075,0.0,0.0,0.0,36.51889925168172,0.5531015825057684,0.01856095977533445
factory_prepolish_deep_defect,20,initial,0,4,4,0.0,0.0,0.1044753498023903,0.4107838944162022,0.09328264756875114,0.39308777111126214,0.0,0.0,0.0,44.91397094714561,0.0,0.0,0.0,73.84770584889311,0.7828975002390246,1.0
factory_prepolish_deep_defect,21,initial,0,0,0,0.0,0.0,0.09203332981829795,0.4256648557460155,0.08263553758884269,0.38130510282021873,0.0,0.0,0.0,42.96303408263467,0.0,0.0,0.0,75.91618320371501,0.886624877004646,1.0
factory_prepolish_deep_defect,21,initial,0,0,1,0.0,0.0,0.10584644502076712,0.4339220035221738,0.09036353185042124,0.38090143111672725,0.0,0.0,0.0,43.13207873958455,0.0,0.0,0.0,73.62496571343641,0.772236483407833,1.0
factory_prepolish_deep_defect,21,initial,0,0,2,0.0,0.0,0.06531226657666402,0.3403914437732959,0.058939443437486326,0.32293542689448973,0.0,0.0,0.0,43.37018808179832,0.0,0.0,0.0,78.0,1.0,1.0
factory_prepolish_deep_defect,21,initial,0,0,3,0.0,0.0,0.08724822836090888,0.41172968748907646,0.07684557584418589,0.38213866833084154,0.0,0.0,0.0,44.05143204150899,0.0,0.0,0.0,76.73482499590685,0.9300822242145804,1.0
factory_prepolish_deep_defect,21,initial,0,0,4,0.0,0.0,0.09701215993137147,0.46770463173078625,0.09255831786252725,0.4538193018568235,0.0,0.0,0.0,43.67577123529534,0.0,0.0,0.0,75.0781464227146,0.8435622337708074,1.0
factory_prepolish_deep_defect,21,initial,0,1,0,0.0,0.0,0.07949929948904084,0.3459470153645561,0.07392788349196663,0.3301838779981439,0.0,0.0,0.0,41.56219189498313,0.0,0.0,0.0,78.0,1.0,1.0
factory_prepolish_deep_defect,21,initial,0,1,1,0.0,0.0,0.11095937269902657,0.5359518995077048,0.09174628975759806,0.3564023557344268,0.0,0.0,0.0,42.43097282025548,0.0,0.0,0.0,72.80326796147622,0.7337449964654283,1.0
factory_prepolish_deep_defect,21,initial,0,1,2,0.0,0.0,0.09232913424767254,0.3731437214983109,0.07861231398517717,0.33955873993664,0.0,0.0,0.0,43.160160653834296,0.0,0.0,0.0,75.86600383818309,0.8840060765199916,1.0
factory_prepolish_deep_defect,21,initial,0,1,3,0.0,0.0,0.0967798545984391,0.4021347398168381,0.0851663473007806,0.38778831667816793,0.0,0.0,0.0,44.0496752086706,0.0,0.0,0.0,75.11693950876868,0.8455241517642202,1.0
factory_prepolish_deep_defect,21,initial,0,1,4,0.0,0.0,0.11740315086806552,0.4887135404691967,0.10430214078797545,0.4496926550530677,0.0,0.0,0.0,43.71913679400407,0.0,0.0,0.0,71.78743780828827,0.6879552349256736,1.0
factory_prepolish_deep_defect,21,initial,0,2,0,0.0,0.0,0.11351831903311037,0.41733977557238233,0.09937475503943836,0.3892335633051254,0.0,0.0,0.0,41.48643851158405,0.0,0.0,0.0,72.39724873456001,0.7152070553338442,1.0
factory_prepolish_deep_defect,21,initial,0,2,1,0.0,0.0,0.10704504735173742,0.5410877200162474,0.10317442597744592,0.5235899144403309,0.0,0.02159870943753567,0.6118243069261876,42.46444534651337,0.0,0.0,0.0,51.73770936489289,0.7630356895342413,0.1682674581225615
factory_prepolish_deep_defect,21,initial,0,2,2,0.0,0.0,0.11493299691121088,0.48220538021067366,0.09531725325123099,0.4263332925427836,0.0,0.0,0.0,43.41990507711508,0.0,0.0,0.0,72.17426875826443,0.7051604107223144,1.0
factory_prepolish_deep_defect,21,initial,0,2,3,0.0,0.0,0.1121502121159256,0.40851113349634627,0.10118912418073314,0.37783783993316555,0.0,0.0,0.0,44.6566022215079,0.0,0.0,0.0,72.61389068752588,0.725059092060006,1.0
factory_prepolish_deep_defect,21,initial,0,2,4,0.0,0.0,0.10524826159253908,0.4760832814899915,0.09704938345386278,0.45306254137597546,0.0,0.0,0.0,44.46318944319624,0.0,0.0,0.0,73.72201793529237,0.776869717883064,1.0
factory_prepolish_deep_defect,21,initial,0,3,0,0.0,0.0,0.11427440531492623,0.43307073460091405,0.1043708316731453,0.4078121160101059,0.0,0.0,0.0,41.95747058455293,0.0,0.0,0.0,72.27794443973133,0.7098198644713742,1.0
factory_prepolish_deep_defect,21,initial,0,3,1,0.0,0.0,0.14684936164920612,0.6768877520735294,0.14252789418634612,0.7500311326198195,0.0,0.04517002371805164,0.6703789184474823,43.468708241035706,0.0,0.0,0.0,44.02803335038078,0.5124799880229469,0.09029780467125537
factory_prepolish_deep_defect,21,initial,0,3,2,0.0,0.0,0.10571090139460322,0.41099395604489275,0.09404693204001938,0.38928398588718094,0.0,0.0,0.0,44.50927852020829,0.0,0.0,0.0,73.64694002444192,0.7732839104399333,1.0
factory_prepolish_deep_defect,21,initial,0,3,3,0.0,0.0,0.1168818138601501,0.5829206908047657,0.10575317510721648,0.4155557400919102,0.0,0.0,0.0,45.482752166011934,0.0,0.0,0.0,71.86881523903598,0.6915511654770566,1.0
factory_prepolish_deep_defect,21,initial,0,3,4,0.0,0.0,0.10405648321722608,0.3856314100038782,0.09077597667005101,0.35389161503664157,0.0,0.0,0.0,45.48610312059343,0.0,0.0,0.0,73.91595572293195,0.7861836738004648,1.0
factory_prepolish_deep_defect,21,initial,0,4,0,0.0,0.0,0.10931426278745274,0.5228004475754852,0.09573822962432692,0.4050569181476399,0.0,0.0,0.0,43.05469739978799,0.0,0.0,0.0,73.06612678864174,0.745915744732639,1.0
factory_prepolish_deep_defect,21,initial,0,4,1,0.0,0.0,0.0967020187488943,0.4336893282479206,0.08874321407687014,0.41049742419945384,0.0,0.0,0.0,44.73149318776431,0.0,0.0,0.0,75.1299441776223,0.8461825288643176,1.0
factory_prepolish_deep_defect,21,initial,0,4,2,0.0,0.0,0.1358985252537525,0.5945785425057205,0.11638074734237396,0.5353614018582584,0.0,0.0,0.0,45.30621156940363,0.0,0.0,0.0,68.99005105829819,0.5717889909869309,1.0
factory_prepolish_deep_defect,21,initial,0,4,3,0.0,0.0,0.10098423073315722,0.4528427579891161,0.09124870407980583,0.43629790062344687,0.0,0.0,0.0,45.549236624619105,0.0,0.0,0.0,74.41947008278007,0.8107120792418396,1.0
factory_prepolish_deep_defect,21,initial,0,4,4,0.0,0.0,0.14883291465306261,0.8107983165770997,0.12905923796541022,0.555768316021867,0.0,0.0,0.0,45.37944403603984,0.0,0.0,0.0,67.13374083474429,0.5024148297091405,1.0
factory_prepolish_deep_defect,22,initial,0,0,0,0.0,0.0,0.13738044929289983,0.6049237728768734,0.13005309287484146,0.5797079054594019,0.0,0.04712033527251276,0.7594751007800069,45.44317905145014,0.0,0.0,0.0,46.23556159524059,0.5633779887361483,0.11417309357531302
factory_prepolish_deep_defect,22,initial,0,0,1,0.0,0.0,0.10233011355093909,0.4307172505054637,0.0912997652842256,0.4010630461851049,0.0,0.0,0.0,45.47793539327576,0.0,0.0,0.0,74.1982572791612,0.7998739425764448,1.0
factory_prepolish_deep_defect,22,initial,0,0,2,0.0,0.0,0.09526950898571679,0.4164973903287281,0.08438472438931832,0.38713895835392786,0.0,0.0,0.0,45.6232401097714,0.0,0.0,0.0,75.36988870805322,0.8583914141617383,1.0
factory_prepolish_deep_defect,22,initial,0,0,3,0.0,0.0,0.0889177527419729,0.4184991466810637,0.08322117855935829,0.41012258104004584,0.0,0.0,0.0,45.86523488127766,0.0,0.0,0.0,76.44771612339169,0.9146831778156014,1.0
factory_prepolish_deep_defect,22,initial,0,0,4,0.0,0.0,0.0789201699139711,0.3740289591587938,0.07361255868559546,0.3671735309727786,0.0,0.0,0.0,46.12972116008514,0.0,0.0,0.0,78.0,1.0,1.0
factory_prepolish_deep_defect,22,initial,0,1,0,0.0,0.0,0.13425454663266959,0.7282418532227589,0.12322313479251838,0.7356711314750177,0.0,0.039413443846686186,0.7508097642735296,44.156380871922465,0.0,0.0,0.0,47.34497258585662,0.5812667726489326,0.12892477196994134
factory_prepolish_deep_defect,22,initial,0,1,1,0.0,0.0,0.08190666926050248,0.45011063120953027,0.07830272338697634,0.45704533528485125,0.0,0.009731553471854183,0.7766036562025516,44.6396020404744,0.0,0.0,0.0,48.7453565444164,0.9811139270171886,0.09166193809674594
factory_prepolish_deep_defect,22,initial,0,1,2,0.0,0.0,0.07367970294448035,0.36532270826081936,0.06397200424211347,0.3169558177751166,0.0,0.0,0.0,45.033971845524086,0.0,0.0,0.0,78.0,1.0,1.0
factory_prepolish_deep_defect,22,initial,0,1,3,0.0,0.0,0.08437357553470994,0.3604444287847171,0.07887512230556562,0.35753485534375573,0.0,0.0,0.0,45.490052929687586,0.0,0.0,0.0,77.23293989990127,0.9572068608520923,1.0
factory_prepolish_deep_defect,22,initial,0,1,4,0.0,0.0,0.10608974695357705,0.5582360052662824,0.09277375958242086,0.4829438139407567,0.0,0.0,0.0,45.744649723096124,0.0,0.0,0.0,73.58554653972928,0.7703599009242804,1.0
factory_prepolish_deep_defect,22,initial,0,2,0,0.0,0.0,0.10383092901467146,0.38876642358958785,0.09345176305348799,0.36552074819800884,0.0,0.0,0.0,43.07387797851573,0.0,0.0,0.0,73.95274688315115,0.7879589454638051,1.0
factory_prepolish_deep_defect,22,initial,0,2,1,0.0,0.0,0.08028950244502261,0.3150979160934953,0.06962059717906284,0.29664973077656187,0.0,0.0,0.0,44.0642281699789,0.0,0.0,0.0,77.94887923798913,0.9971091620920357,1.0
factory_prepolish_deep_defect,22,initial,0,2,2,0.0,0.0,0.10587411667038797,0.4187221311070075,0.10030645495745272,0.3869817198270047,0.0,0.0,0.0,44.74351235854692,0.0,0.0,0.0,73.62048081023389,0.7720228223970266,1.0
factory_prepolish_deep_defect,22,initial,0,2,3,0.0,0.0,0.07180152558944179,0.3047618732245102,0.07119683254831223,0.3025339246304398,0.0,0.0,0.0,45.34443216796489,0.0,0.0,0.0,78.0,1.0,1.0
factory_prepolish_deep_defect,22,initial,0,2,4,0.0,0.0,0.08077450108992835,0.39158008104677056,0.07729554318784698,0.37054952046715595,0.0,0.0,0.0,45.0503800041495,0.0,0.0,0.0,77.86334794528725,0.9922849044163289,1.0
factory_prepolish_deep_defect,22,initial,0,3,0,0.0,0.0,0.1082683165236919,0.591753876006937,0.10138511457943818,0.551768324957569,0.0,0.0,0.0,42.82015241180491,0.0,0.0,0.0,73.2340012170694,0.7537585669479411,1.0
factory_prepolish_deep_defect,22,initial,0,3,1,0.0,0.0,0.07061991611769383,0.33653201393566096,0.06647403788950855,0.31174790291432675,0.0,0.0,0.0,43.975683278078925,0.0,0.0,0.0,78.0,1.0,1.0
factory_prepolish_deep_defect,22,initial,0,3,2,0.0,0.0,0.10055393707895377,0.5918476005393857,0.09374038113615062,0.5394527125658397,0.0,0.023279502048308053,0.5108350812117545,44.74092400014335,0.0,0.0,0.0,25.49490403889133,0.8142080379228092,0.0
factory_prepolish_deep_defect,22,initial,0,3,3,0.0,0.0,0.11600681176667293,0.6266805537649849,0.10770490579717236,0.5878634120376411,0.0,0.029484838033486036,0.48081648970960605,45.12017894823117,0.0,0.0,0.0,42.35071645928271,0.6976288036061449,0.05029215275372534
factory_prepolish_deep_defect,22,initial,0,3,4,0.0,0.0,0.10752436610601157,0.45358549669693626,0.0974824155924472,0.44394048669146785,0.0,0.00033282850903279917,0.09804309771143578,43.92070524028638,0.0,0.0,0.0,59.811311028071195,0.7593870676225268,0.3731387334075885
factory_prepolish_deep_defect,22,initial,0,4,0,0.0,0.0,0.1416873482503977,0.6299388644515577,0.11773898857066067,0.5522959670732377,0.0,0.0,0.0,42.907961133092684,0.0,0.0,0.0,68.14935283488313,0.5396289622664308,1.0
factory_prepolish_deep_defect,22,initial,0,4,1,0.0,0.0,0.11304805012579205,0.4860421435188887,0.09419089264384344,0.4210710722706179,0.0,0.0,0.0,44.041319145898434,0.0,0.0,0.0,72.47160517311012,0.7185783726534523,1.0
factory_prepolish_deep_defect,22,initial,0,4,2,0.0,0.0,0.08321132514832773,0.4159547611364883,0.07728440194483432,0.39673997432006386,0.0,0.0,0.0,44.893117405471585,0.0,0.0,0.0,77.43569157526352,0.9683969034829624,1.0
factory_prepolish_deep_defect,22,initial,0,4,3,0.0,0.0,0.08902753308070292,0.3989225650858116,0.08043980444449338,0.3787419829936598,0.0,0.0,0.0,44.62023235625241,0.0,0.0,0.0,76.4288930752597,0.9136795864984543,1.0
factory_prepolish_deep_defect,22,initial,0,4,4,0.0,0.0,0.10739752469452231,0.4961057473778031,0.09506593537441604,0.4752315070107007,0.0,0.0,0.0,43.28216311030609,0.0,0.0,0.0,73.37421052098075,0.7603508960353246,1.0
factory_prepolish_deep_defect,23,initial,0,0,0,0.0,0.0,0.09972706940412734,0.4269727161151379,0.08743122155145581,0.39885260042430903,0.0,0.0,0.0,42.45584235794818,0.0,0.0,0.0,74.6269987631027,0.8209683719852363,1.0
factory_prepolish_deep_defect,23,initial,0,0,1,0.0,0.0,0.11963435993165632,0.5649391811802664,0.1012818264674968,0.499393714430417,0.0,0.0,0.0,43.14450490188908,0.0,0.0,0.0,71.44075343088096,0.6727754910198205,1.0
factory_prepolish_deep_defect,23,initial,0,0,2,0.0,0.0,0.11984179679167209,0.4613233389238426,0.10821725409619944,0.4180873371745053,0.0,0.0,0.0,43.64956736283698,0.0,0.0,0.0,71.40865278336094,0.6713813531441252,1.0
factory_prepolish_deep_defect,23,initial,0,0,3,0.0,0.0,0.11032148106892273,0.49591546673502296,0.10048112585869326,0.42347764594771825,0.0,0.0,0.0,43.864726555337676,0.0,0.0,0.0,72.90502044998823,0.738440454429131,1.0
factory_prepolish_deep_defect,23,initial,0,0,4,0.0,0.0,0.10226070693690398,0.4685797090129483,0.09232945094956943,0.4415510442238602,0.0,0.0,0.0,44.64142514280723,0.0,0.0,0.0,74.2096408774527,0.8004293007018772,1.0
factory_prepolish_deep_defect,23,initial,0,1,0,0.0,0.0,0.07729119602880391,0.3436065723388009,0.07426002668245581,0.3392586225733952,0.0,0.0,0.0,44.219858058922824,0.0,0.0,0.0,78.0,1.0,1.0
factory_prepolish_deep_defect,23,initial,0,1,1,0.0,0.0,0.09971189965284646,0.33866484678242775,0.08147756588929546,0.3420820655021338,0.0,0.0,0.0,44.26611451334615,0.0,0.0,0.0,74.62950825730968,0.8210929202919565,1.0
factory_prepolish_deep_defect,23,initial,0,1,2,0.0,0.0,0.08827726193746147,0.425306120900629,0.08280614517590035,0.4033414215254405,0.0,0.0,0.0,44.167760902275745,0.0,0.0,0.0,76.55767275561251,0.9205604410333311,1.0
factory_prepolish_deep_defect,23,initial,0,1,3,0.0,0.0,0.11858581143403699,0.480524777364107,0.1078031766131474,0.4581319615334007,0.0,0.0,0.0,44.17891602135538,0.0,0.0,0.0,71.60335536616927,0.6798669822124919,1.0
factory_prepolish_deep_defect,23,initial,0,1,4,0.0,0.0,0.0958513415167651,0.419458767387607,0.07902789319485151,0.3590172961221787,0.0,0.0,0.0,44.80568993525307,0.0,0.0,0.0,75.27229391223761,0.853411515055591,1.0
factory_prepolish_deep_defect,23,initial,0,2,0,0.0,0.0,0.09795017149476522,0.35912438153591303,0.08701734344601782,0.3460413074353259,0.0,0.0,0.0,44.95467043625933,0.0,0.0,0.0,74.92181135552114,0.8356865177832972,1.0
factory_prepolish_deep_defect,23,initial,0,2,1,0.0,0.0,0.07527015381575825,0.36800906771818087,0.06915172511092367,0.351931768415494,0.0,0.0,0.0,44.770121259551175,0.0,0.0,0.0,78.0,1.0,1.0
factory_prepolish_deep_defect,23,initial,0,2,2,0.0,0.0,0.1370520983288294,0.7151217441527894,0.1266206590029291,0.3941183087299594,0.0,0.0,0.0,44.580956170023036,0.0,0.0,0.0,68.82122339648848,0.5652308861320146,1.0
factory_prepolish_deep_defect,23,initial,0,2,3,0.0,0.0,0.09644023180950065,0.39568826023588155,0.08445012259650773,0.3703102979256827,0.0,0.0,0.0,44.57705909097771,0.0,0.0,0.0,75.17370781828859,0.8484006262862294,1.0
factory_prepolish_deep_defect,23,initial,0,2,4,0.0,0.0,0.10395050771860369,0.3951890571334392,0.09466208972265332,0.37750726132841184,0.0,0.0,0.0,44.952260244226125,0.0,0.0,0.0,73.93323841798372,0.7870172774986836,1.0
factory_prepolish_deep_defect,23,initial,0,3,0,0.0,0.0,0.11125663603928278,0.5205606683470505,0.106180946870962,0.5039372910815758,0.0,0.011901880085824884,0.4279366774229644,43.87498670386843,0.0,0.0,0.0,55.621577492567354,0.7315670802569788,0.2636336949558685
factory_prepolish_deep_defect,23,initial,0,3,1,0.0,0.0,0.10329822794099201,0.4347562492933472,0.09153071744445222,0.4024694268488907,0.0,0.0,0.0,43.80519206723921,0.0,0.0,0.0,74.03974803905422,0.7921676110774473,1.0
factory_prepolish_deep_defect,23,initial,0,3,2,0.0,0.0,0.1134027963368969,0.4153509864835422,0.09599921540194208,0.3798903746452782,0.0,0.0,0.0,43.90489283155109,0.0,0.0,0.0,72.41550377567677,0.716033759231051,1.0
factory_prepolish_deep_defect,23,initial,0,3,3,0.0,0.0,0.09817910582384476,0.48118120049467666,0.08440920083698901,0.3301342323363496,0.0,0.0,0.0,44.309119888449096,0.0,0.0,0.0,74.88372983301849,0.8337755327456267,1.0
factory_prepolish_deep_defect,23,initial,0,3,4,0.0,0.0,0.1031164456552251,0.4984313134916273,0.09084638153399395,0.4463299765636245,0.0,0.0,0.0,44.79364446031299,0.0,0.0,0.0,74.06947223533855,0.7936089411124067,1.0
factory_prepolish_deep_defect,23,initial,0,4,0,0.0,0.0,0.11087800120734143,0.6596304607948691,0.1008764244486612,0.6234230137827116,0.0,0.031353204994714556,0.6386380561147917,42.60876492578683,0.0,0.0,0.0,49.755390491195456,0.734342298698128,0.1387660385600965
factory_prepolish_deep_defect,23,initial,0,4,1,0.0,0.0,0.11582397979892427,0.5580309131126224,0.11098495183206508,0.5540151338889974,0.0,0.03610313907131415,0.5324429074628255,42.60305137427943,0.0,0.0,0.0,45.6213458704683,0.6989054587866249,0.08427620640675382
factory_prepolish_deep_defect,23,initial,0,4,2,0.0,0.0,0.10730823593465658,0.519184475023735,0.09666820744234218,0.4860086122123975,0.0,0.005129635849711103,0.48537430359416733,42.974381046769224,0.0,0.0,0.0,49.59574144223963,0.7610301071054681,0.131325877040937
factory_prepolish_deep_defect,23,initial,0,4,3,0.0,0.0,0.07824434633342837,0.41339888720429746,0.07079073917385437,0.32538078269412823,0.0,0.0,0.0,43.89409280842668,0.0,0.0,0.0,78.0,1.0,1.0
factory_prepolish_deep_defect,23,initial,0,4,4,0.0,0.0,0.10561491405274852,0.461713321540937,0.09528337169903399,0.42553153636277397,0.0,0.0,0.0,44.69597214658999,0.0,0.0,0.0,73.66250748298175,0.7740265214598263,1.0
factory_prepolish_deep_defect,24,initial,0,0,0,0.0,0.0,0.11236981106470725,0.43611649214623893,0.0984352528780163,0.41152669339039405,0.0,0.0,0.0,44.57453145757762,0.0,0.0,0.0,72.57905023948322,0.7234686168883302,1.0
factory_prepolish_deep_defect,24,initial,0,0,1,0.0,0.0,0.09120739331209991,0.3940977488070353,0.08147851969131757,0.3431688698190029,0.0,0.0,0.0,44.480825136185466,0.0,0.0,0.0,76.05655479329855,0.8939781604614992,1.0
factory_prepolish_deep_defect,24,initial,0,0,2,0.0,0.0,0.11351682349740383,0.5721710926576267,0.11209428049935659,0.5775924494550249,0.0,0.035496083308345444,0.7220542367201862,44.85452004084062,0.0,0.0,0.0,50.90482787977838,0.7152177515907154,0.16325866440045866
factory_prepolish_deep_defect,24,initial,0,0,3,0.0,0.0,0.08252686397380062,0.42613659457343767,0.07591449593740697,0.405595598898324,0.0,0.0015484080833051564,0.42690890791379893,45.1616590261952,0.0,0.0,0.0,59.93937467845203,0.9750479402186852,0.2938270710770433
factory_prepolish_deep_defect,24,initial,0,0,4,0.0,0.0,0.07974429721349365,0.3673937539174194,0.07745842536562575,0.35550489891377746,0.0,0.0,0.0,44.131386289840066,0.0,0.0,0.0,78.0,1.0,1.0
factory_prepolish_deep_defect,24,initial,0,1,0,0.0,0.0,0.08695173862528019,0.37607654994399187,0.07707240251544901,0.35521908980132133,0.0,0.0,0.0,45.69466565897156,0.0,0.0,0.0,76.78597975179598,0.9328439145834406,1.0
factory_prepolish_deep_defect,24,initial,0,1,1,0.0,0.0,0.09805669670299984,0.41687382893572794,0.08586673574701535,0.3655049808968814,0.0,0.0,0.0,46.073163696755365,0.0,0.0,0.0,74.90408806450249,0.8347967749643724,1.0
factory_prepolish_deep_defect,24,initial,0,1,2,0.0,0.0,0.1042569179753215,0.5322553609039729,0.09595965563362047,0.44974304872562143,0.0,0.0,0.0,45.770055106650844,0.0,0.0,0.0,73.88328511218275,0.7846094666119019,1.0
factory_prepolish_deep_defect,24,initial,0,1,3,0.0,0.0,0.10409478544049247,0.4686262389642141,0.0971074777264394,0.45100310495267243,0.0,0.0,0.0,44.748517988368064,0.0,0.0,0.0,73.90971082207179,0.7858826056360229,1.0
factory_prepolish_deep_defect,24,initial,0,1,4,0.0,0.0,0.1267937945342694,0.5604064997117548,0.11408032596881203,0.5041005826453753,0.0,0.0,0.0,43.299364234813154,0.0,0.0,0.0,70.34557504800316,0.6262923868111606,1.0
factory_prepolish_deep_defect,24,initial,0,2,0,0.0,0.0,0.0901062854905429,0.43097031348552983,0.07813209262962215,0.386586322721756,0.0,0.0,0.0,44.6385598794476,0.0,0.0,0.0,76.24429502568213,0.9038762180461323,1.0
factory_prepolish_deep_defect,24,initial,0,2,1,0.0,0.0,0.08999439189516575,0.4538879027187369,0.08120230963964993,0.4282285941097882,0.0,0.0,0.0,47.00837305000496,0.0,0.0,0.0,76.26341161854432,0.9048881636898639,1.0
factory_prepolish_deep_defect,24,initial,0,2,2,0.0,0.0,0.10481490303306724,0.5577435384376599,0.09468617096263036,0.5302020794035641,0.0,0.01039161939748059,0.44125820752561684,46.075414366081006,0.0,0.0,0.0,25.487924491380095,0.7802436546431262,0.0
factory_prepolish_deep_defect,24,initial,0,2,3,0.0,0.0,0.09974762637749512,0.4340778533412248,0.08921732919873522,0.40423585826066477,0.0,0.0,0.0,44.753989835037764,0.0,0.0,0.0,74.62359827663722,0.8207996230810773,1.0
factory_prepolish_deep_defect,24,initial,0,2,4,0.0,0.0,0.1278675150115262,0.5258800578191047,0.11715872559345865,0.49586891260611365,0.0,0.0,0.0,43.30244605506359,0.0,0.0,0.0,70.1835702258245,0.6196037302040789,1.0
factory_prepolish_deep_defect,24,initial,0,3,0,0.0,0.0,0.10037989375663776,0.40828254744127623,0.09161838591196657,0.39029850464641846,0.0,0.0,0.0,43.851971854837785,0.0,0.0,0.0,74.51912380022745,0.8156263465202584,1.0
factory_prepolish_deep_defect,24,initial,0,3,1,0.0,0.0,0.10074617428326141,0.4269058528354383,0.09356164274065107,0.40308301212823316,0.0,0.0,0.0,45.69972558061172,0.0,0.0,0.0,74.4587010580448,0.8126443306485905,1.0
factory_prepolish_deep_defect,24,initial,0,3,2,0.0,0.0,0.12560733823131562,0.6739312848801668,0.11286334973999164,0.6212180145290416,0.0,0.02662076857457677,0.44318098562962244,46.676706730415326,0.0,0.0,0.0,25.45525265282569,0.6337673280795629,0.0
factory_prepolish_deep_defect,24,initial,0,3,3,0.0,0.0,0.13168116591414808,0.5158402493785517,0.11316103715920281,0.46610649485184374,0.0,0.0,0.0,45.73427101367803,0.0,0.0,0.0,69.61282440939087,0.5964191071430892,1.0
factory_prepolish_deep_defect,24,initial,0,3,4,0.0,0.0,0.0926075274941045,0.4444553755301782,0.0850657454277048,0.41642522096981627,0.0,0.0,0.0,44.54453436660009,0.0,0.0,0.0,75.8188232263699,0.8815484857754918,1.0
factory_prepolish_deep_defect,24,initial,0,4,0,0.0,0.0,0.09261637997041275,0.3968491290234788,0.07980566777082992,0.3614035315608645,0.0,0.0,0.0,43.812515512639095,0.0,0.0,0.0,75.81732367373252,0.8814704503587272,1.0
factory_prepolish_deep_defect,24,initial,0,4,1,0.0,0.0,0.1005467673499809,0.3917282314651133,0.07980404910640804,0.3672097083318684,0.0,0.0,0.0,44.560668279072296,0.0,0.0,0.0,74.49158667920887,0.8142664165251724,1.0
factory_prepolish_deep_defect,24,initial,0,4,2,0.0,0.0,0.12117431677144377,0.5877310348822598,0.10726910990455718,0.5245589813653642,0.0,0.02132499578916996,0.3272908224579696,45.52601128019562,0.0,0.0,0.0,50.77107126886077,0.6624944041559838,0.17353520484978457
factory_prepolish_deep_defect,24,initial,0,4,3,0.0,0.0,0.1057622863613206,0.47440641594513133,0.09674250825916557,0.45124748087301025,0.0,0.0,0.0,47.499533761881295,0.0,0.0,0.0,73.63860833335487,0.7728866608319531,1.0
factory_prepolish_deep_defect,24,initial,0,4,4,0.0,0.0,0.09192297866166876,0.421797733127751,0.08240600118658017,0.38383779470573415,0.0,0.0,0.0,46.93692183146479,0.0,0.0,0.0,75.93491551441628,0.8876038178483134,1.0
factory_prepolish_deep_defect,25,initial,0,0,0,0.0,0.0,0.08499622678801858,0.44227422776753844,0.07866230168308044,0.4118879525214101,0.0,0.0,0.0,44.420277069240704,0.0,0.0,0.0,77.12464263951006,0.9512653170804775,1.0
factory_prepolish_deep_defect,25,initial,0,0,1,0.0,0.0,0.09968715607529202,0.45247812546938576,0.08609096344878125,0.4076615234046262,0.0,0.0,0.0,43.21249045756867,0.0,0.0,0.0,74.63360179807728,0.8212961131930427,1.0
factory_prepolish_deep_defect,25,initial,0,0,2,0.0,0.0,0.11451875777903173,0.43140198684391573,0.10196173895869336,0.3968373028282974,0.0,0.0,0.0,42.36521247287159,0.0,0.0,0.0,72.23945184405477,0.7080875195175778,1.0
factory_prepolish_deep_defect,25,initial,0,0,3,0.0,0.0,0.11172434805683011,0.4728585592113662,0.10180908138015785,0.4383185165144747,0.0,0.0,0.0,42.36126108359445,0.0,0.0,0.0,72.68152883311812,0.728153442326519,1.0
factory_prepolish_deep_defect,25,initial,0,0,4,0.0,0.0,0.10329044431914791,0.4696365304487856,0.0947956120445942,0.4436848911564164,0.0,0.0,0.0,43.23023109083744,0.0,0.0,0.0,74.04102041174048,0.7922292728083918,1.0
factory_prepolish_deep_defect,25,initial,0,1,0,0.0,0.0,0.1080583117135872,0.47290510635998584,0.09900744230164332,0.42869915555442534,0.0,0.0,0.0,44.37119966897364,0.0,0.0,0.0,73.26777761191971,0.7553431594730052,1.0
factory_prepolish_deep_defect,25,initial,0,1,1,0.0,0.0,0.1294766178657443,0.4987113770189644,0.11244935064627715,0.4501064603273113,0.0,0.0,0.0,43.17546374279687,0.0,0.0,0.0,69.94186896953843,0.6097134546488943,1.0
factory_prepolish_deep_defect,25,initial,0,1,2,0.0,0.0,0.10433247189273687,0.42945522082546644,0.09562745651620068,0.393360869563423,0.0,0.0,0.0,42.36623443644625,0.0,0.0,0.0,73.8709755833485,0.7840168873100919,1.0
factory_prepolish_deep_defect,25,initial,0,1,3,0.0,0.0,0.08647932884493828,0.4370090030419298,0.07836544889736122,0.4206382688416267,0.0,0.0,0.0,42.363008967016064,0.0,0.0,0.0,76.86759133618065,0.9372611860674601,1.0
factory_prepolish_deep_defect,25,initial,0,1,4,0.0,0.0,0.09443657896265666,0.4303308856444691,0.07643161511651998,0.3868304145796688,0.0,0.0,0.0,43.28377206479262,0.0,0.0,0.0,75.50993166994843,0.8655710732249096,1.0
factory_prepolish_deep_defect,25,initial,0,2,0,0.0,0.0,0.09768798669737108,0.4054205878701539,0.08294864393905176,0.39797531811001596,0.0,0.0,0.0,44.314070929347054,0.0,0.0,0.0,74.96545955922137,0.8378804355895101,1.0
factory_prepolish_deep_defect,25,initial,0,2,1,0.0,0.0,0.07563806836072678,0.33567556572933954,0.0719809436166951,0.3315255742325145,0.0,0.0,0.0,43.21619263871387,0.0,0.0,0.0,78.0,1.0,1.0
factory_prepolish_deep_defect,25,initial,0,2,2,0.0,0.0,0.10381490430744514,0.44762193408057155,0.09287402397525564,0.4099484099365148,0.0,0.0,0.0,42.765351536251515,0.0,0.0,0.0,73.95536179777835,0.7880852236954675,1.0
factory_prepolish_deep_defect,25,initial,0,2,3,0.0,0.0,0.11147672359256885,0.4868894432601619,0.10400440017354144,0.45930590792576187,0.0,0.0,0.0,42.76680611116172,0.0,0.0,0.0,72.7209021239743,0.7299587626720102,1.0
factory_prepolish_deep_defect,25,initial,0,2,4,0.0,0.0,0.09693075586374394,0.4111935279258212,0.08047728224103178,0.3551094688603911,0.0,0.0,0.0,43.562179016510484,0.0,0.0,0.0,75.09173681588021,0.8442492073163352,1.0
factory_prepolish_deep_defect,25,initial,0,3,0,0.0,0.0,0.13920155932153164,0.8274208139411819,0.12425738754836227,0.7763032899942781,0.0,0.03235508716140444,0.8210695939024198,43.43755433819583,0.0,0.0,0.0,41.04195624075472,0.5532111116736377,0.05012489530704267
factory_prepolish_deep_defect,25,initial,0,3,1,0.0,0.0,0.1582479176561969,0.679761822512424,0.141298783931832,0.7710737115275943,0.0,0.03729304810446176,0.7461786120188771,42.44579617019984,0.0,0.0,0.0,46.01334153988719,0.45727094945686614,0.13629632246441847
factory_prepolish_deep_defect,25,initial,0,3,2,0.0,0.0,0.14221671691836954,0.5391683405004267,0.12018000640689967,0.4632492447157983,0.0,0.0,0.0,42.32211927344342,0.0,0.0,0.0,68.07328025390987,0.5367798833358195,1.0
factory_prepolish_deep_defect,25,initial,0,3,3,0.0,0.0,0.09776982706978514,0.4229876032351103,0.08672061612248189,0.3989019622171905,0.0,0.0,0.0,42.42366992201548,0.0,0.0,0.0,74.9518307788861,0.8371949916438364,1.0
factory_prepolish_deep_defect,25,initial,0,3,4,0.0,0.0,0.10755349902803424,0.49286487522958883,0.09153619493346675,0.4403728807783681,0.0,0.0,0.0,43.118955139578,0.0,0.0,0.0,73.3490666070719,0.7591658682027579,1.0
factory_prepolish_deep_defect,25,initial,0,4,0,0.0,0.0,0.09391624917875901,0.40871363468258015,0.08264417819938523,0.39057570152996945,0.0,0.0,0.0,43.36004464559595,0.0,0.0,0.0,75.59761376007428,0.8700866350382422,1.0
factory_prepolish_deep_defect,25,initial,0,4,1,0.0,0.0,0.10021765125170123,0.45722522230244417,0.09807273610408655,0.44574191317826817,0.0,0.0,0.0,42.3468231049048,0.0,0.0,0.0,74.54591139867838,0.8169507131880966,1.0
factory_prepolish_deep_defect,25,initial,0,4,2,0.0,0.0,0.09869757388464513,0.4370778566868275,0.08648280310780183,0.3865148275529309,0.0,0.0,0.0,42.23030124587549,0.0,0.0,0.0,74.79759388344868,0.8294638598913611,1.0
factory_prepolish_deep_defect,25,initial,0,4,3,0.0,0.0,0.11012254077866776,0.4003560442000995,0.09405063196745672,0.3628804283949024,0.0,0.0,0.0,42.3370295933792,0.0,0.0,0.0,72.93679844760712,0.7399109722537548,1.0
factory_prepolish_deep_defect,25,initial,0,4,4,0.0,0.0,0.10045746015264914,0.3885830004176839,0.0848653906230889,0.3518406232099668,0.0,0.0,0.0,42.837271327733745,0.0,0.0,0.0,74.5063220553847,0.8149939398575791,1.0
factory_prepolish_deep_defect,26,initial,0,0,0,0.0,0.0,0.12425040738269569,0.5221635317901598,0.11420058764765972,0.4889536739441083,0.0,0.0,0.0,45.320254435517924,0.0,0.0,0.0,70.73164713005178,0.6424257238315565,1.0
factory_prepolish_deep_defect,26,initial,0,0,1,0.0,0.0,0.11323171168353553,0.5559439067532125,0.10071308980761395,0.5261723933522395,0.0,0.014488492817941042,0.8589402462452536,45.31095471225652,0.0,0.0,0.0,47.628129816945474,0.7172598316177691,0.10850302996865724
factory_prepolish_deep_defect,26,initial,0,0,2,0.0,0.0,0.13210351755375419,0.6621360365175677,0.118635286721773,0.6327324787624005,0.0,0.024879341992128018,0.8572752160708506,45.57140620718103,0.0,0.0,0.0,46.37084655673529,0.5939054332731424,0.110387594876724
factory_prepolish_deep_defect,26,initial,0,0,3,0.0,0.0,0.08751226598297611,0.4077253239861864,0.08025208357850755,0.37346695917541084,0.0,0.0,0.0,46.57135256883984,0.0,0.0,0.0,76.68931189356371,0.9276296964493241,1.0
factory_prepolish_deep_defect,26,initial,0,0,4,0.0,0.0,0.11599774450376966,0.4868436979057298,0.10598339330756679,0.46336935258398787,0.0,0.0,0.0,47.50388113123739,0.0,0.0,0.0,72.00713655941183,0.6976920623117301,1.0
factory_prepolish_deep_defect,26,initial,0,1,0,0.0,0.0,0.09857731461286036,0.4504875103648619,0.08630924476149991,0.40921230152844085,0.0,0.0,0.0,44.78305513508946,0.0,0.0,0.0,74.81755995961447,0.8304619671269399,1.0
factory_prepolish_deep_defect,26,initial,0,1,1,0.0,0.0,0.11415177187431447,0.6096414281438338,0.1073695841426384,0.5835664092998324,0.0,0.0,0.0,44.66882848169571,0.0,0.0,0.0,72.29727458030388,0.7106908749592268,1.0
factory_prepolish_deep_defect,26,initial,0,1,2,0.0,0.0,0.20734149258496004,1.4474848518151007,0.17736385385304593,0.6015470565479177,0.0,0.05854452997485527,0.9377966043874425,44.86756862525269,0.0,0.0,0.0,35.457374945992754,0.279874238241073,0.027445901858540678
factory_prepolish_deep_defect,26,initial,0,1,3,0.0,0.0,0.07859382854834109,0.3715885397284596,0.0764659031924521,0.36698729459958235,0.0,0.0,0.0,46.03254890619314,0.0,0.0,0.0,78.0,1.0,1.0
factory_prepolish_deep_defect,26,initial,0,1,4,0.0,0.0,0.07708097947094093,0.35490547805297434,0.06643561729600099,0.3190502182077028,0.0,0.0,0.0,47.25689405303981,0.0,0.0,0.0,78.0,1.0,1.0
factory_prepolish_deep_defect,26,initial,0,2,0,0.0,0.0,0.09355094233099451,0.41441200957242263,0.08698778650796717,0.37282628925726,0.0,0.0,0.0,44.723269038586984,0.0,0.0,0.0,75.65926347018237,0.8732709337870314,1.0
factory_prepolish_deep_defect,26,initial,0,2,1,0.0,0.0,0.07981681467646505,0.32503855361768075,0.07174566333102396,0.3055193260889816,0.0,0.0,0.0,44.57554412039576,0.0,0.0,0.0,78.0,1.0,1.0
factory_prepolish_deep_defect,26,initial,0,2,2,0.0,0.0,0.10758666262716093,0.3673273141876507,0.09555682320138875,0.3588409137023374,0.0,0.0,0.0,44.657316606645935,0.0,0.0,0.0,73.34372213893667,0.7589141432203595,1.0
factory_prepolish_deep_defect,26,initial,0,2,3,0.0,0.0,0.10834786503471067,0.48195355587460503,0.10554077587378118,0.4642773382158868,0.0,0.0,0.0,45.47403780777081,0.0,0.0,0.0,73.22121310267912,0.7531592016559466,1.0
factory_prepolish_deep_defect,26,initial,0,2,4,0.0,0.0,0.1093982429329874,0.44036805966042303,0.09037566925796074,0.4029219135835076,0.0,0.0,0.0,46.59279074730631,0.0,0.0,0.0,73.05267333735759,0.7452895865657171,1.0
factory_prepolish_deep_defect,26,initial,0,3,0,0.0,0.0,0.09920475136293878,0.3992483308459862,0.09017289167218498,0.3745421873335945,0.0,0.0,0.0,44.763764369915634,0.0,0.0,0.0,74.71347761297665,0.8252676560985706,1.0
factory_prepolish_deep_defect,26,initial,0,3,1,0.0,0.0,0.08071148583068602,0.33573224693326287,0.07727769897868281,0.32458825321857326,0.0,0.0,0.0,44.58828595110864,0.0,0.0,0.0,77.87445310348775,0.9929103923770013,1.0
factory_prepolish_deep_defect,26,initial,0,3,2,0.0,0.0,0.07324520749072075,0.33181552817602744,0.0693480173411192,0.3186314618785564,0.0,0.0,0.0,44.61595157424967,0.0,0.0,0.0,78.0,1.0,1.0
factory_prepolish_deep_defect,26,initial,0,3,3,0.0,0.0,0.07589422065453948,0.3876696678977313,0.0732103309891955,0.3732129125544185,0.0,0.0,0.0,44.966467141112574,0.0,0.0,0.0,78.0,1.0,1.0
factory_prepolish_deep_defect,26,initial,0,3,4,0.0,0.0,0.0929942405141988,0.3775725578117986,0.08478795311704639,0.37192761022810866,0.0,0.0,0.0,45.24467221952496,0.0,0.0,0.0,75.75335776065644,0.878146006158649,1.0
factory_prepolish_deep_defect,26,initial,0,4,0,0.0,0.0,0.07971343979961248,0.33212317022394316,0.0686089636553689,0.30961907637751457,0.0,0.0,0.0,44.69089945255277,0.0,0.0,0.0,78.0,1.0,1.0
factory_prepolish_deep_defect,26,initial,0,4,1,0.0,0.0,0.08046963307023637,0.3900055376160849,0.07168185792251912,0.36179363296586775,0.0,0.0,0.0,44.638689570657526,0.0,0.0,0.0,77.91709639831029,0.9953146798155813,1.0
factory_prepolish_deep_defect,26,initial,0,4,2,0.0,0.0,0.13470807178628777,0.48538194670428875,0.12253051120750104,0.4456464719394628,0.0,0.0,0.0,44.63821245107339,0.0,0.0,0.0,69.1649582229065,0.5786365504931914,1.0
factory_prepolish_deep_defect,26,initial,0,4,3,0.0,0.0,0.10405405005257182,0.4350303755338435,0.09237214528041918,0.40775547226538433,0.0,0.0,0.0,44.7478800125934,0.0,0.0,0.0,73.91635245978915,0.786202803176457,1.0
factory_prepolish_deep_defect,26,initial,0,4,4,0.0,0.0,0.10177369542447165,0.44351087146654306,0.0923891125319129,0.42016517760189903,0.0,0.0,0.0,43.36197265226435,0.0,0.0,0.0,74.28959129328283,0.8043369912730988,1.0
factory_prepolish_deep_defect,27,initial,0,0,0,0.0,0.0,0.0780475421942109,0.3361318888970334,0.07082390149844102,0.31803990079522826,0.0,0.0,0.0,43.915822593968095,0.0,0.0,0.0,78.0,1.0,1.0
factory_prepolish_deep_defect,27,initial,0,0,1,0.0,0.0,0.09582050669020091,0.38568446211203383,0.08560843097200448,0.35485792239244485,0.0,0.0,0.0,44.12655347383003,0.0,0.0,0.0,75.2774613026716,0.8536747035909161,1.0
factory_prepolish_deep_defect,27,initial,0,0,2,0.0,0.0,0.09331904315455994,0.40761718870242003,0.08488467740906548,0.3605748085144904,0.0,0.0,0.0,43.70412038784433,0.0,0.0,0.0,75.69843808075666,0.875298391811164,1.0
factory_prepolish_deep_defect,27,initial,0,0,3,0.0,0.0,0.08009010101148219,0.3769226075448432,0.06690657023583739,0.3466044314541034,0.0,0.0,0.0,42.9029487846318,0.0,0.0,0.0,77.98408454475548,0.9990993956729095,1.0
factory_prepolish_deep_defect,27,initial,0,0,4,0.0,0.0,0.09064321671999831,0.3958638608882651,0.08156534816515414,0.35776053720335776,0.0,0.0,0.0,42.4550844401288,0.0,0.0,0.0,76.15266151053365,0.8990360302241622,1.0
factory_prepolish_deep_defect,27,initial,0,1,0,0.0,0.0,0.08325970129897246,0.3648196596384954,0.07029708059342207,0.2938937223995814,0.0,0.0,0.0,45.08194758964932,0.0,0.0,0.0,77.42723680058157,0.9679285436344615,1.0
factory_prepolish_deep_defect,27,initial,0,1,1,0.0,0.0,0.07426624830899145,0.34751843360888346,0.06555782557748131,0.3107048971025944,0.0,0.0,0.0,44.645218851258726,0.0,0.0,0.0,78.0,1.0,1.0
factory_prepolish_deep_defect,27,initial,0,1,2,0.0,0.0,0.08902951424728472,0.3960960889713532,0.0835304925150259,0.3788449180001586,0.0,0.0,0.0,44.07143329106466,0.0,0.0,0.0,76.42855344570013,0.9136614851631313,1.0
factory_prepolish_deep_defect,27,initial,0,1,3,0.0,0.0,0.09485835102963527,0.3930127667496751,0.07897035051899871,0.33659293249330235,0.0,0.0,0.0,43.40209404035693,0.0,0.0,0.0,75.438969303932,0.8619280243001411,1.0
factory_prepolish_deep_defect,27,initial,0,1,4,0.0,0.0,0.06846224492965097,0.31188018225794684,0.05623621860689752,0.2712372031922236,0.0,0.0,0.0,42.821426567375376,0.0,0.0,0.0,78.0,1.0,1.0
factory_prepolish_deep_defect,27,initial,0,2,0,0.0,0.0,0.10244887580803744,0.48674216395789055,0.08649985657265521,0.3543364157547232,0.0,0.0,0.0,45.41916246218382,0.0,0.0,0.0,74.17878481347287,0.7989245580951068,1.0
factory_prepolish_deep_defect,27,initial,0,2,1,0.0,0.0,0.0742638123866971,0.3575555357965286,0.06805909090122132,0.33594957188966185,0.0,0.0,0.0,44.90422373172271,0.0,0.0,0.0,78.0,1.0,1.0
factory_prepolish_deep_defect,27,initial,0,2,2,0.0,0.0,0.09781993430765101,0.423371191632708,0.09368089542632943,0.40381874090265124,0.0,0.00021673182738712833,0.08669273095485133,44.745653645216656,0.0,0.0,0.0,64.87703076667934,0.8367756014391707,0.5090164558442276
factory_prepolish_deep_defect,27,initial,0,2,3,0.0,0.0,0.08340515446997591,0.464137945364378,0.07042868622292989,0.4088509424103885,0.0,0.002188798848974176,0.4964394233704047,44.523945239915044,0.0,0.0,0.0,57.10596133078142,0.966521684283503,0.22999469775647274
factory_prepolish_deep_defect,27,initial,0,2,4,0.0,0.0,0.07241247172750348,0.33610038089770977,0.0683905256125188,0.3267286733865479,0.0,0.0,0.0,44.01803135211506,0.0,0.0,0.0,78.0,1.0,1.0
factory_prepolish_deep_defect,27,initial,0,3,0,0.0,0.0,0.08225828600536364,0.3567758682508989,0.0744627706571299,0.33550920422031794,0.0,0.0,0.0,45.0068380901467,0.0,0.0,0.0,77.60253400242021,0.9776702240298034,1.0
factory_prepolish_deep_defect,27,initial,0,3,1,0.0,0.0,0.12847454522166477,0.6660460434797681,0.11620335965187133,0.6370516793490812,0.0,0.04860373820606137,0.8821753386426339,44.82186853566596,0.0,0.0,0.0,44.61901524792991,0.6158539410695492,0.08236188551414891
factory_prepolish_deep_defect,27,initial,0,3,2,0.0,0.0,0.2013321212177413,0.9805283250583089,0.1826390330003902,0.914353614593348,0.0,0.07031808695159096,0.9429587756653748,44.96421557181011,0.0,0.0,0.0,34.439154431567275,0.2972085458001071,0.01900685987691042
factory_prepolish_deep_defect,27,initial,0,3,3,0.0,0.0,0.09463418870271464,0.5396086917240024,0.08846610508748248,0.5211543730204529,0.0,0.00500874870508953,0.850361864254366,45.38703895635597,0.0,0.0,0.0,49.561099599387816,0.8638623093750483,0.11520498824580472
factory_prepolish_deep_defect,27,initial,0,3,4,0.0,0.0,0.08681944529488071,0.36820579382600777,0.07603934117886249,0.3344299274736853,0.0,0.0,0.0,45.19133773765028,0.0,0.0,0.0,76.8088212534876,0.9340788215351326,1.0
factory_prepolish_deep_defect,27,initial,0,4,0,0.0,0.0,0.10470354427807776,0.39820733656250873,0.08817212444727904,0.36350416595490964,0.0,0.0,0.0,44.904772264592516,0.0,0.0,0.0,73.810564054522,0.7811130082236442,1.0
factory_prepolish_deep_defect,27,initial,0,4,1,0.0,0.0,0.08097313945065465,0.33995487968445537,0.068840581052281,0.32388742423665084,0.0,0.0,0.0,44.81870789115305,0.0,0.0,0.0,77.82835723480005,0.9903158022920125,1.0
factory_prepolish_deep_defect,27,initial,0,4,2,0.0,0.0,0.06300388943518564,0.26380086329559327,0.05651158227382267,0.2614812128291705,0.0,0.0,0.0,45.05675566128189,0.0,0.0,0.0,78.0,1.0,1.0
factory_prepolish_deep_defect,27,initial,0,4,3,0.0,0.0,0.074175558055254,0.33092962970582585,0.07094370440953927,0.3111069302166363,0.0,0.0,0.0,46.010814882104434,0.0,0.0,0.0,78.0,1.0,1.0
factory_prepolish_deep_defect,27,initial,0,4,4,0.0,0.0,0.09211035154041694,0.41247870993989677,0.07975392015452559,0.36043136858949976,0.0,0.0,0.0,45.76115412325022,0.0,0.0,0.0,75.9031127079267,0.8859422461763982,1.0
factory_prepolish_deep_defect,28,initial,0,0,0,0.0,0.0,0.0771871347428196,0.3430456849167194,0.06770814293361195,0.3382977844926771,0.0,0.0,0.0,45.12206957099886,0.0,0.0,0.0,78.0,1.0,1.0
factory_prepolish_deep_defect,28,initial,0,0,1,0.0,0.0,0.10720631699967723,0.4368628515696703,0.09578987238624617,0.4001106671621454,0.0,0.0,0.0,44.99934344626178,0.0,0.0,0.0,73.40505208612322,0.7618061362786617,1.0
factory_prepolish_deep_defect,28,initial,0,0,2,0.0,0.0,0.09707659922864326,0.42671447890797265,0.08062979587326716,0.3824474129176323,0.0,0.0,0.0,45.39896589173751,0.0,0.0,0.0,75.06739090933831,0.8430188232990639,1.0
factory_prepolish_deep_defect,28,initial,0,0,3,0.0,0.0,0.10029788831261456,0.45835625783902234,0.09072346315392857,0.44191851602108495,0.0,0.0,0.0,46.66228632218473,0.0,0.0,0.0,74.53266177623897,0.8162954788522638,1.0
factory_prepolish_deep_defect,28,initial,0,0,4,0.0,0.0,0.09866893705729435,0.42587632833845135,0.0866828338733513,0.37004381261492664,0.0,0.0,0.0,44.65623599759367,0.0,0.0,0.0,74.80234759399214,0.8297014260389356,1.0
factory_prepolish_deep_defect,28,initial,0,1,0,0.0,0.0,0.1441351197526186,0.6908413879724981,0.1388750287839722,0.662416484641936,0.0,0.06491777284461135,0.8111506812480997,45.19391091842241,0.0,0.0,0.0,46.2208983101216,0.5265804289554317,0.12189867078284222
factory_prepolish_deep_defect,28,initial,0,1,1,0.0,0.0,0.10073686686009137,0.4999110164576508,0.08681712229735435,0.4857157878853357,0.0,0.00868156540890441,0.814111216168127,45.18701931002236,0.0,0.0,0.0,38.338899858545496,0.8127199704153134,0.019615143786363087
factory_prepolish_deep_defect,28,initial,0,1,2,0.0,0.0,0.10442812603952926,0.4773068605914049,0.09621460100781819,0.41890410768868624,0.0,0.0,0.0,46.02487323054771,0.0,0.0,0.0,73.85539569570746,0.7832673012080764,1.0
factory_prepolish_deep_defect,28,initial,0,1,3,0.0,0.0,0.10813455090475578,0.45394777035149664,0.09857398534821392,0.4230062017711613,0.0,0.0,0.0,47.525480536953275,0.0,0.0,0.0,73.25551284932956,0.7547675114202681,1.0
factory_prepolish_deep_defect,28,initial,0,1,4,0.0,0.0,0.07932651672994058,0.3527284972314991,0.0698006266537443,0.32594042430725567,0.0,0.0,0.0,46.53719611682371,0.0,0.0,0.0,78.0,1.0,1.0
factory_prepolish_deep_defect,28,initial,0,2,0,0.0,0.0,0.11365630131486668,0.5808149714646913,0.10405945709398927,0.5584375582962819,0.0,0.00669435438997666,0.7173631777743129,45.46917833684296,0.0,0.0,0.0,51.65499015690547,0.7142208768518646,0.17810472045522896
factory_prepolish_deep_defect,28,initial,0,2,1,0.0,0.0,0.11250766455246794,0.467196489364408,0.10312442774685121,0.4437350913612107,0.0,0.0,0.0,45.45601992154641,0.0,0.0,0.0,72.55719213516153,0.7224719772761595,1.0
factory_prepolish_deep_defect,28,initial,0,2,2,0.0,0.0,0.11590049926242627,0.45003537040526276,0.11154426512192121,0.43703183987016914,0.0,0.0,0.0,45.95117851689976,0.0,0.0,0.0,72.02237643041856,0.6983708646395466,1.0
factory_prepolish_deep_defect,28,initial,0,2,3,0.0,0.0,0.08491202971166674,0.44114680412619084,0.08253024937476118,0.41675760427974584,0.0,0.0,0.0,46.929748076715526,0.0,0.0,0.0,77.13927383430749,0.952066591943476,1.0
factory_prepolish_deep_defect,28,initial,0,2,4,0.0,0.0,0.10550157978375545,0.4084647908353454,0.09311719666842172,0.3957255535623372,0.0,0.0,0.0,47.95077941350996,0.0,0.0,0.0,73.68089472164667,0.774904256052826,1.0
factory_prepolish_deep_defect,28,initial,0,3,0,0.0,0.0,0.10344734923929769,0.4723271127985887,0.09552758822117405,0.4482574424787617,0.0,0.0,0.0,45.87249136011958,0.0,0.0,0.0,74.01537786008998,0.790987200791365,1.0
factory_prepolish_deep_defect,28,initial,0,3,1,0.0,0.0,0.11746571144307869,0.45357633796184604,0.11154014986562748,0.4500817615495136,0.0,0.0,0.0,45.716561879838274,0.0,0.0,0.0,71.7776819954968,0.6875249807736395,1.0
factory_prepolish_deep_defect,28,initial,0,3,2,0.0,0.0,0.07940319623635678,0.3919555767655741,0.07234673674452663,0.35427517639366846,0.0,0.0,0.0,45.53545682149969,0.0,0.0,0.0,78.0,1.0,1.0
factory_prepolish_deep_defect,28,initial,0,3,3,0.0,0.0,0.11994789188808358,0.5308504740794645,0.10895919433996312,0.414567978474974,0.0,0.0,0.0,45.52770279517578,0.0,0.0,0.0,71.39224325017904,0.6706694281757386,1.0
factory_prepolish_deep_defect,28,initial,0,3,4,0.0,0.0,0.09211646830043144,0.40113029723812277,0.08310974469925674,0.3821575084961796,0.0,0.0,0.0,45.76235324681481,0.0,0.0,0.0,75.90207484475926,0.8858880568726641,1.0
factory_prepolish_deep_defect,28,initial,0,4,0,0.0,0.0,0.09674827967482322,0.38462652905842964,0.08837165496480295,0.3609761799392702,0.0,0.0,0.0,46.61762831461098,0.0,0.0,0.0,75.12221458148667,0.845791167522086,1.0
factory_prepolish_deep_defect,28,initial,0,4,1,0.0,0.0,0.09758837800800244,0.42588801677004695,0.09056831877843834,0.3983678902973409,0.0,0.0,0.0,45.9390576224141,0.0,0.0,0.0,74.98205229350445,0.8387154531158428,1.0
factory_prepolish_deep_defect,28,initial,0,4,2,0.0,0.0,0.09627128929819709,0.5663978690599735,0.0828858736891278,0.36265177171720125,0.0,0.0,0.0,45.04338281271135,0.0,0.0,0.0,75.20197068287467,0.8498351470266788,1.0
factory_prepolish_deep_defect,28,initial,0,4,3,0.0,0.0,0.10590499711318241,0.4418433974223124,0.09865342971689334,0.4112593174401853,0.0,0.0,0.0,43.83535549464998,0.0,0.0,0.0,73.61547632788502,0.7717844551373231,1.0
factory_prepolish_deep_defect,28,initial,0,4,4,0.0,0.0,0.09643502893986426,0.4437438857409228,0.09333118949915875,0.4364616473101883,0.0,0.0,0.0,43.73662265295658,0.0,0.0,0.0,75.17457798337068,0.8484447686131332,1.0
factory_prepolish_deep_defect,29,initial,0,0,0,0.0,0.0,0.13083261390981726,0.5343759374226847,0.11717411360782898,0.49540054906204,0.0,0.0,0.0,43.86456082964495,0.0,0.0,0.0,69.73919071101096,0.6015015665902824,1.0
factory_prepolish_deep_defect,29,initial,0,0,1,0.0,0.0,0.09892888738220967,0.4942521753653233,0.09084174714549974,0.3650231822838824,0.0,0.0,0.0,43.44030260410332,0.0,0.0,0.0,74.75921249686655,0.8275474153779385,1.0
factory_prepolish_deep_defect,29,initial,0,0,2,0.0,0.0,0.09380666144476478,0.43081515067682197,0.07910996894901054,0.3915890620105351,0.0,0.0,0.0,43.45150987575475,0.0,0.0,0.0,75.61610006244698,0.8710406659203016,1.0
factory_prepolish_deep_defect,29,initial,0,0,3,0.0,0.0,0.09601430206489626,0.43672170270893795,0.08394080081494464,0.4042126996231809,0.0,0.0,0.0,44.33264924922513,0.0,0.0,0.0,75.24499332586727,0.852021923523349,1.0
factory_prepolish_deep_defect,29,initial,0,0,4,0.0,0.0,0.06942482877383341,0.3133196268491494,0.06349660264284879,0.2873879543777116,0.0,0.0,0.0,45.87971117546078,0.0,0.0,0.0,78.0,1.0,1.0
factory_prepolish_deep_defect,29,initial,0,1,0,0.0,0.0,0.09333086964030453,0.45333056550214146,0.08091951444659884,0.40901030542158,0.0,0.0,0.0,43.74883341589081,0.0,0.0,0.0,75.69643950563301,0.8751948808926064,1.0
factory_prepolish_deep_defect,29,initial,0,1,1,0.0,0.0,0.08164709032857631,0.4050801930281772,0.073691362445393,0.3603613045343407,0.0,0.0,0.0,43.488256127983,0.0,0.0,0.0,77.7098113823333,0.983664000364606,1.0
factory_prepolish_deep_defect,29,initial,0,1,2,0.0,0.0,0.10759778125909997,0.48191536722290584,0.09704793090145909,0.43729288603955563,0.0,0.0,0.0,43.50193420846282,0.0,0.0,0.0,73.34193045196196,0.758829767040867,1.0
factory_prepolish_deep_defect,29,initial,0,1,3,0.0,0.0,0.11448023974012629,0.6313923701012328,0.0958589411625464,0.5387101204178025,0.0,0.0,0.0,44.34266490998557,0.0,0.0,0.0,72.24551747025316,0.7083603134778992,1.0
factory_prepolish_deep_defect,29,initial,0,1,4,0.0,0.0,0.09355809003233632,0.43356226710914114,0.08412005343661172,0.4042078967532247,0.0,0.0,0.0,45.75823795057128,0.0,0.0,0.0,75.65805649360934,0.8732085172194808,1.0
factory_prepolish_deep_defect,29,initial,0,2,0,0.0,0.0,0.11535530001780776,0.45137196756921216,0.09408015294431704,0.417330646347692,0.0,0.0,0.0,43.647046065187254,0.0,0.0,0.0,72.10790934137535,0.7021887754716746,1.0
factory_prepolish_deep_defect,29,initial,0,2,1,0.0,0.0,0.09893785443101696,0.39653172460804664,0.08852311570782108,0.35902957333147556,0.0,0.0,0.0,44.08905554735076,0.0,0.0,0.0,74.7577252081374,0.8274732121242688,1.0
factory_prepolish_deep_defect,29,initial,0,2,2,0.0,0.0,0.11894108999833161,0.4639327260850443,0.10445400582245835,0.4556782439076493,0.0,0.0,0.0,44.4573163601021,0.0,0.0,0.0,71.54819745603493,0.6774558462198133,1.0
factory_prepolish_deep_defect,29,initial,0,2,3,0.0,0.0,0.10792250519218337,0.4168357648392217,0.09018546199251815,0.3645411099037348,0.0,0.0,0.0,45.224607202860334,0.0,0.0,0.0,73.28963282159106,0.7563696616132034,1.0
factory_prepolish_deep_defect,29,initial,0,2,4,0.0,0.0,0.11975997095645025,0.41681228463247066,0.10809110416855681,0.3968108674963058,0.0,0.0,0.0,45.55940801083145,0.0,0.0,0.0,71.42131259903417,0.6719309413657708,1.0
factory_prepolish_deep_defect,29,initial,0,3,0,0.0,0.0,0.08418665600264726,0.38534119291868385,0.07694225385147814,0.36047351624050383,0.0,0.0,0.0,43.49497368014246,0.0,0.0,0.0,77.26549456296655,0.9589977406679264,1.0
factory_prepolish_deep_defect,29,initial,0,3,1,0.0,0.0,0.10137110761003855,0.39203331563464916,0.08741161387035355,0.3592185401542162,0.0,0.0,0.0,44.41469217785151,0.0,0.0,0.0,74.35578032428886,0.8075816809671938,1.0
factory_prepolish_deep_defect,29,initial,0,3,2,0.0,0.0,0.08280329118942817,0.3923703629740706,0.07636508259367741,0.3668414563934488,0.0,0.0,0.0,45.19513365615697,0.0,0.0,0.0,77.5070585739303,0.9723563641847542,1.0
factory_prepolish_deep_defect,29,initial,0,3,3,0.0,0.0,0.09125321969387276,0.4279145025568257,0.08275400332838632,0.39740493017612755,0.0,0.0,0.0,45.76899402563283,0.0,0.0,0.0,76.04875626503772,0.8935685764726493,1.0
factory_prepolish_deep_defect,29,initial,0,3,4,0.0,0.0,0.10956258820489913,0.5596435592327654,0.08973809345109654,0.3649811847987202,0.0,0.0,0.0,45.10019613518855,0.0,0.0,0.0,73.02635644755738,0.7440657443070499,1.0
factory_prepolish_deep_defect,29,initial,0,4,0,0.0,0.0,0.08965414700022384,0.39308584527407375,0.07762938318651683,0.3587086406895321,0.0,0.0,0.0,42.308119439972394,0.0,0.0,0.0,76.3215849812932,0.9079722432080332,1.0
factory_prepolish_deep_defect,29,initial,0,4,1,0.0,0.0,0.09157398416654144,0.43747354893880297,0.07870946214861062,0.39859866488091733,0.0,0.0,0.0,43.289166504816386,0.0,0.0,0.0,75.99420334335431,0.8907069179859007,1.0
factory_prepolish_deep_defect,29,initial,0,4,2,0.0,0.0,0.09511225756019258,0.47922385310971427,0.08890952447945542,0.4557335294924777,0.0,0.006695805808766425,0.546966675132908,44.269968488688015,0.0,0.0,0.0,57.77561399767995,0.8597423087692244,0.2750784703007587
factory_prepolish_deep_defect,29,initial,0,4,3,0.0,0.0,0.12046083608124061,0.6305820643280973,0.11704174907898814,0.6109111693448381,0.0,0.03829532977342031,0.7009594094841549,44.58912834397959,0.0,0.0,0.0,44.23722472273056,0.6672380762723708,0.07166693388617307
factory_prepolish_deep_defect,29,initial,0,4,4,0.0,0.0,0.08267291180654128,0.38003393984605754,0.07091619591080739,0.34172749830203,0.0,0.0,0.0,43.67740046973224,0.0,0.0,0.0,77.52988299294074,0.9736249432148927,1.0
factory_prepolish_deep_defect,30,initial,0,0,0,0.0,0.0,0.12197808026416404,0.6076702025047572,0.11777181779258063,0.5700544552234716,0.0,0.0257469040249122,0.454100010040005,45.42322682926683,0.0,0.0,0.0,25.460793531773035,0.6571908585281548,0.0
factory_prepolish_deep_defect,30,initial,0,0,1,0.0,0.0,0.07980792408512936,0.3335430939343715,0.072578995140423,0.3182464535902716,0.0,0.0,0.0,45.09108578942835,0.0,0.0,0.0,78.0,1.0,1.0
factory_prepolish_deep_defect,30,initial,0,0,2,0.0,0.0,0.08876882420309212,0.3755434989468699,0.08044216724546686,0.3611246510634104,0.0,0.0,0.0,44.91132442415643,0.0,0.0,0.0,76.47326257449647,0.9160464169818275,1.0
factory_prepolish_deep_defect,30,initial,0,0,3,0.0,0.0,0.13363295695760236,0.6186072822429546,0.11224679703967257,0.4622900078644646,0.0,0.0,0.0,44.58439890983727,0.0,0.0,0.0,69.32351683938762,0.584891119505644,1.0
factory_prepolish_deep_defect,30,initial,0,0,4,0.0,0.0,0.08756860330086574,0.37498547135540905,0.08074269636084125,0.36040197305216737,0.0,0.0,0.0,43.38776438168223,0.0,0.0,0.0,76.67960601427876,0.927107241940644,1.0
factory_prepolish_deep_defect,30,initial,0,1,0,0.0,0.0,0.12573673434494329,0.501969145753072,0.11518423321662599,0.4794519581324508,0.0,5.37770980294403e-05,0.02151083921177612,45.682511647800524,0.0,0.0,0.0,67.75717484034192,0.6329477881283581,0.8295288783954571
factory_prepolish_deep_defect,30,initial,0,1,1,0.0,0.0,0.11681494062153071,0.45405914154127314,0.10902470846120574,0.42602365334415127,0.0,0.0,0.0,44.29020845980632,0.0,0.0,0.0,71.87926396844429,0.6920137828044757,1.0
factory_prepolish_deep_defect,30,initial,0,1,2,0.0,0.0,0.12240276989447593,0.6235138312362314,0.1181911836697142,0.5969691771629781,0.0,0.011616310039248874,0.8273456853207561,43.65720265111447,0.0,0.0,0.0,25.46014167915811,0.6544057553089494,0.0
factory_prepolish_deep_defect,30,initial,0,1,3,0.0,0.0,0.16133985602309614,0.8107408833589258,0.14973128657485238,0.7607321018499439,0.0,0.04845342494710348,0.7824028646119647,43.65511055604109,0.0,0.0,0.0,31.164068358169576,0.44334875548511626,0.0035483727583075497
factory_prepolish_deep_defect,30,initial,0,1,4,0.0,0.0,0.09744950672139095,0.3717379448912691,0.08723705506801586,0.35311965014185887,0.0,0.0,0.0,43.95096791748428,0.0,0.0,0.0,75.00519455578237,0.8398809971722928,1.0
factory_prepolish_deep_defect,30,initial,0,2,0,0.0,0.0,0.10453888185976044,0.45215101733641094,0.09513817131968307,0.41573850053206085,0.0,0.0,0.0,44.73808105741336,0.0,0.0,0.0,73.83736229334275,0.7824002673179006,1.0
factory_prepolish_deep_defect,30,initial,0,2,1,0.0,0.0,0.12706058850178298,0.48995173790718616,0.11479469591134212,0.4643872208960086,0.0,0.0,0.0,43.21598200357485,0.0,0.0,0.0,70.30526655451044,0.6246237034671945,1.0
factory_prepolish_deep_defect,30,initial,0,2,2,0.0,0.0,0.10748115131385891,0.4037943248297162,0.0864904098854441,0.32903119219667964,0.0,0.0,0.0,42.08723632916272,0.0,0.0,0.0,73.3607278279583,0.7597153060841104,1.0
factory_prepolish_deep_defect,30,initial,0,2,3,0.0,0.0,0.12724117742599986,0.4754622903084127,0.11552478374909399,0.4890372411839474,0.0,0.0,0.0,42.020321299401274,0.0,0.0,0.0,70.27800266343351,0.6234967201505032,1.0
factory_prepolish_deep_defect,30,initial,0,2,4,0.0,0.0,0.08714714146185853,0.41684761687225946,0.08128698039996446,0.3969382832550138,0.0,0.0,0.0,42.5662703966436,0.0,0.0,0.0,76.7522603099841,0.9310228908589259,1.0
factory_prepolish_deep_defect,30,initial,0,3,0,0.0,0.0,0.12720589942081217,0.525962796293612,0.11225923604892303,0.4958608616492191,0.0,0.01826370558015904,0.44951541096511877,44.693048778233845,0.0,0.0,0.0,25.452833273685453,0.6237167161586029,0.0
factory_prepolish_deep_defect,30,initial,0,3,1,0.0,0.0,0.08311775149712908,0.3077631195305692,0.07317703932284504,0.2880062050588508,0.0,0.0,0.0,43.16404008228389,0.0,0.0,0.0,77.45204945662144,0.9693034919214467,1.0
factory_prepolish_deep_defect,30,initial,0,3,2,0.0,0.0,0.08418830009543385,0.31252328774392046,0.07712915173518244,0.30424113527599533,0.0,0.0,0.0,41.81851750918058,0.0,0.0,0.0,77.2652081326761,0.9589819739848583,1.0
factory_prepolish_deep_defect,30,initial,0,3,3,0.0,0.0,0.14502543714950825,0.7545963855315568,0.11711026164026357,0.44375797709972864,0.0,0.0,0.0,41.64845505076892,0.0,0.0,0.0,67.67189284849951,0.5219130000842968,1.0
factory_prepolish_deep_defect,30,initial,0,3,4,0.0,0.0,0.11445631354521847,0.3545934926177273,0.10143668191355584,0.34158794800737524,0.0,0.0,0.0,42.192085101393666,0.0,0.0,0.0,72.24928563871276,0.7085298174242652,1.0
factory_prepolish_deep_defect,30,initial,0,4,0,0.0,0.0,0.10021227811916543,0.4365691757868596,0.08818557054200923,0.3946026810007991,0.0,0.0,0.0,45.080965179808565,0.0,0.0,0.0,74.54679879578704,0.8169946102119805,1.0
factory_prepolish_deep_defect,30,initial,0,4,1,0.0,0.0,0.10487823129791321,0.40679676943472964,0.09439193276084343,0.40485231244886366,0.0,0.0,0.0,43.60009881282717,0.0,0.0,0.0,73.78215042124246,0.7797496962992024,1.0
factory_prepolish_deep_defect,30,initial,0,4,2,0.0,0.0,0.08363107203951696,0.3601602223622889,0.06971579440285282,0.3196724802201659,0.0,0.0,0.0,41.9982635525047,0.0,0.0,0.0,77.36237714797508,0.964340606631755,1.0
factory_prepolish_deep_defect,30,initial,0,4,3,0.0,0.0,0.12777404300524253,0.4978069998258534,0.11278451070493264,0.46559586798853075,0.0,0.0,0.0,41.741245000991356,0.0,0.0,0.0,70.19765041575016,0.6201831570004478,1.0
factory_prepolish_deep_defect,30,initial,0,4,4,0.0,0.0,0.10621051703805595,0.4776196633830009,0.10236520964830975,0.4734035010653815,0.0,0.0,0.0,42.236187224820156,0.0,0.0,0.0,73.56599154089129,0.7694300981959258,1.0
factory_prepolish_deep_defect,31,initial,0,0,0,0.0,0.0,0.08079542723316414,0.32728733841855884,0.07418024901036205,0.3036678870168737,0.0,0.0,0.0,46.734153987512904,0.0,0.0,0.0,77.85966065391997,0.9920772791806584,1.0
factory_prepolish_deep_defect,31,initial,0,0,1,0.0,0.0,0.11287760097991921,0.5159611872643539,0.09462824113915323,0.39527048413861976,0.0,0.0,0.0,45.17626010960938,0.0,0.0,0.0,72.49858448523543,0.7198042277850789,1.0
factory_prepolish_deep_defect,31,initial,0,0,2,0.0,0.0,0.0778778241166743,0.32145582842839704,0.06853575686347244,0.3038171039402581,0.0,0.0,0.0,44.10090973606964,0.0,0.0,0.0,78.0,1.0,1.0
factory_prepolish_deep_defect,31,initial,0,0,3,0.0,0.0,0.0688744908210476,0.3140639824393484,0.062307657594976806,0.28775844678403273,0.0,0.0,0.0,44.00373428296009,0.0,0.0,0.0,78.0,1.0,1.0
factory_prepolish_deep_defect,31,initial,0,0,4,0.0,0.0,0.09875132563258467,0.5075324443456584,0.07692910493393704,0.3318589938849265,0.0,0.0,0.0,43.72107810052429,0.0,0.0,0.0,74.78867232367354,0.8290181283731157,1.0
factory_prepolish_deep_defect,31,initial,0,1,0,0.0,0.0,0.10453018769416697,0.3869398176606312,0.09630917960510813,0.3663314966857394,0.0,0.0,0.0,45.43303738999348,0.0,0.0,0.0,73.83877764756795,0.7824682934498545,1.0
factory_prepolish_deep_defect,31,initial,0,1,1,0.0,0.0,0.10482700014072358,0.5034417919933436,0.09083910991037689,0.4378417989357747,0.0,0.0,0.0,45.426889305042174,0.0,0.0,0.0,73.79048168597703,0.7801492734370554,1.0
factory_prepolish_deep_defect,31,initial,0,1,2,0.0,0.0,0.09075085245187141,0.39446622602791925,0.08447585083654144,0.3705248273999119,0.0,0.0,0.0,45.00765615195116,0.0,0.0,0.0,76.13431195531368,0.8980688668133107,1.0
factory_prepolish_deep_defect,31,initial,0,1,3,0.0,0.0,0.10490688286749787,0.476127754218255,0.09130090736870494,0.36684902476770687,0.0,0.0,0.0,44.172793622133995,0.0,0.0,0.0,73.7774916931215,0.7795263177746359,1.0
factory_prepolish_deep_defect,31,initial,0,1,4,0.0,0.0,0.10200542558299212,0.443921354274151,0.09586144915634445,0.4224124702765034,0.0,0.0,0.0,43.651608724104285,0.0,0.0,0.0,74.25153304456913,0.8024752578202317,1.0
factory_prepolish_deep_defect,31,initial,0,2,0,0.0,0.0,0.08425097538771543,0.3401491882144818,0.07156046609259463,0.3122006867529644,0.0,0.0,0.0,43.50704457197441,0.0,0.0,0.0,77.25429014920924,0.95838111754367,1.0
factory_prepolish_deep_defect,31,initial,0,2,1,0.0,0.0,0.06025791833725497,0.350426683024211,0.05719336965085823,0.3152410815147956,0.0,0.0,0.0,44.12698945115558,0.0,0.0,0.0,78.0,1.0,1.0
factory_prepolish_deep_defect,31,initial,0,2,2,0.0,0.0,0.08707516908251588,0.3796533450013432,0.08211595181678068,0.3743033638574486,0.0,0.0,0.0,45.058519793303745,0.0,0.0,0.0,76.76467757712787,0.9316932113795802,1.0
factory_prepolish_deep_defect,31,initial,0,2,3,0.0,0.0,0.09153250206527686,0.39581994275673654,0.0829427409254678,0.35786676271747325,0.0,0.0,0.0,44.40694131498068,0.0,0.0,0.0,76.00125498656138,0.8910764785770403,1.0
factory_prepolish_deep_defect,31,initial,0,2,4,0.0,0.0,0.08648095102166053,0.3727991179667607,0.07792296755405866,0.3501811315049477,0.0,0.0,0.0,43.779423602624355,0.0,0.0,0.0,76.8673108756079,0.9372459821579905,1.0
factory_prepolish_deep_defect,31,initial,0,3,0,0.0,0.0,0.08996854647049926,0.38453455620640253,0.08289344713431313,0.3757064559783391,0.0,0.0,0.0,43.108736052565526,0.0,0.0,0.0,76.26782822426713,0.9051220661037604,1.0
factory_prepolish_deep_defect,31,initial,0,3,1,0.0,0.0,0.07501660070900117,0.3249071887698333,0.07090245467945826,0.31944183907096635,0.0,0.0,0.0,44.07864673062308,0.0,0.0,0.0,78.0,1.0,1.0
factory_prepolish_deep_defect,31,initial,0,3,2,0.0,0.0,0.0893350685551939,0.3468421668438302,0.0756897530644666,0.31709136331353394,0.0,0.0,0.0,45.0590956112268,0.0,0.0,0.0,76.376199391721,0.9108740139234677,1.0
factory_prepolish_deep_defect,31,initial,0,3,3,0.0,0.0,0.08758981346050673,0.37136494563192846,0.07509582688714829,0.3252837557785303,0.0,0.0,0.0,45.08921559202368,0.0,0.0,0.0,76.67595236779184,0.9269106218670381,1.0
factory_prepolish_deep_defect,31,initial,0,3,4,0.0,0.0,0.06768174616937932,0.30788701397536616,0.05906469981304388,0.2829952646420656,0.0,0.0,0.0,44.729911532946865,0.0,0.0,0.0,78.0,1.0,1.0
factory_prepolish_deep_defect,31,initial,0,4,0,0.0,0.0,0.09676515811670303,0.3716521820711826,0.0853767547766741,0.3485799975914009,0.0,0.0,0.0,43.36764660242255,0.0,0.0,0.0,75.11939471119345,0.845648423198299,1.0
factory_prepolish_deep_defect,31,initial,0,4,1,0.0,0.0,0.08424245225972939,0.3750388430100907,0.08107538083069825,0.36200368763243634,0.0,0.0,0.0,44.868512574898155,0.0,0.0,0.0,77.2557747369739,0.9584628050740293,1.0
factory_prepolish_deep_defect,31,initial,0,4,2,0.0,0.0,0.10533927774010103,0.5431687639601992,0.09264113793626523,0.5151166322762815,0.0,0.009531720446675863,0.8166321237346368,45.86112656791753,0.0,0.0,0.0,41.984680438611534,0.7761629626737429,0.04240251502239234
factory_prepolish_deep_defect,31,initial,0,4,3,0.0,0.0,0.12546381655088223,0.6470924823929729,0.11108171799062695,0.6083799582676451,0.0,0.035484394155166056,0.7608119211577188,46.520651423636835,0.0,0.0,0.0,45.85096150056208,0.6346775746431952,0.09593951019971936
factory_prepolish_deep_defect,31,initial,0,4,4,0.0,0.0,0.1031905505871014,0.41282506730088986,0.09919013001350369,0.40451669701467174,0.0,0.0,0.0,46.66206637609205,0.0,0.0,0.0,74.05735276593025,0.7930210556002135,1.0
factory_prepolish_deep_stress,32,initial,0,0,0,0.0,0.0,0.09050923776326365,0.3774692559564539,0.08340612412311423,0.3556045224738903,0.0,0.0,0.0,42.674382980523546,0.0,0.0,0.0,76.17551121319735,0.9002413565796631,1.0
factory_prepolish_deep_stress,32,initial,0,0,1,0.0,0.0,0.1016413633417058,0.38267492144851867,0.08426249979523107,0.35228648153345676,0.0,0.0,0.0,42.592000856749685,0.0,0.0,0.0,74.31133807017241,0.8054020917454943,1.0
factory_prepolish_deep_stress,32,initial,0,0,2,0.0,0.0,0.12586039644385455,0.62765461202307,0.11168807255876782,0.588749482682934,0.0,0.019973171782123666,1.1774504062901585,43.02000158873774,0.0,0.0,0.0,40.682437274237046,0.6321655553709538,0.040980970569780784
factory_prepolish_deep_stress,32,initial,0,0,3,0.0,0.0,0.19738998410461497,1.4412948097357612,0.18527131579263947,1.3492937568026218,0.0,0.09203383367527249,1.185413022920324,44.451069188214554,0.0,0.0,0.0,37.57561987023135,0.3091589166116808,0.04320945794721143
factory_prepolish_deep_stress,32,initial,0,0,4,0.0,0.0,0.09991351831398658,0.4186983064437464,0.08142036302001054,0.36870534464400695,0.0,0.0,0.0,45.620548081169886,0.0,0.0,0.0,74.59616534612692,0.8194391114931554,1.0
factory_prepolish_deep_stress,32,initial,0,1,0,0.0,0.0,0.09868640838440741,0.41087695459481755,0.0909455385189462,0.38383019234122373,0.0,0.0,0.0,42.67153491657441,0.0,0.0,0.0,74.79944730142685,0.829556478851198,1.0
factory_prepolish_deep_stress,32,initial,0,1,1,0.0,0.0,0.0801464121463911,0.3565021872110379,0.07382466542721908,0.3166459669578111,0.0,0.0,0.0,42.585946685238504,0.0,0.0,0.0,77.9741401649741,0.9985369498390166,1.0
factory_prepolish_deep_stress,32,initial,0,1,2,0.0,0.0,0.0789355400768328,0.36801193508370256,0.0702567065521379,0.33814502338922325,0.0,0.0,0.0,43.01711314040112,0.0,0.0,0.0,78.0,1.0,1.0
factory_prepolish_deep_stress,32,initial,0,1,3,0.0,0.0,0.0721229822743326,0.3090455182685839,0.062673228482379,0.2875395136459675,0.0,0.0,0.0,44.481825926538804,0.0,0.0,0.0,78.0,1.0,1.0
factory_prepolish_deep_stress,32,initial,0,1,4,0.0,0.0,0.08662708407053163,0.3961456604661099,0.08136186008111572,0.3697004419030006,0.0,0.0,0.0,45.84623298497408,0.0,0.0,0.0,76.84205193380097,0.9358773562797598,1.0
factory_prepolish_deep_stress,32,initial,0,2,0,0.0,0.0,0.0832893786878897,0.3661343604845341,0.0731080956957117,0.3238892775644733,0.0,0.0,0.0,42.814167658845086,0.0,0.0,0.0,77.42205071211379,0.9676413303369378,1.0
factory_prepolish_deep_stress,32,initial,0,2,1,0.0,0.0,0.10655212548903664,0.4232679496279206,0.09448150936913681,0.39058271891784613,0.0,0.0,0.0,42.70484160849521,0.0,0.0,0.0,73.51072117110363,0.7668061443318887,1.0
factory_prepolish_deep_stress,32,initial,0,2,2,0.0,0.0,0.09435299620732351,0.4948792220953717,0.0804748873959834,0.4463557808184836,0.0,0.008377812456992982,0.37319012487791736,43.20158910170933,0.0,0.0,0.0,25.505240061613677,0.8662948438088398,0.0
factory_prepolish_deep_stress,32,initial,0,2,3,0.0,0.0,0.08719244081676308,0.3898736936247844,0.0806642683045527,0.36280683252396917,0.0,0.0,0.0,44.66410482227358,0.0,0.0,0.0,76.74444641991624,0.9306012390053482,1.0
factory_prepolish_deep_stress,32,initial,0,2,4,0.0,0.0,0.10411726418950983,0.41358539018858853,0.09215874201555145,0.3820545009398973,0.0,0.0,0.0,45.510399819507256,0.0,0.0,0.0,73.9060461956536,0.7857059689111376,1.0
factory_prepolish_deep_stress,32,initial,0,3,0,0.0,0.0,0.11732886088920497,0.6316290846382315,0.09988666458875382,0.4457719915112386,0.0,0.005254640223151955,0.2571394717594135,42.70329070827308,0.0,0.0,0.0,51.59586339075335,0.6884665066125698,0.18354047647649918
factory_prepolish_deep_stress,32,initial,0,3,1,0.0,0.0,0.10525695753149593,0.33997749579858927,0.08821778491657539,0.33234890349547186,0.0,0.0,0.0,42.60561189122507,0.0,0.0,0.0,73.72060567678125,0.7768021647038569,1.0
factory_prepolish_deep_stress,32,initial,0,3,2,0.0,0.0,0.11341772926309916,0.5945872118852376,0.10235533051002157,0.5649881159387379,0.0,0.026450212925274025,0.4517557275410656,43.06463538918965,0.0,0.0,0.0,25.47413143660354,0.7159268424213046,0.0
factory_prepolish_deep_stress,32,initial,0,3,3,0.0,0.0,0.10151970087176415,0.5250349226921115,0.08870284461564161,0.46307001516002144,0.0,0.0,0.0,44.35543671682252,0.0,0.0,0.0,74.33133992297545,0.8063825601333635,1.0
factory_prepolish_deep_stress,32,initial,0,3,4,0.0,0.0,0.0819306978307705,0.3435497983691351,0.07133662115261485,0.3793115867216575,0.0,0.0,0.0,45.31904365441253,0.0,0.0,0.0,77.66000526853094,0.9808782076889522,1.0
factory_prepolish_deep_stress,32,initial,0,4,0,0.0,0.0,0.07514368942007552,0.3617368924593435,0.0676953774742074,0.3415168375372951,0.0,0.007784375772382489,0.29810806707245796,42.746055784391515,0.0,0.0,0.0,45.46944048229486,1.0,0.05760899597243174
factory_prepolish_deep_stress,32,initial,0,4,1,0.0,0.0,0.10355109917678973,0.36876778529852927,0.08645182782262292,0.33585825697255867,0.0,0.0,0.0,42.723994970905274,0.0,0.0,0.0,73.99842964958808,0.7901669776290573,1.0
factory_prepolish_deep_stress,32,initial,0,4,2,0.0,0.0,0.11184390397554089,0.532989059967236,0.09882691008530754,0.4791492748967826,0.0,0.012518404110616294,0.3268549133318111,43.17957577254477,0.0,0.0,0.0,47.32972790529746,0.7272834119789413,0.10282980263680674
factory_prepolish_deep_stress,32,initial,0,4,3,0.0,0.0,0.10609590864919788,0.4282993433444547,0.09029039603740172,0.38684358831978205,0.0,0.0,0.0,44.37108312929013,0.0,0.0,0.0,73.58454865214594,0.7703124351543637,1.0
factory_prepolish_deep_stress,32,initial,0,4,4,0.0,0.0,0.06853805093898017,0.3424376055426329,0.06903852319324036,0.3532453419505626,0.0,0.0,0.0,45.36756332661558,0.0,0.0,0.0,78.0,1.0,1.0
factory_prepolish_deep_stress,33,initial,0,0,0,0.0,0.0,0.08768837102071327,0.40380714579295524,0.07590335996902224,0.36733782748899235,0.0,0.0,0.0,43.446346183763175,0.0,0.0,0.0,76.65897830352604,0.9259975314065825,1.0
factory_prepolish_deep_stress,33,initial,0,0,1,0.0,0.0,0.10928235713540807,0.4905511680874479,0.09248208301825649,0.38790255785091643,0.0,0.0,0.0,43.51707516857457,0.0,0.0,0.0,73.07123899753903,0.746153771984754,1.0
factory_prepolish_deep_stress,33,initial,0,0,2,0.0,0.0,0.10554497547112864,0.44002291176332287,0.0920974582293023,0.39221038008316256,0.0,0.0,0.0,43.86019937343719,0.0,0.0,0.0,73.67385342796729,0.7745680539783044,1.0
factory_prepolish_deep_stress,33,initial,0,0,3,0.0,0.0,0.09232995699078389,0.4722648839514191,0.0838494755663178,0.4402725279386399,0.0,0.0,0.0,44.36539007612798,0.0,0.0,0.0,75.86586433952684,0.8839988034508126,1.0
factory_prepolish_deep_stress,33,initial,0,0,4,0.0,0.0,0.06747593293108689,0.33058992754782346,0.06200846635387749,0.3124502961894512,0.0,0.0,0.0,45.502980294895515,0.0,0.0,0.0,78.0,1.0,1.0
factory_prepolish_deep_stress,33,initial,0,1,0,0.0,0.0,0.09758815519540733,0.37108023982870464,0.07985567795943606,0.3239753814013011,0.0,0.0,0.0,44.013185104308796,0.0,0.0,0.0,74.98208941562083,0.8387173218815914,1.0
factory_prepolish_deep_stress,33,initial,0,1,1,0.0,0.0,0.08563446587923,0.3677753141175486,0.07438607699414743,0.3373647288374815,0.0,0.0,0.0,43.85562713312066,0.0,0.0,0.0,77.01386723478797,0.9452133036674436,1.0
factory_prepolish_deep_stress,33,initial,0,1,2,0.0,0.0,0.0886426215813029,0.3871387195808262,0.07974505936400696,0.36363130638555796,0.0,0.0,0.0,43.88823715988284,0.0,0.0,0.0,76.49492066531997,0.917203221382068,1.0
factory_prepolish_deep_stress,33,initial,0,1,3,0.0,0.0,0.08996330482460717,0.3906380251945196,0.07713937522834016,0.35119259853781154,0.0,0.0,0.0,44.41340319420546,0.0,0.0,0.0,76.26872399142997,0.9051695106407833,1.0
factory_prepolish_deep_stress,33,initial,0,1,4,0.0,0.0,0.08215135251038824,0.34841658008134985,0.06823495554426776,0.3042846061489828,0.0,0.0,0.0,45.68159344204997,0.0,0.0,0.0,77.6212872538243,0.9787162401408104,1.0
factory_prepolish_deep_stress,33,initial,0,2,0,0.0,0.0,0.07720600924750495,0.31490079485148137,0.07203606136321697,0.3048994853179739,0.0,0.0,0.0,44.23848574246705,0.0,0.0,0.0,78.0,1.0,1.0
factory_prepolish_deep_stress,33,initial,0,2,1,0.0,0.0,0.09407699466966718,0.387646781606635,0.08767731444803997,0.36732684434733853,0.0,0.0,0.0,44.22331336945668,0.0,0.0,0.0,75.57050989455422,0.8686891335166826,1.0
factory_prepolish_deep_stress,33,initial,0,2,2,0.0,0.0,0.12101799506650107,0.4688050469955935,0.11237266003446816,0.4432072995155603,0.0,0.0,0.0,44.47726540108542,0.0,0.0,0.0,71.22705641373751,0.6635308365770698,1.0
factory_prepolish_deep_stress,33,initial,0,2,3,0.0,0.0,0.09483047951809324,0.3132617094053679,0.08558850181203198,0.29910855701902594,0.0,0.0,0.0,45.237496154338054,0.0,0.0,0.0,75.44365555600058,0.8621682901502247,1.0
factory_prepolish_deep_stress,33,initial,0,2,4,0.0,0.0,0.10225274824054871,0.41656469818410025,0.09211209666524922,0.38839290667350235,0.0,0.0,0.0,46.37357237293098,0.0,0.0,0.0,74.21094637673438,0.8004930069745195,1.0
factory_prepolish_deep_stress,33,initial,0,3,0,0.0,0.0,0.10148393370829105,0.4402910765321548,0.08706396766255063,0.398676893528607,0.0,0.0,0.0,44.3526102244408,0.0,0.0,0.0,74.33722174726,0.8066710318878717,1.0
factory_prepolish_deep_stress,33,initial,0,3,1,0.0,0.0,0.07562389563062259,0.40888573338863454,0.06425781396311817,0.26212620965571054,0.0,0.0,0.0,44.56770624853795,0.0,0.0,0.0,78.0,1.0,1.0
factory_prepolish_deep_stress,33,initial,0,3,2,0.0,0.0,0.11971175461644562,0.569164911164425,0.10792354501582312,0.5465001834215252,0.0,0.027104922029963216,0.9734072766132177,45.633876330343625,0.0,0.0,0.0,43.832653416681964,0.6722549999913823,0.06673795460768328
factory_prepolish_deep_stress,33,initial,0,3,3,0.0,0.0,0.15428557254721093,0.7715185527162691,0.15090122358910374,0.7901391589058393,0.0,0.05492468683176278,1.1502451117180275,46.64482673087533,0.0,0.0,0.0,25.41374855382113,0.4757533527808547,0.0
factory_prepolish_deep_stress,33,initial,0,3,4,0.0,0.0,0.07465710440188236,0.28966698695199444,0.06664225912643193,0.27678293007325766,0.0,0.0,0.0,47.23873452003476,0.0,0.0,0.0,78.0,1.0,1.0
factory_prepolish_deep_stress,33,initial,0,4,0,0.0,0.0,0.08491353898620674,0.3696749064292094,0.06844250624581043,0.30450773961680727,0.0,0.0,0.0,44.538672024940134,0.0,0.0,0.0,77.13901152670554,0.9520522227532355,1.0
factory_prepolish_deep_stress,33,initial,0,4,1,0.0,0.0,0.08626731566017103,0.4082189474798056,0.08078080059510682,0.3730650768696818,0.0,0.0,0.0,45.04711780923429,0.0,0.0,0.0,76.90425966902254,0.9392504113224129,1.0
factory_prepolish_deep_stress,33,initial,0,4,2,0.0,0.0,0.13151121619985212,0.5670462362954747,0.11299983331309321,0.8716085279764965,0.0,0.009049579218741237,0.9035984240108876,46.24725940239166,0.0,0.0,0.0,38.00762574148239,0.5974335815156595,0.024744396102212685
factory_prepolish_deep_stress,33,initial,0,4,3,0.0,0.0,0.09781361808310801,0.3861277238957628,0.08444115711821802,0.34032910891060497,0.0,0.0,0.0,47.25743353709444,0.0,0.0,0.0,74.94453984007126,0.8368284557342591,1.0
factory_prepolish_deep_stress,33,initial,0,4,4,0.0,0.0,0.09995099887938717,0.39727741304073916,0.08576418527609371,0.38569675744636756,0.0,0.0,0.0,47.75047563051682,0.0,0.0,0.0,74.58996942544975,0.8191320386309714,1.0
factory_prepolish_deep_stress,34,initial,0,0,0,0.0,0.0,0.09638029780867116,0.3970511631477668,0.08624903163268809,0.3905720977342767,0.0,0.0,0.0,43.04113997833584,0.0,0.0,0.0,75.18373252310971,0.8489092591314065,1.0
factory_prepolish_deep_stress,34,initial,0,0,1,0.0,0.0,0.11891050779631197,0.489367933759684,0.10411860924447748,0.4477181514351043,0.0,0.0,0.0,41.45746027044411,0.0,0.0,0.0,71.55294285249943,0.6776630588187709,1.0
factory_prepolish_deep_stress,34,initial,0,0,2,0.0,0.0,0.1288251945337057,0.4967061227887215,0.11490794441426588,0.475278364232641,0.0,0.00797709449017179,0.30242614804436746,41.23330785234914,0.0,0.0,0.0,25.450395622707532,0.6136982351547803,0.0
factory_prepolish_deep_stress,34,initial,0,0,3,0.0,0.0,0.08355151827492918,0.3633763034016483,0.07325163404245527,0.3456039803111939,0.0,0.0,0.0,41.4028125484151,0.0,0.0,0.0,77.37626440328239,0.9651080811247283,1.0
factory_prepolish_deep_stress,34,initial,0,0,4,0.0,0.0,0.1136004497444467,0.4403615790211293,0.09818837065860364,0.41433524337204797,0.0,0.0,0.0,42.24295278646803,0.0,0.0,0.0,72.3842746114178,0.7146198918455514,1.0
factory_prepolish_deep_stress,34,initial,0,1,0,0.0,0.0,0.11258979025931787,0.43252195322275055,0.10510881684924446,0.41306082510460085,0.0,0.0,0.0,43.029782665653116,0.0,0.0,0.0,72.54417502357563,0.7218788856317163,1.0
factory_prepolish_deep_stress,34,initial,0,1,1,0.0,0.0,0.11800417127496607,0.4967530887694987,0.1033775125228134,0.47425862280988407,0.0,0.006092536752561666,0.20615605990154556,41.20067396063929,0.0,0.0,0.0,25.46693797622681,0.6838328840675261,0.0
factory_prepolish_deep_stress,34,initial,0,1,2,0.0,0.0,0.14038089341654938,0.4841588168344983,0.11285447715825553,0.433416119403872,0.0,0.0011137652592026772,0.14158953919717338,40.88714697932381,0.0,0.0,0.0,50.85826392352503,0.5467252247271239,0.21242291822160542
factory_prepolish_deep_stress,34,initial,0,1,3,0.0,0.0,0.08727199827702403,0.39752206752220753,0.0802448307046328,0.38476588894038083,0.0,0.0,0.0,41.01942372501651,0.0,0.0,0.0,76.73072605012703,0.9298611707232382,1.0
factory_prepolish_deep_stress,34,initial,0,1,4,0.0,0.0,0.09713545696991396,0.3923177251986818,0.08885443452349889,0.38784607099176716,0.0,0.0,0.0,41.87682736075615,0.0,0.0,0.0,75.0575690277253,0.8425227874532503,1.0
factory_prepolish_deep_stress,34,initial,0,2,0,0.0,0.0,0.08873056370511306,0.4284627843594001,0.07941748863084777,0.39746742345632147,0.0,0.0,0.0,43.06688181997741,0.0,0.0,0.0,76.47982763532076,0.9163969679596827,1.0
factory_prepolish_deep_stress,34,initial,0,2,1,0.0,0.0,0.15634945355705748,0.6251175943089285,0.13035262463703348,0.5949668508302455,0.0,0.004264986941179798,0.19949897205417555,41.23440378648331,0.0,0.0,0.0,25.41091189660378,0.4660350022417173,0.0
factory_prepolish_deep_stress,34,initial,0,2,2,0.0,0.0,0.11279449538211893,0.518795615174952,0.0993327404624611,0.4577190007426479,0.0,0.0,0.0,40.92959068160613,0.0,0.0,0.0,72.51174430210307,0.7204026740282922,1.0
factory_prepolish_deep_stress,34,initial,0,2,3,0.0,0.0,0.10643264481881287,0.5439558048938709,0.09136062899190893,0.48307976953249865,0.0,0.0030169981244679996,0.6286088692182996,41.07193919676457,0.0,0.0,0.0,45.04186923694817,0.7677228770025651,0.07043403711029594
factory_prepolish_deep_stress,34,initial,0,2,4,0.0,0.0,0.08033190205122881,0.39048186315743394,0.0751577825299413,0.34881193493949464,0.0,0.0,0.0,41.96267585509091,0.0,0.0,0.0,77.94139639468844,0.9966864813476806,1.0
factory_prepolish_deep_stress,34,initial,0,3,0,0.0,0.0,0.09172834648084055,0.42793831437709773,0.07978622643729047,0.3905883660317888,0.0,0.0,0.0,43.27848776970291,0.0,0.0,0.0,75.96797148180477,0.8893330628038012,1.0
factory_prepolish_deep_stress,34,initial,0,3,1,0.0,0.0,0.09571973753794973,0.3709041171933255,0.08489107164933188,0.383275680177135,0.0,0.0,0.0,41.8010731032208,0.0,0.0,0.0,75.29435219649056,0.8545353779269931,1.0
factory_prepolish_deep_stress,34,initial,0,3,2,0.0,0.0,0.07977313846548358,0.35920263407464903,0.07326802537838402,0.33957128060484487,0.0,0.0,0.0,41.61153125537458,0.0,0.0,0.0,78.0,1.0,1.0
factory_prepolish_deep_stress,34,initial,0,3,3,0.0,0.0,0.12828005057351796,0.9787483053912367,0.11833612050315995,0.7539833287460951,0.0,0.03148669852185556,1.147441744293534,41.82804958924906,0.0,0.0,0.0,45.36587435563869,0.6170529096121983,0.09195157385204944
factory_prepolish_deep_stress,34,initial,0,3,4,0.0,0.0,0.11073120019550736,0.4329553274711897,0.10457291213904824,0.41503802323041117,0.0,0.0,0.0,42.84509947215984,0.0,0.0,0.0,72.83963976255495,0.7354211122838304,1.0
factory_prepolish_deep_stress,34,initial,0,4,0,0.0,0.0,0.11868853680468536,0.4268161177520421,0.1042331614446105,0.4091334267481088,0.0,0.0,0.0,43.94215422758882,0.0,0.0,0.0,71.58740027480147,0.6791689449271762,1.0
factory_prepolish_deep_stress,34,initial,0,4,1,0.0,0.0,0.09974902630302514,0.428482728512075,0.09188995488753708,0.4039037138040632,0.0,0.015518678730528583,0.31111621522338806,43.107805525939455,0.0,0.0,0.0,25.496233667127036,0.820788132578033,0.0
factory_prepolish_deep_stress,34,initial,0,4,2,0.0,0.0,0.11643469249849984,0.44418725596070585,0.10286999861754982,0.41739071827715046,0.0,0.0,0.0,43.04672446300876,0.0,0.0,0.0,71.93872081485162,0.6946501614382542,1.0
factory_prepolish_deep_stress,34,initial,0,4,3,0.0,0.0,0.08844116208398614,0.41352891691820814,0.0818245063303376,0.3773425341047691,0.0,0.0,0.0,43.277768697104776,0.0,0.0,0.0,76.5295127482981,0.9190528769090176,1.0
factory_prepolish_deep_stress,34,initial,0,4,4,0.0,0.0,0.08610261608983677,0.3717081484621937,0.07812494494544742,0.34873685043272395,0.0,0.0,0.0,44.16191149783339,0.0,0.0,0.0,76.93276285663123,0.9407986273167954,1.0
factory_prepolish_deep_stress,35,initial,0,0,0,0.0,0.0,0.10476087978703782,0.5781729542393781,0.09298713485325841,0.4097994893788046,0.0,0.0,0.0,45.261387440377504,0.0,0.0,0.0,73.80123635078915,0.7806652814702977,1.0
factory_prepolish_deep_stress,35,initial,0,0,1,0.0,0.0,0.10513658115224458,0.47585173313073126,0.09726671363247047,0.4508816119423039,0.0,0.0,0.0,45.2668397084134,0.0,0.0,0.0,73.74015896646361,0.7777378140610994,1.0
factory_prepolish_deep_stress,35,initial,0,0,2,0.0,0.0,0.10297824855805332,0.4145444543612026,0.08936715521679606,0.3771947730971983,0.0,0.0,0.0,44.15836384187581,0.0,0.0,0.0,74.09208163793733,0.7947064438156868,1.0
factory_prepolish_deep_stress,35,initial,0,0,3,0.0,0.0,0.08267836184203983,0.3616841731393716,0.0745938334684034,0.34233829292000373,0.0,0.0,0.0,43.157601419326184,0.0,0.0,0.0,77.5289287025188,0.973571881755812,1.0
factory_prepolish_deep_stress,35,initial,0,0,4,0.0,0.0,0.12254538067588257,0.49435434810055623,0.1057289446305218,0.4745722663175559,0.0,0.006812618382537174,0.4025315950968127,43.077148014580345,0.0,0.0,0.0,48.02250280467388,0.6534731672913198,0.1254302348500399
factory_prepolish_deep_stress,35,initial,0,1,0,0.0,0.0,0.1119017944863523,0.5645804310965774,0.09434395031231325,0.3970114325862223,0.0,0.0,0.0,45.26127123629567,0.0,0.0,0.0,72.65333411554141,0.7268625057408405,1.0
factory_prepolish_deep_stress,35,initial,0,1,1,0.0,0.0,0.11351938987311576,0.5115073739054855,0.10224044727529286,0.45172627469531623,0.0,0.0,0.0,45.2781323554031,0.0,0.0,0.0,72.39707955196165,0.7151993966515805,1.0
factory_prepolish_deep_stress,35,initial,0,1,2,0.0,0.0,0.11030191282109775,0.4630547845501175,0.09153940691559771,0.407803335491733,0.0,0.0,0.0,44.315192328034215,0.0,0.0,0.0,72.9081452762735,0.738584968426261,1.0
factory_prepolish_deep_stress,35,initial,0,1,3,0.0,0.0,0.09049776953282179,0.38956820662356384,0.08079508600647511,0.3649773970497636,0.0,0.0,0.0,43.354816399178794,0.0,0.0,0.0,76.17746755910872,0.900344604253196,1.0
factory_prepolish_deep_stress,35,initial,0,1,4,0.0,0.0,0.09225354829747914,0.38399540590441694,0.07481115660635113,0.3448238447482661,0.0,0.0,0.0,42.99869743871419,0.0,0.0,0.0,75.87882130359128,0.8846745135030948,1.0
factory_prepolish_deep_stress,35,initial,0,2,0,0.0,0.0,0.08117248140022591,0.3618438685602152,0.07840153281493271,0.35571130961763864,0.0,0.0,0.0,44.96275390619882,0.0,0.0,0.0,77.79326586898054,0.988343653777524,1.0
factory_prepolish_deep_stress,35,initial,0,2,1,0.0,0.0,0.1007364358485632,0.44539454547614254,0.09835197079014932,0.4456508686560764,0.0,0.0,0.0,45.090461024185046,0.0,0.0,0.0,74.46030658520522,0.8127234733396266,1.0
factory_prepolish_deep_stress,35,initial,0,2,2,0.0,0.0,0.10298827893545649,0.46449958768285887,0.09367613114859073,0.42444759585712255,0.0,0.0,0.0,43.680533848182606,0.0,0.0,0.0,74.09044029168857,0.794626735757701,1.0
factory_prepolish_deep_stress,35,initial,0,2,3,0.0,0.0,0.08665298587245897,0.35606269008834535,0.0770380284180374,0.3327450538800524,0.0,0.0,0.0,42.48806516014755,0.0,0.0,0.0,76.83757611848758,0.9356349785721054,1.0
factory_prepolish_deep_stress,35,initial,0,2,4,0.0,0.0,0.13694787777960477,0.8240635979435214,0.12780879910098644,0.8073639302316237,0.0,0.04020416829781461,1.247627785230129,41.979292970651215,0.0,0.0,0.0,46.5205018775804,0.5658202799473147,0.11831806751071139
factory_prepolish_deep_stress,35,initial,0,3,0,0.0,0.0,0.09083516809009652,0.4119850553854162,0.07889046802900351,0.38886711326312806,0.0,0.0,0.0,43.95035196110791,0.0,0.0,0.0,76.11994256752273,0.8973119734511309,1.0
factory_prepolish_deep_stress,35,initial,0,3,1,0.0,0.0,0.10775317296040035,0.4698103886426912,0.09333235403180136,0.41876177619984245,0.0,0.0,0.0,44.83980365951908,0.0,0.0,0.0,73.31689715307624,0.757651524238744,1.0
factory_prepolish_deep_stress,35,initial,0,3,2,0.0,0.0,0.1119006726960852,0.48652348738354806,0.10400286891428624,0.46033323120504527,0.0,0.0,0.0,43.620197169459345,0.0,0.0,0.0,72.65351230602926,0.7268706596594201,1.0
factory_prepolish_deep_stress,35,initial,0,3,3,0.0,0.0,0.06629367415020351,0.3175677942699223,0.06638305554534576,0.31494614791772313,0.0,0.0,0.0,42.4208713818069,0.0,0.0,0.0,78.0,1.0,1.0
factory_prepolish_deep_stress,35,initial,0,3,4,0.0,0.0,0.13260126609736442,0.8741854708272186,0.11838578838499263,0.8376185692396124,0.0,0.03120714118988241,1.2200339925656352,41.80191877377877,0.0,0.0,0.0,47.894921914292624,0.5909566225479742,0.1364062555016049
factory_prepolish_deep_stress,35,initial,0,4,0,0.0,0.0,0.07766467588430731,0.38317310252262893,0.0733319111882694,0.3658613300006869,0.0,0.0,0.0,42.90048426886019,0.0,0.0,0.0,78.0,1.0,1.0
factory_prepolish_deep_stress,35,initial,0,4,1,0.0,0.0,0.12095737887635334,0.4114453884424511,0.09746467049416832,0.3770681897051933,0.0,0.0,0.0,44.22522672260282,0.0,0.0,0.0,71.23639771756797,0.6639331656166069,1.0
factory_prepolish_deep_stress,35,initial,0,4,2,0.0,0.0,0.09317170824236914,0.40999823480349096,0.08621507184381651,0.3837063524633648,0.0,0.0,0.0,43.91214062592108,0.0,0.0,0.0,75.72334302894613,0.8765889624252272,1.0
factory_prepolish_deep_stress,35,initial,0,4,3,0.0,0.0,0.07973311567538367,0.37524332569825136,0.07171185485677856,0.3498541463101379,0.0,0.0,0.0,42.880669336878704,0.0,0.0,0.0,78.0,1.0,1.0
factory_prepolish_deep_stress,35,initial,0,4,4,0.0,0.0,0.09998796127754735,0.4154760591819997,0.0919165652352304,0.38285166832895146,0.0,0.0,0.0,41.946108861577635,0.0,0.0,0.0,74.58385992117852,0.8188293237341843,1.0
factory_prepolish_deep_stress,36,initial,0,0,0,0.0,0.0,0.13550734261607972,0.5569928565016895,0.12150915734159085,0.5104830089609687,0.0,0.0,0.0,47.564439244320845,0.0,0.0,0.0,69.04744895261285,0.5740301108217652,1.0
factory_prepolish_deep_stress,36,initial,0,0,1,0.0,0.0,0.09964217751802334,0.40291846091219075,0.0927369649318879,0.39423465786547873,0.0,0.0,0.0,45.963018463736475,0.0,0.0,0.0,74.64104384862091,0.8216656034251193,1.0
factory_prepolish_deep_stress,36,initial,0,0,2,0.0,0.0,0.11581623610738621,0.40776465464598455,0.10098515461269583,0.43540524574473627,0.0,0.0,0.0,44.73730377429638,0.0,0.0,0.0,72.03558579808839,0.6989595819650348,1.0
factory_prepolish_deep_stress,36,initial,0,0,3,0.0,0.0,0.08930102146604815,0.4242888020847525,0.08068245417920825,0.3950300453682555,0.0,0.0,0.0,44.379337489487455,0.0,0.0,0.0,76.38203042273298,0.9111841928114386,1.0
factory_prepolish_deep_stress,36,initial,0,0,4,0.0,0.0,0.0884966334317864,0.38560912261247304,0.0815719508490949,0.3635851562277925,0.0,0.0,0.0,44.376281342262715,0.0,0.0,0.0,76.51998559072024,0.9185432072645787,1.0
factory_prepolish_deep_stress,36,initial,0,1,0,0.0,0.0,0.10604192291578876,0.4758323680424651,0.09085022042318627,0.4352282924082572,0.0,0.0,0.0,47.11201180323876,0.0,0.0,0.0,73.59329234715146,0.7707284062444425,1.0
factory_prepolish_deep_stress,36,initial,0,1,1,0.0,0.0,0.0766832745558909,0.3946070711526495,0.07164994700211656,0.37104242508238827,0.0,0.0,0.0,45.55978496328627,0.0,0.0,0.0,78.0,1.0,1.0
factory_prepolish_deep_stress,36,initial,0,1,2,0.0,0.0,0.10456593082672729,0.4226073243403099,0.09509017036013827,0.4001372307884957,0.0,0.0,0.0,44.740670691540224,0.0,0.0,0.0,73.83295915784811,0.7821886647474902,1.0
factory_prepolish_deep_stress,36,initial,0,1,3,0.0,0.0,0.10984867896602549,0.4541003683759893,0.09553308087514122,0.41745460365318543,0.0,0.0,0.0,44.620883013804374,0.0,0.0,0.0,72.98057862248066,0.7419400830659343,1.0
factory_prepolish_deep_stress,36,initial,0,1,4,0.0,0.0,0.08566099161624076,0.3885195797917383,0.075157858241787,0.3215320887895696,0.0,0.0,0.0,44.73569261336404,0.0,0.0,0.0,77.00926841755872,0.944962612122682,1.0
factory_prepolish_deep_stress,36,initial,0,2,0,0.0,0.0,0.09037827731441722,0.4624246905658373,0.08201915433955151,0.4352710165194923,0.0,0.0,0.0,46.93734487980223,0.0,0.0,0.0,76.19785598303906,0.9014210890237833,1.0
factory_prepolish_deep_stress,36,initial,0,2,1,0.0,0.0,0.07777133998064618,0.3922148280879947,0.07727424109119607,0.37707067314648846,0.0,0.0,0.0,45.319014326994804,0.0,0.0,0.0,78.0,1.0,1.0
factory_prepolish_deep_stress,36,initial,0,2,2,0.0,0.0,0.14858933162980864,0.5921973287487812,0.11894235236035625,0.47100209099781143,0.0,0.0,0.0,44.524841705513325,0.0,0.0,0.0,67.1679649401276,0.5036401186326934,1.0
factory_prepolish_deep_stress,36,initial,0,2,3,0.0,0.0,0.10012102815553767,0.45368452621305405,0.08865567746015111,0.4288931219045541,0.0,0.0,0.0,44.53190827990444,0.0,0.0,0.0,74.56187156661377,0.8177404577376848,1.0
factory_prepolish_deep_stress,36,initial,0,2,4,0.0,0.0,0.0976394646595914,0.4229860036543723,0.08183878280480447,0.37639028861414237,0.0,0.0,0.0,45.237902184707686,0.0,0.0,0.0,74.97354163252291,0.8382870909017589,1.0
factory_prepolish_deep_stress,36,initial,0,3,0,0.0,0.0,0.08941604014592444,0.4141006886215207,0.07934457104483629,0.38356935141021653,0.0,0.0,0.0,46.96738573858047,0.0,0.0,0.0,76.36233455426695,0.9101367632669157,1.0
factory_prepolish_deep_stress,36,initial,0,3,1,0.0,0.0,0.0949753650485463,0.4351017657396712,0.0924689000770141,0.42087619945054067,0.0,0.0,0.0,45.318147219135014,0.0,0.0,0.0,75.4192995852095,0.8609200375367118,1.0
factory_prepolish_deep_stress,36,initial,0,3,2,0.0,0.0,0.1136640191130618,0.48337444290646475,0.10684166125155653,0.46141756722391647,0.0,0.0012228670342976518,0.17592805207320666,44.40620986981117,0.0,0.0,0.0,25.473742350470722,0.7141657568529742,0.0
factory_prepolish_deep_stress,36,initial,0,3,3,0.0,0.0,0.1342700362977996,0.576762546814491,0.1287979593216245,0.5684851153623034,0.0,0.029756399833740246,0.5617128607942897,44.39803398345036,0.0,0.0,0.0,25.442294913879664,0.581176743345136,0.0
factory_prepolish_deep_stress,36,initial,0,3,4,0.0,0.0,0.10633092694275131,0.4934067906653006,0.10265641875941137,0.4818168534660164,0.0,0.0,0.0,44.909109411745334,0.0,0.0,0.0,73.5465026975263,0.7685041857050344,1.0
factory_prepolish_deep_stress,36,initial,0,4,0,0.0,0.0,0.11476785907495034,0.5036274354666272,0.0998193586913541,0.45956146890936794,0.0,0.0,0.0,47.505467147295064,0.0,0.0,0.0,72.2002434288431,0.7063258594002588,1.0
factory_prepolish_deep_stress,36,initial,0,4,1,0.0,0.0,0.11756002593590958,0.4460660008961833,0.1090058942872336,0.4138194657879788,0.0,0.0,0.0,45.67127823685588,0.0,0.0,0.0,71.76297826239909,0.686876850763247,1.0
factory_prepolish_deep_stress,36,initial,0,4,2,0.0,0.0,0.09631904473052721,0.41961928898893674,0.08943071357420979,0.39580153534182716,0.0,0.0,0.0,44.515874077880824,0.0,0.0,0.0,75.1939799295154,0.8494294014686067,1.0
factory_prepolish_deep_stress,36,initial,0,4,3,0.0,0.0,0.17682991047736402,1.1373816593908233,0.15992530265003738,1.1109764685950172,0.0,0.07369329386343378,1.306749190856248,44.481205507201075,0.0,0.0,0.0,35.21237050077028,0.3797283672963943,0.018839919230812963
factory_prepolish_deep_stress,36,initial,0,4,4,0.0,0.0,0.10447534980238928,0.4107838944161623,0.09319760790090731,0.3946783050175674,0.0,0.0,0.0,44.91397094714561,0.0,0.0,0.0,73.84770584889328,0.7828975002390326,1.0
factory_prepolish_deep_stress,37,initial,0,0,0,0.0,0.0,0.09203332981829795,0.4256648557460155,0.08263553758884269,0.38130510282021873,0.0,0.0,0.0,42.96303408263467,0.0,0.0,0.0,75.91618320371501,0.886624877004646,1.0
factory_prepolish_deep_stress,37,initial,0,0,1,0.0,0.0,0.10584644502076712,0.4339220035221738,0.09036353185042124,0.38090143111672725,0.0,0.0,0.0,43.13207873958455,0.0,0.0,0.0,73.62496571343641,0.772236483407833,1.0
factory_prepolish_deep_stress,37,initial,0,0,2,0.0,0.0,0.06531226657666402,0.3403914437732959,0.058939443437486326,0.32293542689448973,0.0,0.0,0.0,43.37018808179832,0.0,0.0,0.0,78.0,1.0,1.0
factory_prepolish_deep_stress,37,initial,0,0,3,0.0,0.0,0.08724822836090888,0.41172968748907646,0.07684557584418589,0.38213866833084154,0.0,0.0,0.0,44.05143204150899,0.0,0.0,0.0,76.73482499590685,0.9300822242145804,1.0
factory_prepolish_deep_stress,37,initial,0,0,4,0.0,0.0,0.09701215993137147,0.46770463173078625,0.09255831786252725,0.4538193018568235,0.0,0.0,0.0,43.67577123529534,0.0,0.0,0.0,75.0781464227146,0.8435622337708074,1.0
factory_prepolish_deep_stress,37,initial,0,1,0,0.0,0.0,0.07949929948904084,0.3459470153645561,0.07393070558796717,0.3302012979564927,0.0,0.0,0.0,41.56219189498313,0.0,0.0,0.0,78.0,1.0,1.0
factory_prepolish_deep_stress,37,initial,0,1,1,0.0,0.0,0.11095937269902657,0.5359518995077048,0.09179812832315443,0.35634836343323456,0.0,0.0,0.0,42.43097282025548,0.0,0.0,0.0,72.80326796147622,0.7337449964654283,1.0
factory_prepolish_deep_stress,37,initial,0,1,2,0.0,0.0,0.09232913424767254,0.3731437214983109,0.07861203351985452,0.3395546161419365,0.0,0.0,0.0,43.160160653834296,0.0,0.0,0.0,75.86600383818309,0.8840060765199916,1.0
factory_prepolish_deep_stress,37,initial,0,1,3,0.0,0.0,0.0967798545984391,0.4021347398168381,0.0851663473007806,0.38778831667816793,0.0,0.0,0.0,44.0496752086706,0.0,0.0,0.0,75.11693950876868,0.8455241517642202,1.0
factory_prepolish_deep_stress,37,initial,0,1,4,0.0,0.0,0.11740315086806552,0.4887135404691967,0.10430214078797545,0.4496926550530677,0.0,0.0,0.0,43.71913679400407,0.0,0.0,0.0,71.78743780828827,0.6879552349256736,1.0
factory_prepolish_deep_stress,37,initial,0,2,0,0.0,0.0,0.11351831903311037,0.41733977557238233,0.09943925200312137,0.3906210385340503,0.0,0.0,0.0,41.48643851158405,0.0,0.0,0.0,72.39724873456001,0.7152070553338442,1.0
factory_prepolish_deep_stress,37,initial,0,2,1,0.0,0.0,0.12724731984809498,0.5449153223781634,0.12260888900743377,0.5192717628758289,0.0,0.03746259548083883,0.9390749791999607,42.46444534651337,0.0,0.0,0.0,51.33114587921699,0.6234584235263845,0.19668632762686866
factory_prepolish_deep_stress,37,initial,0,2,2,0.0,0.0,0.11493299691121088,0.48220538021067366,0.09535170624365452,0.42649516112995794,0.0,0.0,0.0,43.41990507711508,0.0,0.0,0.0,72.17426875826443,0.7051604107223144,1.0
factory_prepolish_deep_stress,37,initial,0,2,3,0.0,0.0,0.1121502121159256,0.40851113349634627,0.10118912418073314,0.37783783993316555,0.0,0.0,0.0,44.6566022215079,0.0,0.0,0.0,72.61389068752588,0.725059092060006,1.0
factory_prepolish_deep_stress,37,initial,0,2,4,0.0,0.0,0.10524826159253908,0.4760832814899915,0.09704938345386278,0.45306254137597546,0.0,0.0,0.0,44.46318944319624,0.0,0.0,0.0,73.72201793529237,0.776869717883064,1.0
factory_prepolish_deep_stress,37,initial,0,3,0,0.0,0.0,0.11427440531492623,0.43307073460091405,0.1041087801271722,0.4078901237560329,0.0,0.0,0.0,41.95747058455293,0.0,0.0,0.0,72.27794443973133,0.7098198644713742,1.0
factory_prepolish_deep_stress,37,initial,0,3,1,0.0,0.0,0.1916011542647266,1.0115436090198835,0.18472132966594532,0.9853825105836791,0.0,0.07577625073622549,1.0618169763368601,43.468708241035706,0.0,0.0,0.0,41.57169664750576,0.3275837463182332,0.09331489465792553
factory_prepolish_deep_stress,37,initial,0,3,2,0.0,0.0,0.10571090139460322,0.41099395604489275,0.09407003896009435,0.38940750455037243,0.0,0.0,0.0,44.50927852020829,0.0,0.0,0.0,73.64694002444192,0.7732839104399333,1.0
factory_prepolish_deep_stress,37,initial,0,3,3,0.0,0.0,0.1168818138601501,0.5829206908047657,0.10575317510721648,0.4155557400919102,0.0,0.0,0.0,45.482752166011934,0.0,0.0,0.0,71.86881523903598,0.6915511654770566,1.0
factory_prepolish_deep_stress,37,initial,0,3,4,0.0,0.0,0.10405648321722608,0.3856314100038782,0.09077597667005101,0.35389161503664157,0.0,0.0,0.0,45.48610312059343,0.0,0.0,0.0,73.91595572293195,0.7861836738004648,1.0
factory_prepolish_deep_stress,37,initial,0,4,0,0.0,0.0,0.10931426278745274,0.5228004475754852,0.09574606698196632,0.4050436091122315,0.0,0.0,0.0,43.05469739978799,0.0,0.0,0.0,73.06612678864174,0.745915744732639,1.0
factory_prepolish_deep_stress,37,initial,0,4,1,0.0,0.0,0.09671834759708674,0.43368146390129825,0.0881486063083743,0.40558643130279337,0.0,0.0,0.0,44.73149318776431,0.0,0.0,0.0,75.12721570438312,0.846044368284071,1.0
factory_prepolish_deep_stress,37,initial,0,4,2,0.0,0.0,0.1358985252537525,0.5945785425057205,0.1163698231204457,0.5352964456152491,0.0,0.0,0.0,45.30621156940363,0.0,0.0,0.0,68.99005105829819,0.5717889909869309,1.0
factory_prepolish_deep_stress,37,initial,0,4,3,0.0,0.0,0.10098423073315722,0.4528427579891161,0.09124870407980583,0.43629790062344687,0.0,0.0,0.0,45.549236624619105,0.0,0.0,0.0,74.41947008278007,0.8107120792418396,1.0
factory_prepolish_deep_stress,37,initial,0,4,4,0.0,0.0,0.14883291465306261,0.8107983165770997,0.12905923796541022,0.555768316021867,0.0,0.0,0.0,45.37944403603984,0.0,0.0,0.0,67.13374083474429,0.5024148297091405,1.0
factory_prepolish_deep_stress,38,initial,0,0,0,0.0,0.0,0.1621992771818452,0.8074469540566706,0.15502121056092338,0.773476189050537,0.0,0.06699732341400892,1.2009688505445755,45.44317905145014,0.0,0.0,0.0,43.084015789090785,0.43955484864411126,0.09037409239129712
factory_prepolish_deep_stress,38,initial,0,0,1,0.0,0.0,0.10233012649049168,0.43071724599222855,0.09120825242298539,0.40372808594122733,0.0,0.0,0.0,45.47793539327576,0.0,0.0,0.0,74.19825515714979,0.799873839076342,1.0
factory_prepolish_deep_stress,38,initial,0,0,2,0.0,0.0,0.09526950898571679,0.4164973903287281,0.08438472299904679,0.38713895764300565,0.0,0.0,0.0,45.6232401097714,0.0,0.0,0.0,75.36988870805322,0.8583914141617383,1.0
factory_prepolish_deep_stress,38,initial,0,0,3,0.0,0.0,0.0889177527419729,0.4184991466810637,0.08322117855935829,0.41012258104004584,0.0,0.0,0.0,45.86523488127766,0.0,0.0,0.0,76.44771612339169,0.9146831778156014,1.0
factory_prepolish_deep_stress,38,initial,0,0,4,0.0,0.0,0.0789201699139711,0.3740289591587938,0.07361255868559546,0.3671735309727786,0.0,0.0,0.0,46.12972116008514,0.0,0.0,0.0,78.0,1.0,1.0
factory_prepolish_deep_stress,38,initial,0,1,0,0.0,0.0,0.1679193178802889,1.0747622818790368,0.15622913190354024,1.0125555207722323,0.0,0.06346075809936746,1.1830007066115549,44.156380871922465,0.0,0.0,0.0,43.87080178761737,0.4151177023668749,0.10873571040618646
factory_prepolish_deep_stress,38,initial,0,1,1,0.0,0.0,0.09015579117251975,0.5411734853359262,0.08761025179423233,0.5616674726066202,0.0,0.016014775638244147,1.232616717171375,44.6396020404744,0.0,0.0,0.0,45.47221600811934,0.9034288587034454,0.0637929958006821
factory_prepolish_deep_stress,38,initial,0,1,2,0.0,0.0,0.07367970294448035,0.36532270826081936,0.06397211634909575,0.3169558015261794,0.0,0.0,0.0,45.033971845524086,0.0,0.0,0.0,78.0,1.0,1.0
factory_prepolish_deep_stress,38,initial,0,1,3,0.0,0.0,0.08437357553470994,0.3604444287847171,0.07887512230556562,0.35753485534375573,0.0,0.0,0.0,45.490052929687586,0.0,0.0,0.0,77.23293989990127,0.9572068608520923,1.0
factory_prepolish_deep_stress,38,initial,0,1,4,0.0,0.0,0.10608974695357705,0.5582360052662824,0.09277375958242086,0.4829438139407567,0.0,0.0,0.0,45.744649723096124,0.0,0.0,0.0,73.58554653972928,0.7703599009242804,1.0
factory_prepolish_deep_stress,38,initial,0,2,0,0.0,0.0,0.10383092901479873,0.38876642358951097,0.0934359310103844,0.36576141455195743,0.0,0.0,0.0,43.07387797851573,0.0,0.0,0.0,73.95274688313037,0.7879589454628022,1.0
factory_prepolish_deep_stress,38,initial,0,2,1,0.0,0.0,0.08028950244490005,0.31509791609341115,0.07002634507601123,0.2967745403074473,0.0,0.0,0.0,44.0642281699789,0.0,0.0,0.0,77.94887923801078,0.9971091620932578,1.0
factory_prepolish_deep_stress,38,initial,0,2,2,0.0,0.0,0.10587411667038797,0.4187221311070075,0.1003064488826615,0.3869815913972775,0.0,0.0,0.0,44.74351235854692,0.0,0.0,0.0,73.62048081023389,0.7720228223970266,1.0
factory_prepolish_deep_stress,38,initial,0,2,3,0.0,0.0,0.07180152558944179,0.3047618732245102,0.07119683254831223,0.3025339246304398,0.0,0.0,0.0,45.34443216796489,0.0,0.0,0.0,78.0,1.0,1.0
factory_prepolish_deep_stress,38,initial,0,2,4,0.0,0.0,0.08077450108992835,0.39158008104677056,0.07729554318784698,0.37054952046715595,0.0,0.0,0.0,45.0503800041495,0.0,0.0,0.0,77.86334794528725,0.9922849044163289,1.0
factory_prepolish_deep_stress,38,initial,0,3,0,0.0,0.0,0.1082683165236919,0.591753876006937,0.10138511457943818,0.551768324957569,0.0,0.0,0.0,42.82015241180491,0.0,0.0,0.0,73.2340012170694,0.7537585669479411,1.0
factory_prepolish_deep_stress,38,initial,0,3,1,0.0,0.0,0.07061991611769383,0.33653201393566096,0.06647403788950855,0.31174790291432675,0.0,0.0,0.0,43.975683278078925,0.0,0.0,0.0,78.0,1.0,1.0
factory_prepolish_deep_stress,38,initial,0,3,2,0.0,0.0,0.10055393707895377,0.5918476005393857,0.09374038113615062,0.5394527125658397,0.0,0.023279502048308053,0.5108350812117545,44.74092400014335,0.0,0.0,0.0,25.49490403889133,0.8142080379228092,0.0
factory_prepolish_deep_stress,38,initial,0,3,3,0.0,0.0,0.11600681176667293,0.6266805537649849,0.10770490579717236,0.5878634120376411,0.0,0.029484838033486036,0.48081648970960605,45.12017894823117,0.0,0.0,0.0,42.35071645928271,0.6976288036061449,0.05029215275372534
factory_prepolish_deep_stress,38,initial,0,3,4,0.0,0.0,0.10752436610601157,0.45358549669693626,0.0974824155924472,0.44394048669146785,0.0,0.00033282850903279917,0.09804309771143578,43.92070524028638,0.0,0.0,0.0,59.811311028071195,0.7593870676225268,0.3731387334075885
factory_prepolish_deep_stress,38,initial,0,4,0,0.0,0.0,0.1416873482503977,0.6299388644515577,0.11773898857066067,0.5522959670732377,0.0,0.0,0.0,42.907961133092684,0.0,0.0,0.0,68.14935283488313,0.5396289622664308,1.0
factory_prepolish_deep_stress,38,initial,0,4,1,0.0,0.0,0.11304805012579205,0.4860421435188887,0.09419089264384344,0.4210710722706179,0.0,0.0,0.0,44.041319145898434,0.0,0.0,0.0,72.47160517311012,0.7185783726534523,1.0
factory_prepolish_deep_stress,38,initial,0,4,2,0.0,0.0,0.08321132514832773,0.4159547611364883,0.07728440194483432,0.39673997432006386,0.0,0.0,0.0,44.893117405471585,0.0,0.0,0.0,77.43569157526352,0.9683969034829624,1.0
factory_prepolish_deep_stress,38,initial,0,4,3,0.0,0.0,0.08902753308070292,0.3989225650858116,0.08043980444449338,0.3787419829936598,0.0,0.0,0.0,44.62023235625241,0.0,0.0,0.0,76.4288930752597,0.9136795864984543,1.0
factory_prepolish_deep_stress,38,initial,0,4,4,0.0,0.0,0.10739752469452231,0.4961057473778031,0.09506593537441604,0.4752315070107007,0.0,0.0,0.0,43.28216311030609,0.0,0.0,0.0,73.37421052098075,0.7603508960353246,1.0
factory_prepolish_deep_stress,39,initial,0,0,0,0.0,0.0,0.09972706940412734,0.4269727161151379,0.08743122155145581,0.39885260042430903,0.0,0.0,0.0,42.45584235794818,0.0,0.0,0.0,74.6269987631027,0.8209683719852363,1.0
factory_prepolish_deep_stress,39,initial,0,0,1,0.0,0.0,0.11963435993165632,0.5649391811802664,0.1012818264674968,0.499393714430417,0.0,0.0,0.0,43.14450490188908,0.0,0.0,0.0,71.44075343088096,0.6727754910198205,1.0
factory_prepolish_deep_stress,39,initial,0,0,2,0.0,0.0,0.11984179679167209,0.4613233389238426,0.10821725409619944,0.4180873371745053,0.0,0.0,0.0,43.64956736283698,0.0,0.0,0.0,71.40865278336094,0.6713813531441252,1.0
factory_prepolish_deep_stress,39,initial,0,0,3,0.0,0.0,0.11032148106892273,0.49591546673502296,0.10048112585869326,0.42347764594771825,0.0,0.0,0.0,43.864726555337676,0.0,0.0,0.0,72.90502044998823,0.738440454429131,1.0
factory_prepolish_deep_stress,39,initial,0,0,4,0.0,0.0,0.10226070693690398,0.4685797090129483,0.09232945094956943,0.4415510442238602,0.0,0.0,0.0,44.64142514280723,0.0,0.0,0.0,74.2096408774527,0.8004293007018772,1.0
factory_prepolish_deep_stress,39,initial,0,1,0,0.0,0.0,0.07729119602880391,0.3436065723388009,0.07426002668245581,0.3392586225733952,0.0,0.0,0.0,44.219858058922824,0.0,0.0,0.0,78.0,1.0,1.0
factory_prepolish_deep_stress,39,initial,0,1,1,0.0,0.0,0.09971189965284646,0.33866484678242775,0.08147756588929546,0.3420820655021338,0.0,0.0,0.0,44.26611451334615,0.0,0.0,0.0,74.62950825730968,0.8210929202919565,1.0
factory_prepolish_deep_stress,39,initial,0,1,2,0.0,0.0,0.08827726193746147,0.425306120900629,0.08280614517590035,0.4033414215254405,0.0,0.0,0.0,44.167760902275745,0.0,0.0,0.0,76.55767275561251,0.9205604410333311,1.0
factory_prepolish_deep_stress,39,initial,0,1,3,0.0,0.0,0.11858581143403699,0.480524777364107,0.1078031766131474,0.4581319615334007,0.0,0.0,0.0,44.17891602135538,0.0,0.0,0.0,71.60335536616927,0.6798669822124919,1.0
factory_prepolish_deep_stress,39,initial,0,1,4,0.0,0.0,0.0958513415167651,0.419458767387607,0.07902789319485151,0.3590172961221787,0.0,0.0,0.0,44.80568993525307,0.0,0.0,0.0,75.27229391223761,0.853411515055591,1.0
factory_prepolish_deep_stress,39,initial,0,2,0,0.0,0.0,0.09795017149476522,0.35912438153591303,0.08701734344601782,0.3460413074353259,0.0,0.0,0.0,44.95467043625933,0.0,0.0,0.0,74.92181135552114,0.8356865177832972,1.0
factory_prepolish_deep_stress,39,initial,0,2,1,0.0,0.0,0.07527015381575825,0.36800906771818087,0.06915172511092367,0.351931768415494,0.0,0.0,0.0,44.770121259551175,0.0,0.0,0.0,78.0,1.0,1.0
factory_prepolish_deep_stress,39,initial,0,2,2,0.0,0.0,0.1370520983288294,0.7151217441527894,0.1266206590029291,0.3941183087299594,0.0,0.0,0.0,44.580956170023036,0.0,0.0,0.0,68.82122339648848,0.5652308861320146,1.0
factory_prepolish_deep_stress,39,initial,0,2,3,0.0,0.0,0.09644023180950065,0.39568826023588155,0.08445012259650773,0.3703102979256827,0.0,0.0,0.0,44.57705909097771,0.0,0.0,0.0,75.17370781828859,0.8484006262862294,1.0
factory_prepolish_deep_stress,39,initial,0,2,4,0.0,0.0,0.10395050771860369,0.3951890571334392,0.09466208972265332,0.37750726132841184,0.0,0.0,0.0,44.952260244226125,0.0,0.0,0.0,73.93323841798372,0.7870172774986836,1.0
factory_prepolish_deep_stress,39,initial,0,3,0,0.0,0.0,0.11125663603928278,0.5205606683470505,0.1060622916806192,0.5045491902182486,0.0,0.011901880085824884,0.4279366774229644,43.87498670386843,0.0,0.0,0.0,55.621577492567354,0.7315670802569788,0.2636336949558685
factory_prepolish_deep_stress,39,initial,0,3,1,0.0,0.0,0.10329822794099201,0.4347562492933472,0.0915307971817422,0.40247197069831614,0.0,0.0,0.0,43.80519206723921,0.0,0.0,0.0,74.03974803905422,0.7921676110774473,1.0
factory_prepolish_deep_stress,39,initial,0,3,2,0.0,0.0,0.1134027963368969,0.4153509864835422,0.09599921540194208,0.3798903746452782,0.0,0.0,0.0,43.90489283155109,0.0,0.0,0.0,72.41550377567677,0.716033759231051,1.0
factory_prepolish_deep_stress,39,initial,0,3,3,0.0,0.0,0.09817910582384476,0.48118120049467666,0.08440920083698901,0.3301342323363496,0.0,0.0,0.0,44.309119888449096,0.0,0.0,0.0,74.88372983301849,0.8337755327456267,1.0
factory_prepolish_deep_stress,39,initial,0,3,4,0.0,0.0,0.1031164456552251,0.4984313134916273,0.09084638153399395,0.4463299765636245,0.0,0.0,0.0,44.79364446031299,0.0,0.0,0.0,74.06947223533855,0.7936089411124067,1.0
factory_prepolish_deep_stress,39,initial,0,4,0,0.0,0.0,0.1366490441028784,0.8439474576884709,0.12544789269078704,0.7915591997724165,0.0,0.04818718872994619,1.0150886105557515,42.60876492578683,0.0,0.0,0.0,47.648538475615226,0.5675136704438991,0.1375044045256233
factory_prepolish_deep_stress,39,initial,0,4,1,0.0,0.0,0.11582397979892427,0.5580309131126224,0.11098548974256126,0.553995666913063,0.0,0.03610313907131415,0.5324429074628255,42.60305137427943,0.0,0.0,0.0,45.6213458704683,0.6989054587866249,0.08427620640675382
factory_prepolish_deep_stress,39,initial,0,4,2,0.0,0.0,0.10730823593465658,0.519184475023735,0.09666820744234218,0.4860086122123975,0.0,0.005129635849711103,0.48537430359416733,42.974381046769224,0.0,0.0,0.0,49.59574144223963,0.7610301071054681,0.131325877040937
factory_prepolish_deep_stress,39,initial,0,4,3,0.0,0.0,0.07824434633342837,0.41339888720429746,0.07079073917385437,0.32538078269412823,0.0,0.0,0.0,43.89409280842668,0.0,0.0,0.0,78.0,1.0,1.0
factory_prepolish_deep_stress,39,initial,0,4,4,0.0,0.0,0.10561491405274852,0.461713321540937,0.09528337169903399,0.42553153636277397,0.0,0.0,0.0,44.69597214658999,0.0,0.0,0.0,73.66250748298175,0.7740265214598263,1.0
factory_prepolish_deep_stress,40,initial,0,0,0,0.0,0.0,0.11236981106470725,0.43611649214623893,0.0984352528780163,0.41152669339039405,0.0,0.0,0.0,44.57453145757762,0.0,0.0,0.0,72.57905023948322,0.7234686168883302,1.0
factory_prepolish_deep_stress,40,initial,0,0,1,0.0,0.0,0.09120739331209991,0.3940977488070353,0.0814943006600678,0.3427786616564492,0.0,0.0,0.0,44.480825136185466,0.0,0.0,0.0,76.05655479329855,0.8939781604614992,1.0
factory_prepolish_deep_stress,40,initial,0,0,2,0.0,0.0,0.15344346162273337,0.7678393674110131,0.14930396036519422,0.9011983412123334,0.0,0.060398592223115076,1.1628208055624074,44.85452004084062,0.0,0.0,0.0,45.73386611946874,0.47977664023382127,0.12478838441864237
factory_prepolish_deep_stress,40,initial,0,0,3,0.0,0.0,0.08390487774696345,0.4891209742993914,0.07888001472957279,0.4655447416603943,0.0,0.0028875110547020317,0.7350981835222316,45.1616590261952,0.0,0.0,0.0,56.10679334019922,0.9617037985244554,0.210231017188097
factory_prepolish_deep_stress,40,initial,0,0,4,0.0,0.0,0.07974429721349365,0.3673937539174194,0.0774584327352826,0.3555049974048389,0.0,0.0,0.0,44.131386289840066,0.0,0.0,0.0,78.0,1.0,1.0
factory_prepolish_deep_stress,40,initial,0,1,0,0.0,0.0,0.08695173862528019,0.37607654994399187,0.07707240251544901,0.35521908980132133,0.0,0.0,0.0,45.69466565897156,0.0,0.0,0.0,76.78597975179598,0.9328439145834406,1.0
factory_prepolish_deep_stress,40,initial,0,1,1,0.0,0.0,0.09805669670299984,0.41687382893572794,0.08586706722323303,0.3655039427260536,0.0,0.0,0.0,46.073163696755365,0.0,0.0,0.0,74.90408806450249,0.8347967749643724,1.0
factory_prepolish_deep_stress,40,initial,0,1,2,0.0,0.0,0.1042569179753215,0.5322553609039729,0.0959585891332243,0.4497713906824227,0.0,0.0,0.0,45.770055106650844,0.0,0.0,0.0,73.88328511218275,0.7846094666119019,1.0
factory_prepolish_deep_stress,40,initial,0,1,3,0.0,0.0,0.10409478544049247,0.4686262389642141,0.09710789092652775,0.4510043727142117,0.0,0.0,0.0,44.748517988368064,0.0,0.0,0.0,73.90971082207179,0.7858826056360229,1.0
factory_prepolish_deep_stress,40,initial,0,1,4,0.0,0.0,0.1267937945342694,0.5604064997117548,0.11408032597264739,0.5041005827047207,0.0,0.0,0.0,43.299364234813154,0.0,0.0,0.0,70.34557504800316,0.6262923868111606,1.0
factory_prepolish_deep_stress,40,initial,0,2,0,0.0,0.0,0.0901062854905429,0.43097031348552983,0.07813209262962215,0.386586322721756,0.0,0.0,0.0,44.6385598794476,0.0,0.0,0.0,76.24429502568213,0.9038762180461323,1.0
factory_prepolish_deep_stress,40,initial,0,2,1,0.0,0.0,0.08999439189516575,0.4538879027187369,0.08120230963964993,0.4282285941097882,0.0,0.0,0.0,47.00837305000496,0.0,0.0,0.0,76.26341161854432,0.9048881636898639,1.0
factory_prepolish_deep_stress,40,initial,0,2,2,0.0,0.0,0.10481490303306724,0.5577435384376599,0.09468617096263036,0.5302020794035641,0.0,0.01039161939748059,0.44125820752561684,46.075414366081006,0.0,0.0,0.0,25.487924491380095,0.7802436546431262,0.0
factory_prepolish_deep_stress,40,initial,0,2,3,0.0,0.0,0.09974762637749512,0.4340778533412248,0.08921732919873522,0.40423585826066477,0.0,0.0,0.0,44.753989835037764,0.0,0.0,0.0,74.62359827663722,0.8207996230810773,1.0
factory_prepolish_deep_stress,40,initial,0,2,4,0.0,0.0,0.1278675150115262,0.5258800578191047,0.11715872559345865,0.49586891260611365,0.0,0.0,0.0,43.30244605506359,0.0,0.0,0.0,70.1835702258245,0.6196037302040789,1.0
factory_prepolish_deep_stress,40,initial,0,3,0,0.0,0.0,0.10037989375663776,0.40828254744127623,0.09161838591196657,0.39029850464641846,0.0,0.0,0.0,43.851971854837785,0.0,0.0,0.0,74.51912380022745,0.8156263465202584,1.0
factory_prepolish_deep_stress,40,initial,0,3,1,0.0,0.0,0.10074617428326141,0.4269058528354383,0.09356164274065107,0.40308301212823316,0.0,0.0,0.0,45.69972558061172,0.0,0.0,0.0,74.4587010580448,0.8126443306485905,1.0
factory_prepolish_deep_stress,40,initial,0,3,2,0.0,0.0,0.12560733823131562,0.6739312848801668,0.11286334973999164,0.6212180145290416,0.0,0.02662076857457677,0.44318098562962244,46.676706730415326,0.0,0.0,0.0,25.45525265282569,0.6337673280795629,0.0
factory_prepolish_deep_stress,40,initial,0,3,3,0.0,0.0,0.13168116591414808,0.5158402493785517,0.11316103715920281,0.46610649485184374,0.0,0.0,0.0,45.73427101367803,0.0,0.0,0.0,69.61282440939087,0.5964191071430892,1.0
factory_prepolish_deep_stress,40,initial,0,3,4,0.0,0.0,0.0926075274941045,0.4444553755301782,0.0850657454277048,0.41642522096981627,0.0,0.0,0.0,44.54453436660009,0.0,0.0,0.0,75.8188232263699,0.8815484857754918,1.0
factory_prepolish_deep_stress,40,initial,0,4,0,0.0,0.0,0.09261637997041275,0.3968491290234788,0.07980566777082992,0.3614035315608645,0.0,0.0,0.0,43.812515512639095,0.0,0.0,0.0,75.81732367373252,0.8814704503587272,1.0
factory_prepolish_deep_stress,40,initial,0,4,1,0.0,0.0,0.1005467673499809,0.3917282314651133,0.07980404910640804,0.3672097083318684,0.0,0.0,0.0,44.560668279072296,0.0,0.0,0.0,74.49158667920887,0.8142664165251724,1.0
factory_prepolish_deep_stress,40,initial,0,4,2,0.0,0.0,0.12117431677144377,0.5877310348822598,0.10726910990455718,0.5245589813653642,0.0,0.02132499578916996,0.3272908224579696,45.52601128019562,0.0,0.0,0.0,50.77107126886077,0.6624944041559838,0.17353520484978457
factory_prepolish_deep_stress,40,initial,0,4,3,0.0,0.0,0.1057622863613206,0.47440641594513133,0.09674250825916557,0.45124748087301025,0.0,0.0,0.0,47.499533761881295,0.0,0.0,0.0,73.63860833335487,0.7728866608319531,1.0
factory_prepolish_deep_stress,40,initial,0,4,4,0.0,0.0,0.09192297866166876,0.421797733127751,0.08240600118658017,0.38383779470573415,0.0,0.0,0.0,46.93692183146479,0.0,0.0,0.0,75.93491551441628,0.8876038178483134,1.0
factory_prepolish_deep_stress,41,initial,0,0,0,0.0,0.0,0.08499622678801858,0.44227422776753844,0.07866230168308044,0.4118879525214101,0.0,0.0,0.0,44.420277069240704,0.0,0.0,0.0,77.12464263951006,0.9512653170804775,1.0
factory_prepolish_deep_stress,41,initial,0,0,1,0.0,0.0,0.09968715607529202,0.45247812546938576,0.08609096344878125,0.4076615234046262,0.0,0.0,0.0,43.21249045756867,0.0,0.0,0.0,74.63360179807728,0.8212961131930427,1.0
factory_prepolish_deep_stress,41,initial,0,0,2,0.0,0.0,0.11451875777903173,0.43140198684391573,0.10196173895869336,0.3968373028282974,0.0,0.0,0.0,42.36521247287159,0.0,0.0,0.0,72.23945184405477,0.7080875195175778,1.0
factory_prepolish_deep_stress,41,initial,0,0,3,0.0,0.0,0.11172434805683011,0.4728585592113662,0.10180908138015785,0.4383185165144747,0.0,0.0,0.0,42.36126108359445,0.0,0.0,0.0,72.68152883311812,0.728153442326519,1.0
factory_prepolish_deep_stress,41,initial,0,0,4,0.0,0.0,0.10329044431914791,0.4696365304487856,0.0947956120445942,0.4436848911564164,0.0,0.0,0.0,43.23023109083744,0.0,0.0,0.0,74.04102041174048,0.7922292728083918,1.0
factory_prepolish_deep_stress,41,initial,0,1,0,0.0,0.0,0.1080583117135872,0.47290510635998584,0.09900744230164332,0.42869915555442534,0.0,0.0,0.0,44.37119966897364,0.0,0.0,0.0,73.26777761191971,0.7553431594730052,1.0
factory_prepolish_deep_stress,41,initial,0,1,1,0.0,0.0,0.1294766178657443,0.4987113770189644,0.11244935064627715,0.4501064603273113,0.0,0.0,0.0,43.17546374279687,0.0,0.0,0.0,69.94186896953843,0.6097134546488943,1.0
factory_prepolish_deep_stress,41,initial,0,1,2,0.0,0.0,0.10433247189273687,0.42945522082546644,0.09562745651620068,0.393360869563423,0.0,0.0,0.0,42.36623443644625,0.0,0.0,0.0,73.8709755833485,0.7840168873100919,1.0
factory_prepolish_deep_stress,41,initial,0,1,3,0.0,0.0,0.08647932884493828,0.4370090030419298,0.07836544889736122,0.4206382688416267,0.0,0.0,0.0,42.363008967016064,0.0,0.0,0.0,76.86759133618065,0.9372611860674601,1.0
factory_prepolish_deep_stress,41,initial,0,1,4,0.0,0.0,0.09443657896265666,0.4303308856444691,0.07643161511651998,0.3868304145796688,0.0,0.0,0.0,43.28377206479262,0.0,0.0,0.0,75.50993166994843,0.8655710732249096,1.0
factory_prepolish_deep_stress,41,initial,0,2,0,0.0,0.0,0.09768798669735297,0.4054205878701591,0.08413539944493968,0.4029619578605613,0.0,0.0,0.0,44.314070929347054,0.0,0.0,0.0,74.9654595592244,0.8378804355896619,1.0
factory_prepolish_deep_stress,41,initial,0,2,1,0.0,0.0,0.07563806836072678,0.33567556572933954,0.07216937136374094,0.33408880797911145,0.0,0.0,0.0,43.21619263871387,0.0,0.0,0.0,78.0,1.0,1.0
factory_prepolish_deep_stress,41,initial,0,2,2,0.0,0.0,0.10381490430744514,0.44762193408057155,0.09287369253531601,0.4099798369979131,0.0,0.0,0.0,42.765351536251515,0.0,0.0,0.0,73.95536179777835,0.7880852236954675,1.0
factory_prepolish_deep_stress,41,initial,0,2,3,0.0,0.0,0.11147672359256885,0.4868894432601619,0.10400440017354144,0.45930590792576187,0.0,0.0,0.0,42.76680611116172,0.0,0.0,0.0,72.7209021239743,0.7299587626720102,1.0
factory_prepolish_deep_stress,41,initial,0,2,4,0.0,0.0,0.09693075586374394,0.4111935279258212,0.08047728224103178,0.3551094688603911,0.0,0.0,0.0,43.562179016510484,0.0,0.0,0.0,75.09173681588021,0.8442492073163352,1.0
factory_prepolish_deep_stress,41,initial,0,3,0,0.0,0.0,0.16969354329591668,1.1116559612338004,0.15376162635487262,1.0513038089044882,0.0,0.05517466153375489,1.2745926970173236,43.43755433819583,0.0,0.0,0.0,38.63605908323641,0.4078175308353346,0.04176121478132433
factory_prepolish_deep_stress,41,initial,0,3,1,0.0,0.0,0.19414543910518817,1.1454154401763224,0.17196218315763617,1.0832161746158007,0.0,0.0595187561196223,1.2077234698764188,42.44579617019984,0.0,0.0,0.0,41.326967842630694,0.31935421797795593,0.09154114634719035
factory_prepolish_deep_stress,41,initial,0,3,2,0.0,0.0,0.14221671691836954,0.5391683405004267,0.12035644320317658,0.4640282471343985,0.0,0.0,0.0,42.32211927344342,0.0,0.0,0.0,68.07328025390987,0.5367798833358195,1.0
factory_prepolish_deep_stress,41,initial,0,3,3,0.0,0.0,0.09776982706978514,0.4229876032351103,0.08672061612248189,0.3989019622171905,0.0,0.0,0.0,42.42366992201548,0.0,0.0,0.0,74.9518307788861,0.8371949916438364,1.0
factory_prepolish_deep_stress,41,initial,0,3,4,0.0,0.0,0.10755349902803424,0.49286487522958883,0.09153619493346675,0.4403728807783681,0.0,0.0,0.0,43.118955139578,0.0,0.0,0.0,73.3490666070719,0.7591658682027579,1.0
factory_prepolish_deep_stress,41,initial,0,4,0,0.0,0.0,0.09391624917875901,0.40871363468258015,0.08264589684435293,0.3906242178127248,0.0,0.0,0.0,43.36004464559595,0.0,0.0,0.0,75.59761376007428,0.8700866350382422,1.0
factory_prepolish_deep_stress,41,initial,0,4,1,0.0,0.0,0.10021765125170123,0.45722522230244417,0.09808501374962886,0.4458004871365264,0.0,0.0,0.0,42.3468231049048,0.0,0.0,0.0,74.54591139867838,0.8169507131880966,1.0
factory_prepolish_deep_stress,41,initial,0,4,2,0.0,0.0,0.09869757388464513,0.4370778566868275,0.0864804254553657,0.38651677272667284,0.0,0.0,0.0,42.23030124587549,0.0,0.0,0.0,74.79759388344868,0.8294638598913611,1.0
factory_prepolish_deep_stress,41,initial,0,4,3,0.0,0.0,0.11012254077866776,0.4003560442000995,0.09405063196745672,0.3628804283949024,0.0,0.0,0.0,42.3370295933792,0.0,0.0,0.0,72.93679844760712,0.7399109722537548,1.0
factory_prepolish_deep_stress,41,initial,0,4,4,0.0,0.0,0.10045746015264914,0.3885830004176839,0.0848653906230889,0.3518406232099668,0.0,0.0,0.0,42.837271327733745,0.0,0.0,0.0,74.5063220553847,0.8149939398575791,1.0
factory_prepolish_deep_stress,42,initial,0,0,0,0.0,0.0,0.12425040738269569,0.5221635317901598,0.11420036993711438,0.4889521848857721,0.0,0.0,0.0,45.320254435517924,0.0,0.0,0.0,70.73164713005178,0.6424257238315565,1.0
factory_prepolish_deep_stress,42,initial,0,0,1,0.0,0.0,0.12430588527131052,0.6416850791139084,0.11356682990658587,0.6223406255959716,0.0,0.023714692437488957,1.322428347199662,45.31095471225652,0.0,0.0,0.0,45.53417130796709,0.6420694184485466,0.09057783764439453
factory_prepolish_deep_stress,42,initial,0,0,2,0.0,0.0,0.160873964251393,0.8877661779908042,0.144598790957166,0.849486805654363,0.0,0.04139642866420667,1.3144318318788524,45.57140620718103,0.0,0.0,0.0,43.54860101601252,0.4454190998941707,0.09623588265427085
factory_prepolish_deep_stress,42,initial,0,0,3,0.0,0.0,0.08751226598297611,0.4077253239861864,0.08026523848817785,0.37348179191029635,0.0,0.0,0.0,46.57135256883984,0.0,0.0,0.0,76.68931189356371,0.9276296964493241,1.0
factory_prepolish_deep_stress,42,initial,0,0,4,0.0,0.0,0.11599774450376966,0.4868436979057298,0.10598339330756679,0.46336935258398787,0.0,0.0,0.0,47.50388113123739,0.0,0.0,0.0,72.00713655941183,0.6976920623117301,1.0
factory_prepolish_deep_stress,42,initial,0,1,0,0.0,0.0,0.09857731461286036,0.4504875103648619,0.08630923412501183,0.40921191016170966,0.0,0.0,0.0,44.78305513508946,0.0,0.0,0.0,74.81755995961447,0.8304619671269399,1.0
factory_prepolish_deep_stress,42,initial,0,1,1,0.0,0.0,0.11415177184367671,0.6096414258630771,0.1082874245559167,0.5920782389053822,0.0,0.0,0.0,44.66882848169571,0.0,0.0,0.0,72.29727458513418,0.7106908751769665,1.0
factory_prepolish_deep_stress,42,initial,0,1,2,0.0,0.0,0.25723494999181584,1.8953895817423165,0.221256362746459,0.728741128361002,0.0,0.09566107629353927,1.3925711078562308,44.86756862525269,0.0,0.0,0.0,35.293995411401475,0.1699332612459418,0.04311673930569504
factory_prepolish_deep_stress,42,initial,0,1,3,0.0,0.0,0.07859382854834109,0.3715885397284596,0.07641955995899488,0.36797048573186986,0.0,0.0,0.0,46.03254890619314,0.0,0.0,0.0,78.0,1.0,1.0
factory_prepolish_deep_stress,42,initial,0,1,4,0.0,0.0,0.07708097947094093,0.35490547805297434,0.06643561729600099,0.3190502182077028,0.0,0.0,0.0,47.25689405303981,0.0,0.0,0.0,78.0,1.0,1.0
factory_prepolish_deep_stress,42,initial,0,2,0,0.0,0.0,0.09355094233099451,0.41441200957242263,0.08698778650796717,0.37282628925726,0.0,0.0,0.0,44.723269038586984,0.0,0.0,0.0,75.65926347018237,0.8732709337870314,1.0
factory_prepolish_deep_stress,42,initial,0,2,1,0.0,0.0,0.07981681467646505,0.32503855361768075,0.07174047306120453,0.30550583350214067,0.0,0.0,0.0,44.57554412039576,0.0,0.0,0.0,78.0,1.0,1.0
factory_prepolish_deep_stress,42,initial,0,2,2,0.0,0.0,0.10758666135673213,0.3673272792168851,0.0952836684278061,0.3608626183356292,0.0,0.0,0.0,44.657316606645935,0.0,0.0,0.0,73.34372234366086,0.7589141528618235,1.0
factory_prepolish_deep_stress,42,initial,0,2,3,0.0,0.0,0.10834786503471067,0.48195355587460503,0.10551040851474124,0.4642864481815579,0.0,0.0,0.0,45.47403780777081,0.0,0.0,0.0,73.22121310267912,0.7531592016559466,1.0
factory_prepolish_deep_stress,42,initial,0,2,4,0.0,0.0,0.1093982429329874,0.44036805966042303,0.09037566925796074,0.4029219135835076,0.0,0.0,0.0,46.59279074730631,0.0,0.0,0.0,73.05267333735759,0.7452895865657171,1.0
factory_prepolish_deep_stress,42,initial,0,3,0,0.0,0.0,0.09920475136293878,0.3992483308459862,0.09017289167218498,0.3745421873335945,0.0,0.0,0.0,44.763764369915634,0.0,0.0,0.0,74.71347761297665,0.8252676560985706,1.0
factory_prepolish_deep_stress,42,initial,0,3,1,0.0,0.0,0.08071148583068602,0.33573224693326287,0.07727769897868289,0.32458825321857276,0.0,0.0,0.0,44.58828595110864,0.0,0.0,0.0,77.87445310348775,0.9929103923770013,1.0
factory_prepolish_deep_stress,42,initial,0,3,2,0.0,0.0,0.07324520749072075,0.33181552817602744,0.06934801734110549,0.3186314618783718,0.0,0.0,0.0,44.61595157424967,0.0,0.0,0.0,78.0,1.0,1.0
factory_prepolish_deep_stress,42,initial,0,3,3,0.0,0.0,0.07589422065453948,0.3876696678977313,0.07321033098919293,0.3732129125544032,0.0,0.0,0.0,44.966467141112574,0.0,0.0,0.0,78.0,1.0,1.0
factory_prepolish_deep_stress,42,initial,0,3,4,0.0,0.0,0.0929942405141988,0.3775725578117986,0.08478795311704639,0.37192761022810866,0.0,0.0,0.0,45.24467221952496,0.0,0.0,0.0,75.75335776065644,0.878146006158649,1.0
factory_prepolish_deep_stress,42,initial,0,4,0,0.0,0.0,0.07971343979961248,0.33212317022394316,0.0686089636553689,0.30961907637751457,0.0,0.0,0.0,44.69089945255277,0.0,0.0,0.0,78.0,1.0,1.0
factory_prepolish_deep_stress,42,initial,0,4,1,0.0,0.0,0.08046963307023637,0.3900055376160849,0.07168185792251912,0.36179363296586775,0.0,0.0,0.0,44.638689570657526,0.0,0.0,0.0,77.91709639831029,0.9953146798155813,1.0
factory_prepolish_deep_stress,42,initial,0,4,2,0.0,0.0,0.13470807178628777,0.48538194670428875,0.12253051120750104,0.4456464719394628,0.0,0.0,0.0,44.63821245107339,0.0,0.0,0.0,69.1649582229065,0.5786365504931914,1.0
factory_prepolish_deep_stress,42,initial,0,4,3,0.0,0.0,0.10405405005257182,0.4350303755338435,0.09237214528041918,0.40775547226538433,0.0,0.0,0.0,44.7478800125934,0.0,0.0,0.0,73.91635245978915,0.786202803176457,1.0
factory_prepolish_deep_stress,42,initial,0,4,4,0.0,0.0,0.10177369542447165,0.44351087146654306,0.0923891125319129,0.42016517760189903,0.0,0.0,0.0,43.36197265226435,0.0,0.0,0.0,74.28959129328283,0.8043369912730988,1.0
factory_prepolish_deep_stress,43,initial,0,0,0,0.0,0.0,0.0780475421942109,0.3361318888970334,0.07082390149844102,0.31803990079522826,0.0,0.0,0.0,43.915822593968095,0.0,0.0,0.0,78.0,1.0,1.0
factory_prepolish_deep_stress,43,initial,0,0,1,0.0,0.0,0.09582050669020091,0.38568446211203383,0.08560843097200448,0.35485792239244485,0.0,0.0,0.0,44.12655347383003,0.0,0.0,0.0,75.2774613026716,0.8536747035909161,1.0
factory_prepolish_deep_stress,43,initial,0,0,2,0.0,0.0,0.09331904315455994,0.40761718870242003,0.08488467740906548,0.3605748085144904,0.0,0.0,0.0,43.70412038784433,0.0,0.0,0.0,75.69843808075666,0.875298391811164,1.0
factory_prepolish_deep_stress,43,initial,0,0,3,0.0,0.0,0.08009010101148219,0.3769226075448432,0.06690657023583739,0.3466044314541034,0.0,0.0,0.0,42.9029487846318,0.0,0.0,0.0,77.98408454475548,0.9990993956729095,1.0
factory_prepolish_deep_stress,43,initial,0,0,4,0.0,0.0,0.09064321671999831,0.3958638608882651,0.08156534816515414,0.35776053720335776,0.0,0.0,0.0,42.4550844401288,0.0,0.0,0.0,76.15266151053365,0.8990360302241622,1.0
factory_prepolish_deep_stress,43,initial,0,1,0,0.0,0.0,0.08325970129897246,0.3648196596384954,0.07029708059342207,0.2938937223995814,0.0,0.0,0.0,45.08194758964932,0.0,0.0,0.0,77.42723680058157,0.9679285436344615,1.0
factory_prepolish_deep_stress,43,initial,0,1,1,0.0,0.0,0.07426624830899145,0.34751843360888346,0.0655578255771366,0.3107048971029607,0.0,0.0,0.0,44.645218851258726,0.0,0.0,0.0,78.0,1.0,1.0
factory_prepolish_deep_stress,43,initial,0,1,2,0.0,0.0,0.08902951424728472,0.3960960889713532,0.08353048557444138,0.37884494299787835,0.0,0.0,0.0,44.07143329106466,0.0,0.0,0.0,76.42855344570013,0.9136614851631313,1.0
factory_prepolish_deep_stress,43,initial,0,1,3,0.0,0.0,0.09485835102963527,0.3930127667496751,0.0789703334555467,0.33659288539002596,0.0,0.0,0.0,43.40209404035693,0.0,0.0,0.0,75.438969303932,0.8619280243001411,1.0
factory_prepolish_deep_stress,43,initial,0,1,4,0.0,0.0,0.06846224492965097,0.31188018225794684,0.05623621861119405,0.27123720319268907,0.0,0.0,0.0,42.821426567375376,0.0,0.0,0.0,78.0,1.0,1.0
factory_prepolish_deep_stress,43,initial,0,2,0,0.0,0.0,0.10244887580803744,0.48674216395789055,0.08650083548586078,0.35433801579670177,0.0,0.0,0.0,45.41916246218382,0.0,0.0,0.0,74.17878481347287,0.7989245580951068,1.0
factory_prepolish_deep_stress,43,initial,0,2,1,0.0,0.0,0.0742638123866971,0.3575555357965286,0.0679761947124982,0.3358326810040339,0.0,0.0,0.0,44.90422373172271,0.0,0.0,0.0,78.0,1.0,1.0
factory_prepolish_deep_stress,43,initial,0,2,2,0.0,0.0,0.09806978753815945,0.4412384510677057,0.09518195744800254,0.42423244603564225,0.0,0.00040540804985016816,0.16216321994006727,44.745653645216656,0.0,0.0,0.0,61.51395246199644,0.8346875002472867,0.39176444518868125
factory_prepolish_deep_stress,43,initial,0,2,3,0.0,0.0,0.08551189533559338,0.52784452904053,0.0724606200443546,0.4652027729313419,0.0,0.0036858408998510115,0.8246637260823851,44.523945239915044,0.0,0.0,0.0,52.82424862586133,0.9463725670648634,0.1528905294301507
factory_prepolish_deep_stress,43,initial,0,2,4,0.0,0.0,0.07241247172750348,0.33610038089770977,0.06839052029563428,0.32672828392001085,0.0,0.0,0.0,44.01803135211506,0.0,0.0,0.0,78.0,1.0,1.0
factory_prepolish_deep_stress,43,initial,0,3,0,0.0,0.0,0.08225828600536364,0.3567758682508989,0.07447569176304723,0.33518161368372096,0.0,0.0,0.0,45.0068380901467,0.0,0.0,0.0,77.60253400242021,0.9776702240298034,1.0
factory_prepolish_deep_stress,43,initial,0,3,1,0.0,0.0,0.17326038052536394,0.8744714288034845,0.16058020074856091,0.8513026232184453,0.0,0.07920664085923339,1.354407625600776,44.82186853566596,0.0,0.0,0.0,40.77134885192318,0.3935277056855642,0.06695817253163006
factory_prepolish_deep_stress,43,initial,0,3,2,0.0,0.0,0.2591609379742924,1.2829710428559553,0.2415922877819564,1.2212681325404173,0.0,0.11247997738505046,1.3840809247876684,44.96421557181011,0.0,0.0,0.0,35.48080194340958,0.1666916834581869,0.04639188306185327
factory_prepolish_deep_stress,43,initial,0,3,3,0.0,0.0,0.0993657039011886,0.637572743332833,0.09280991796160536,0.614975620569056,0.0,0.008089397927654729,1.337662417657554,45.38703895635597,0.0,0.0,0.0,46.250702448467365,0.8239404352430745,0.07823416392667948
factory_prepolish_deep_stress,43,initial,0,3,4,0.0,0.0,0.08681944529488071,0.36820579382600777,0.0760393305146607,0.33442908591306775,0.0,0.0,0.0,45.19133773765028,0.0,0.0,0.0,76.8088212534876,0.9340788215351326,1.0
factory_prepolish_deep_stress,43,initial,0,4,0,0.0,0.0,0.10470354427807776,0.39820733656250873,0.08826612356193532,0.3640281071070199,0.0,0.0,0.0,44.904772264592516,0.0,0.0,0.0,73.810564054522,0.7811130082236442,1.0
factory_prepolish_deep_stress,43,initial,0,4,1,0.0,0.0,0.0809731394646574,0.33995487967904003,0.06817809427906765,0.323584079337517,0.0,0.0,0.0,44.81870789115305,0.0,0.0,0.0,77.82835723233424,0.9903158021533411,1.0
factory_prepolish_deep_stress,43,initial,0,4,2,0.0,0.0,0.06300388943518564,0.26380086329559327,0.056654682365723553,0.2625456043765626,0.0,0.0,0.0,45.05675566128189,0.0,0.0,0.0,78.0,1.0,1.0
factory_prepolish_deep_stress,43,initial,0,4,3,0.0,0.0,0.074175558055254,0.33092962970582585,0.07094371184515029,0.3111252326947388,0.0,0.0,0.0,46.010814882104434,0.0,0.0,0.0,78.0,1.0,1.0
factory_prepolish_deep_stress,43,initial,0,4,4,0.0,0.0,0.09211035154041694,0.41247870993989677,0.07975392016104285,0.36043136871191717,0.0,0.0,0.0,45.76115412325022,0.0,0.0,0.0,75.9031127079267,0.8859422461763982,1.0
factory_prepolish_deep_stress,44,initial,0,0,0,0.0,0.0,0.07718713474281858,0.3430456849167174,0.0680996260430179,0.3407573066263375,0.0,0.0,0.0,45.12206957099886,0.0,0.0,0.0,78.0,1.0,1.0
factory_prepolish_deep_stress,44,initial,0,0,1,0.0,0.0,0.10720631699965014,0.4368628515696693,0.09609665234136994,0.4000897255532818,0.0,0.0,0.0,44.99934344626178,0.0,0.0,0.0,73.40505208612758,0.7618061362788681,1.0
factory_prepolish_deep_stress,44,initial,0,0,2,0.0,0.0,0.09707659922864326,0.42671447890797265,0.08062984595684507,0.3824475473379798,0.0,0.0,0.0,45.39896589173751,0.0,0.0,0.0,75.06739090933831,0.8430188232990639,1.0
factory_prepolish_deep_stress,44,initial,0,0,3,0.0,0.0,0.10029788831261456,0.45835625783902234,0.09072346315392857,0.44191851602108495,0.0,0.0,0.0,46.66228632218473,0.0,0.0,0.0,74.53266177623897,0.8162954788522638,1.0
factory_prepolish_deep_stress,44,initial,0,0,4,0.0,0.0,0.09866893705729435,0.42587632833845135,0.0866828338733513,0.37004381261492664,0.0,0.0,0.0,44.65623599759367,0.0,0.0,0.0,74.80234759399214,0.8297014260389356,1.0
factory_prepolish_deep_stress,44,initial,0,1,0,0.0,0.0,0.2091852210130275,0.8981217922399958,0.20039600010022185,0.8694559108125445,0.0,0.10772535006199474,1.2410060602159623,45.19391091842241,0.0,0.0,0.0,41.796773016691425,0.27476139564866303,0.11584951973733493
factory_prepolish_deep_stress,44,initial,0,1,1,0.0,0.0,0.10725147716302313,0.5901599078079605,0.09216621447230354,0.568233917159344,0.0,0.01354069190130371,1.2439442514678554,45.18701931002236,0.0,0.0,0.0,36.69846925890593,0.7614621810543553,0.014122486467197715
factory_prepolish_deep_stress,44,initial,0,1,2,0.0,0.0,0.10442812603952926,0.4773068605914049,0.09621442449867487,0.41890417492726933,0.0,0.0,0.0,46.02487323054771,0.0,0.0,0.0,73.85539569570746,0.7832673012080764,1.0
factory_prepolish_deep_stress,44,initial,0,1,3,0.0,0.0,0.10813455090475578,0.45394777035149664,0.09857398534821392,0.4230062017711613,0.0,0.0,0.0,47.525480536953275,0.0,0.0,0.0,73.25551284932956,0.7547675114202681,1.0
factory_prepolish_deep_stress,44,initial,0,1,4,0.0,0.0,0.07932651672994058,0.3527284972314991,0.0698006266537443,0.32594042430725567,0.0,0.0,0.0,46.53719611682371,0.0,0.0,0.0,78.0,1.0,1.0
factory_prepolish_deep_stress,44,initial,0,2,0,0.0,0.0,0.11773463387454347,0.6724991437011845,0.10945334204383769,0.6460170331543628,0.0,0.010529026031789745,1.092585604821338,45.46917833684296,0.0,0.0,0.0,51.19910270892128,0.6856785557167618,0.17616153108108779
factory_prepolish_deep_stress,44,initial,0,2,1,0.0,0.0,0.11250766455246794,0.467196489364408,0.10306271460629648,0.44361612195976174,0.0,0.0,0.0,45.45601992154641,0.0,0.0,0.0,72.55719213516153,0.7224719772761595,1.0
factory_prepolish_deep_stress,44,initial,0,2,2,0.0,0.0,0.11590049926242627,0.45003537040526276,0.1115442654639788,0.43703184001287654,0.0,0.0,0.0,45.95117851689976,0.0,0.0,0.0,72.02237643041856,0.6983708646395466,1.0
factory_prepolish_deep_stress,44,initial,0,2,3,0.0,0.0,0.08491202971166674,0.44114680412619084,0.08253024937476118,0.41675760427974584,0.0,0.0,0.0,46.929748076715526,0.0,0.0,0.0,77.13927383430749,0.952066591943476,1.0
factory_prepolish_deep_stress,44,initial,0,2,4,0.0,0.0,0.10550157978375545,0.4084647908353454,0.09311719666842172,0.3957255535623372,0.0,0.0,0.0,47.95077941350996,0.0,0.0,0.0,73.68089472164667,0.774904256052826,1.0
factory_prepolish_deep_stress,44,initial,0,3,0,0.0,0.0,0.10344734923929769,0.4723271127985887,0.09552769729278535,0.44825687623853294,0.0,0.0,0.0,45.87249136011958,0.0,0.0,0.0,74.01537786008998,0.790987200791365,1.0
factory_prepolish_deep_stress,44,initial,0,3,1,0.0,0.0,0.11746571144307869,0.45357633796184604,0.11154014984854338,0.4500817607291173,0.0,0.0,0.0,45.716561879838274,0.0,0.0,0.0,71.7776819954968,0.6875249807736395,1.0
factory_prepolish_deep_stress,44,initial,0,3,2,0.0,0.0,0.07940319623635678,0.3919555767655741,0.07234673674452663,0.35427517639366846,0.0,0.0,0.0,45.53545682149969,0.0,0.0,0.0,78.0,1.0,1.0
factory_prepolish_deep_stress,44,initial,0,3,3,0.0,0.0,0.11994789188808358,0.5308504740794645,0.10895919433996312,0.414567978474974,0.0,0.0,0.0,45.52770279517578,0.0,0.0,0.0,71.39224325017904,0.6706694281757386,1.0
factory_prepolish_deep_stress,44,initial,0,3,4,0.0,0.0,0.09211646830043144,0.40113029723812277,0.08310974469925674,0.3821575084961796,0.0,0.0,0.0,45.76235324681481,0.0,0.0,0.0,75.90207484475926,0.8858880568726641,1.0
factory_prepolish_deep_stress,44,initial,0,4,0,0.0,0.0,0.09674827967482322,0.38462652905842964,0.08837165496480295,0.3609761799392702,0.0,0.0,0.0,46.61762831461098,0.0,0.0,0.0,75.12221458148667,0.845791167522086,1.0
factory_prepolish_deep_stress,44,initial,0,4,1,0.0,0.0,0.09758837800800244,0.42588801677004695,0.09056831877843834,0.3983678902973409,0.0,0.0,0.0,45.9390576224141,0.0,0.0,0.0,74.98205229350445,0.8387154531158428,1.0
factory_prepolish_deep_stress,44,initial,0,4,2,0.0,0.0,0.09627128929819709,0.5663978690599735,0.0828858736891278,0.36265177171720125,0.0,0.0,0.0,45.04338281271135,0.0,0.0,0.0,75.20197068287467,0.8498351470266788,1.0
factory_prepolish_deep_stress,44,initial,0,4,3,0.0,0.0,0.10590499711318241,0.4418433974223124,0.09865342971689334,0.4112593174401853,0.0,0.0,0.0,43.83535549464998,0.0,0.0,0.0,73.61547632788502,0.7717844551373231,1.0
factory_prepolish_deep_stress,44,initial,0,4,4,0.0,0.0,0.09643502893986426,0.4437438857409228,0.09333118949915875,0.4364616473101883,0.0,0.0,0.0,43.73662265295658,0.0,0.0,0.0,75.17457798337068,0.8484447686131332,1.0
factory_prepolish_deep_stress,45,initial,0,0,0,0.0,0.0,0.13083261390981726,0.5343759374226847,0.11717411360782898,0.49540054906204,0.0,0.0,0.0,43.86456082964495,0.0,0.0,0.0,69.73919071101096,0.6015015665902824,1.0
factory_prepolish_deep_stress,45,initial,0,0,1,0.0,0.0,0.09892888738220967,0.4942521753653233,0.09084174714549974,0.3650231822838824,0.0,0.0,0.0,43.44030260410332,0.0,0.0,0.0,74.75921249686655,0.8275474153779385,1.0
factory_prepolish_deep_stress,45,initial,0,0,2,0.0,0.0,0.09380666144476478,0.43081515067682197,0.07910996894901054,0.3915890620105351,0.0,0.0,0.0,43.45150987575475,0.0,0.0,0.0,75.61610006244698,0.8710406659203016,1.0
factory_prepolish_deep_stress,45,initial,0,0,3,0.0,0.0,0.09601430206489626,0.43672170270893795,0.08394080081494464,0.4042126996231809,0.0,0.0,0.0,44.33264924922513,0.0,0.0,0.0,75.24499332586727,0.852021923523349,1.0
factory_prepolish_deep_stress,45,initial,0,0,4,0.0,0.0,0.06942482877383341,0.3133196268491494,0.06349660264284879,0.2873879543777116,0.0,0.0,0.0,45.87971117546078,0.0,0.0,0.0,78.0,1.0,1.0
factory_prepolish_deep_stress,45,initial,0,1,0,0.0,0.0,0.09333086964030453,0.45333056550214146,0.08091951444659884,0.40901030542158,0.0,0.0,0.0,43.74883341589081,0.0,0.0,0.0,75.69643950563301,0.8751948808926064,1.0
factory_prepolish_deep_stress,45,initial,0,1,1,0.0,0.0,0.08164709032857631,0.4050801930281772,0.073691362445393,0.3603613045343407,0.0,0.0,0.0,43.488256127983,0.0,0.0,0.0,77.7098113823333,0.983664000364606,1.0
factory_prepolish_deep_stress,45,initial,0,1,2,0.0,0.0,0.10759778125909997,0.48191536722290584,0.09704793090145909,0.43729288603955563,0.0,0.0,0.0,43.50193420846282,0.0,0.0,0.0,73.34193045196196,0.758829767040867,1.0
factory_prepolish_deep_stress,45,initial,0,1,3,0.0,0.0,0.11448023974012629,0.6313923701012328,0.0958589411625464,0.5387101204178025,0.0,0.0,0.0,44.34266490998557,0.0,0.0,0.0,72.24551747025316,0.7083603134778992,1.0
factory_prepolish_deep_stress,45,initial,0,1,4,0.0,0.0,0.09355809003233632,0.43356226710914114,0.08412005343661172,0.4042078967532247,0.0,0.0,0.0,45.75823795057128,0.0,0.0,0.0,75.65805649360934,0.8732085172194808,1.0
factory_prepolish_deep_stress,45,initial,0,2,0,0.0,0.0,0.11535530001780776,0.45137196756921216,0.09408015294431704,0.417330646347692,0.0,0.0,0.0,43.647046065187254,0.0,0.0,0.0,72.10790934137535,0.7021887754716746,1.0
factory_prepolish_deep_stress,45,initial,0,2,1,0.0,0.0,0.09893785443101696,0.39653172460804664,0.08852311570782108,0.35902957333147556,0.0,0.0,0.0,44.08905554735076,0.0,0.0,0.0,74.7577252081374,0.8274732121242688,1.0
factory_prepolish_deep_stress,45,initial,0,2,2,0.0,0.0,0.11894108999833161,0.4639327260850443,0.10445400582245835,0.4556782439076493,0.0,0.0,0.0,44.4573163601021,0.0,0.0,0.0,71.54819745603493,0.6774558462198133,1.0
factory_prepolish_deep_stress,45,initial,0,2,3,0.0,0.0,0.10792250519218337,0.4168357648392217,0.09018546199251812,0.3645411099037348,0.0,0.0,0.0,45.224607202860334,0.0,0.0,0.0,73.28963282159106,0.7563696616132034,1.0
factory_prepolish_deep_stress,45,initial,0,2,4,0.0,0.0,0.11975997095645025,0.41681228463247066,0.10809110416855681,0.3968108674963058,0.0,0.0,0.0,45.55940801083145,0.0,0.0,0.0,71.42131259903417,0.6719309413657708,1.0
factory_prepolish_deep_stress,45,initial,0,3,0,0.0,0.0,0.08418665600264726,0.38534119291868385,0.07694225385147814,0.36047351624050383,0.0,0.0,0.0,43.49497368014246,0.0,0.0,0.0,77.26549456296655,0.9589977406679264,1.0
factory_prepolish_deep_stress,45,initial,0,3,1,0.0,0.0,0.10137110761003855,0.39203331563464916,0.0874116665638882,0.3592177103266713,0.0,0.0,0.0,44.41469217785151,0.0,0.0,0.0,74.35578032428886,0.8075816809671938,1.0
factory_prepolish_deep_stress,45,initial,0,3,2,0.0,0.0,0.08280329119068447,0.39237036297658273,0.07658188166133054,0.36842616345190315,0.0,0.0,0.0,45.19513365615697,0.0,0.0,0.0,77.50705857371041,0.9723563641725386,1.0
factory_prepolish_deep_stress,45,initial,0,3,3,0.0,0.0,0.0912532196938764,0.42791450255715113,0.08285705615838078,0.39714552485539634,0.0,0.0,0.0,45.76899402563283,0.0,0.0,0.0,76.0487562650371,0.8935685764726169,1.0
factory_prepolish_deep_stress,45,initial,0,3,4,0.0,0.0,0.10956258820489913,0.5596435592327654,0.08973791604093564,0.36498119167988935,0.0,0.0,0.0,45.10019613518855,0.0,0.0,0.0,73.02635644755738,0.7440657443070499,1.0
factory_prepolish_deep_stress,45,initial,0,4,0,0.0,0.0,0.08965414700022384,0.39308584527407375,0.07762938318651683,0.3587086406895321,0.0,0.0,0.0,42.308119439972394,0.0,0.0,0.0,76.3215849812932,0.9079722432080332,1.0
factory_prepolish_deep_stress,45,initial,0,4,1,0.0,0.0,0.09157398416654144,0.43747354893880297,0.07870971314998358,0.3986003471129232,0.0,0.0,0.0,43.289166504816386,0.0,0.0,0.0,75.99420334335431,0.8907069179859007,1.0
factory_prepolish_deep_stress,45,initial,0,4,2,0.0,0.0,0.10239418024141983,0.5605310217729876,0.09578065786758394,0.5405757127164074,0.0,0.01259274075091294,0.9667188010827635,44.269968488688015,0.0,0.0,0.0,53.259106113507684,0.7993616539341303,0.18962881926244068
factory_prepolish_deep_stress,45,initial,0,4,3,0.0,0.0,0.16193042539390995,0.798302917413829,0.1581221415720084,0.798468812275539,0.0,0.0677007902862219,1.0935525653847276,44.58912834397959,0.0,0.0,0.0,42.66297091354216,0.4407381897176856,0.08398137268863248
factory_prepolish_deep_stress,45,initial,0,4,4,0.0,0.0,0.08267291180654128,0.38003393984605754,0.07082160253089967,0.34120802096313707,0.0,0.0,0.0,43.67740046973224,0.0,0.0,0.0,77.52988299294074,0.9736249432148927,1.0
factory_prepolish_deep_stress,46,initial,0,0,0,0.0,0.0,0.12197808026416404,0.6076702025047572,0.11777181779258063,0.5700544552234716,0.0,0.0257469040249122,0.454100010040005,45.42322682926683,0.0,0.0,0.0,25.460793531773035,0.6571908585281548,0.0
factory_prepolish_deep_stress,46,initial,0,0,1,0.0,0.0,0.07980792408512936,0.3335430939343715,0.07257899520673218,0.3182464535298648,0.0,0.0,0.0,45.09108578942835,0.0,0.0,0.0,78.0,1.0,1.0
factory_prepolish_deep_stress,46,initial,0,0,2,0.0,0.0,0.08876882420309212,0.3755434989468699,0.08044242498157007,0.3611336004140977,0.0,0.0,0.0,44.91132442415643,0.0,0.0,0.0,76.47326257449647,0.9160464169818275,1.0
factory_prepolish_deep_stress,46,initial,0,0,3,0.0,0.0,0.13363295695760236,0.6186072822429546,0.11227631043149607,0.46253790142230433,0.0,0.0,0.0,44.58439890983727,0.0,0.0,0.0,69.32351683938762,0.584891119505644,1.0
factory_prepolish_deep_stress,46,initial,0,0,4,0.0,0.0,0.08756860330086574,0.37498547135540905,0.08075735665653212,0.3604216478972675,0.0,0.0,0.0,43.38776438168223,0.0,0.0,0.0,76.67960601427876,0.927107241940644,1.0
factory_prepolish_deep_stress,46,initial,0,1,0,0.0,0.0,0.12573673434494329,0.501969145753072,0.11518423321662599,0.4794519581324508,0.0,5.37770980294403e-05,0.02151083921177612,45.682511647800524,0.0,0.0,0.0,67.75717484034192,0.6329477881283581,0.8295288783954571
factory_prepolish_deep_stress,46,initial,0,1,1,0.0,0.0,0.11681494062153071,0.45405914154127314,0.10902474796993751,0.42602412497369374,0.0,0.0,0.0,44.29020845980632,0.0,0.0,0.0,71.87926396844429,0.6920137828044757,1.0
factory_prepolish_deep_stress,46,initial,0,1,2,0.0,0.0,0.13034244123858765,0.7069975326035172,0.12647073217893146,1.2216942733177598,0.0,0.017483773243459885,1.249968814232824,43.65720265111447,0.0,0.0,0.0,25.448123502247903,0.604457200824467,0.0
factory_prepolish_deep_stress,46,initial,0,1,3,0.0,0.0,0.20176434740964763,1.0063290100845805,0.19010514730338485,1.1134780284869685,0.0,0.07984559481488196,1.223646701923182,43.65511055604109,0.0,0.0,0.0,31.514972868029822,0.2959267048423606,0.006276623335906617
factory_prepolish_deep_stress,46,initial,0,1,4,0.0,0.0,0.09744950672124292,0.3717379448908701,0.08761999350082864,0.3556130478023684,0.0,0.0,0.0,43.95096791748428,0.0,0.0,0.0,75.00519455580705,0.8398809971735361,1.0
factory_prepolish_deep_stress,46,initial,0,2,0,0.0,0.0,0.10453888185976044,0.45215101733641094,0.09513817131968307,0.41573850053206085,0.0,0.0,0.0,44.73808105741336,0.0,0.0,0.0,73.83736229334275,0.7824002673179006,1.0
factory_prepolish_deep_stress,46,initial,0,2,1,0.0,0.0,0.12706058850178298,0.48995173790718616,0.11479494421335473,0.4643873745494166,0.0,0.0,0.0,43.21598200357485,0.0,0.0,0.0,70.30526655451044,0.6246237034671945,1.0
factory_prepolish_deep_stress,46,initial,0,2,2,0.0,0.0,0.10752238557493796,0.4038709895423557,0.08634245710107438,0.32820203654596425,0.0,6.937419495122582e-05,0.027749677980490328,42.08723632916272,0.0,0.0,0.0,25.483540812218244,0.7594021076683061,0.0
factory_prepolish_deep_stress,46,initial,0,2,3,0.0,0.0,0.12724176900384734,0.4754618632220174,0.11635982971339573,0.46803011770379077,0.0,0.0,0.0,42.020321299401274,0.0,0.0,0.0,70.2779133786437,0.623493031692937,1.0
factory_prepolish_deep_stress,46,initial,0,2,4,0.0,0.0,0.08714714146185853,0.41684761687225946,0.08127603950482948,0.39695760295502946,0.0,0.0,0.0,42.5662703966436,0.0,0.0,0.0,76.7522603099841,0.9310228908589259,1.0
factory_prepolish_deep_stress,46,initial,0,3,0,0.0,0.0,0.12720589942081217,0.525962796293612,0.11225923604892303,0.4958608616492191,0.0,0.01826370558015904,0.44951541096511877,44.693048778233845,0.0,0.0,0.0,25.452833273685453,0.6237167161586029,0.0
factory_prepolish_deep_stress,46,initial,0,3,1,0.0,0.0,0.08311775149712908,0.3077631195305692,0.07317703932260212,0.28800620505895436,0.0,0.0,0.0,43.16404008228389,0.0,0.0,0.0,77.45204945662144,0.9693034919214467,1.0
factory_prepolish_deep_stress,46,initial,0,3,2,0.0,0.0,0.08418830009543385,0.31252328774392046,0.07712915165242483,0.3042411305838837,0.0,0.0,0.0,41.81851750918058,0.0,0.0,0.0,77.2652081326761,0.9589819739848583,1.0
factory_prepolish_deep_stress,46,initial,0,3,3,0.0,0.0,0.14502543714950825,0.7545963855315568,0.11711026179862483,0.4437579772151782,0.0,0.0,0.0,41.64845505076892,0.0,0.0,0.0,67.67189284849951,0.5219130000842968,1.0
factory_prepolish_deep_stress,46,initial,0,3,4,0.0,0.0,0.11445631354521847,0.3545934926177273,0.10143668191355522,0.34158794800737435,0.0,0.0,0.0,42.192085101393666,0.0,0.0,0.0,72.24928563871276,0.7085298174242652,1.0
factory_prepolish_deep_stress,46,initial,0,4,0,0.0,0.0,0.10021227811916543,0.4365691757868596,0.08818557054200923,0.3946026810007991,0.0,0.0,0.0,45.080965179808565,0.0,0.0,0.0,74.54679879578704,0.8169946102119805,1.0
factory_prepolish_deep_stress,46,initial,0,4,1,0.0,0.0,0.10487823129791321,0.40679676943472964,0.09439193276084343,0.40485231244886366,0.0,0.0,0.0,43.60009881282717,0.0,0.0,0.0,73.78215042124246,0.7797496962992024,1.0
factory_prepolish_deep_stress,46,initial,0,4,2,0.0,0.0,0.08363107203951696,0.3601602223622889,0.06971579440285282,0.3196724802201659,0.0,0.0,0.0,41.9982635525047,0.0,0.0,0.0,77.36237714797508,0.964340606631755,1.0
factory_prepolish_deep_stress,46,initial,0,4,3,0.0,0.0,0.12777404300524253,0.4978069998258534,0.11278451070493264,0.46559586798853075,0.0,0.0,0.0,41.741245000991356,0.0,0.0,0.0,70.19765041575016,0.6201831570004478,1.0
factory_prepolish_deep_stress,46,initial,0,4,4,0.0,0.0,0.10621051703805595,0.4776196633830009,0.10236520964830975,0.4734035010653815,0.0,0.0,0.0,42.236187224820156,0.0,0.0,0.0,73.56599154089129,0.7694300981959258,1.0
factory_prepolish_deep_stress,47,initial,0,0,0,0.0,0.0,0.08079542723316414,0.32728733841855884,0.07418024901036205,0.3036678870168737,0.0,0.0,0.0,46.734153987512904,0.0,0.0,0.0,77.85966065391997,0.9920772791806584,1.0
factory_prepolish_deep_stress,47,initial,0,0,1,0.0,0.0,0.11287760097991921,0.5159611872643539,0.09462824113915323,0.39527048413861976,0.0,0.0,0.0,45.17626010960938,0.0,0.0,0.0,72.49858448523543,0.7198042277850789,1.0
factory_prepolish_deep_stress,47,initial,0,0,2,0.0,0.0,0.0778778241166743,0.32145582842839704,0.06853575686347244,0.3038171039402581,0.0,0.0,0.0,44.10090973606964,0.0,0.0,0.0,78.0,1.0,1.0
factory_prepolish_deep_stress,47,initial,0,0,3,0.0,0.0,0.0688744908210476,0.3140639824393484,0.062307657594976806,0.28775844678403273,0.0,0.0,0.0,44.00373428296009,0.0,0.0,0.0,78.0,1.0,1.0
factory_prepolish_deep_stress,47,initial,0,0,4,0.0,0.0,0.09875132563258467,0.5075324443456584,0.07692910493393704,0.3318589938849265,0.0,0.0,0.0,43.72107810052429,0.0,0.0,0.0,74.78867232367354,0.8290181283731157,1.0
factory_prepolish_deep_stress,47,initial,0,1,0,0.0,0.0,0.10453018769416697,0.3869398176606312,0.09630917960510813,0.3663314966857394,0.0,0.0,0.0,45.43303738999348,0.0,0.0,0.0,73.83877764756795,0.7824682934498545,1.0
factory_prepolish_deep_stress,47,initial,0,1,1,0.0,0.0,0.10482700014072358,0.5034417919933436,0.09083910991037689,0.4378417989357747,0.0,0.0,0.0,45.426889305042174,0.0,0.0,0.0,73.79048168597703,0.7801492734370554,1.0
factory_prepolish_deep_stress,47,initial,0,1,2,0.0,0.0,0.09075085245187141,0.39446622602791925,0.08447585083654144,0.3705248273999119,0.0,0.0,0.0,45.00765615195116,0.0,0.0,0.0,76.13431195531368,0.8980688668133107,1.0
factory_prepolish_deep_stress,47,initial,0,1,3,0.0,0.0,0.10490688286749787,0.476127754218255,0.09130090736870494,0.36684902476770687,0.0,0.0,0.0,44.172793622133995,0.0,0.0,0.0,73.7774916931215,0.7795263177746359,1.0
factory_prepolish_deep_stress,47,initial,0,1,4,0.0,0.0,0.10200542558299212,0.443921354274151,0.09586144915634445,0.4224124702765034,0.0,0.0,0.0,43.651608724104285,0.0,0.0,0.0,74.25153304456913,0.8024752578202317,1.0
factory_prepolish_deep_stress,47,initial,0,2,0,0.0,0.0,0.08425097538771543,0.3401491882144818,0.07156046609259463,0.3122006867529644,0.0,0.0,0.0,43.50704457197441,0.0,0.0,0.0,77.25429014920924,0.95838111754367,1.0
factory_prepolish_deep_stress,47,initial,0,2,1,0.0,0.0,0.06025791833725497,0.350426683024211,0.05719336965085823,0.3152410815147956,0.0,0.0,0.0,44.12698945115558,0.0,0.0,0.0,78.0,1.0,1.0
factory_prepolish_deep_stress,47,initial,0,2,2,0.0,0.0,0.08707516908251588,0.3796533450013432,0.08211595181678068,0.3743033638574486,0.0,0.0,0.0,45.058519793303745,0.0,0.0,0.0,76.76467757712787,0.9316932113795802,1.0
factory_prepolish_deep_stress,47,initial,0,2,3,0.0,0.0,0.09153250206527686,0.39581994275673654,0.0829427409254678,0.35786676271747325,0.0,0.0,0.0,44.40694131498068,0.0,0.0,0.0,76.00125498656138,0.8910764785770403,1.0
factory_prepolish_deep_stress,47,initial,0,2,4,0.0,0.0,0.08648095102166053,0.3727991179667607,0.07792296755405866,0.3501811315049477,0.0,0.0,0.0,43.779423602624355,0.0,0.0,0.0,76.8673108756079,0.9372459821579905,1.0
factory_prepolish_deep_stress,47,initial,0,3,0,0.0,0.0,0.08996854647049926,0.38453455620640253,0.08289344713431313,0.3757064559783391,0.0,0.0,0.0,43.108736052565526,0.0,0.0,0.0,76.26782822426713,0.9051220661037604,1.0
factory_prepolish_deep_stress,47,initial,0,3,1,0.0,0.0,0.07501660070900117,0.3249071887698333,0.07090245332877665,0.3194418435888756,0.0,0.0,0.0,44.07864673062308,0.0,0.0,0.0,78.0,1.0,1.0
factory_prepolish_deep_stress,47,initial,0,3,2,0.0,0.0,0.0893350685551939,0.3468421668438302,0.07572152065652273,0.3170759729124284,0.0,0.0,0.0,45.0590956112268,0.0,0.0,0.0,76.376199391721,0.9108740139234677,1.0
factory_prepolish_deep_stress,47,initial,0,3,3,0.0,0.0,0.08758981346050673,0.37136494563192846,0.0751114322795025,0.32590444283246245,0.0,0.0,0.0,45.08921559202368,0.0,0.0,0.0,76.67595236779184,0.9269106218670381,1.0
factory_prepolish_deep_stress,47,initial,0,3,4,0.0,0.0,0.06768174616937932,0.30788701397536616,0.05906470367125016,0.2829954049215673,0.0,0.0,0.0,44.729911532946865,0.0,0.0,0.0,78.0,1.0,1.0
factory_prepolish_deep_stress,47,initial,0,4,0,0.0,0.0,0.09676515811670303,0.3716521820711826,0.0853767547766741,0.3485799975914009,0.0,0.0,0.0,43.36764660242255,0.0,0.0,0.0,75.11939471119345,0.845648423198299,1.0
factory_prepolish_deep_stress,47,initial,0,4,1,0.0,0.0,0.08424245225972939,0.3750388430100907,0.0810753469004926,0.36200362144149967,0.0,0.0,0.0,44.868512574898155,0.0,0.0,0.0,77.2557747369739,0.9584628050740293,1.0
factory_prepolish_deep_stress,47,initial,0,4,2,0.0,0.0,0.11212279349738853,0.6369622611577901,0.10092812389413354,0.6136514689820086,0.0,0.015306534145082273,1.2672071052811602,45.86112656791753,0.0,0.0,0.0,40.6075661207618,0.7252579205033869,0.035211575802048145
factory_prepolish_deep_stress,47,initial,0,4,3,0.0,0.0,0.1637165937951153,0.8418183282949128,0.14535732448923291,0.7912506232321858,0.0,0.05661235581838598,1.1150961728653714,46.520651423636835,0.0,0.0,0.0,45.80307511881595,0.43293575320814937,0.13967913933318066
factory_prepolish_deep_stress,47,initial,0,4,4,0.0,0.0,0.1031905505871014,0.41282506730088986,0.09920211099850046,0.40437468089791995,0.0,0.0,0.0,46.66206637609205,0.0,0.0,0.0,74.05735276593025,0.7930210556002135,1.0
