env,stage,pass,tile_x,tile_y,removal_mean_um,removal_std_um,total_ra_um,total_rz_um,fine_ra_um,fine_rz_um,waviness_std_um,scratch_mean_um,scratch_max_um,clearcoat_min_um,under_fraction,over_fraction,coverage_fraction,base_micro_ra_um,base_micro_rz_um,individual_scratch_initial_max_um,mar_density_mean,mar_severity_initial_mean,mar_severity_remaining_mean,q_mar_mean,profile_gu
0,initial,0,0,0,0.0,0.0,0.04115224451714134,0.17162565394102017,0.037922639710204,0.16168431667188904,0.0,0.0,0.0,42.674382980523546,0.0,0.0,0.0,0.04115224451714134,0.17162565394102017,0.0,0.05913063579639591,0.05141267215368118,0.05141267215368118,0.976126212458891,88.61455123233799
0,initial,0,0,1,0.0,0.0,0.04621373840572998,0.1739925374160995,0.03828514840396423,0.16010198136267323,0.0,0.0,0.0,42.592000856749685,0.0,0.0,0.0,0.04621373840572998,0.1739925374160995,6.233001802396588e-101,0.06585615129186997,0.03377930650439812,0.03377930650439812,0.9824250723005289,88.71692865588304
0,initial,0,0,2,0.0,0.0,0.05061462782464595,0.21552460848636737,0.042609021080580456,0.19787962829402078,0.0,0.0036186170022860027,0.1545662065406193,43.02000158873774,0.0,0.0,0.0,0.046767237260523675,0.18035804319356824,0.13284410763197063,0.057762885657366,0.03768035577512951,0.03768035577512951,0.982868427519783,27.015133487185572
0,initial,0,0,3,0.0,0.0,0.034735023797408233,0.15807747443593428,0.0317363596082565,0.14839326299772448,0.0,0.0,0.0,44.451069188214554,0.0,0.0,0.0,0.034735023797408233,0.15807747443593428,2.9900920607859e-23,0.053268910783394095,0.05063074099899618,0.05063074099899618,0.9787588150566907,88.65739987231895
0,initial,0,0,4,0.0,0.0,0.04543185660049278,0.19036042695220906,0.03819103438273796,0.17111257363556245,0.0,0.0,0.0,45.620548081169886,0.0,0.0,0.0,0.04543185660049278,0.19036042695220906,0.0,0.06635591792520272,0.051263372165566014,0.051263372165566014,0.9730891521217748,88.56501177321226
0,initial,0,1,0,0.0,0.0,0.0448701956697062,0.1868152833876502,0.04135061935516423,0.17451780965830405,0.0,0.0,0.0,42.67153491657441,0.0,0.0,0.0,0.0448701956697062,0.1868152833876502,0.0,0.048416626728082016,0.05279196959258658,0.05279196959258658,0.9800246701243478,88.67797235371881
0,initial,0,1,1,0.0,0.0,0.03644053172170858,0.16209246195816507,0.03356743564557597,0.14397989804950456,0.0,0.0,0.0,42.585946685238504,0.0,0.0,0.0,0.03644053172170858,0.16209246195816507,1.0216750046377612e-247,0.043232820137949164,0.052784385265294116,0.052784385265294116,0.9821562522253925,88.7125695073149
0,initial,0,1,2,0.0,0.0,0.03588997904093388,0.16732565108329533,0.031540205827440326,0.15240287716399534,0.0,0.0,0.0,43.01711314040112,0.0,0.0,0.0,0.03588997904093388,0.16732565108329533,8.626403679170422e-149,0.051458713277842245,0.06203219953736149,0.06203219953736149,0.9749086241291366,88.59470426178765
0,initial,0,1,3,0.0,0.0,0.032792482570916784,0.14051512363832377,0.028766840055245282,0.13083465946540884,0.0,0.0,0.0,44.481825926538804,0.0,0.0,0.0,0.032792482570916784,0.14051512363832377,0.0,0.04426079907625361,0.06392563485766324,0.06392563485766324,0.9776986141521706,88.64015428950744
0,initial,0,1,4,0.0,0.0,0.03938712813825526,0.18011733925487394,0.03701850602018409,0.1684223279682156,0.0,0.0,0.0,45.84623298497408,0.0,0.0,0.0,0.03938712813825526,0.18011733925487394,0.0,0.04304309441528594,0.05010369306994891,0.05010369306994891,0.9828062307547017,88.72310793460738
0,initial,0,2,0,0.0,0.0,0.03786955853511791,0.16647196574781334,0.03323977583847518,0.1472615995670228,0.0,0.0,0.0,42.814167658845086,0.0,0.0,0.0,0.03786955853511791,0.16647196574781334,0.0,0.05750239208225251,0.06356078803449043,0.06356078803449043,0.9712356035740897,88.53472033269125
0,initial,0,2,1,0.0,0.0,0.0484465368431786,0.19244915314519564,0.04294861765113798,0.1773993676928713,0.0,0.0,0.0,42.70484160849521,0.0,0.0,0.0,0.0484465368431786,0.19244915314519564,0.0,0.04819279933641932,0.07467339920011253,0.07467339920011253,0.9715343391203681,88.53960531901127
0,initial,0,2,2,0.0,0.0,0.03801078982233179,0.18483619625112424,0.032902058921901164,0.1646453092417487,0.0,0.0,0.0,43.20158910170933,0.0,0.0,0.0,0.03801078982233179,0.18483619625112424,1.3368112601507183e-96,0.058435503349736455,0.06331560832395638,0.06331560832395638,0.9713403524394184,88.53643333638794
0,initial,0,2,3,0.0,0.0,0.03964418144723556,0.177265635722327,0.03739395016271075,0.1679736744916412,0.0,0.0,0.0,44.66410482227358,0.0,0.0,0.0,0.03964418144723556,0.177265635722327,4.939299063973803e-97,0.06548205552996601,0.047132206624902494,0.047132206624902494,0.975587911857373,88.6057790995346
0,initial,0,2,4,0.0,0.0,0.047339467442975104,0.18804674004962457,0.04162622785707117,0.17310542051019495,0.0,0.0,0.0,45.510399819507256,0.0,0.0,0.0,0.047339467442975104,0.18804674004962457,3.288600758760574e-99,0.04556189036874234,0.0408805808363635,0.0408805808363635,0.9851244810114014,88.76065236979099
0,initial,0,3,0,0.0,0.0,0.05173821345752058,0.2622153248237722,0.04370061111057083,0.2262423569277956,0.0,0.0,0.0,42.70329070827308,0.0,0.0,0.0,0.05173821345752058,0.2622153248237722,0.0,0.05097253303936437,0.07265343420964421,0.07265343420964421,0.9707857234838443,88.52736167227371
0,initial,0,3,1,0.0,0.0,0.04785765696973531,0.15457910577065764,0.04008563511477629,0.1491693050376225,0.0,0.0,0.0,42.60561189122507,0.0,0.0,0.0,0.04785765696973531,0.15457910577065764,0.0,0.05138742863036447,0.07494648484114501,0.07494648484114501,0.9695799532028652,88.50762634177435
0,initial,0,3,2,0.0,0.0,0.04652785301304558,0.22431910467437205,0.04305977487985004,0.20930729562602107,0.0,0.004134097013234882,0.2740654337458004,43.06463538918965,0.0,0.0,0.0,0.042269378197385486,0.17646810518942221,0.2839645817162228,0.054309928066004376,0.07110806134605417,0.07110806134605417,0.9697358432403124,52.44269420932948
0,initial,0,3,3,0.0,0.0,0.06467488487297103,0.28769045485276873,0.056869187537744066,0.2751149753982574,0.0,0.01862205478600007,0.28823003786835455,44.35543671682252,0.0,0.0,0.0,0.046158421580228766,0.2387200030915946,0.26812987210302663,0.06385662351598355,0.0624078813226955,0.0624078813226955,0.9685570657896292,27.00775759487332
0,initial,0,3,4,0.0,0.0,0.04236875947330935,0.19424640981182822,0.03790014030811033,0.17358260015211352,0.0,0.006127081972922138,0.224218207326768,45.31904365441253,0.0,0.0,0.0,0.037251800964347354,0.15620334073832617,0.24747630196475517,0.06341293928409303,0.044128548852789766,0.044128548852789766,0.9774819500304543,60.23443319421286
0,initial,0,4,0,0.0,0.0,0.031179612031854046,0.1346812516315204,0.02808086853720632,0.12678733781511353,0.0,0.0,0.0,42.746055784391515,0.0,0.0,0.0,0.031179612031854046,0.1346812516315204,0.0,0.04693870139383316,0.07031914991540832,0.07031914991540832,0.9739317475127257,88.57876750237466
0,initial,0,4,1,0.0,0.0,0.04708204663579695,0.16766931691928322,0.03939699540724929,0.15299143652393787,0.0,0.0,0.0,42.723994970905274,0.0,0.0,0.0,0.04708204663579695,0.16766931691928322,0.0,0.04688644242978718,0.05707636775470952,0.05707636775470952,0.9788458879235574,88.65881560603044
0,initial,0,4,2,0.0,0.0,0.04487137411848069,0.19049886104033786,0.03964468841109226,0.1804756164247201,0.0,0.0,0.0,43.17957577254477,0.0,0.0,0.0,0.04487137411848069,0.19049886104033786,9.526e-321,0.053134433093589895,0.057708102734869426,0.057708102734869426,0.975839696694963,88.60988263055387
0,initial,0,4,3,0.0,0.0,0.04823910666908976,0.19473679968384386,0.041046622021569716,0.1759588217284248,0.0,0.0,0.0,44.37108312929013,0.0,0.0,0.0,0.04823910666908976,0.19473679968384386,8.2373134e-317,0.06092971561093865,0.06834666056829435,0.06834666056829435,0.9674245034356008,88.47230131187052
0,initial,0,4,4,0.0,0.0,0.031162505625630152,0.155697654995329,0.031377021897991145,0.16058559319613008,0.0,0.0,0.0,45.36756332661558,0.0,0.0,0.0,0.031162505625630152,0.155697654995329,1.38696823e-315,0.04353647742512635,0.06276038644671203,0.06276038644671203,0.978327069189871,88.65037864135692
1,initial,0,0,0,0.0,0.0,0.030948286973268936,0.14251763699550335,0.026788945206904904,0.12964634157226035,0.0,0.0,0.0,43.446346183763175,0.0,0.0,0.0,0.030948286973268936,0.14251763699550335,0.0,0.050085637213624495,0.09440657836032144,0.09440657836032144,0.9628727504883301,88.39750958769932
1,initial,0,0,1,0.0,0.0,0.0385695584303074,0.1731326303399625,0.032640155265954214,0.13690435274706475,0.0,0.0,0.0,43.51707516857457,0.0,0.0,0.0,0.0385695584303074,0.1731326303399625,0.0,0.041378830610060965,0.09872436480278723,0.09872436480278723,0.9677519200137649,88.47767104527252
1,initial,0,0,2,0.0,0.0,0.03725050598437438,0.15529944494975226,0.032504407752264264,0.1384247335811652,0.0,0.0,0.0,43.86019937343719,0.0,0.0,0.0,0.03725050598437438,0.15529944494975226,0.0,0.054221873595904,0.1082403651351278,0.1082403651351278,0.9536764469782207,88.24558852703305
1,initial,0,0,3,0.0,0.0,0.03258646468076578,0.166678762369455,0.02959340676737546,0.1553875432110948,0.0,0.0,0.0,44.36539007612798,0.0,0.0,0.0,0.03258646468076578,0.166678762369455,0.0,0.05733317962969576,0.09785569870887603,0.09785569870887603,0.9561292640253902,88.28621563434146
1,initial,0,0,4,0.0,0.0,0.023814612038431493,0.11667672496510936,0.021884952236583155,0.11027461587888168,0.0,0.0,0.0,45.502980294895515,0.0,0.0,0.0,0.023814612038431493,0.11667672496510936,0.0,0.055206402327372645,0.0782539586532389,0.0782539586532389,0.9660661360074221,88.45000909650584
1,initial,0,1,0,0.0,0.0,0.03444226635926917,0.13096716953513293,0.028198696471931788,0.11425708379931368,0.0,0.0,0.0,44.013185104308796,0.0,0.0,0.0,0.03444226636923111,0.13096716951915388,2.624586063809808e-09,0.05342324918680077,0.08590247657645118,0.08590247657645118,0.9639808588957259,88.41574175175907
1,initial,0,1,1,0.0,0.0,0.030223392155466003,0.1298007458743352,0.026245360277298242,0.11900474958119324,0.0,0.0,0.0,43.85562713312066,0.0,0.0,0.0,0.030223392155466003,0.1298007458743352,1.9041060578715404e-61,0.03904779734516508,0.09516001895981503,0.09516001895981503,0.9708044264555505,88.52766764655703
1,initial,0,1,2,0.0,0.0,0.031285075305059876,0.1366347675591003,0.02814481502114325,0.12833818089415117,0.0,0.0,0.0,43.88823715988284,0.0,0.0,0.0,0.031285075305059876,0.1366347675591003,0.0,0.048668664140576794,0.07977662827045347,0.07977662827045347,0.9696175433993656,88.50824187364435
1,initial,0,1,3,0.0,0.0,0.03175119052123734,0.13786979465652666,0.027225178127777725,0.12394812664864355,0.0,0.0,0.0,44.41340319420546,0.0,0.0,0.0,0.03175119052123734,0.13786979465652666,0.0,0.048493423035666755,0.07831149942943068,0.07831149942943068,0.9701304765411634,88.51663926239297
1,initial,0,1,4,0.0,0.0,0.02899407986645243,0.12296837289924656,0.024082497613010494,0.10739265883338343,0.0,0.0,0.0,45.68159344204997,0.0,0.0,0.0,0.02899407986645243,0.12296837289924656,0.0,0.04428542935169924,0.08467009831965644,0.08467009831965644,0.9705897386918636,88.52415516152115
1,initial,0,2,0,0.0,0.0,0.028257340293769532,0.12208366683615947,0.026369442404201474,0.11818548540050394,0.0,0.0010528187407609956,0.0646567225414377,44.23848574246705,0.0,0.0,0.0,0.02724869560740534,0.11113948239353283,0.0558322303205047,0.0440090930728676,0.08901607062372442,0.08901607062372442,0.9690333360110034,27.008004368891424
1,initial,0,2,1,0.0,0.0,0.03320306018274927,0.13681408172767684,0.030874665540305473,0.1294065982243987,0.0,0.0,0.0,44.22331336945668,0.0,0.0,0.0,0.03320305525953732,0.1368140803823621,2.187994063429702e-06,0.042104086725152215,0.08379487849530336,0.08379487849530336,0.9722209218174974,88.55082819487649
1,initial,0,2,2,0.0,0.0,0.04271147469900001,0.1654576651390786,0.03954136135153161,0.15497999675569885,0.0,0.0,0.0,44.47726540108542,0.0,0.0,0.0,0.04271147469900001,0.1654576651390786,0.0,0.04831473256391259,0.07033844865797255,0.07033844865797255,0.9730922006125692,88.5650615572236
1,initial,0,2,3,0.0,0.0,0.03346855316698569,0.11056074667943533,0.030303800075216828,0.10600730141847488,0.0,0.0,0.0,45.237496154338054,0.0,0.0,0.0,0.03346855316698569,0.11056074667943533,0.0,0.03286228304810046,0.085757451440257,0.085757451440257,0.9775413587141248,88.63759512559969
1,initial,0,2,4,0.0,0.0,0.03608856407660271,0.14702022254797537,0.03251189012523071,0.13707501207215833,0.0,0.0,0.0,46.37357237293098,0.0,0.0,0.0,0.03608856407660271,0.14702022254797537,0.0,0.05074157198536491,0.09597122523356066,0.09597122523356066,0.9622481283597608,88.3872254862479
1,initial,0,3,0,0.0,0.0,0.03581722259201852,0.1553940896572013,0.03072906439708765,0.14071533479112774,0.0,0.0,0.0,44.3526102244408,0.0,0.0,0.0,0.03581722259201852,0.1553940896572013,6.234425636767889e-165,0.045355806224726375,0.07206105347717243,0.07206105347717243,0.9741882329451284,88.58295296443075
1,initial,0,3,1,0.0,0.0,0.02669031248693403,0.14431004783060528,0.022678530468388348,0.09252018658647607,0.0,0.0,0.0,44.56770624853795,0.0,0.0,0.0,0.02669031248693403,0.14431004783060528,8.0649472311449e-169,0.036821964581979574,0.06897527536854069,0.06897527536854069,0.9798051614588175,88.67440636161545
1,initial,0,3,2,0.0,0.0,0.02901975838164459,0.11928397283401898,0.026124712987175405,0.11394250739273756,0.0,0.0,0.0,45.633876330343625,0.0,0.0,0.0,0.02901975838164459,0.11928397283401898,0.0,0.05684904773668777,0.0726311332726865,0.0726311332726865,0.9675951409593534,88.47509999020957
1,initial,0,3,3,0.0,0.0,0.031349683653620765,0.13657772089477394,0.029709840059476845,0.12845517684748264,0.0,0.0,0.0,46.64482673087533,0.0,0.0,0.0,0.031349683653620765,0.13657772089477394,0.0,0.05776503609552841,0.08384642251377869,0.08384642251377869,0.9621636802431968,88.38583470464353
1,initial,0,3,4,0.0,0.0,0.02634909811560964,0.10223359077744623,0.023517427488998877,0.09765334628367126,0.0,0.0,0.0,47.23873452003476,0.0,0.0,0.0,0.02634909811560964,0.10223359077744623,0.0,0.053726957851641305,0.08091440278094969,0.08091440278094969,0.9658518721361239,88.44649065844563
1,initial,0,4,0,0.0,0.0,0.02996895189032799,0.13047117830806815,0.0241557495002929,0.10747141042244157,0.0,0.0,0.0,44.538672024940134,0.0,0.0,0.0,0.02996895189032799,0.13047117830806815,0.0,0.05615737756399291,0.06872376355165218,0.06872376355165218,0.9695313149586835,88.50682987379459
1,initial,0,4,1,0.0,0.0,0.030446746933340787,0.14407471580862835,0.028509245661627772,0.13166139888623632,0.0,0.0,0.0,45.04711780923429,0.0,0.0,0.0,0.030446746933340787,0.14407471580862835,0.0,0.047015981898141754,0.07931712197095257,0.07931712197095257,0.9705519137610555,88.52353625123561
1,initial,0,4,2,0.0,0.0,0.04329501779422776,0.13889981749208408,0.036292510249902724,0.12746912583514222,0.0,0.0,0.0,46.24725940239166,0.0,0.0,0.0,0.04329501779422776,0.13889981749208408,0.0,0.047428514609761094,0.07347329197563136,0.07347329197563136,0.9725510610783141,88.5562225326856
1,initial,0,4,3,0.0,0.0,0.034521818226875924,0.13627797559837992,0.029990844941512974,0.12116194063305402,0.0,0.0,0.0,47.25743353709444,0.0,0.0,0.0,0.034521818226875924,0.13627797559837992,0.0,0.06233351192871094,0.07156138086872507,0.07156138086872507,0.9648986803582338,88.43083114859824
1,initial,0,4,4,0.0,0.0,0.035276196382453856,0.14021306638115585,0.030269195342420917,0.13612593907717818,0.0,0.0,0.0,47.75047563051682,0.0,0.0,0.0,0.035276196382453856,0.14021306638115585,0.0,0.04686765564096414,0.07237203020083294,0.07237203020083294,0.9731189871332151,88.56549899502669
2,initial,0,0,0,0.0,0.0,0.039899342391741525,0.16437052660825754,0.03570951019234874,0.16158220592944061,0.0,0.0,0.0,43.04113997833584,0.0,0.0,0.0,0.039899342391741525,0.16437052660825754,2.0208622018092342e-64,0.10250272274493198,0.04186257266234303,0.04186257266234303,0.9662903643308912,88.45369053467797
2,initial,0,0,1,0.0,0.0,0.049230711022017266,0.20259292076570196,0.04312883317595842,0.18464307324893814,0.0,0.0,0.0,41.45746027044411,0.0,0.0,0.0,0.049230711022017266,0.20259292076570196,2.737404382896041e-86,0.11267015881114238,0.04217037722819057,0.04217037722819057,0.9627275995866725,88.39512019462401
2,initial,0,0,2,0.0,0.0,0.05199727934506585,0.19603012073691262,0.0465641459101869,0.18631311989302643,0.0,0.0,0.0,41.23330785234914,0.0,0.0,0.0,0.05199727934506585,0.19603012073691262,0.0,0.10585644696230495,0.04033026374279559,0.04033026374279559,0.9667175692635798,88.46070272209761
2,initial,0,0,3,0.0,0.0,0.034588507306950095,0.15042986871911612,0.03032488463242964,0.14307165757639478,0.0,0.0,0.0,41.4028125484151,0.0,0.0,0.0,0.034588507306950095,0.15042986871911612,0.0,0.09410888849810624,0.05151920960364803,0.05151920960364803,0.9621036205731884,88.38484552226484
2,initial,0,0,4,0.0,0.0,0.04702810992768811,0.182300094697894,0.04064784513917937,0.17152575906213446,0.0,0.0,0.0,42.24295278646803,0.0,0.0,0.0,0.04702810992768811,0.182300094697894,0.0,0.08594724075092007,0.049158852086535525,0.049158852086535525,0.9665501933706253,88.4579556732612
2,initial,0,1,0,0.0,0.0,0.04761511511141329,0.2458975915162649,0.044775542937914456,0.19240679441042413,0.0,0.001247621773905138,0.1577529750413837,43.029782665653116,0.0,0.0,0.0,0.046609718931235014,0.17905466050579816,0.18880186652571102,0.07958440905427307,0.05105818797502239,0.05105818797502239,0.9679710858947371,65.42551154445721
2,initial,0,1,1,0.0,0.0,0.05101078077342709,0.23225795804800603,0.04396928308407194,0.21255224012428944,0.0,0.004474301813333031,0.17156845492439882,41.20067396063929,0.0,0.0,0.0,0.05121409545268582,0.22870479696133067,0.19760808675798008,0.08660907181198177,0.04593842228893833,0.04593842228893833,0.9688487904166729,63.25617151776874
2,initial,0,1,2,0.0,0.0,0.0581129210204877,0.1972259669599412,0.04678346609526519,0.18173888123024942,0.0,0.0,0.0,40.88714697932381,0.0,0.0,0.0,0.0581129210204877,0.1972259669599412,2.7719244246033685e-33,0.10065699726422889,0.04408809110947878,0.04408809110947878,0.9655263510748507,88.44114413990613
2,initial,0,1,3,0.0,0.0,0.03612870492866624,0.16456547075448624,0.03321991525709689,0.15928485714216417,0.0,0.0,0.0,41.01942372501651,0.0,0.0,0.0,0.03612870492866624,0.16456547075448624,0.0,0.09841398775903272,0.05764443034518034,0.05764443034518034,0.9557448911272397,88.27985426275521
2,initial,0,1,4,0.0,0.0,0.04021196182351065,0.1624109864769797,0.03678379322230018,0.1605597471749748,0.0,0.0,0.0,41.87682736075615,0.0,0.0,0.0,0.04021196182351065,0.1624109864769797,0.0,0.08467127279654538,0.03844078838499927,0.03844078838499927,0.9742322806601911,88.58367167468981
2,initial,0,2,0,0.0,0.0,0.03673251922203571,0.1773742530782736,0.032947022942735514,0.1647197091755978,0.0,0.0,0.0,43.06688181997741,0.0,0.0,0.0,0.03673251922203571,0.1773742530782736,1.4857820662426463e-171,0.10422279674493674,0.044652181857444136,0.044652181857444136,0.9638613367400595,88.41377596101495
2,initial,0,2,1,0.0,0.0,0.0627233704485214,0.26690906803937414,0.05419605678279849,0.2552352451186547,0.0,0.0024887898942050203,0.17537594023888803,41.23440378648331,0.0,0.0,0.0,0.06313266539036809,0.24670689523842187,0.19537028613279278,0.08413399821346895,0.04080223667080803,0.04080223667080803,0.9729485220026375,60.9513010469598
2,initial,0,2,2,0.0,0.0,0.04668618396684291,0.22726887253620862,0.041922064619913046,0.20582171439448935,0.0,0.0012506885186638267,0.15777331630066402,40.92959068160613,0.0,0.0,0.0,0.04669446238990533,0.2147700759577574,0.17594991014357694,0.10830135690950972,0.04244910578845495,0.04244910578845495,0.9640843809382659,60.953369584305165
2,initial,0,2,3,0.0,0.0,0.042926810365358656,0.1731740916729349,0.03831208909690594,0.16042944035357123,0.0,0.0,0.0,41.07193919676457,0.0,0.0,0.0,0.042926810365358656,0.1731740916729349,0.0,0.12357367635745195,0.04636477961432425,0.04636477961432425,0.9552252397229088,88.27125098057704
2,initial,0,2,4,0.0,0.0,0.033255656371643384,0.16165097961008693,0.031192991141178128,0.14665234231897756,0.0,0.0,0.0,41.96267585509091,0.0,0.0,0.0,0.033255656371643384,0.16165097961008693,0.0,0.08159442638557722,0.031407001982867826,0.031407001982867826,0.979531400900115,88.66995818955692
2,initial,0,3,0,0.0,0.0,0.03797353594541479,0.1771571339380152,0.03303074185333998,0.1616911592276284,0.0,0.0,0.0,43.27848776970291,0.0,0.0,0.0,0.03797353594541479,0.1771571339380152,0.0,0.11081466000577994,0.03578750863872008,0.03578750863872008,0.9686626406506091,88.49259998358377
2,initial,0,3,1,0.0,0.0,0.03962588483857837,0.1535462195373264,0.035133507050095616,0.15858633024658003,0.0,0.0,0.0,41.8010731032208,0.0,0.0,0.0,0.03962588483857837,0.1535462195373264,0.0,0.10196006410574153,0.04114158576444675,0.04114158576444675,0.9671218559424374,88.46733658676834
2,initial,0,3,2,0.0,0.0,0.03302434042709272,0.14870206059552604,0.030289685966504637,0.14041164723210825,0.0,0.0,0.0,41.61153125537458,0.0,0.0,0.0,0.03302434042709272,0.14870206059552604,5e-324,0.09206952732498795,0.046744913648984546,0.046744913648984546,0.9665975305154721,88.45873262806714
2,initial,0,3,3,0.0,0.0,0.036373277659924395,0.15890070169956363,0.034504100320108665,0.14980053918192446,0.0,0.0,0.0,41.82804958924906,0.0,0.0,0.0,0.036373277659924395,0.15890070169956363,0.0,0.09902003314288824,0.048412573379353036,0.048412573379353036,0.9626015829091835,88.39304555934088
2,initial,0,3,4,0.0,0.0,0.04584030315842762,0.1792340679979452,0.04322408998167106,0.17250813845741886,0.0,0.0,0.0,42.84509947215984,0.0,0.0,0.0,0.04584030315842762,0.1792340679979452,0.0,0.06185089248393037,0.04126096978654943,0.04126096978654943,0.980057345926592,88.67850313189211
2,initial,0,4,0,0.0,0.0,0.049134467060330075,0.17669256899692276,0.043171108843720864,0.16932421122699504,0.0,0.0,0.0,43.94215422758882,0.0,0.0,0.0,0.049134467060330075,0.17669256899692276,0.0,0.09686538103896039,0.044211582322933526,0.044211582322933526,0.9661750015276716,88.45179655859306
2,initial,0,4,1,0.0,0.0,0.036367087169135594,0.15448489125135775,0.033693701232467295,0.1451055784964781,0.0,0.0,0.0,43.107805525939455,0.0,0.0,0.0,0.036367087169135594,0.15448489125135775,0.0,0.06340117929599991,0.04604539310664862,0.04604539310664862,0.976919289765637,88.62746859185063
2,initial,0,4,2,0.0,0.0,0.04820148034730401,0.18388375643270527,0.04250757854240698,0.17289362716130707,0.0,0.0,0.0,43.04672446300876,0.0,0.0,0.0,0.04820148034730401,0.18388375643270527,0.0,0.07242743779596376,0.060132534708585456,0.060132534708585456,0.9657430214890667,88.44470299212465
2,initial,0,4,3,0.0,0.0,0.036612713259275655,0.17119195748657656,0.03388575389831514,0.1562362060503385,0.0,0.0,0.0,43.277768697104776,0.0,0.0,0.0,0.036612713259275655,0.17119195748657656,0.0,0.08403806013842799,0.04517698051372242,0.04517698051372242,0.9702580161934093,88.51872673694834
2,initial,0,4,4,0.0,0.0,0.03564460619340387,0.15387907095633652,0.03234310366005353,0.14437279313823337,0.0,0.0,0.0,44.16191149783339,0.0,0.0,0.0,0.03564460619340387,0.15387907095633652,0.0,0.09619570532265918,0.04257163228250799,0.04257163228250799,0.9677364921179249,88.47741805358851
3,initial,0,0,0,0.0,0.0,0.051739271660017794,0.28554788396849207,0.0459244580690771,0.20239164801029086,0.0,0.0,0.0,45.261387440377504,0.0,0.0,0.0,0.051739271660017794,0.28554788396849207,0.0,0.07129069485489385,0.10650758541354258,0.10650758541354258,0.940694359730277,88.02924559047847
3,initial,0,0,1,0.0,0.0,0.05192482293676336,0.23501351019951516,0.04803805514365509,0.22268127429067297,0.0,0.0,0.0,45.2668397084134,0.0,0.0,0.0,0.05192482293676336,0.23501351019951516,0.0,0.0803602991001259,0.10895303500155251,0.10895303500155251,0.9328147168933788,87.89683923205057
3,initial,0,0,2,0.0,0.0,0.05085886628719587,0.2047350898823009,0.04413662361984949,0.18628884058330925,0.0,0.0,0.0,44.15836384187581,0.0,0.0,0.0,0.05085886628719587,0.2047350898823009,0.0,0.09782295166440068,0.08810879827537743,0.08810879827537743,0.9330383653453955,87.90060887566976
3,initial,0,0,3,0.0,0.0,0.040833164368669565,0.17862847016202965,0.0368546609041797,0.16909186372536658,0.0,0.0,0.0,43.157601419326184,0.0,0.0,0.0,0.040833164368669565,0.17862847016202965,0.0,0.08659241169508519,0.09892349043628032,0.09892349043628032,0.9338490313147838,87.91426715048452
3,initial,0,0,4,0.0,0.0,0.05800086112556779,0.22266492033579183,0.0491076075890265,0.20031458710559424,0.0,0.0,0.0,43.077148014580345,0.0,0.0,0.0,0.05800086112556779,0.22266492033579183,0.0,0.062766047457347,0.09499986472491888,0.09499986472491888,0.9534973915078061,88.24261968313058
3,initial,0,1,0,0.0,0.0,0.055266024454380655,0.2788348127451492,0.04659456167808895,0.19607588638495727,0.0,0.0,0.0,45.26127123629567,0.0,0.0,0.0,0.055266024454380655,0.2788348127451492,0.0,0.06227458925010322,0.09311718591009863,0.09311718591009863,0.9547053436464626,88.26264013424262
3,initial,0,1,1,0.0,0.0,0.05606492197530524,0.2526231072934609,0.050494481212562545,0.2230984360759505,0.0,0.0,0.0,45.2781323554031,0.0,0.0,0.0,0.05606492197530524,0.2526231072934609,0.0,0.07348882043903542,0.09235697548783448,0.09235697548783448,0.9477428069328292,88.14698188123155
3,initial,0,1,2,0.0,0.0,0.054475875380883367,0.22869335710059494,0.045209454632596874,0.20140578813159993,0.0,0.0,0.0,44.315192328034215,0.0,0.0,0.0,0.054475875380883367,0.22869335710059494,0.0,0.07771114403535612,0.08897472174868527,0.08897472174868527,0.9458562872608681,88.11553425391546
3,initial,0,1,3,0.0,0.0,0.04469501107667953,0.19239982819518509,0.03990650460443651,0.18030051694492566,0.0,0.0,0.0,43.354816399178794,0.0,0.0,0.0,0.04469501107667953,0.19239982819518509,0.0,0.08982500513400389,0.10742178909619213,0.10742178909619213,0.9255589212792611,87.77417182330285
3,initial,0,1,4,0.0,0.0,0.04556215456253193,0.18964753505960608,0.03690769129292685,0.17030802156683184,0.0,0.0,0.0,42.99869743871419,0.0,0.0,0.0,0.04556215456253193,0.18964753505960608,0.0,0.08999476401423336,0.09609417424137774,0.09609417424137774,0.933058998537353,87.9009566184912
3,initial,0,2,0,0.0,0.0,0.040089440591006525,0.17870734048823048,0.03872092534083044,0.17567859413037196,0.0,0.0,0.0,44.96275390619882,0.0,0.0,0.0,0.040089440591006525,0.17870734048823048,0.0,0.07197812108973299,0.07894481799370758,0.07894481799370758,0.9561144223705696,88.28597004055247
3,initial,0,2,1,0.0,0.0,0.04975168050350469,0.21997132356205734,0.04857404162082358,0.22009791637672554,0.0,0.0,0.0,45.090461024185046,0.0,0.0,0.0,0.04975168050350469,0.21997132356205734,0.0,0.08183719893838345,0.06546750834301915,0.06546750834301915,0.9580700537500694,88.31830644539258
3,initial,0,2,2,0.0,0.0,0.05086382008695749,0.22940691603530522,0.04626473935126386,0.20962605041247773,0.0,0.0,0.0,43.680533848182606,0.0,0.0,0.0,0.05086382008695749,0.22940691603530522,0.0,0.07779567538693744,0.08550467677749188,0.08550467677749188,0.9480192752236115,88.15158656632201
3,initial,0,2,3,0.0,0.0,0.04279615048418837,0.17585213381102677,0.03519601146624808,0.16130610195506737,0.0,0.0,0.0,42.48806516014755,0.0,0.0,0.0,0.04279615048418837,0.17585213381102677,0.0,0.0930941728789573,0.11035803552974237,0.11035803552974237,0.9210298626090014,87.6972369305818
3,initial,0,2,4,0.0,0.0,0.04153502136979448,0.1696793780475724,0.039017711474168125,0.16869623311227208,0.0,0.0,0.0,41.979292970651215,0.0,0.0,0.0,0.04153502136979448,0.1696793780475724,0.0,0.09401932028154222,0.10942781704142385,0.10942781704142385,0.921105085208623,87.69851704779197
3,initial,0,3,0,0.0,0.0,0.04486164537421524,0.20347105468935694,0.038962400516643986,0.1920535724181397,0.0,0.0,0.0,43.95035196110791,0.0,0.0,0.0,0.04486164537421524,0.20347105468935694,0.0,0.08731365952619147,0.07920170279758457,0.07920170279758457,0.9458630284709112,88.11564671125754
3,initial,0,3,1,0.0,0.0,0.05321710450847939,0.23202981280890642,0.04609495481268208,0.20681793951787752,0.0,0.0,0.0,44.83980365951908,0.0,0.0,0.0,0.05321710450847939,0.23202981280890642,0.0,0.05743806583962204,0.061087782343170485,0.061087782343170485,0.9722040752796162,88.55055289263618
3,initial,0,3,2,0.0,0.0,0.05526547042494242,0.24028407296586332,0.051364905479185145,0.22734923715673644,0.0,0.0,0.0,43.620197169459345,0.0,0.0,0.0,0.05526547042494242,0.24028407296586332,0.0,0.05937286228635692,0.05799086627469771,0.05799086627469771,0.972151645029308,88.54969606667075
3,initial,0,3,3,0.0,0.0,0.032741099761387026,0.15684028629394103,0.032516896758030794,0.15566942831925296,0.0,0.0,0.0,42.4208713818069,0.0,0.0,0.0,0.032741099761387026,0.15684028629394103,0.0,0.07111287601654702,0.08224328562183439,0.08224328562183439,0.9539000283930218,88.24929505014259
3,initial,0,3,4,0.0,0.0,0.05065490855375772,0.23238915682974337,0.04217898242682214,0.2039273636673372,0.0,0.0,0.0,41.80191877377877,0.0,0.0,0.0,0.05065490855375772,0.23238915682974337,0.0,0.07571058687325202,0.11175267334306602,0.11175267334306602,0.9344927929495492,87.92510705183552
3,initial,0,4,0,0.0,0.0,0.03835700666254427,0.18924141611383385,0.03621714214343227,0.18069148313073935,0.0,0.0,0.0,42.90048426886019,0.0,0.0,0.0,0.03835700666254427,0.18924141611383385,0.0,0.07324770458404353,0.069623740122438,0.069623740122438,0.9600106659816636,88.35034560980856
3,initial,0,4,1,0.0,0.0,0.059738393737140835,0.20320452414260365,0.0481358220187059,0.1862263236159078,0.0,0.0,0.0,44.22522672260282,0.0,0.0,0.0,0.059738393737140835,0.20320452414260365,0.0,0.061561809195732405,0.06819446906112558,0.06819446906112558,0.9671682741134289,88.4680981207573
3,initial,0,4,2,0.0,0.0,0.046015615118729834,0.2024898043405921,0.042579873635875114,0.18950477743346483,0.0,0.0,0.0,43.91214062592108,0.0,0.0,0.0,0.046015615118729834,0.2024898043405921,0.0,0.07061268811453457,0.07934181131100057,0.07934181131100057,0.9560235897266725,88.28446691586123
3,initial,0,4,3,0.0,0.0,0.03937856708166679,0.18532506033146717,0.03541615343127269,0.17276843151132748,0.0,0.0,0.0,42.880669336878704,0.0,0.0,0.0,0.03937856708166679,0.18532506033146717,0.0,0.06732108173224928,0.07741051704052214,0.07741051704052214,0.9587862784906046,88.33013685110309
3,initial,0,4,4,0.0,0.0,0.04938202410849227,0.20519519058975,0.04539475833507453,0.18909178877141214,0.0,0.0,0.0,41.946108861577635,0.0,0.0,0.0,0.04938202410849227,0.20519519058975,0.0,0.07668761757789393,0.11244951510988742,0.11244951510988742,0.9333774922742157,87.90632364160936
4,initial,0,0,0,0.0,0.0,0.06550055062429053,0.2851215923095819,0.05839333219330034,0.26328473588324275,0.0,0.0026173990975823613,0.16543485138175562,47.564439244320845,0.0,0.0,0.0,0.06282191572234627,0.2582248136046458,0.14899535959119073,0.07317229554689804,0.09840444315206813,0.09840444315206813,0.9438718632979272,26.994840762475526
4,initial,0,0,1,0.0,0.0,0.04613739341394181,0.20421700671437987,0.04318322982105034,0.19714393068163794,0.0,0.0012556691122710111,0.11954105554016356,45.963018463736475,0.0,0.0,0.0,0.04619463681878397,0.18679511460952752,0.1417433509789093,0.09017099157683445,0.07638074811033638,0.07638074811033638,0.9467359874866986,64.7155874585184
4,initial,0,0,2,0.0,0.0,0.053693015327083884,0.18904183547675846,0.04681742613117519,0.20185556321079304,0.0,0.0,0.0,44.73730377429638,0.0,0.0,0.0,0.053693015327083884,0.18904183547675846,0.0,0.08513337521994593,0.07874951364405719,0.07874951364405719,0.9477176985584124,88.14656364175644
4,initial,0,0,3,0.0,0.0,0.04140042256126279,0.19670251701431168,0.037404809502306825,0.18313800373334435,0.0,0.0,0.0,44.379337489487455,0.0,0.0,0.0,0.04140042256126279,0.19670251701431168,0.0,0.08532695478048921,0.07743680332088175,0.07743680332088175,0.9484542022495526,88.15882840422324
4,initial,0,0,4,0.0,0.0,0.04102750404392735,0.17877041446500996,0.03781718483010915,0.16855998797904326,0.0,0.0,0.0,44.376281342262715,0.0,0.0,0.0,0.04102750404392735,0.17877041446500996,0.0,0.07546413272913333,0.07020618787598785,0.07020618787598785,0.9582648673807984,88.32152498057172
4,initial,0,1,0,0.0,0.0,0.049161592396696575,0.22059838489948397,0.04220816780841998,0.2021389182341525,0.0,0.0,0.0,47.11201180323876,0.0,0.0,0.0,0.049161592396696575,0.22059838489948397,1.0182946760736356e-57,0.08464860536146901,0.07406083795672098,0.07406083795672098,0.9508402846103593,88.1985140844667
4,initial,0,1,1,0.0,0.0,0.03555076882521695,0.1829419106655258,0.03318498343309128,0.17175983406609832,0.0,0.0,0.0,45.55978496328627,0.0,0.0,0.0,0.03555076882521695,0.1829419106655258,6.96990515608399e-135,0.07981637433856599,0.07133402137864936,0.07133402137864936,0.955384199968805,88.27388307864646
4,initial,0,1,2,0.0,0.0,0.04847731471228668,0.195922975100855,0.04408431076764994,0.18550573134287612,0.0,0.0,0.0,44.740670691540224,0.0,0.0,0.0,0.04847731471228668,0.195922975100855,0.0,0.06617687853131853,0.07831264260374046,0.07831264260374046,0.9592544160460919,88.33786583860717
4,initial,0,1,3,0.0,0.0,0.05092642449469629,0.2105233157174883,0.04428964331982794,0.19353418013971213,0.0,0.0,0.0,44.620883013804374,0.0,0.0,0.0,0.05092642449469629,0.2105233157174883,0.0,0.0893991289599934,0.07385911484164559,0.07385911484164559,0.9486186528703634,88.16156597269209
4,initial,0,1,4,0.0,0.0,0.0397128856054293,0.18011971769905916,0.03484357710715593,0.14906396525111115,0.0,0.0,0.0,44.73569261336404,0.0,0.0,0.0,0.0397128856054293,0.18011971769905916,0.0,0.07994481324391402,0.06077162245711263,0.06077162245711263,0.9619496068083236,88.38230870487784
4,initial,0,2,0,0.0,0.0,0.04189984403032211,0.21438251520410143,0.03802451071700077,0.20179392930492573,0.0,0.0,0.0,46.93734487980223,0.0,0.0,0.0,0.04189984403032211,0.21438251520410143,0.0,0.08160494031545848,0.0536036205428665,0.0536036205428665,0.9651484978677112,88.43493639672502
4,initial,0,2,1,0.0,0.0,0.03605520167066089,0.18183285421667417,0.03582474241763443,0.1748119043028538,0.0,0.0,0.0,45.319014326994804,0.0,0.0,0.0,0.03605520167066089,0.18183285421667417,0.0,0.08024136271908272,0.06009948668973901,0.06009948668973901,0.9620256601302302,88.38356144519365
4,initial,0,2,2,0.0,0.0,0.06888679452115244,0.2745457918756965,0.05506558497914479,0.21753863860032147,0.0,0.0,0.0,44.524841705513325,0.0,0.0,0.0,0.06888679452115244,0.2745457918756965,8.094632116536535e-244,0.07357641883151464,0.08141481166651221,0.08141481166651221,0.9533137131929655,88.23957375527776
4,initial,0,2,3,0.0,0.0,0.04639725463551841,0.21064047283732545,0.041773823090788705,0.19272580059373012,0.0,0.00022883789379699843,0.09153515751879937,44.53190827990444,0.0,0.0,0.0,0.04641663456846746,0.2103305288279733,0.08726435533988983,0.08570012613240376,0.08337007599775824,0.08337007599775824,0.9443406565853502,26.995088410983065
4,initial,0,2,4,0.0,0.0,0.045266168619352676,0.19609853281968073,0.0379387135263649,0.17477725113294512,0.0,0.0,0.0,45.237902184707686,0.0,0.0,0.0,0.045266168619352676,0.19609853281968073,3.02001411156702e-46,0.09878815164249395,0.06919706244025191,0.06919706244025191,0.946605746834768,88.1280331116386
4,initial,0,3,0,0.0,0.0,0.04145374582533237,0.19197925410471273,0.03678455985464021,0.1778247658227509,0.0,0.0,0.0,46.96738573858047,0.0,0.0,0.0,0.04145374582533237,0.19197925410471273,0.0,0.07974670527778724,0.058466527848584346,0.058466527848584346,0.9630471614785524,88.40038028671572
4,initial,0,3,1,0.0,0.0,0.04403107804780197,0.2017154637544944,0.04286906706962075,0.19512037701916327,0.0,0.0,0.0,45.318147219135014,0.0,0.0,0.0,0.04403107804780197,0.2017154637544944,0.0,0.06348097710744219,0.06872668361505814,0.06872668361505814,0.9663251879230381,88.45426221987194
4,initial,0,3,2,0.0,0.0,0.05230443765843784,0.22285750086651737,0.04948614087883233,0.21268780213078312,0.0,0.0,0.0,44.40620986981117,0.0,0.0,0.0,0.05230443765843784,0.22285750086651737,4.251661988184059e-198,0.07578563564617556,0.08836215103528304,0.08836215103528304,0.9484717043224065,88.15911977379179
4,initial,0,3,3,0.0,0.0,0.05331426365232836,0.28882012114796046,0.047826071711748665,0.266241658204938,0.0,0.005328880738022537,0.32740074503894845,44.39803398345036,0.0,0.0,0.0,0.048671122643803064,0.23075456978490977,0.3530755116082272,0.08304649624812019,0.08907582658205143,0.08907582658205143,0.9426544335882658,57.74747575477296
4,initial,0,3,4,0.0,0.0,0.04929557618144763,0.22874597952842374,0.04773875029713503,0.22370899742639633,0.0,0.0,0.0,44.909109411745334,0.0,0.0,0.0,0.04929557618144763,0.22874597952842374,6.134322469756769e-46,0.08574022415304308,0.07719390308239378,0.07719390308239378,0.9481541148901661,88.15383200714511
4,initial,0,4,0,0.0,0.0,0.05320698222876295,0.2334843241372183,0.046276778941296885,0.21305511060650162,0.0,0.0,0.0,47.505467147295064,0.0,0.0,0.0,0.05320698222876295,0.2334843241372183,0.0,0.08293558345515355,0.06485770504959922,0.06485770504959922,0.9572597916617062,88.30491475705878
4,initial,0,4,1,0.0,0.0,0.05450144544998396,0.20679854075729476,0.050535705071080766,0.19184887772413678,0.0,0.0,0.0,45.67127823685588,0.0,0.0,0.0,0.05450144544998396,0.20679854075729476,0.0,0.06564513078314578,0.07544701709994216,0.07544701709994216,0.9605332091203215,88.35896440302403
4,initial,0,4,2,0.0,0.0,0.04465401517418271,0.19453770678859514,0.0415351332590714,0.18316140116680235,0.0,0.0,0.0,44.515874077880824,0.0,0.0,0.0,0.04465401517418271,0.19453770678859514,7.266639346018374e-257,0.08852064681908672,0.10220958519327471,0.10220958519327471,0.9307904354450705,87.86268865396383
4,initial,0,4,3,0.0,0.0,0.03930253070742218,0.16113260471980134,0.03305407903268629,0.14517529856109632,0.0,0.0013862215411395717,0.10406453364510204,44.481205507201075,0.0,0.0,0.0,0.039412537769906934,0.16223619558174493,0.09220558952593898,0.10051385060367612,0.0946686953686405,0.0946686953686405,0.9266297805256312,26.985667544636662
4,initial,0,4,4,0.0,0.0,0.04728704452348595,0.19105452941470824,0.043120196067094003,0.18280885534037777,0.0,0.0012524278614209348,0.09464903419089217,44.91397094714561,0.0,0.0,0.0,0.048435320873672756,0.19044157089133462,0.09213050050223036,0.08195420510052287,0.09946509455942358,0.09946509455942358,0.937392727475752,26.99140855700278
5,initial,0,0,0,0.0,0.0,0.034861810640159925,0.16123992934392584,0.031301969289361624,0.1444366548172234,0.0,0.0,0.0,42.96303408263467,0.0,0.0,0.0,0.034861810640159925,0.16123992934392584,0.0,0.0891147540913574,0.06056269986168479,0.06056269986168479,0.9583747431352915,88.3233400322948
5,initial,0,0,1,0.0,0.0,0.040094156438034705,0.16436769971547027,0.034229298693907735,0.1442837457948541,0.0,0.0,0.0,43.13207873958455,0.0,0.0,0.0,0.040094156438034705,0.16436769971547027,0.0,0.07704462358216797,0.06446426725468873,0.06446426725468873,0.9610704480916294,88.36782192285263
5,initial,0,0,2,0.0,0.0,0.024739992287257397,0.12893874512400805,0.02232599559758127,0.12232648458576781,0.0,0.0,0.0,43.37018808179832,0.0,0.0,0.0,0.024739992287257397,0.12893874512400805,0.0,0.0842443902992111,0.06325365804795048,0.06325365804795048,0.9584721099320607,88.32494831651204
5,initial,0,0,3,0.0,0.0,0.03304923576939518,0.15596135039897943,0.029108757869601997,0.14475240567666614,0.0,0.0,0.0,44.05143204150899,0.0,0.0,0.0,0.03304923576939518,0.15596135039897943,0.0,0.08813839227296316,0.05390355283244386,0.05390355283244386,0.9624929597125221,88.3912571125982
5,initial,0,0,4,0.0,0.0,0.03674776905277172,0.17716440705900288,0.035060673745758775,0.17190470666895996,0.0,0.0,0.0,43.67577123529534,0.0,0.0,0.0,0.03674776905277172,0.17716440705900288,0.0,0.08816900575997665,0.049167591912942205,0.049167591912942205,0.9656639179416169,88.44340377092294
5,initial,0,1,0,0.0,0.0,0.030113976428801134,0.1310431706098048,0.028001734760630677,0.12506096549606888,0.0,0.0,0.0,41.56219189498313,0.0,0.0,0.0,0.030113976428801134,0.1310431706098048,0.0,0.09663420795874987,0.0446592058810623,0.0446592058810623,0.9660258554532031,88.44934769212593
5,initial,0,1,1,0.0,0.0,0.04203091040410576,0.20301616457603,0.034719752908046964,0.1350413293558989,0.0,0.0,0.0,42.43097282025548,0.0,0.0,0.0,0.04203091040410576,0.20301616457603,0.0,0.06717141982944667,0.03298353039068139,0.03298353039068139,0.982300947418768,88.71491597542423
5,initial,0,1,2,0.0,0.0,0.03497386002513531,0.1413451603470329,0.029778170634472065,0.12862597194877684,0.0,0.0,0.0,43.160160653834296,0.0,0.0,0.0,0.03497386002513531,0.1413451603470329,0.0,0.09548450107758043,0.04647582642053292,0.04647582642053292,0.9647623498607123,88.4285904949518
5,initial,0,1,3,0.0,0.0,0.03665977283940666,0.15232682745482193,0.03226062860461239,0.14689246701375824,0.0,0.0,0.0,44.0496752086706,0.0,0.0,0.0,0.03665977283940666,0.15232682745482193,0.0,0.0866227581792507,0.04777550160239048,0.04777550160239048,0.9668790168546875,88.46335213499765
5,initial,0,1,4,0.0,0.0,0.04447178453937548,0.18512248702460732,0.03950918095316773,0.17034155145404623,0.0,0.0,0.0,43.71913679400407,0.0,0.0,0.0,0.04447178453937548,0.18512248702460732,0.0,0.08216566396513512,0.05095238196982147,0.05095238196982147,0.9671184808789903,88.4672812145919
5,initial,0,2,0,0.0,0.0,0.04300022774504396,0.15808642648631602,0.03764957820096966,0.1594988146822201,0.0,0.0,0.0,41.48643851158405,0.0,0.0,0.0,0.04300022774504396,0.15808642648631602,0.0,0.08319140180421175,0.05329101693167192,0.05329101693167192,0.965409925595811,88.43923158215897
5,initial,0,2,1,0.0,0.0,0.03397650025722884,0.14341511102116014,0.03197811520344438,0.12964070867841468,0.0,0.0,0.0,42.46444534651337,0.0,0.0,0.0,0.03397650025722884,0.14341511102116014,0.0,0.09142609628966859,0.05345993321025146,0.05345993321025146,0.9614995791196569,88.37489438734315
5,initial,0,2,2,0.0,0.0,0.04353610135084016,0.18265722524394173,0.03608359538868366,0.16138906101425193,0.0,0.0,0.0,43.41990507711508,0.0,0.0,0.0,0.04353610135084016,0.18265722524394173,0.0,0.10810797763390419,0.04443225464720628,0.04443225464720628,0.9622690103035871,88.38756937824189
5,initial,0,2,3,0.0,0.0,0.042481995009397505,0.15474217664908665,0.03832998428935456,0.14312327125882401,0.0,0.0,0.0,44.6566022215079,0.0,0.0,0.0,0.042481995009397505,0.15474217664908665,0.0,0.08214307197376433,0.05281058835561361,0.05281058835561361,0.9661412130082813,88.4512418013359
5,initial,0,2,4,0.0,0.0,0.039867567250789826,0.18033820183424704,0.03676186915536514,0.1716180492087185,0.0,0.0,0.0,44.46318944319624,0.0,0.0,0.0,0.039867567250789826,0.18033820183424704,0.0,0.07051011184719443,0.05685380933705558,0.05685380933705558,0.9682420902927115,88.48570744357298
5,initial,0,3,0,0.0,0.0,0.04328662982172994,0.16404524288384842,0.03974096264523281,0.15758372905244677,0.0,0.0,0.0,41.95747058455293,0.0,0.0,0.0,0.04328662982172994,0.16404524288384842,0.0,0.08360157580932207,0.0584672177795546,0.0584672177795546,0.9620632967684254,88.38418136347424
5,initial,0,3,1,0.0,0.0,0.03885181882916076,0.17899786924632727,0.036716848290961834,0.16645051012890322,0.0,0.0,0.0,43.468708241035706,0.0,0.0,0.0,0.03885181882916076,0.17899786924632727,0.0,0.09545782839203647,0.06387443299390984,0.06387443299390984,0.9528431516804455,88.23176844970342
5,initial,0,3,2,0.0,0.0,0.04004281312319283,0.15568265864307118,0.03561036898852978,0.14738349118895075,0.0,0.0,0.0,44.50927852020829,0.0,0.0,0.0,0.04004281312319283,0.15568265864307118,0.0,0.07980000070543371,0.04696725732443589,0.04696725732443589,0.9697347226546352,88.51016054541927
5,initial,0,3,3,0.0,0.0,0.04427430442988105,0.22080773108164364,0.04007346226462664,0.15746993237888357,0.0,0.0,0.0,45.482752166011934,0.0,0.0,0.0,0.04427430442988105,0.22080773108164364,4.334049634129692e-295,0.08673298643418667,0.049910431255329915,0.049910431255329915,0.9655098995983135,88.44087389685114
5,initial,0,3,4,0.0,0.0,0.03941612697228173,0.14607544048439064,0.03438717816975268,0.13407551773422252,0.0,0.0,0.0,45.48610312059343,0.0,0.0,0.0,0.03941612697228173,0.14607544048439064,2.4656335582698378e-290,0.06847624879887472,0.06761625960691052,0.06761625960691052,0.9636899036319693,88.41095606736015
5,initial,0,4,0,0.0,0.0,0.04140775018233863,0.19803445384352264,0.03626017116849306,0.15344229213579724,0.0,0.0,0.0,43.05469739978799,0.0,0.0,0.0,0.04140775018233863,0.19803445384352264,0.0,0.09041920115702162,0.047149785626413136,0.047149785626413136,0.9662922734715553,88.45372187668852
5,initial,0,4,1,0.0,0.0,0.03661979076426391,0.16428461954606177,0.03402096523632636,0.1590990996168165,0.0,0.0,0.0,44.73149318776431,0.0,0.0,0.0,0.03661979076426391,0.16428461954606177,7.323897778049314e-83,0.08566125795847455,0.0434511638007668,0.0434511638007668,0.9707420868115,88.52664777390052
5,initial,0,4,2,0.0,0.0,0.04998325745928321,0.17674483180655035,0.04299443536818471,0.15906165138247344,0.0,0.0019247314210226298,0.10843815946373732,45.30621156940363,0.0,0.0,0.0,0.05147774901795822,0.22522367277659416,0.11802004674364595,0.08291249137800179,0.039149739561964554,0.039149739561964554,0.9743569514886768,58.94167844806072
5,initial,0,4,3,0.0,0.0,0.03895359190698344,0.14864138814594036,0.03524677183836347,0.1632260445534056,0.0,0.002564254853466502,0.09350434713744987,45.549236624619105,0.0,0.0,0.0,0.038252371574646706,0.171534796252103,0.11796561770533448,0.07116500443851541,0.039631826866508846,0.039631826866508846,0.9778671500071241,67.94680195584394
5,initial,0,4,4,0.0,0.0,0.05564250129761124,0.30504389961340916,0.04834269467566468,0.1751010481938096,0.0,0.000516956659062314,0.08717058274692163,45.37944403603984,0.0,0.0,0.0,0.05637723744106632,0.3071267489253823,0.11741520344743288,0.09131947820651433,0.060508098175774565,0.060508098175774565,0.9569550997129244,70.09556329535286
6,initial,0,0,0,0.0,0.0,0.04106124980969119,0.15198980447317156,0.03631240826019979,0.141148396415579,0.0,0.0,0.0,45.44317905145014,0.0,0.0,0.0,0.04106124980969119,0.15198980447317156,0.0,0.044495037752414174,0.10007124575736283,0.10007124575736283,0.9648984393795541,88.43082718821367
6,initial,0,0,1,0.0,0.0,0.048685147397726156,0.2049213389056689,0.044050375132940245,0.18892062706752438,0.0,0.0,0.0,45.47793539327576,0.0,0.0,0.0,0.048685147397726156,0.2049213389056689,0.0,0.04698767746608748,0.1479806818181927,0.1479806818181927,0.9461115082701254,88.1197914494514
6,initial,0,0,2,0.0,0.0,0.045326330264763966,0.19815677092743866,0.04014762730878767,0.1841885297985905,0.0,0.0,0.0,45.6232401097714,0.0,0.0,0.0,0.045326330264763966,0.19815677092743866,0.0,0.059291283597856355,0.1230019605951733,0.1230019605951733,0.9433899993290072,88.07435106366236
6,initial,0,0,3,0.0,0.0,0.04292023657980993,0.21214347089344174,0.04011557158746764,0.20168444909864763,0.0,0.0009244910324073563,0.08988156104262433,45.86523488127766,0.0,0.0,0.0,0.0423043581319132,0.19910914562214982,0.06756348686887684,0.05258315446381658,0.15833124554544858,0.15833124554544858,0.9352658358578438,26.990277995973894
6,initial,0,0,4,0.0,0.0,0.037076911079911457,0.2059241553620394,0.03503300943971907,0.19884805494730173,0.0,0.001459689656197605,0.11082976862610384,46.12972116008514,0.0,0.0,0.0,0.03754781276985742,0.1779515850549741,0.0671170870723813,0.05609610568802896,0.1694567058441462,0.1694567058441462,0.9259789760315524,26.985318801836712
6,initial,0,1,0,0.0,0.0,0.04683187706903774,0.16197916312152758,0.04062750787372336,0.1559794912137219,0.0,0.0,0.0,44.156380871922465,0.0,0.0,0.0,0.04683187706903774,0.16197916312152758,0.0,0.03483816170270851,0.08615304827042979,0.08615304827042979,0.9763628168994497,88.61840578443804
6,initial,0,1,1,0.0,0.0,0.03360795954560714,0.15228633848467182,0.031515608472918684,0.14646826669386562,0.0,0.0,0.0,44.6396020404744,0.0,0.0,0.0,0.03360795954560714,0.15228633848467182,0.0,0.04049274336556079,0.1287094142580609,0.1287094142580609,0.9592718834681254,88.33815417235371
6,initial,0,1,2,0.0,0.0,0.03505455822147578,0.17380941608852496,0.03043583203651702,0.15079793719196882,0.0,0.0,0.0,45.033971845524086,0.0,0.0,0.0,0.03505455822147578,0.17380941608852496,0.0,0.04779788153496632,0.10289990925907841,0.10289990925907841,0.9614675118883301,88.37436597244309
6,initial,0,1,3,0.0,0.0,0.04014237704194144,0.17148847931650082,0.037488210512014716,0.16980663330240256,0.0,0.0,0.0,45.490052929687586,0.0,0.0,0.0,0.04014237704194144,0.17148847931650082,1.9762503636941345e-27,0.04484888882633338,0.12140762456019717,0.12140762456019717,0.9573724419117824,88.30677710410853
6,initial,0,1,4,0.0,0.0,0.05044106005543097,0.26540934477101796,0.04368309697184939,0.22950528674764073,0.0,0.00028942127392025225,0.044837566876674076,45.744649723096124,0.0,0.0,0.0,0.05047426988254978,0.26559168625688556,0.06743901231979066,0.04419573758980247,0.1313318655704854,0.1313318655704854,0.9545957903748683,73.13279775248745
6,initial,0,2,0,0.0,0.0,0.04939959311547584,0.18496322169689267,0.044513195829054976,0.17369157429898568,0.0,0.0,0.0,43.07387797851573,0.0,0.0,0.0,0.04939959311547584,0.18496322169689267,0.0,0.029608072607738737,0.10368649622770121,0.10368649622770121,0.9754621818422373,88.60372968348717
6,initial,0,2,1,0.0,0.0,0.03819929947547614,0.14991398992872923,0.03281624989496969,0.14103952239257492,0.0,0.0,0.0,44.0642281699789,0.0,0.0,0.0,0.03819929947547614,0.14991398992872923,0.0,0.04294102048372813,0.11520443427626155,0.11520443427626155,0.9612689586299166,88.37109384902598
6,initial,0,2,2,0.0,0.0,0.05037167956236269,0.19921523481943687,0.04765485967771522,0.18487528177805307,0.0,0.0,0.0,44.74351235854692,0.0,0.0,0.0,0.05037167956236269,0.19921523481943687,0.0,0.04183021732489951,0.12027968300708715,0.12027968300708715,0.9603481764013613,88.35591288738614
6,initial,0,2,3,0.0,0.0,0.03416097864920106,0.1449964155893077,0.03366007739338409,0.14278620043637094,0.0,0.0,0.0,45.34443216796489,0.0,0.0,0.0,0.03416097864920106,0.1449964155893077,0.0,0.04895825834106629,0.1299197508200318,0.1299197508200318,0.9502784821641727,88.18917683038471
6,initial,0,2,4,0.0,0.0,0.038430047056530275,0.18630187420499827,0.03690603751483113,0.17631953090538344,0.0,0.0,0.0,45.0503800041495,0.0,0.0,0.0,0.038430047056530275,0.18630187420499827,0.0,0.053886165142455124,0.1305630354993383,0.1305630354993383,0.9451077016996453,88.10304255532462
6,initial,0,3,0,0.0,0.0,0.05151076692017589,0.28153846813009065,0.04823594911198205,0.2625145609852144,0.0,0.0,0.0,42.82015241180491,0.0,0.0,0.0,0.05151076692017589,0.28153846813009065,0.0,0.04068262388099899,0.161736840268562,0.161736840268562,0.949273076367391,88.17245647220797
6,initial,0,3,1,0.0,0.0,0.03359880485683957,0.16011168075279297,0.03166944365342768,0.1488881105145439,0.0,0.0,0.0,43.975683278078925,0.0,0.0,0.0,0.03359880485683957,0.16011168075279297,0.0,0.03943047055548065,0.12124277067263689,0.12124277067263689,0.962787950777495,88.39611369503382
6,initial,0,3,2,0.0,0.0,0.0386004015823226,0.1948768554084298,0.03652079470879897,0.1776318232346134,0.0,0.0,0.0,44.74092400014335,0.0,0.0,0.0,0.0386004015823226,0.1948768554084298,0.0,0.03754590534111055,0.12196407240154493,0.12196407240154493,0.9641966773437401,88.41929087255936
6,initial,0,3,3,0.0,0.0,0.04203118945293822,0.19383444448842888,0.03957486785219781,0.18437768517536224,0.0,0.0,0.0,45.12017894823117,0.0,0.0,0.0,0.04203118945293822,0.19383444448842888,0.0,0.03828467091734177,0.1428082840693522,0.1428082840693522,0.9568408637587993,88.29798754962471
6,initial,0,3,4,0.0,0.0,0.05130088539497194,0.21613089568705682,0.04612912502823516,0.20949638312858504,0.0,0.0,0.0,43.92070524028638,0.0,0.0,0.0,0.05130088539497194,0.21613089568705682,0.0,0.0444066980544258,0.1534781259115976,0.1534781259115976,0.9465818944500133,88.12763543595156
6,initial,0,4,0,0.0,0.0,0.06741052420138947,0.29970572243657145,0.05601662418343242,0.2627655970307553,0.0,0.0,0.0,42.907961133092684,0.0,0.0,0.0,0.06741052420138947,0.29970572243657145,0.0,0.04874783002877019,0.12163179249231654,0.12163179249231654,0.954928884355575,88.26634298716552
6,initial,0,4,1,0.0,0.0,0.05378481856726545,0.23124404601511975,0.04483504725348003,0.20034521028408847,0.0,0.0,0.0,44.041319145898434,0.0,0.0,0.0,0.05378481856726545,0.23124404601511975,0.0,0.04923789198262339,0.14075696058487008,0.14075696058487008,0.9457166287596204,88.11320432569471
6,initial,0,4,2,0.0,0.0,0.0395894137127045,0.19789860448740326,0.03679819810283867,0.1881415663987581,0.0,0.0,0.0,44.893117405471585,0.0,0.0,0.0,0.0395894137127045,0.19789860448740326,0.0,0.04565948177443439,0.14604935222618562,0.14604935222618562,0.9480021317317042,88.15130106420108
6,initial,0,4,3,0.0,0.0,0.042356588272939755,0.1897952044431884,0.038281137227315985,0.1801478832666409,0.0,0.0,0.0,44.62023235625241,0.0,0.0,0.0,0.042356588272939755,0.1897952044431884,0.0,0.054361297181826765,0.14721849942782808,0.14721849942782808,0.9381754708674412,87.98700994491665
6,initial,0,4,4,0.0,0.0,0.05109647069401696,0.2360320021725436,0.045234268470901465,0.22616445735237445,0.0,0.0,0.0,43.28216311030609,0.0,0.0,0.0,0.05109647069401696,0.2360320021725436,0.0,0.05499672024831403,0.1501363700422225,0.1501363700422225,0.9366711536692834,87.96174562266152
7,initial,0,0,0,0.0,0.0,0.03950650327779588,0.16914363481770966,0.034635549419457165,0.1580039568010031,0.0,0.0,0.0,42.45584235794818,0.0,0.0,0.0,0.03950650327779588,0.16914363481770966,0.0,0.09824541396372478,0.12563500219006626,0.12563500219006626,0.9067823057136404,87.45334918534789
7,initial,0,0,1,0.0,0.0,0.04739270151040241,0.223798530794186,0.040122414437997286,0.19783294078467534,0.0,0.0,0.0,43.14450490188908,0.0,0.0,0.0,0.04739270151040241,0.223798530794186,0.0,0.09270654072257063,0.10558470729663667,0.10558470729663667,0.9244571278498261,87.75548174722235
7,initial,0,0,2,0.0,0.0,0.04747487684192588,0.1827515047841589,0.0428698579955327,0.16562372538549658,0.0,0.0,0.0,43.64956736283698,0.0,0.0,0.0,0.04747487684192588,0.1827515047841589,0.0,0.0709334449589116,0.10911444399691256,0.10911444399691256,0.9395388039012283,88.00988027098171
7,initial,0,0,3,0.0,0.0,0.043703439592704126,0.19645504604857084,0.03980521990480546,0.1677590759226142,0.0,0.0,0.0,43.864726555337676,0.0,0.0,0.0,0.043703439592704126,0.19645504604857084,0.0,0.07855895241254282,0.13130478478578322,0.13130478478578322,0.9209252119186498,87.69545588390173
7,initial,0,0,4,0.0,0.0,0.0405101942524877,0.18562608848969686,0.03657596456379271,0.1749187846406542,0.0,0.0,0.0,44.64142514280723,0.0,0.0,0.0,0.0405101942524877,0.18562608848969686,0.0,0.06029941092920339,0.13236640866543822,0.13236640866543822,0.938130179006864,87.98624973251268
7,initial,0,1,0,0.0,0.0,0.03061861646493276,0.13611845066223555,0.029417830134475333,0.13439602672372977,0.0,0.0,0.0,44.219858058922824,0.0,0.0,0.0,0.03061861646493276,0.13611845066223555,0.0,0.09049154751456413,0.12169790691467554,0.12169790691467554,0.916330789493002,87.61711350759332
7,initial,0,1,1,0.0,0.0,0.039500493837908775,0.13416080467847877,0.032277031132121714,0.1355145230155126,0.0,0.0,0.0,44.26611451334615,0.0,0.0,0.0,0.039500493837908775,0.13416080467847877,0.0,0.08453099393098429,0.09188959125910548,0.09188959125910548,0.940027635625968,88.01807450962465
7,initial,0,1,2,0.0,0.0,0.03497070513477689,0.1684834193947743,0.03280334281715048,0.15978218638906666,0.0,0.0,0.0,44.167760902275745,0.0,0.0,0.0,0.03497070513477689,0.1684834193947743,0.0,0.07475000972730635,0.11807501762129669,0.11807501762129669,0.9314216581837573,87.8733436494103
7,initial,0,1,3,0.0,0.0,0.04697732296869214,0.1903580823684723,0.04270582275876899,0.18148725263988646,0.0,0.0,0.0,44.17891602135538,0.0,0.0,0.0,0.04697732296869214,0.1903580823684723,0.0,0.08234017463231566,0.12160528012194327,0.12160528012194327,0.9224732317750863,87.72178611440653
7,initial,0,1,4,0.0,0.0,0.03797114825933603,0.16616701230381176,0.03130660251218102,0.14222335089944257,0.0,0.0,0.0,44.80568993525307,0.0,0.0,0.0,0.03797114825933603,0.16616701230381176,0.0,0.06503083055898579,0.1225164686662543,0.1225164686662543,0.9372062286207264,87.97073544752246
7,initial,0,2,0,0.0,0.0,0.03880259185735642,0.1422657723831378,0.03447109275802293,0.13708230775798316,0.0,0.0,0.0,44.95467043625933,0.0,0.0,0.0,0.03880259185735642,0.1422657723831378,0.0,0.0631416669841708,0.12736159932171517,0.12736159932171517,0.9374567843555952,87.97494372551115
7,initial,0,2,1,0.0,0.0,0.02981798819728863,0.14578540738173157,0.02739419970711471,0.139416408868846,0.0,0.0,0.0,44.770121259551175,0.0,0.0,0.0,0.02981798819728863,0.14578540738173157,0.0,0.0712667585717419,0.08216948432488955,0.08216948432488955,0.9541445705417206,88.25334831341539
7,initial,0,2,2,0.0,0.0,0.054292673034595534,0.2832927879882735,0.050160297598485976,0.1561284849611264,0.0,0.0,0.0,44.580956170023036,0.0,0.0,0.0,0.054292673034595534,0.2832927879882735,0.0,0.07139796216190832,0.12173655830349539,0.12173655830349539,0.9328647185847587,87.89768208033331
7,initial,0,2,3,0.0,0.0,0.038204434932846316,0.15675041534256934,0.033454598286141134,0.1466970310690498,0.0,0.0,0.0,44.57705909097771,0.0,0.0,0.0,0.038204434932846316,0.15675041534256934,0.0,0.07709149476293968,0.09462511166391625,0.09462511166391625,0.9445746568754865,88.09414307573861
7,initial,0,2,4,0.0,0.0,0.04117960247354466,0.15655265791200654,0.037500030636177864,0.1495480810393232,0.0,0.0,0.0,44.952260244226125,0.0,0.0,0.0,0.04117960247354466,0.15655265791200654,0.0,0.07964904053155451,0.08055092642154162,0.08055092642154162,0.9504406898308957,88.1918731749563
7,initial,0,3,0,0.0,0.0,0.038838537915462476,0.15368626357823717,0.03558052282127034,0.1414017778396532,0.0,0.0,0.0,43.87498670386843,0.0,0.0,0.0,0.038838537915462476,0.15368626357823717,0.0,0.07943336482470346,0.1391425977190674,0.1391425977190674,0.9150265605699182,87.59482060939573
7,initial,0,3,1,0.0,0.0,0.04092121207146364,0.17222766744141998,0.03627420447676115,0.1566055268631289,0.0,0.0,0.0,43.80519206723921,0.0,0.0,0.0,0.04092121207146364,0.17222766744141998,0.0,0.06127287071475295,0.11271739160610127,0.11271739160610127,0.9467164461023788,88.12987863196619
7,initial,0,3,2,0.0,0.0,0.0449240910413178,0.16453973035598596,0.03803416966516838,0.15049942657470494,0.0,0.0,0.0,43.90489283155109,0.0,0.0,0.0,0.0449240910413178,0.16453973035598596,0.0,0.05445080614778518,0.15334003488964146,0.15334003488964146,0.9355525629615897,87.94293966674405
7,initial,0,3,3,0.0,0.0,0.038893283330355896,0.1906181219215688,0.033438387295712635,0.13078143385793584,0.0,0.0,0.0,44.309119888449096,0.0,0.0,0.0,0.038893283330355896,0.1906181219215688,0.0,0.09577185515165682,0.1306758841105042,0.1306758841105042,0.9056612357079342,87.43403720175925
7,initial,0,3,4,0.0,0.0,0.04084919192565997,0.19745168927422757,0.035988452195508815,0.17681194070423195,0.0,0.0,0.0,44.79364446031299,0.0,0.0,0.0,0.04084919192565997,0.19745168927422757,0.0,0.0968747903225741,0.10856965571441983,0.10856965571441983,0.9193819964235991,87.66917430962404
7,initial,0,4,0,0.0,0.0,0.03426032750173193,0.1376669909749772,0.028348443795390255,0.11620873099444912,0.0,0.0,0.0,42.60876492578683,0.0,0.0,0.0,0.03426032750173193,0.1376669909749772,0.0,0.0949739906618458,0.1337396134980273,0.1337396134980273,0.9032573195046071,87.39256589580489
7,initial,0,4,1,0.0,0.0,0.03586285111496922,0.14889038770450702,0.028428377663084783,0.12150210336536921,0.0,0.0,0.0,42.60305137427943,0.0,0.0,0.0,0.03586285111496922,0.14889038770450702,0.0,0.09030312289518927,0.13520349926735709,0.13520349926735709,0.9074345881394836,87.46457741442036
7,initial,0,4,2,0.0,0.0,0.040926014541129464,0.17550637342023845,0.035612923672650176,0.1623597559257543,0.0,0.0,0.0,42.974381046769224,0.0,0.0,0.0,0.040926014541129464,0.17550637342023845,0.0,0.08244899279870062,0.14779705832233905,0.14779705832233905,0.9065909536851131,87.45005414948622
7,initial,0,4,3,0.0,0.0,0.03099620337146548,0.1637664135721392,0.02804362459788974,0.12889892782627763,0.0,0.0,0.0,43.89409280842668,0.0,0.0,0.0,0.03099620337146548,0.1637664135721392,0.0,0.0924639823925169,0.13037113515185075,0.13037113515185075,0.9092125544125108,87.49515218125427
7,initial,0,4,4,0.0,0.0,0.041838950779760464,0.182905994930441,0.037746149153276315,0.16857271688187891,0.0,0.0,0.0,44.69597214658999,0.0,0.0,0.0,0.041838950779760464,0.182905994930441,0.0,0.08820897719275975,0.10559222065853388,0.10559222065853388,0.9282780023649261,87.82022517008863
8,initial,0,0,0,0.0,0.0,0.05221681717276297,0.2026577683156684,0.045741605811958276,0.19123120264128451,0.0,0.0,0.0,44.57453145757762,0.0,0.0,0.0,0.05221681717276297,0.2026577683156684,0.0,0.07973330446837602,0.07719134652529587,0.07719134652529587,0.9523609020106767,88.22376626996817
8,initial,0,0,1,0.0,0.0,0.04238291171140016,0.18313219451623391,0.03788700758986166,0.1609629102947407,0.0,0.0,0.0,44.480825136185466,0.0,0.0,0.0,0.04238291171140016,0.18313219451623391,0.0,0.08442548193241688,0.1026535514872322,0.1026535514872322,0.9327623366068665,87.8959562528863
8,initial,0,0,2,0.0,0.0,0.03898088603080804,0.18701015583210795,0.03590826463150129,0.17202426341602983,0.0,0.0,0.0,44.85452004084062,0.0,0.0,0.0,0.03898088603080804,0.18701015583210795,0.0,0.07961495056073713,0.09416122141890615,0.09416122141890615,0.9413326535600797,88.03993475464387
8,initial,0,0,3,0.0,0.0,0.03829045620637624,0.18031948907474882,0.03402873116584634,0.16438054208589864,0.0,0.0,0.0,45.1616590261952,0.0,0.0,0.0,0.03829045620637624,0.18031948907474882,0.0,0.06474927629809081,0.11010056301967326,0.11010056301967326,0.9452100545619793,88.10475096240121
8,initial,0,0,4,0.0,0.0,0.037056157242888535,0.17072318887920823,0.035993935420803716,0.1651985048707676,0.0,0.0,0.0,44.131386289840066,0.0,0.0,0.0,0.037056157242888535,0.17072318887920823,0.0,0.05485393602372783,0.12883074239427456,0.12883074239427456,0.9457706180735547,88.11410506211877
8,initial,0,1,0,0.0,0.0,0.040405363287792734,0.17475797338558108,0.03581456187460648,0.16506577783378057,0.0,0.0,0.0,45.69466565897156,0.0,0.0,0.0,0.040405363287792734,0.17475797338558108,0.0,0.08612177010173638,0.11100354481988141,0.11100354481988141,0.9255625868168441,87.77423397513863
8,initial,0,1,1,0.0,0.0,0.04556569558844574,0.1937159482907001,0.03990088894348905,0.16984636973564393,0.0,0.0,0.0,46.073163696755365,0.0,0.0,0.0,0.04556569558844574,0.1937159482907001,0.0,0.085788813206717,0.08115004793117837,0.08115004793117837,0.9455096207198365,88.10975032772336
8,initial,0,1,2,0.0,0.0,0.04844685928837457,0.24733227373268013,0.04459305343924557,0.2089685502708668,0.0,0.0,0.0,45.770055106650844,0.0,0.0,0.0,0.04844685928837457,0.24733227373268013,0.0,0.10635668729940305,0.11340581562262457,0.11340581562262457,0.9077793012921181,87.47050877713357
8,initial,0,1,3,0.0,0.0,0.048371518368525115,0.2177646327825803,0.04512435147941398,0.20957420307641061,0.0,0.0,0.0,44.748517988368064,0.0,0.0,0.0,0.048371518368525115,0.2177646327825803,0.0,0.10694312933871504,0.11179153225233876,0.11179153225233876,0.9086194677902973,87.48495816538127
8,initial,0,1,4,0.0,0.0,0.05891945821662281,0.2604137486804715,0.05301167161633213,0.23424910752743816,0.0,0.0,0.0,43.299364234813154,0.0,0.0,0.0,0.05891945821662281,0.2604137486804715,0.0,0.09544169526380264,0.1188866578624133,0.1188866578624133,0.9142179338066225,87.5809869591361
8,initial,0,2,0,0.0,0.0,0.04187124095872236,0.20026640476598792,0.03630698634722306,0.17964173067291667,0.0,0.0,0.0,44.6385598794476,0.0,0.0,0.0,0.04187124095872236,0.20026640476598792,0.0,0.07701831491218791,0.08606970312369278,0.08606970312369278,0.9486070155022333,88.16137226003049
8,initial,0,2,1,0.0,0.0,0.04181924543290228,0.2109159160154262,0.03773616636893899,0.19901887649681638,0.0,0.0,0.0,47.00837305000496,0.0,0.0,0.0,0.04181924543290228,0.2109159160154262,0.0,0.07750207982756185,0.056695155924071795,0.056695155924071795,0.9652054308594633,88.43587186438393
8,initial,0,2,2,0.0,0.0,0.04467661173767416,0.19980172267558644,0.03974470447940556,0.1858946499297793,0.0,0.0,0.0,46.075414366081006,0.0,0.0,0.0,0.04467661173767416,0.19980172267558644,0.0,0.09719653555645254,0.10558599027781784,0.10558599027781784,0.9212747304113975,87.70140373473691
8,initial,0,2,3,0.0,0.0,0.04635144902905806,0.20171043887945922,0.04148406970026123,0.1877211009046737,0.0,0.0,0.0,44.753989835037764,0.0,0.0,0.0,0.04635144902905806,0.20171043887945922,0.0,0.10996980071082531,0.13475654656480301,0.13475654656480301,0.8887196537268526,87.13998872530412
8,initial,0,2,4,0.0,0.0,0.05941840241991318,0.2443697517488012,0.054442164639617784,0.23042395556133946,0.0,0.0,0.0,43.30244605506359,0.0,0.0,0.0,0.05941840241991318,0.2443697517488012,0.0,0.0968200364830172,0.10723594146139018,0.10723594146139018,0.9199911718034925,87.6795527584303
8,initial,0,3,0,0.0,0.0,0.04664525561134421,0.1897236894195234,0.04257389472759691,0.18136673423958205,0.0,0.0,0.0,43.851971854837785,0.0,0.0,0.0,0.04664525561134421,0.1897236894195234,0.0,0.07766703004175403,0.09468009061262408,0.09468009061262408,0.943197354088474,88.07113078781234
8,initial,0,3,1,0.0,0.0,0.04681546149770666,0.19837770177128855,0.043465271892824536,0.18729963729534543,0.0,0.0,0.0,45.69972558061172,0.0,0.0,0.0,0.04681546149770666,0.19837770177128855,0.0,0.08986353767868234,0.08228254711435894,0.08228254711435894,0.9420403868183544,88.05178043025538
8,initial,0,3,2,0.0,0.0,0.046664758924538606,0.20383935398316538,0.042094892966375225,0.1893565281133277,0.0,0.0,0.0,46.676706730415326,0.0,0.0,0.0,0.046664758924538606,0.20383935398316538,0.0,0.08406992232051387,0.10553902491212103,0.10553902491212103,0.9316818839126272,87.8777346649216
8,initial,0,3,3,0.0,0.0,0.06119056084462762,0.23970437050631405,0.05223191532785885,0.21332387678017803,0.0,0.0,0.0,45.73427101367803,0.0,0.0,0.0,0.06119056084462762,0.23970437050631405,0.0,0.09413207013069663,0.10610531619177652,0.10610531619177652,0.9238891966829544,87.74584122234413
8,initial,0,3,4,0.0,0.0,0.04303353619769542,0.20653274100591715,0.0395289663216947,0.1935074860414443,0.0,0.0,0.0,44.54453436660009,0.0,0.0,0.0,0.04303353619769542,0.20653274100591715,0.0,0.08490160276455068,0.09872282071939857,0.09872282071939857,0.9349361136415747,87.93256859699633
8,initial,0,4,0,0.0,0.0,0.04303764983046328,0.1844107257905462,0.03708467535769052,0.16793960899549454,0.0,0.0,0.0,43.812515512639095,0.0,0.0,0.0,0.04303764983046328,0.1844107257905462,0.0,0.07873584251986433,0.08699923339586403,0.08699923339586403,0.9461625016633013,88.12064193780853
8,initial,0,4,1,0.0,0.0,0.04672279964058123,0.18203111004649525,0.03710685723959156,0.17078675529204565,0.0,0.0,0.0,44.560668279072296,0.0,0.0,0.0,0.04672279964058123,0.18203111004649525,0.0,0.10035970376959082,0.08874438762905502,0.08874438762905502,0.9312565166129049,87.87055659452028
8,initial,0,4,2,0.0,0.0,0.0523572769674401,0.24380689579987763,0.04253662458197586,0.19785545909622027,0.0,0.0,0.0,45.52601128019562,0.0,0.0,0.0,0.0523572769674401,0.24380689579987763,0.0,0.09180692586294896,0.10608056080535164,0.10608056080535164,0.9249713639348365,87.76420697709302
8,initial,0,4,3,0.0,0.0,0.04915317116118215,0.2204451676040954,0.043917592800615524,0.20719307881999163,0.0,0.0,0.0,47.499533761881295,0.0,0.0,0.0,0.04915317116118215,0.2204451676040954,0.0,0.09876829894649315,0.0935665985395856,0.0935665985395856,0.9288195467316482,87.82938527594297
8,initial,0,4,4,0.0,0.0,0.042715435091264416,0.19600402373138062,0.03829301697296339,0.17836452339433828,0.0,0.0,0.0,46.93692183146479,0.0,0.0,0.0,0.042715435091264416,0.19600402373138062,0.0,0.08399617308994077,0.08029279620022017,0.08029279620022017,0.9482206455012715,88.15493983139446
9,initial,0,0,0,0.0,0.0,0.03942848276975438,0.20516442232818008,0.03649026931837595,0.19106868213765343,0.0,0.0,0.0,44.420277069240704,0.0,0.0,0.0,0.03942848276975438,0.20516442232818008,0.0,0.12185413213172794,0.048343450980023045,0.048343450980023045,0.9535329971466686,88.24321007864853
9,initial,0,0,1,0.0,0.0,0.04624338590327317,0.2098978583867597,0.03993631479003865,0.1891081046637344,0.0,0.0,0.0,43.21249045756867,0.0,0.0,0.0,0.04624338590327317,0.2098978583867597,0.0,0.11077853388329462,0.05293162863031371,0.05293162863031371,0.954207310752371,88.25438810095562
9,initial,0,0,2,0.0,0.0,0.05312354487412049,0.20012095181042636,0.04729853100106955,0.18408691006936495,0.0,0.0,0.0,42.36521247287159,0.0,0.0,0.0,0.05312354487412049,0.20012095181042636,0.0,0.10912212180038999,0.05469020125992099,0.05469020125992099,0.9535385980178002,88.24330294808524
9,initial,0,0,3,0.0,0.0,0.05182725985363072,0.21935203783686533,0.047227715425691465,0.20332942683629152,0.0,0.0,0.0,42.36126108359445,0.0,0.0,0.0,0.05182725985363072,0.21935203783686533,0.0,0.10689253174606916,0.05337996645101664,0.05337996645101664,0.9554029333703647,88.27419324871842
9,initial,0,0,4,0.0,0.0,0.047914897613924284,0.21785738671704674,0.04397427153408035,0.20581880804886638,0.0,0.0,0.0,43.23023109083744,0.0,0.0,0.0,0.047914897613924284,0.21785738671704674,0.0,0.09898663199246997,0.033969353218479305,0.033969353218479305,0.9735590815316237,88.57268467254706
9,initial,0,1,0,0.0,0.0,0.050126640234911084,0.21937363036534197,0.045928076814558995,0.19886714865992877,0.0,0.0,0.0,44.37119966897364,0.0,0.0,0.0,0.050126640234911084,0.21937363036534197,0.0,0.1170125856708477,0.05364142901250597,0.05364142901250597,0.9510215370529269,88.20152564868056
9,initial,0,1,1,0.0,0.0,0.060062273226994624,0.2313447746911579,0.05216357774898074,0.20879767827613988,0.0,0.0,0.0,43.17546374279687,0.0,0.0,0.0,0.060062273226994624,0.2313447746911579,0.0,0.08988973998932004,0.05020662269982632,0.05020662269982632,0.9644165526264874,88.42290609509367
9,initial,0,1,2,0.0,0.0,0.04839827867427804,0.1992178760702926,0.04436015178612554,0.18247424449273703,0.0,0.0,0.0,42.36623443644625,0.0,0.0,0.0,0.04839827867427804,0.1992178760702926,0.0,0.08768497311330417,0.044441954056851286,0.044441954056851286,0.9692620217034671,88.50241956174861
9,initial,0,1,3,0.0,0.0,0.04011647170887384,0.20272196305419016,0.036352563735561366,0.19512782345838559,0.0,0.0,0.0,42.363008967016064,0.0,0.0,0.0,0.04011647170887384,0.20272196305419016,0.0,0.10644031889833919,0.0374487095652249,0.0374487095652249,0.9688410387074289,88.49552313086656
9,initial,0,1,4,0.0,0.0,0.04380772143862433,0.19962408392836883,0.03545548706770373,0.17944486375978067,0.0,0.0,0.0,43.28377206479262,0.0,0.0,0.0,0.04380772143862433,0.19962408392836883,0.0,0.12986737700565096,0.03781984637147883,0.03781984637147883,0.9614263451739898,88.37368759374633
9,initial,0,2,0,0.0,0.0,0.04531600102574869,0.18806856806960048,0.037522541099207496,0.1800267289939536,0.0,0.0,0.0,44.314070929347054,0.0,0.0,0.0,0.04531600102574869,0.18806856806960048,0.0,0.10347720128691923,0.05152908371959276,0.05152908371959276,0.9574736985404607,88.30845095023022
9,initial,0,2,1,0.0,0.0,0.035087372555211084,0.15571489182214504,0.033304053085407556,0.15470661436810687,0.0,0.0,0.0,43.21619263871387,0.0,0.0,0.0,0.035087372555211084,0.15571489182214504,0.0,0.10693547926359324,0.04843878702780837,0.04843878702780837,0.9586219872902879,88.32742371964923
9,initial,0,2,2,0.0,0.0,0.04815818678561393,0.20764514358121872,0.04308316081823521,0.19014190003794879,0.0,0.0,0.0,42.765351536251515,0.0,0.0,0.0,0.04815818678561393,0.20764514358121872,0.0,0.07984875411849063,0.0382252751580853,0.0382252751580853,0.9762044642369989,88.61582611924379
9,initial,0,2,3,0.0,0.0,0.05171239055541064,0.2258607558219835,0.048246091093530466,0.21306516490270974,0.0,0.0,0.0,42.76680611116172,0.0,0.0,0.0,0.05171239055541064,0.2258607558219835,0.0,0.08922816855449056,0.04815586836197106,0.04815586836197106,0.9664651733440163,88.45656014949756
9,initial,0,2,4,0.0,0.0,0.04496473292825791,0.19074654891790055,0.03733221174759813,0.16472998982952808,0.0,0.0,0.0,43.562179016510484,0.0,0.0,0.0,0.04496473292825791,0.19074654891790055,0.0,0.10823442067308382,0.042428861616689205,0.042428861616689205,0.9639626583281511,88.4154424173235
9,initial,0,3,0,0.0,0.0,0.04686153846212367,0.20239320494108973,0.04116266410098495,0.18789335433343116,0.0,0.0,0.0,43.43755433819583,0.0,0.0,0.0,0.04686153846212367,0.20239320494108973,0.0,0.0749120788633238,0.0422924700542584,0.0422924700542584,0.9745094835831374,88.58819413294829
9,initial,0,3,1,0.0,0.0,0.0498251582253247,0.21461843898848654,0.04484654966503577,0.2019880682273228,0.0,0.0,0.0,42.44579617019984,0.0,0.0,0.0,0.0498251582253247,0.21461843898848654,0.0,0.09152238314631768,0.04394728886053789,0.04394728886053789,0.9684634236730993,88.48933522995195
9,initial,0,3,2,0.0,0.0,0.06597221529106055,0.25011215705418627,0.05559781052323087,0.21422373650795407,0.0,0.0,0.0,42.32211927344342,0.0,0.0,0.0,0.06597221529106055,0.25011215705418627,0.0,0.09374737127866645,0.04123172280924917,0.04123172280924917,0.9695133623630916,88.50653588629433
9,initial,0,3,3,0.0,0.0,0.04535396555469559,0.19621764466756558,0.04022840128062902,0.18504467478689074,0.0,0.0,0.0,42.42366992201548,0.0,0.0,0.0,0.04535396555469559,0.19621764466756558,0.0,0.08473189251772602,0.05020089310473174,0.05020089310473174,0.9665723236403303,88.45831890572083
9,initial,0,3,4,0.0,0.0,0.049892465154128755,0.2286326696510054,0.04246227651663039,0.20428241579877499,0.0,0.0,0.0,43.118955139578,0.0,0.0,0.0,0.049892465154128755,0.2286326696510054,0.0,0.11084160029500585,0.04548106187533477,0.04548106187533477,0.9605145792603991,88.35865718376141
9,initial,0,4,0,0.0,0.0,0.04356634820719649,0.18959616340424928,0.03834084205337341,0.18115040623783263,0.0,0.0,0.0,43.36004464559595,0.0,0.0,0.0,0.04356634820719649,0.18959616340424928,0.0,0.10723495197146075,0.04424713104808841,0.04424713104808841,0.9625688899344865,88.392507295726
9,initial,0,4,1,0.0,0.0,0.04648947470877573,0.21209996585389945,0.045484792877995214,0.20671727329116607,0.0,0.0,0.0,42.3468231049048,0.0,0.0,0.0,0.04648947470877573,0.21209996585389945,0.0,0.09600588798568474,0.042713422666422377,0.042713422666422377,0.9676067166979228,88.47528983403879
9,initial,0,4,2,0.0,0.0,0.04578433347438727,0.2027539032338202,0.040120130406662666,0.1792967929439293,0.0,0.0,0.0,42.23030124587549,0.0,0.0,0.0,0.04578433347438727,0.2027539032338202,0.0,0.09128303831669751,0.051920982752680825,0.051920982752680825,0.9628751997422015,88.39754990363089
9,initial,0,4,3,0.0,0.0,0.051084205331634054,0.1857192017462101,0.043628686379947774,0.16833482213432077,0.0,0.0,0.0,42.3370295933792,0.0,0.0,0.0,0.051084205331634054,0.1857192017462101,0.0,0.07299092352316838,0.04953072962484516,0.04953072962484516,0.9711059547040367,88.53259993650678
9,initial,0,4,4,0.0,0.0,0.04660071848366282,0.1802578622083946,0.039367789822907964,0.16321362105322712,0.0,0.0,0.0,42.837271327733745,0.0,0.0,0.0,0.04660071848366282,0.1802578622083946,0.0,0.10077778394709494,0.04841525650118653,0.04841525650118653,0.9615620826150097,88.37592430351371
10,initial,0,0,0,0.0,0.0,0.06738282674429104,0.2831769773312118,0.0619328932610237,0.2651683677913912,0.0,0.0,0.0,45.320254435517924,0.0,0.0,0.0,0.06738282674429104,0.2831769773312118,0.0,0.0676165538425316,0.10131629871543638,0.10131629871543638,0.9465341399731274,88.12683923325136
10,initial,0,0,1,0.0,0.0,0.05359087238723652,0.2112898773830016,0.04469105394129654,0.1935158453981614,0.0,0.0,0.0,45.31095471225652,0.0,0.0,0.0,0.05359087238723652,0.2112898773830016,0.0,0.07209527094957936,0.10343022360956258,0.10343022360956258,0.9409849777152963,88.03411308820085
10,initial,0,0,2,0.0,0.0,0.05209893133483132,0.1827421130969228,0.04673915189394329,0.17625713283164107,0.0,0.0,0.0,45.57140620718103,0.0,0.0,0.0,0.05209893133483132,0.1827421130969228,0.0,0.05403121661606914,0.07369628546461424,0.07369628546461424,0.9683424738187262,88.4873528666221
10,initial,0,0,3,0.0,0.0,0.04745919132939955,0.22111545100050417,0.043507878622405814,0.20252083942344648,0.0,0.0,0.0,46.57135256883984,0.0,0.0,0.0,0.04745919132939955,0.22111545100050417,0.0,0.06683268771844098,0.07120984568068414,0.07120984568068414,0.9620372477656847,88.38375230868014
10,initial,0,0,4,0.0,0.0,0.06290728606266618,0.2640225109805192,0.05747635584823375,0.25129202761977903,0.0,0.0,0.0,47.50388113123739,0.0,0.0,0.0,0.06290728606266618,0.2640225109805192,0.0,0.08600154026120908,0.1234911955087831,0.1234911955087831,0.9182789281753821,87.65036833430972
10,initial,0,1,0,0.0,0.0,0.05345993024406716,0.24430601477134511,0.04680678652147882,0.2219222776029939,0.0,0.0,0.0,44.78305513508946,0.0,0.0,0.0,0.05345993024406716,0.24430601477134511,0.0,0.05633278571987733,0.09655930791374143,0.09655930791374143,0.9572610700295963,88.30493589210762
10,initial,0,1,1,0.0,0.0,0.06190618793806756,0.33061753193301013,0.057632483428499824,0.30857000330904794,0.0,0.0,0.0,44.66882848169571,0.0,0.0,0.0,0.06190618793806756,0.33061753193301013,0.0,0.05561946496501841,0.1014331592756664,0.1014331592756664,0.9550843656130366,88.26891808206935
10,initial,0,1,2,0.0,0.0,0.07666191034067615,0.3238923132930255,0.06381262257097595,0.28128151615288943,0.0,0.0,0.0,44.86756862525269,0.0,0.0,0.0,0.07666191034067615,0.3238923132930255,0.0,0.05811924376279906,0.07630808642513368,0.07630808642513368,0.9636499577674535,88.41029894601215
10,initial,0,1,3,0.0,0.0,0.042622591296074396,0.20151794042466883,0.0415551491311541,0.19809606556904288,0.0,0.0,0.0,46.03254890619314,0.0,0.0,0.0,0.042622591296074396,0.20151794042466883,0.0,0.07705823930423039,0.08028449549751585,0.08028449549751585,0.9511783368275938,88.20413057715403
10,initial,0,1,4,0.0,0.0,0.0418021509496799,0.19247047025436087,0.036029014183577776,0.17302563451564162,0.0,0.0,0.0,47.25689405303981,0.0,0.0,0.0,0.0418021509496799,0.19247047025436087,0.0,0.06898151395809565,0.12430516286127859,0.12430516286127859,0.933966891985836,87.916252151961
10,initial,0,2,0,0.0,0.0,0.05073405449238375,0.2247417391217426,0.04717475838193554,0.202189190232286,0.0,0.0,0.0,44.723269038586984,0.0,0.0,0.0,0.05073405449238375,0.2247417391217426,0.0,0.06760100565553656,0.12052359340027008,0.12052359340027008,0.937091814440457,87.96881349195013
10,initial,0,2,1,0.0,0.0,0.04328583469396707,0.17627319704615652,0.03891425756803173,0.16570200074995367,0.0,0.0,0.0,44.57554412039576,0.0,0.0,0.0,0.04328583469396707,0.17627319704615652,0.0,0.0688210457878814,0.094897750690814,0.094897750690814,0.9490599731877353,88.16891076309331
10,initial,0,2,2,0.0,0.0,0.058345833777199575,0.19920705226580226,0.05221046573869325,0.19245177906501337,0.0,0.0,0.0,44.657316606645935,0.0,0.0,0.0,0.058345833777199575,0.19920705226580226,0.0,0.0703721785047652,0.10208732588293438,0.10208732588293438,0.9441506808206074,88.08706187006413
10,initial,0,2,3,0.0,0.0,0.05875864370618165,0.2613705149011555,0.05726865643306191,0.25177474030248,0.0,0.0,0.0,45.47403780777081,0.0,0.0,0.0,0.05875864370618165,0.2613705149011555,0.0,0.07619988900952386,0.1121591893027171,0.1121591893027171,0.934202714720636,87.92022329861435
10,initial,0,2,4,0.0,0.0,0.05932827911765855,0.23881808754496275,0.049012057117461316,0.2185104907612309,0.0,0.0,0.0,46.59279074730631,0.0,0.0,0.0,0.05932827911765855,0.23881808754496275,0.0,0.0681979172283247,0.09088776444069536,0.09088776444069536,0.9512207675839178,88.20483542767963
10,initial,0,3,0,0.0,0.0,0.05380019843886927,0.21651825271270037,0.04890208784478225,0.20311974704271468,0.0,0.0,0.0,44.763764369915634,0.0,0.0,0.0,0.05380019843886927,0.21651825271270037,0.0,0.05949573974217961,0.1272749159122246,0.1272749159122246,0.9412656310556035,88.03881262021366
10,initial,0,3,1,0.0,0.0,0.04377102804381503,0.1820725445019847,0.041908834837375765,0.17602899250457765,0.0,0.0,0.0,44.58828595110864,0.0,0.0,0.0,0.04377102804381503,0.1820725445019847,0.0,0.06330619677210989,0.09168083977308453,0.09168083977308453,0.9546696773087526,88.26204927699192
10,initial,0,3,2,0.0,0.0,0.039721955284987225,0.17994845020737182,0.0376084516420614,0.17279853678819823,0.0,0.0,0.0,44.61595157424967,0.0,0.0,0.0,0.039721955284987225,0.17994845020737182,0.0,0.0596325572007839,0.0914797528839321,0.0914797528839321,0.9570644709856069,88.30168530329207
10,initial,0,3,3,0.0,0.0,0.04115855415674113,0.210238973185111,0.03970304124431011,0.2023988617432173,0.0,0.0,0.0,44.966467141112574,0.0,0.0,0.0,0.04115855415674113,0.210238973185111,0.0,0.07094854960354381,0.12049601540515123,0.12049601540515123,0.9337860528471534,87.91320639435239
10,initial,0,3,4,0.0,0.0,0.050432146894174947,0.20476316160533187,0.045981756319655266,0.20170182335280745,0.0,0.0,0.0,45.24467221952496,0.0,0.0,0.0,0.050432146894174947,0.20476316160533187,0.0,0.06316674722337462,0.10358640019943749,0.10358640019943749,0.9489564478626005,88.16718804542178
10,initial,0,4,0,0.0,0.0,0.04322977297502868,0.18011528902303958,0.037207651938362465,0.1679109873339463,0.0,0.0,0.0,44.69089945255277,0.0,0.0,0.0,0.04322977297502868,0.18011528902303958,0.0,0.07078901738261363,0.11388701971628969,0.11388701971628969,0.9377310699258868,87.97954959742206
10,initial,0,4,1,0.0,0.0,0.04363986772814049,0.2115057497522434,0.03887412777831006,0.19620601816008132,0.0,0.0,0.0,44.638689570657526,0.0,0.0,0.0,0.04363986772814049,0.2115057497522434,0.0,0.06651927778264602,0.11319795439024133,0.11319795439024133,0.9418367321735045,88.0483724476321
10,initial,0,4,2,0.0,0.0,0.07305417224327831,0.26322978176518075,0.06645010170593876,0.24168064830090447,0.0,0.0,0.0,44.63821245107339,0.0,0.0,0.0,0.07305417224327831,0.26322978176518075,0.0,0.07566840458043987,0.09724573719884973,0.09724573719884973,0.9425495512328007,88.06029843501577
10,initial,0,4,3,0.0,0.0,0.056430044572318386,0.2359233827927339,0.050094775482368535,0.22113180085654588,0.0,0.0,0.0,44.7478800125934,0.0,0.0,0.0,0.056430044572318386,0.2359233827927339,0.0,0.08440212438864496,0.11486985122037291,0.11486985122037291,0.925651641021268,87.77574389673964
10,initial,0,4,4,0.0,0.0,0.05519337465664119,0.24052248069652343,0.05010397707286479,0.22786176691663734,0.0,0.0,0.0,43.36197265226435,0.0,0.0,0.0,0.05519337465664119,0.24052248069652343,0.0,0.06374303240959725,0.11190506297600088,0.11190506297600088,0.9440740836429203,88.08578229732063
11,initial,0,0,0,0.0,0.0,0.04803066026174057,0.2068564378180771,0.0435852130079622,0.1957225813307717,0.0,0.0,0.0,43.915822593968095,0.0,0.0,0.0,0.04803066026174057,0.2068564378180771,0.0,0.02925394309075998,0.0785985415826198,0.0785985415826198,0.9818133391798269,88.70700757857492
11,initial,0,0,1,0.0,0.0,0.05896818879308992,0.2373512201298928,0.052683650861487415,0.21838048748808447,0.0,0.0,0.0,44.12655347383003,0.0,0.0,0.0,0.05896818879308992,0.2373512201298928,0.0,0.0366928605440332,0.07370431573497596,0.07370431573497596,0.9782762473479201,88.6495520025459
11,initial,0,0,2,0.0,0.0,0.057428781633559696,0.2508486770626829,0.05223825103828421,0.22189867406210573,0.0,0.0,0.0,43.70412038784433,0.0,0.0,0.0,0.057428781633559696,0.2508486770626829,0.0,0.03733156199417742,0.08359896328664633,0.08359896328664633,0.975264574016756,88.60050824910958
11,initial,0,0,3,0.0,0.0,0.04928765626518752,0.23195915206281242,0.04117447717032853,0.21330126771910835,0.0,0.0,0.0,42.9029487846318,0.0,0.0,0.0,0.04928765626518752,0.23195915206281242,0.0,0.03533126044973216,0.06620795690187563,0.06620795690187563,0.9814697202070161,88.70143273830942
11,initial,0,0,4,0.0,0.0,0.05578207109297658,0.2436156485865035,0.05019552719677685,0.22016676418475145,0.0,0.0,0.0,42.4550844401288,0.0,0.0,0.0,0.05578207109297658,0.2436156485865035,0.0,0.03855975407627403,0.07731800863696937,0.07731800863696937,0.9764352290804004,88.61958532018913
11,initial,0,1,0,0.0,0.0,0.05123823651786397,0.22451096647345953,0.043261006054144444,0.1808629604056849,0.0,0.0,0.0,45.08194758964932,0.0,0.0,0.0,0.05123823651786397,0.22451096647345953,0.0,0.03422094000547927,0.0943670192217214,0.0943670192217214,0.9743459536391526,88.58552632200771
11,initial,0,1,1,0.0,0.0,0.04570364217962287,0.21386374702006444,0.040344456203471296,0.19120860099892034,0.0,0.0,0.0,44.645218851258726,0.0,0.0,0.0,0.04570364217962287,0.21386374702006444,0.0,0.036312057686188774,0.09750465555203477,0.09750465555203477,0.9719613039704305,88.5465851824964
11,initial,0,1,2,0.0,0.0,0.054788994398292566,0.24375856235224758,0.051404890511536176,0.23314211674532442,0.0,0.0,0.0,44.07143329106466,0.0,0.0,0.0,0.054788994398292566,0.24375856235224758,0.0,0.03862013427750212,0.08287836995284902,0.08287836995284902,0.9747660592849121,88.59237920636605
11,initial,0,1,3,0.0,0.0,0.058376075699553345,0.24186107784545313,0.04859857949429081,0.20714022208807487,0.0,0.0,0.0,43.40209404035693,0.0,0.0,0.0,0.058376075699553345,0.24186107784545313,0.0,0.03449629931361221,0.08271696929080584,0.08271696929080584,0.9774577690631685,88.63623466782974
11,initial,0,1,4,0.0,0.0,0.04213184341910055,0.19193187453777738,0.0346079150473049,0.16692007961517663,0.0,0.0,0.0,42.821426567375376,0.0,0.0,0.0,0.04213184341910055,0.19193187453777738,0.0,0.03322875066466757,0.06634855352461365,0.06634855352461365,0.9824686928362919,88.71763591600072
11,initial,0,2,0,0.0,0.0,0.06304730437107967,0.299542392429879,0.05323105516768484,0.2180576200629019,0.0,0.0,0.0,45.41916246218382,0.0,0.0,0.0,0.06304730437107967,0.299542392429879,0.0,0.030974689035238003,0.10350417476409568,0.10350417476409568,0.9746072093659696,88.58978826119407
11,initial,0,2,1,0.0,0.0,0.04570214310671353,0.2200406057863218,0.041986972008075316,0.20688530006269154,0.0,0.0,0.0,44.90422373172271,0.0,0.0,0.0,0.04570214310671353,0.2200406057863218,0.0,0.0297411781193158,0.10952602777303035,0.10952602777303035,0.9742946462286032,88.58468922890025
11,initial,0,2,2,0.0,0.0,0.059903061394347173,0.25446598547563504,0.05598514853307252,0.24058602541513752,0.0,0.0,0.0,44.745653645216656,0.0,0.0,0.0,0.059903061394347173,0.25446598547563504,0.0,0.028530373331507874,0.09758681203706857,0.09758681203706857,0.9782166477251844,88.64858254837418
11,initial,0,2,3,0.0,0.0,0.04901931084536002,0.22405499522650624,0.04121028925290373,0.19757363868453523,0.0,0.0,0.0,44.523945239915044,0.0,0.0,0.0,0.04901931084536002,0.22405499522650624,0.0,0.03574141568437666,0.10098565741615857,0.10098565741615857,0.9715245733810624,88.53944564540654
11,initial,0,2,4,0.0,0.0,0.04456282325460074,0.20683704771342432,0.04208771358125036,0.20107014455717603,0.0,0.0,0.0,44.01803135211506,0.0,0.0,0.0,0.04456282325460074,0.20683704771342432,0.0,0.036805478360209753,0.07522080977315151,0.07522080977315151,0.977919960960289,88.64375594881454
11,initial,0,3,0,0.0,0.0,0.05062196294414207,0.21956079635288622,0.04582051827003715,0.20699577718760662,0.0,0.0,0.0,45.0068380901467,0.0,0.0,0.0,0.05062196294414207,0.21956079635288622,0.0,0.03476064486854997,0.07485039463383708,0.07485039463383708,0.9795125899112753,88.66965250678422
11,initial,0,3,1,0.0,0.0,0.04595178983831698,0.20160349830625324,0.036487554673547126,0.16552412682385706,0.0,0.0,0.0,44.82186853566596,0.0,0.0,0.0,0.04595178983831698,0.20160349830625324,0.0,0.03471732272071771,0.08123754161787244,0.08123754161787244,0.9779107429719096,88.64360596990525
11,initial,0,3,2,0.0,0.0,0.07128260901948784,0.3258036312611977,0.060451466218681006,0.2396048195787049,0.0,0.0,0.0,44.96421557181011,0.0,0.0,0.0,0.07128260901948784,0.3258036312611977,0.0,0.02675812045471407,0.09805642732258679,0.09805642732258679,0.9793205814140233,88.66653207393185
11,initial,0,3,3,0.0,0.0,0.054218944727748186,0.23308537202257493,0.05052092358064355,0.22613884284693037,0.0,0.0,0.0,45.38703895635597,0.0,0.0,0.0,0.054218944727748186,0.23308537202257493,0.0,0.028485753229685093,0.09617615958880105,0.09617615958880105,0.9783765468409769,88.6511833853944
11,initial,0,3,4,0.0,0.0,0.05342891222243372,0.22659480225084205,0.046794821008126986,0.2058100619073232,0.0,0.0,0.0,45.19133773765028,0.0,0.0,0.0,0.05342891222243372,0.22659480225084205,0.0,0.042079854813563994,0.08089427269074019,0.08089427269074019,0.9732655862500258,88.56789287484534
11,initial,0,4,0,0.0,0.0,0.06443483320597741,0.24505782960562084,0.05414791902267563,0.22306913092387898,0.0,0.0,0.0,44.904772264592516,0.0,0.0,0.0,0.06443483320597741,0.24505782960562084,0.0,0.030268895652490607,0.08375581181811687,0.08375581181811687,0.9801897168349868,88.68065319852913
11,initial,0,4,1,0.0,0.0,0.049831080398205746,0.20920911628868877,0.043578572387876414,0.19968723046920472,0.0,0.0,0.0,44.81870789115305,0.0,0.0,0.0,0.049831080398205746,0.20920911628868877,0.0,0.035828106116562904,0.0728794223461984,0.0728794223461984,0.9794388393853205,88.66845400178394
11,initial,0,4,2,0.0,0.0,0.038772757265047184,0.16234373672108193,0.03463120488163535,0.15963174027330057,0.0,0.0,0.0,45.05675566128189,0.0,0.0,0.0,0.038772757265047184,0.16234373672108193,0.0,0.02985183528528891,0.09575502430109335,0.09575502430109335,0.9776421987116402,88.63923622411943
11,initial,0,4,3,0.0,0.0,0.045647831161827135,0.20365495399447833,0.04365893105765844,0.19143392631102202,0.0,0.0,0.0,46.010814882104434,0.0,0.0,0.0,0.045647831161827135,0.20365495399447833,0.0,0.03549485794886165,0.0830978374140198,0.0830978374140198,0.9767818914378148,88.62523126042478
11,initial,0,4,4,0.0,0.0,0.05668494967360308,0.2538404698641967,0.04908076968443349,0.2218104006118284,0.0,0.0,0.0,45.76115412325022,0.0,0.0,0.0,0.05668494967360308,0.2538404698641967,0.0,0.03929249568480133,0.08119531234663374,0.08119531234663374,0.9747724144756725,88.59248285705968
12,initial,0,0,0,0.0,0.0,0.03890912337668941,0.1729252798764762,0.0338246795683446,0.1688770625243873,0.0,0.0,0.0,45.12206957099886,0.0,0.0,0.0,0.03890912337668941,0.1729252798764762,7.456217179492216e-131,0.08127647130312722,0.04872809513658556,0.04872809513658556,0.9687523000138092,88.49406915052087
12,initial,0,0,1,0.0,0.0,0.054041438755321546,0.2202174060101063,0.04809562779490358,0.20171138802099686,0.0,0.0,0.0,44.99934344626178,0.0,0.0,0.0,0.054041438755321546,0.2202174060101063,0.0,0.06449944388281813,0.05471552835024346,0.05471552835024346,0.9724736779285373,88.55495824753947
12,initial,0,0,2,0.0,0.0,0.04893516761519624,0.21510173115985654,0.040666175161620154,0.19297544869424443,0.0,0.0,0.0,45.39896589173751,0.0,0.0,0.0,0.04893516761519624,0.21510173115985654,3.3508777594237475e-61,0.04909443231649156,0.04376187617949658,0.04376187617949658,0.9829816179555767,88.72595067952957
12,initial,0,0,3,0.0,0.0,0.05444205090994477,0.27910554558606815,0.04974817265903825,0.2728423220066656,0.0,0.0045688042671152935,0.23811716844371736,46.66228632218473,0.0,0.0,0.0,0.05055898141289493,0.23105197836605496,0.18208502812099725,0.06288231485735041,0.0410248287708436,0.0410248287708436,0.9795996523961605,27.01345593578475
12,initial,0,0,4,0.0,0.0,0.04973784631597697,0.21467922935270428,0.043685813776030466,0.18651446792631127,0.0,0.0,0.0,44.65623599759367,0.0,0.0,0.0,0.04973784631597697,0.21467922935270428,1.0710356211218165e-260,0.052547408896724705,0.043272389255791646,0.043272389255791646,0.9823920799494908,88.71639370471712
12,initial,0,1,0,0.0,0.0,0.04425005291103034,0.23863717050094752,0.04030320292662831,0.21957609446443732,0.0,0.004341433731625495,0.16300460294398142,45.19391091842241,0.0,0.0,0.0,0.04079250351934945,0.19266687956787307,0.1442063312156187,0.0629991168026941,0.052036197870587525,0.052036197870587525,0.9739890868809531,27.01056675283293
12,initial,0,1,1,0.0,0.0,0.04531724631336093,0.17354728638514033,0.040713351983741645,0.15999865193954377,0.0,0.0,0.0,45.18701931002236,0.0,0.0,0.0,0.04531724631340871,0.17354728638514677,2.2619283922375086e-11,0.07123357438784796,0.05256925997667592,0.05256925997667592,0.9705208572013392,88.5230280748716
12,initial,0,1,2,0.0,0.0,0.052640985490738076,0.24060475348864305,0.04851270205257556,0.2111910197413993,0.0,0.0,0.0,46.02487323054771,0.0,0.0,0.0,0.052640985490738076,0.24060475348864305,4.996947393577133e-198,0.06401354315244584,0.041350937090059714,0.041350937090059714,0.9791347964019864,88.66351234545479
12,initial,0,1,3,0.0,0.0,0.054509350508406246,0.22882971186881743,0.04969861275448647,0.21312612069249331,0.0,0.0,0.0,47.525480536953275,0.0,0.0,0.0,0.054509350508406246,0.22882971186881743,4.4287992863190306e-64,0.08231310803309892,0.0450192599003176,0.0450192599003176,0.9707749559577846,88.52718551718849
12,initial,0,1,4,0.0,0.0,0.03998756057952159,0.17780627125210155,0.035184697175676384,0.16430235814385727,0.0,0.0,0.0,46.53719611682371,0.0,0.0,0.0,0.03998756057952159,0.17780627125210155,3e-323,0.07355335675064499,0.03965597380050739,0.03965597380050739,0.9769999977823249,88.62878269419397
12,initial,0,2,0,0.0,0.0,0.057021074858185035,0.2555625994887182,0.049968200595524676,0.23911094230166557,0.0,0.0006683241438048125,0.124889931126837,45.46917833684296,0.0,0.0,0.0,0.05670452128044645,0.2395344584481826,0.13301775677492853,0.06873731275151439,0.044396112555096144,0.044396112555096144,0.9760263626629256,56.62725869208628
12,initial,0,2,1,0.0,0.0,0.05895798292531811,0.27747760822979417,0.05470208174804781,0.26581875496926655,0.0,0.004416772959339422,0.17458310510805308,45.45601992154641,0.0,0.0,0.0,0.05671378547060622,0.2355082347129938,0.1439801089837324,0.062280972342689596,0.050917459797020614,0.050917459797020614,0.9749045692811122,27.01103903483267
12,initial,0,2,2,0.0,0.0,0.058424073393150984,0.22685751724449083,0.05623292926282897,0.22032991144905145,0.0,0.0,0.0,45.95117851689976,0.0,0.0,0.0,0.058424073393150984,0.22685751724449083,3.1928775506229e-142,0.06101887857903666,0.05560203735307932,0.05560203735307932,0.9733319523477995,88.56897650637931
12,initial,0,2,3,0.0,0.0,0.04280315173279076,0.2223768959188436,0.041602524383510246,0.21008258820751458,0.0,0.0,0.0,46.929748076715526,0.0,0.0,0.0,0.04280315173279076,0.2223768959188436,0.0,0.08166314843949841,0.05489678540960935,0.05489678540960935,0.9648705874044764,88.43036944756723
12,initial,0,2,4,0.0,0.0,0.053182100850343375,0.2059022788525537,0.04693927952805661,0.19948057973868039,0.0,0.0,0.0,47.95077941350996,0.0,0.0,0.0,0.053182100850343375,0.2059022788525537,0.0,0.05841638755261098,0.049521943498172474,0.049521943498172474,0.9767919538453372,88.6253951200689
12,initial,0,3,0,0.0,0.0,0.05214658748448543,0.238094521415629,0.04815370006208284,0.2259503590949502,0.0,0.0,0.0,45.87249136011958,0.0,0.0,0.0,0.05214658748448543,0.238094521415629,0.0,0.08191523674043147,0.05315440968637224,0.05315440968637224,0.9651520895522577,88.43499541302234
12,initial,0,3,1,0.0,0.0,0.059213078375012496,0.22864247718620923,0.05623119374017463,0.22687430188756658,0.0,0.0,0.0,45.716561879838274,0.0,0.0,0.0,0.059213078375012496,0.22864247718620923,7.451070728255043e-197,0.057790701024533514,0.058777581103029136,0.058777581103029136,0.9731789006469357,88.56647738115413
12,initial,0,3,2,0.0,0.0,0.040026213813451735,0.19758017894259886,0.036468919382781184,0.17858548545609892,0.0,0.0,0.0,45.53545682149969,0.0,0.0,0.0,0.040026213813451735,0.19758017894259886,0.0,0.06510266907104019,0.047254920036103855,0.047254920036103855,0.9766930991285221,88.62378528157993
12,initial,0,3,3,0.0,0.0,0.06046431623349362,0.26759545692882264,0.05492504352861182,0.20897882368936643,0.0,0.0,0.0,45.52770279517578,0.0,0.0,0.0,0.06046431623349362,0.26759545692882264,0.0,0.08282501603013273,0.038630759708080914,0.038630759708080914,0.9745391290746201,88.58867773054142
12,initial,0,3,4,0.0,0.0,0.046434824172038765,0.20220504721893076,0.04189464113524792,0.19264108840092597,0.0,0.0,0.0,45.76235324681481,0.0,0.0,0.0,0.046434824172038765,0.20220504721893076,0.0,0.07194420420120791,0.04903120903473836,0.04903120903473836,0.9722074588271974,88.55060818607825
12,initial,0,4,0,0.0,0.0,0.04876966560415351,0.19388569251787185,0.04454710797964322,0.18196383073552697,0.0,0.0,0.0,46.61762831461098,0.0,0.0,0.0,0.04876966560415351,0.19388569251787185,0.0,0.07671041505019106,0.05916161213526769,0.05916161213526769,0.9636901411366532,88.41095997432171
12,initial,0,4,1,0.0,0.0,0.04919314925597103,0.2146851213530817,0.045654420274971005,0.20081255049219482,0.0,0.0,0.0,45.9390576224141,0.0,0.0,0.0,0.04919314925597103,0.2146851213530817,0.0,0.07516413803882449,0.053140140619742315,0.053140140619742315,0.9685770525616804,88.49119743378694
12,initial,0,4,2,0.0,0.0,0.048529220386495445,0.28551447907707206,0.041781790401993056,0.18280847676926965,0.0,0.0,0.0,45.04338281271135,0.0,0.0,0.0,0.048529220386495445,0.28551447907707206,0.0,0.07547497648330029,0.056344901237715336,0.056344901237715336,0.9663648039601079,88.45491256195919
12,initial,0,4,3,0.0,0.0,0.05338545876348873,0.22272804037565586,0.04973002924875562,0.20731096672274657,0.0,0.0,0.0,43.83535549464998,0.0,0.0,0.0,0.05338545876348873,0.22272804037565586,0.0,0.060800852399129,0.050275190717492785,0.050275190717492785,0.9760562388511519,88.61341114941044
12,initial,0,4,4,0.0,0.0,0.04861175960680089,0.2236860541004969,0.047047150787698715,0.2200151636793925,0.0,0.0,0.0,43.73662265295658,0.0,0.0,0.0,0.04861175960680089,0.2236860541004969,0.0,0.0793990770984413,0.03824080897211449,0.03824080897211449,0.9760847039377729,88.61387493965734
13,initial,0,0,0,0.0,0.0,0.050761680037459615,0.2073322510690313,0.045462325378085575,0.1922102097509352,0.0,0.0,0.0,43.86456082964495,0.0,0.0,0.0,0.050761680037459615,0.2073322510690313,0.0,0.08919377849421012,0.06402084254971516,0.06402084254971516,0.955716996295059,88.27939252860115
13,initial,0,0,1,0.0,0.0,0.03838336923558771,0.19176465281819394,0.0352456437644991,0.14162516081901322,0.0,0.0,0.0,43.44030260410332,0.0,0.0,0.0,0.03838336923558771,0.19176465281819394,0.0,0.0766429140782207,0.08561370758521292,0.08561370758521292,0.9487140726223268,88.16315423832901
13,initial,0,0,2,0.0,0.0,0.03639599937156144,0.1671517535300563,0.030693837045334075,0.1519324431265235,0.0,0.0,0.0,43.45150987575475,0.0,0.0,0.0,0.03639599937156144,0.1671517535300563,0.0,0.07447302129755476,0.08008804028407271,0.08008804028407271,0.9544312054209285,88.25809826805718
13,initial,0,0,3,0.0,0.0,0.03725254074490783,0.16944343368089052,0.03256814907018088,0.15683028193179008,0.0,0.0,0.0,44.33264924922513,0.0,0.0,0.0,0.03725254074490783,0.16944343368089052,0.0,0.08669396824891498,0.06497068229243869,0.06497068229243869,0.9560385325196,88.28471420085299
13,initial,0,0,4,0.0,0.0,0.026936104382214082,0.1215647243625034,0.02463601490866602,0.11150350780881849,0.0,0.0,0.0,45.87971117546078,0.0,0.0,0.0,0.026936104382214082,0.1215647243625034,0.0,0.06370352148390358,0.06762498064242932,0.06762498064242932,0.9655838600655929,88.44208879425938
13,initial,0,1,0,0.0,0.0,0.03621139714876167,0.17588749799864392,0.03139592169240166,0.15869170259141294,0.0,0.0,0.0,43.74883341589081,0.0,0.0,0.0,0.03621139714876167,0.17588749799864392,0.0,0.08396501783300712,0.05531711552945033,0.05531711552945033,0.9630480981769406,88.40039570314981
13,initial,0,1,1,0.0,0.0,0.03167821349274259,0.15716686026148227,0.028591474634573642,0.1398164012167698,0.0,0.0,0.0,43.488256127983,0.0,0.0,0.0,0.03167821349274259,0.15716686026148227,0.0,0.07936119705256356,0.08101180964236558,0.08101180964236558,0.9495879988693516,88.17769520540841
13,initial,0,1,2,0.0,0.0,0.041746809008798395,0.18697810083475214,0.037653577877096146,0.1696650468139242,0.0,0.0,0.0,43.50193420846282,0.0,0.0,0.0,0.041746809008798395,0.18697810083475214,0.0,0.0860496076527309,0.054412408106539766,0.054412408106539766,0.9626653961534256,88.39409615374306
13,initial,0,1,3,0.0,0.0,0.0444171306116808,0.24497360796646972,0.03719226234658086,0.20901386854839787,0.0,0.0,0.0,44.34266490998557,0.0,0.0,0.0,0.0444171306116808,0.24497360796646972,0.0,0.0649158974806971,0.0532745195960592,0.0532745195960592,0.9734842501400212,88.57146302876592
13,initial,0,1,4,0.0,0.0,0.0362995562743315,0.16821760585231565,0.03263769720466372,0.15682841846869255,0.0,0.0,0.0,45.75823795057128,0.0,0.0,0.0,0.0362995562743315,0.16821760585231565,0.0,0.05396340767425333,0.06541439054430082,0.06541439054430082,0.9724125141200317,88.55395890044375
13,initial,0,2,0,0.0,0.0,0.044756644808498544,0.1751275825721898,0.036502111200855065,0.1619199074806389,0.0,0.0,0.0,43.647046065187254,0.0,0.0,0.0,0.044756644808498544,0.1751275825721898,0.0,0.08025775511945475,0.0371783133669428,0.0371783133669428,0.9765811602381046,88.6219622211812
13,initial,0,2,1,0.0,0.0,0.03838684835634233,0.15385014430064317,0.034346039119701834,0.13929970349748144,0.0,0.0,0.0,44.08905554735076,0.0,0.0,0.0,0.03838684835634233,0.15385014430064317,0.0,0.0886907332346184,0.04953814433167475,0.04953814433167475,0.9659142696885473,88.44751535227675
13,initial,0,2,2,0.0,0.0,0.04614789365871526,0.1800010249483237,0.0405270571590461,0.17679837256187314,0.0,0.0,0.0,44.4573163601021,0.0,0.0,0.0,0.04614789365871526,0.1800010249483237,0.0,0.0726360818277914,0.05504979824588345,0.05504979824588345,0.9686784424293607,88.4928589204514
13,initial,0,2,3,0.0,0.0,0.04187279848419822,0.161727898653186,0.03499101201822863,0.14143812179881288,0.0,0.0,0.0,45.224607202860334,0.0,0.0,0.0,0.04187279848419822,0.161727898653186,0.0,0.0475193270011105,0.07827517142163956,0.07827517142163956,0.9705854753927937,88.52408540421101
13,initial,0,2,4,0.0,0.0,0.04646561086960459,0.1617187885795836,0.04193821311620436,0.15395844880939746,0.0,0.0,0.0,45.55940801083145,0.0,0.0,0.0,0.04646561086960459,0.1617187885795836,0.0,0.061148514868724045,0.07046112550414806,0.07046112550414806,0.9660540959838977,88.44981140218036
13,initial,0,3,0,0.0,0.0,0.03266353830074623,0.1495083355414293,0.029852786355410846,0.13985993818018047,0.0,0.0,0.0,43.49497368014246,0.0,0.0,0.0,0.03266353830074623,0.1495083355414293,0.0,0.07452216777273363,0.05888928965652994,0.05888928965652994,0.965235763488927,88.43637024381147
13,initial,0,3,1,0.0,0.0,0.03933092503288695,0.15210480886660038,0.03391475289572688,0.13937357474536632,0.0,0.0,0.0,44.41469217785151,0.0,0.0,0.0,0.03933092503288695,0.15210480886660038,0.0,0.08015237275977437,0.060801591644420866,0.060801591644420866,0.962139049590721,88.38542904355742
13,initial,0,3,2,0.0,0.0,0.03212680728211913,0.15223557969254686,0.029527182871174142,0.1427637116679803,0.0,0.0,0.0,45.19513365615697,0.0,0.0,0.0,0.03212680728211913,0.15223557969254686,0.0,0.07956332857949251,0.06355804841703043,0.06355804841703043,0.9605456753031787,88.35916997649727
13,initial,0,3,3,0.0,0.0,0.03540529079149182,0.1660263325253332,0.03207179136516862,0.15480747413899276,0.0,0.0,0.0,45.76899402563283,0.0,0.0,0.0,0.03540529079149182,0.1660263325253332,0.0,0.0726465754295561,0.06471476079159204,0.06471476079159204,0.9636871803983804,88.4109112700068
13,initial,0,3,4,0.0,0.0,0.0425091334670316,0.2171358229407587,0.034817556186037914,0.14160886164107594,0.0,0.0,0.0,45.10019613518855,0.0,0.0,0.0,0.0425091334670316,0.2171358229407587,0.0,0.10499645814232615,0.05383879151873281,0.05383879151873281,0.9558970823275993,88.28237325658773
13,initial,0,4,0,0.0,0.0,0.03478486738171973,0.1525131793117804,0.03011938532035723,0.1391751850032233,0.0,0.0,0.0,42.308119439972394,0.0,0.0,0.0,0.03478486738171973,0.1525131793117804,0.0,0.07871640487016687,0.07441531844333107,0.07441531844333107,0.9541272091091838,88.25306057498804
13,initial,0,4,1,0.0,0.0,0.03552974403784014,0.16973514212129576,0.030538277010818123,0.15465097213081214,0.0,0.0,0.0,43.289166504816386,0.0,0.0,0.0,0.03552974403784014,0.16973514212129576,0.0,0.061311836063375987,0.06623585500578758,0.06623585500578758,0.9681637938064731,88.48442396844601
13,initial,0,4,2,0.0,0.0,0.03548712904080513,0.15930319154616465,0.033624266142690866,0.1518422920456019,0.0,0.0,0.0,44.269968488688015,0.0,0.0,0.0,0.03548712904080513,0.15930319154616465,0.0,0.08972478008153137,0.07222217367674778,0.07222217367674778,0.9496012554654064,88.1779157001918
13,initial,0,4,3,0.0,0.0,0.03219847107979504,0.16134417296610343,0.031309622762249106,0.1536677050447591,0.0,0.0,0.0,44.58912834397959,0.0,0.0,0.0,0.03219847107979504,0.16134417296610343,0.0,0.09508698692366459,0.05940380762769834,0.05940380762769834,0.9562066134276757,88.28749553514555
13,initial,0,4,4,0.0,0.0,0.03207622145179709,0.14744917709232747,0.02758840806054647,0.132933553639356,0.0,0.0,0.0,43.67740046973224,0.0,0.0,0.0,0.03207622145179709,0.14744917709232747,0.0,0.09565276984267201,0.06375767117652288,0.06375767117652288,0.9525589126388043,88.2270523145968
14,initial,0,0,0,0.0,0.0,0.04172109754168955,0.1917550326785722,0.03964914331054787,0.1730972404396342,0.0,0.0,0.0,45.42322682926683,0.0,0.0,0.0,0.04172109754168955,0.1917550326785722,0.0,0.09326670777923848,0.06983832025072302,0.06983832025072302,0.9494882742310015,88.1760364278779
14,initial,0,0,1,0.0,0.0,0.03263757186977013,0.13640295527968677,0.029615512218797414,0.12998796142195768,0.0,0.0,0.0,45.09108578942835,0.0,0.0,0.0,0.03263757186977013,0.13640295527968677,1.585874368097715e-32,0.07364409785921384,0.06163293475384626,0.06163293475384626,0.9641951470377913,88.41926570887176
14,initial,0,0,2,0.0,0.0,0.036960431154779476,0.17630890692935752,0.03365941167318806,0.16384032672910195,0.0,0.0018813149234304862,0.07946540380438666,44.91132442415643,0.0,0.0,0.0,0.036302145594377694,0.15357908475390636,0.07551871088041404,0.10877074433791588,0.0799158443827396,0.0799158443827396,0.9324000498666303,26.988751618075725
14,initial,0,0,3,0.0,0.0,0.05455120760363497,0.266395847068443,0.04573462163742356,0.1969977774216233,0.0,0.001017722109492311,0.08822201013812676,44.58439890983727,0.0,0.0,0.0,0.05464940088181438,0.2529803884114507,0.07330848230633052,0.1000781596013299,0.07323342175040824,0.07323342175040824,0.942840430099118,26.994295564349567
14,initial,0,0,4,0.0,0.0,0.03581131343196949,0.15335087852212675,0.03300836832437351,0.14736288751546278,0.0,0.0,0.0,43.38776438168223,0.0,0.0,0.0,0.03581131343196949,0.15335087852212675,6.191834177802446e-257,0.10337103998486225,0.07968033283797989,0.07968033283797989,0.9356496628517402,87.94457279643379
14,initial,0,1,0,0.0,0.0,0.051348708151093464,0.20540517863575145,0.04671943858648614,0.2559898207039077,0.0,0.0,0.0,45.682511647800524,0.0,0.0,0.0,0.051348708151093464,0.20540517863575145,0.0,0.0875024276576675,0.09252789712805512,0.09252789712805512,0.9374230061590962,87.97437644369026
14,initial,0,1,1,0.0,0.0,0.04777164753629437,0.18568817614366098,0.04464201674146015,0.17432315917268004,0.0,0.0,0.0,44.29020845980632,0.0,0.0,0.0,0.04777164753629437,0.18568817614366098,2.817234123187641e-19,0.09869444653241473,0.08610366790106326,0.08610366790106326,0.9343534336219687,87.92276094196808
14,initial,0,1,2,0.0,0.0,0.04635915892973188,0.2086989229918354,0.04421900505735388,0.20131877020546113,0.0,0.0007715961117328657,0.08087332605103362,43.65720265111447,0.0,0.0,0.0,0.045578637580033374,0.19684163915697572,0.0697841827391345,0.09937335185282929,0.09332461288514686,0.09332461288514686,0.9292623120791401,26.987076352330863
14,initial,0,1,3,0.0,0.0,0.04580411941034189,0.20544407852792662,0.042198717930170986,0.19221965454288126,0.0,0.0,0.0,43.65511055604109,0.0,0.0,0.0,0.04580411941034189,0.20544407852792662,1.90778627627579e-130,0.09568895833925786,0.08218691208149766,0.08218691208149766,0.9389543619564398,88.0000791296599
14,initial,0,1,4,0.0,0.0,0.03985212390575352,0.15202279763837423,0.03542390933953718,0.14273163409572537,0.0,0.0,0.0,43.95096791748428,0.0,0.0,0.0,0.03985212390575352,0.15202279763837423,0.0,0.0765005643870707,0.07473903340147864,0.07473903340147864,0.9553064704156259,88.27259605696406
14,initial,0,2,0,0.0,0.0,0.042751334644965146,0.1849078458495637,0.0388952757804664,0.17029943756845206,0.0,0.0,0.0,44.73808105741336,0.0,0.0,0.0,0.042751334644965146,0.1849078458495637,0.0,0.11667887667569068,0.0839682408885749,0.0839682408885749,0.9249360729440607,87.76360829835873
14,initial,0,2,1,0.0,0.0,0.051961620811221326,0.20036650798744607,0.046979463644298794,0.1899671641965495,0.0,0.0,0.0,43.21598200357485,0.0,0.0,0.0,0.051961620811221326,0.20036650798744607,0.0,0.12099369421423627,0.08830091370676682,0.08830091370676682,0.9185708613176409,87.65534708811748
14,initial,0,2,2,0.0,0.0,0.04392534770866218,0.16507713013908848,0.035797767656677616,0.14296956968036195,0.0,0.0,0.0,42.08723632916272,0.0,0.0,0.0,0.04392534770866218,0.16507713013908848,0.0,0.10181826538707903,0.08549779339529387,0.08549779339529387,0.9338681732293037,87.91458955009797
14,initial,0,2,3,0.0,0.0,0.05203504718924543,0.19444133372521052,0.046798690370614876,0.18680247522087998,0.0,0.0,0.0,42.020321299401274,0.0,0.0,0.0,0.05203504718924543,0.19444133372521052,0.0,0.09514614400736797,0.06382689762650016,0.06382689762650016,0.9521936407648905,88.22099012112953
14,initial,0,2,4,0.0,0.0,0.03563895597224795,0.17047046656543435,0.033251046048031405,0.1623168764800051,0.0,0.0,0.0,42.5662703966436,0.0,0.0,0.0,0.03563895597224795,0.17047046656543435,0.0,0.08456408002293925,0.08473585093325202,0.08473585093325202,0.9443379195962261,88.09018940735871
14,initial,0,3,0,0.0,0.0,0.04713487759378482,0.19849636457734654,0.04173122721381564,0.18286874974505668,0.0,0.0,0.0,44.693048778233845,0.0,0.0,0.0,0.04713487759378482,0.19849636457734654,0.0,0.09211849962534086,0.07938028104019733,0.07938028104019733,0.9430273206751444,88.06828808350892
14,initial,0,3,1,0.0,0.0,0.03399110839754592,0.1258602213005325,0.030026615754774357,0.12071251478152782,0.0,0.0,0.0,43.16404008228389,0.0,0.0,0.0,0.03399110839754592,0.1258602213005325,0.0,0.09013168816817498,0.060202195216537004,0.060202195216537004,0.9568633207504854,88.29835894624964
14,initial,0,3,2,0.0,0.0,0.03442893329774602,0.12780687358612328,0.03154208390512134,0.12441987812485927,0.0,0.0,0.0,41.81851750918058,0.0,0.0,0.0,0.03442893329774602,0.12780687358612328,0.0,0.11091364736151911,0.0674989451063722,0.0674989451063722,0.9418770871149118,88.0490477962379
14,initial,0,3,3,0.0,0.0,0.059308372973879406,0.3085933389168799,0.047892419401852585,0.18147549920351866,0.0,0.0,0.0,41.64845505076892,0.0,0.0,0.0,0.059308372973879406,0.3085933389168799,0.0,0.1262701216456681,0.06807381470274704,0.06807381470274704,0.9334112699841435,87.90689275826773
14,initial,0,3,4,0.0,0.0,0.046807083408113126,0.14501154781972703,0.041482685261344854,0.13969291058173738,0.0,0.0,0.0,42.192085101393666,0.0,0.0,0.0,0.046807083408113126,0.14501154781972703,0.0,0.11015527813452076,0.10127870702005863,0.10127870702005863,0.914884919325421,87.59239813245003
14,initial,0,4,0,0.0,0.0,0.04098196346842557,0.17853562806208706,0.03608940022339515,0.1614603767206172,0.0,0.0,0.0,45.080965179808565,0.0,0.0,0.0,0.04098196346842557,0.17853562806208706,0.0,0.08990781612954532,0.08212285708388176,0.08212285708388176,0.9434213864216325,88.07487568651216
14,initial,0,4,1,0.0,0.0,0.04289011211353911,0.16636015722767278,0.03859911620193384,0.16554994082402313,0.0,0.0,0.0,43.60009881282717,0.0,0.0,0.0,0.04289011211353911,0.16636015722767278,0.0,0.10386533105209404,0.056487534965282214,0.056487534965282214,0.9538537622141087,88.24852810488107
14,initial,0,4,2,0.0,0.0,0.0342010540372425,0.1472880704106907,0.02851038009526615,0.13073054671669315,0.0,0.0,0.0,41.9982635525047,0.0,0.0,0.0,0.0342010540372425,0.1472880704106907,0.0,0.08680240562737554,0.06440939362034728,0.06440939362034728,0.9569312806763345,88.29948283644364
14,initial,0,4,3,0.0,0.0,0.05225338911492552,0.20357892928978316,0.04612339709528895,0.19040613796111927,0.0,0.0,0.0,41.741245000991356,0.0,0.0,0.0,0.05225338911492552,0.20357892928978316,0.0,0.08716775567197427,0.06573340685212271,0.06573340685212271,0.9549354330194139,88.26645145308215
14,initial,0,4,4,0.0,0.0,0.04343495239216353,0.19532328736492824,0.04186240808991693,0.19359908137619541,0.0,0.0,0.0,42.236187224820156,0.0,0.0,0.0,0.04343495239216353,0.19532328736492824,0.0,0.07963727101088432,0.08885553959804302,0.08885553959804302,0.9446453844976713,88.09532412939683
15,initial,0,0,0,0.0,0.0,0.041058974113509734,0.1663223132297662,0.0376972438682763,0.15431927695794334,0.0,0.0,0.0,46.734153987512904,0.0,0.0,0.0,0.041058974113509734,0.1663223132297662,0.0,0.03925750702360423,0.09400940085514015,0.09400940085514015,0.9712556490149149,88.53504815521319
15,initial,0,0,1,0.0,0.0,0.05736263369527924,0.26220341617015547,0.0480885940750943,0.2008702860032697,0.0,0.0,0.0,45.17626010960938,0.0,0.0,0.0,0.05736263369527924,0.26220341617015547,0.0,0.03947700930324578,0.08957375534028712,0.08957375534028712,0.9722962409963978,88.55205899978876
15,initial,0,0,2,0.0,0.0,0.039576293782013446,0.1633588309396392,0.03482880112492362,0.15439510666767256,0.0,0.0,0.0,44.10090973606964,0.0,0.0,0.0,0.039576293782013446,0.1633588309396392,0.0,0.030878947758135756,0.08242260723890647,0.08242260723890647,0.9800099572560379,88.67773335695564
15,initial,0,0,3,0.0,0.0,0.03500094043121516,0.15960241026697491,0.03166377835818261,0.14623434793348836,0.0,0.0,0.0,44.00373428296009,0.0,0.0,0.0,0.03500094043121516,0.15960241026697491,0.0,0.028015901170596144,0.07402294417150396,0.07402294417150396,0.983681733396765,88.73729463802958
15,initial,0,0,4,0.0,0.0,0.05018388121300456,0.25792006067394135,0.03909416951212643,0.16864555712954502,0.0,0.0,0.0,43.72107810052429,0.0,0.0,0.0,0.05018388121300456,0.25792006067394135,0.0,0.03233572351184285,0.08125776512070118,0.08125776512070118,0.9791860246187434,88.66434504597672
15,initial,0,1,0,0.0,0.0,0.053120608648176276,0.19663677142229088,0.04894282074761216,0.18616394460018504,0.0,0.0,0.0,45.43303738999348,0.0,0.0,0.0,0.053120608648176276,0.19663677142229088,0.0,0.03980311164797032,0.10958358233439056,0.10958358233439056,0.9656130414870222,88.44256811807193
15,initial,0,1,1,0.0,0.0,0.05327144409737274,0.2558412550435638,0.04616301677000693,0.2225043632288306,0.0,0.0,0.0,45.426889305042174,0.0,0.0,0.0,0.05327144409737274,0.2558412550435638,0.0,0.032497745697479714,0.08694902567431192,0.08694902567431192,0.977364084048914,88.63470979994521
15,initial,0,1,2,0.0,0.0,0.046118165708156064,0.2004615745937423,0.04292930790135794,0.1882949297702457,0.0,0.0,0.0,45.00765615195116,0.0,0.0,0.0,0.046118165708156064,0.2004615745937423,0.0,0.036403190977419904,0.08523744445453349,0.08523744445453349,0.9754265482080359,88.60314881445721
15,initial,0,1,3,0.0,0.0,0.05331203925136921,0.2419606876853847,0.04639769502515691,0.18642694428776874,0.0,0.0,0.0,44.172793622133995,0.0,0.0,0.0,0.05331203925136921,0.2419606876853847,0.0,0.03220207725335196,0.07170182136383757,0.07170182136383757,0.9816455324679707,88.70428528190935
15,initial,0,1,4,0.0,0.0,0.05183756397949299,0.22559389829050774,0.048715291126999266,0.21466341940682904,0.0,0.0,0.0,43.651608724104285,0.0,0.0,0.0,0.05183756397949299,0.22559389829050774,0.0,0.036273829025186076,0.06854297223882475,0.06854297223882475,0.9803170307028661,88.68272091951846
15,initial,0,2,0,0.0,0.0,0.042815029710768455,0.1728585043968559,0.03636591110988629,0.1586555125034137,0.0,0.0,0.0,43.50704457197441,0.0,0.0,0.0,0.042815029710768455,0.1728585043968559,0.0,0.028634319408833733,0.07359355691059316,0.07359355691059316,0.9833006847190632,88.73112126410278
15,initial,0,2,1,0.0,0.0,0.030622132883874123,0.17808136672700514,0.029064777109007886,0.16020059363109457,0.0,0.0,0.0,44.12698945115558,0.0,0.0,0.0,0.030622132883874123,0.17808136672700514,0.0,0.028634230409971866,0.07489679007528789,0.07489679007528789,0.9823911499241638,88.71637862471948
15,initial,0,2,2,0.0,0.0,0.04425024083319633,0.19293389982990328,0.04173004408060693,0.19021512297807708,0.0,0.0,0.0,45.058519793303745,0.0,0.0,0.0,0.04425024083319633,0.19293389982990328,0.0,0.038727616041016294,0.09459822279246537,0.09459822279246537,0.9709559127609191,88.53014574830411
15,initial,0,2,3,0.0,0.0,0.046515387832497715,0.20114951229057673,0.042150205391382,0.18186229901475115,0.0,0.0,0.0,44.40694131498068,0.0,0.0,0.0,0.046515387832497715,0.20114951229057673,0.0,0.03716901021688712,0.09596064866184362,0.09596064866184362,0.9719112734212065,88.54576742053527
15,initial,0,2,4,0.0,0.0,0.04394826849622198,0.18945068871241166,0.03959923497176185,0.1779565812803749,0.0,0.0,0.0,43.779423602624355,0.0,0.0,0.0,0.04394826849622198,0.18945068871241166,0.0,0.03400241047619662,0.10173268851846629,0.10173268851846629,0.9727441543615073,88.55937695988152
15,initial,0,3,0,0.0,0.0,0.045720610027866045,0.19541445512089425,0.042125155056675107,0.19092815247793063,0.0,0.0,0.0,43.108736052565526,0.0,0.0,0.0,0.045720610027866045,0.19541445512089425,0.0,0.04336312528565639,0.09988529547681388,0.09988529547681388,0.9658619264422404,88.44665577381356
15,initial,0,3,1,0.0,0.0,0.03812226473789945,0.16511275835568556,0.036031521258394594,0.16233534875596217,0.0,0.0,0.0,44.07864673062308,0.0,0.0,0.0,0.03812226473789945,0.16511275835568556,0.0,0.0456360161757465,0.1103331488216989,0.1103331488216989,0.9605911742278359,88.35992025911528
15,initial,0,3,2,0.0,0.0,0.04539868644609028,0.17625977159347134,0.038434464409872866,0.16115535669181832,0.0,0.0,0.0,45.0590956112268,0.0,0.0,0.0,0.04539868644609028,0.17625977159347134,0.0,0.04553655769835603,0.10160613624656321,0.10160613624656321,0.9634091832935294,88.40633770158638
15,initial,0,3,3,0.0,0.0,0.044511775067461956,0.188721864733299,0.038151860519296935,0.16472020313526897,0.0,0.0,0.0,45.08921559202368,0.0,0.0,0.0,0.044511775067461956,0.188721864733299,0.0,0.036398444462082465,0.0793504756888658,0.0793504756888658,0.9770714014311309,88.62994523328081
15,initial,0,3,4,0.0,0.0,0.03439480622964028,0.15646337137643593,0.030015754238009115,0.1438136411987199,0.0,0.0,0.0,44.729911532946865,0.0,0.0,0.0,0.03439480622964028,0.15646337137643593,0.0,0.03600169407754514,0.11012694610590859,0.11012694610590859,0.9690180914793922,88.49842383583027
15,initial,0,4,0,0.0,0.0,0.04917454190492298,0.18886783380515937,0.04338713321181663,0.17714291003486177,0.0,0.0,0.0,43.36764660242255,0.0,0.0,0.0,0.04917454190492298,0.18886783380515937,0.0,0.032080631128884506,0.11885367886076036,0.11885367886076036,0.9700295139408996,88.5149866353751
15,initial,0,4,1,0.0,0.0,0.04281069839025529,0.19058888199543103,0.04120127407931628,0.18396468190881993,0.0,0.0,0.0,44.868512574898155,0.0,0.0,0.0,0.04281069839025529,0.19058888199543103,0.0,0.03098085809105902,0.1149440109290284,0.1149440109290284,0.9716961727571899,88.54225118615508
15,initial,0,4,2,0.0,0.0,0.04909338757015114,0.2296739123365769,0.04069322578030597,0.1738439775254289,0.0,0.0,0.0,45.86112656791753,0.0,0.0,0.0,0.04909338757015114,0.2296739123365769,0.0,0.03487920081317511,0.09473041130796375,0.09473041130796375,0.9738897037832379,88.57808133217253
15,initial,0,4,3,0.0,0.0,0.03926059053962877,0.1747913394829497,0.034891537827761394,0.15931726780008232,0.0,0.0,0.0,46.520651423636835,0.0,0.0,0.0,0.03926059053962877,0.1747913394829497,0.0,0.02960571194042743,0.08848987412212446,0.08848987412212446,0.9794608753317017,88.66881211061762
15,initial,0,4,4,0.0,0.0,0.05243982599519557,0.20979125096769835,0.05039560345331558,0.20570267076344043,0.0,0.0,0.0,46.66206637609205,0.0,0.0,0.0,0.05243982599519557,0.20979125096769835,0.0,0.04141454068401581,0.08166761806355889,0.08166761806355889,0.973358389198117,88.56940815418346
2,after_pass,1,0,0,0.05145836,0.02943507,0.03410537,0.13993286,0.03030838,0.14001352,0.02459082,0.0,0.0,42.91103902,0.995,0.0,0.05,0.03989934,0.16437053,0.0,0.10250272,0.04186257,0.0341957,0.97268407,88.09240069
2,after_pass,1,0,1,0.12161686,0.03531538,0.03572886,0.21272805,0.02949219,0.13368674,0.02447853,0.0,0.0,41.24936351,0.55,0.03,0.7075,0.04923071,0.20259292,0.0,0.11267016,0.04217038,0.02572926,0.97705586,88.07038818
2,after_pass,1,0,2,0.14186403,0.03388764,0.03116387,0.14525739,0.02741004,0.11075621,0.01667748,0.0,0.0,41.05482909,0.32,0.12,0.885,0.05199728,0.19603012,0.0,0.10585645,0.04033026,0.02329157,0.98076636,88.1527201
2,after_pass,1,0,3,0.14197407,0.02300515,0.01949669,0.0879551,0.01671569,0.08242159,0.01423991,0.0,0.0,41.25420182,0.185,0.0,0.9525,0.03458851,0.15042987,0.0,0.09410889,0.05151921,0.02925454,0.97822452,88.28369919
2,after_pass,1,0,4,0.12651744,0.03508262,0.02834334,0.11508747,0.02409477,0.10438241,0.02067177,0.0,0.0,42.06724374,0.515,0.0675,0.7625,0.04702811,0.18230009,0.0,0.08594724,0.04915885,0.03002579,0.97930493,88.11032428
2,after_pass,1,1,0,0.09867561,0.04069383,0.03311345,0.14453834,0.0314407,0.14045562,0.02650434,0.0007969,0.10706389,42.8655833,0.745,0.03,0.4,0.04660972,0.17905466,0.18880187,0.07958441,0.05105819,0.03482088,0.97794542,76.10280625
2,after_pass,1,1,1,0.16778916,0.0404144,0.02835722,0.13603442,0.02403102,0.12217723,0.01991712,0.00260007,0.10478506,40.97507669,0.14,0.3425,0.995,0.0512141,0.2287048,0.19760809,0.08660907,0.04593842,0.02387343,0.98387892,77.23844102
2,after_pass,1,1,2,0.18834655,0.03558478,0.02899138,0.10498193,0.02332707,0.1004925,0.01022604,0.0,0.0,40.64811238,0.0425,0.5625,1.0,0.05811292,0.19722597,0.0,0.100657,0.04408809,0.02091661,0.98348491,88.16962971
2,after_pass,1,1,3,0.17697882,0.02582697,0.01566195,0.07664328,0.01451058,0.07459184,0.00669483,0.0,0.0,40.78705032,0.01,0.34,1.0,0.0361287,0.16456547,0.0,0.09841399,0.05764443,0.02853453,0.97777363,88.23178275
2,after_pass,1,1,4,0.16419284,0.03704129,0.01943273,0.08703797,0.01802554,0.08392035,0.01842892,0.0,0.0,41.66669442,0.1825,0.3275,0.9125,0.04021196,0.16241099,0.0,0.08467127,0.03844079,0.01989664,0.98663848,88.19719164
2,after_pass,1,2,0,0.14624947,0.03988319,0.01925754,0.09945428,0.01723317,0.09471101,0.02493716,0.0,0.0,42.91817154,0.2925,0.1625,0.835,0.03673252,0.17737425,0.0,0.1042228,0.04465218,0.02495466,0.97978136,88.04229358
2,after_pass,1,2,1,0.17468983,0.04332727,0.02995286,0.15265683,0.0263909,0.13933118,0.0147792,0.00153857,0.12301298,41.09463787,0.1225,0.39,1.0,0.06313267,0.2467069,0.19537029,0.084134,0.04080224,0.0205881,0.98634124,74.21965294
2,after_pass,1,2,2,0.17435244,0.03193129,0.02248,0.11932052,0.02011127,0.1068271,0.01272459,0.00069289,0.09545802,40.75179273,0.0125,0.3425,1.0,0.04669446,0.21477008,0.17594991,0.10830136,0.04244911,0.02131299,0.9818777,76.97783603
2,after_pass,1,2,3,0.194831,0.03130235,0.02026747,0.08924998,0.01793078,0.08054691,0.01042258,0.0,0.0,40.8438419,0.0,0.6175,1.0,0.04292681,0.17317409,0.0,0.12357368,0.04636478,0.02146958,0.97903267,88.16560514
2,after_pass,1,2,4,0.15997582,0.03287514,0.01765536,0.08977431,0.01599649,0.08052131,0.01825767,0.0,0.0,41.75534863,0.15,0.255,0.9875,0.03325566,0.16165098,0.0,0.08159443,0.031407,0.01653224,0.98935775,88.30659287
2,after_pass,1,3,0,0.14560274,0.03031019,0.01950633,0.09683182,0.01722119,0.0894705,0.01582,0.0,0.0,43.08467385,0.21,0.1375,0.945,0.03797354,0.17715713,0.0,0.11081466,0.03578751,0.02009354,0.98234747,88.23468662
2,after_pass,1,3,1,0.18458281,0.03037974,0.01624994,0.06865747,0.01470143,0.0677401,0.01010036,0.0,0.0,41.56846849,0.0,0.4625,1.0,0.03962588,0.15354622,0.0,0.10196006,0.04114159,0.01977668,0.98400767,88.26028686
2,after_pass,1,3,2,0.19326972,0.02793721,0.01445184,0.06636589,0.01274044,0.06077157,0.01115475,0.0,0.0,41.39535725,0.0,0.575,1.0,0.03302434,0.14870206,0.0,0.09206953,0.04674491,0.02180505,0.98438597,88.30501027
2,after_pass,1,3,3,0.18761194,0.03880149,0.01611653,0.07158138,0.01520033,0.06883891,0.01911578,0.0,0.0,41.57438071,0.0375,0.5275,1.0,0.03637328,0.1589007,0.0,0.09902003,0.04841257,0.02329447,0.98203539,88.09558062
2,after_pass,1,3,4,0.1636337,0.03179708,0.02445413,0.09459225,0.02274142,0.09087321,0.00933682,0.0,0.0,42.70889465,0.1175,0.26,0.985,0.0458403,0.17923407,0.0,0.06185089,0.04126097,0.02135182,0.9895674,88.32701178
2,after_pass,1,4,0,0.1397271,0.03748201,0.02616826,0.101429,0.02365352,0.09903349,0.01668931,0.0,0.0,43.79615493,0.37,0.1275,0.9,0.04913447,0.17669257,0.0,0.09686538,0.04421158,0.025898,0.98002958,88.08414375
2,after_pass,1,4,1,0.14470138,0.0308188,0.01862396,0.08094328,0.01766663,0.07735993,0.01885234,0.0,0.0,42.93407286,0.25,0.1,0.93,0.03636709,0.15448489,0.0,0.06340118,0.04604539,0.02613301,0.98702992,88.30185619
2,after_pass,1,4,2,0.15446475,0.0327282,0.02625744,0.10011332,0.022949,0.09501029,0.01485368,0.0,0.0,42.8429814,0.205,0.21,0.97,0.04820148,0.18388376,0.0,0.07242744,0.06013253,0.03277956,0.98116899,88.17751049
2,after_pass,1,4,3,0.15491977,0.02734236,0.01714586,0.08573461,0.01631423,0.08200987,0.00788171,0.0,0.0,43.11827221,0.1175,0.175,0.9975,0.03661271,0.17119196,0.0,0.08403806,0.04517698,0.02452302,0.98378164,88.30470555
2,after_pass,1,4,4,0.14185622,0.02650837,0.01803931,0.09077911,0.0164838,0.08555225,0.01248359,0.0,0.0,44.0182686,0.19,0.0625,0.925,0.03564461,0.15387907,0.0,0.09619571,0.04257163,0.02423492,0.9815376,88.28176734
1,after_pass,1,0,0,0.05140736,0.02517495,0.02513512,0.11595413,0.02117389,0.10265762,0.02397813,0.0,0.0,43.4045655,1.0,0.0,0.035,0.03094829,0.14251764,0.0,0.05008564,0.09440658,0.07715917,0.96972058,88.11146944
1,after_pass,1,0,1,0.14460455,0.03310929,0.02009464,0.08601813,0.01657196,0.07672259,0.01869193,0.0,0.0,43.4465443,0.32,0.1025,0.89,0.03856956,0.17313263,0.0,0.04137883,0.09872436,0.05590038,0.9811329,88.17091074
1,after_pass,1,0,2,0.13688417,0.02244481,0.0214006,0.10896857,0.0184621,0.07550363,0.0119506,0.0,0.0,43.67688935,0.285,0.025,0.9575,0.03725051,0.15529944,0.0,0.05422187,0.10824037,0.06303483,0.97265772,88.20232705
1,after_pass,1,0,3,0.14547896,0.03100366,0.01737291,0.0905818,0.01540823,0.08411159,0.01905825,0.0,0.0,44.1877099,0.2625,0.115,0.945,0.03258646,0.16667876,0.0,0.05733318,0.0978557,0.05545176,0.97510904,88.10693534
1,after_pass,1,0,4,0.12578147,0.02606731,0.01296799,0.06710083,0.0114576,0.06281013,0.01832366,0.0,0.0,45.34200074,0.3775,0.0075,0.81,0.02381461,0.11667672,0.0,0.0552064,0.07825396,0.04772103,0.97921704,88.25130529
1,after_pass,1,1,0,0.10295563,0.03642436,0.02512369,0.12603467,0.02030056,0.08128188,0.0280349,0.0,0.0,43.8895435,0.6425,0.0,0.505,0.03444227,0.13096717,0.0,0.05342325,0.08590248,0.05765647,0.97547978,88.02746164
1,after_pass,1,1,1,0.1604898,0.01876126,0.01673158,0.06881343,0.01306312,0.05484123,0.00841495,0.0,0.0,43.66600382,0.0125,0.1125,1.0,0.03022339,0.12980075,0.0,0.0390478,0.09516002,0.05027315,0.98455087,88.45305486
1,after_pass,1,1,2,0.17435848,0.0234381,0.01217718,0.05619717,0.01102919,0.05243781,0.00719252,0.0,0.0,43.68781019,0.0,0.3775,1.0,0.03128508,0.13663477,0.0,0.04866866,0.07977663,0.039872,0.98472512,88.38171238
1,after_pass,1,1,3,0.17872595,0.03004559,0.01409502,0.06113436,0.01206342,0.05556473,0.01160769,0.0,0.0,44.19142562,0.0225,0.495,1.0,0.03175119,0.13786979,0.0,0.04849342,0.0783115,0.03848958,0.98542657,88.28836599
1,after_pass,1,1,4,0.16250771,0.02314456,0.01523729,0.08274297,0.01210004,0.05440725,0.0079643,0.0,0.0,45.50325895,0.06,0.2075,0.985,0.02899408,0.12296837,0.0,0.04428543,0.0846701,0.04434166,0.98447679,88.38236737
1,after_pass,1,2,0,0.13399732,0.02616387,0.01232308,0.06297415,0.01154925,0.0587879,0.01515729,0.00048737,0.03237584,44.10264781,0.325,0.03,0.8775,0.0272487,0.11113948,0.05583223,0.04400909,0.08901607,0.05236691,0.98160061,75.95267866
1,after_pass,1,2,1,0.17957796,0.02876577,0.01124565,0.05193805,0.01032048,0.04775509,0.00839005,0.0,0.0,44.0350068,0.005,0.41,1.0,0.03320306,0.13681408,2.19e-06,0.04210409,0.08379488,0.04108043,0.98628031,88.32232629
1,after_pass,1,2,2,0.19638666,0.03359799,0.01504683,0.06210626,0.0137087,0.05839935,0.00649326,0.0,0.0,44.27797127,0.005,0.595,1.0,0.04271147,0.16545767,0.0,0.04831473,0.07033845,0.03226739,0.98748628,88.26520016
1,after_pass,1,2,3,0.18297061,0.03067294,0.01278959,0.04795392,0.01171468,0.04652558,0.01278157,0.0,0.0,45.0847085,0.0125,0.505,1.0,0.03346855,0.11056075,0.0,0.03286228,0.08575745,0.04144909,0.98911755,88.33761105
1,after_pass,1,2,4,0.17480317,0.02949495,0.01720698,0.07487371,0.0161254,0.07211282,0.0130143,0.0,0.0,46.2384602,0.0425,0.3625,0.9825,0.03608856,0.14702022,0.0,0.05074157,0.09597123,0.04773728,0.98089364,88.22416172
1,after_pass,1,3,0,0.14960794,0.03127621,0.01933185,0.08635792,0.01633355,0.07942111,0.01490852,0.0,0.0,44.19959315,0.1625,0.13,0.94,0.03581722,0.15539409,0.0,0.04535581,0.07206105,0.04005417,0.9855315,88.27058206
1,after_pass,1,3,1,0.17146921,0.0214,0.00978806,0.05707394,0.00804728,0.03450098,0.00740835,0.0,0.0,44.38505982,0.0075,0.315,1.0,0.02669031,0.14431005,0.0,0.03682196,0.06897528,0.03485208,0.98975498,88.49483846
1,after_pass,1,3,2,0.19033075,0.02464728,0.01051303,0.04282018,0.00903036,0.0403526,0.00724585,0.0,0.0,45.43516786,0.0,0.575,1.0,0.02901976,0.11928397,0.0,0.05684905,0.07263113,0.0340799,0.98461625,88.36080401
1,after_pass,1,3,3,0.196814,0.0242638,0.0119766,0.05451936,0.01112106,0.05046242,0.00465289,0.0,0.0,46.42927225,0.0,0.675,1.0,0.03134968,0.13657772,0.0,0.05776504,0.08384642,0.03835106,0.98251438,88.33303403
1,after_pass,1,3,4,0.1557146,0.0238442,0.01410617,0.05528933,0.01170618,0.05141965,0.01453765,0.0,0.0,47.05433421,0.0775,0.14,0.9875,0.0263491,0.10223359,0.0,0.05372696,0.0809144,0.04338805,0.98142076,88.32204514
1,after_pass,1,4,0,0.12641439,0.02069802,0.01798878,0.07990403,0.0145691,0.06650968,0.01181757,0.0,0.0,44.41513472,0.4725,0.015,0.925,0.02996895,0.13047118,0.0,0.05615738,0.06872376,0.0415235,0.98142893,88.37200231
1,after_pass,1,4,1,0.13534992,0.02298636,0.0140054,0.06956089,0.01285498,0.06351924,0.01052598,0.0,0.0,44.84414217,0.3175,0.045,0.975,0.03044675,0.14407472,0.0,0.04701598,0.07931712,0.04634091,0.98263037,88.35513303
1,after_pass,1,4,2,0.14903243,0.03620262,0.02279562,0.13507722,0.0189388,0.11789197,0.01852485,0.0,0.0,46.14155852,0.2275,0.195,0.91,0.04329502,0.13889982,0.0,0.04742851,0.07347329,0.0408832,0.98483015,88.18146029
1,after_pass,1,4,3,0.15107723,0.04011234,0.01669798,0.06895895,0.01423997,0.06137824,0.02294565,0.0,0.0,47.13381623,0.2925,0.215,0.895,0.03452182,0.13627798,0.0,0.06233351,0.07156138,0.03933391,0.98058747,88.05164436
1,after_pass,1,4,4,0.13987634,0.02720293,0.02184961,0.08815505,0.01808394,0.0833834,0.01736949,0.0,0.0,47.59289103,0.2625,0.025,0.8925,0.0352762,0.14021307,0.0,0.04686766,0.07237203,0.04194831,0.9842787,88.31490721
10,after_pass,1,0,0,0.04992394,0.02721987,0.0589062,0.24802284,0.05449283,0.23230547,0.02249671,0.0,0.0,45.23841788,1.0,0.0,0.015,0.06738283,0.28317698,0.0,0.06761655,0.1013163,0.08295034,0.9560374,87.85550722
10,after_pass,1,0,1,0.13367391,0.04536637,0.03415335,0.14250142,0.02924674,0.13791808,0.03000323,0.0,0.0,45.15669443,0.5175,0.215,0.7225,0.05359087,0.21128988,0.0,0.07209527,0.10343022,0.06241398,0.96278784,87.68116097
10,after_pass,1,0,2,0.14381889,0.04070332,0.03489485,0.12269641,0.03143353,0.11902377,0.02532986,0.0,0.0,45.34375804,0.315,0.15,0.7875,0.05209893,0.18274211,0.0,0.05403122,0.07369629,0.04193556,0.98133756,88.05438178
10,after_pass,1,0,3,0.13999639,0.0260989,0.02996012,0.14731139,0.02724929,0.13531922,0.01504315,0.0,0.0,46.39200196,0.2425,0.0225,0.9025,0.04745919,0.22111545,0.0,0.06683269,0.07120985,0.04072809,0.97816442,88.23380088
10,after_pass,1,0,4,0.13419264,0.03506731,0.04334728,0.18969478,0.03887082,0.17786157,0.01660417,0.0,0.0,47.39520162,0.43,0.1025,0.845,0.06290729,0.26402251,0.0,0.08600154,0.1234912,0.07275675,0.95113176,87.65168559
10,after_pass,1,1,0,0.10116582,0.04225319,0.04106056,0.19122415,0.03504792,0.17359023,0.03130137,0.0,0.0,44.60541681,0.73,0.0275,0.5225,0.05345993,0.24430601,0.0,0.05633279,0.09655931,0.06428737,0.97165214,87.87385594
10,after_pass,1,1,1,0.17187776,0.03154752,0.03727516,0.1639675,0.03463948,0.20415431,0.01425882,0.0,0.0,44.48405524,0.06,0.355,0.995,0.06190619,0.33061753,0.0,0.05561946,0.10143316,0.0516012,0.97672773,88.12452534
10,after_pass,1,1,2,0.18518562,0.04286179,0.04353633,0.19815412,0.03592797,0.17390473,0.01166497,0.0,0.0,44.67520016,0.115,0.5375,1.0,0.07666191,0.32389231,0.0,0.05811924,0.07630809,0.03645757,0.98286993,88.04495326
10,after_pass,1,1,3,0.18475898,0.02596399,0.02329297,0.11268772,0.02254019,0.11130132,0.00516799,0.0,0.0,45.86251317,0.0225,0.55,1.0,0.04262259,0.20151794,0.0,0.07705824,0.0802845,0.0384484,0.97634011,88.20642871
10,after_pass,1,1,4,0.16085623,0.02084602,0.02761159,0.12665612,0.02289692,0.10993051,0.00873718,0.0,0.0,47.11196657,0.03,0.1625,1.0,0.04180215,0.19247047,0.0,0.06898151,0.12430516,0.06567115,0.9645382,88.09522665
10,after_pass,1,2,0,0.14949558,0.03671738,0.02984625,0.14440109,0.02808219,0.1247036,0.02065066,0.0,0.0,44.55885724,0.2,0.1875,0.875,0.05073405,0.22474174,0.0,0.06760101,0.12052359,0.06641563,0.96451304,87.84496105
10,after_pass,1,2,1,0.1829335,0.02616309,0.02193281,0.09193304,0.01913729,0.08456205,0.00381462,0.0,0.0,44.36845566,0.0,0.485,1.0,0.04328583,0.1762732,0.0,0.06882105,0.09489775,0.04590654,0.97501659,88.18185231
10,after_pass,1,2,2,0.19631103,0.03717558,0.02918361,0.10364517,0.02645688,0.10129362,0.00785893,0.0,0.0,44.44736733,0.0075,0.5825,1.0,0.05834583,0.19920705,0.0,0.07037218,0.10208733,0.04689366,0.97387463,87.98968695
10,after_pass,1,2,3,0.18094764,0.03216808,0.03334186,0.15662978,0.03240258,0.15026751,0.00536177,0.0,0.0,45.31767684,0.065,0.4825,1.0,0.05875864,0.26137051,0.0,0.07619989,0.11215919,0.05487878,0.96726519,87.96131038
10,after_pass,1,2,4,0.14623491,0.03971829,0.04078006,0.21783091,0.03309514,0.15289575,0.02214625,0.0,0.0,46.38284169,0.305,0.17,0.93,0.05932828,0.23881809,0.0,0.06819792,0.09088776,0.05086003,0.97268541,87.93043236
10,after_pass,1,3,0,0.14900595,0.03150545,0.03137557,0.13266676,0.02811352,0.12481275,0.01168734,0.0,0.0,44.58053575,0.2625,0.12,0.9325,0.0538002,0.21651825,0.0,0.05949574,0.12727492,0.0708699,0.96688363,87.96553039
10,after_pass,1,3,1,0.16359211,0.02850078,0.02314935,0.09929711,0.02225672,0.09602965,0.00859585,0.0,0.0,44.39396925,0.0975,0.235,1.0,0.04377103,0.18207254,0.0,0.0633062,0.09168084,0.04802592,0.97598028,88.16053528
10,after_pass,1,3,2,0.19209234,0.02869023,0.02065015,0.09382425,0.01940736,0.0906695,0.011234,0.0,0.0,44.42880298,0.0,0.54,1.0,0.03972196,0.17994845,0.0,0.05963256,0.09147975,0.04240596,0.97994803,88.22163632
10,after_pass,1,3,3,0.18451303,0.02627431,0.02059186,0.11312578,0.02005444,0.10737834,0.00464209,0.0,0.0,44.75793398,0.015,0.535,1.0,0.04115855,0.21023897,0.0,0.07094855,0.12049602,0.05797168,0.96758482,88.05935712
10,after_pass,1,3,4,0.17501935,0.03435957,0.03217576,0.13936537,0.02903575,0.13711994,0.01539475,0.0,0.0,45.10753087,0.0225,0.2975,1.0,0.05043215,0.20476316,0.0,0.06316675,0.1035864,0.05155797,0.9742122,88.03950896
10,after_pass,1,4,0,0.14525931,0.02595107,0.02722665,0.11986327,0.02417018,0.11697874,0.01093647,0.0,0.0,44.57395639,0.195,0.05,0.935,0.04322977,0.18011529,0.0,0.07078902,0.11388702,0.0637627,0.96469001,88.01723113
10,after_pass,1,4,1,0.13515016,0.02380756,0.02787941,0.13429183,0.02423517,0.12257175,0.00714535,0.0,0.0,44.47213251,0.3125,0.03,0.935,0.04363987,0.21150575,0.0,0.06651928,0.11319795,0.06654776,0.96552286,88.06461383
10,after_pass,1,4,2,0.14466279,0.03355168,0.04803751,0.17524763,0.04336332,0.15915683,0.01475909,0.0,0.0,44.45357942,0.28,0.1225,0.8875,0.07305417,0.26322978,0.0,0.0756684,0.09724574,0.05493685,0.96716252,87.93786562
10,after_pass,1,4,3,0.16709737,0.03657596,0.03190281,0.14121422,0.02829704,0.13045716,0.01582041,0.0,0.0,44.62359251,0.1525,0.36,0.9475,0.05643004,0.23592338,0.0,0.08440212,0.11486985,0.05958326,0.96084614,87.78736417
10,after_pass,1,4,4,0.13252865,0.02692922,0.03558436,0.17029374,0.03205992,0.1611534,0.01285829,0.0,0.0,43.28543183,0.3525,0.0175,0.86,0.05519337,0.24052248,0.0,0.06374303,0.11190506,0.06616649,0.9665395,88.03199784
12,after_pass,1,0,0,0.05440591,0.03484576,0.03287073,0.14940221,0.02910667,0.14183556,0.02674108,0.0,0.0,45.02111085,0.9575,0.0,0.1025,0.03890912,0.17292528,0.0,0.08127647,0.0487281,0.03977203,0.9739965,88.02835807
12,after_pass,1,0,1,0.13255421,0.03198561,0.03539618,0.1842544,0.03245001,0.141043,0.0190044,0.0,0.0,44.86666154,0.4525,0.0525,0.845,0.05404144,0.22021741,0.0,0.06449944,0.05471553,0.03256871,0.98363536,88.22891257
12,after_pass,1,0,2,0.14353335,0.02517741,0.03261936,0.14060995,0.02685843,0.16634105,0.01125267,0.0,0.0,45.29024989,0.195,0.0725,0.9675,0.04893517,0.21510173,0.0,0.04909443,0.04376188,0.02491566,0.9903493,88.44442577
12,after_pass,1,0,3,0.14182161,0.02770215,0.03635514,0.19056217,0.03278479,0.18551038,0.01042174,0.00290844,0.16128751,46.53092299,0.2825,0.055,0.94,0.05055898,0.23105198,0.18208503,0.06288231,0.04102483,0.02344932,0.98828444,61.84062959
12,after_pass,1,0,4,0.12243579,0.03136098,0.03240033,0.14588024,0.02889279,0.1292167,0.01857359,0.0,0.0,44.60936226,0.5225,0.025,0.7575,0.04973785,0.21467923,0.0,0.05254741,0.04327239,0.02685727,0.98918051,88.32772507
12,after_pass,1,1,0,0.09861635,0.03192077,0.03117331,0.17972208,0.02897014,0.17081684,0.02330043,0.00321873,0.11955804,45.05370294,0.7725,0.0,0.495,0.0407925,0.19266688,0.14420633,0.06299912,0.0520362,0.03552553,0.9820568,65.63956167
12,after_pass,1,1,1,0.16317759,0.03466428,0.02338009,0.09908288,0.02185819,0.08973932,0.01904714,0.0,0.0,45.05875414,0.15,0.2875,0.955,0.04531725,0.17354729,0.0,0.07123357,0.05256926,0.02760897,0.98460216,88.2021051
12,after_pass,1,1,2,0.17466536,0.03343205,0.02640736,0.11894131,0.02450612,0.11208729,0.008767,0.0,0.0,45.84116416,0.0525,0.385,1.0,0.05264099,0.24060475,0.0,0.06401354,0.04135094,0.02076427,0.98956686,88.30112391
12,after_pass,1,1,3,0.17786675,0.03045745,0.02922571,0.13212239,0.02645383,0.11987129,0.00914713,0.0,0.0,47.33759245,0.03,0.415,1.0,0.05450935,0.22882971,0.0,0.08231311,0.04501926,0.02223287,0.9854872,88.28282313
12,after_pass,1,1,4,0.16652598,0.02688765,0.02278218,0.10757128,0.02002428,0.09858967,0.01253169,0.0,0.0,46.43057983,0.05,0.265,0.995,0.03998756,0.17780627,0.0,0.07355336,0.03965597,0.02045574,0.98818019,88.38255185
12,after_pass,1,2,0,0.13578322,0.03168207,0.03668857,0.16964474,0.03202617,0.15912581,0.01555745,0.00041954,0.08127189,45.30572595,0.3775,0.075,0.8725,0.05670452,0.23953446,0.13301776,0.06873731,0.04439611,0.02605356,0.98577725,74.96620356
12,after_pass,1,2,1,0.18144734,0.03721845,0.02981847,0.16080417,0.02777094,0.15421079,0.00852338,0.00267397,0.1279725,45.28575699,0.075,0.49,0.9875,0.05671379,0.23550823,0.14398011,0.06228097,0.05091746,0.0248661,0.9875824,61.49962304
12,after_pass,1,2,2,0.18147493,0.03773388,0.02865768,0.122344,0.02765508,0.11764282,0.00797777,0.0,0.0,45.77583148,0.075,0.465,1.0,0.05842407,0.22685752,0.0,0.06101888,0.05560204,0.02717515,0.98685779,88.18976119
12,after_pass,1,2,3,0.18457527,0.02677252,0.02276601,0.12294556,0.02198581,0.11617108,0.00885681,0.0,0.0,46.69757096,0.0275,0.5075,1.0,0.04280315,0.2223769,0.0,0.08166315,0.05489679,0.02645057,0.98290598,88.29963105
12,after_pass,1,2,4,0.16360128,0.03375839,0.02999021,0.12622886,0.02637138,0.12219848,0.01551027,0.0,0.0,47.75326892,0.1,0.29,0.98,0.0531821,0.20590228,0.0,0.05841639,0.04952194,0.02582336,0.98794977,88.27008511
12,after_pass,1,3,0,0.15457668,0.03280222,0.02940423,0.14436795,0.02701014,0.13689795,0.01191957,0.0,0.0,45.76866962,0.2,0.2025,0.99,0.05214659,0.23809452,0.0,0.08191524,0.05315441,0.0285799,0.98117146,88.17638125
12,after_pass,1,3,1,0.18353121,0.03567022,0.03045098,0.12526162,0.02868987,0.12501075,0.0083431,0.0,0.0,45.49317487,0.0175,0.49,1.0,0.05921308,0.22864248,0.0,0.0577907,0.05877758,0.02845823,0.9868368,88.22203392
12,after_pass,1,3,2,0.18263204,0.02879795,0.02027526,0.10563129,0.01768223,0.09280637,0.01057744,0.0,0.0,45.36985483,0.0025,0.46,1.0,0.04002621,0.19758018,0.0,0.06510267,0.04725492,0.02275231,0.98871589,88.36087328
12,after_pass,1,3,3,0.19507833,0.03937765,0.032892,0.16000793,0.02918855,0.11622078,0.01114704,0.0,0.0,45.33704353,0.0225,0.5625,1.0,0.06046432,0.26759546,0.0,0.08282502,0.03863076,0.01771356,0.98828695,88.18665506
12,after_pass,1,3,4,0.16591589,0.0304289,0.02637802,0.13067036,0.02371992,0.12307719,0.01506559,0.0,0.0,45.55285838,0.1,0.275,0.995,0.04643482,0.20220505,0.0,0.0719442,0.04903121,0.02554559,0.98564824,88.28585991
12,after_pass,1,4,0,0.14053548,0.0291195,0.03106467,0.12710317,0.02776038,0.11789351,0.01380821,0.0,0.0,46.45600712,0.31,0.0975,0.9175,0.04876967,0.19388569,0.0,0.07671042,0.05916161,0.03379965,0.97922326,88.20316034
12,after_pass,1,4,1,0.14592912,0.03087332,0.03045865,0.13663019,0.0278393,0.12854394,0.01739369,0.0,0.0,45.7278797,0.245,0.11,0.9275,0.04919315,0.21468512,0.0,0.07516414,0.05314014,0.02959116,0.98236654,88.22609157
12,after_pass,1,4,2,0.15711476,0.02992513,0.03150418,0.18812728,0.02700027,0.12381218,0.01285273,0.0,0.0,44.93405121,0.145,0.195,0.9525,0.04852922,0.28551448,0.0,0.07547498,0.0563449,0.03039784,0.98163882,88.22936569
12,after_pass,1,4,3,0.16431855,0.03615208,0.03126611,0.13759096,0.02923525,0.12894378,0.01475781,0.0,0.0,43.73610923,0.1,0.2475,0.9675,0.05338546,0.22272804,0.0,0.06080085,0.05027519,0.02689968,0.98710557,88.21872198
12,after_pass,1,4,4,0.13708105,0.03133238,0.03039587,0.15136334,0.02978379,0.14947519,0.01886945,0.0,0.0,43.61136532,0.375,0.105,0.93,0.04861176,0.22368605,0.0,0.07939908,0.03824081,0.02231592,0.98594802,88.27637757
0,after_pass,1,0,0,0.05445616,0.03073525,0.03466178,0.14394809,0.03183241,0.14151637,0.02352194,0.0,0.0,42.56649664,1.0,0.0,0.0825,0.04115224,0.17162565,0.0,0.05913064,0.05141267,0.04224796,0.98031162,88.19518287
0,after_pass,1,0,1,0.12213613,0.03371789,0.02895581,0.1082987,0.0233513,0.10072146,0.01988894,0.0,0.0,42.43973228,0.5475,0.0725,0.6775,0.04621374,0.17399254,0.0,0.06585615,0.03377931,0.02091224,0.98904291,88.28822045
0,after_pass,1,0,2,0.13871571,0.03182391,0.02763671,0.12839979,0.02294502,0.11563533,0.01376101,0.00234178,0.09765427,42.83401869,0.315,0.0825,0.8925,0.04676724,0.18035804,0.13284411,0.05776289,0.03768036,0.02160167,0.9901139,70.43753522
0,after_pass,1,0,3,0.1410055,0.03311414,0.01854004,0.08851769,0.0172051,0.08492032,0.02012707,0.0,0.0,44.28571369,0.33,0.13,0.91,0.03473502,0.15807747,0.0,0.05326891,0.05063074,0.02877474,0.9878145,88.27811028
0,after_pass,1,0,4,0.12755826,0.03526865,0.02505945,0.11411846,0.02190843,0.10863725,0.02065377,0.0,0.0,45.53533579,0.4725,0.0775,0.7425,0.04543186,0.19036043,0.0,0.06635592,0.05126337,0.03092,0.98389166,88.18115321
0,after_pass,1,1,0,0.09769471,0.03523319,0.02968387,0.12940566,0.02748345,0.12346256,0.0262273,0.0,0.0,42.55623391,0.775,0.0,0.49,0.0448702,0.18681528,0.0,0.04841663,0.05279197,0.03616551,0.98619566,88.21866943
0,after_pass,1,1,1,0.18062151,0.03312819,0.01737657,0.07456464,0.01549028,0.06964582,0.01872658,0.0,0.0,42.40831858,0.035,0.4175,1.0,0.03644053,0.16209246,0.0,0.04323282,0.05278439,0.02567252,0.99120007,88.33203712
0,after_pass,1,1,2,0.16754305,0.02712821,0.01641044,0.07680527,0.01421867,0.07066764,0.00814795,0.0,0.0,42.80375624,0.0475,0.21,1.0,0.03588998,0.16732565,0.0,0.05145871,0.0620322,0.03189316,0.98699558,88.35973724
0,after_pass,1,1,3,0.18875974,0.02285301,0.01527689,0.0701939,0.0134115,0.06272693,0.00631915,0.0,0.0,44.31110501,0.0,0.6275,1.0,0.03279248,0.14051512,0.0,0.0442608,0.06392563,0.03005691,0.9894594,88.46703858
0,after_pass,1,1,4,0.17088485,0.03137131,0.02095702,0.10365329,0.02002515,0.09932575,0.01272991,0.0,0.0,45.66336515,0.045,0.345,1.0,0.03938713,0.18011734,0.0,0.04304309,0.05010369,0.02554975,0.99122357,88.3602354
0,after_pass,1,2,0,0.14863908,0.02811931,0.01910356,0.09241604,0.01789626,0.08846517,0.01463831,0.0,0.0,42.68088281,0.2175,0.0925,0.9825,0.03786956,0.16647197,0.0,0.05750239,0.06356079,0.03503401,0.98404696,88.29667753
0,after_pass,1,2,1,0.17404002,0.03450741,0.02128432,0.0930263,0.01926547,0.08705269,0.01190223,0.0,0.0,42.56172683,0.075,0.3725,1.0,0.04844654,0.19244915,0.0,0.0481928,0.0746734,0.03751847,0.985636,88.22116852
0,after_pass,1,2,2,0.19307625,0.03077645,0.0178369,0.09067867,0.01494556,0.07979665,0.01297712,0.0,0.0,42.92905611,0.015,0.6725,1.0,0.03801079,0.1848362,0.0,0.0584355,0.06331561,0.0296209,0.98672371,88.2976163
0,after_pass,1,2,3,0.18264448,0.0314635,0.01999604,0.09249755,0.01900006,0.08809342,0.00976523,0.0,0.0,44.47228668,0.0025,0.4225,1.0,0.03964418,0.17726564,0.0,0.06548206,0.04713221,0.0229156,0.98801286,88.30740569
0,after_pass,1,2,4,0.16168442,0.03197482,0.02314673,0.10091944,0.02055467,0.09399494,0.0103453,0.0,0.0,45.33954614,0.11,0.26,0.9625,0.04733947,0.18804674,0.0,0.04556189,0.04088058,0.02148677,0.9921373,88.36527086
0,after_pass,1,3,0,0.15982496,0.03429843,0.02449815,0.14474242,0.02110558,0.08942352,0.00916327,0.0,0.0,42.53424713,0.14,0.25,0.955,0.05173821,0.26221532,0.0,0.05097253,0.07265343,0.03873906,0.98434756,88.20379941
0,after_pass,1,3,1,0.19017932,0.0385596,0.02290998,0.10859863,0.01926989,0.07823038,0.01880724,0.0,0.0,42.38444361,0.0475,0.57,1.0,0.04785766,0.15457911,0.0,0.05138743,0.07494648,0.03531957,0.98558701,88.1563701
0,after_pass,1,3,2,0.19267665,0.03491777,0.02420366,0.12937595,0.02264546,0.12135764,0.01541197,0.00279596,0.18801922,42.83630051,0.0225,0.6225,1.0,0.04226938,0.17646811,0.28396458,0.05430993,0.07110806,0.03326622,0.98568953,73.19631296
0,after_pass,1,3,3,0.17235383,0.03518833,0.03820202,0.18356058,0.03368149,0.17515171,0.00753266,0.01381121,0.25617521,44.15068888,0.0975,0.3775,0.98,0.04615842,0.23872,0.26812987,0.06385662,0.06240788,0.03161957,0.9839133,54.03331713
0,after_pass,1,3,4,0.17280384,0.02981375,0.02101359,0.10221991,0.01969629,0.09739089,0.0091872,0.00375226,0.14860342,45.15409434,0.0875,0.38,0.9925,0.0372518,0.15620334,0.2474763,0.06341294,0.04412855,0.02212185,0.98868569,75.36089573
0,after_pass,1,4,0,0.12322035,0.02790884,0.01660769,0.08009795,0.01483771,0.07621449,0.01693555,0.0,0.0,42.62049079,0.51,0.01,0.755,0.03117961,0.13468125,0.0,0.0469387,0.07031915,0.04305524,0.98397934,88.29892084
0,after_pass,1,4,1,0.13642289,0.03220252,0.02582575,0.09563903,0.02166493,0.08918071,0.01536904,0.0,0.0,42.58861129,0.2975,0.06,0.8325,0.04708205,0.16766932,0.0,0.04688644,0.05707637,0.03310029,0.98770633,88.29080065
0,after_pass,1,4,2,0.16132869,0.02566981,0.02404281,0.11094424,0.02154257,0.10393247,0.00785983,0.0,0.0,43.03243034,0.09,0.195,1.0,0.04487137,0.19049886,0.0,0.05313443,0.0577081,0.03045343,0.98718494,88.38588234
0,after_pass,1,4,3,0.15901513,0.03471936,0.02786359,0.11619158,0.02379676,0.10706747,0.01671598,0.0,0.0,44.17982369,0.1175,0.215,0.9725,0.04823911,0.1947368,0.0,0.06092972,0.06834666,0.03643898,0.98251341,88.16768899
0,after_pass,1,4,4,0.13838588,0.02048611,0.01956906,0.10374988,0.01979175,0.10480705,0.01072035,0.0,0.0,45.22752586,0.2175,0.0125,0.965,0.03116251,0.15569765,0.0,0.04353648,0.06276039,0.03613848,0.98736725,88.47100905
3,after_pass,1,0,0,0.05350736,0.0330293,0.04489842,0.2703461,0.04056977,0.1841879,0.02669382,0.0,0.0,45.12409644,0.96,0.0,0.095,0.05173927,0.28554788,0.0,0.07129069,0.10650759,0.08596345,0.95215276,87.70043022
3,after_pass,1,0,1,0.12654485,0.02984581,0.03514939,0.1695326,0.03171999,0.15728525,0.01797178,0.0,0.0,45.12299545,0.5225,0.045,0.7775,0.05192482,0.23501351,0.0,0.0803603,0.10895304,0.0661397,0.95843912,87.85366967
3,after_pass,1,0,2,0.13758994,0.03695213,0.03205773,0.13782638,0.02795044,0.12524184,0.02152071,0.0,0.0,44.04251992,0.41,0.1475,0.8675,0.05085887,0.20473509,0.0,0.09782295,0.0881088,0.0516225,0.95985491,87.76526186
3,after_pass,1,0,3,0.14536808,0.03370339,0.02443491,0.11187711,0.02226282,0.10545629,0.01813495,0.0,0.0,43.0639817,0.2825,0.115,0.935,0.04083316,0.17862847,0.0,0.08659241,0.09892349,0.0557399,0.96262288,87.86149707
3,after_pass,1,0,4,0.1240494,0.03162039,0.03967462,0.1554425,0.03376618,0.14368673,0.01727403,0.0,0.0,42.94134488,0.495,0.0075,0.82,0.05800086,0.22266492,0.0,0.06276605,0.09499986,0.05852982,0.9711948,88.03379004
3,after_pass,1,1,0,0.10206099,0.04488698,0.03726354,0.14819701,0.03171206,0.13770491,0.03263886,0.0,0.0,45.12186818,0.6975,0.0525,0.495,0.05526602,0.27883481,0.0,0.06227459,0.09311719,0.06335004,0.96892782,87.78838158
3,after_pass,1,1,1,0.15701901,0.03185734,0.03176198,0.14792248,0.02912637,0.13247135,0.00876299,0.0,0.0,45.13125612,0.18,0.235,0.9875,0.05606492,0.25262311,0.0,0.07348882,0.09235698,0.04950677,0.97143931,88.03402283
3,after_pass,1,1,2,0.18562604,0.03499802,0.02826989,0.117971,0.02350085,0.10931107,0.01244552,0.0,0.0,44.11964851,0.0075,0.45,1.0,0.05447588,0.22869336,0.0,0.07771114,0.08897472,0.04264218,0.97360765,88.01966742
3,after_pass,1,1,3,0.17092758,0.03043139,0.02224497,0.10316126,0.02007411,0.09601441,0.00598285,0.0,0.0,43.20202388,0.07,0.335,1.0,0.04469501,0.19239983,0.0,0.08982501,0.10742179,0.05480282,0.96116194,87.88905501
3,after_pass,1,1,4,0.14684073,0.02336999,0.02950439,0.12532921,0.02289124,0.10894463,0.00948551,0.0,0.0,42.86317226,0.1725,0.0525,0.9925,0.04556215,0.18964754,0.0,0.08999476,0.09609417,0.05362153,0.96194714,88.01303693
3,after_pass,1,2,0,0.1577718,0.04422948,0.0232496,0.10999467,0.02297432,0.10483253,0.02745471,0.0,0.0,44.88966449,0.215,0.3125,0.89,0.04008944,0.17870734,0.0,0.07197812,0.07894482,0.04370266,0.97586047,87.91073377
3,after_pass,1,2,1,0.19882432,0.03550782,0.02521011,0.11737725,0.02407587,0.11576393,0.01213034,0.0,0.0,44.84130195,0.02,0.69,1.0,0.04975168,0.21997132,0.0,0.0818372,0.06546751,0.03001127,0.98061489,88.12470797
3,after_pass,1,2,2,0.19046968,0.0381997,0.02399117,0.11176506,0.02203773,0.10312498,0.01194069,0.0,0.0,43.52872356,0.0575,0.5775,1.0,0.05086382,0.22940692,0.0,0.07779568,0.08550468,0.03999312,0.97546211,87.99920884
3,after_pass,1,2,3,0.18077822,0.027258,0.02122522,0.0901056,0.01702792,0.0812059,0.00875415,0.0,0.0,42.27702709,0.0,0.4375,1.0,0.04279615,0.17585213,0.0,0.09309417,0.11035804,0.0538915,0.96044762,87.92727069
3,after_pass,1,2,4,0.16924681,0.02660531,0.02716882,0.14511413,0.0252717,0.11148843,0.0152761,0.0,0.0,41.81623956,0.015,0.335,1.0,0.04153502,0.16967938,0.0,0.09401932,0.10942782,0.05573387,0.95887741,87.9117999
3,after_pass,1,3,0,0.16176611,0.04062788,0.02391275,0.11711465,0.02131997,0.11049513,0.02254237,0.0,0.0,43.83578876,0.1975,0.335,0.9425,0.04486165,0.20347105,0.0,0.08731366,0.0792017,0.04235456,0.97030178,87.8775433
3,after_pass,1,3,1,0.17919616,0.0337355,0.02744667,0.12833025,0.02353124,0.11488885,0.0137417,0.0,0.0,44.65710819,0.0525,0.465,1.0,0.0532171,0.23202981,0.0,0.05743807,0.06108778,0.03018007,0.98624583,88.24314873
3,after_pass,1,3,2,0.17088054,0.03615108,0.02923464,0.13292795,0.02715117,0.12601435,0.0102958,0.0,0.0,43.45340509,0.1225,0.405,0.98,0.05526547,0.24028407,0.0,0.05937286,0.05799087,0.02942044,0.98598431,88.20077756
3,after_pass,1,3,3,0.18576051,0.02209386,0.01549856,0.07892112,0.01533939,0.07754155,0.00612913,0.0,0.0,42.20243685,0.0,0.535,1.0,0.0327411,0.15684029,0.0,0.07111288,0.08224329,0.03924387,0.97765112,88.28884048
3,after_pass,1,3,4,0.16999335,0.04448727,0.03127246,0.15187749,0.02599005,0.13122638,0.02340852,0.0,0.0,41.68488785,0.135,0.385,0.97,0.05065491,0.23238916,0.0,0.07571059,0.11175267,0.05787394,0.96528877,87.73561267
3,after_pass,1,4,0,0.12821172,0.02815038,0.02391177,0.11679494,0.02221302,0.11073424,0.01448844,0.0,0.0,42.79083338,0.465,0.0425,0.8425,0.03835701,0.18924142,0.0,0.0732477,0.06962374,0.04175954,0.97584575,88.16389145
3,after_pass,1,4,1,0.13895185,0.03367411,0.03542669,0.17976602,0.02865287,0.11946382,0.01453395,0.0,0.0,44.10619897,0.3075,0.1025,0.8675,0.05973839,0.20320452,0.0,0.06156181,0.06819447,0.0400051,0.98064358,88.15411467
3,after_pass,1,4,2,0.16720723,0.02810269,0.02761943,0.12523789,0.02557199,0.11647436,0.01342807,0.0,0.0,43.7307689,0.0575,0.2875,0.9775,0.04601562,0.2024898,0.0,0.07061269,0.07934181,0.04145144,0.9768439,88.18079045
3,after_pass,1,4,3,0.14477505,0.03013957,0.0232449,0.11847396,0.02042597,0.10747176,0.0187718,0.0,0.0,42.64669466,0.175,0.08,0.9025,0.03937857,0.18532506,0.0,0.06732108,0.07741052,0.04397999,0.97622408,88.13860633
3,after_pass,1,4,4,0.15167333,0.03226301,0.03463921,0.14284348,0.03116206,0.13190604,0.01703638,0.0,0.0,41.81846303,0.1775,0.155,0.955,0.04938202,0.20519519,0.0,0.07668762,0.11244952,0.06194572,0.96309202,87.89179765
6,after_pass,1,0,0,0.05422708,0.03385974,0.0336896,0.13439454,0.03026672,0.12466524,0.02597084,0.0,0.0,45.33493476,0.96,0.0,0.1225,0.04106125,0.1519898,0.0,0.04449504,0.10007125,0.08022279,0.97195468,88.01083052
6,after_pass,1,0,1,0.13413018,0.03487883,0.03226935,0.17806297,0.02907929,0.13111889,0.01915492,0.0,0.0,45.34470227,0.44,0.1025,0.8475,0.04868515,0.20492134,0.0,0.04698768,0.14798068,0.08823869,0.96754411,87.92319216
6,after_pass,1,0,2,0.13465278,0.03285638,0.02565614,0.1282312,0.02292869,0.1179728,0.01931125,0.0,0.0,45.48274863,0.4325,0.0825,0.8675,0.04532633,0.19815677,0.0,0.05929128,0.12300196,0.07260674,0.96625642,87.93405797
6,after_pass,1,0,3,0.13374505,0.03324414,0.02554725,0.13479075,0.02416055,0.13028145,0.01817725,0.00061254,0.06361985,45.70937066,0.44,0.1,0.8325,0.04230436,0.19910915,0.06756349,0.05258315,0.15833125,0.09410023,0.96102163,55.88872317
6,after_pass,1,0,4,0.12541468,0.02773368,0.02709761,0.14569481,0.02480954,0.14393754,0.01771699,0.00091616,0.07485823,45.95937471,0.475,0.0325,0.8325,0.03754781,0.17795159,0.06711709,0.05609611,0.16945671,0.10299254,0.95451185,26.98661705
6,after_pass,1,1,0,0.09309321,0.0366141,0.03294121,0.17436318,0.0290724,0.11898823,0.02762164,0.0,0.0,44.06336244,0.7325,0.0,0.4375,0.04683188,0.16197916,0.0,0.03483816,0.08615305,0.05923969,0.98353418,88.15416713
6,after_pass,1,1,1,0.15681909,0.03138334,0.01619525,0.07763666,0.01590915,0.07751475,0.01662225,0.0,0.0,44.50221735,0.155,0.1675,0.99,0.03360796,0.15228634,0.0,0.04049274,0.12870941,0.06921755,0.97802347,88.14804226
6,after_pass,1,1,2,0.17749112,0.02616966,0.01634044,0.07507644,0.0140943,0.07171943,0.00854719,0.0,0.0,44.88228876,0.0075,0.385,1.0,0.03505456,0.17380942,0.0,0.04779788,0.10289991,0.05101667,0.98079285,88.27511785
6,after_pass,1,1,3,0.16592402,0.02717545,0.02040981,0.09204865,0.01880301,0.09139919,0.0106294,0.0,0.0,45.31428996,0.08,0.27,1.0,0.04014238,0.17148848,0.0,0.04484889,0.12140762,0.06305476,0.97765961,88.20862688
6,after_pass,1,1,4,0.17408569,0.03371744,0.03018819,0.16184756,0.02589347,0.14076576,0.01434999,0.00016025,0.02437382,45.63279836,0.0325,0.27,1.0,0.05047427,0.26559169,0.06743901,0.04419574,0.13133187,0.06619187,0.97686057,81.40025671
6,after_pass,1,2,0,0.15334583,0.04021498,0.02676894,0.1038464,0.02484904,0.09971012,0.02064134,0.0,0.0,42.97548084,0.24,0.25,0.88,0.04939959,0.18496322,0.0,0.02960807,0.1036865,0.05642592,0.98648987,88.14469134
6,after_pass,1,2,1,0.18609515,0.03339962,0.01686314,0.06411771,0.0139659,0.05675111,0.01484086,0.0,0.0,43.91702107,0.0,0.4425,1.0,0.0381993,0.14991399,0.0,0.04294102,0.11520443,0.05482648,0.98125448,88.16828254
6,after_pass,1,2,2,0.21302737,0.03628021,0.02078716,0.08883285,0.0198447,0.08253479,0.00792116,0.0,0.0,44.50486168,0.0,0.755,1.0,0.05037168,0.19921523,0.0,0.04183022,0.12027968,0.05180075,0.98273254,88.14656544
6,after_pass,1,2,3,0.18886827,0.02569333,0.01554517,0.07035244,0.01531075,0.06928002,0.00547593,0.0,0.0,45.16268164,0.0,0.5375,1.0,0.03416098,0.14499642,0.0,0.04895826,0.12991975,0.06154299,0.97609691,88.20676913
6,after_pass,1,2,4,0.16779805,0.0300896,0.02057203,0.10440891,0.01970674,0.0993045,0.01409622,0.0,0.0,44.92110909,0.1025,0.3325,1.0,0.03843005,0.18630187,0.0,0.05388617,0.13056304,0.06689337,0.97161085,88.06466977
6,after_pass,1,3,0,0.15644582,0.03364127,0.02677093,0.11151811,0.02452544,0.09784662,0.0097509,0.0,0.0,42.70624233,0.155,0.185,1.0,0.05151077,0.28153847,0.0,0.04068262,0.16173684,0.08771932,0.97221754,88.01853197
6,after_pass,1,3,1,0.16155476,0.02344067,0.01562216,0.07685963,0.01486693,0.07156206,0.00510891,0.0,0.0,43.76372023,0.05,0.1925,1.0,0.0335988,0.16011168,0.0,0.03943047,0.12124277,0.06367084,0.98035943,88.31130537
6,after_pass,1,3,2,0.17774296,0.03085496,0.01627193,0.08749446,0.0153409,0.07887148,0.01045387,0.0,0.0,44.52962976,0.0225,0.4325,1.0,0.0386004,0.19487686,0.0,0.03754591,0.12196407,0.06052419,0.98220671,88.22381009
6,after_pass,1,3,3,0.18355751,0.0302732,0.01899521,0.09226143,0.01762484,0.08673244,0.00749424,0.0,0.0,44.99979707,0.0325,0.455,1.0,0.04203119,0.19383444,0.0,0.03828467,0.14280828,0.06912951,0.97894503,88.18044487
6,after_pass,1,3,4,0.15664278,0.03361547,0.0275042,0.12463707,0.02430633,0.1203422,0.01391037,0.0,0.0,43.76359463,0.165,0.1825,0.9975,0.05130089,0.2161309,0.0,0.0444067,0.15347813,0.08251017,0.97100079,87.99921193
6,after_pass,1,4,0,0.1293053,0.03203744,0.04287189,0.19397227,0.03467551,0.16199721,0.01367807,0.0,0.0,42.79644617,0.48,0.0575,0.835,0.06741052,0.29970572,0.0,0.04874783,0.12163179,0.07307354,0.97239004,88.04660119
6,after_pass,1,4,1,0.15844801,0.0376586,0.0309567,0.13936432,0.02574517,0.12240521,0.01610028,0.0,0.0,43.90625151,0.185,0.265,0.9275,0.05378482,0.23124405,0.0,0.04923789,0.14075696,0.07609657,0.96957781,87.91249531
6,after_pass,1,4,2,0.15099561,0.02578302,0.0210629,0.11652725,0.01915638,0.10991662,0.01170901,0.0,0.0,44.73354556,0.1375,0.095,0.95,0.03958941,0.1978986,0.0,0.04565948,0.14604935,0.08047397,0.97094393,88.12176824
6,after_pass,1,4,3,0.17055947,0.03626895,0.02250779,0.10786336,0.0209341,0.10527024,0.01804773,0.0,0.0,44.4919461,0.1125,0.4,0.985,0.04235659,0.1897952,0.0,0.0543613,0.1472185,0.07531035,0.96795499,87.908005
6,after_pass,1,4,4,0.13841923,0.03789738,0.03145769,0.1489738,0.02716057,0.13898146,0.02012679,0.0,0.0,43.18880088,0.4275,0.1725,0.8275,0.05109647,0.236032,0.0,0.05499672,0.15013637,0.08732213,0.96338003,87.8079658
7,after_pass,1,0,0,0.05115663,0.03259014,0.03116051,0.14622289,0.02841881,0.13479397,0.02654184,0.0,0.0,42.45353329,0.94,0.0,0.1,0.0395065,0.16914363,0.0,0.09824541,0.125635,0.10396435,0.9225704,87.21447254
7,after_pass,1,0,1,0.13551117,0.03058003,0.02725646,0.14148846,0.02399526,0.12502053,0.01700065,0.0,0.0,43.06524779,0.345,0.0725,0.8775,0.0473927,0.22379853,0.0,0.09270654,0.10558471,0.06195389,0.95476813,87.78187308
7,after_pass,1,0,2,0.13769221,0.02736729,0.02602834,0.10845062,0.02350133,0.09958657,0.00980856,0.0,0.0,43.5091981,0.3375,0.045,0.9225,0.04747488,0.1827515,0.0,0.07093344,0.10911444,0.06312486,0.96473197,87.99560866
7,after_pass,1,0,3,0.14395798,0.03158463,0.02276609,0.10004386,0.02131597,0.10421788,0.01235029,0.0,0.0,43.77045994,0.2225,0.1175,0.8925,0.04370344,0.19645505,0.0,0.07855895,0.13130478,0.07462392,0.9543911,87.75990997
7,after_pass,1,0,4,0.12321944,0.03603761,0.02403241,0.12393748,0.02192835,0.11837909,0.02362541,0.0,0.0,44.54090098,0.47,0.055,0.75,0.04051019,0.18562609,0.0,0.06029941,0.13236641,0.08192213,0.96131628,87.80349526
7,after_pass,1,1,0,0.10151335,0.03559269,0.02020215,0.09180819,0.01908113,0.09020725,0.02923799,0.0,0.0,44.18249946,0.6825,0.005,0.5525,0.03061862,0.13611845,0.0,0.09049155,0.12169791,0.08368079,0.94207425,87.49378526
7,after_pass,1,1,1,0.15929367,0.02407448,0.02053191,0.10567015,0.01574477,0.0650721,0.00761575,0.0,0.0,44.08167544,0.0975,0.15,1.0,0.03950049,0.1341608,0.0,0.08453099,0.09188959,0.04882639,0.96771473,88.09616428
7,after_pass,1,1,2,0.18498538,0.02849326,0.01486945,0.07628515,0.01418999,0.07374935,0.01241956,0.0,0.0,44.00058024,0.0,0.5,1.0,0.03497071,0.16848342,0.0,0.07475001,0.11807502,0.05635817,0.96663368,88.00889137
7,after_pass,1,1,3,0.1791784,0.03214007,0.02275156,0.09632704,0.02034775,0.09138267,0.01069485,0.0,0.0,44.02529561,0.0125,0.4225,1.0,0.04697732,0.19035808,0.0,0.08234017,0.12160528,0.05989616,0.96099659,87.85949267
7,after_pass,1,1,4,0.17101479,0.02845357,0.01700636,0.08096251,0.01467949,0.07036879,0.01194363,0.0,0.0,44.65136853,0.03,0.2975,0.9975,0.03797115,0.16616701,0.0,0.06503083,0.12251647,0.06230587,0.96733637,88.02096458
7,after_pass,1,2,0,0.14695151,0.03813441,0.017659,0.07514816,0.01618834,0.07117202,0.02165945,0.0,0.0,44.79834935,0.295,0.18,0.8725,0.03880259,0.14226577,0.0,0.06314167,0.1273616,0.0729274,0.96341421,87.80480105
7,after_pass,1,2,1,0.17728106,0.02250777,0.01205538,0.06117232,0.01045508,0.05644607,0.00497924,0.0,0.0,44.5345012,0.0,0.345,1.0,0.02981799,0.14578541,0.0,0.07126676,0.08216948,0.04056179,0.97712364,88.27375431
7,after_pass,1,2,2,0.19368101,0.03965963,0.02159597,0.13506031,0.02037365,0.08550552,0.00709247,0.0,0.0,44.36646594,0.0425,0.605,1.0,0.05429267,0.28329279,0.0,0.07139796,0.12173656,0.05673304,0.96819658,87.85862406
7,after_pass,1,2,3,0.1820729,0.02719037,0.01642538,0.07466885,0.01443389,0.06924887,0.00535633,0.0,0.0,44.36229008,0.015,0.505,1.0,0.03820443,0.15675042,0.0,0.07709149,0.09462511,0.04593313,0.97266737,88.12754554
7,after_pass,1,2,4,0.153592,0.02651032,0.02130821,0.08297144,0.01907132,0.07807848,0.00928326,0.0,0.0,44.77588889,0.1525,0.1125,0.9825,0.0411796,0.15655266,0.0,0.07964904,0.08055093,0.04412143,0.97275292,88.13966717
7,after_pass,1,3,0,0.14734304,0.0307371,0.01968087,0.07149578,0.0181297,0.07213185,0.01026263,0.0,0.0,43.71355142,0.255,0.1125,0.925,0.03883854,0.15368626,0.0,0.07943336,0.1391426,0.07852153,0.95106912,87.7185133
7,after_pass,1,3,1,0.17327099,0.04049438,0.01926609,0.08485606,0.01713863,0.0774366,0.01515589,0.0,0.0,43.61473993,0.145,0.45,0.9675,0.04092121,0.17222767,0.0,0.06127287,0.11271739,0.05746597,0.97225344,87.91123705
7,after_pass,1,3,2,0.18442554,0.03405808,0.01866813,0.07504621,0.01593517,0.0700351,0.01058138,0.0,0.0,43.75407234,0.0775,0.5175,1.0,0.04492409,0.16453973,0.0,0.05445081,0.15334003,0.07392656,0.96847294,87.95120353
7,after_pass,1,3,3,0.19491402,0.03178698,0.01507491,0.06127466,0.01322857,0.05599468,0.00951742,0.0,0.0,44.11262651,0.015,0.6725,1.0,0.03889328,0.19061812,0.0,0.09577186,0.13067588,0.06016313,0.95543628,87.77390979
7,after_pass,1,3,4,0.17164989,0.03343206,0.01911387,0.07898354,0.01750435,0.07195443,0.01150147,0.0,0.0,44.62619715,0.0625,0.3375,0.9975,0.04084919,0.19745169,0.0,0.09687479,0.10856966,0.05498408,0.95832209,87.79542571
7,after_pass,1,4,0,0.13839409,0.02482697,0.01904883,0.08500479,0.01590569,0.07247861,0.01220677,0.0,0.0,42.51161611,0.2675,0.0,0.91,0.03426033,0.13766699,0.0,0.09497399,0.13373961,0.07692408,0.94322054,87.68126208
7,after_pass,1,4,1,0.15387827,0.02908871,0.01973366,0.08581468,0.01583827,0.07123853,0.01436298,0.0,0.0,42.49471295,0.19,0.1775,1.0,0.03586285,0.14889039,0.0,0.09030312,0.1352035,0.07316527,0.94801313,87.69390121
7,after_pass,1,4,2,0.14764209,0.03052327,0.02211841,0.09554805,0.01904317,0.09041025,0.01317777,0.0,0.0,42.85725885,0.2525,0.1425,0.985,0.04092601,0.17550637,0.0,0.08244899,0.14779706,0.08237079,0.94657175,87.64758537
7,after_pass,1,4,3,0.1527555,0.01928625,0.01709132,0.07711603,0.01526259,0.06867352,0.01025416,0.0,0.0,43.75735345,0.0575,0.0525,1.0,0.0309962,0.16376641,0.0,0.09246398,0.13037114,0.07082135,0.94944531,87.87145118
7,after_pass,1,4,4,0.14440972,0.03517854,0.02274061,0.10140706,0.02020359,0.10081604,0.01936792,0.0,0.0,44.52109648,0.295,0.1175,0.8575,0.04183895,0.18290599,0.0,0.08820898,0.10559222,0.05969343,0.95867437,87.77378156
8,after_pass,1,0,0,0.05014054,0.02533641,0.04563748,0.17500721,0.03908376,0.16470568,0.02287156,0.0,0.0,44.49793568,0.9875,0.0,0.03,0.05221682,0.20265777,0.0,0.0797333,0.07719135,0.06317805,0.96027832,87.95473348
8,after_pass,1,0,1,0.12736863,0.02746273,0.02741433,0.11443971,0.02367166,0.0991473,0.01667767,0.0,0.0,44.36351308,0.445,0.01,0.805,0.04238291,0.18313219,0.0,0.08442548,0.10265355,0.06187813,0.95923064,87.90410771
8,after_pass,1,0,2,0.14082349,0.02351157,0.02276384,0.11086278,0.02005403,0.09926123,0.00725589,0.0,0.0,44.75017882,0.275,0.05,1.0,0.03898089,0.18701016,0.0,0.07961495,0.09416122,0.05376752,0.96614918,88.0795062
8,after_pass,1,0,3,0.13770633,0.02650104,0.02266416,0.10878427,0.01995431,0.1001052,0.01503355,0.0,0.0,44.95616263,0.3625,0.065,0.9575,0.03829046,0.18031949,0.0,0.06474928,0.11010056,0.06346769,0.96778865,88.05910336
8,after_pass,1,0,4,0.13204653,0.03828355,0.02347615,0.11152717,0.02256152,0.10772406,0.02266767,0.0,0.0,44.02994569,0.4625,0.105,0.8225,0.03705616,0.17072319,0.0,0.05485394,0.12883074,0.07580186,0.96736001,87.86666518
8,after_pass,1,1,0,0.10537309,0.04478224,0.02756901,0.12121592,0.02506268,0.12076381,0.03207398,0.0,0.0,45.62893957,0.6125,0.025,0.56,0.04040536,0.17475797,0.0,0.08612177,0.11100354,0.0754507,0.94855171,87.45727856
8,after_pass,1,1,1,0.17623733,0.03095378,0.024501,0.10172322,0.0205015,0.08907981,0.01428708,0.0,0.0,45.89499461,0.0275,0.375,1.0,0.0455657,0.19371595,0.0,0.08578881,0.08115005,0.04083229,0.97224665,88.06135874
8,after_pass,1,1,2,0.16593913,0.03483849,0.02302099,0.11580428,0.02137977,0.10765439,0.01488778,0.0,0.0,45.58619758,0.115,0.28,1.0,0.04844686,0.24733227,0.0,0.10635669,0.11340582,0.05887676,0.95109956,87.65473955
8,after_pass,1,1,3,0.17775903,0.02896794,0.02563508,0.12081713,0.02416817,0.11628873,0.00888543,0.0,0.0,44.5448542,0.0525,0.42,1.0,0.04837152,0.21776463,0.0,0.10694313,0.11179153,0.05522994,0.95386121,87.79226036
8,after_pass,1,1,4,0.1635271,0.03465466,0.03434881,0.18644969,0.0299711,0.1378366,0.01407366,0.0,0.0,43.19604135,0.13,0.2625,0.99,0.05891946,0.26041375,0.0,0.0954417,0.11888666,0.06264826,0.95411571,87.7072353
8,after_pass,1,2,0,0.16276893,0.03379216,0.02156548,0.10909766,0.01861905,0.09864049,0.01727888,0.0,0.0,44.52854704,0.145,0.245,0.9675,0.04187124,0.2002664,0.0,0.07701831,0.0860697,0.04595425,0.97232509,88.01789762
8,after_pass,1,2,1,0.16521756,0.03076805,0.02103299,0.10800865,0.01884136,0.10255195,0.01142777,0.0,0.0,46.88738309,0.105,0.24,0.9875,0.04181925,0.21091592,0.0,0.07750208,0.05669516,0.02940502,0.98192392,88.22063234
8,after_pass,1,2,2,0.19299646,0.03195251,0.01940176,0.09370465,0.01746936,0.08796736,0.0076183,0.0,0.0,45.89781248,0.0025,0.5425,1.0,0.04467661,0.19980172,0.0,0.09719654,0.10558599,0.04911701,0.96266516,87.88970939
8,after_pass,1,2,3,0.18625306,0.03126994,0.02352048,0.10705196,0.02112233,0.10008556,0.00862899,0.0,0.0,44.56828282,0.0275,0.505,1.0,0.04635145,0.20171044,0.0,0.1099698,0.13475655,0.06436699,0.94520431,87.61325855
8,after_pass,1,2,4,0.16924529,0.03940284,0.03321411,0.14105872,0.03060699,0.1356296,0.0146745,0.0,0.0,43.19729936,0.1375,0.36,0.9925,0.0594184,0.24436975,0.0,0.09682004,0.10723594,0.05499763,0.95876779,87.70905033
8,after_pass,1,3,0,0.15666517,0.03229136,0.02297847,0.10283707,0.02021459,0.09573264,0.01233169,0.0,0.0,43.7651614,0.1825,0.175,0.9625,0.04664526,0.18972369,0.0,0.07766703,0.09468009,0.05115308,0.96909866,87.98918394
8,after_pass,1,3,1,0.17692597,0.03163869,0.0220836,0.09765224,0.02045121,0.09283785,0.00456647,0.0,0.0,45.54090663,0.0525,0.4075,1.0,0.04681546,0.1983777,0.0,0.08986354,0.08228255,0.04095637,0.97072735,88.02591567
8,after_pass,1,3,2,0.17904788,0.03017695,0.02313497,0.10261511,0.02068584,0.09537529,0.01078707,0.0,0.0,46.52418209,0.0275,0.38,1.0,0.04666476,0.20383935,0.0,0.08406992,0.10553902,0.05194277,0.965807,87.96890491
8,after_pass,1,3,3,0.20038539,0.04069998,0.02977257,0.12829134,0.02566467,0.112356,0.01429934,0.0,0.0,45.56726658,0.005,0.595,1.0,0.06119056,0.23970437,0.0,0.09413207,0.10610532,0.04823765,0.96467067,87.78498551
8,after_pass,1,3,4,0.1603119,0.02895116,0.02359961,0.11942419,0.02093379,0.10997656,0.0117395,0.0,0.0,44.4585586,0.1275,0.1875,0.9925,0.04303354,0.20653274,0.0,0.0849016,0.09872282,0.05239536,0.96517188,87.97784662
8,after_pass,1,4,0,0.1278797,0.03160476,0.02772649,0.12355178,0.02234711,0.10581459,0.01775465,0.0,0.0,43.66542938,0.4875,0.04,0.84,0.04303765,0.18441073,0.0,0.07873584,0.08699923,0.05357147,0.96608354,87.95093732
8,after_pass,1,4,1,0.16243488,0.02387298,0.03142933,0.12605371,0.02431725,0.11587305,0.00868037,0.0,0.0,44.43274181,0.0625,0.185,1.0,0.0467228,0.18203111,0.0,0.1003597,0.08874439,0.04632771,0.96340976,88.02904947
8,after_pass,1,4,2,0.15320733,0.03330444,0.02973393,0.15617077,0.02424497,0.1248842,0.0156007,0.0,0.0,45.37778546,0.2375,0.2175,0.96,0.05235728,0.2438069,0.0,0.09180693,0.10608056,0.05807923,0.95838258,87.79842001
8,after_pass,1,4,3,0.16405148,0.03472474,0.0268383,0.12672372,0.02422378,0.12207892,0.01696276,0.0,0.0,47.23491761,0.1125,0.2525,0.9825,0.04915317,0.22044517,0.0,0.0987683,0.0935666,0.04861532,0.96233973,87.84082633
8,after_pass,1,4,4,0.14114907,0.02591828,0.02523236,0.12322238,0.02190952,0.1104246,0.0106806,0.0,0.0,46.7874547,0.27,0.0625,0.945,0.04271544,0.19600402,0.0,0.08399617,0.0802928,0.04589421,0.97007711,88.10554137
9,after_pass,1,0,0,0.05625253,0.03282318,0.03458092,0.18093336,0.03099346,0.16143396,0.0268132,0.0,0.0,44.32468256,0.985,0.0,0.1225,0.03942848,0.20516442,0.0,0.12185413,0.04834345,0.03849987,0.96324297,87.88545472
9,after_pass,1,0,1,0.13771699,0.0362225,0.03106551,0.14125825,0.0259297,0.12728979,0.02098628,0.0,0.0,42.99322207,0.455,0.135,0.865,0.04624339,0.20989786,0.0,0.11077853,0.05293163,0.03068587,0.97298276,87.99026745
9,after_pass,1,0,2,0.13272448,0.03336597,0.03297819,0.12890691,0.0293443,0.12014802,0.01631133,0.0,0.0,42.20970276,0.4375,0.12,0.8475,0.05312354,0.20012095,0.0,0.10912212,0.0546902,0.03230948,0.9722311,88.02308923
9,after_pass,1,0,3,0.14675224,0.03220293,0.02911558,0.12985506,0.0270143,0.12224477,0.01507059,0.0,0.0,42.23878685,0.28,0.1725,0.9725,0.05182726,0.21935204,0.0,0.10689253,0.05337997,0.02997463,0.97484795,88.08379423
9,after_pass,1,0,4,0.11913097,0.03360919,0.03198702,0.14866789,0.02929931,0.14083918,0.02193183,0.0,0.0,43.08027772,0.585,0.0475,0.69,0.0479149,0.21785739,0.0,0.09898663,0.03396935,0.02121263,0.98336266,88.19887258
9,after_pass,1,1,0,0.09847795,0.02876781,0.03521984,0.15853385,0.03227473,0.14585204,0.02118167,0.0,0.0,44.20315616,0.7875,0.0,0.5025,0.05012664,0.21937363,0.0,0.11701259,0.05364143,0.0364114,0.96663384,88.0045694
9,after_pass,1,1,1,0.16844711,0.03868164,0.03602185,0.13948979,0.0304317,0.12338361,0.01853017,0.0,0.0,42.97086804,0.1675,0.3625,0.9725,0.06006227,0.23134477,0.0,0.08988974,0.05020662,0.02589564,0.98137513,88.08686263
9,after_pass,1,1,2,0.18485833,0.02936915,0.02410254,0.10225098,0.02213421,0.09398416,0.00898592,0.0,0.0,42.18156002,0.0,0.5075,1.0,0.04839828,0.19921788,0.0,0.08768497,0.04444195,0.02137287,0.98508552,88.293592
9,after_pass,1,1,3,0.16942394,0.02712505,0.01993767,0.10464583,0.01819799,0.10216559,0.00647013,0.0,0.0,42.18438234,0.0375,0.3025,1.0,0.04011647,0.20272196,0.0,0.10644032,0.03744871,0.01917659,0.98396909,88.3111604
9,after_pass,1,1,4,0.16272716,0.02363976,0.02924511,0.13024603,0.02321718,0.11663952,0.00693013,0.0,0.0,43.08324728,0.0625,0.115,1.0,0.04380772,0.19962408,0.0,0.12986738,0.03781985,0.01976407,0.97961494,88.29613163
9,after_pass,1,2,0,0.14353908,0.02817789,0.02604695,0.11599252,0.02095848,0.10649957,0.0144399,0.0,0.0,44.10989725,0.2275,0.0925,0.95,0.045316,0.18806857,0.0,0.1034772,0.05152908,0.02921716,0.97540112,88.15626104
9,after_pass,1,2,1,0.18457172,0.0308274,0.01683674,0.07631534,0.01574,0.07585634,0.01643041,0.0,0.0,43.00007823,0.0,0.48,1.0,0.03508737,0.15571489,0.0,0.10693548,0.04843879,0.02355803,0.97932516,88.17782342
9,after_pass,1,2,2,0.20337609,0.03417753,0.02200964,0.10363249,0.01983374,0.09560333,0.00861669,0.0,0.0,42.55403749,0.0275,0.7275,1.0,0.04815819,0.20764514,0.0,0.07984875,0.03822528,0.01707865,0.98929064,88.28491064
9,after_pass,1,2,3,0.19671626,0.03176304,0.02565519,0.1216631,0.02421187,0.11503009,0.00659779,0.0,0.0,42.54208739,0.0075,0.6475,1.0,0.05171239,0.22586076,0.0,0.08922817,0.04815587,0.02208446,0.98457969,88.24760193
9,after_pass,1,2,4,0.16844381,0.03341126,0.02793259,0.1180022,0.02312766,0.10695954,0.01646313,0.0,0.0,43.35605171,0.0425,0.235,0.9975,0.04496473,0.19074655,0.0,0.10823442,0.04242886,0.02176817,0.98146381,88.17146741
9,after_pass,1,3,0,0.15162169,0.03201625,0.02677352,0.12343127,0.02345596,0.1133215,0.01286654,0.0,0.0,43.23845857,0.215,0.195,0.9675,0.04686154,0.2023932,0.0,0.07491208,0.04229247,0.02326147,0.98596112,88.26577034
9,after_pass,1,3,1,0.18352726,0.03341019,0.02435708,0.11077227,0.02211004,0.10619903,0.0123085,0.0,0.0,42.29460993,0.0625,0.5275,1.0,0.04982516,0.21461844,0.0,0.09152238,0.04394729,0.02133561,0.98453269,88.22080822
9,after_pass,1,3,2,0.18001843,0.04002436,0.03305917,0.13070694,0.02744684,0.1149647,0.00887078,0.0,0.0,42.08224318,0.0575,0.425,1.0,0.06597222,0.25011216,0.0,0.09374737,0.04123172,0.02025209,0.98496308,88.12325311
9,after_pass,1,3,3,0.18648948,0.03386193,0.02205775,0.10658158,0.02000436,0.10096627,0.00781274,0.0,0.0,42.22345031,0.03,0.4275,1.0,0.04535397,0.19621764,0.0,0.08473189,0.05020089,0.02411172,0.98377773,88.20154701
9,after_pass,1,3,4,0.14697149,0.02556226,0.03260513,0.15809783,0.02756966,0.14416239,0.01291326,0.0,0.0,42.94871008,0.1425,0.08,0.955,0.04989247,0.22863267,0.0,0.1108416,0.04548106,0.02540154,0.97773629,88.23536365
9,after_pass,1,4,0,0.13620202,0.0298477,0.02652061,0.11871802,0.02381115,0.11908189,0.01332051,0.0,0.0,43.17167352,0.4025,0.0825,0.915,0.04356635,0.18959616,0.0,0.10723495,0.04424713,0.02565615,0.97818868,88.17495762
9,after_pass,1,4,1,0.12663084,0.02612437,0.02914281,0.13855453,0.02879509,0.13709442,0.0154413,0.0,0.0,42.18455008,0.46,0.015,0.815,0.04648947,0.21209997,0.0,0.09600589,0.04271342,0.02578054,0.98036661,88.26895829
9,after_pass,1,4,2,0.16718386,0.03652171,0.02523939,0.11696404,0.0226724,0.10645065,0.02019803,0.0,0.0,42.00021801,0.0875,0.3175,0.995,0.04578433,0.2027539,0.0,0.09128304,0.05192098,0.02700811,0.98048837,88.10667399
9,after_pass,1,4,3,0.1495521,0.02747826,0.03061027,0.10963591,0.02560172,0.0968985,0.01045952,0.0,0.0,42.16387436,0.2,0.115,0.9925,0.05108421,0.1857192,0.0,0.07299092,0.04953073,0.0274913,0.98383172,88.30336034
9,after_pass,1,4,4,0.13900551,0.02739967,0.03378055,0.13122154,0.02790047,0.11498243,0.0158467,0.0,0.0,42.71659859,0.3125,0.015,0.89,0.04660072,0.18025786,0.0,0.10077778,0.04841526,0.02807216,0.97752868,88.20296753
11,after_pass,1,0,0,0.05555873,0.03610252,0.0397625,0.17957061,0.03704911,0.17514081,0.02749028,0.0,0.0,43.91175404,0.9325,0.0,0.12,0.04803066,0.20685644,0.0,0.02925394,0.07859854,0.06407418,0.98501514,88.18600809
11,after_pass,1,0,1,0.1440903,0.03544959,0.03945604,0.23581969,0.0343429,0.14910853,0.01949117,0.0,0.0,44.03696775,0.3375,0.165,0.8625,0.05896819,0.23735122,0.0,0.03669286,0.07370432,0.04110871,0.98792508,88.24294513
11,after_pass,1,0,2,0.13473932,0.03650673,0.03571788,0.1649798,0.03281025,0.15308661,0.02044271,0.0,0.0,43.59463067,0.4075,0.075,0.7975,0.05742878,0.25084868,0.0,0.03733156,0.08359896,0.04895233,0.9854448,88.18651193
11,after_pass,1,0,3,0.13955912,0.02602269,0.03210749,0.15224022,0.02728484,0.14203907,0.01351493,0.0,0.0,42.79881346,0.2925,0.0625,0.9425,0.04928766,0.23195915,0.0,0.03533126,0.06620796,0.03796,0.98934132,88.41487396
11,after_pass,1,0,4,0.13808256,0.03962708,0.03880997,0.17325867,0.03586353,0.16110269,0.02118485,0.0,0.0,42.37743302,0.4425,0.155,0.765,0.05578207,0.24361565,0.0,0.03855975,0.07731801,0.04482323,0.98619196,88.14920432
11,after_pass,1,1,0,0.09309375,0.02832975,0.03623929,0.16544742,0.03146885,0.13766744,0.02317684,0.0,0.0,44.94133623,0.85,0.0,0.38,0.05123824,0.22451097,0.0,0.03422094,0.09436702,0.06517188,0.98236337,88.26625835
11,after_pass,1,1,1,0.17043344,0.02809132,0.02651069,0.12638763,0.02215,0.1079713,0.0139757,0.0,0.0,44.48469249,0.0375,0.2525,1.0,0.04570364,0.21386375,0.0,0.03631206,0.09750466,0.04953992,0.98562376,88.3224615
11,after_pass,1,1,2,0.17308907,0.03050606,0.02965495,0.13979198,0.02793777,0.13438407,0.00717295,0.0,0.0,43.89037828,0.035,0.345,1.0,0.05478899,0.24375856,0.0,0.03862013,0.08287837,0.04183007,0.98721134,88.30971442
11,after_pass,1,1,3,0.16129069,0.03459883,0.03443243,0.14982393,0.02835253,0.12538291,0.01396081,0.0,0.0,43.27235854,0.0975,0.215,1.0,0.05837608,0.24186108,0.0,0.0344963,0.08271697,0.04351453,0.98808401,88.25894163
11,after_pass,1,1,4,0.15679388,0.0237564,0.02381348,0.11908214,0.02027168,0.10588114,0.00759946,0.0,0.0,42.70423776,0.0975,0.1125,1.0,0.04213184,0.19193187,0.0,0.03322875,0.06634855,0.03559037,0.99054435,88.4700932
11,after_pass,1,2,0,0.13811207,0.04039516,0.04077529,0.16448716,0.03395498,0.14893713,0.02103262,0.0,0.0,45.22880287,0.5275,0.16,0.885,0.0630473,0.29954239,0.0,0.03097469,0.10350417,0.06027163,0.98525742,88.12211676
11,after_pass,1,2,1,0.19615395,0.03136716,0.02252236,0.11130982,0.02120017,0.11089147,0.00976601,0.0,0.0,44.7097807,0.0075,0.63,1.0,0.04570214,0.22004061,0.0,0.02974118,0.10952603,0.05023973,0.98806021,88.3096891
11,after_pass,1,2,2,0.18739251,0.03612163,0.03154256,0.14160164,0.0294348,0.13379879,0.00939383,0.0,0.0,44.55211863,0.0075,0.48,1.0,0.05990306,0.25446599,0.0,0.02853037,0.09758681,0.04666817,0.98963988,88.2597417
11,after_pass,1,2,3,0.19464592,0.03643183,0.02838817,0.12666229,0.02378071,0.11375845,0.0136647,0.0,0.0,44.32401662,0.0,0.5375,1.0,0.04901931,0.224055,0.0,0.03574142,0.10098566,0.04686083,0.98666419,88.2072332
11,after_pass,1,2,4,0.17265138,0.03140297,0.02757525,0.13108812,0.02596398,0.12990005,0.01331215,0.0,0.0,43.87959614,0.0475,0.34,0.98,0.04456282,0.20683705,0.0,0.03680548,0.07522081,0.03759098,0.98889888,88.32255225
11,after_pass,1,3,0,0.15751692,0.0296576,0.02971545,0.14087625,0.02699356,0.12625417,0.01115174,0.0,0.0,44.80207008,0.145,0.17,0.995,0.05062196,0.2195608,0.0,0.03476064,0.07485039,0.04018839,0.98897168,88.35135446
11,after_pass,1,3,1,0.17555104,0.03717406,0.02466205,0.10794159,0.0200417,0.09455381,0.01657278,0.0,0.0,44.62468406,0.05,0.375,0.99,0.04595179,0.2016035,0.0,0.03471732,0.08123754,0.04046009,0.98873103,88.22857481
11,after_pass,1,3,2,0.19414671,0.04741581,0.04051806,0.19992827,0.03386726,0.13991366,0.01787206,0.0,0.0,44.70995689,0.08,0.545,1.0,0.07128261,0.32580363,0.0,0.02675812,0.09805643,0.04592567,0.99024843,88.09107224
11,after_pass,1,3,3,0.19805551,0.0327286,0.02900612,0.13438463,0.02664261,0.12602212,0.00768014,0.0,0.0,45.17722034,0.005,0.625,1.0,0.05421894,0.23308537,0.0,0.02848575,0.09617616,0.04396486,0.99003991,88.31982214
11,after_pass,1,3,4,0.16116609,0.04124823,0.0321483,0.14661442,0.02834685,0.13535697,0.02129499,0.0,0.0,45.0654189,0.175,0.26,0.945,0.05342891,0.2265948,0.0,0.04207985,0.08089427,0.04296734,0.98556035,88.11350672
11,after_pass,1,4,0,0.14259115,0.03639023,0.03904108,0.15927994,0.03379629,0.14741404,0.01483574,0.0,0.0,44.72408552,0.37,0.17,0.8575,0.06443483,0.24505783,0.0,0.0302689,0.08375581,0.04790456,0.9885969,88.23882129
11,after_pass,1,4,1,0.14434116,0.03342868,0.02882308,0.13073546,0.02538807,0.12572718,0.01710646,0.0,0.0,44.64151212,0.285,0.095,0.8575,0.04983108,0.20920912,0.0,0.03582811,0.07287942,0.04105805,0.98846086,88.28348259
11,after_pass,1,4,2,0.14854349,0.03133901,0.02471175,0.10365118,0.02182341,0.10114536,0.01798187,0.0,0.0,44.89157538,0.24,0.08,0.9475,0.03877276,0.16234374,0.0,0.02985184,0.09575502,0.05305559,0.98744467,88.30027201
11,after_pass,1,4,3,0.15267607,0.0305886,0.02752987,0.12728427,0.02580593,0.1187719,0.01822939,0.0,0.0,45.79749216,0.175,0.11,0.9325,0.04564783,0.20365495,0.0,0.03549486,0.08309784,0.04524442,0.98725581,88.30912097
11,after_pass,1,4,4,0.146118,0.0284797,0.03699978,0.17565626,0.03280717,0.1538456,0.01110068,0.0,0.0,45.67776467,0.25,0.0675,0.9375,0.05668495,0.25384047,0.0,0.0392925,0.08119531,0.04557972,0.98580238,88.31918196
13,after_pass,1,0,0,0.05561668,0.03215348,0.04250334,0.17962788,0.03734389,0.16476519,0.02385151,0.0,0.0,43.75989872,0.9675,0.0,0.115,0.05076168,0.20733225,0.0,0.08919378,0.06402084,0.05096627,0.96424018,87.91225627
13,after_pass,1,0,1,0.1369666,0.03492174,0.01897641,0.08238821,0.01852169,0.08062871,0.02159005,0.0,0.0,43.25197472,0.415,0.1225,0.845,0.03838337,0.19176465,0.0,0.07664291,0.08561371,0.04956858,0.97026081,87.96663962
13,after_pass,1,0,2,0.12956352,0.02615949,0.01908865,0.08847356,0.01552946,0.07895643,0.01346025,0.0,0.0,43.27747083,0.4625,0.04,0.9075,0.036396,0.16715175,0.0,0.07447302,0.08008804,0.04802951,0.97269196,88.14421586
13,after_pass,1,0,3,0.15787697,0.0256334,0.01902207,0.09238773,0.01713829,0.08704507,0.01104121,0.0,0.0,44.19082545,0.0675,0.175,0.985,0.03725254,0.16944343,0.0,0.08669397,0.06497068,0.03489503,0.97619643,88.20932714
13,after_pass,1,0,4,0.12789326,0.02001882,0.01802419,0.08295955,0.01643497,0.10854497,0.01476076,0.0,0.0,45.73584859,0.3625,0.0,0.885,0.0269361,0.12156472,0.0,0.06370352,0.06762498,0.04086569,0.97890121,88.34191284
13,after_pass,1,1,0,0.09818598,0.03467541,0.02558978,0.12957567,0.02166254,0.11880905,0.02659584,0.0,0.0,43.67565475,0.7675,0.0,0.4425,0.0362114,0.1758875,0.0,0.08396502,0.05531712,0.03805919,0.97425366,88.03520215
13,after_pass,1,1,1,0.16811505,0.03069778,0.0136554,0.06962868,0.01248934,0.06408371,0.01835967,0.0,0.0,43.31431144,0.1075,0.2825,0.985,0.03167821,0.15716686,0.0,0.0793612,0.08101181,0.04157838,0.9737005,88.0889578
13,after_pass,1,1,2,0.1778046,0.03119579,0.01739344,0.08272396,0.0156067,0.07594814,0.01055879,0.0,0.0,43.32383061,0.045,0.405,1.0,0.04174681,0.1869781,0.0,0.08604961,0.05441241,0.02707624,0.98116336,88.20162787
13,after_pass,1,1,3,0.18373513,0.03107561,0.02165782,0.12428989,0.01853833,0.108506,0.01060507,0.0,0.0,44.20208521,0.0175,0.505,1.0,0.04441713,0.24497361,0.0,0.0649159,0.05327452,0.02618665,0.98687118,88.29524712
13,after_pass,1,1,4,0.16010635,0.02625991,0.0178922,0.08923454,0.01624392,0.08475068,0.00936847,0.0,0.0,45.58304591,0.085,0.195,1.0,0.03629956,0.16821761,0.0,0.05396341,0.06541439,0.03445095,0.98525032,88.34545895
13,after_pass,1,2,0,0.14324233,0.03255323,0.02280105,0.11420215,0.01844178,0.08481933,0.01622235,0.0,0.0,43.52164032,0.245,0.0525,0.8975,0.04475664,0.17512758,0.0,0.08025776,0.03717831,0.02119499,0.98663614,88.2681022
13,after_pass,1,2,1,0.1829722,0.03273494,0.01552993,0.06382665,0.0134702,0.05783962,0.011346,0.0,0.0,43.92542037,0.0,0.445,1.0,0.03838685,0.15385014,0.0,0.08869073,0.04953814,0.02376846,0.9833881,88.2130959
13,after_pass,1,2,2,0.17833713,0.03631817,0.01881301,0.08068318,0.01644404,0.0770515,0.00916344,0.0,0.0,44.18610144,0.0425,0.3925,1.0,0.04614789,0.18000102,0.0,0.07263608,0.0550498,0.02717946,0.98445114,88.17355555
13,after_pass,1,2,3,0.16574721,0.02881157,0.01954319,0.07970582,0.01623199,0.06928742,0.00860629,0.0,0.0,45.07557283,0.045,0.2125,1.0,0.0418728,0.1617279,0.0,0.04751933,0.07827517,0.04078606,0.98458452,88.29436523
13,after_pass,1,2,4,0.16071057,0.02783679,0.02557125,0.12256537,0.02304371,0.087301,0.00924431,0.0,0.0,45.43467821,0.095,0.215,1.0,0.04646561,0.16171879,0.0,0.06114851,0.07046113,0.03699102,0.98216741,88.27090002
13,after_pass,1,3,0,0.15399221,0.03469812,0.01506188,0.07410286,0.01399407,0.06967448,0.01693945,0.0,0.0,43.39530431,0.2475,0.21,0.945,0.03266354,0.14950834,0.0,0.07452217,0.05888929,0.03226888,0.98079124,88.14032563
13,after_pass,1,3,1,0.16628099,0.03022085,0.0156178,0.08010402,0.01326797,0.05902846,0.01006313,0.0,0.0,44.26487643,0.075,0.3125,1.0,0.03933093,0.15210481,0.0,0.08015237,0.06080159,0.03163735,0.9801553,88.20079043
13,after_pass,1,3,2,0.19925344,0.02715476,0.01237742,0.06098466,0.01171149,0.05871741,0.00727616,0.0,0.0,45.00299201,0.0,0.66,1.0,0.03212681,0.15223558,0.0,0.07956333,0.06355805,0.02887435,0.98187956,88.27705199
13,after_pass,1,3,3,0.19000683,0.0340931,0.01569267,0.07165154,0.01408716,0.06703466,0.01330577,0.0,0.0,45.6060203,0.0225,0.5425,1.0,0.03540529,0.16602633,0.0,0.07264658,0.06471476,0.03083238,0.98278512,88.18194707
13,after_pass,1,3,4,0.16300355,0.04509857,0.02263374,0.13276676,0.01875397,0.08183404,0.02594508,0.0,0.0,44.97544227,0.2475,0.345,0.9275,0.04250913,0.21713582,0.0,0.10499646,0.05383879,0.02780534,0.97687901,87.91347198
13,after_pass,1,4,0,0.13754562,0.03281171,0.01969313,0.08581849,0.01651305,0.07830215,0.01912557,0.0,0.0,42.2075018,0.3975,0.0975,0.885,0.03478487,0.15251318,0.0,0.0787164,0.07441532,0.04341222,0.97286147,88.04203711
13,after_pass,1,4,1,0.14418964,0.02953031,0.01569981,0.08197753,0.01339232,0.07443771,0.01374025,0.0,0.0,43.18619268,0.2325,0.07,0.8975,0.03552974,0.16973514,0.0,0.06131184,0.06623586,0.03734016,0.98188964,88.239646
13,after_pass,1,4,2,0.15726168,0.03577578,0.01801708,0.08247398,0.01706469,0.07889151,0.02124382,0.0,0.0,44.18705443,0.1775,0.24,0.95,0.03548713,0.15930319,0.0,0.08972478,0.07222217,0.03891573,0.97277216,87.99389342
13,after_pass,1,4,3,0.16517407,0.03555539,0.01597924,0.08138315,0.01526754,0.07793111,0.02180459,0.0,0.0,44.49571142,0.115,0.29,0.96,0.03219847,0.16134417,0.0,0.09508699,0.05940381,0.03108535,0.97706487,88.06674936
13,after_pass,1,4,4,0.14327302,0.02624581,0.01745947,0.08435066,0.01547442,0.07947279,0.01458286,0.0,0.0,43.60044599,0.2275,0.0675,0.94,0.03207622,0.14744918,0.0,0.09565277,0.06375767,0.03618251,0.97293062,88.1467261
14,after_pass,1,0,0,0.0488794,0.02592796,0.03492169,0.16556021,0.03299111,0.15694278,0.02346057,0.0,0.0,45.41958426,1.0,0.0,0.0225,0.0417211,0.19175503,0.0,0.09326671,0.06983832,0.05740521,0.95798634,87.90783089
14,after_pass,1,0,1,0.12162261,0.02552904,0.02212472,0.08689868,0.01867432,0.08463692,0.01909887,0.0,0.0,44.95444287,0.54,0.005,0.7775,0.03263757,0.13640296,0.0,0.0736441,0.06163293,0.037953,0.97797729,88.23978516
14,after_pass,1,0,2,0.1381484,0.03280202,0.01998016,0.10222363,0.01854707,0.0994428,0.01843786,0.00101322,0.04221675,44.78765641,0.335,0.1125,0.8725,0.03630215,0.15357908,0.07551871,0.10877074,0.07991584,0.04621303,0.96042022,76.20798254
14,after_pass,1,0,3,0.15192147,0.03235038,0.03267551,0.16743962,0.02781426,0.12359373,0.01383851,0.00072002,0.05539857,44.47601052,0.1875,0.2175,1.0,0.0546494,0.25298039,0.07330848,0.10007816,0.07323342,0.04004539,0.9682712,69.27429455
14,after_pass,1,0,4,0.12531834,0.02223679,0.02474546,0.10415168,0.02247434,0.10026754,0.01144507,0.0,0.0,43.31618733,0.455,0.02,0.8875,0.03581131,0.15335088,0.0,0.10337104,0.07968033,0.04875148,0.95990357,87.99738855
14,after_pass,1,1,0,0.10206423,0.03920224,0.03662904,0.15491739,0.03323423,0.14762184,0.02973323,0.0,0.0,45.53909601,0.685,0.0375,0.465,0.05134871,0.20540518,0.0,0.08750243,0.0925279,0.06160476,0.95778005,87.69603718
14,after_pass,1,1,1,0.18024208,0.03610437,0.02280884,0.09231183,0.0210122,0.08662575,0.01662121,0.0,0.0,44.09774859,0.0725,0.4775,1.0,0.04777165,0.18568818,0.0,0.09869445,0.08610367,0.04215532,0.96745002,87.90238698
14,after_pass,1,1,2,0.15961473,0.03050307,0.02119086,0.10008036,0.02032624,0.09656764,0.00532143,0.00044062,0.04898958,43.51176802,0.12,0.235,1.0,0.04557864,0.19684164,0.06978418,0.09937335,0.09332461,0.04961776,0.96188439,71.47263016
14,after_pass,1,1,3,0.17095377,0.02817387,0.02325823,0.10891003,0.02126149,0.10150482,0.00477747,0.0,0.0,43.4387125,0.0025,0.3025,1.0,0.04580412,0.20544408,0.0,0.09568896,0.08218691,0.0417245,0.96857161,88.04548178
14,after_pass,1,1,4,0.16287215,0.02498559,0.02278019,0.08855677,0.01968285,0.08484751,0.01062222,0.0,0.0,43.77344782,0.055,0.225,1.0,0.03985212,0.1520228,0.0,0.07650056,0.07473903,0.03903049,0.97632922,88.22171456
14,after_pass,1,2,0,0.14709118,0.03452541,0.02420034,0.1066296,0.02178494,0.10067714,0.0209959,0.0,0.0,44.57439372,0.325,0.1775,0.9475,0.04275133,0.18490785,0.0,0.11667888,0.08396824,0.04699596,0.9576229,87.76680985
14,after_pass,1,2,1,0.19108086,0.03626557,0.02079001,0.08867102,0.01927204,0.08438426,0.00782267,0.0,0.0,43.05928737,0.0075,0.5125,1.0,0.05196162,0.20036651,0.0,0.12099369,0.08830091,0.04146898,0.96090828,87.79325176
14,after_pass,1,2,2,0.18510899,0.03252446,0.01756443,0.07018758,0.01445954,0.0636801,0.01034429,0.0,0.0,41.89801995,0.0,0.5125,1.0,0.04392535,0.16507713,0.0,0.10181827,0.08549779,0.04109671,0.96762501,87.96155529
14,after_pass,1,2,3,0.18750074,0.03738675,0.02626751,0.09923592,0.0236073,0.08950813,0.01267891,0.0,0.0,41.78479326,0.03,0.5,1.0,0.05203505,0.19444133,0.0,0.09514614,0.0638269,0.03038467,0.97719657,88.04000544
14,after_pass,1,2,4,0.17073868,0.0226686,0.02043335,0.10267485,0.01935767,0.10027093,0.00571204,0.0,0.0,42.40784188,0.0275,0.295,1.0,0.03563896,0.17047047,0.0,0.08456408,0.08473585,0.04302437,0.97132024,88.17705412
14,after_pass,1,3,0,0.13872398,0.03148426,0.02832884,0.12025174,0.02483728,0.10661668,0.01465856,0.0,0.0,44.53567349,0.29,0.07,0.8475,0.04713488,0.19849636,0.0,0.0921185,0.07938028,0.0461782,0.96637411,87.95756688
14,after_pass,1,3,1,0.17435107,0.02782323,0.01332138,0.05455527,0.01191551,0.04910999,0.00916448,0.0,0.0,42.98418376,0.0,0.3525,1.0,0.03399111,0.12586022,0.0,0.09013169,0.0602022,0.03002638,0.97829218,88.20861148
14,after_pass,1,3,2,0.18775203,0.02674683,0.01537441,0.05734995,0.01379279,0.05570097,0.0063657,0.0,0.0,41.6411779,0.0,0.5975,1.0,0.03442893,0.12780687,0.0,0.11091365,0.06749895,0.03218066,0.97185299,88.12132656
14,after_pass,1,3,3,0.17647888,0.0378588,0.0288428,0.17078779,0.02308573,0.10128624,0.00877301,0.0,0.0,41.4678415,0.095,0.4325,1.0,0.05930837,0.30859334,0.0,0.12627012,0.06807381,0.03413175,0.96589671,87.84955093
14,after_pass,1,3,4,0.16139673,0.03372394,0.02304768,0.08117885,0.02126646,0.07776771,0.00993883,0.0,0.0,42.03861577,0.065,0.2175,1.0,0.04680708,0.14501155,0.0,0.11015528,0.10127871,0.05348855,0.95452822,87.7286061
14,after_pass,1,4,0,0.14514958,0.02899575,0.0241532,0.10308092,0.02146997,0.0978651,0.0105992,0.0,0.0,44.89872638,0.2125,0.11,0.98,0.04098196,0.17853563,0.0,0.08990782,0.08212286,0.04628724,0.96776857,88.01946027
14,after_pass,1,4,1,0.13847413,0.03121158,0.02446574,0.1016076,0.02205256,0.10205098,0.01661254,0.0,0.0,43.41508176,0.305,0.0775,0.875,0.04289011,0.16636016,0.0,0.10386533,0.05648753,0.03318281,0.97252689,88.06183795
14,after_pass,1,4,2,0.15398973,0.03129014,0.01850569,0.07872751,0.01476351,0.06937381,0.02138006,0.0,0.0,41.79071595,0.195,0.1575,0.9275,0.03420105,0.14728807,0.0,0.08680241,0.06440939,0.03537862,0.97634979,88.12247943
14,after_pass,1,4,3,0.16657674,0.04064765,0.02707403,0.11551791,0.0240085,0.11124169,0.02001187,0.0,0.0,41.4901801,0.1575,0.3725,0.96,0.05225339,0.20357893,0.0,0.08716776,0.06573341,0.03429337,0.97623619,87.97315283
14,after_pass,1,4,4,0.14521042,0.03277914,0.02507415,0.11690957,0.02408211,0.11783068,0.01559638,0.0,0.0,42.06388322,0.2925,0.1625,0.92,0.04343495,0.19532329,0.0,0.07963727,0.08885554,0.04994001,0.96882528,87.97706109
15,after_pass,1,0,0,0.05396358,0.02698907,0.03532672,0.15505991,0.03200191,0.14395259,0.02361169,0.0,0.0,46.62623067,1.0,0.0,0.0725,0.04105897,0.16632231,0.0,0.03925751,0.0940094,0.07622113,0.97642861,88.19166474
15,after_pass,1,0,1,0.13401602,0.03448738,0.03412949,0.13985917,0.02899284,0.12610807,0.01896397,0.0,0.0,45.11579127,0.375,0.065,0.84,0.05736263,0.26220342,0.0,0.03947701,0.08957376,0.0533098,0.98355938,88.18815872
15,after_pass,1,0,2,0.13753311,0.03748531,0.02281282,0.09670751,0.02039727,0.09617635,0.02183538,0.0,0.0,44.01886915,0.3575,0.07,0.7525,0.03957629,0.16335883,0.0,0.03087895,0.08242261,0.04886067,0.98825018,88.21596683
15,after_pass,1,0,3,0.15023013,0.03269022,0.02141184,0.10035927,0.01885735,0.09121017,0.01917513,0.0,0.0,43.91118743,0.215,0.1525,0.9175,0.03500094,0.15960241,0.0,0.0280159,0.07402294,0.0407991,0.99085776,88.33350255
15,after_pass,1,0,4,0.13151799,0.03649994,0.03340718,0.17325583,0.0259253,0.11453722,0.02428817,0.0,0.0,43.56971685,0.4075,0.09,0.83,0.05018388,0.25792006,0.0,0.03233572,0.08125777,0.04870672,0.98752528,88.21994286
15,after_pass,1,1,0,0.09958886,0.03923029,0.03604212,0.14240966,0.03386375,0.13525361,0.02590213,0.0,0.0,45.2905149,0.71,0.0,0.4825,0.05312061,0.19663677,0.0,0.03980311,0.10958358,0.07471684,0.97627941,87.99616795
15,after_pass,1,1,1,0.16127389,0.04035295,0.029544,0.14171631,0.02476517,0.12447431,0.01770045,0.0,0.0,45.28451545,0.2075,0.3,0.9825,0.05327144,0.25584126,0.0,0.03249775,0.08694903,0.0467313,0.98776141,88.1628505
15,after_pass,1,1,2,0.18222286,0.03118604,0.02133505,0.09988349,0.01995577,0.0941768,0.00865667,0.0,0.0,44.83673807,0.0075,0.4675,1.0,0.04611817,0.20046157,0.0,0.03640319,0.08523744,0.0413669,0.98796591,88.31104503
15,after_pass,1,1,3,0.16645336,0.03116448,0.02873678,0.14067658,0.02462806,0.10348367,0.00813341,0.0,0.0,43.96935778,0.08,0.31,1.0,0.05331204,0.24196069,0.0,0.03220208,0.07170182,0.03719583,0.99044846,88.35112093
15,after_pass,1,1,4,0.16518247,0.03946184,0.0305782,0.13637969,0.0282555,0.13052906,0.01733927,0.0,0.0,43.47920862,0.1775,0.31,0.99,0.05183756,0.2255939,0.0,0.03627383,0.06854297,0.03584181,0.9894625,88.20410615
15,after_pass,1,2,0,0.14717756,0.02923095,0.02383138,0.09911839,0.01998792,0.08993235,0.01418254,0.0,0.0,43.42278564,0.21,0.055,0.9125,0.04281503,0.1728585,0.0,0.02863432,0.07359356,0.04130132,0.99054335,88.38326915
15,after_pass,1,2,1,0.17729795,0.02757093,0.01304727,0.08483813,0.01229573,0.07504586,0.01553088,0.0,0.0,43.91807955,0.0125,0.36,1.0,0.03062213,0.17808137,0.0,0.02863423,0.07489679,0.03681866,0.99138298,88.42301204
15,after_pass,1,2,2,0.20778817,0.03290767,0.01900226,0.08714132,0.0179237,0.08538242,0.00812622,0.0,0.0,44.81894249,0.0,0.7175,1.0,0.04425024,0.1929339,0.0,0.03872762,0.09459822,0.04141826,0.98724595,88.27226903
15,after_pass,1,2,3,0.17895082,0.03265494,0.02233399,0.10008806,0.02019005,0.09089168,0.00990036,0.0,0.0,44.24684117,0.02,0.43,1.0,0.04651539,0.20114951,0.0,0.03716901,0.09596065,0.04741225,0.98608199,88.25760801
15,after_pass,1,2,4,0.16170158,0.02577709,0.02700178,0.1123454,0.02373922,0.10915061,0.01130977,0.0,0.0,43.6454952,0.0975,0.1875,0.975,0.04394827,0.18945069,0.0,0.03400241,0.10173269,0.05374448,0.98544814,88.35628521
15,after_pass,1,3,0,0.15416553,0.03405219,0.02352244,0.10826943,0.02191509,0.10649792,0.01467824,0.0,0.0,43.00311706,0.2225,0.205,0.9825,0.04572061,0.19541446,0.0,0.04336313,0.0998853,0.05423786,0.98142756,88.16076289
15,after_pass,1,3,1,0.17083772,0.0301881,0.01623156,0.07248992,0.01555495,0.07108489,0.00761952,0.0,0.0,43.90149414,0.0475,0.3525,1.0,0.03812226,0.16511276,0.0,0.04563602,0.11033315,0.0561021,0.97990254,88.19723299
15,after_pass,1,3,2,0.18621208,0.03400671,0.01977121,0.08108322,0.01614427,0.07093842,0.0106413,0.0,0.0,44.83787796,0.0275,0.4475,1.0,0.04539869,0.17625977,0.0,0.04553656,0.10160614,0.04888453,0.98205229,88.17152993
15,after_pass,1,3,3,0.1746809,0.03905241,0.0204684,0.09279346,0.01792546,0.06171308,0.0168739,0.0,0.0,44.93171245,0.02,0.29,1.0,0.04451178,0.18872186,0.0,0.03639844,0.07935048,0.03969487,0.98855999,88.19615702
15,after_pass,1,3,4,0.17148263,0.022708,0.01659757,0.0815686,0.01514488,0.07567298,0.00550225,0.0,0.0,44.56858525,0.01,0.325,1.0,0.03439481,0.15646337,0.0,0.03600169,0.11012695,0.05558733,0.98418036,88.38451296
15,after_pass,1,4,0,0.1248029,0.03322856,0.03121302,0.12518993,0.02755151,0.11796938,0.01787352,0.0,0.0,43.23094051,0.5925,0.0575,0.755,0.04917454,0.18886783,0.0,0.03208063,0.11885368,0.07255847,0.98179871,88.17974134
15,after_pass,1,4,1,0.14710042,0.03316245,0.02324654,0.10612513,0.02235799,0.10229412,0.01460879,0.0,0.0,44.73158299,0.2575,0.1375,0.9625,0.0428107,0.19058888,0.0,0.03098086,0.11494401,0.06425041,0.98405557,88.21706262
15,after_pass,1,4,2,0.15283156,0.03511574,0.029909,0.14081384,0.02424497,0.10575714,0.01731165,0.0,0.0,45.63549532,0.235,0.18,0.9725,0.04909339,0.22967391,0.0,0.0348792,0.09473041,0.05179417,0.98570096,88.21259584
15,after_pass,1,4,3,0.16268168,0.02268014,0.0236093,0.10039366,0.02034443,0.09163107,0.00666633,0.0,0.0,46.34280064,0.05,0.18,0.995,0.03926059,0.17479134,0.0,0.02960571,0.08848987,0.046409,0.98913734,88.46461625
15,after_pass,1,4,4,0.1506797,0.04043021,0.03251087,0.13178269,0.03042458,0.12691051,0.01896302,0.0,0.0,46.52856236,0.285,0.2325,0.9,0.05243983,0.20979125,0.0,0.04141454,0.08166762,0.04462803,0.98536099,88.12322246
5,after_pass,1,0,0,0.05729648,0.03103355,0.02934889,0.13802491,0.0264969,0.12369698,0.02494554,0.0,0.0,42.94241088,0.99,0.0,0.0825,0.03486181,0.16123993,0.0,0.08911475,0.0605627,0.0482372,0.96632282,87.96382576
5,after_pass,1,0,1,0.13903238,0.0367349,0.02104136,0.08924127,0.01872651,0.08321468,0.02089309,0.0,0.0,42.97365661,0.2725,0.0775,0.845,0.04009416,0.1643677,0.0,0.07704462,0.06446427,0.03779432,0.9771104,88.04888956
5,after_pass,1,0,2,0.13851874,0.03501588,0.01220512,0.0675569,0.01161558,0.06467957,0.01809211,0.0,0.0,43.24635121,0.4075,0.16,0.835,0.02473999,0.12893875,0.0,0.08424439,0.06325366,0.03688834,0.97592064,88.05678141
5,after_pass,1,0,3,0.14532458,0.02652618,0.01739493,0.08165426,0.01478555,0.07429794,0.01334415,0.0,0.0,43.8363134,0.1975,0.075,0.945,0.03304924,0.15596135,0.0,0.08813839,0.05390355,0.03056103,0.97861323,88.23429803
5,after_pass,1,0,4,0.12820729,0.02834082,0.02309958,0.11233185,0.02178572,0.10748139,0.01775584,0.0,0.0,43.57542867,0.425,0.035,0.8325,0.03674777,0.17716441,0.0,0.08816901,0.04916759,0.02984138,0.97904407,88.21257315
5,after_pass,1,1,0,0.09539501,0.03086012,0.01814485,0.08259534,0.01667973,0.08054826,0.02586779,0.0,0.0,41.49832397,0.7875,0.0,0.4275,0.03011398,0.13104317,0.0,0.09663421,0.04465921,0.03076478,0.97637859,88.12973132
5,after_pass,1,1,1,0.17587683,0.03332179,0.01492943,0.06289809,0.01365956,0.05877621,0.01354721,0.0,0.0,42.29450306,0.0475,0.4525,0.9975,0.04203091,0.20301616,0.0,0.06717142,0.03298353,0.01657277,0.99100228,88.32581251
5,after_pass,1,1,2,0.16225797,0.02810805,0.01484104,0.06253792,0.01253751,0.05664401,0.00894406,0.0,0.0,42.98793967,0.075,0.2225,1.0,0.03497386,0.14134516,0.0,0.0954845,0.04647583,0.02439158,0.98145474,88.25512978
5,after_pass,1,1,3,0.17954948,0.02683522,0.01626982,0.07133897,0.01443282,0.06770395,0.00742009,0.0,0.0,43.8292704,0.04,0.4525,1.0,0.03665977,0.15232683,0.0,0.08662276,0.0477755,0.02347317,0.9835274,88.30864113
5,after_pass,1,1,4,0.16451822,0.03646164,0.02271706,0.09576712,0.02051481,0.09525665,0.0169208,0.0,0.0,43.59299897,0.1,0.285,1.0,0.04447178,0.18512249,0.0,0.08216566,0.05095238,0.02692916,0.98244242,88.13904061
5,after_pass,1,2,0,0.14499713,0.03719286,0.02023078,0.07674848,0.01782399,0.07153231,0.02105197,0.0,0.0,41.39270761,0.355,0.1825,0.905,0.04300023,0.15808643,0.0,0.0831914,0.05329102,0.02991687,0.98040591,88.09475964
5,after_pass,1,2,1,0.19014044,0.03094816,0.01333596,0.05682948,0.01259051,0.05182045,0.01102319,0.0,0.0,42.31968731,0.02,0.5775,1.0,0.0339765,0.14341511,0.0,0.0914261,0.05345993,0.02492177,0.98187512,88.21700014
5,after_pass,1,2,2,0.19261839,0.03669507,0.01702169,0.07594247,0.01400953,0.06726547,0.01279003,0.0,0.0,43.28385485,0.0075,0.5525,1.0,0.0435361,0.18265723,0.0,0.10810798,0.04443225,0.02051563,0.98244512,88.13539941
5,after_pass,1,2,3,0.17922969,0.03138435,0.01807047,0.07110497,0.0162223,0.06550338,0.00718219,0.0,0.0,44.48603905,0.04,0.465,1.0,0.042482,0.15474218,0.0,0.08214307,0.05281059,0.02605222,0.98308085,88.2295034
5,after_pass,1,2,4,0.16369891,0.02737315,0.02104196,0.10686534,0.01945958,0.10022412,0.01077314,0.0,0.0,44.36027022,0.045,0.2625,0.9925,0.03986757,0.1803382,0.0,0.07051011,0.05685381,0.02971471,0.98311869,88.29355064
5,after_pass,1,3,0,0.14935068,0.02903264,0.02014253,0.08254767,0.01897615,0.08138725,0.00692144,0.0,0.0,41.83635763,0.155,0.1525,1.0,0.04328663,0.16404524,0.0,0.08360158,0.05846722,0.03229853,0.97882314,88.1980753
5,after_pass,1,3,1,0.18414852,0.03125185,0.01683672,0.08137415,0.01586219,0.07634474,0.01444653,0.0,0.0,43.32261202,0.0275,0.5025,1.0,0.03885182,0.17899787,0.0,0.09545783,0.06387443,0.03067592,0.97709336,88.13509851
5,after_pass,1,3,2,0.17777409,0.03073957,0.01704179,0.06928548,0.01496921,0.06472678,0.00987991,0.0,0.0,44.2904948,0.0725,0.475,1.0,0.04004281,0.15568266,0.0,0.0798,0.04696726,0.02318531,0.9849474,88.26969296
5,after_pass,1,3,3,0.17967038,0.03188992,0.01908922,0.10865988,0.01694955,0.07183012,0.00717266,0.0,0.0,45.25691654,0.0325,0.4325,1.0,0.0442743,0.22080773,0.0,0.08673299,0.04991043,0.02465627,0.98285373,88.21786035
5,after_pass,1,3,4,0.16480278,0.02603194,0.02381918,0.08646218,0.0201179,0.08008263,0.01016682,0.0,0.0,45.36237824,0.005,0.2475,1.0,0.03941613,0.14607544,0.0,0.06847625,0.06761626,0.0352195,0.98095727,88.27994821
5,after_pass,1,4,0,0.12804852,0.02615955,0.02609518,0.13469265,0.02233471,0.12404713,0.01255806,0.0,0.0,42.9556832,0.445,0.0475,0.85,0.04140775,0.19803445,0.0,0.0904192,0.04714979,0.02845152,0.97946391,88.2538328
5,after_pass,1,4,1,0.12329706,0.02767531,0.02107066,0.09452169,0.01953877,0.09060063,0.01585884,0.0,0.0,44.61615814,0.5775,0.0275,0.795,0.03661979,0.16428462,0.0,0.08566126,0.04345116,0.02670382,0.98203029,88.27124588
5,after_pass,1,4,2,0.16010044,0.03470756,0.02508696,0.10243452,0.02146249,0.09267267,0.01487193,0.00106726,0.05739632,45.20518538,0.1525,0.26,0.9675,0.05147775,0.22522367,0.11802005,0.08291249,0.03914974,0.02096742,0.98622496,78.52754907
5,after_pass,1,4,3,0.16127561,0.03274304,0.02015409,0.09683063,0.01855521,0.08737808,0.01556495,0.00129791,0.05034947,45.40993504,0.1175,0.26,0.9975,0.03825237,0.1715348,0.11796562,0.071165,0.03963183,0.02104075,0.98833622,80.07124117
5,after_pass,1,4,4,0.14567625,0.03558887,0.02879223,0.11730254,0.02480464,0.10967712,0.01316115,0.00026666,0.04613004,45.28306246,0.31,0.1575,0.885,0.05637724,0.30712675,0.1174152,0.09131948,0.0605081,0.03408142,0.97521963,80.64296616
4,after_pass,1,0,0,0.05961416,0.03520186,0.05723992,0.24851757,0.051378,0.2293858,0.02636493,0.0020277,0.13569503,47.42584005,0.9475,0.0,0.145,0.06282192,0.25822481,0.14899536,0.0731723,0.09840444,0.07863586,0.95476831,59.27716456
4,after_pass,1,0,1,0.12276865,0.03125782,0.0294561,0.13867732,0.02751464,0.13520079,0.0201747,0.00088147,0.08662345,45.78340829,0.5925,0.035,0.795,0.04619464,0.18679511,0.14174335,0.09017099,0.07638075,0.04742861,0.96668615,74.72319261
4,after_pass,1,0,2,0.13675876,0.02680275,0.03401541,0.13672211,0.02908143,0.12202846,0.00991239,0.0,0.0,44.54848707,0.3725,0.0325,0.9125,0.05369302,0.18904184,0.0,0.08513338,0.07874951,0.04576477,0.96925585,88.07823171
4,after_pass,1,0,3,0.14118296,0.03748702,0.02510932,0.12165636,0.02258856,0.11402631,0.02426487,0.0,0.0,44.23899568,0.3275,0.1,0.82,0.04140042,0.19670252,0.0,0.08532695,0.0774368,0.0445601,0.9697873,87.91859195
4,after_pass,1,0,4,0.12507356,0.03731361,0.02726081,0.12173685,0.02526861,0.11689887,0.0264328,0.0,0.0,44.26140696,0.5525,0.0725,0.71,0.0410275,0.17877041,0.0,0.07546413,0.07020619,0.04291546,0.97432199,87.99474549
4,after_pass,1,1,0,0.10824024,0.04073523,0.03330278,0.15423724,0.0291563,0.1424773,0.02949989,0.0,0.0,46.91443446,0.6075,0.0125,0.5825,0.04916159,0.22059838,0.0,0.08464861,0.07406084,0.04944665,0.96654885,87.8149698
4,after_pass,1,1,1,0.16922497,0.02548673,0.0176265,0.09374995,0.01645519,0.09055195,0.01145223,0.0,0.0,45.36433655,0.07,0.23,1.0,0.03555077,0.18294191,0.0,0.07981637,0.07133402,0.03642795,0.97702137,88.22499498
4,after_pass,1,1,2,0.18605143,0.03316446,0.02520892,0.10354176,0.02273277,0.0986395,0.01350872,0.0,0.0,44.55569081,0.065,0.515,1.0,0.04847731,0.19592298,0.0,0.06617688,0.07831264,0.03770913,0.98009665,88.15335321
4,after_pass,1,1,3,0.17827187,0.03214731,0.02626677,0.11395341,0.02284787,0.10422603,0.00614721,0.0,0.0,44.36166594,0.0275,0.395,1.0,0.05092642,0.21052332,0.0,0.08939913,0.07385911,0.03639802,0.97430147,88.07582848
4,after_pass,1,1,4,0.17073064,0.03001599,0.02219773,0.091454,0.01906066,0.10404282,0.01317821,0.0,0.0,44.56067462,0.1,0.3025,0.9575,0.03971289,0.18011972,0.0,0.07994481,0.06077162,0.03094225,0.98048267,88.20930428
4,after_pass,1,2,0,0.1472692,0.03278766,0.02374686,0.1291602,0.02110253,0.12123829,0.01878226,0.0,0.0,46.68014772,0.255,0.0825,0.9425,0.04189984,0.21438252,0.0,0.08160494,0.05360362,0.03022436,0.97996961,88.15725571
4,after_pass,1,2,1,0.18325131,0.02992646,0.01788561,0.09081863,0.01753794,0.08700798,0.00801533,0.0,0.0,45.11572011,0.015,0.3925,1.0,0.0360552,0.18183285,0.0,0.08024136,0.06009949,0.02941162,0.98117347,88.22184983
4,after_pass,1,2,2,0.18524577,0.0424499,0.03340268,0.14337211,0.02640065,0.1125254,0.01231777,0.0,0.0,44.29840423,0.075,0.47,1.0,0.06888679,0.27454579,0.0,0.07357642,0.08141481,0.03941771,0.97700827,87.95722757
4,after_pass,1,2,3,0.19338468,0.03082088,0.02323136,0.11107302,0.02111106,0.10567934,0.00541124,0.00010686,0.04274265,44.35380822,0.0025,0.57,1.0,0.04641663,0.21033053,0.08726436,0.08570013,0.08337008,0.03889141,0.97359747,78.31657196
4,after_pass,1,2,4,0.16145052,0.02324912,0.02889848,0.12637041,0.02351422,0.11065036,0.00959824,0.0,0.0,45.028328,0.06,0.145,1.0,0.04526617,0.19609853,0.0,0.09878815,0.06919706,0.03633614,0.97154826,88.1715928
4,after_pass,1,3,0,0.15428738,0.02767263,0.02194999,0.10921823,0.01883169,0.09967315,0.00974832,0.0,0.0,46.79422703,0.145,0.1325,0.99,0.04145375,0.19197925,0.0,0.07974671,0.05846653,0.03179285,0.97972151,88.23406735
4,after_pass,1,3,1,0.17483897,0.02899683,0.02008631,0.09733649,0.01939094,0.09369765,0.00755283,0.0,0.0,45.11194345,0.025,0.32,1.0,0.04403108,0.20171546,0.0,0.06348098,0.06872668,0.03428773,0.98305126,88.26677894
4,after_pass,1,3,2,0.201196,0.03849217,0.02443345,0.11507982,0.02312923,0.11056188,0.00767018,0.0,0.0,44.19189412,0.005,0.6075,1.0,0.05230444,0.2228575,0.0,0.07578564,0.08836215,0.03985076,0.97595746,88.00259843
4,after_pass,1,3,3,0.20250253,0.03539242,0.02639439,0.15911603,0.02383938,0.150611,0.00758102,0.00350225,0.23655467,44.14542683,0.025,0.66,1.0,0.04867112,0.23075457,0.35307551,0.0830465,0.08907583,0.04002997,0.97386913,72.76353305
4,after_pass,1,3,4,0.18163428,0.03360874,0.02964434,0.1464401,0.02890383,0.14442746,0.01358893,0.0,0.0,44.70435963,0.0375,0.4375,1.0,0.04929558,0.22874598,0.0,0.08574022,0.0771939,0.03743417,0.97453606,88.05658248
4,after_pass,1,4,0,0.13592481,0.02760868,0.03148679,0.14439322,0.02705826,0.12818908,0.00714717,0.0,0.0,47.32883021,0.395,0.035,0.89,0.05320698,0.23348432,0.0,0.08293558,0.06485771,0.03796669,0.9746879,88.15369916
4,after_pass,1,4,1,0.13538175,0.03110625,0.03109989,0.1288276,0.02869492,0.11828648,0.01285242,0.0,0.0,45.50644903,0.395,0.05,0.8775,0.05450145,0.20679854,0.0,0.06564513,0.07544702,0.04450949,0.97637135,88.12572987
4,after_pass,1,4,2,0.16065822,0.03661092,0.02360427,0.10689458,0.02256372,0.10439298,0.01942062,0.0,0.0,44.3402425,0.15,0.265,0.985,0.04465402,0.19453771,0.0,0.08852065,0.10220959,0.05469504,0.96265775,87.81638972
4,after_pass,1,4,3,0.15843689,0.03657503,0.02415767,0.0986059,0.01877537,0.08498484,0.01981477,0.00086993,0.05965427,44.29879344,0.19,0.2575,0.9275,0.03941254,0.1622362,0.09220559,0.10051385,0.0946687,0.0510444,0.95926268,73.3778011
4,after_pass,1,4,4,0.15129597,0.02799733,0.02964842,0.12827671,0.0265492,0.11854113,0.01382739,0.00082227,0.06467864,44.72779396,0.205,0.0875,0.9925,0.04843532,0.19044157,0.0921305,0.08195421,0.09946509,0.05479594,0.96532641,71.54261897
