[F9 2026-09-01 07:33:14] start (1/64) control/flat/same_xx/seed40000 -> learning/rl/robot/results/gate_f9_control_flat_same_seed40000_20260901_072500
The '--headless' CLI argument is deprecated. Omit '--viz' for default headless. If config visualizers are enabled and you want to force headless, use '--viz none'.
WARNING: All log messages before absl::InitializeLog() is called are written to STDERR
E0000 00:00:1788215594.517134   58350 descriptor_database.cc:633] File already exists in database: grpc/health/v1/health.proto
W0000 00:00:1788215594.517163   58350 message.cc:301] Protobuf GeneratedMessageFactory: File is already registered: grpc/health/v1/health.proto
[ISAACLAB] AppLauncher initialization complete
[INFO]: Base environment:
	Environment device    : cuda:0
	Environment seed      : 20260901
	Physics step-size     : 0.008333333333333333
	Rendering step-size   : 0.05
	Environment step-size : 0.05
[INFO]: Registered backend 'physx' for factory Articulation.
[INFO] Robot /World/envs/env_0/Robot/m0609/m0609: 폴리싱 디스크 생성 완료 → /World/envs/env_0/Robot/m0609/m0609/polishing_contact_pad
[INFO]: Registered backend 'physx' for factory ContactSensor.
[INFO]: Time taken for scene creation Last: 0.922594 s, Mean: 0.922594 s, Std: 0.000000 s, N: 1
[INFO]: Scene manager:  <class InteractiveScene>
	Number of environments: 4
	Environment spacing   : 1.6
	Source prim name      : /World/envs/env_0
	Global prim paths     : []
	Replicate physics     : True
[INFO]: Starting the simulation. This may take a few seconds. Please wait...
[INFO]: Simulation parameters for joints in /World/envs/env_.*/Robot:
+--------------------------------------------------------------------------------------------------------------------------------------------------------------------+
|                                                 Simulation Joint Information (Prim path: /World/envs/env_.*/Robot)                                                 |
+-------+-----------+-----------+---------+----------+-----------------+------------------+------------------+---------------------+-----------------+---------------+
| Index | Name      | Stiffness | Damping | Armature | Static Friction | Dynamic Friction | Viscous Friction |   Position Limits   | Velocity Limits | Effort Limits |
+-------+-----------+-----------+---------+----------+-----------------+------------------+------------------+---------------------+-----------------+---------------+
|   0   | joint_1   |  1.0e+04  | 500.000 |  0.000   |      0.000      |      0.000       |      0.000       |   [-6.283, 6.283]   |      2.618      |    9.6e+03    |
|   1   | joint_2   |  1.0e+04  | 500.000 |  0.000   |      0.000      |      0.000       |      0.000       |   [-6.283, 6.283]   |      2.618      |    9.6e+03    |
|   2   | joint_3   |  1.0e+04  | 500.000 |  0.000   |      0.000      |      0.000       |      0.000       |   [-2.618, 2.618]   |      3.142      |    5.4e+03    |
|   3   | joint_4   |  1.0e+04  | 500.000 |  0.000   |      0.000      |      0.000       |      0.000       |   [-6.283, 6.283]   |      3.927      |    2.7e+03    |
|   4   | joint_5   |  1.0e+04  | 500.000 |  0.000   |      0.000      |      0.000       |      0.000       |   [-6.283, 6.283]   |      3.927      |    2.7e+03    |
|   5   | joint_6   |  1.0e+04  | 500.000 |  0.000   |      0.000      |      0.000       |      0.000       |   [-6.283, 6.283]   |      3.927      |    2.7e+03    |
|   6   | pad_joint |  2.0e+03  | 100.000 |  0.000   |      0.000      |      0.000       |      0.000       | [-3.4e+38, 3.4e+38] |     104.720     |    100.000    |
+-------+-----------+-----------+---------+----------+-----------------+------------------+------------------+---------------------+-----------------+---------------+
[INFO]: Time taken for simulation start Last: 0.695392 s, Mean: 0.695392 s, Std: 0.000000 s, N: 1
[INFO]: Completed setting up the environment...
[RobotPolishEnv] robot feed override 5.946 -> 12.700 mm/s (policy range 6.350~19.050 mm/s)
[RobotPolishEnv] v5 M0609+pad coupled | link_6 contact offset=[-0.0025 -0.02    0.0448] m
[FactoryPlanarRoiPolishEnv] Gate C so=0.40 edge=balanced_extend5 direction=same_xx path=2.100m
[GateF7CurvedObservationEnv] mode=base14 obs_dim=14
[Gate F8] control/flat/same_xx step=1000 complete=0/4
[Gate F8] control/flat/same_xx step=2000 complete=0/4
[Gate F8] control/flat/same_xx step=3000 complete=0/4
[Gate F8] control/flat/same_xx step=4000 complete=1/4
[Gate F8] control/flat/same_xx step=5000 complete=3/4
{
  "all_finite": true,
  "checkpoint": "/home/rokey/cacadaca/learning/rl/robot/releases/gate_e7_seed1_it211_20260831_201801/model_gate_e7_seed1_it211.pt",
  "checkpoint_sha256": "c733763bfebd7fcead01cf2574bbd1621c4660b9347143cccb35e0e83449d052",
  "completed": 4,
  "created_utc": "2026-08-31T22:36:47.140104+00:00",
  "diagnostic_version": "gate_e6_local_window_area_v1",
  "direction_mode": "same_xx",
  "envs_per_profile": 1,
  "expected": 4,
  "gate": "F8_FORCE_SAFETY",
  "observation_mode": "base14",
  "path": {
    "direction_mode": "same_xx",
    "edge_mode": "balanced_extend5",
    "lines_per_sweep": 5,
    "path_length_m": 2.1,
    "path_mode": "gate_c",
    "step_over_m": 0.044000000000000004,
    "step_over_ratio": 0.4,
    "sweeps": 2
  },
  "physics_seed": 20260901,
  "policy_seed": 20260831,
  "profiles": [
    "legacy_stress",
    "factory_prepolish",
    "factory_prepolish_deep_defect",
    "factory_prepolish_deep_stress"
  ],
  "saved_iteration": 211,
  "shield_mode": "control",
  "surface_kind": "flat",
  "surface_seed_base": 40000,
  "tile_rows": 100,
  "training_performed": false
}
[INFO]: SimulationContext cleared
Loading user config located at: '/home/rokey/isaacsim-6.0.1/kit/data/Kit/IsaacLab/3.0/user.config.json'
2026-08-31T22:33:14Z [0ms] [Warning] [omni.ext.plugin] [ext: isaaclab_visualizers] Extensions config 'extension.toml' doesn't exist '/home/rokey/IsaacLab/source/isaaclab_visualizers' or '/home/rokey/IsaacLab/source/isaaclab_visualizers/config'
2026-08-31T22:33:14Z [358ms] [Warning] [omni.usd_config.extension] Enable omni.materialx.libs extension to use MaterialX
2026-08-31T22:33:18Z [3,667ms] [Warning] [isaaclab_physx.physics.physx_manager] TGS solver with enable_external_forces_every_iteration=False may cause noisy velocities.
2026-08-31T22:33:18Z [3,779ms] [Warning] [omni.usd] Encountered USD Warnings but USD Diagnostics are currently muted. To view USD Warnings, please set the '/persistent/app/usd/muteUsdDiagnostics' setting to false in Preferences page.
2026-08-31T22:33:19Z [5,150ms] [Warning] [usdrt.population.plugin] Last global time was not created. Did you call setEnableUsdNoticeHandling?
[F9 2026-09-01 07:36:47] done  (1/64) learning/rl/robot/results/gate_f9_control_flat_same_seed40000_20260901_072500
[F9 2026-09-01 07:36:47] start (2/64) static_cap/flat/same_xx/seed40000 -> learning/rl/robot/results/gate_f9_static_cap_flat_same_seed40000_20260901_072500
The '--headless' CLI argument is deprecated. Omit '--viz' for default headless. If config visualizers are enabled and you want to force headless, use '--viz none'.
WARNING: All log messages before absl::InitializeLog() is called are written to STDERR
E0000 00:00:1788215807.725337   58830 descriptor_database.cc:633] File already exists in database: grpc/health/v1/health.proto
W0000 00:00:1788215807.725367   58830 message.cc:301] Protobuf GeneratedMessageFactory: File is already registered: grpc/health/v1/health.proto
[ISAACLAB] AppLauncher initialization complete
[INFO]: Base environment:
	Environment device    : cuda:0
	Environment seed      : 20260901
	Physics step-size     : 0.008333333333333333
	Rendering step-size   : 0.05
	Environment step-size : 0.05
[INFO]: Registered backend 'physx' for factory Articulation.
[INFO] Robot /World/envs/env_0/Robot/m0609/m0609: 폴리싱 디스크 생성 완료 → /World/envs/env_0/Robot/m0609/m0609/polishing_contact_pad
[INFO]: Registered backend 'physx' for factory ContactSensor.
[INFO]: Time taken for scene creation Last: 1.074746 s, Mean: 1.074746 s, Std: 0.000000 s, N: 1
[INFO]: Scene manager:  <class InteractiveScene>
	Number of environments: 4
	Environment spacing   : 1.6
	Source prim name      : /World/envs/env_0
	Global prim paths     : []
	Replicate physics     : True
[INFO]: Starting the simulation. This may take a few seconds. Please wait...
[INFO]: Simulation parameters for joints in /World/envs/env_.*/Robot:
+--------------------------------------------------------------------------------------------------------------------------------------------------------------------+
|                                                 Simulation Joint Information (Prim path: /World/envs/env_.*/Robot)                                                 |
+-------+-----------+-----------+---------+----------+-----------------+------------------+------------------+---------------------+-----------------+---------------+
| Index | Name      | Stiffness | Damping | Armature | Static Friction | Dynamic Friction | Viscous Friction |   Position Limits   | Velocity Limits | Effort Limits |
+-------+-----------+-----------+---------+----------+-----------------+------------------+------------------+---------------------+-----------------+---------------+
|   0   | joint_1   |  1.0e+04  | 500.000 |  0.000   |      0.000      |      0.000       |      0.000       |   [-6.283, 6.283]   |      2.618      |    9.6e+03    |
|   1   | joint_2   |  1.0e+04  | 500.000 |  0.000   |      0.000      |      0.000       |      0.000       |   [-6.283, 6.283]   |      2.618      |    9.6e+03    |
|   2   | joint_3   |  1.0e+04  | 500.000 |  0.000   |      0.000      |      0.000       |      0.000       |   [-2.618, 2.618]   |      3.142      |    5.4e+03    |
|   3   | joint_4   |  1.0e+04  | 500.000 |  0.000   |      0.000      |      0.000       |      0.000       |   [-6.283, 6.283]   |      3.927      |    2.7e+03    |
|   4   | joint_5   |  1.0e+04  | 500.000 |  0.000   |      0.000      |      0.000       |      0.000       |   [-6.283, 6.283]   |      3.927      |    2.7e+03    |
|   5   | joint_6   |  1.0e+04  | 500.000 |  0.000   |      0.000      |      0.000       |      0.000       |   [-6.283, 6.283]   |      3.927      |    2.7e+03    |
|   6   | pad_joint |  2.0e+03  | 100.000 |  0.000   |      0.000      |      0.000       |      0.000       | [-3.4e+38, 3.4e+38] |     104.720     |    100.000    |
+-------+-----------+-----------+---------+----------+-----------------+------------------+------------------+---------------------+-----------------+---------------+
[INFO]: Time taken for simulation start Last: 0.690811 s, Mean: 0.690811 s, Std: 0.000000 s, N: 1
[INFO]: Completed setting up the environment...
[RobotPolishEnv] robot feed override 5.946 -> 12.700 mm/s (policy range 6.350~19.050 mm/s)
[RobotPolishEnv] v5 M0609+pad coupled | link_6 contact offset=[-0.0025 -0.02    0.0448] m
[FactoryPlanarRoiPolishEnv] Gate C so=0.40 edge=balanced_extend5 direction=same_xx path=2.100m
[GateF7CurvedObservationEnv] mode=base14 obs_dim=14
[Gate F8] static_cap/flat/same_xx step=1000 complete=0/4
[Gate F8] static_cap/flat/same_xx step=2000 complete=0/4
[Gate F8] static_cap/flat/same_xx step=3000 complete=0/4
[Gate F8] static_cap/flat/same_xx step=4000 complete=1/4
[Gate F8] static_cap/flat/same_xx step=5000 complete=3/4
{
  "all_finite": true,
  "checkpoint": "/home/rokey/cacadaca/learning/rl/robot/releases/gate_e7_seed1_it211_20260831_201801/model_gate_e7_seed1_it211.pt",
  "checkpoint_sha256": "c733763bfebd7fcead01cf2574bbd1621c4660b9347143cccb35e0e83449d052",
  "completed": 4,
  "created_utc": "2026-08-31T22:40:23.160029+00:00",
  "diagnostic_version": "gate_e6_local_window_area_v1",
  "direction_mode": "same_xx",
  "envs_per_profile": 1,
  "expected": 4,
  "gate": "F8_FORCE_SAFETY",
  "observation_mode": "base14",
  "path": {
    "direction_mode": "same_xx",
    "edge_mode": "balanced_extend5",
    "lines_per_sweep": 5,
    "path_length_m": 2.1,
    "path_mode": "gate_c",
    "step_over_m": 0.044000000000000004,
    "step_over_ratio": 0.4,
    "sweeps": 2
  },
  "physics_seed": 20260901,
  "policy_seed": 20260831,
  "profiles": [
    "legacy_stress",
    "factory_prepolish",
    "factory_prepolish_deep_defect",
    "factory_prepolish_deep_stress"
  ],
  "saved_iteration": 211,
  "shield_mode": "static_cap",
  "surface_kind": "flat",
  "surface_seed_base": 40000,
  "tile_rows": 100,
  "training_performed": false
}
[INFO]: SimulationContext cleared
Loading user config located at: '/home/rokey/isaacsim-6.0.1/kit/data/Kit/IsaacLab/3.0/user.config.json'
2026-08-31T22:36:47Z [0ms] [Warning] [omni.ext.plugin] [ext: isaaclab_visualizers] Extensions config 'extension.toml' doesn't exist '/home/rokey/IsaacLab/source/isaaclab_visualizers' or '/home/rokey/IsaacLab/source/isaaclab_visualizers/config'
2026-08-31T22:36:48Z [372ms] [Warning] [omni.usd_config.extension] Enable omni.materialx.libs extension to use MaterialX
2026-08-31T22:36:51Z [3,933ms] [Warning] [isaaclab_physx.physics.physx_manager] TGS solver with enable_external_forces_every_iteration=False may cause noisy velocities.
2026-08-31T22:36:51Z [4,059ms] [Warning] [omni.usd] Encountered USD Warnings but USD Diagnostics are currently muted. To view USD Warnings, please set the '/persistent/app/usd/muteUsdDiagnostics' setting to false in Preferences page.
2026-08-31T22:36:53Z [5,557ms] [Warning] [usdrt.population.plugin] Last global time was not created. Did you call setEnableUsdNoticeHandling?
[F9 2026-09-01 07:40:23] done  (2/64) learning/rl/robot/results/gate_f9_static_cap_flat_same_seed40000_20260901_072500
[F9 2026-09-01 07:40:23] start (3/64) control/cylinder/same_xx/seed40000 -> learning/rl/robot/results/gate_f9_control_cylinder_same_seed40000_20260901_072500
The '--headless' CLI argument is deprecated. Omit '--viz' for default headless. If config visualizers are enabled and you want to force headless, use '--viz none'.
WARNING: All log messages before absl::InitializeLog() is called are written to STDERR
E0000 00:00:1788216023.757255   59288 descriptor_database.cc:633] File already exists in database: grpc/health/v1/health.proto
W0000 00:00:1788216023.757287   59288 message.cc:301] Protobuf GeneratedMessageFactory: File is already registered: grpc/health/v1/health.proto
[ISAACLAB] AppLauncher initialization complete
[INFO]: Base environment:
	Environment device    : cuda:0
	Environment seed      : 20260901
	Physics step-size     : 0.008333333333333333
	Rendering step-size   : 0.05
	Environment step-size : 0.05
[INFO]: Registered backend 'physx' for factory Articulation.
[INFO] Robot /World/envs/env_0/Robot/m0609/m0609: 폴리싱 디스크 생성 완료 → /World/envs/env_0/Robot/m0609/m0609/polishing_contact_pad
[INFO]: Registered backend 'physx' for factory ContactSensor.
[INFO]: Time taken for scene creation Last: 1.130554 s, Mean: 1.130554 s, Std: 0.000000 s, N: 1
[INFO]: Scene manager:  <class InteractiveScene>
	Number of environments: 4
	Environment spacing   : 1.6
	Source prim name      : /World/envs/env_0
	Global prim paths     : []
	Replicate physics     : True
[INFO]: Starting the simulation. This may take a few seconds. Please wait...
[INFO]: Simulation parameters for joints in /World/envs/env_.*/Robot:
+--------------------------------------------------------------------------------------------------------------------------------------------------------------------+
|                                                 Simulation Joint Information (Prim path: /World/envs/env_.*/Robot)                                                 |
+-------+-----------+-----------+---------+----------+-----------------+------------------+------------------+---------------------+-----------------+---------------+
| Index | Name      | Stiffness | Damping | Armature | Static Friction | Dynamic Friction | Viscous Friction |   Position Limits   | Velocity Limits | Effort Limits |
+-------+-----------+-----------+---------+----------+-----------------+------------------+------------------+---------------------+-----------------+---------------+
|   0   | joint_1   |  1.0e+04  | 500.000 |  0.000   |      0.000      |      0.000       |      0.000       |   [-6.283, 6.283]   |      2.618      |    9.6e+03    |
|   1   | joint_2   |  1.0e+04  | 500.000 |  0.000   |      0.000      |      0.000       |      0.000       |   [-6.283, 6.283]   |      2.618      |    9.6e+03    |
|   2   | joint_3   |  1.0e+04  | 500.000 |  0.000   |      0.000      |      0.000       |      0.000       |   [-2.618, 2.618]   |      3.142      |    5.4e+03    |
|   3   | joint_4   |  1.0e+04  | 500.000 |  0.000   |      0.000      |      0.000       |      0.000       |   [-6.283, 6.283]   |      3.927      |    2.7e+03    |
|   4   | joint_5   |  1.0e+04  | 500.000 |  0.000   |      0.000      |      0.000       |      0.000       |   [-6.283, 6.283]   |      3.927      |    2.7e+03    |
|   5   | joint_6   |  1.0e+04  | 500.000 |  0.000   |      0.000      |      0.000       |      0.000       |   [-6.283, 6.283]   |      3.927      |    2.7e+03    |
|   6   | pad_joint |  2.0e+03  | 100.000 |  0.000   |      0.000      |      0.000       |      0.000       | [-3.4e+38, 3.4e+38] |     104.720     |    100.000    |
+-------+-----------+-----------+---------+----------+-----------------+------------------+------------------+---------------------+-----------------+---------------+
[INFO]: Time taken for simulation start Last: 0.705442 s, Mean: 0.705442 s, Std: 0.000000 s, N: 1
[INFO]: Completed setting up the environment...
[RobotPolishEnv] robot feed override 5.946 -> 12.700 mm/s (policy range 6.350~19.050 mm/s)
[RobotPolishEnv] v5 M0609+pad coupled | link_6 contact offset=[-0.0025 -0.02    0.0448] m
[FactoryPlanarRoiPolishEnv] Gate C so=0.40 edge=balanced_extend5 direction=same_xx path=2.100m
[GateF7CurvedObservationEnv] mode=base14 obs_dim=14
[Gate F8] control/cylinder/same_xx step=1000 complete=0/4
[Gate F8] control/cylinder/same_xx step=2000 complete=0/4
[Gate F8] control/cylinder/same_xx step=3000 complete=0/4
[Gate F8] control/cylinder/same_xx step=4000 complete=1/4
{
  "all_finite": true,
  "checkpoint": "/home/rokey/cacadaca/learning/rl/robot/releases/gate_e7_seed1_it211_20260831_201801/model_gate_e7_seed1_it211.pt",
  "checkpoint_sha256": "c733763bfebd7fcead01cf2574bbd1621c4660b9347143cccb35e0e83449d052",
  "completed": 4,
  "created_utc": "2026-08-31T22:44:10.501625+00:00",
  "diagnostic_version": "gate_e6_local_window_area_v1",
  "direction_mode": "same_xx",
  "envs_per_profile": 1,
  "expected": 4,
  "gate": "F8_FORCE_SAFETY",
  "observation_mode": "base14",
  "path": {
    "direction_mode": "same_xx",
    "edge_mode": "balanced_extend5",
    "lines_per_sweep": 5,
    "path_length_m": 2.1,
    "path_mode": "gate_c",
    "step_over_m": 0.044000000000000004,
    "step_over_ratio": 0.4,
    "sweeps": 2
  },
  "physics_seed": 20260901,
  "policy_seed": 20260831,
  "profiles": [
    "legacy_stress",
    "factory_prepolish",
    "factory_prepolish_deep_defect",
    "factory_prepolish_deep_stress"
  ],
  "saved_iteration": 211,
  "shield_mode": "control",
  "surface_kind": "cylinder",
  "surface_seed_base": 40000,
  "tile_rows": 100,
  "training_performed": false
}
[INFO]: SimulationContext cleared
Loading user config located at: '/home/rokey/isaacsim-6.0.1/kit/data/Kit/IsaacLab/3.0/user.config.json'
2026-08-31T22:40:23Z [0ms] [Warning] [omni.ext.plugin] [ext: isaaclab_visualizers] Extensions config 'extension.toml' doesn't exist '/home/rokey/IsaacLab/source/isaaclab_visualizers' or '/home/rokey/IsaacLab/source/isaaclab_visualizers/config'
2026-08-31T22:40:24Z [371ms] [Warning] [omni.usd_config.extension] Enable omni.materialx.libs extension to use MaterialX
2026-08-31T22:40:27Z [4,018ms] [Warning] [isaaclab_physx.physics.physx_manager] TGS solver with enable_external_forces_every_iteration=False may cause noisy velocities.
2026-08-31T22:40:27Z [4,134ms] [Warning] [omni.usd] Encountered USD Warnings but USD Diagnostics are currently muted. To view USD Warnings, please set the '/persistent/app/usd/muteUsdDiagnostics' setting to false in Preferences page.
2026-08-31T22:40:29Z [5,710ms] [Warning] [usdrt.population.plugin] Last global time was not created. Did you call setEnableUsdNoticeHandling?
[F9 2026-09-01 07:44:10] done  (3/64) learning/rl/robot/results/gate_f9_control_cylinder_same_seed40000_20260901_072500
[F9 2026-09-01 07:44:10] start (4/64) static_cap/cylinder/same_xx/seed40000 -> learning/rl/robot/results/gate_f9_static_cap_cylinder_same_seed40000_20260901_072500
The '--headless' CLI argument is deprecated. Omit '--viz' for default headless. If config visualizers are enabled and you want to force headless, use '--viz none'.
WARNING: All log messages before absl::InitializeLog() is called are written to STDERR
E0000 00:00:1788216251.104550   59921 descriptor_database.cc:633] File already exists in database: grpc/health/v1/health.proto
W0000 00:00:1788216251.104579   59921 message.cc:301] Protobuf GeneratedMessageFactory: File is already registered: grpc/health/v1/health.proto
[ISAACLAB] AppLauncher initialization complete
[INFO]: Base environment:
	Environment device    : cuda:0
	Environment seed      : 20260901
	Physics step-size     : 0.008333333333333333
	Rendering step-size   : 0.05
	Environment step-size : 0.05
[INFO]: Registered backend 'physx' for factory Articulation.
[INFO] Robot /World/envs/env_0/Robot/m0609/m0609: 폴리싱 디스크 생성 완료 → /World/envs/env_0/Robot/m0609/m0609/polishing_contact_pad
[INFO]: Registered backend 'physx' for factory ContactSensor.
[INFO]: Time taken for scene creation Last: 1.149137 s, Mean: 1.149137 s, Std: 0.000000 s, N: 1
[INFO]: Scene manager:  <class InteractiveScene>
	Number of environments: 4
	Environment spacing   : 1.6
	Source prim name      : /World/envs/env_0
	Global prim paths     : []
	Replicate physics     : True
[INFO]: Starting the simulation. This may take a few seconds. Please wait...
[INFO]: Simulation parameters for joints in /World/envs/env_.*/Robot:
+--------------------------------------------------------------------------------------------------------------------------------------------------------------------+
|                                                 Simulation Joint Information (Prim path: /World/envs/env_.*/Robot)                                                 |
+-------+-----------+-----------+---------+----------+-----------------+------------------+------------------+---------------------+-----------------+---------------+
| Index | Name      | Stiffness | Damping | Armature | Static Friction | Dynamic Friction | Viscous Friction |   Position Limits   | Velocity Limits | Effort Limits |
+-------+-----------+-----------+---------+----------+-----------------+------------------+------------------+---------------------+-----------------+---------------+
|   0   | joint_1   |  1.0e+04  | 500.000 |  0.000   |      0.000      |      0.000       |      0.000       |   [-6.283, 6.283]   |      2.618      |    9.6e+03    |
|   1   | joint_2   |  1.0e+04  | 500.000 |  0.000   |      0.000      |      0.000       |      0.000       |   [-6.283, 6.283]   |      2.618      |    9.6e+03    |
|   2   | joint_3   |  1.0e+04  | 500.000 |  0.000   |      0.000      |      0.000       |      0.000       |   [-2.618, 2.618]   |      3.142      |    5.4e+03    |
|   3   | joint_4   |  1.0e+04  | 500.000 |  0.000   |      0.000      |      0.000       |      0.000       |   [-6.283, 6.283]   |      3.927      |    2.7e+03    |
|   4   | joint_5   |  1.0e+04  | 500.000 |  0.000   |      0.000      |      0.000       |      0.000       |   [-6.283, 6.283]   |      3.927      |    2.7e+03    |
|   5   | joint_6   |  1.0e+04  | 500.000 |  0.000   |      0.000      |      0.000       |      0.000       |   [-6.283, 6.283]   |      3.927      |    2.7e+03    |
|   6   | pad_joint |  2.0e+03  | 100.000 |  0.000   |      0.000      |      0.000       |      0.000       | [-3.4e+38, 3.4e+38] |     104.720     |    100.000    |
+-------+-----------+-----------+---------+----------+-----------------+------------------+------------------+---------------------+-----------------+---------------+
[INFO]: Time taken for simulation start Last: 0.700398 s, Mean: 0.700398 s, Std: 0.000000 s, N: 1
[INFO]: Completed setting up the environment...
[RobotPolishEnv] robot feed override 5.946 -> 12.700 mm/s (policy range 6.350~19.050 mm/s)
[RobotPolishEnv] v5 M0609+pad coupled | link_6 contact offset=[-0.0025 -0.02    0.0448] m
[FactoryPlanarRoiPolishEnv] Gate C so=0.40 edge=balanced_extend5 direction=same_xx path=2.100m
[GateF7CurvedObservationEnv] mode=base14 obs_dim=14
[Gate F8] static_cap/cylinder/same_xx step=1000 complete=2/4
[Gate F8] static_cap/cylinder/same_xx step=2000 complete=2/4
[Gate F8] static_cap/cylinder/same_xx step=3000 complete=2/4
[Gate F8] static_cap/cylinder/same_xx step=4000 complete=3/4
[Gate F8] static_cap/cylinder/same_xx step=5000 complete=3/4
{
  "all_finite": true,
  "checkpoint": "/home/rokey/cacadaca/learning/rl/robot/releases/gate_e7_seed1_it211_20260831_201801/model_gate_e7_seed1_it211.pt",
  "checkpoint_sha256": "c733763bfebd7fcead01cf2574bbd1621c4660b9347143cccb35e0e83449d052",
  "completed": 4,
  "created_utc": "2026-08-31T22:47:59.289947+00:00",
  "diagnostic_version": "gate_e6_local_window_area_v1",
  "direction_mode": "same_xx",
  "envs_per_profile": 1,
  "expected": 4,
  "gate": "F8_FORCE_SAFETY",
  "observation_mode": "base14",
  "path": {
    "direction_mode": "same_xx",
    "edge_mode": "balanced_extend5",
    "lines_per_sweep": 5,
    "path_length_m": 2.1,
    "path_mode": "gate_c",
    "step_over_m": 0.044000000000000004,
    "step_over_ratio": 0.4,
    "sweeps": 2
  },
  "physics_seed": 20260901,
  "policy_seed": 20260831,
  "profiles": [
    "legacy_stress",
    "factory_prepolish",
    "factory_prepolish_deep_defect",
    "factory_prepolish_deep_stress"
  ],
  "saved_iteration": 211,
  "shield_mode": "static_cap",
  "surface_kind": "cylinder",
  "surface_seed_base": 40000,
  "tile_rows": 100,
  "training_performed": false
}
[INFO]: SimulationContext cleared
Loading user config located at: '/home/rokey/isaacsim-6.0.1/kit/data/Kit/IsaacLab/3.0/user.config.json'
2026-08-31T22:44:11Z [0ms] [Warning] [omni.ext.plugin] [ext: isaaclab_visualizers] Extensions config 'extension.toml' doesn't exist '/home/rokey/IsaacLab/source/isaaclab_visualizers' or '/home/rokey/IsaacLab/source/isaaclab_visualizers/config'
2026-08-31T22:44:11Z [378ms] [Warning] [omni.usd_config.extension] Enable omni.materialx.libs extension to use MaterialX
2026-08-31T22:44:15Z [3,983ms] [Warning] [isaaclab_physx.physics.physx_manager] TGS solver with enable_external_forces_every_iteration=False may cause noisy velocities.
2026-08-31T22:44:15Z [4,102ms] [Warning] [omni.usd] Encountered USD Warnings but USD Diagnostics are currently muted. To view USD Warnings, please set the '/persistent/app/usd/muteUsdDiagnostics' setting to false in Preferences page.
2026-08-31T22:44:16Z [5,690ms] [Warning] [usdrt.population.plugin] Last global time was not created. Did you call setEnableUsdNoticeHandling?
[F9 2026-09-01 07:47:59] done  (4/64) learning/rl/robot/results/gate_f9_static_cap_cylinder_same_seed40000_20260901_072500
[F9 2026-09-01 07:47:59] start (5/64) control/sphere/same_xx/seed40000 -> learning/rl/robot/results/gate_f9_control_sphere_same_seed40000_20260901_072500
The '--headless' CLI argument is deprecated. Omit '--viz' for default headless. If config visualizers are enabled and you want to force headless, use '--viz none'.
WARNING: All log messages before absl::InitializeLog() is called are written to STDERR
E0000 00:00:1788216479.870261   60421 descriptor_database.cc:633] File already exists in database: grpc/health/v1/health.proto
W0000 00:00:1788216479.870295   60421 message.cc:301] Protobuf GeneratedMessageFactory: File is already registered: grpc/health/v1/health.proto
[ISAACLAB] AppLauncher initialization complete
[INFO]: Base environment:
	Environment device    : cuda:0
	Environment seed      : 20260901
	Physics step-size     : 0.008333333333333333
	Rendering step-size   : 0.05
	Environment step-size : 0.05
[INFO]: Registered backend 'physx' for factory Articulation.
[INFO] Robot /World/envs/env_0/Robot/m0609/m0609: 폴리싱 디스크 생성 완료 → /World/envs/env_0/Robot/m0609/m0609/polishing_contact_pad
[INFO]: Registered backend 'physx' for factory ContactSensor.
[INFO]: Time taken for scene creation Last: 0.990125 s, Mean: 0.990125 s, Std: 0.000000 s, N: 1
[INFO]: Scene manager:  <class InteractiveScene>
	Number of environments: 4
	Environment spacing   : 1.6
	Source prim name      : /World/envs/env_0
	Global prim paths     : []
	Replicate physics     : True
[INFO]: Starting the simulation. This may take a few seconds. Please wait...
[INFO]: Simulation parameters for joints in /World/envs/env_.*/Robot:
+--------------------------------------------------------------------------------------------------------------------------------------------------------------------+
|                                                 Simulation Joint Information (Prim path: /World/envs/env_.*/Robot)                                                 |
+-------+-----------+-----------+---------+----------+-----------------+------------------+------------------+---------------------+-----------------+---------------+
| Index | Name      | Stiffness | Damping | Armature | Static Friction | Dynamic Friction | Viscous Friction |   Position Limits   | Velocity Limits | Effort Limits |
+-------+-----------+-----------+---------+----------+-----------------+------------------+------------------+---------------------+-----------------+---------------+
|   0   | joint_1   |  1.0e+04  | 500.000 |  0.000   |      0.000      |      0.000       |      0.000       |   [-6.283, 6.283]   |      2.618      |    9.6e+03    |
|   1   | joint_2   |  1.0e+04  | 500.000 |  0.000   |      0.000      |      0.000       |      0.000       |   [-6.283, 6.283]   |      2.618      |    9.6e+03    |
|   2   | joint_3   |  1.0e+04  | 500.000 |  0.000   |      0.000      |      0.000       |      0.000       |   [-2.618, 2.618]   |      3.142      |    5.4e+03    |
|   3   | joint_4   |  1.0e+04  | 500.000 |  0.000   |      0.000      |      0.000       |      0.000       |   [-6.283, 6.283]   |      3.927      |    2.7e+03    |
|   4   | joint_5   |  1.0e+04  | 500.000 |  0.000   |      0.000      |      0.000       |      0.000       |   [-6.283, 6.283]   |      3.927      |    2.7e+03    |
|   5   | joint_6   |  1.0e+04  | 500.000 |  0.000   |      0.000      |      0.000       |      0.000       |   [-6.283, 6.283]   |      3.927      |    2.7e+03    |
|   6   | pad_joint |  2.0e+03  | 100.000 |  0.000   |      0.000      |      0.000       |      0.000       | [-3.4e+38, 3.4e+38] |     104.720     |    100.000    |
+-------+-----------+-----------+---------+----------+-----------------+------------------+------------------+---------------------+-----------------+---------------+
[INFO]: Time taken for simulation start Last: 0.704959 s, Mean: 0.704959 s, Std: 0.000000 s, N: 1
[INFO]: Completed setting up the environment...
[RobotPolishEnv] robot feed override 5.946 -> 12.700 mm/s (policy range 6.350~19.050 mm/s)
[RobotPolishEnv] v5 M0609+pad coupled | link_6 contact offset=[-0.0025 -0.02    0.0448] m
[FactoryPlanarRoiPolishEnv] Gate C so=0.40 edge=balanced_extend5 direction=same_xx path=2.100m
[GateF7CurvedObservationEnv] mode=base14 obs_dim=14
[Gate F8] control/sphere/same_xx step=1000 complete=0/4
[Gate F8] control/sphere/same_xx step=2000 complete=0/4
[Gate F8] control/sphere/same_xx step=3000 complete=0/4
[Gate F8] control/sphere/same_xx step=4000 complete=1/4
[Gate F8] control/sphere/same_xx step=5000 complete=3/4
{
  "all_finite": true,
  "checkpoint": "/home/rokey/cacadaca/learning/rl/robot/releases/gate_e7_seed1_it211_20260831_201801/model_gate_e7_seed1_it211.pt",
  "checkpoint_sha256": "c733763bfebd7fcead01cf2574bbd1621c4660b9347143cccb35e0e83449d052",
  "completed": 4,
  "created_utc": "2026-08-31T22:51:49.218383+00:00",
  "diagnostic_version": "gate_e6_local_window_area_v1",
  "direction_mode": "same_xx",
  "envs_per_profile": 1,
  "expected": 4,
  "gate": "F8_FORCE_SAFETY",
  "observation_mode": "base14",
  "path": {
    "direction_mode": "same_xx",
    "edge_mode": "balanced_extend5",
    "lines_per_sweep": 5,
    "path_length_m": 2.1,
    "path_mode": "gate_c",
    "step_over_m": 0.044000000000000004,
    "step_over_ratio": 0.4,
    "sweeps": 2
  },
  "physics_seed": 20260901,
  "policy_seed": 20260831,
  "profiles": [
    "legacy_stress",
    "factory_prepolish",
    "factory_prepolish_deep_defect",
    "factory_prepolish_deep_stress"
  ],
  "saved_iteration": 211,
  "shield_mode": "control",
  "surface_kind": "sphere",
  "surface_seed_base": 40000,
  "tile_rows": 100,
  "training_performed": false
}
[INFO]: SimulationContext cleared
Loading user config located at: '/home/rokey/isaacsim-6.0.1/kit/data/Kit/IsaacLab/3.0/user.config.json'
2026-08-31T22:47:59Z [0ms] [Warning] [omni.ext.plugin] [ext: isaaclab_visualizers] Extensions config 'extension.toml' doesn't exist '/home/rokey/IsaacLab/source/isaaclab_visualizers' or '/home/rokey/IsaacLab/source/isaaclab_visualizers/config'
2026-08-31T22:48:00Z [370ms] [Warning] [omni.usd_config.extension] Enable omni.materialx.libs extension to use MaterialX
2026-08-31T22:48:03Z [3,968ms] [Warning] [isaaclab_physx.physics.physx_manager] TGS solver with enable_external_forces_every_iteration=False may cause noisy velocities.
2026-08-31T22:48:03Z [4,091ms] [Warning] [omni.usd] Encountered USD Warnings but USD Diagnostics are currently muted. To view USD Warnings, please set the '/persistent/app/usd/muteUsdDiagnostics' setting to false in Preferences page.
2026-08-31T22:48:05Z [5,519ms] [Warning] [usdrt.population.plugin] Last global time was not created. Did you call setEnableUsdNoticeHandling?
[F9 2026-09-01 07:51:49] done  (5/64) learning/rl/robot/results/gate_f9_control_sphere_same_seed40000_20260901_072500
[F9 2026-09-01 07:51:49] start (6/64) static_cap/sphere/same_xx/seed40000 -> learning/rl/robot/results/gate_f9_static_cap_sphere_same_seed40000_20260901_072500
The '--headless' CLI argument is deprecated. Omit '--viz' for default headless. If config visualizers are enabled and you want to force headless, use '--viz none'.
WARNING: All log messages before absl::InitializeLog() is called are written to STDERR
E0000 00:00:1788216709.831575   60961 descriptor_database.cc:633] File already exists in database: grpc/health/v1/health.proto
W0000 00:00:1788216709.831604   60961 message.cc:301] Protobuf GeneratedMessageFactory: File is already registered: grpc/health/v1/health.proto
[ISAACLAB] AppLauncher initialization complete
[INFO]: Base environment:
	Environment device    : cuda:0
	Environment seed      : 20260901
	Physics step-size     : 0.008333333333333333
	Rendering step-size   : 0.05
	Environment step-size : 0.05
[INFO]: Registered backend 'physx' for factory Articulation.
[INFO] Robot /World/envs/env_0/Robot/m0609/m0609: 폴리싱 디스크 생성 완료 → /World/envs/env_0/Robot/m0609/m0609/polishing_contact_pad
[INFO]: Registered backend 'physx' for factory ContactSensor.
[INFO]: Time taken for scene creation Last: 1.114222 s, Mean: 1.114222 s, Std: 0.000000 s, N: 1
[INFO]: Scene manager:  <class InteractiveScene>
	Number of environments: 4
	Environment spacing   : 1.6
	Source prim name      : /World/envs/env_0
	Global prim paths     : []
	Replicate physics     : True
[INFO]: Starting the simulation. This may take a few seconds. Please wait...
[INFO]: Simulation parameters for joints in /World/envs/env_.*/Robot:
+--------------------------------------------------------------------------------------------------------------------------------------------------------------------+
|                                                 Simulation Joint Information (Prim path: /World/envs/env_.*/Robot)                                                 |
+-------+-----------+-----------+---------+----------+-----------------+------------------+------------------+---------------------+-----------------+---------------+
| Index | Name      | Stiffness | Damping | Armature | Static Friction | Dynamic Friction | Viscous Friction |   Position Limits   | Velocity Limits | Effort Limits |
+-------+-----------+-----------+---------+----------+-----------------+------------------+------------------+---------------------+-----------------+---------------+
|   0   | joint_1   |  1.0e+04  | 500.000 |  0.000   |      0.000      |      0.000       |      0.000       |   [-6.283, 6.283]   |      2.618      |    9.6e+03    |
|   1   | joint_2   |  1.0e+04  | 500.000 |  0.000   |      0.000      |      0.000       |      0.000       |   [-6.283, 6.283]   |      2.618      |    9.6e+03    |
|   2   | joint_3   |  1.0e+04  | 500.000 |  0.000   |      0.000      |      0.000       |      0.000       |   [-2.618, 2.618]   |      3.142      |    5.4e+03    |
|   3   | joint_4   |  1.0e+04  | 500.000 |  0.000   |      0.000      |      0.000       |      0.000       |   [-6.283, 6.283]   |      3.927      |    2.7e+03    |
|   4   | joint_5   |  1.0e+04  | 500.000 |  0.000   |      0.000      |      0.000       |      0.000       |   [-6.283, 6.283]   |      3.927      |    2.7e+03    |
|   5   | joint_6   |  1.0e+04  | 500.000 |  0.000   |      0.000      |      0.000       |      0.000       |   [-6.283, 6.283]   |      3.927      |    2.7e+03    |
|   6   | pad_joint |  2.0e+03  | 100.000 |  0.000   |      0.000      |      0.000       |      0.000       | [-3.4e+38, 3.4e+38] |     104.720     |    100.000    |
+-------+-----------+-----------+---------+----------+-----------------+------------------+------------------+---------------------+-----------------+---------------+
[INFO]: Time taken for simulation start Last: 0.724970 s, Mean: 0.724970 s, Std: 0.000000 s, N: 1
[INFO]: Completed setting up the environment...
[RobotPolishEnv] robot feed override 5.946 -> 12.700 mm/s (policy range 6.350~19.050 mm/s)
[RobotPolishEnv] v5 M0609+pad coupled | link_6 contact offset=[-0.0025 -0.02    0.0448] m
[FactoryPlanarRoiPolishEnv] Gate C so=0.40 edge=balanced_extend5 direction=same_xx path=2.100m
[GateF7CurvedObservationEnv] mode=base14 obs_dim=14
[Gate F8] static_cap/sphere/same_xx step=1000 complete=0/4
[Gate F8] static_cap/sphere/same_xx step=2000 complete=0/4
[Gate F8] static_cap/sphere/same_xx step=3000 complete=0/4
[Gate F8] static_cap/sphere/same_xx step=4000 complete=1/4
{
  "all_finite": true,
  "checkpoint": "/home/rokey/cacadaca/learning/rl/robot/releases/gate_e7_seed1_it211_20260831_201801/model_gate_e7_seed1_it211.pt",
  "checkpoint_sha256": "c733763bfebd7fcead01cf2574bbd1621c4660b9347143cccb35e0e83449d052",
  "completed": 4,
  "created_utc": "2026-08-31T22:55:46.760284+00:00",
  "diagnostic_version": "gate_e6_local_window_area_v1",
  "direction_mode": "same_xx",
  "envs_per_profile": 1,
  "expected": 4,
  "gate": "F8_FORCE_SAFETY",
  "observation_mode": "base14",
  "path": {
    "direction_mode": "same_xx",
    "edge_mode": "balanced_extend5",
    "lines_per_sweep": 5,
    "path_length_m": 2.1,
    "path_mode": "gate_c",
    "step_over_m": 0.044000000000000004,
    "step_over_ratio": 0.4,
    "sweeps": 2
  },
  "physics_seed": 20260901,
  "policy_seed": 20260831,
  "profiles": [
    "legacy_stress",
    "factory_prepolish",
    "factory_prepolish_deep_defect",
    "factory_prepolish_deep_stress"
  ],
  "saved_iteration": 211,
  "shield_mode": "static_cap",
  "surface_kind": "sphere",
  "surface_seed_base": 40000,
  "tile_rows": 100,
  "training_performed": false
}
[INFO]: SimulationContext cleared
Loading user config located at: '/home/rokey/isaacsim-6.0.1/kit/data/Kit/IsaacLab/3.0/user.config.json'
2026-08-31T22:51:49Z [0ms] [Warning] [omni.ext.plugin] [ext: isaaclab_visualizers] Extensions config 'extension.toml' doesn't exist '/home/rokey/IsaacLab/source/isaaclab_visualizers' or '/home/rokey/IsaacLab/source/isaaclab_visualizers/config'
2026-08-31T22:51:50Z [370ms] [Warning] [omni.usd_config.extension] Enable omni.materialx.libs extension to use MaterialX
2026-08-31T22:51:53Z [4,121ms] [Warning] [isaaclab_physx.physics.physx_manager] TGS solver with enable_external_forces_every_iteration=False may cause noisy velocities.
2026-08-31T22:51:54Z [4,245ms] [Warning] [omni.usd] Encountered USD Warnings but USD Diagnostics are currently muted. To view USD Warnings, please set the '/persistent/app/usd/muteUsdDiagnostics' setting to false in Preferences page.
2026-08-31T22:51:55Z [5,812ms] [Warning] [usdrt.population.plugin] Last global time was not created. Did you call setEnableUsdNoticeHandling?
[F9 2026-09-01 07:55:47] done  (6/64) learning/rl/robot/results/gate_f9_static_cap_sphere_same_seed40000_20260901_072500
[F9 2026-09-01 07:55:47] start (7/64) control/freeform/same_xx/seed40000 -> learning/rl/robot/results/gate_f9_control_freeform_same_seed40000_20260901_072500
The '--headless' CLI argument is deprecated. Omit '--viz' for default headless. If config visualizers are enabled and you want to force headless, use '--viz none'.
WARNING: All log messages before absl::InitializeLog() is called are written to STDERR
E0000 00:00:1788216947.373511   61595 descriptor_database.cc:633] File already exists in database: grpc/health/v1/health.proto
W0000 00:00:1788216947.373540   61595 message.cc:301] Protobuf GeneratedMessageFactory: File is already registered: grpc/health/v1/health.proto
[ISAACLAB] AppLauncher initialization complete
[INFO]: Base environment:
	Environment device    : cuda:0
	Environment seed      : 20260901
	Physics step-size     : 0.008333333333333333
	Rendering step-size   : 0.05
	Environment step-size : 0.05
[INFO]: Registered backend 'physx' for factory Articulation.
[INFO] Robot /World/envs/env_0/Robot/m0609/m0609: 폴리싱 디스크 생성 완료 → /World/envs/env_0/Robot/m0609/m0609/polishing_contact_pad
[INFO]: Registered backend 'physx' for factory ContactSensor.
[INFO]: Time taken for scene creation Last: 1.102293 s, Mean: 1.102293 s, Std: 0.000000 s, N: 1
[INFO]: Scene manager:  <class InteractiveScene>
	Number of environments: 4
	Environment spacing   : 1.6
	Source prim name      : /World/envs/env_0
	Global prim paths     : []
	Replicate physics     : True
[INFO]: Starting the simulation. This may take a few seconds. Please wait...
[INFO]: Simulation parameters for joints in /World/envs/env_.*/Robot:
+--------------------------------------------------------------------------------------------------------------------------------------------------------------------+
|                                                 Simulation Joint Information (Prim path: /World/envs/env_.*/Robot)                                                 |
+-------+-----------+-----------+---------+----------+-----------------+------------------+------------------+---------------------+-----------------+---------------+
| Index | Name      | Stiffness | Damping | Armature | Static Friction | Dynamic Friction | Viscous Friction |   Position Limits   | Velocity Limits | Effort Limits |
+-------+-----------+-----------+---------+----------+-----------------+------------------+------------------+---------------------+-----------------+---------------+
|   0   | joint_1   |  1.0e+04  | 500.000 |  0.000   |      0.000      |      0.000       |      0.000       |   [-6.283, 6.283]   |      2.618      |    9.6e+03    |
|   1   | joint_2   |  1.0e+04  | 500.000 |  0.000   |      0.000      |      0.000       |      0.000       |   [-6.283, 6.283]   |      2.618      |    9.6e+03    |
|   2   | joint_3   |  1.0e+04  | 500.000 |  0.000   |      0.000      |      0.000       |      0.000       |   [-2.618, 2.618]   |      3.142      |    5.4e+03    |
|   3   | joint_4   |  1.0e+04  | 500.000 |  0.000   |      0.000      |      0.000       |      0.000       |   [-6.283, 6.283]   |      3.927      |    2.7e+03    |
|   4   | joint_5   |  1.0e+04  | 500.000 |  0.000   |      0.000      |      0.000       |      0.000       |   [-6.283, 6.283]   |      3.927      |    2.7e+03    |
|   5   | joint_6   |  1.0e+04  | 500.000 |  0.000   |      0.000      |      0.000       |      0.000       |   [-6.283, 6.283]   |      3.927      |    2.7e+03    |
|   6   | pad_joint |  2.0e+03  | 100.000 |  0.000   |      0.000      |      0.000       |      0.000       | [-3.4e+38, 3.4e+38] |     104.720     |    100.000    |
+-------+-----------+-----------+---------+----------+-----------------+------------------+------------------+---------------------+-----------------+---------------+
[INFO]: Time taken for simulation start Last: 0.701820 s, Mean: 0.701820 s, Std: 0.000000 s, N: 1
[INFO]: Completed setting up the environment...
[RobotPolishEnv] robot feed override 5.946 -> 12.700 mm/s (policy range 6.350~19.050 mm/s)
[RobotPolishEnv] v5 M0609+pad coupled | link_6 contact offset=[-0.0025 -0.02    0.0448] m
[FactoryPlanarRoiPolishEnv] Gate C so=0.40 edge=balanced_extend5 direction=same_xx path=2.100m
[GateF7CurvedObservationEnv] mode=base14 obs_dim=14
[Gate F8] control/freeform/same_xx step=1000 complete=0/4
[Gate F8] control/freeform/same_xx step=2000 complete=0/4
[Gate F8] control/freeform/same_xx step=3000 complete=0/4
[Gate F8] control/freeform/same_xx step=4000 complete=1/4
{
  "all_finite": true,
  "checkpoint": "/home/rokey/cacadaca/learning/rl/robot/releases/gate_e7_seed1_it211_20260831_201801/model_gate_e7_seed1_it211.pt",
  "checkpoint_sha256": "c733763bfebd7fcead01cf2574bbd1621c4660b9347143cccb35e0e83449d052",
  "completed": 4,
  "created_utc": "2026-08-31T23:00:12.317411+00:00",
  "diagnostic_version": "gate_e6_local_window_area_v1",
  "direction_mode": "same_xx",
  "envs_per_profile": 1,
  "expected": 4,
  "gate": "F8_FORCE_SAFETY",
  "observation_mode": "base14",
  "path": {
    "direction_mode": "same_xx",
    "edge_mode": "balanced_extend5",
    "lines_per_sweep": 5,
    "path_length_m": 2.1,
    "path_mode": "gate_c",
    "step_over_m": 0.044000000000000004,
    "step_over_ratio": 0.4,
    "sweeps": 2
  },
  "physics_seed": 20260901,
  "policy_seed": 20260831,
  "profiles": [
    "legacy_stress",
    "factory_prepolish",
    "factory_prepolish_deep_defect",
    "factory_prepolish_deep_stress"
  ],
  "saved_iteration": 211,
  "shield_mode": "control",
  "surface_kind": "freeform",
  "surface_seed_base": 40000,
  "tile_rows": 100,
  "training_performed": false
}
[INFO]: SimulationContext cleared
Loading user config located at: '/home/rokey/isaacsim-6.0.1/kit/data/Kit/IsaacLab/3.0/user.config.json'
2026-08-31T22:55:47Z [0ms] [Warning] [omni.ext.plugin] [ext: isaaclab_visualizers] Extensions config 'extension.toml' doesn't exist '/home/rokey/IsaacLab/source/isaaclab_visualizers' or '/home/rokey/IsaacLab/source/isaaclab_visualizers/config'
2026-08-31T22:55:47Z [375ms] [Warning] [omni.usd_config.extension] Enable omni.materialx.libs extension to use MaterialX
2026-08-31T22:55:51Z [4,102ms] [Warning] [isaaclab_physx.physics.physx_manager] TGS solver with enable_external_forces_every_iteration=False may cause noisy velocities.
2026-08-31T22:55:51Z [4,234ms] [Warning] [omni.usd] Encountered USD Warnings but USD Diagnostics are currently muted. To view USD Warnings, please set the '/persistent/app/usd/muteUsdDiagnostics' setting to false in Preferences page.
2026-08-31T22:55:53Z [5,765ms] [Warning] [usdrt.population.plugin] Last global time was not created. Did you call setEnableUsdNoticeHandling?
[F9 2026-09-01 08:00:12] done  (7/64) learning/rl/robot/results/gate_f9_control_freeform_same_seed40000_20260901_072500
[F9 2026-09-01 08:00:12] start (8/64) static_cap/freeform/same_xx/seed40000 -> learning/rl/robot/results/gate_f9_static_cap_freeform_same_seed40000_20260901_072500
The '--headless' CLI argument is deprecated. Omit '--viz' for default headless. If config visualizers are enabled and you want to force headless, use '--viz none'.
WARNING: All log messages before absl::InitializeLog() is called are written to STDERR
E0000 00:00:1788217212.894241   62054 descriptor_database.cc:633] File already exists in database: grpc/health/v1/health.proto
W0000 00:00:1788217212.894270   62054 message.cc:301] Protobuf GeneratedMessageFactory: File is already registered: grpc/health/v1/health.proto
[ISAACLAB] AppLauncher initialization complete
[INFO]: Base environment:
	Environment device    : cuda:0
	Environment seed      : 20260901
	Physics step-size     : 0.008333333333333333
	Rendering step-size   : 0.05
	Environment step-size : 0.05
[INFO]: Registered backend 'physx' for factory Articulation.
[INFO] Robot /World/envs/env_0/Robot/m0609/m0609: 폴리싱 디스크 생성 완료 → /World/envs/env_0/Robot/m0609/m0609/polishing_contact_pad
[INFO]: Registered backend 'physx' for factory ContactSensor.
[INFO]: Time taken for scene creation Last: 1.105148 s, Mean: 1.105148 s, Std: 0.000000 s, N: 1
[INFO]: Scene manager:  <class InteractiveScene>
	Number of environments: 4
	Environment spacing   : 1.6
	Source prim name      : /World/envs/env_0
	Global prim paths     : []
	Replicate physics     : True
[INFO]: Starting the simulation. This may take a few seconds. Please wait...
[INFO]: Simulation parameters for joints in /World/envs/env_.*/Robot:
+--------------------------------------------------------------------------------------------------------------------------------------------------------------------+
|                                                 Simulation Joint Information (Prim path: /World/envs/env_.*/Robot)                                                 |
+-------+-----------+-----------+---------+----------+-----------------+------------------+------------------+---------------------+-----------------+---------------+
| Index | Name      | Stiffness | Damping | Armature | Static Friction | Dynamic Friction | Viscous Friction |   Position Limits   | Velocity Limits | Effort Limits |
+-------+-----------+-----------+---------+----------+-----------------+------------------+------------------+---------------------+-----------------+---------------+
|   0   | joint_1   |  1.0e+04  | 500.000 |  0.000   |      0.000      |      0.000       |      0.000       |   [-6.283, 6.283]   |      2.618      |    9.6e+03    |
|   1   | joint_2   |  1.0e+04  | 500.000 |  0.000   |      0.000      |      0.000       |      0.000       |   [-6.283, 6.283]   |      2.618      |    9.6e+03    |
|   2   | joint_3   |  1.0e+04  | 500.000 |  0.000   |      0.000      |      0.000       |      0.000       |   [-2.618, 2.618]   |      3.142      |    5.4e+03    |
|   3   | joint_4   |  1.0e+04  | 500.000 |  0.000   |      0.000      |      0.000       |      0.000       |   [-6.283, 6.283]   |      3.927      |    2.7e+03    |
|   4   | joint_5   |  1.0e+04  | 500.000 |  0.000   |      0.000      |      0.000       |      0.000       |   [-6.283, 6.283]   |      3.927      |    2.7e+03    |
|   5   | joint_6   |  1.0e+04  | 500.000 |  0.000   |      0.000      |      0.000       |      0.000       |   [-6.283, 6.283]   |      3.927      |    2.7e+03    |
|   6   | pad_joint |  2.0e+03  | 100.000 |  0.000   |      0.000      |      0.000       |      0.000       | [-3.4e+38, 3.4e+38] |     104.720     |    100.000    |
+-------+-----------+-----------+---------+----------+-----------------+------------------+------------------+---------------------+-----------------+---------------+
[INFO]: Time taken for simulation start Last: 0.697583 s, Mean: 0.697583 s, Std: 0.000000 s, N: 1
[INFO]: Completed setting up the environment...
[RobotPolishEnv] robot feed override 5.946 -> 12.700 mm/s (policy range 6.350~19.050 mm/s)
[RobotPolishEnv] v5 M0609+pad coupled | link_6 contact offset=[-0.0025 -0.02    0.0448] m
[FactoryPlanarRoiPolishEnv] Gate C so=0.40 edge=balanced_extend5 direction=same_xx path=2.100m
[GateF7CurvedObservationEnv] mode=base14 obs_dim=14
[Gate F8] static_cap/freeform/same_xx step=1000 complete=0/4
[Gate F8] static_cap/freeform/same_xx step=2000 complete=0/4
[Gate F8] static_cap/freeform/same_xx step=3000 complete=0/4
[Gate F8] static_cap/freeform/same_xx step=4000 complete=1/4
[Gate F8] static_cap/freeform/same_xx step=5000 complete=3/4
{
  "all_finite": true,
  "checkpoint": "/home/rokey/cacadaca/learning/rl/robot/releases/gate_e7_seed1_it211_20260831_201801/model_gate_e7_seed1_it211.pt",
  "checkpoint_sha256": "c733763bfebd7fcead01cf2574bbd1621c4660b9347143cccb35e0e83449d052",
  "completed": 4,
  "created_utc": "2026-08-31T23:04:33.084412+00:00",
  "diagnostic_version": "gate_e6_local_window_area_v1",
  "direction_mode": "same_xx",
  "envs_per_profile": 1,
  "expected": 4,
  "gate": "F8_FORCE_SAFETY",
  "observation_mode": "base14",
  "path": {
    "direction_mode": "same_xx",
    "edge_mode": "balanced_extend5",
    "lines_per_sweep": 5,
    "path_length_m": 2.1,
    "path_mode": "gate_c",
    "step_over_m": 0.044000000000000004,
    "step_over_ratio": 0.4,
    "sweeps": 2
  },
  "physics_seed": 20260901,
  "policy_seed": 20260831,
  "profiles": [
    "legacy_stress",
    "factory_prepolish",
    "factory_prepolish_deep_defect",
    "factory_prepolish_deep_stress"
  ],
  "saved_iteration": 211,
  "shield_mode": "static_cap",
  "surface_kind": "freeform",
  "surface_seed_base": 40000,
  "tile_rows": 100,
  "training_performed": false
}
[INFO]: SimulationContext cleared
Loading user config located at: '/home/rokey/isaacsim-6.0.1/kit/data/Kit/IsaacLab/3.0/user.config.json'
2026-08-31T23:00:12Z [0ms] [Warning] [omni.ext.plugin] [ext: isaaclab_visualizers] Extensions config 'extension.toml' doesn't exist '/home/rokey/IsaacLab/source/isaaclab_visualizers' or '/home/rokey/IsaacLab/source/isaaclab_visualizers/config'
2026-08-31T23:00:13Z [370ms] [Warning] [omni.usd_config.extension] Enable omni.materialx.libs extension to use MaterialX
2026-08-31T23:00:16Z [3,995ms] [Warning] [isaaclab_physx.physics.physx_manager] TGS solver with enable_external_forces_every_iteration=False may cause noisy velocities.
2026-08-31T23:00:16Z [4,113ms] [Warning] [omni.usd] Encountered USD Warnings but USD Diagnostics are currently muted. To view USD Warnings, please set the '/persistent/app/usd/muteUsdDiagnostics' setting to false in Preferences page.
2026-08-31T23:00:18Z [5,653ms] [Warning] [usdrt.population.plugin] Last global time was not created. Did you call setEnableUsdNoticeHandling?
[F9 2026-09-01 08:04:33] done  (8/64) learning/rl/robot/results/gate_f9_static_cap_freeform_same_seed40000_20260901_072500
[F9 2026-09-01 08:04:33] start (9/64) control/flat/cross_xy/seed40000 -> learning/rl/robot/results/gate_f9_control_flat_cross_seed40000_20260901_072500
The '--headless' CLI argument is deprecated. Omit '--viz' for default headless. If config visualizers are enabled and you want to force headless, use '--viz none'.
WARNING: All log messages before absl::InitializeLog() is called are written to STDERR
E0000 00:00:1788217473.605310   62496 descriptor_database.cc:633] File already exists in database: grpc/health/v1/health.proto
W0000 00:00:1788217473.605339   62496 message.cc:301] Protobuf GeneratedMessageFactory: File is already registered: grpc/health/v1/health.proto
[ISAACLAB] AppLauncher initialization complete
[INFO]: Base environment:
	Environment device    : cuda:0
	Environment seed      : 20260901
	Physics step-size     : 0.008333333333333333
	Rendering step-size   : 0.05
	Environment step-size : 0.05
[INFO]: Registered backend 'physx' for factory Articulation.
[INFO] Robot /World/envs/env_0/Robot/m0609/m0609: 폴리싱 디스크 생성 완료 → /World/envs/env_0/Robot/m0609/m0609/polishing_contact_pad
[INFO]: Registered backend 'physx' for factory ContactSensor.
[INFO]: Time taken for scene creation Last: 1.114051 s, Mean: 1.114051 s, Std: 0.000000 s, N: 1
[INFO]: Scene manager:  <class InteractiveScene>
	Number of environments: 4
	Environment spacing   : 1.6
	Source prim name      : /World/envs/env_0
	Global prim paths     : []
	Replicate physics     : True
[INFO]: Starting the simulation. This may take a few seconds. Please wait...
[INFO]: Simulation parameters for joints in /World/envs/env_.*/Robot:
+--------------------------------------------------------------------------------------------------------------------------------------------------------------------+
|                                                 Simulation Joint Information (Prim path: /World/envs/env_.*/Robot)                                                 |
+-------+-----------+-----------+---------+----------+-----------------+------------------+------------------+---------------------+-----------------+---------------+
| Index | Name      | Stiffness | Damping | Armature | Static Friction | Dynamic Friction | Viscous Friction |   Position Limits   | Velocity Limits | Effort Limits |
+-------+-----------+-----------+---------+----------+-----------------+------------------+------------------+---------------------+-----------------+---------------+
|   0   | joint_1   |  1.0e+04  | 500.000 |  0.000   |      0.000      |      0.000       |      0.000       |   [-6.283, 6.283]   |      2.618      |    9.6e+03    |
|   1   | joint_2   |  1.0e+04  | 500.000 |  0.000   |      0.000      |      0.000       |      0.000       |   [-6.283, 6.283]   |      2.618      |    9.6e+03    |
|   2   | joint_3   |  1.0e+04  | 500.000 |  0.000   |      0.000      |      0.000       |      0.000       |   [-2.618, 2.618]   |      3.142      |    5.4e+03    |
|   3   | joint_4   |  1.0e+04  | 500.000 |  0.000   |      0.000      |      0.000       |      0.000       |   [-6.283, 6.283]   |      3.927      |    2.7e+03    |
|   4   | joint_5   |  1.0e+04  | 500.000 |  0.000   |      0.000      |      0.000       |      0.000       |   [-6.283, 6.283]   |      3.927      |    2.7e+03    |
|   5   | joint_6   |  1.0e+04  | 500.000 |  0.000   |      0.000      |      0.000       |      0.000       |   [-6.283, 6.283]   |      3.927      |    2.7e+03    |
|   6   | pad_joint |  2.0e+03  | 100.000 |  0.000   |      0.000      |      0.000       |      0.000       | [-3.4e+38, 3.4e+38] |     104.720     |    100.000    |
+-------+-----------+-----------+---------+----------+-----------------+------------------+------------------+---------------------+-----------------+---------------+
[INFO]: Time taken for simulation start Last: 0.709600 s, Mean: 0.709600 s, Std: 0.000000 s, N: 1
[INFO]: Completed setting up the environment...
[RobotPolishEnv] robot feed override 5.946 -> 12.700 mm/s (policy range 6.350~19.050 mm/s)
[RobotPolishEnv] v5 M0609+pad coupled | link_6 contact offset=[-0.0025 -0.02    0.0448] m
[FactoryPlanarRoiPolishEnv] Gate C so=0.40 edge=balanced_extend5 direction=cross_xy path=2.100m
[GateF7CurvedObservationEnv] mode=base14 obs_dim=14
[Gate F8] control/flat/cross_xy step=1000 complete=0/4
[Gate F8] control/flat/cross_xy step=2000 complete=0/4
[Gate F8] control/flat/cross_xy step=3000 complete=0/4
[Gate F8] control/flat/cross_xy step=4000 complete=1/4
[Gate F8] control/flat/cross_xy step=5000 complete=3/4
{
  "all_finite": true,
  "checkpoint": "/home/rokey/cacadaca/learning/rl/robot/releases/gate_e7_seed1_it211_20260831_201801/model_gate_e7_seed1_it211.pt",
  "checkpoint_sha256": "c733763bfebd7fcead01cf2574bbd1621c4660b9347143cccb35e0e83449d052",
  "completed": 4,
  "created_utc": "2026-08-31T23:08:14.594411+00:00",
  "diagnostic_version": "gate_e6_local_window_area_v1",
  "direction_mode": "cross_xy",
  "envs_per_profile": 1,
  "expected": 4,
  "gate": "F8_FORCE_SAFETY",
  "observation_mode": "base14",
  "path": {
    "direction_mode": "cross_xy",
    "edge_mode": "balanced_extend5",
    "lines_per_sweep": 5,
    "path_length_m": 2.1,
    "path_mode": "gate_c",
    "step_over_m": 0.044000000000000004,
    "step_over_ratio": 0.4,
    "sweeps": 2
  },
  "physics_seed": 20260901,
  "policy_seed": 20260831,
  "profiles": [
    "legacy_stress",
    "factory_prepolish",
    "factory_prepolish_deep_defect",
    "factory_prepolish_deep_stress"
  ],
  "saved_iteration": 211,
  "shield_mode": "control",
  "surface_kind": "flat",
  "surface_seed_base": 40000,
  "tile_rows": 100,
  "training_performed": false
}
[INFO]: SimulationContext cleared
Loading user config located at: '/home/rokey/isaacsim-6.0.1/kit/data/Kit/IsaacLab/3.0/user.config.json'
2026-08-31T23:04:33Z [0ms] [Warning] [omni.ext.plugin] [ext: isaaclab_visualizers] Extensions config 'extension.toml' doesn't exist '/home/rokey/IsaacLab/source/isaaclab_visualizers' or '/home/rokey/IsaacLab/source/isaaclab_visualizers/config'
2026-08-31T23:04:33Z [372ms] [Warning] [omni.usd_config.extension] Enable omni.materialx.libs extension to use MaterialX
2026-08-31T23:04:37Z [3,991ms] [Warning] [isaaclab_physx.physics.physx_manager] TGS solver with enable_external_forces_every_iteration=False may cause noisy velocities.
2026-08-31T23:04:37Z [4,118ms] [Warning] [omni.usd] Encountered USD Warnings but USD Diagnostics are currently muted. To view USD Warnings, please set the '/persistent/app/usd/muteUsdDiagnostics' setting to false in Preferences page.
2026-08-31T23:04:39Z [5,660ms] [Warning] [usdrt.population.plugin] Last global time was not created. Did you call setEnableUsdNoticeHandling?
[F9 2026-09-01 08:08:14] done  (9/64) learning/rl/robot/results/gate_f9_control_flat_cross_seed40000_20260901_072500
[F9 2026-09-01 08:08:14] start (10/64) static_cap/flat/cross_xy/seed40000 -> learning/rl/robot/results/gate_f9_static_cap_flat_cross_seed40000_20260901_072500
The '--headless' CLI argument is deprecated. Omit '--viz' for default headless. If config visualizers are enabled and you want to force headless, use '--viz none'.
WARNING: All log messages before absl::InitializeLog() is called are written to STDERR
E0000 00:00:1788217695.166734   62926 descriptor_database.cc:633] File already exists in database: grpc/health/v1/health.proto
W0000 00:00:1788217695.166765   62926 message.cc:301] Protobuf GeneratedMessageFactory: File is already registered: grpc/health/v1/health.proto
[ISAACLAB] AppLauncher initialization complete
[INFO]: Base environment:
	Environment device    : cuda:0
	Environment seed      : 20260901
	Physics step-size     : 0.008333333333333333
	Rendering step-size   : 0.05
	Environment step-size : 0.05
[INFO]: Registered backend 'physx' for factory Articulation.
[INFO] Robot /World/envs/env_0/Robot/m0609/m0609: 폴리싱 디스크 생성 완료 → /World/envs/env_0/Robot/m0609/m0609/polishing_contact_pad
[INFO]: Registered backend 'physx' for factory ContactSensor.
[INFO]: Time taken for scene creation Last: 0.910969 s, Mean: 0.910969 s, Std: 0.000000 s, N: 1
[INFO]: Scene manager:  <class InteractiveScene>
	Number of environments: 4
	Environment spacing   : 1.6
	Source prim name      : /World/envs/env_0
	Global prim paths     : []
	Replicate physics     : True
[INFO]: Starting the simulation. This may take a few seconds. Please wait...
[INFO]: Simulation parameters for joints in /World/envs/env_.*/Robot:
+--------------------------------------------------------------------------------------------------------------------------------------------------------------------+
|                                                 Simulation Joint Information (Prim path: /World/envs/env_.*/Robot)                                                 |
+-------+-----------+-----------+---------+----------+-----------------+------------------+------------------+---------------------+-----------------+---------------+
| Index | Name      | Stiffness | Damping | Armature | Static Friction | Dynamic Friction | Viscous Friction |   Position Limits   | Velocity Limits | Effort Limits |
+-------+-----------+-----------+---------+----------+-----------------+------------------+------------------+---------------------+-----------------+---------------+
|   0   | joint_1   |  1.0e+04  | 500.000 |  0.000   |      0.000      |      0.000       |      0.000       |   [-6.283, 6.283]   |      2.618      |    9.6e+03    |
|   1   | joint_2   |  1.0e+04  | 500.000 |  0.000   |      0.000      |      0.000       |      0.000       |   [-6.283, 6.283]   |      2.618      |    9.6e+03    |
|   2   | joint_3   |  1.0e+04  | 500.000 |  0.000   |      0.000      |      0.000       |      0.000       |   [-2.618, 2.618]   |      3.142      |    5.4e+03    |
|   3   | joint_4   |  1.0e+04  | 500.000 |  0.000   |      0.000      |      0.000       |      0.000       |   [-6.283, 6.283]   |      3.927      |    2.7e+03    |
|   4   | joint_5   |  1.0e+04  | 500.000 |  0.000   |      0.000      |      0.000       |      0.000       |   [-6.283, 6.283]   |      3.927      |    2.7e+03    |
|   5   | joint_6   |  1.0e+04  | 500.000 |  0.000   |      0.000      |      0.000       |      0.000       |   [-6.283, 6.283]   |      3.927      |    2.7e+03    |
|   6   | pad_joint |  2.0e+03  | 100.000 |  0.000   |      0.000      |      0.000       |      0.000       | [-3.4e+38, 3.4e+38] |     104.720     |    100.000    |
+-------+-----------+-----------+---------+----------+-----------------+------------------+------------------+---------------------+-----------------+---------------+
[INFO]: Time taken for simulation start Last: 0.729172 s, Mean: 0.729172 s, Std: 0.000000 s, N: 1
[INFO]: Completed setting up the environment...
[RobotPolishEnv] robot feed override 5.946 -> 12.700 mm/s (policy range 6.350~19.050 mm/s)
[RobotPolishEnv] v5 M0609+pad coupled | link_6 contact offset=[-0.0025 -0.02    0.0448] m
[FactoryPlanarRoiPolishEnv] Gate C so=0.40 edge=balanced_extend5 direction=cross_xy path=2.100m
[GateF7CurvedObservationEnv] mode=base14 obs_dim=14
[Gate F8] static_cap/flat/cross_xy step=1000 complete=0/4
[Gate F8] static_cap/flat/cross_xy step=2000 complete=0/4
[Gate F8] static_cap/flat/cross_xy step=3000 complete=0/4
[Gate F8] static_cap/flat/cross_xy step=4000 complete=1/4
[Gate F8] static_cap/flat/cross_xy step=5000 complete=3/4
{
  "all_finite": true,
  "checkpoint": "/home/rokey/cacadaca/learning/rl/robot/releases/gate_e7_seed1_it211_20260831_201801/model_gate_e7_seed1_it211.pt",
  "checkpoint_sha256": "c733763bfebd7fcead01cf2574bbd1621c4660b9347143cccb35e0e83449d052",
  "completed": 4,
  "created_utc": "2026-08-31T23:11:57.917750+00:00",
  "diagnostic_version": "gate_e6_local_window_area_v1",
  "direction_mode": "cross_xy",
  "envs_per_profile": 1,
  "expected": 4,
  "gate": "F8_FORCE_SAFETY",
  "observation_mode": "base14",
  "path": {
    "direction_mode": "cross_xy",
    "edge_mode": "balanced_extend5",
    "lines_per_sweep": 5,
    "path_length_m": 2.1,
    "path_mode": "gate_c",
    "step_over_m": 0.044000000000000004,
    "step_over_ratio": 0.4,
    "sweeps": 2
  },
  "physics_seed": 20260901,
  "policy_seed": 20260831,
  "profiles": [
    "legacy_stress",
    "factory_prepolish",
    "factory_prepolish_deep_defect",
    "factory_prepolish_deep_stress"
  ],
  "saved_iteration": 211,
  "shield_mode": "static_cap",
  "surface_kind": "flat",
  "surface_seed_base": 40000,
  "tile_rows": 100,
  "training_performed": false
}
[INFO]: SimulationContext cleared
Loading user config located at: '/home/rokey/isaacsim-6.0.1/kit/data/Kit/IsaacLab/3.0/user.config.json'
2026-08-31T23:08:15Z [0ms] [Warning] [omni.ext.plugin] [ext: isaaclab_visualizers] Extensions config 'extension.toml' doesn't exist '/home/rokey/IsaacLab/source/isaaclab_visualizers' or '/home/rokey/IsaacLab/source/isaaclab_visualizers/config'
2026-08-31T23:08:15Z [380ms] [Warning] [omni.usd_config.extension] Enable omni.materialx.libs extension to use MaterialX
2026-08-31T23:08:19Z [4,081ms] [Warning] [isaaclab_physx.physics.physx_manager] TGS solver with enable_external_forces_every_iteration=False may cause noisy velocities.
2026-08-31T23:08:19Z [4,203ms] [Warning] [omni.usd] Encountered USD Warnings but USD Diagnostics are currently muted. To view USD Warnings, please set the '/persistent/app/usd/muteUsdDiagnostics' setting to false in Preferences page.
2026-08-31T23:08:20Z [5,576ms] [Warning] [usdrt.population.plugin] Last global time was not created. Did you call setEnableUsdNoticeHandling?
[F9 2026-09-01 08:11:58] done  (10/64) learning/rl/robot/results/gate_f9_static_cap_flat_cross_seed40000_20260901_072500
[F9 2026-09-01 08:11:58] start (11/64) control/cylinder/cross_xy/seed40000 -> learning/rl/robot/results/gate_f9_control_cylinder_cross_seed40000_20260901_072500
The '--headless' CLI argument is deprecated. Omit '--viz' for default headless. If config visualizers are enabled and you want to force headless, use '--viz none'.
WARNING: All log messages before absl::InitializeLog() is called are written to STDERR
E0000 00:00:1788217918.448725   63417 descriptor_database.cc:633] File already exists in database: grpc/health/v1/health.proto
W0000 00:00:1788217918.448759   63417 message.cc:301] Protobuf GeneratedMessageFactory: File is already registered: grpc/health/v1/health.proto
[ISAACLAB] AppLauncher initialization complete
[INFO]: Base environment:
	Environment device    : cuda:0
	Environment seed      : 20260901
	Physics step-size     : 0.008333333333333333
	Rendering step-size   : 0.05
	Environment step-size : 0.05
[INFO]: Registered backend 'physx' for factory Articulation.
[INFO] Robot /World/envs/env_0/Robot/m0609/m0609: 폴리싱 디스크 생성 완료 → /World/envs/env_0/Robot/m0609/m0609/polishing_contact_pad
[INFO]: Registered backend 'physx' for factory ContactSensor.
[INFO]: Time taken for scene creation Last: 1.129839 s, Mean: 1.129839 s, Std: 0.000000 s, N: 1
[INFO]: Scene manager:  <class InteractiveScene>
	Number of environments: 4
	Environment spacing   : 1.6
	Source prim name      : /World/envs/env_0
	Global prim paths     : []
	Replicate physics     : True
[INFO]: Starting the simulation. This may take a few seconds. Please wait...
[INFO]: Simulation parameters for joints in /World/envs/env_.*/Robot:
+--------------------------------------------------------------------------------------------------------------------------------------------------------------------+
|                                                 Simulation Joint Information (Prim path: /World/envs/env_.*/Robot)                                                 |
+-------+-----------+-----------+---------+----------+-----------------+------------------+------------------+---------------------+-----------------+---------------+
| Index | Name      | Stiffness | Damping | Armature | Static Friction | Dynamic Friction | Viscous Friction |   Position Limits   | Velocity Limits | Effort Limits |
+-------+-----------+-----------+---------+----------+-----------------+------------------+------------------+---------------------+-----------------+---------------+
|   0   | joint_1   |  1.0e+04  | 500.000 |  0.000   |      0.000      |      0.000       |      0.000       |   [-6.283, 6.283]   |      2.618      |    9.6e+03    |
|   1   | joint_2   |  1.0e+04  | 500.000 |  0.000   |      0.000      |      0.000       |      0.000       |   [-6.283, 6.283]   |      2.618      |    9.6e+03    |
|   2   | joint_3   |  1.0e+04  | 500.000 |  0.000   |      0.000      |      0.000       |      0.000       |   [-2.618, 2.618]   |      3.142      |    5.4e+03    |
|   3   | joint_4   |  1.0e+04  | 500.000 |  0.000   |      0.000      |      0.000       |      0.000       |   [-6.283, 6.283]   |      3.927      |    2.7e+03    |
|   4   | joint_5   |  1.0e+04  | 500.000 |  0.000   |      0.000      |      0.000       |      0.000       |   [-6.283, 6.283]   |      3.927      |    2.7e+03    |
|   5   | joint_6   |  1.0e+04  | 500.000 |  0.000   |      0.000      |      0.000       |      0.000       |   [-6.283, 6.283]   |      3.927      |    2.7e+03    |
|   6   | pad_joint |  2.0e+03  | 100.000 |  0.000   |      0.000      |      0.000       |      0.000       | [-3.4e+38, 3.4e+38] |     104.720     |    100.000    |
+-------+-----------+-----------+---------+----------+-----------------+------------------+------------------+---------------------+-----------------+---------------+
[INFO]: Time taken for simulation start Last: 0.720959 s, Mean: 0.720959 s, Std: 0.000000 s, N: 1
[INFO]: Completed setting up the environment...
[RobotPolishEnv] robot feed override 5.946 -> 12.700 mm/s (policy range 6.350~19.050 mm/s)
[RobotPolishEnv] v5 M0609+pad coupled | link_6 contact offset=[-0.0025 -0.02    0.0448] m
[FactoryPlanarRoiPolishEnv] Gate C so=0.40 edge=balanced_extend5 direction=cross_xy path=2.100m
[GateF7CurvedObservationEnv] mode=base14 obs_dim=14
[Gate F8] control/cylinder/cross_xy step=1000 complete=0/4
[Gate F8] control/cylinder/cross_xy step=2000 complete=0/4
[Gate F8] control/cylinder/cross_xy step=3000 complete=0/4
[Gate F8] control/cylinder/cross_xy step=4000 complete=1/4
[Gate F8] control/cylinder/cross_xy step=5000 complete=3/4
{
  "all_finite": true,
  "checkpoint": "/home/rokey/cacadaca/learning/rl/robot/releases/gate_e7_seed1_it211_20260831_201801/model_gate_e7_seed1_it211.pt",
  "checkpoint_sha256": "c733763bfebd7fcead01cf2574bbd1621c4660b9347143cccb35e0e83449d052",
  "completed": 4,
  "created_utc": "2026-08-31T23:15:50.782640+00:00",
  "diagnostic_version": "gate_e6_local_window_area_v1",
  "direction_mode": "cross_xy",
  "envs_per_profile": 1,
  "expected": 4,
  "gate": "F8_FORCE_SAFETY",
  "observation_mode": "base14",
  "path": {
    "direction_mode": "cross_xy",
    "edge_mode": "balanced_extend5",
    "lines_per_sweep": 5,
    "path_length_m": 2.1,
    "path_mode": "gate_c",
    "step_over_m": 0.044000000000000004,
    "step_over_ratio": 0.4,
    "sweeps": 2
  },
  "physics_seed": 20260901,
  "policy_seed": 20260831,
  "profiles": [
    "legacy_stress",
    "factory_prepolish",
    "factory_prepolish_deep_defect",
    "factory_prepolish_deep_stress"
  ],
  "saved_iteration": 211,
  "shield_mode": "control",
  "surface_kind": "cylinder",
  "surface_seed_base": 40000,
  "tile_rows": 100,
  "training_performed": false
}
[INFO]: SimulationContext cleared
Loading user config located at: '/home/rokey/isaacsim-6.0.1/kit/data/Kit/IsaacLab/3.0/user.config.json'
2026-08-31T23:11:58Z [0ms] [Warning] [omni.ext.plugin] [ext: isaaclab_visualizers] Extensions config 'extension.toml' doesn't exist '/home/rokey/IsaacLab/source/isaaclab_visualizers' or '/home/rokey/IsaacLab/source/isaaclab_visualizers/config'
2026-08-31T23:11:58Z [386ms] [Warning] [omni.usd_config.extension] Enable omni.materialx.libs extension to use MaterialX
2026-08-31T23:12:02Z [4,068ms] [Warning] [isaaclab_physx.physics.physx_manager] TGS solver with enable_external_forces_every_iteration=False may cause noisy velocities.
2026-08-31T23:12:02Z [4,197ms] [Warning] [omni.usd] Encountered USD Warnings but USD Diagnostics are currently muted. To view USD Warnings, please set the '/persistent/app/usd/muteUsdDiagnostics' setting to false in Preferences page.
2026-08-31T23:12:04Z [5,764ms] [Warning] [usdrt.population.plugin] Last global time was not created. Did you call setEnableUsdNoticeHandling?
[F9 2026-09-01 08:15:51] done  (11/64) learning/rl/robot/results/gate_f9_control_cylinder_cross_seed40000_20260901_072500
[F9 2026-09-01 08:15:51] start (12/64) static_cap/cylinder/cross_xy/seed40000 -> learning/rl/robot/results/gate_f9_static_cap_cylinder_cross_seed40000_20260901_072500
The '--headless' CLI argument is deprecated. Omit '--viz' for default headless. If config visualizers are enabled and you want to force headless, use '--viz none'.
WARNING: All log messages before absl::InitializeLog() is called are written to STDERR
E0000 00:00:1788218151.330560   63819 descriptor_database.cc:633] File already exists in database: grpc/health/v1/health.proto
W0000 00:00:1788218151.330588   63819 message.cc:301] Protobuf GeneratedMessageFactory: File is already registered: grpc/health/v1/health.proto
[ISAACLAB] AppLauncher initialization complete
[INFO]: Base environment:
	Environment device    : cuda:0
	Environment seed      : 20260901
	Physics step-size     : 0.008333333333333333
	Rendering step-size   : 0.05
	Environment step-size : 0.05
[INFO]: Registered backend 'physx' for factory Articulation.
[INFO] Robot /World/envs/env_0/Robot/m0609/m0609: 폴리싱 디스크 생성 완료 → /World/envs/env_0/Robot/m0609/m0609/polishing_contact_pad
[INFO]: Registered backend 'physx' for factory ContactSensor.
[INFO]: Time taken for scene creation Last: 1.454655 s, Mean: 1.454655 s, Std: 0.000000 s, N: 1
[INFO]: Scene manager:  <class InteractiveScene>
	Number of environments: 4
	Environment spacing   : 1.6
	Source prim name      : /World/envs/env_0
	Global prim paths     : []
	Replicate physics     : True
[INFO]: Starting the simulation. This may take a few seconds. Please wait...
[INFO]: Simulation parameters for joints in /World/envs/env_.*/Robot:
+--------------------------------------------------------------------------------------------------------------------------------------------------------------------+
|                                                 Simulation Joint Information (Prim path: /World/envs/env_.*/Robot)                                                 |
+-------+-----------+-----------+---------+----------+-----------------+------------------+------------------+---------------------+-----------------+---------------+
| Index | Name      | Stiffness | Damping | Armature | Static Friction | Dynamic Friction | Viscous Friction |   Position Limits   | Velocity Limits | Effort Limits |
+-------+-----------+-----------+---------+----------+-----------------+------------------+------------------+---------------------+-----------------+---------------+
|   0   | joint_1   |  1.0e+04  | 500.000 |  0.000   |      0.000      |      0.000       |      0.000       |   [-6.283, 6.283]   |      2.618      |    9.6e+03    |
|   1   | joint_2   |  1.0e+04  | 500.000 |  0.000   |      0.000      |      0.000       |      0.000       |   [-6.283, 6.283]   |      2.618      |    9.6e+03    |
|   2   | joint_3   |  1.0e+04  | 500.000 |  0.000   |      0.000      |      0.000       |      0.000       |   [-2.618, 2.618]   |      3.142      |    5.4e+03    |
|   3   | joint_4   |  1.0e+04  | 500.000 |  0.000   |      0.000      |      0.000       |      0.000       |   [-6.283, 6.283]   |      3.927      |    2.7e+03    |
|   4   | joint_5   |  1.0e+04  | 500.000 |  0.000   |      0.000      |      0.000       |      0.000       |   [-6.283, 6.283]   |      3.927      |    2.7e+03    |
|   5   | joint_6   |  1.0e+04  | 500.000 |  0.000   |      0.000      |      0.000       |      0.000       |   [-6.283, 6.283]   |      3.927      |    2.7e+03    |
|   6   | pad_joint |  2.0e+03  | 100.000 |  0.000   |      0.000      |      0.000       |      0.000       | [-3.4e+38, 3.4e+38] |     104.720     |    100.000    |
+-------+-----------+-----------+---------+----------+-----------------+------------------+------------------+---------------------+-----------------+---------------+
[INFO]: Time taken for simulation start Last: 0.700478 s, Mean: 0.700478 s, Std: 0.000000 s, N: 1
[INFO]: Completed setting up the environment...
[RobotPolishEnv] robot feed override 5.946 -> 12.700 mm/s (policy range 6.350~19.050 mm/s)
[RobotPolishEnv] v5 M0609+pad coupled | link_6 contact offset=[-0.0025 -0.02    0.0448] m
[FactoryPlanarRoiPolishEnv] Gate C so=0.40 edge=balanced_extend5 direction=cross_xy path=2.100m
[GateF7CurvedObservationEnv] mode=base14 obs_dim=14
[Gate F8] static_cap/cylinder/cross_xy step=1000 complete=2/4
[Gate F8] static_cap/cylinder/cross_xy step=2000 complete=2/4
[Gate F8] static_cap/cylinder/cross_xy step=3000 complete=2/4
[Gate F8] static_cap/cylinder/cross_xy step=4000 complete=3/4
[Gate F8] static_cap/cylinder/cross_xy step=5000 complete=3/4
{
  "all_finite": true,
  "checkpoint": "/home/rokey/cacadaca/learning/rl/robot/releases/gate_e7_seed1_it211_20260831_201801/model_gate_e7_seed1_it211.pt",
  "checkpoint_sha256": "c733763bfebd7fcead01cf2574bbd1621c4660b9347143cccb35e0e83449d052",
  "completed": 4,
  "created_utc": "2026-08-31T23:19:46.462503+00:00",
  "diagnostic_version": "gate_e6_local_window_area_v1",
  "direction_mode": "cross_xy",
  "envs_per_profile": 1,
  "expected": 4,
  "gate": "F8_FORCE_SAFETY",
  "observation_mode": "base14",
  "path": {
    "direction_mode": "cross_xy",
    "edge_mode": "balanced_extend5",
    "lines_per_sweep": 5,
    "path_length_m": 2.1,
    "path_mode": "gate_c",
    "step_over_m": 0.044000000000000004,
    "step_over_ratio": 0.4,
    "sweeps": 2
  },
  "physics_seed": 20260901,
  "policy_seed": 20260831,
  "profiles": [
    "legacy_stress",
    "factory_prepolish",
    "factory_prepolish_deep_defect",
    "factory_prepolish_deep_stress"
  ],
  "saved_iteration": 211,
  "shield_mode": "static_cap",
  "surface_kind": "cylinder",
  "surface_seed_base": 40000,
  "tile_rows": 100,
  "training_performed": false
}
[INFO]: SimulationContext cleared
Loading user config located at: '/home/rokey/isaacsim-6.0.1/kit/data/Kit/IsaacLab/3.0/user.config.json'
2026-08-31T23:15:51Z [0ms] [Warning] [omni.ext.plugin] [ext: isaaclab_visualizers] Extensions config 'extension.toml' doesn't exist '/home/rokey/IsaacLab/source/isaaclab_visualizers' or '/home/rokey/IsaacLab/source/isaaclab_visualizers/config'
2026-08-31T23:15:51Z [375ms] [Warning] [omni.usd_config.extension] Enable omni.materialx.libs extension to use MaterialX
2026-08-31T23:15:55Z [4,096ms] [Warning] [isaaclab_physx.physics.physx_manager] TGS solver with enable_external_forces_every_iteration=False may cause noisy velocities.
2026-08-31T23:15:55Z [4,214ms] [Warning] [omni.usd] Encountered USD Warnings but USD Diagnostics are currently muted. To view USD Warnings, please set the '/persistent/app/usd/muteUsdDiagnostics' setting to false in Preferences page.
2026-08-31T23:15:57Z [6,105ms] [Warning] [usdrt.population.plugin] Last global time was not created. Did you call setEnableUsdNoticeHandling?
[F9 2026-09-01 08:19:46] done  (12/64) learning/rl/robot/results/gate_f9_static_cap_cylinder_cross_seed40000_20260901_072500
[F9 2026-09-01 08:19:46] start (13/64) control/sphere/cross_xy/seed40000 -> learning/rl/robot/results/gate_f9_control_sphere_cross_seed40000_20260901_072500
The '--headless' CLI argument is deprecated. Omit '--viz' for default headless. If config visualizers are enabled and you want to force headless, use '--viz none'.
WARNING: All log messages before absl::InitializeLog() is called are written to STDERR
E0000 00:00:1788218387.016705   64270 descriptor_database.cc:633] File already exists in database: grpc/health/v1/health.proto
W0000 00:00:1788218387.016734   64270 message.cc:301] Protobuf GeneratedMessageFactory: File is already registered: grpc/health/v1/health.proto
[ISAACLAB] AppLauncher initialization complete
[INFO]: Base environment:
	Environment device    : cuda:0
	Environment seed      : 20260901
	Physics step-size     : 0.008333333333333333
	Rendering step-size   : 0.05
	Environment step-size : 0.05
[INFO]: Registered backend 'physx' for factory Articulation.
[INFO] Robot /World/envs/env_0/Robot/m0609/m0609: 폴리싱 디스크 생성 완료 → /World/envs/env_0/Robot/m0609/m0609/polishing_contact_pad
[INFO]: Registered backend 'physx' for factory ContactSensor.
[INFO]: Time taken for scene creation Last: 1.166630 s, Mean: 1.166630 s, Std: 0.000000 s, N: 1
[INFO]: Scene manager:  <class InteractiveScene>
	Number of environments: 4
	Environment spacing   : 1.6
	Source prim name      : /World/envs/env_0
	Global prim paths     : []
	Replicate physics     : True
[INFO]: Starting the simulation. This may take a few seconds. Please wait...
[INFO]: Simulation parameters for joints in /World/envs/env_.*/Robot:
+--------------------------------------------------------------------------------------------------------------------------------------------------------------------+
|                                                 Simulation Joint Information (Prim path: /World/envs/env_.*/Robot)                                                 |
+-------+-----------+-----------+---------+----------+-----------------+------------------+------------------+---------------------+-----------------+---------------+
| Index | Name      | Stiffness | Damping | Armature | Static Friction | Dynamic Friction | Viscous Friction |   Position Limits   | Velocity Limits | Effort Limits |
+-------+-----------+-----------+---------+----------+-----------------+------------------+------------------+---------------------+-----------------+---------------+
|   0   | joint_1   |  1.0e+04  | 500.000 |  0.000   |      0.000      |      0.000       |      0.000       |   [-6.283, 6.283]   |      2.618      |    9.6e+03    |
|   1   | joint_2   |  1.0e+04  | 500.000 |  0.000   |      0.000      |      0.000       |      0.000       |   [-6.283, 6.283]   |      2.618      |    9.6e+03    |
|   2   | joint_3   |  1.0e+04  | 500.000 |  0.000   |      0.000      |      0.000       |      0.000       |   [-2.618, 2.618]   |      3.142      |    5.4e+03    |
|   3   | joint_4   |  1.0e+04  | 500.000 |  0.000   |      0.000      |      0.000       |      0.000       |   [-6.283, 6.283]   |      3.927      |    2.7e+03    |
|   4   | joint_5   |  1.0e+04  | 500.000 |  0.000   |      0.000      |      0.000       |      0.000       |   [-6.283, 6.283]   |      3.927      |    2.7e+03    |
|   5   | joint_6   |  1.0e+04  | 500.000 |  0.000   |      0.000      |      0.000       |      0.000       |   [-6.283, 6.283]   |      3.927      |    2.7e+03    |
|   6   | pad_joint |  2.0e+03  | 100.000 |  0.000   |      0.000      |      0.000       |      0.000       | [-3.4e+38, 3.4e+38] |     104.720     |    100.000    |
+-------+-----------+-----------+---------+----------+-----------------+------------------+------------------+---------------------+-----------------+---------------+
[INFO]: Time taken for simulation start Last: 0.693203 s, Mean: 0.693203 s, Std: 0.000000 s, N: 1
[INFO]: Completed setting up the environment...
[RobotPolishEnv] robot feed override 5.946 -> 12.700 mm/s (policy range 6.350~19.050 mm/s)
[RobotPolishEnv] v5 M0609+pad coupled | link_6 contact offset=[-0.0025 -0.02    0.0448] m
[FactoryPlanarRoiPolishEnv] Gate C so=0.40 edge=balanced_extend5 direction=cross_xy path=2.100m
[GateF7CurvedObservationEnv] mode=base14 obs_dim=14
[Gate F8] control/sphere/cross_xy step=1000 complete=0/4
[Gate F8] control/sphere/cross_xy step=2000 complete=0/4
[Gate F8] control/sphere/cross_xy step=3000 complete=0/4
[Gate F8] control/sphere/cross_xy step=4000 complete=1/4
[Gate F8] control/sphere/cross_xy step=5000 complete=3/4
{
  "all_finite": true,
  "checkpoint": "/home/rokey/cacadaca/learning/rl/robot/releases/gate_e7_seed1_it211_20260831_201801/model_gate_e7_seed1_it211.pt",
  "checkpoint_sha256": "c733763bfebd7fcead01cf2574bbd1621c4660b9347143cccb35e0e83449d052",
  "completed": 4,
  "created_utc": "2026-08-31T23:23:35.583562+00:00",
  "diagnostic_version": "gate_e6_local_window_area_v1",
  "direction_mode": "cross_xy",
  "envs_per_profile": 1,
  "expected": 4,
  "gate": "F8_FORCE_SAFETY",
  "observation_mode": "base14",
  "path": {
    "direction_mode": "cross_xy",
    "edge_mode": "balanced_extend5",
    "lines_per_sweep": 5,
    "path_length_m": 2.1,
    "path_mode": "gate_c",
    "step_over_m": 0.044000000000000004,
    "step_over_ratio": 0.4,
    "sweeps": 2
  },
  "physics_seed": 20260901,
  "policy_seed": 20260831,
  "profiles": [
    "legacy_stress",
    "factory_prepolish",
    "factory_prepolish_deep_defect",
    "factory_prepolish_deep_stress"
  ],
  "saved_iteration": 211,
  "shield_mode": "control",
  "surface_kind": "sphere",
  "surface_seed_base": 40000,
  "tile_rows": 100,
  "training_performed": false
}
[INFO]: SimulationContext cleared
Loading user config located at: '/home/rokey/isaacsim-6.0.1/kit/data/Kit/IsaacLab/3.0/user.config.json'
2026-08-31T23:19:46Z [0ms] [Warning] [omni.ext.plugin] [ext: isaaclab_visualizers] Extensions config 'extension.toml' doesn't exist '/home/rokey/IsaacLab/source/isaaclab_visualizers' or '/home/rokey/IsaacLab/source/isaaclab_visualizers/config'
2026-08-31T23:19:47Z [373ms] [Warning] [omni.usd_config.extension] Enable omni.materialx.libs extension to use MaterialX
2026-08-31T23:19:51Z [4,056ms] [Warning] [isaaclab_physx.physics.physx_manager] TGS solver with enable_external_forces_every_iteration=False may cause noisy velocities.
2026-08-31T23:19:51Z [4,182ms] [Warning] [omni.usd] Encountered USD Warnings but USD Diagnostics are currently muted. To view USD Warnings, please set the '/persistent/app/usd/muteUsdDiagnostics' setting to false in Preferences page.
2026-08-31T23:19:52Z [5,781ms] [Warning] [usdrt.population.plugin] Last global time was not created. Did you call setEnableUsdNoticeHandling?
[F9 2026-09-01 08:23:35] done  (13/64) learning/rl/robot/results/gate_f9_control_sphere_cross_seed40000_20260901_072500
[F9 2026-09-01 08:23:35] start (14/64) static_cap/sphere/cross_xy/seed40000 -> learning/rl/robot/results/gate_f9_static_cap_sphere_cross_seed40000_20260901_072500
The '--headless' CLI argument is deprecated. Omit '--viz' for default headless. If config visualizers are enabled and you want to force headless, use '--viz none'.
WARNING: All log messages before absl::InitializeLog() is called are written to STDERR
E0000 00:00:1788218616.165218   64721 descriptor_database.cc:633] File already exists in database: grpc/health/v1/health.proto
W0000 00:00:1788218616.165248   64721 message.cc:301] Protobuf GeneratedMessageFactory: File is already registered: grpc/health/v1/health.proto
[ISAACLAB] AppLauncher initialization complete
[INFO]: Base environment:
	Environment device    : cuda:0
	Environment seed      : 20260901
	Physics step-size     : 0.008333333333333333
	Rendering step-size   : 0.05
	Environment step-size : 0.05
[INFO]: Registered backend 'physx' for factory Articulation.
[INFO] Robot /World/envs/env_0/Robot/m0609/m0609: 폴리싱 디스크 생성 완료 → /World/envs/env_0/Robot/m0609/m0609/polishing_contact_pad
[INFO]: Registered backend 'physx' for factory ContactSensor.
[INFO]: Time taken for scene creation Last: 1.057464 s, Mean: 1.057464 s, Std: 0.000000 s, N: 1
[INFO]: Scene manager:  <class InteractiveScene>
	Number of environments: 4
	Environment spacing   : 1.6
	Source prim name      : /World/envs/env_0
	Global prim paths     : []
	Replicate physics     : True
[INFO]: Starting the simulation. This may take a few seconds. Please wait...
[INFO]: Simulation parameters for joints in /World/envs/env_.*/Robot:
+--------------------------------------------------------------------------------------------------------------------------------------------------------------------+
|                                                 Simulation Joint Information (Prim path: /World/envs/env_.*/Robot)                                                 |
+-------+-----------+-----------+---------+----------+-----------------+------------------+------------------+---------------------+-----------------+---------------+
| Index | Name      | Stiffness | Damping | Armature | Static Friction | Dynamic Friction | Viscous Friction |   Position Limits   | Velocity Limits | Effort Limits |
+-------+-----------+-----------+---------+----------+-----------------+------------------+------------------+---------------------+-----------------+---------------+
|   0   | joint_1   |  1.0e+04  | 500.000 |  0.000   |      0.000      |      0.000       |      0.000       |   [-6.283, 6.283]   |      2.618      |    9.6e+03    |
|   1   | joint_2   |  1.0e+04  | 500.000 |  0.000   |      0.000      |      0.000       |      0.000       |   [-6.283, 6.283]   |      2.618      |    9.6e+03    |
|   2   | joint_3   |  1.0e+04  | 500.000 |  0.000   |      0.000      |      0.000       |      0.000       |   [-2.618, 2.618]   |      3.142      |    5.4e+03    |
|   3   | joint_4   |  1.0e+04  | 500.000 |  0.000   |      0.000      |      0.000       |      0.000       |   [-6.283, 6.283]   |      3.927      |    2.7e+03    |
|   4   | joint_5   |  1.0e+04  | 500.000 |  0.000   |      0.000      |      0.000       |      0.000       |   [-6.283, 6.283]   |      3.927      |    2.7e+03    |
|   5   | joint_6   |  1.0e+04  | 500.000 |  0.000   |      0.000      |      0.000       |      0.000       |   [-6.283, 6.283]   |      3.927      |    2.7e+03    |
|   6   | pad_joint |  2.0e+03  | 100.000 |  0.000   |      0.000      |      0.000       |      0.000       | [-3.4e+38, 3.4e+38] |     104.720     |    100.000    |
+-------+-----------+-----------+---------+----------+-----------------+------------------+------------------+---------------------+-----------------+---------------+
[INFO]: Time taken for simulation start Last: 0.701117 s, Mean: 0.701117 s, Std: 0.000000 s, N: 1
[INFO]: Completed setting up the environment...
[RobotPolishEnv] robot feed override 5.946 -> 12.700 mm/s (policy range 6.350~19.050 mm/s)
[RobotPolishEnv] v5 M0609+pad coupled | link_6 contact offset=[-0.0025 -0.02    0.0448] m
[FactoryPlanarRoiPolishEnv] Gate C so=0.40 edge=balanced_extend5 direction=cross_xy path=2.100m
[GateF7CurvedObservationEnv] mode=base14 obs_dim=14
[Gate F8] static_cap/sphere/cross_xy step=1000 complete=0/4
[Gate F8] static_cap/sphere/cross_xy step=2000 complete=0/4
[Gate F8] static_cap/sphere/cross_xy step=3000 complete=0/4
[Gate F8] static_cap/sphere/cross_xy step=4000 complete=1/4
[Gate F8] static_cap/sphere/cross_xy step=5000 complete=3/4
{
  "all_finite": true,
  "checkpoint": "/home/rokey/cacadaca/learning/rl/robot/releases/gate_e7_seed1_it211_20260831_201801/model_gate_e7_seed1_it211.pt",
  "checkpoint_sha256": "c733763bfebd7fcead01cf2574bbd1621c4660b9347143cccb35e0e83449d052",
  "completed": 4,
  "created_utc": "2026-08-31T23:27:23.726497+00:00",
  "diagnostic_version": "gate_e6_local_window_area_v1",
  "direction_mode": "cross_xy",
  "envs_per_profile": 1,
  "expected": 4,
  "gate": "F8_FORCE_SAFETY",
  "observation_mode": "base14",
  "path": {
    "direction_mode": "cross_xy",
    "edge_mode": "balanced_extend5",
    "lines_per_sweep": 5,
    "path_length_m": 2.1,
    "path_mode": "gate_c",
    "step_over_m": 0.044000000000000004,
    "step_over_ratio": 0.4,
    "sweeps": 2
  },
  "physics_seed": 20260901,
  "policy_seed": 20260831,
  "profiles": [
    "legacy_stress",
    "factory_prepolish",
    "factory_prepolish_deep_defect",
    "factory_prepolish_deep_stress"
  ],
  "saved_iteration": 211,
  "shield_mode": "static_cap",
  "surface_kind": "sphere",
  "surface_seed_base": 40000,
  "tile_rows": 100,
  "training_performed": false
}
[INFO]: SimulationContext cleared
Loading user config located at: '/home/rokey/isaacsim-6.0.1/kit/data/Kit/IsaacLab/3.0/user.config.json'
2026-08-31T23:23:36Z [0ms] [Warning] [omni.ext.plugin] [ext: isaaclab_visualizers] Extensions config 'extension.toml' doesn't exist '/home/rokey/IsaacLab/source/isaaclab_visualizers' or '/home/rokey/IsaacLab/source/isaaclab_visualizers/config'
2026-08-31T23:23:36Z [367ms] [Warning] [omni.usd_config.extension] Enable omni.materialx.libs extension to use MaterialX
2026-08-31T23:23:40Z [4,063ms] [Warning] [isaaclab_physx.physics.physx_manager] TGS solver with enable_external_forces_every_iteration=False may cause noisy velocities.
2026-08-31T23:23:40Z [4,188ms] [Warning] [omni.usd] Encountered USD Warnings but USD Diagnostics are currently muted. To view USD Warnings, please set the '/persistent/app/usd/muteUsdDiagnostics' setting to false in Preferences page.
2026-08-31T23:23:41Z [5,678ms] [Warning] [usdrt.population.plugin] Last global time was not created. Did you call setEnableUsdNoticeHandling?
[F9 2026-09-01 08:27:24] done  (14/64) learning/rl/robot/results/gate_f9_static_cap_sphere_cross_seed40000_20260901_072500
[F9 2026-09-01 08:27:24] start (15/64) control/freeform/cross_xy/seed40000 -> learning/rl/robot/results/gate_f9_control_freeform_cross_seed40000_20260901_072500
The '--headless' CLI argument is deprecated. Omit '--viz' for default headless. If config visualizers are enabled and you want to force headless, use '--viz none'.
WARNING: All log messages before absl::InitializeLog() is called are written to STDERR
E0000 00:00:1788218844.319300   65158 descriptor_database.cc:633] File already exists in database: grpc/health/v1/health.proto
W0000 00:00:1788218844.319330   65158 message.cc:301] Protobuf GeneratedMessageFactory: File is already registered: grpc/health/v1/health.proto
[ISAACLAB] AppLauncher initialization complete
[INFO]: Base environment:
	Environment device    : cuda:0
	Environment seed      : 20260901
	Physics step-size     : 0.008333333333333333
	Rendering step-size   : 0.05
	Environment step-size : 0.05
[INFO]: Registered backend 'physx' for factory Articulation.
[INFO] Robot /World/envs/env_0/Robot/m0609/m0609: 폴리싱 디스크 생성 완료 → /World/envs/env_0/Robot/m0609/m0609/polishing_contact_pad
[INFO]: Registered backend 'physx' for factory ContactSensor.
[INFO]: Time taken for scene creation Last: 1.142265 s, Mean: 1.142265 s, Std: 0.000000 s, N: 1
[INFO]: Scene manager:  <class InteractiveScene>
	Number of environments: 4
	Environment spacing   : 1.6
	Source prim name      : /World/envs/env_0
	Global prim paths     : []
	Replicate physics     : True
[INFO]: Starting the simulation. This may take a few seconds. Please wait...
[INFO]: Simulation parameters for joints in /World/envs/env_.*/Robot:
+--------------------------------------------------------------------------------------------------------------------------------------------------------------------+
|                                                 Simulation Joint Information (Prim path: /World/envs/env_.*/Robot)                                                 |
+-------+-----------+-----------+---------+----------+-----------------+------------------+------------------+---------------------+-----------------+---------------+
| Index | Name      | Stiffness | Damping | Armature | Static Friction | Dynamic Friction | Viscous Friction |   Position Limits   | Velocity Limits | Effort Limits |
+-------+-----------+-----------+---------+----------+-----------------+------------------+------------------+---------------------+-----------------+---------------+
|   0   | joint_1   |  1.0e+04  | 500.000 |  0.000   |      0.000      |      0.000       |      0.000       |   [-6.283, 6.283]   |      2.618      |    9.6e+03    |
|   1   | joint_2   |  1.0e+04  | 500.000 |  0.000   |      0.000      |      0.000       |      0.000       |   [-6.283, 6.283]   |      2.618      |    9.6e+03    |
|   2   | joint_3   |  1.0e+04  | 500.000 |  0.000   |      0.000      |      0.000       |      0.000       |   [-2.618, 2.618]   |      3.142      |    5.4e+03    |
|   3   | joint_4   |  1.0e+04  | 500.000 |  0.000   |      0.000      |      0.000       |      0.000       |   [-6.283, 6.283]   |      3.927      |    2.7e+03    |
|   4   | joint_5   |  1.0e+04  | 500.000 |  0.000   |      0.000      |      0.000       |      0.000       |   [-6.283, 6.283]   |      3.927      |    2.7e+03    |
|   5   | joint_6   |  1.0e+04  | 500.000 |  0.000   |      0.000      |      0.000       |      0.000       |   [-6.283, 6.283]   |      3.927      |    2.7e+03    |
|   6   | pad_joint |  2.0e+03  | 100.000 |  0.000   |      0.000      |      0.000       |      0.000       | [-3.4e+38, 3.4e+38] |     104.720     |    100.000    |
+-------+-----------+-----------+---------+----------+-----------------+------------------+------------------+---------------------+-----------------+---------------+
[INFO]: Time taken for simulation start Last: 0.712516 s, Mean: 0.712516 s, Std: 0.000000 s, N: 1
[INFO]: Completed setting up the environment...
[RobotPolishEnv] robot feed override 5.946 -> 12.700 mm/s (policy range 6.350~19.050 mm/s)
[RobotPolishEnv] v5 M0609+pad coupled | link_6 contact offset=[-0.0025 -0.02    0.0448] m
[FactoryPlanarRoiPolishEnv] Gate C so=0.40 edge=balanced_extend5 direction=cross_xy path=2.100m
[GateF7CurvedObservationEnv] mode=base14 obs_dim=14
[Gate F8] control/freeform/cross_xy step=1000 complete=0/4
[Gate F8] control/freeform/cross_xy step=2000 complete=0/4
[Gate F8] control/freeform/cross_xy step=3000 complete=1/4
[Gate F8] control/freeform/cross_xy step=4000 complete=2/4
[Gate F8] control/freeform/cross_xy step=5000 complete=3/4
{
  "all_finite": true,
  "checkpoint": "/home/rokey/cacadaca/learning/rl/robot/releases/gate_e7_seed1_it211_20260831_201801/model_gate_e7_seed1_it211.pt",
  "checkpoint_sha256": "c733763bfebd7fcead01cf2574bbd1621c4660b9347143cccb35e0e83449d052",
  "completed": 4,
  "created_utc": "2026-08-31T23:31:48.676759+00:00",
  "diagnostic_version": "gate_e6_local_window_area_v1",
  "direction_mode": "cross_xy",
  "envs_per_profile": 1,
  "expected": 4,
  "gate": "F8_FORCE_SAFETY",
  "observation_mode": "base14",
  "path": {
    "direction_mode": "cross_xy",
    "edge_mode": "balanced_extend5",
    "lines_per_sweep": 5,
    "path_length_m": 2.1,
    "path_mode": "gate_c",
    "step_over_m": 0.044000000000000004,
    "step_over_ratio": 0.4,
    "sweeps": 2
  },
  "physics_seed": 20260901,
  "policy_seed": 20260831,
  "profiles": [
    "legacy_stress",
    "factory_prepolish",
    "factory_prepolish_deep_defect",
    "factory_prepolish_deep_stress"
  ],
  "saved_iteration": 211,
  "shield_mode": "control",
  "surface_kind": "freeform",
  "surface_seed_base": 40000,
  "tile_rows": 100,
  "training_performed": false
}
[INFO]: SimulationContext cleared
Loading user config located at: '/home/rokey/isaacsim-6.0.1/kit/data/Kit/IsaacLab/3.0/user.config.json'
2026-08-31T23:27:24Z [0ms] [Warning] [omni.ext.plugin] [ext: isaaclab_visualizers] Extensions config 'extension.toml' doesn't exist '/home/rokey/IsaacLab/source/isaaclab_visualizers' or '/home/rokey/IsaacLab/source/isaaclab_visualizers/config'
2026-08-31T23:27:24Z [375ms] [Warning] [omni.usd_config.extension] Enable omni.materialx.libs extension to use MaterialX
2026-08-31T23:27:28Z [4,060ms] [Warning] [isaaclab_physx.physics.physx_manager] TGS solver with enable_external_forces_every_iteration=False may cause noisy velocities.
2026-08-31T23:27:28Z [4,175ms] [Warning] [omni.usd] Encountered USD Warnings but USD Diagnostics are currently muted. To view USD Warnings, please set the '/persistent/app/usd/muteUsdDiagnostics' setting to false in Preferences page.
2026-08-31T23:27:30Z [5,769ms] [Warning] [usdrt.population.plugin] Last global time was not created. Did you call setEnableUsdNoticeHandling?
[F9 2026-09-01 08:31:49] done  (15/64) learning/rl/robot/results/gate_f9_control_freeform_cross_seed40000_20260901_072500
[F9 2026-09-01 08:31:49] start (16/64) static_cap/freeform/cross_xy/seed40000 -> learning/rl/robot/results/gate_f9_static_cap_freeform_cross_seed40000_20260901_072500
The '--headless' CLI argument is deprecated. Omit '--viz' for default headless. If config visualizers are enabled and you want to force headless, use '--viz none'.
WARNING: All log messages before absl::InitializeLog() is called are written to STDERR
E0000 00:00:1788219109.246463   65611 descriptor_database.cc:633] File already exists in database: grpc/health/v1/health.proto
W0000 00:00:1788219109.246493   65611 message.cc:301] Protobuf GeneratedMessageFactory: File is already registered: grpc/health/v1/health.proto
[ISAACLAB] AppLauncher initialization complete
[INFO]: Base environment:
	Environment device    : cuda:0
	Environment seed      : 20260901
	Physics step-size     : 0.008333333333333333
	Rendering step-size   : 0.05
	Environment step-size : 0.05
[INFO]: Registered backend 'physx' for factory Articulation.
[INFO] Robot /World/envs/env_0/Robot/m0609/m0609: 폴리싱 디스크 생성 완료 → /World/envs/env_0/Robot/m0609/m0609/polishing_contact_pad
[INFO]: Registered backend 'physx' for factory ContactSensor.
[INFO]: Time taken for scene creation Last: 1.163529 s, Mean: 1.163529 s, Std: 0.000000 s, N: 1
[INFO]: Scene manager:  <class InteractiveScene>
	Number of environments: 4
	Environment spacing   : 1.6
	Source prim name      : /World/envs/env_0
	Global prim paths     : []
	Replicate physics     : True
[INFO]: Starting the simulation. This may take a few seconds. Please wait...
[INFO]: Simulation parameters for joints in /World/envs/env_.*/Robot:
+--------------------------------------------------------------------------------------------------------------------------------------------------------------------+
|                                                 Simulation Joint Information (Prim path: /World/envs/env_.*/Robot)                                                 |
+-------+-----------+-----------+---------+----------+-----------------+------------------+------------------+---------------------+-----------------+---------------+
| Index | Name      | Stiffness | Damping | Armature | Static Friction | Dynamic Friction | Viscous Friction |   Position Limits   | Velocity Limits | Effort Limits |
+-------+-----------+-----------+---------+----------+-----------------+------------------+------------------+---------------------+-----------------+---------------+
|   0   | joint_1   |  1.0e+04  | 500.000 |  0.000   |      0.000      |      0.000       |      0.000       |   [-6.283, 6.283]   |      2.618      |    9.6e+03    |
|   1   | joint_2   |  1.0e+04  | 500.000 |  0.000   |      0.000      |      0.000       |      0.000       |   [-6.283, 6.283]   |      2.618      |    9.6e+03    |
|   2   | joint_3   |  1.0e+04  | 500.000 |  0.000   |      0.000      |      0.000       |      0.000       |   [-2.618, 2.618]   |      3.142      |    5.4e+03    |
|   3   | joint_4   |  1.0e+04  | 500.000 |  0.000   |      0.000      |      0.000       |      0.000       |   [-6.283, 6.283]   |      3.927      |    2.7e+03    |
|   4   | joint_5   |  1.0e+04  | 500.000 |  0.000   |      0.000      |      0.000       |      0.000       |   [-6.283, 6.283]   |      3.927      |    2.7e+03    |
|   5   | joint_6   |  1.0e+04  | 500.000 |  0.000   |      0.000      |      0.000       |      0.000       |   [-6.283, 6.283]   |      3.927      |    2.7e+03    |
|   6   | pad_joint |  2.0e+03  | 100.000 |  0.000   |      0.000      |      0.000       |      0.000       | [-3.4e+38, 3.4e+38] |     104.720     |    100.000    |
+-------+-----------+-----------+---------+----------+-----------------+------------------+------------------+---------------------+-----------------+---------------+
[INFO]: Time taken for simulation start Last: 0.702653 s, Mean: 0.702653 s, Std: 0.000000 s, N: 1
[INFO]: Completed setting up the environment...
[RobotPolishEnv] robot feed override 5.946 -> 12.700 mm/s (policy range 6.350~19.050 mm/s)
[RobotPolishEnv] v5 M0609+pad coupled | link_6 contact offset=[-0.0025 -0.02    0.0448] m
[FactoryPlanarRoiPolishEnv] Gate C so=0.40 edge=balanced_extend5 direction=cross_xy path=2.100m
[GateF7CurvedObservationEnv] mode=base14 obs_dim=14
[Gate F8] static_cap/freeform/cross_xy step=1000 complete=0/4
[Gate F8] static_cap/freeform/cross_xy step=2000 complete=0/4
[Gate F8] static_cap/freeform/cross_xy step=3000 complete=0/4
[Gate F8] static_cap/freeform/cross_xy step=4000 complete=1/4
[Gate F8] static_cap/freeform/cross_xy step=5000 complete=3/4
{
  "all_finite": true,
  "checkpoint": "/home/rokey/cacadaca/learning/rl/robot/releases/gate_e7_seed1_it211_20260831_201801/model_gate_e7_seed1_it211.pt",
  "checkpoint_sha256": "c733763bfebd7fcead01cf2574bbd1621c4660b9347143cccb35e0e83449d052",
  "completed": 4,
  "created_utc": "2026-08-31T23:36:19.383346+00:00",
  "diagnostic_version": "gate_e6_local_window_area_v1",
  "direction_mode": "cross_xy",
  "envs_per_profile": 1,
  "expected": 4,
  "gate": "F8_FORCE_SAFETY",
  "observation_mode": "base14",
  "path": {
    "direction_mode": "cross_xy",
    "edge_mode": "balanced_extend5",
    "lines_per_sweep": 5,
    "path_length_m": 2.1,
    "path_mode": "gate_c",
    "step_over_m": 0.044000000000000004,
    "step_over_ratio": 0.4,
    "sweeps": 2
  },
  "physics_seed": 20260901,
  "policy_seed": 20260831,
  "profiles": [
    "legacy_stress",
    "factory_prepolish",
    "factory_prepolish_deep_defect",
    "factory_prepolish_deep_stress"
  ],
  "saved_iteration": 211,
  "shield_mode": "static_cap",
  "surface_kind": "freeform",
  "surface_seed_base": 40000,
  "tile_rows": 100,
  "training_performed": false
}
[INFO]: SimulationContext cleared
Loading user config located at: '/home/rokey/isaacsim-6.0.1/kit/data/Kit/IsaacLab/3.0/user.config.json'
2026-08-31T23:31:49Z [0ms] [Warning] [omni.ext.plugin] [ext: isaaclab_visualizers] Extensions config 'extension.toml' doesn't exist '/home/rokey/IsaacLab/source/isaaclab_visualizers' or '/home/rokey/IsaacLab/source/isaaclab_visualizers/config'
2026-08-31T23:31:49Z [373ms] [Warning] [omni.usd_config.extension] Enable omni.materialx.libs extension to use MaterialX
2026-08-31T23:31:53Z [4,060ms] [Warning] [isaaclab_physx.physics.physx_manager] TGS solver with enable_external_forces_every_iteration=False may cause noisy velocities.
2026-08-31T23:31:53Z [4,175ms] [Warning] [omni.usd] Encountered USD Warnings but USD Diagnostics are currently muted. To view USD Warnings, please set the '/persistent/app/usd/muteUsdDiagnostics' setting to false in Preferences page.
2026-08-31T23:31:54Z [5,781ms] [Warning] [usdrt.population.plugin] Last global time was not created. Did you call setEnableUsdNoticeHandling?
[F9 2026-09-01 08:36:19] done  (16/64) learning/rl/robot/results/gate_f9_static_cap_freeform_cross_seed40000_20260901_072500
[F9 2026-09-01 08:36:19] start (17/64) control/flat/same_xx/seed41000 -> learning/rl/robot/results/gate_f9_control_flat_same_seed41000_20260901_072500
The '--headless' CLI argument is deprecated. Omit '--viz' for default headless. If config visualizers are enabled and you want to force headless, use '--viz none'.
WARNING: All log messages before absl::InitializeLog() is called are written to STDERR
E0000 00:00:1788219379.967867   66082 descriptor_database.cc:633] File already exists in database: grpc/health/v1/health.proto
W0000 00:00:1788219379.967897   66082 message.cc:301] Protobuf GeneratedMessageFactory: File is already registered: grpc/health/v1/health.proto
[ISAACLAB] AppLauncher initialization complete
[INFO]: Base environment:
	Environment device    : cuda:0
	Environment seed      : 20260901
	Physics step-size     : 0.008333333333333333
	Rendering step-size   : 0.05
	Environment step-size : 0.05
[INFO]: Registered backend 'physx' for factory Articulation.
[INFO] Robot /World/envs/env_0/Robot/m0609/m0609: 폴리싱 디스크 생성 완료 → /World/envs/env_0/Robot/m0609/m0609/polishing_contact_pad
[INFO]: Registered backend 'physx' for factory ContactSensor.
[INFO]: Time taken for scene creation Last: 1.095150 s, Mean: 1.095150 s, Std: 0.000000 s, N: 1
[INFO]: Scene manager:  <class InteractiveScene>
	Number of environments: 4
	Environment spacing   : 1.6
	Source prim name      : /World/envs/env_0
	Global prim paths     : []
	Replicate physics     : True
[INFO]: Starting the simulation. This may take a few seconds. Please wait...
[INFO]: Simulation parameters for joints in /World/envs/env_.*/Robot:
+--------------------------------------------------------------------------------------------------------------------------------------------------------------------+
|                                                 Simulation Joint Information (Prim path: /World/envs/env_.*/Robot)                                                 |
+-------+-----------+-----------+---------+----------+-----------------+------------------+------------------+---------------------+-----------------+---------------+
| Index | Name      | Stiffness | Damping | Armature | Static Friction | Dynamic Friction | Viscous Friction |   Position Limits   | Velocity Limits | Effort Limits |
+-------+-----------+-----------+---------+----------+-----------------+------------------+------------------+---------------------+-----------------+---------------+
|   0   | joint_1   |  1.0e+04  | 500.000 |  0.000   |      0.000      |      0.000       |      0.000       |   [-6.283, 6.283]   |      2.618      |    9.6e+03    |
|   1   | joint_2   |  1.0e+04  | 500.000 |  0.000   |      0.000      |      0.000       |      0.000       |   [-6.283, 6.283]   |      2.618      |    9.6e+03    |
|   2   | joint_3   |  1.0e+04  | 500.000 |  0.000   |      0.000      |      0.000       |      0.000       |   [-2.618, 2.618]   |      3.142      |    5.4e+03    |
|   3   | joint_4   |  1.0e+04  | 500.000 |  0.000   |      0.000      |      0.000       |      0.000       |   [-6.283, 6.283]   |      3.927      |    2.7e+03    |
|   4   | joint_5   |  1.0e+04  | 500.000 |  0.000   |      0.000      |      0.000       |      0.000       |   [-6.283, 6.283]   |      3.927      |    2.7e+03    |
|   5   | joint_6   |  1.0e+04  | 500.000 |  0.000   |      0.000      |      0.000       |      0.000       |   [-6.283, 6.283]   |      3.927      |    2.7e+03    |
|   6   | pad_joint |  2.0e+03  | 100.000 |  0.000   |      0.000      |      0.000       |      0.000       | [-3.4e+38, 3.4e+38] |     104.720     |    100.000    |
+-------+-----------+-----------+---------+----------+-----------------+------------------+------------------+---------------------+-----------------+---------------+
[INFO]: Time taken for simulation start Last: 0.695108 s, Mean: 0.695108 s, Std: 0.000000 s, N: 1
[INFO]: Completed setting up the environment...
[RobotPolishEnv] robot feed override 5.946 -> 12.700 mm/s (policy range 6.350~19.050 mm/s)
[RobotPolishEnv] v5 M0609+pad coupled | link_6 contact offset=[-0.0025 -0.02    0.0448] m
[FactoryPlanarRoiPolishEnv] Gate C so=0.40 edge=balanced_extend5 direction=same_xx path=2.100m
[GateF7CurvedObservationEnv] mode=base14 obs_dim=14
[Gate F8] control/flat/same_xx step=1000 complete=0/4
[Gate F8] control/flat/same_xx step=2000 complete=0/4
[Gate F8] control/flat/same_xx step=3000 complete=0/4
[Gate F8] control/flat/same_xx step=4000 complete=3/4
[Gate F8] control/flat/same_xx step=5000 complete=3/4
{
  "all_finite": true,
  "checkpoint": "/home/rokey/cacadaca/learning/rl/robot/releases/gate_e7_seed1_it211_20260831_201801/model_gate_e7_seed1_it211.pt",
  "checkpoint_sha256": "c733763bfebd7fcead01cf2574bbd1621c4660b9347143cccb35e0e83449d052",
  "completed": 4,
  "created_utc": "2026-08-31T23:40:11.142817+00:00",
  "diagnostic_version": "gate_e6_local_window_area_v1",
  "direction_mode": "same_xx",
  "envs_per_profile": 1,
  "expected": 4,
  "gate": "F8_FORCE_SAFETY",
  "observation_mode": "base14",
  "path": {
    "direction_mode": "same_xx",
    "edge_mode": "balanced_extend5",
    "lines_per_sweep": 5,
    "path_length_m": 2.1,
    "path_mode": "gate_c",
    "step_over_m": 0.044000000000000004,
    "step_over_ratio": 0.4,
    "sweeps": 2
  },
  "physics_seed": 20260901,
  "policy_seed": 20260831,
  "profiles": [
    "legacy_stress",
    "factory_prepolish",
    "factory_prepolish_deep_defect",
    "factory_prepolish_deep_stress"
  ],
  "saved_iteration": 211,
  "shield_mode": "control",
  "surface_kind": "flat",
  "surface_seed_base": 41000,
  "tile_rows": 100,
  "training_performed": false
}
[INFO]: SimulationContext cleared
Loading user config located at: '/home/rokey/isaacsim-6.0.1/kit/data/Kit/IsaacLab/3.0/user.config.json'
2026-08-31T23:36:19Z [0ms] [Warning] [omni.ext.plugin] [ext: isaaclab_visualizers] Extensions config 'extension.toml' doesn't exist '/home/rokey/IsaacLab/source/isaaclab_visualizers' or '/home/rokey/IsaacLab/source/isaaclab_visualizers/config'
2026-08-31T23:36:20Z [370ms] [Warning] [omni.usd_config.extension] Enable omni.materialx.libs extension to use MaterialX
2026-08-31T23:36:24Z [4,089ms] [Warning] [isaaclab_physx.physics.physx_manager] TGS solver with enable_external_forces_every_iteration=False may cause noisy velocities.
2026-08-31T23:36:24Z [4,204ms] [Warning] [omni.usd] Encountered USD Warnings but USD Diagnostics are currently muted. To view USD Warnings, please set the '/persistent/app/usd/muteUsdDiagnostics' setting to false in Preferences page.
2026-08-31T23:36:25Z [5,738ms] [Warning] [usdrt.population.plugin] Last global time was not created. Did you call setEnableUsdNoticeHandling?
[F9 2026-09-01 08:40:11] done  (17/64) learning/rl/robot/results/gate_f9_control_flat_same_seed41000_20260901_072500
[F9 2026-09-01 08:40:11] start (18/64) static_cap/flat/same_xx/seed41000 -> learning/rl/robot/results/gate_f9_static_cap_flat_same_seed41000_20260901_072500
The '--headless' CLI argument is deprecated. Omit '--viz' for default headless. If config visualizers are enabled and you want to force headless, use '--viz none'.
WARNING: All log messages before absl::InitializeLog() is called are written to STDERR
E0000 00:00:1788219611.713856   66511 descriptor_database.cc:633] File already exists in database: grpc/health/v1/health.proto
W0000 00:00:1788219611.713884   66511 message.cc:301] Protobuf GeneratedMessageFactory: File is already registered: grpc/health/v1/health.proto
[ISAACLAB] AppLauncher initialization complete
[INFO]: Base environment:
	Environment device    : cuda:0
	Environment seed      : 20260901
	Physics step-size     : 0.008333333333333333
	Rendering step-size   : 0.05
	Environment step-size : 0.05
[INFO]: Registered backend 'physx' for factory Articulation.
[INFO] Robot /World/envs/env_0/Robot/m0609/m0609: 폴리싱 디스크 생성 완료 → /World/envs/env_0/Robot/m0609/m0609/polishing_contact_pad
[INFO]: Registered backend 'physx' for factory ContactSensor.
[INFO]: Time taken for scene creation Last: 1.152029 s, Mean: 1.152029 s, Std: 0.000000 s, N: 1
[INFO]: Scene manager:  <class InteractiveScene>
	Number of environments: 4
	Environment spacing   : 1.6
	Source prim name      : /World/envs/env_0
	Global prim paths     : []
	Replicate physics     : True
[INFO]: Starting the simulation. This may take a few seconds. Please wait...
[INFO]: Simulation parameters for joints in /World/envs/env_.*/Robot:
+--------------------------------------------------------------------------------------------------------------------------------------------------------------------+
|                                                 Simulation Joint Information (Prim path: /World/envs/env_.*/Robot)                                                 |
+-------+-----------+-----------+---------+----------+-----------------+------------------+------------------+---------------------+-----------------+---------------+
| Index | Name      | Stiffness | Damping | Armature | Static Friction | Dynamic Friction | Viscous Friction |   Position Limits   | Velocity Limits | Effort Limits |
+-------+-----------+-----------+---------+----------+-----------------+------------------+------------------+---------------------+-----------------+---------------+
|   0   | joint_1   |  1.0e+04  | 500.000 |  0.000   |      0.000      |      0.000       |      0.000       |   [-6.283, 6.283]   |      2.618      |    9.6e+03    |
|   1   | joint_2   |  1.0e+04  | 500.000 |  0.000   |      0.000      |      0.000       |      0.000       |   [-6.283, 6.283]   |      2.618      |    9.6e+03    |
|   2   | joint_3   |  1.0e+04  | 500.000 |  0.000   |      0.000      |      0.000       |      0.000       |   [-2.618, 2.618]   |      3.142      |    5.4e+03    |
|   3   | joint_4   |  1.0e+04  | 500.000 |  0.000   |      0.000      |      0.000       |      0.000       |   [-6.283, 6.283]   |      3.927      |    2.7e+03    |
|   4   | joint_5   |  1.0e+04  | 500.000 |  0.000   |      0.000      |      0.000       |      0.000       |   [-6.283, 6.283]   |      3.927      |    2.7e+03    |
|   5   | joint_6   |  1.0e+04  | 500.000 |  0.000   |      0.000      |      0.000       |      0.000       |   [-6.283, 6.283]   |      3.927      |    2.7e+03    |
|   6   | pad_joint |  2.0e+03  | 100.000 |  0.000   |      0.000      |      0.000       |      0.000       | [-3.4e+38, 3.4e+38] |     104.720     |    100.000    |
+-------+-----------+-----------+---------+----------+-----------------+------------------+------------------+---------------------+-----------------+---------------+
[INFO]: Time taken for simulation start Last: 0.716468 s, Mean: 0.716468 s, Std: 0.000000 s, N: 1
[INFO]: Completed setting up the environment...
[RobotPolishEnv] robot feed override 5.946 -> 12.700 mm/s (policy range 6.350~19.050 mm/s)
[RobotPolishEnv] v5 M0609+pad coupled | link_6 contact offset=[-0.0025 -0.02    0.0448] m
[FactoryPlanarRoiPolishEnv] Gate C so=0.40 edge=balanced_extend5 direction=same_xx path=2.100m
[GateF7CurvedObservationEnv] mode=base14 obs_dim=14
[Gate F8] static_cap/flat/same_xx step=1000 complete=0/4
[Gate F8] static_cap/flat/same_xx step=2000 complete=0/4
[Gate F8] static_cap/flat/same_xx step=3000 complete=0/4
[Gate F8] static_cap/flat/same_xx step=4000 complete=3/4
[Gate F8] static_cap/flat/same_xx step=5000 complete=3/4
{
  "all_finite": true,
  "checkpoint": "/home/rokey/cacadaca/learning/rl/robot/releases/gate_e7_seed1_it211_20260831_201801/model_gate_e7_seed1_it211.pt",
  "checkpoint_sha256": "c733763bfebd7fcead01cf2574bbd1621c4660b9347143cccb35e0e83449d052",
  "completed": 4,
  "created_utc": "2026-08-31T23:44:03.388492+00:00",
  "diagnostic_version": "gate_e6_local_window_area_v1",
  "direction_mode": "same_xx",
  "envs_per_profile": 1,
  "expected": 4,
  "gate": "F8_FORCE_SAFETY",
  "observation_mode": "base14",
  "path": {
    "direction_mode": "same_xx",
    "edge_mode": "balanced_extend5",
    "lines_per_sweep": 5,
    "path_length_m": 2.1,
    "path_mode": "gate_c",
    "step_over_m": 0.044000000000000004,
    "step_over_ratio": 0.4,
    "sweeps": 2
  },
  "physics_seed": 20260901,
  "policy_seed": 20260831,
  "profiles": [
    "legacy_stress",
    "factory_prepolish",
    "factory_prepolish_deep_defect",
    "factory_prepolish_deep_stress"
  ],
  "saved_iteration": 211,
  "shield_mode": "static_cap",
  "surface_kind": "flat",
  "surface_seed_base": 41000,
  "tile_rows": 100,
  "training_performed": false
}
[INFO]: SimulationContext cleared
Loading user config located at: '/home/rokey/isaacsim-6.0.1/kit/data/Kit/IsaacLab/3.0/user.config.json'
2026-08-31T23:40:11Z [0ms] [Warning] [omni.ext.plugin] [ext: isaaclab_visualizers] Extensions config 'extension.toml' doesn't exist '/home/rokey/IsaacLab/source/isaaclab_visualizers' or '/home/rokey/IsaacLab/source/isaaclab_visualizers/config'
2026-08-31T23:40:12Z [374ms] [Warning] [omni.usd_config.extension] Enable omni.materialx.libs extension to use MaterialX
2026-08-31T23:40:15Z [4,109ms] [Warning] [isaaclab_physx.physics.physx_manager] TGS solver with enable_external_forces_every_iteration=False may cause noisy velocities.
2026-08-31T23:40:15Z [4,228ms] [Warning] [omni.usd] Encountered USD Warnings but USD Diagnostics are currently muted. To view USD Warnings, please set the '/persistent/app/usd/muteUsdDiagnostics' setting to false in Preferences page.
2026-08-31T23:40:17Z [5,827ms] [Warning] [usdrt.population.plugin] Last global time was not created. Did you call setEnableUsdNoticeHandling?
[F9 2026-09-01 08:44:03] done  (18/64) learning/rl/robot/results/gate_f9_static_cap_flat_same_seed41000_20260901_072500
[F9 2026-09-01 08:44:03] start (19/64) control/cylinder/same_xx/seed41000 -> learning/rl/robot/results/gate_f9_control_cylinder_same_seed41000_20260901_072500
The '--headless' CLI argument is deprecated. Omit '--viz' for default headless. If config visualizers are enabled and you want to force headless, use '--viz none'.
WARNING: All log messages before absl::InitializeLog() is called are written to STDERR
E0000 00:00:1788219843.982912   66901 descriptor_database.cc:633] File already exists in database: grpc/health/v1/health.proto
W0000 00:00:1788219843.982940   66901 message.cc:301] Protobuf GeneratedMessageFactory: File is already registered: grpc/health/v1/health.proto
[ISAACLAB] AppLauncher initialization complete
[INFO]: Base environment:
	Environment device    : cuda:0
	Environment seed      : 20260901
	Physics step-size     : 0.008333333333333333
	Rendering step-size   : 0.05
	Environment step-size : 0.05
[INFO]: Registered backend 'physx' for factory Articulation.
[INFO] Robot /World/envs/env_0/Robot/m0609/m0609: 폴리싱 디스크 생성 완료 → /World/envs/env_0/Robot/m0609/m0609/polishing_contact_pad
[INFO]: Registered backend 'physx' for factory ContactSensor.
[INFO]: Time taken for scene creation Last: 1.057482 s, Mean: 1.057482 s, Std: 0.000000 s, N: 1
[INFO]: Scene manager:  <class InteractiveScene>
	Number of environments: 4
	Environment spacing   : 1.6
	Source prim name      : /World/envs/env_0
	Global prim paths     : []
	Replicate physics     : True
[INFO]: Starting the simulation. This may take a few seconds. Please wait...
[INFO]: Simulation parameters for joints in /World/envs/env_.*/Robot:
+--------------------------------------------------------------------------------------------------------------------------------------------------------------------+
|                                                 Simulation Joint Information (Prim path: /World/envs/env_.*/Robot)                                                 |
+-------+-----------+-----------+---------+----------+-----------------+------------------+------------------+---------------------+-----------------+---------------+
| Index | Name      | Stiffness | Damping | Armature | Static Friction | Dynamic Friction | Viscous Friction |   Position Limits   | Velocity Limits | Effort Limits |
+-------+-----------+-----------+---------+----------+-----------------+------------------+------------------+---------------------+-----------------+---------------+
|   0   | joint_1   |  1.0e+04  | 500.000 |  0.000   |      0.000      |      0.000       |      0.000       |   [-6.283, 6.283]   |      2.618      |    9.6e+03    |
|   1   | joint_2   |  1.0e+04  | 500.000 |  0.000   |      0.000      |      0.000       |      0.000       |   [-6.283, 6.283]   |      2.618      |    9.6e+03    |
|   2   | joint_3   |  1.0e+04  | 500.000 |  0.000   |      0.000      |      0.000       |      0.000       |   [-2.618, 2.618]   |      3.142      |    5.4e+03    |
|   3   | joint_4   |  1.0e+04  | 500.000 |  0.000   |      0.000      |      0.000       |      0.000       |   [-6.283, 6.283]   |      3.927      |    2.7e+03    |
|   4   | joint_5   |  1.0e+04  | 500.000 |  0.000   |      0.000      |      0.000       |      0.000       |   [-6.283, 6.283]   |      3.927      |    2.7e+03    |
|   5   | joint_6   |  1.0e+04  | 500.000 |  0.000   |      0.000      |      0.000       |      0.000       |   [-6.283, 6.283]   |      3.927      |    2.7e+03    |
|   6   | pad_joint |  2.0e+03  | 100.000 |  0.000   |      0.000      |      0.000       |      0.000       | [-3.4e+38, 3.4e+38] |     104.720     |    100.000    |
+-------+-----------+-----------+---------+----------+-----------------+------------------+------------------+---------------------+-----------------+---------------+
[INFO]: Time taken for simulation start Last: 0.715738 s, Mean: 0.715738 s, Std: 0.000000 s, N: 1
[INFO]: Completed setting up the environment...
[RobotPolishEnv] robot feed override 5.946 -> 12.700 mm/s (policy range 6.350~19.050 mm/s)
[RobotPolishEnv] v5 M0609+pad coupled | link_6 contact offset=[-0.0025 -0.02    0.0448] m
[FactoryPlanarRoiPolishEnv] Gate C so=0.40 edge=balanced_extend5 direction=same_xx path=2.100m
[GateF7CurvedObservationEnv] mode=base14 obs_dim=14
[Gate F8] control/cylinder/same_xx step=1000 complete=0/4
[Gate F8] control/cylinder/same_xx step=2000 complete=0/4
[Gate F8] control/cylinder/same_xx step=3000 complete=0/4
[Gate F8] control/cylinder/same_xx step=4000 complete=3/4
[Gate F8] control/cylinder/same_xx step=5000 complete=3/4
{
  "all_finite": true,
  "checkpoint": "/home/rokey/cacadaca/learning/rl/robot/releases/gate_e7_seed1_it211_20260831_201801/model_gate_e7_seed1_it211.pt",
  "checkpoint_sha256": "c733763bfebd7fcead01cf2574bbd1621c4660b9347143cccb35e0e83449d052",
  "completed": 4,
  "created_utc": "2026-08-31T23:48:08.734044+00:00",
  "diagnostic_version": "gate_e6_local_window_area_v1",
  "direction_mode": "same_xx",
  "envs_per_profile": 1,
  "expected": 4,
  "gate": "F8_FORCE_SAFETY",
  "observation_mode": "base14",
  "path": {
    "direction_mode": "same_xx",
    "edge_mode": "balanced_extend5",
    "lines_per_sweep": 5,
    "path_length_m": 2.1,
    "path_mode": "gate_c",
    "step_over_m": 0.044000000000000004,
    "step_over_ratio": 0.4,
    "sweeps": 2
  },
  "physics_seed": 20260901,
  "policy_seed": 20260831,
  "profiles": [
    "legacy_stress",
    "factory_prepolish",
    "factory_prepolish_deep_defect",
    "factory_prepolish_deep_stress"
  ],
  "saved_iteration": 211,
  "shield_mode": "control",
  "surface_kind": "cylinder",
  "surface_seed_base": 41000,
  "tile_rows": 100,
  "training_performed": false
}
[INFO]: SimulationContext cleared
Loading user config located at: '/home/rokey/isaacsim-6.0.1/kit/data/Kit/IsaacLab/3.0/user.config.json'
2026-08-31T23:44:03Z [0ms] [Warning] [omni.ext.plugin] [ext: isaaclab_visualizers] Extensions config 'extension.toml' doesn't exist '/home/rokey/IsaacLab/source/isaaclab_visualizers' or '/home/rokey/IsaacLab/source/isaaclab_visualizers/config'
2026-08-31T23:44:04Z [373ms] [Warning] [omni.usd_config.extension] Enable omni.materialx.libs extension to use MaterialX
2026-08-31T23:44:07Z [4,070ms] [Warning] [isaaclab_physx.physics.physx_manager] TGS solver with enable_external_forces_every_iteration=False may cause noisy velocities.
2026-08-31T23:44:08Z [4,190ms] [Warning] [omni.usd] Encountered USD Warnings but USD Diagnostics are currently muted. To view USD Warnings, please set the '/persistent/app/usd/muteUsdDiagnostics' setting to false in Preferences page.
2026-08-31T23:44:09Z [5,690ms] [Warning] [usdrt.population.plugin] Last global time was not created. Did you call setEnableUsdNoticeHandling?
[F9 2026-09-01 08:48:09] done  (19/64) learning/rl/robot/results/gate_f9_control_cylinder_same_seed41000_20260901_072500
[F9 2026-09-01 08:48:09] start (20/64) static_cap/cylinder/same_xx/seed41000 -> learning/rl/robot/results/gate_f9_static_cap_cylinder_same_seed41000_20260901_072500
The '--headless' CLI argument is deprecated. Omit '--viz' for default headless. If config visualizers are enabled and you want to force headless, use '--viz none'.
WARNING: All log messages before absl::InitializeLog() is called are written to STDERR
E0000 00:00:1788220089.265841   67421 descriptor_database.cc:633] File already exists in database: grpc/health/v1/health.proto
W0000 00:00:1788220089.265871   67421 message.cc:301] Protobuf GeneratedMessageFactory: File is already registered: grpc/health/v1/health.proto
[ISAACLAB] AppLauncher initialization complete
[INFO]: Base environment:
	Environment device    : cuda:0
	Environment seed      : 20260901
	Physics step-size     : 0.008333333333333333
	Rendering step-size   : 0.05
	Environment step-size : 0.05
[INFO]: Registered backend 'physx' for factory Articulation.
[INFO] Robot /World/envs/env_0/Robot/m0609/m0609: 폴리싱 디스크 생성 완료 → /World/envs/env_0/Robot/m0609/m0609/polishing_contact_pad
[INFO]: Registered backend 'physx' for factory ContactSensor.
[INFO]: Time taken for scene creation Last: 1.011774 s, Mean: 1.011774 s, Std: 0.000000 s, N: 1
[INFO]: Scene manager:  <class InteractiveScene>
	Number of environments: 4
	Environment spacing   : 1.6
	Source prim name      : /World/envs/env_0
	Global prim paths     : []
	Replicate physics     : True
[INFO]: Starting the simulation. This may take a few seconds. Please wait...
[INFO]: Simulation parameters for joints in /World/envs/env_.*/Robot:
+--------------------------------------------------------------------------------------------------------------------------------------------------------------------+
|                                                 Simulation Joint Information (Prim path: /World/envs/env_.*/Robot)                                                 |
+-------+-----------+-----------+---------+----------+-----------------+------------------+------------------+---------------------+-----------------+---------------+
| Index | Name      | Stiffness | Damping | Armature | Static Friction | Dynamic Friction | Viscous Friction |   Position Limits   | Velocity Limits | Effort Limits |
+-------+-----------+-----------+---------+----------+-----------------+------------------+------------------+---------------------+-----------------+---------------+
|   0   | joint_1   |  1.0e+04  | 500.000 |  0.000   |      0.000      |      0.000       |      0.000       |   [-6.283, 6.283]   |      2.618      |    9.6e+03    |
|   1   | joint_2   |  1.0e+04  | 500.000 |  0.000   |      0.000      |      0.000       |      0.000       |   [-6.283, 6.283]   |      2.618      |    9.6e+03    |
|   2   | joint_3   |  1.0e+04  | 500.000 |  0.000   |      0.000      |      0.000       |      0.000       |   [-2.618, 2.618]   |      3.142      |    5.4e+03    |
|   3   | joint_4   |  1.0e+04  | 500.000 |  0.000   |      0.000      |      0.000       |      0.000       |   [-6.283, 6.283]   |      3.927      |    2.7e+03    |
|   4   | joint_5   |  1.0e+04  | 500.000 |  0.000   |      0.000      |      0.000       |      0.000       |   [-6.283, 6.283]   |      3.927      |    2.7e+03    |
|   5   | joint_6   |  1.0e+04  | 500.000 |  0.000   |      0.000      |      0.000       |      0.000       |   [-6.283, 6.283]   |      3.927      |    2.7e+03    |
|   6   | pad_joint |  2.0e+03  | 100.000 |  0.000   |      0.000      |      0.000       |      0.000       | [-3.4e+38, 3.4e+38] |     104.720     |    100.000    |
+-------+-----------+-----------+---------+----------+-----------------+------------------+------------------+---------------------+-----------------+---------------+
[INFO]: Time taken for simulation start Last: 0.715667 s, Mean: 0.715667 s, Std: 0.000000 s, N: 1
[INFO]: Completed setting up the environment...
[RobotPolishEnv] robot feed override 5.946 -> 12.700 mm/s (policy range 6.350~19.050 mm/s)
[RobotPolishEnv] v5 M0609+pad coupled | link_6 contact offset=[-0.0025 -0.02    0.0448] m
[FactoryPlanarRoiPolishEnv] Gate C so=0.40 edge=balanced_extend5 direction=same_xx path=2.100m
[GateF7CurvedObservationEnv] mode=base14 obs_dim=14
[Gate F8] static_cap/cylinder/same_xx step=1000 complete=1/4
[Gate F8] static_cap/cylinder/same_xx step=2000 complete=1/4
[Gate F8] static_cap/cylinder/same_xx step=3000 complete=2/4
[Gate F8] static_cap/cylinder/same_xx step=4000 complete=3/4
[Gate F8] static_cap/cylinder/same_xx step=5000 complete=3/4
{
  "all_finite": true,
  "checkpoint": "/home/rokey/cacadaca/learning/rl/robot/releases/gate_e7_seed1_it211_20260831_201801/model_gate_e7_seed1_it211.pt",
  "checkpoint_sha256": "c733763bfebd7fcead01cf2574bbd1621c4660b9347143cccb35e0e83449d052",
  "completed": 4,
  "created_utc": "2026-08-31T23:52:18.765238+00:00",
  "diagnostic_version": "gate_e6_local_window_area_v1",
  "direction_mode": "same_xx",
  "envs_per_profile": 1,
  "expected": 4,
  "gate": "F8_FORCE_SAFETY",
  "observation_mode": "base14",
  "path": {
    "direction_mode": "same_xx",
    "edge_mode": "balanced_extend5",
    "lines_per_sweep": 5,
    "path_length_m": 2.1,
    "path_mode": "gate_c",
    "step_over_m": 0.044000000000000004,
    "step_over_ratio": 0.4,
    "sweeps": 2
  },
  "physics_seed": 20260901,
  "policy_seed": 20260831,
  "profiles": [
    "legacy_stress",
    "factory_prepolish",
    "factory_prepolish_deep_defect",
    "factory_prepolish_deep_stress"
  ],
  "saved_iteration": 211,
  "shield_mode": "static_cap",
  "surface_kind": "cylinder",
  "surface_seed_base": 41000,
  "tile_rows": 100,
  "training_performed": false
}
[INFO]: SimulationContext cleared
Loading user config located at: '/home/rokey/isaacsim-6.0.1/kit/data/Kit/IsaacLab/3.0/user.config.json'
2026-08-31T23:48:09Z [0ms] [Warning] [omni.ext.plugin] [ext: isaaclab_visualizers] Extensions config 'extension.toml' doesn't exist '/home/rokey/IsaacLab/source/isaaclab_visualizers' or '/home/rokey/IsaacLab/source/isaaclab_visualizers/config'
2026-08-31T23:48:09Z [373ms] [Warning] [omni.usd_config.extension] Enable omni.materialx.libs extension to use MaterialX
2026-08-31T23:48:13Z [4,127ms] [Warning] [isaaclab_physx.physics.physx_manager] TGS solver with enable_external_forces_every_iteration=False may cause noisy velocities.
2026-08-31T23:48:13Z [4,243ms] [Warning] [omni.usd] Encountered USD Warnings but USD Diagnostics are currently muted. To view USD Warnings, please set the '/persistent/app/usd/muteUsdDiagnostics' setting to false in Preferences page.
2026-08-31T23:48:14Z [5,706ms] [Warning] [usdrt.population.plugin] Last global time was not created. Did you call setEnableUsdNoticeHandling?
[F9 2026-09-01 08:52:19] done  (20/64) learning/rl/robot/results/gate_f9_static_cap_cylinder_same_seed41000_20260901_072500
[F9 2026-09-01 08:52:19] start (21/64) control/sphere/same_xx/seed41000 -> learning/rl/robot/results/gate_f9_control_sphere_same_seed41000_20260901_072500
The '--headless' CLI argument is deprecated. Omit '--viz' for default headless. If config visualizers are enabled and you want to force headless, use '--viz none'.
WARNING: All log messages before absl::InitializeLog() is called are written to STDERR
E0000 00:00:1788220339.357586   67809 descriptor_database.cc:633] File already exists in database: grpc/health/v1/health.proto
W0000 00:00:1788220339.357618   67809 message.cc:301] Protobuf GeneratedMessageFactory: File is already registered: grpc/health/v1/health.proto
[ISAACLAB] AppLauncher initialization complete
[INFO]: Base environment:
	Environment device    : cuda:0
	Environment seed      : 20260901
	Physics step-size     : 0.008333333333333333
	Rendering step-size   : 0.05
	Environment step-size : 0.05
[INFO]: Registered backend 'physx' for factory Articulation.
[INFO] Robot /World/envs/env_0/Robot/m0609/m0609: 폴리싱 디스크 생성 완료 → /World/envs/env_0/Robot/m0609/m0609/polishing_contact_pad
[INFO]: Registered backend 'physx' for factory ContactSensor.
[INFO]: Time taken for scene creation Last: 1.124055 s, Mean: 1.124055 s, Std: 0.000000 s, N: 1
[INFO]: Scene manager:  <class InteractiveScene>
	Number of environments: 4
	Environment spacing   : 1.6
	Source prim name      : /World/envs/env_0
	Global prim paths     : []
	Replicate physics     : True
[INFO]: Starting the simulation. This may take a few seconds. Please wait...
[INFO]: Simulation parameters for joints in /World/envs/env_.*/Robot:
+--------------------------------------------------------------------------------------------------------------------------------------------------------------------+
|                                                 Simulation Joint Information (Prim path: /World/envs/env_.*/Robot)                                                 |
+-------+-----------+-----------+---------+----------+-----------------+------------------+------------------+---------------------+-----------------+---------------+
| Index | Name      | Stiffness | Damping | Armature | Static Friction | Dynamic Friction | Viscous Friction |   Position Limits   | Velocity Limits | Effort Limits |
+-------+-----------+-----------+---------+----------+-----------------+------------------+------------------+---------------------+-----------------+---------------+
|   0   | joint_1   |  1.0e+04  | 500.000 |  0.000   |      0.000      |      0.000       |      0.000       |   [-6.283, 6.283]   |      2.618      |    9.6e+03    |
|   1   | joint_2   |  1.0e+04  | 500.000 |  0.000   |      0.000      |      0.000       |      0.000       |   [-6.283, 6.283]   |      2.618      |    9.6e+03    |
|   2   | joint_3   |  1.0e+04  | 500.000 |  0.000   |      0.000      |      0.000       |      0.000       |   [-2.618, 2.618]   |      3.142      |    5.4e+03    |
|   3   | joint_4   |  1.0e+04  | 500.000 |  0.000   |      0.000      |      0.000       |      0.000       |   [-6.283, 6.283]   |      3.927      |    2.7e+03    |
|   4   | joint_5   |  1.0e+04  | 500.000 |  0.000   |      0.000      |      0.000       |      0.000       |   [-6.283, 6.283]   |      3.927      |    2.7e+03    |
|   5   | joint_6   |  1.0e+04  | 500.000 |  0.000   |      0.000      |      0.000       |      0.000       |   [-6.283, 6.283]   |      3.927      |    2.7e+03    |
|   6   | pad_joint |  2.0e+03  | 100.000 |  0.000   |      0.000      |      0.000       |      0.000       | [-3.4e+38, 3.4e+38] |     104.720     |    100.000    |
+-------+-----------+-----------+---------+----------+-----------------+------------------+------------------+---------------------+-----------------+---------------+
[INFO]: Time taken for simulation start Last: 0.725478 s, Mean: 0.725478 s, Std: 0.000000 s, N: 1
[INFO]: Completed setting up the environment...
[RobotPolishEnv] robot feed override 5.946 -> 12.700 mm/s (policy range 6.350~19.050 mm/s)
[RobotPolishEnv] v5 M0609+pad coupled | link_6 contact offset=[-0.0025 -0.02    0.0448] m
[FactoryPlanarRoiPolishEnv] Gate C so=0.40 edge=balanced_extend5 direction=same_xx path=2.100m
[GateF7CurvedObservationEnv] mode=base14 obs_dim=14
[Gate F8] control/sphere/same_xx step=1000 complete=0/4
[Gate F8] control/sphere/same_xx step=2000 complete=0/4
[Gate F8] control/sphere/same_xx step=3000 complete=0/4
[Gate F8] control/sphere/same_xx step=4000 complete=3/4
[Gate F8] control/sphere/same_xx step=5000 complete=3/4
{
  "all_finite": true,
  "checkpoint": "/home/rokey/cacadaca/learning/rl/robot/releases/gate_e7_seed1_it211_20260831_201801/model_gate_e7_seed1_it211.pt",
  "checkpoint_sha256": "c733763bfebd7fcead01cf2574bbd1621c4660b9347143cccb35e0e83449d052",
  "completed": 4,
  "created_utc": "2026-08-31T23:56:57.730789+00:00",
  "diagnostic_version": "gate_e6_local_window_area_v1",
  "direction_mode": "same_xx",
  "envs_per_profile": 1,
  "expected": 4,
  "gate": "F8_FORCE_SAFETY",
  "observation_mode": "base14",
  "path": {
    "direction_mode": "same_xx",
    "edge_mode": "balanced_extend5",
    "lines_per_sweep": 5,
    "path_length_m": 2.1,
    "path_mode": "gate_c",
    "step_over_m": 0.044000000000000004,
    "step_over_ratio": 0.4,
    "sweeps": 2
  },
  "physics_seed": 20260901,
  "policy_seed": 20260831,
  "profiles": [
    "legacy_stress",
    "factory_prepolish",
    "factory_prepolish_deep_defect",
    "factory_prepolish_deep_stress"
  ],
  "saved_iteration": 211,
  "shield_mode": "control",
  "surface_kind": "sphere",
  "surface_seed_base": 41000,
  "tile_rows": 100,
  "training_performed": false
}
[INFO]: SimulationContext cleared
Loading user config located at: '/home/rokey/isaacsim-6.0.1/kit/data/Kit/IsaacLab/3.0/user.config.json'
2026-08-31T23:52:19Z [0ms] [Warning] [omni.ext.plugin] [ext: isaaclab_visualizers] Extensions config 'extension.toml' doesn't exist '/home/rokey/IsaacLab/source/isaaclab_visualizers' or '/home/rokey/IsaacLab/source/isaaclab_visualizers/config'
2026-08-31T23:52:19Z [396ms] [Warning] [omni.usd_config.extension] Enable omni.materialx.libs extension to use MaterialX
2026-08-31T23:52:23Z [4,139ms] [Warning] [isaaclab_physx.physics.physx_manager] TGS solver with enable_external_forces_every_iteration=False may cause noisy velocities.
2026-08-31T23:52:23Z [4,265ms] [Warning] [omni.usd] Encountered USD Warnings but USD Diagnostics are currently muted. To view USD Warnings, please set the '/persistent/app/usd/muteUsdDiagnostics' setting to false in Preferences page.
2026-08-31T23:52:25Z [5,845ms] [Warning] [usdrt.population.plugin] Last global time was not created. Did you call setEnableUsdNoticeHandling?
[F9 2026-09-01 08:56:58] done  (21/64) learning/rl/robot/results/gate_f9_control_sphere_same_seed41000_20260901_072500
[F9 2026-09-01 08:56:58] start (22/64) static_cap/sphere/same_xx/seed41000 -> learning/rl/robot/results/gate_f9_static_cap_sphere_same_seed41000_20260901_072500
The '--headless' CLI argument is deprecated. Omit '--viz' for default headless. If config visualizers are enabled and you want to force headless, use '--viz none'.
WARNING: All log messages before absl::InitializeLog() is called are written to STDERR
E0000 00:00:1788220618.409152   68211 descriptor_database.cc:633] File already exists in database: grpc/health/v1/health.proto
W0000 00:00:1788220618.409182   68211 message.cc:301] Protobuf GeneratedMessageFactory: File is already registered: grpc/health/v1/health.proto
[ISAACLAB] AppLauncher initialization complete
[INFO]: Base environment:
	Environment device    : cuda:0
	Environment seed      : 20260901
	Physics step-size     : 0.008333333333333333
	Rendering step-size   : 0.05
	Environment step-size : 0.05
[INFO]: Registered backend 'physx' for factory Articulation.
[INFO] Robot /World/envs/env_0/Robot/m0609/m0609: 폴리싱 디스크 생성 완료 → /World/envs/env_0/Robot/m0609/m0609/polishing_contact_pad
[INFO]: Time taken for scene creation Last: 50.084084 s, Mean: 50.084084 s, Std: 0.000000 s, N: 1
[INFO]: SimulationContext cleared
Loading user config located at: '/home/rokey/isaacsim-6.0.1/kit/data/Kit/IsaacLab/3.0/user.config.json'
2026-08-31T23:56:58Z [0ms] [Warning] [omni.ext.plugin] [ext: isaaclab_visualizers] Extensions config 'extension.toml' doesn't exist '/home/rokey/IsaacLab/source/isaaclab_visualizers' or '/home/rokey/IsaacLab/source/isaaclab_visualizers/config'
2026-08-31T23:56:58Z [423ms] [Warning] [omni.usd_config.extension] Enable omni.materialx.libs extension to use MaterialX
2026-08-31T23:57:03Z [4,690ms] [Warning] [isaaclab_physx.physics.physx_manager] TGS solver with enable_external_forces_every_iteration=False may cause noisy velocities.
2026-08-31T23:57:03Z [4,829ms] [Warning] [omni.usd] Encountered USD Warnings but USD Diagnostics are currently muted. To view USD Warnings, please set the '/persistent/app/usd/muteUsdDiagnostics' setting to false in Preferences page.
2026-08-31T23:57:13Z [15,027ms] [Warning] [omni.client.python] Detected a blocking function. This will cause hitches or hangs in the UI. Please switch to the async version:
  File "/home/rokey/cacadaca/learning/rl/gate_f8_force_safety_eval.py", line 291, in <module>
  File "/home/rokey/cacadaca/learning/rl/gate_f8_force_safety_eval.py", line 150, in main
  File "/home/rokey/cacadaca/learning/rl/gate_f8_force_safety_eval.py", line 88, in __init__
  File "/home/rokey/cacadaca/learning/rl/env/gate_f7_curved_observation_env.py", line 50, in __init__
  File "/home/rokey/cacadaca/learning/rl/env/planar_roi_polish_env.py", line 35, in __init__
  File "/home/rokey/cacadaca/learning/rl/env/robot_polish_env.py", line 173, in __init__
  File "/home/rokey/cacadaca/learning/rl/env/polish_env.py", line 63, in __init__
  File "/home/rokey/IsaacLab/source/isaaclab/isaaclab/envs/direct_rl_env.py", line 120, in __init__
  File "/home/rokey/IsaacLab/source/isaaclab/isaaclab/envs/direct_rl_env.py", line 157, in _init_sim
  File "/home/rokey/cacadaca/learning/rl/env/gate_f_curved_polish_env.py", line 146, in _setup_scene
  File "/home/rokey/IsaacLab/source/isaaclab/isaaclab/sim/spawners/from_files/from_files.py", line 208, in spawn_ground_plane
  File "/home/rokey/IsaacLab/source/isaaclab/isaaclab/sim/utils/prims.py", line 157, in create_prim
  File "/home/rokey/IsaacLab/source/isaaclab/isaaclab/sim/utils/prims.py", line 913, in add_usd_reference
  File "/home/rokey/IsaacLab/source/isaaclab/isaaclab/utils/assets.py", line 81, in check_file_path
  File "/home/rokey/isaacsim-6.0.1/kit/extscore/omni.client.lib/omni/client/impl/__init__.py", line 144, in stat

[F9 2026-09-01 08:57:53] done  (22/64) learning/rl/robot/results/gate_f9_static_cap_sphere_same_seed41000_20260901_072500
[F9 2026-09-01 08:57:53] start (23/64) control/freeform/same_xx/seed41000 -> learning/rl/robot/results/gate_f9_control_freeform_same_seed41000_20260901_072500
The '--headless' CLI argument is deprecated. Omit '--viz' for default headless. If config visualizers are enabled and you want to force headless, use '--viz none'.
WARNING: All log messages before absl::InitializeLog() is called are written to STDERR
E0000 00:00:1788220673.773641   68403 descriptor_database.cc:633] File already exists in database: grpc/health/v1/health.proto
W0000 00:00:1788220673.773675   68403 message.cc:301] Protobuf GeneratedMessageFactory: File is already registered: grpc/health/v1/health.proto
[ISAACLAB] AppLauncher initialization complete
[INFO]: Base environment:
	Environment device    : cuda:0
	Environment seed      : 20260901
	Physics step-size     : 0.008333333333333333
	Rendering step-size   : 0.05
	Environment step-size : 0.05
[INFO]: Registered backend 'physx' for factory Articulation.
[INFO] Robot /World/envs/env_0/Robot/m0609/m0609: 폴리싱 디스크 생성 완료 → /World/envs/env_0/Robot/m0609/m0609/polishing_contact_pad
[INFO]: Time taken for scene creation Last: 44.909229 s, Mean: 44.909229 s, Std: 0.000000 s, N: 1
[INFO]: SimulationContext cleared
Loading user config located at: '/home/rokey/isaacsim-6.0.1/kit/data/Kit/IsaacLab/3.0/user.config.json'
2026-08-31T23:57:53Z [0ms] [Warning] [omni.ext.plugin] [ext: isaaclab_visualizers] Extensions config 'extension.toml' doesn't exist '/home/rokey/IsaacLab/source/isaaclab_visualizers' or '/home/rokey/IsaacLab/source/isaaclab_visualizers/config'
2026-08-31T23:57:54Z [417ms] [Warning] [omni.usd_config.extension] Enable omni.materialx.libs extension to use MaterialX
2026-08-31T23:57:58Z [4,627ms] [Warning] [isaaclab_physx.physics.physx_manager] TGS solver with enable_external_forces_every_iteration=False may cause noisy velocities.
2026-08-31T23:57:58Z [4,769ms] [Warning] [omni.usd] Encountered USD Warnings but USD Diagnostics are currently muted. To view USD Warnings, please set the '/persistent/app/usd/muteUsdDiagnostics' setting to false in Preferences page.
2026-08-31T23:58:08Z [14,953ms] [Warning] [omni.client.python] Detected a blocking function. This will cause hitches or hangs in the UI. Please switch to the async version:
  File "/home/rokey/cacadaca/learning/rl/gate_f8_force_safety_eval.py", line 291, in <module>
  File "/home/rokey/cacadaca/learning/rl/gate_f8_force_safety_eval.py", line 150, in main
  File "/home/rokey/cacadaca/learning/rl/gate_f8_force_safety_eval.py", line 88, in __init__
  File "/home/rokey/cacadaca/learning/rl/env/gate_f7_curved_observation_env.py", line 50, in __init__
  File "/home/rokey/cacadaca/learning/rl/env/planar_roi_polish_env.py", line 35, in __init__
  File "/home/rokey/cacadaca/learning/rl/env/robot_polish_env.py", line 173, in __init__
  File "/home/rokey/cacadaca/learning/rl/env/polish_env.py", line 63, in __init__
  File "/home/rokey/IsaacLab/source/isaaclab/isaaclab/envs/direct_rl_env.py", line 120, in __init__
  File "/home/rokey/IsaacLab/source/isaaclab/isaaclab/envs/direct_rl_env.py", line 157, in _init_sim
  File "/home/rokey/cacadaca/learning/rl/env/gate_f_curved_polish_env.py", line 146, in _setup_scene
  File "/home/rokey/IsaacLab/source/isaaclab/isaaclab/sim/spawners/from_files/from_files.py", line 208, in spawn_ground_plane
  File "/home/rokey/IsaacLab/source/isaaclab/isaaclab/sim/utils/prims.py", line 157, in create_prim
  File "/home/rokey/IsaacLab/source/isaaclab/isaaclab/sim/utils/prims.py", line 913, in add_usd_reference
  File "/home/rokey/IsaacLab/source/isaaclab/isaaclab/utils/assets.py", line 81, in check_file_path
  File "/home/rokey/isaacsim-6.0.1/kit/extscore/omni.client.lib/omni/client/impl/__init__.py", line 144, in stat

[F9 2026-09-01 08:58:43] done  (23/64) learning/rl/robot/results/gate_f9_control_freeform_same_seed41000_20260901_072500
[F9 2026-09-01 08:58:43] start (24/64) static_cap/freeform/same_xx/seed41000 -> learning/rl/robot/results/gate_f9_static_cap_freeform_same_seed41000_20260901_072500
The '--headless' CLI argument is deprecated. Omit '--viz' for default headless. If config visualizers are enabled and you want to force headless, use '--viz none'.
WARNING: All log messages before absl::InitializeLog() is called are written to STDERR
E0000 00:00:1788220723.891632   68596 descriptor_database.cc:633] File already exists in database: grpc/health/v1/health.proto
W0000 00:00:1788220723.891663   68596 message.cc:301] Protobuf GeneratedMessageFactory: File is already registered: grpc/health/v1/health.proto
[ISAACLAB] AppLauncher initialization complete
[INFO]: Base environment:
	Environment device    : cuda:0
	Environment seed      : 20260901
	Physics step-size     : 0.008333333333333333
	Rendering step-size   : 0.05
	Environment step-size : 0.05
[INFO]: Registered backend 'physx' for factory Articulation.
[INFO] Robot /World/envs/env_0/Robot/m0609/m0609: 폴리싱 디스크 생성 완료 → /World/envs/env_0/Robot/m0609/m0609/polishing_contact_pad
[INFO]: Time taken for scene creation Last: 52.609583 s, Mean: 52.609583 s, Std: 0.000000 s, N: 1
[INFO]: SimulationContext cleared
Loading user config located at: '/home/rokey/isaacsim-6.0.1/kit/data/Kit/IsaacLab/3.0/user.config.json'
2026-08-31T23:58:43Z [0ms] [Warning] [omni.ext.plugin] [ext: isaaclab_visualizers] Extensions config 'extension.toml' doesn't exist '/home/rokey/IsaacLab/source/isaaclab_visualizers' or '/home/rokey/IsaacLab/source/isaaclab_visualizers/config'
2026-08-31T23:58:44Z [420ms] [Warning] [omni.usd_config.extension] Enable omni.materialx.libs extension to use MaterialX
2026-08-31T23:58:48Z [4,668ms] [Warning] [isaaclab_physx.physics.physx_manager] TGS solver with enable_external_forces_every_iteration=False may cause noisy velocities.
2026-08-31T23:58:48Z [4,805ms] [Warning] [omni.usd] Encountered USD Warnings but USD Diagnostics are currently muted. To view USD Warnings, please set the '/persistent/app/usd/muteUsdDiagnostics' setting to false in Preferences page.
2026-08-31T23:58:58Z [14,985ms] [Warning] [omni.client.python] Detected a blocking function. This will cause hitches or hangs in the UI. Please switch to the async version:
  File "/home/rokey/cacadaca/learning/rl/gate_f8_force_safety_eval.py", line 291, in <module>
  File "/home/rokey/cacadaca/learning/rl/gate_f8_force_safety_eval.py", line 150, in main
  File "/home/rokey/cacadaca/learning/rl/gate_f8_force_safety_eval.py", line 88, in __init__
  File "/home/rokey/cacadaca/learning/rl/env/gate_f7_curved_observation_env.py", line 50, in __init__
  File "/home/rokey/cacadaca/learning/rl/env/planar_roi_polish_env.py", line 35, in __init__
  File "/home/rokey/cacadaca/learning/rl/env/robot_polish_env.py", line 173, in __init__
  File "/home/rokey/cacadaca/learning/rl/env/polish_env.py", line 63, in __init__
  File "/home/rokey/IsaacLab/source/isaaclab/isaaclab/envs/direct_rl_env.py", line 120, in __init__
  File "/home/rokey/IsaacLab/source/isaaclab/isaaclab/envs/direct_rl_env.py", line 157, in _init_sim
  File "/home/rokey/cacadaca/learning/rl/env/gate_f_curved_polish_env.py", line 146, in _setup_scene
  File "/home/rokey/IsaacLab/source/isaaclab/isaaclab/sim/spawners/from_files/from_files.py", line 208, in spawn_ground_plane
  File "/home/rokey/IsaacLab/source/isaaclab/isaaclab/sim/utils/prims.py", line 157, in create_prim
  File "/home/rokey/IsaacLab/source/isaaclab/isaaclab/sim/utils/prims.py", line 913, in add_usd_reference
  File "/home/rokey/IsaacLab/source/isaaclab/isaaclab/utils/assets.py", line 81, in check_file_path
  File "/home/rokey/isaacsim-6.0.1/kit/extscore/omni.client.lib/omni/client/impl/__init__.py", line 144, in stat

[F9 2026-09-01 08:59:41] done  (24/64) learning/rl/robot/results/gate_f9_static_cap_freeform_same_seed41000_20260901_072500
[F9 2026-09-01 08:59:41] start (25/64) control/flat/cross_xy/seed41000 -> learning/rl/robot/results/gate_f9_control_flat_cross_seed41000_20260901_072500
The '--headless' CLI argument is deprecated. Omit '--viz' for default headless. If config visualizers are enabled and you want to force headless, use '--viz none'.
WARNING: All log messages before absl::InitializeLog() is called are written to STDERR
E0000 00:00:1788220781.769663   68792 descriptor_database.cc:633] File already exists in database: grpc/health/v1/health.proto
W0000 00:00:1788220781.769692   68792 message.cc:301] Protobuf GeneratedMessageFactory: File is already registered: grpc/health/v1/health.proto
[ISAACLAB] AppLauncher initialization complete
[INFO]: Base environment:
	Environment device    : cuda:0
	Environment seed      : 20260901
	Physics step-size     : 0.008333333333333333
	Rendering step-size   : 0.05
	Environment step-size : 0.05
[INFO]: Registered backend 'physx' for factory Articulation.
[INFO] Robot /World/envs/env_0/Robot/m0609/m0609: 폴리싱 디스크 생성 완료 → /World/envs/env_0/Robot/m0609/m0609/polishing_contact_pad
[INFO]: Time taken for scene creation Last: 49.660046 s, Mean: 49.660046 s, Std: 0.000000 s, N: 1
[INFO]: SimulationContext cleared
Loading user config located at: '/home/rokey/isaacsim-6.0.1/kit/data/Kit/IsaacLab/3.0/user.config.json'
2026-08-31T23:59:41Z [0ms] [Warning] [omni.ext.plugin] [ext: isaaclab_visualizers] Extensions config 'extension.toml' doesn't exist '/home/rokey/IsaacLab/source/isaaclab_visualizers' or '/home/rokey/IsaacLab/source/isaaclab_visualizers/config'
2026-08-31T23:59:42Z [410ms] [Warning] [omni.usd_config.extension] Enable omni.materialx.libs extension to use MaterialX
2026-08-31T23:59:46Z [4,599ms] [Warning] [isaaclab_physx.physics.physx_manager] TGS solver with enable_external_forces_every_iteration=False may cause noisy velocities.
2026-08-31T23:59:46Z [4,734ms] [Warning] [omni.usd] Encountered USD Warnings but USD Diagnostics are currently muted. To view USD Warnings, please set the '/persistent/app/usd/muteUsdDiagnostics' setting to false in Preferences page.
2026-08-31T23:59:56Z [14,901ms] [Warning] [omni.client.python] Detected a blocking function. This will cause hitches or hangs in the UI. Please switch to the async version:
  File "/home/rokey/cacadaca/learning/rl/gate_f8_force_safety_eval.py", line 291, in <module>
  File "/home/rokey/cacadaca/learning/rl/gate_f8_force_safety_eval.py", line 150, in main
  File "/home/rokey/cacadaca/learning/rl/gate_f8_force_safety_eval.py", line 88, in __init__
  File "/home/rokey/cacadaca/learning/rl/env/gate_f7_curved_observation_env.py", line 50, in __init__
  File "/home/rokey/cacadaca/learning/rl/env/planar_roi_polish_env.py", line 35, in __init__
  File "/home/rokey/cacadaca/learning/rl/env/robot_polish_env.py", line 173, in __init__
  File "/home/rokey/cacadaca/learning/rl/env/polish_env.py", line 63, in __init__
  File "/home/rokey/IsaacLab/source/isaaclab/isaaclab/envs/direct_rl_env.py", line 120, in __init__
  File "/home/rokey/IsaacLab/source/isaaclab/isaaclab/envs/direct_rl_env.py", line 157, in _init_sim
  File "/home/rokey/cacadaca/learning/rl/env/gate_f_curved_polish_env.py", line 146, in _setup_scene
  File "/home/rokey/IsaacLab/source/isaaclab/isaaclab/sim/spawners/from_files/from_files.py", line 208, in spawn_ground_plane
  File "/home/rokey/IsaacLab/source/isaaclab/isaaclab/sim/utils/prims.py", line 157, in create_prim
  File "/home/rokey/IsaacLab/source/isaaclab/isaaclab/sim/utils/prims.py", line 913, in add_usd_reference
  File "/home/rokey/IsaacLab/source/isaaclab/isaaclab/utils/assets.py", line 81, in check_file_path
  File "/home/rokey/isaacsim-6.0.1/kit/extscore/omni.client.lib/omni/client/impl/__init__.py", line 144, in stat

[F9 2026-09-01 09:00:36] done  (25/64) learning/rl/robot/results/gate_f9_control_flat_cross_seed41000_20260901_072500
[F9 2026-09-01 09:00:36] start (26/64) static_cap/flat/cross_xy/seed41000 -> learning/rl/robot/results/gate_f9_static_cap_flat_cross_seed41000_20260901_072500
The '--headless' CLI argument is deprecated. Omit '--viz' for default headless. If config visualizers are enabled and you want to force headless, use '--viz none'.
WARNING: All log messages before absl::InitializeLog() is called are written to STDERR
E0000 00:00:1788220836.615345   68997 descriptor_database.cc:633] File already exists in database: grpc/health/v1/health.proto
W0000 00:00:1788220836.615373   68997 message.cc:301] Protobuf GeneratedMessageFactory: File is already registered: grpc/health/v1/health.proto
[ISAACLAB] AppLauncher initialization complete
[INFO]: Base environment:
	Environment device    : cuda:0
	Environment seed      : 20260901
	Physics step-size     : 0.008333333333333333
	Rendering step-size   : 0.05
	Environment step-size : 0.05
[INFO]: Registered backend 'physx' for factory Articulation.
[INFO] Robot /World/envs/env_0/Robot/m0609/m0609: 폴리싱 디스크 생성 완료 → /World/envs/env_0/Robot/m0609/m0609/polishing_contact_pad
[INFO]: Time taken for scene creation Last: 55.524448 s, Mean: 55.524448 s, Std: 0.000000 s, N: 1
[INFO]: SimulationContext cleared
Loading user config located at: '/home/rokey/isaacsim-6.0.1/kit/data/Kit/IsaacLab/3.0/user.config.json'
2026-09-01T00:00:36Z [0ms] [Warning] [omni.ext.plugin] [ext: isaaclab_visualizers] Extensions config 'extension.toml' doesn't exist '/home/rokey/IsaacLab/source/isaaclab_visualizers' or '/home/rokey/IsaacLab/source/isaaclab_visualizers/config'
2026-09-01T00:00:36Z [413ms] [Warning] [omni.usd_config.extension] Enable omni.materialx.libs extension to use MaterialX
2026-09-01T00:00:41Z [4,650ms] [Warning] [isaaclab_physx.physics.physx_manager] TGS solver with enable_external_forces_every_iteration=False may cause noisy velocities.
2026-09-01T00:00:41Z [4,790ms] [Warning] [omni.usd] Encountered USD Warnings but USD Diagnostics are currently muted. To view USD Warnings, please set the '/persistent/app/usd/muteUsdDiagnostics' setting to false in Preferences page.
2026-09-01T00:00:51Z [14,959ms] [Warning] [omni.client.python] Detected a blocking function. This will cause hitches or hangs in the UI. Please switch to the async version:
  File "/home/rokey/cacadaca/learning/rl/gate_f8_force_safety_eval.py", line 291, in <module>
  File "/home/rokey/cacadaca/learning/rl/gate_f8_force_safety_eval.py", line 150, in main
  File "/home/rokey/cacadaca/learning/rl/gate_f8_force_safety_eval.py", line 88, in __init__
  File "/home/rokey/cacadaca/learning/rl/env/gate_f7_curved_observation_env.py", line 50, in __init__
  File "/home/rokey/cacadaca/learning/rl/env/planar_roi_polish_env.py", line 35, in __init__
  File "/home/rokey/cacadaca/learning/rl/env/robot_polish_env.py", line 173, in __init__
  File "/home/rokey/cacadaca/learning/rl/env/polish_env.py", line 63, in __init__
  File "/home/rokey/IsaacLab/source/isaaclab/isaaclab/envs/direct_rl_env.py", line 120, in __init__
  File "/home/rokey/IsaacLab/source/isaaclab/isaaclab/envs/direct_rl_env.py", line 157, in _init_sim
  File "/home/rokey/cacadaca/learning/rl/env/gate_f_curved_polish_env.py", line 146, in _setup_scene
  File "/home/rokey/IsaacLab/source/isaaclab/isaaclab/sim/spawners/from_files/from_files.py", line 208, in spawn_ground_plane
  File "/home/rokey/IsaacLab/source/isaaclab/isaaclab/sim/utils/prims.py", line 157, in create_prim
  File "/home/rokey/IsaacLab/source/isaaclab/isaaclab/sim/utils/prims.py", line 913, in add_usd_reference
  File "/home/rokey/IsaacLab/source/isaaclab/isaaclab/utils/assets.py", line 81, in check_file_path
  File "/home/rokey/isaacsim-6.0.1/kit/extscore/omni.client.lib/omni/client/impl/__init__.py", line 144, in stat

[F9 2026-09-01 09:01:37] done  (26/64) learning/rl/robot/results/gate_f9_static_cap_flat_cross_seed41000_20260901_072500
[F9 2026-09-01 09:01:37] start (27/64) control/cylinder/cross_xy/seed41000 -> learning/rl/robot/results/gate_f9_control_cylinder_cross_seed41000_20260901_072500
The '--headless' CLI argument is deprecated. Omit '--viz' for default headless. If config visualizers are enabled and you want to force headless, use '--viz none'.
WARNING: All log messages before absl::InitializeLog() is called are written to STDERR
E0000 00:00:1788220897.341269   69191 descriptor_database.cc:633] File already exists in database: grpc/health/v1/health.proto
W0000 00:00:1788220897.341311   69191 message.cc:301] Protobuf GeneratedMessageFactory: File is already registered: grpc/health/v1/health.proto
[ISAACLAB] AppLauncher initialization complete
[INFO]: Base environment:
	Environment device    : cuda:0
	Environment seed      : 20260901
	Physics step-size     : 0.008333333333333333
	Rendering step-size   : 0.05
	Environment step-size : 0.05
[INFO]: Registered backend 'physx' for factory Articulation.
[INFO] Robot /World/envs/env_0/Robot/m0609/m0609: 폴리싱 디스크 생성 완료 → /World/envs/env_0/Robot/m0609/m0609/polishing_contact_pad
[INFO]: Time taken for scene creation Last: 51.231646 s, Mean: 51.231646 s, Std: 0.000000 s, N: 1
[INFO]: SimulationContext cleared
Loading user config located at: '/home/rokey/isaacsim-6.0.1/kit/data/Kit/IsaacLab/3.0/user.config.json'
2026-09-01T00:01:37Z [0ms] [Warning] [omni.ext.plugin] [ext: isaaclab_visualizers] Extensions config 'extension.toml' doesn't exist '/home/rokey/IsaacLab/source/isaaclab_visualizers' or '/home/rokey/IsaacLab/source/isaaclab_visualizers/config'
2026-09-01T00:01:37Z [404ms] [Warning] [omni.usd_config.extension] Enable omni.materialx.libs extension to use MaterialX
2026-09-01T00:01:41Z [4,617ms] [Warning] [isaaclab_physx.physics.physx_manager] TGS solver with enable_external_forces_every_iteration=False may cause noisy velocities.
2026-09-01T00:01:42Z [4,755ms] [Warning] [omni.usd] Encountered USD Warnings but USD Diagnostics are currently muted. To view USD Warnings, please set the '/persistent/app/usd/muteUsdDiagnostics' setting to false in Preferences page.
2026-09-01T00:01:52Z [14,950ms] [Warning] [omni.client.python] Detected a blocking function. This will cause hitches or hangs in the UI. Please switch to the async version:
  File "/home/rokey/cacadaca/learning/rl/gate_f8_force_safety_eval.py", line 291, in <module>
  File "/home/rokey/cacadaca/learning/rl/gate_f8_force_safety_eval.py", line 150, in main
  File "/home/rokey/cacadaca/learning/rl/gate_f8_force_safety_eval.py", line 88, in __init__
  File "/home/rokey/cacadaca/learning/rl/env/gate_f7_curved_observation_env.py", line 50, in __init__
  File "/home/rokey/cacadaca/learning/rl/env/planar_roi_polish_env.py", line 35, in __init__
  File "/home/rokey/cacadaca/learning/rl/env/robot_polish_env.py", line 173, in __init__
  File "/home/rokey/cacadaca/learning/rl/env/polish_env.py", line 63, in __init__
  File "/home/rokey/IsaacLab/source/isaaclab/isaaclab/envs/direct_rl_env.py", line 120, in __init__
  File "/home/rokey/IsaacLab/source/isaaclab/isaaclab/envs/direct_rl_env.py", line 157, in _init_sim
  File "/home/rokey/cacadaca/learning/rl/env/gate_f_curved_polish_env.py", line 146, in _setup_scene
  File "/home/rokey/IsaacLab/source/isaaclab/isaaclab/sim/spawners/from_files/from_files.py", line 208, in spawn_ground_plane
  File "/home/rokey/IsaacLab/source/isaaclab/isaaclab/sim/utils/prims.py", line 157, in create_prim
  File "/home/rokey/IsaacLab/source/isaaclab/isaaclab/sim/utils/prims.py", line 913, in add_usd_reference
  File "/home/rokey/IsaacLab/source/isaaclab/isaaclab/utils/assets.py", line 81, in check_file_path
  File "/home/rokey/isaacsim-6.0.1/kit/extscore/omni.client.lib/omni/client/impl/__init__.py", line 144, in stat

[F9 2026-09-01 09:02:33] done  (27/64) learning/rl/robot/results/gate_f9_control_cylinder_cross_seed41000_20260901_072500
[F9 2026-09-01 09:02:33] start (28/64) static_cap/cylinder/cross_xy/seed41000 -> learning/rl/robot/results/gate_f9_static_cap_cylinder_cross_seed41000_20260901_072500
The '--headless' CLI argument is deprecated. Omit '--viz' for default headless. If config visualizers are enabled and you want to force headless, use '--viz none'.
WARNING: All log messages before absl::InitializeLog() is called are written to STDERR
E0000 00:00:1788220953.805502   69396 descriptor_database.cc:633] File already exists in database: grpc/health/v1/health.proto
W0000 00:00:1788220953.805548   69396 message.cc:301] Protobuf GeneratedMessageFactory: File is already registered: grpc/health/v1/health.proto
[ISAACLAB] AppLauncher initialization complete
[INFO]: Base environment:
	Environment device    : cuda:0
	Environment seed      : 20260901
	Physics step-size     : 0.008333333333333333
	Rendering step-size   : 0.05
	Environment step-size : 0.05
[INFO]: Registered backend 'physx' for factory Articulation.
[INFO] Robot /World/envs/env_0/Robot/m0609/m0609: 폴리싱 디스크 생성 완료 → /World/envs/env_0/Robot/m0609/m0609/polishing_contact_pad
[INFO]: Time taken for scene creation Last: 52.609727 s, Mean: 52.609727 s, Std: 0.000000 s, N: 1
[INFO]: SimulationContext cleared
Loading user config located at: '/home/rokey/isaacsim-6.0.1/kit/data/Kit/IsaacLab/3.0/user.config.json'
2026-09-01T00:02:33Z [0ms] [Warning] [omni.ext.plugin] [ext: isaaclab_visualizers] Extensions config 'extension.toml' doesn't exist '/home/rokey/IsaacLab/source/isaaclab_visualizers' or '/home/rokey/IsaacLab/source/isaaclab_visualizers/config'
2026-09-01T00:02:34Z [425ms] [Warning] [omni.usd_config.extension] Enable omni.materialx.libs extension to use MaterialX
2026-09-01T00:02:38Z [4,713ms] [Warning] [isaaclab_physx.physics.physx_manager] TGS solver with enable_external_forces_every_iteration=False may cause noisy velocities.
2026-09-01T00:02:38Z [4,857ms] [Warning] [omni.usd] Encountered USD Warnings but USD Diagnostics are currently muted. To view USD Warnings, please set the '/persistent/app/usd/muteUsdDiagnostics' setting to false in Preferences page.
2026-09-01T00:02:48Z [15,039ms] [Warning] [omni.client.python] Detected a blocking function. This will cause hitches or hangs in the UI. Please switch to the async version:
  File "/home/rokey/cacadaca/learning/rl/gate_f8_force_safety_eval.py", line 291, in <module>
  File "/home/rokey/cacadaca/learning/rl/gate_f8_force_safety_eval.py", line 150, in main
  File "/home/rokey/cacadaca/learning/rl/gate_f8_force_safety_eval.py", line 88, in __init__
  File "/home/rokey/cacadaca/learning/rl/env/gate_f7_curved_observation_env.py", line 50, in __init__
  File "/home/rokey/cacadaca/learning/rl/env/planar_roi_polish_env.py", line 35, in __init__
  File "/home/rokey/cacadaca/learning/rl/env/robot_polish_env.py", line 173, in __init__
  File "/home/rokey/cacadaca/learning/rl/env/polish_env.py", line 63, in __init__
  File "/home/rokey/IsaacLab/source/isaaclab/isaaclab/envs/direct_rl_env.py", line 120, in __init__
  File "/home/rokey/IsaacLab/source/isaaclab/isaaclab/envs/direct_rl_env.py", line 157, in _init_sim
  File "/home/rokey/cacadaca/learning/rl/env/gate_f_curved_polish_env.py", line 146, in _setup_scene
  File "/home/rokey/IsaacLab/source/isaaclab/isaaclab/sim/spawners/from_files/from_files.py", line 208, in spawn_ground_plane
  File "/home/rokey/IsaacLab/source/isaaclab/isaaclab/sim/utils/prims.py", line 157, in create_prim
  File "/home/rokey/IsaacLab/source/isaaclab/isaaclab/sim/utils/prims.py", line 913, in add_usd_reference
  File "/home/rokey/IsaacLab/source/isaaclab/isaaclab/utils/assets.py", line 81, in check_file_path
  File "/home/rokey/isaacsim-6.0.1/kit/extscore/omni.client.lib/omni/client/impl/__init__.py", line 144, in stat

[F9 2026-09-01 09:03:31] done  (28/64) learning/rl/robot/results/gate_f9_static_cap_cylinder_cross_seed41000_20260901_072500
[F9 2026-09-01 09:03:31] start (29/64) control/sphere/cross_xy/seed41000 -> learning/rl/robot/results/gate_f9_control_sphere_cross_seed41000_20260901_072500
The '--headless' CLI argument is deprecated. Omit '--viz' for default headless. If config visualizers are enabled and you want to force headless, use '--viz none'.
WARNING: All log messages before absl::InitializeLog() is called are written to STDERR
E0000 00:00:1788221011.666674   69596 descriptor_database.cc:633] File already exists in database: grpc/health/v1/health.proto
W0000 00:00:1788221011.666712   69596 message.cc:301] Protobuf GeneratedMessageFactory: File is already registered: grpc/health/v1/health.proto
[ISAACLAB] AppLauncher initialization complete
[INFO]: Base environment:
	Environment device    : cuda:0
	Environment seed      : 20260901
	Physics step-size     : 0.008333333333333333
	Rendering step-size   : 0.05
	Environment step-size : 0.05
[INFO]: Registered backend 'physx' for factory Articulation.
[INFO] Robot /World/envs/env_0/Robot/m0609/m0609: 폴리싱 디스크 생성 완료 → /World/envs/env_0/Robot/m0609/m0609/polishing_contact_pad
[INFO]: Time taken for scene creation Last: 46.644639 s, Mean: 46.644639 s, Std: 0.000000 s, N: 1
[INFO]: SimulationContext cleared
Loading user config located at: '/home/rokey/isaacsim-6.0.1/kit/data/Kit/IsaacLab/3.0/user.config.json'
2026-09-01T00:03:31Z [0ms] [Warning] [omni.ext.plugin] [ext: isaaclab_visualizers] Extensions config 'extension.toml' doesn't exist '/home/rokey/IsaacLab/source/isaaclab_visualizers' or '/home/rokey/IsaacLab/source/isaaclab_visualizers/config'
2026-09-01T00:03:32Z [416ms] [Warning] [omni.usd_config.extension] Enable omni.materialx.libs extension to use MaterialX
2026-09-01T00:03:36Z [4,717ms] [Warning] [isaaclab_physx.physics.physx_manager] TGS solver with enable_external_forces_every_iteration=False may cause noisy velocities.
2026-09-01T00:03:36Z [4,859ms] [Warning] [omni.usd] Encountered USD Warnings but USD Diagnostics are currently muted. To view USD Warnings, please set the '/persistent/app/usd/muteUsdDiagnostics' setting to false in Preferences page.
2026-09-01T00:03:46Z [15,081ms] [Warning] [omni.client.python] Detected a blocking function. This will cause hitches or hangs in the UI. Please switch to the async version:
  File "/home/rokey/cacadaca/learning/rl/gate_f8_force_safety_eval.py", line 291, in <module>
  File "/home/rokey/cacadaca/learning/rl/gate_f8_force_safety_eval.py", line 150, in main
  File "/home/rokey/cacadaca/learning/rl/gate_f8_force_safety_eval.py", line 88, in __init__
  File "/home/rokey/cacadaca/learning/rl/env/gate_f7_curved_observation_env.py", line 50, in __init__
  File "/home/rokey/cacadaca/learning/rl/env/planar_roi_polish_env.py", line 35, in __init__
  File "/home/rokey/cacadaca/learning/rl/env/robot_polish_env.py", line 173, in __init__
  File "/home/rokey/cacadaca/learning/rl/env/polish_env.py", line 63, in __init__
  File "/home/rokey/IsaacLab/source/isaaclab/isaaclab/envs/direct_rl_env.py", line 120, in __init__
  File "/home/rokey/IsaacLab/source/isaaclab/isaaclab/envs/direct_rl_env.py", line 157, in _init_sim
  File "/home/rokey/cacadaca/learning/rl/env/gate_f_curved_polish_env.py", line 146, in _setup_scene
  File "/home/rokey/IsaacLab/source/isaaclab/isaaclab/sim/spawners/from_files/from_files.py", line 208, in spawn_ground_plane
  File "/home/rokey/IsaacLab/source/isaaclab/isaaclab/sim/utils/prims.py", line 157, in create_prim
  File "/home/rokey/IsaacLab/source/isaaclab/isaaclab/sim/utils/prims.py", line 913, in add_usd_reference
  File "/home/rokey/IsaacLab/source/isaaclab/isaaclab/utils/assets.py", line 81, in check_file_path
  File "/home/rokey/isaacsim-6.0.1/kit/extscore/omni.client.lib/omni/client/impl/__init__.py", line 144, in stat

[F9 2026-09-01 09:04:23] done  (29/64) learning/rl/robot/results/gate_f9_control_sphere_cross_seed41000_20260901_072500
[F9 2026-09-01 09:04:23] start (30/64) static_cap/sphere/cross_xy/seed41000 -> learning/rl/robot/results/gate_f9_static_cap_sphere_cross_seed41000_20260901_072500
The '--headless' CLI argument is deprecated. Omit '--viz' for default headless. If config visualizers are enabled and you want to force headless, use '--viz none'.
WARNING: All log messages before absl::InitializeLog() is called are written to STDERR
E0000 00:00:1788221063.606832   69776 descriptor_database.cc:633] File already exists in database: grpc/health/v1/health.proto
W0000 00:00:1788221063.606864   69776 message.cc:301] Protobuf GeneratedMessageFactory: File is already registered: grpc/health/v1/health.proto
[ISAACLAB] AppLauncher initialization complete
[INFO]: Base environment:
	Environment device    : cuda:0
	Environment seed      : 20260901
	Physics step-size     : 0.008333333333333333
	Rendering step-size   : 0.05
	Environment step-size : 0.05
[INFO]: Registered backend 'physx' for factory Articulation.
[INFO] Robot /World/envs/env_0/Robot/m0609/m0609: 폴리싱 디스크 생성 완료 → /World/envs/env_0/Robot/m0609/m0609/polishing_contact_pad
[INFO]: Time taken for scene creation Last: 54.108443 s, Mean: 54.108443 s, Std: 0.000000 s, N: 1
[INFO]: SimulationContext cleared
Loading user config located at: '/home/rokey/isaacsim-6.0.1/kit/data/Kit/IsaacLab/3.0/user.config.json'
2026-09-01T00:04:23Z [0ms] [Warning] [omni.ext.plugin] [ext: isaaclab_visualizers] Extensions config 'extension.toml' doesn't exist '/home/rokey/IsaacLab/source/isaaclab_visualizers' or '/home/rokey/IsaacLab/source/isaaclab_visualizers/config'
2026-09-01T00:04:23Z [415ms] [Warning] [omni.usd_config.extension] Enable omni.materialx.libs extension to use MaterialX
2026-09-01T00:04:28Z [4,773ms] [Warning] [isaaclab_physx.physics.physx_manager] TGS solver with enable_external_forces_every_iteration=False may cause noisy velocities.
2026-09-01T00:04:28Z [4,916ms] [Warning] [omni.usd] Encountered USD Warnings but USD Diagnostics are currently muted. To view USD Warnings, please set the '/persistent/app/usd/muteUsdDiagnostics' setting to false in Preferences page.
2026-09-01T00:04:38Z [15,122ms] [Warning] [omni.client.python] Detected a blocking function. This will cause hitches or hangs in the UI. Please switch to the async version:
  File "/home/rokey/cacadaca/learning/rl/gate_f8_force_safety_eval.py", line 291, in <module>
  File "/home/rokey/cacadaca/learning/rl/gate_f8_force_safety_eval.py", line 150, in main
  File "/home/rokey/cacadaca/learning/rl/gate_f8_force_safety_eval.py", line 88, in __init__
  File "/home/rokey/cacadaca/learning/rl/env/gate_f7_curved_observation_env.py", line 50, in __init__
  File "/home/rokey/cacadaca/learning/rl/env/planar_roi_polish_env.py", line 35, in __init__
  File "/home/rokey/cacadaca/learning/rl/env/robot_polish_env.py", line 173, in __init__
  File "/home/rokey/cacadaca/learning/rl/env/polish_env.py", line 63, in __init__
  File "/home/rokey/IsaacLab/source/isaaclab/isaaclab/envs/direct_rl_env.py", line 120, in __init__
  File "/home/rokey/IsaacLab/source/isaaclab/isaaclab/envs/direct_rl_env.py", line 157, in _init_sim
  File "/home/rokey/cacadaca/learning/rl/env/gate_f_curved_polish_env.py", line 146, in _setup_scene
  File "/home/rokey/IsaacLab/source/isaaclab/isaaclab/sim/spawners/from_files/from_files.py", line 208, in spawn_ground_plane
  File "/home/rokey/IsaacLab/source/isaaclab/isaaclab/sim/utils/prims.py", line 157, in create_prim
  File "/home/rokey/IsaacLab/source/isaaclab/isaaclab/sim/utils/prims.py", line 913, in add_usd_reference
  File "/home/rokey/IsaacLab/source/isaaclab/isaaclab/utils/assets.py", line 81, in check_file_path
  File "/home/rokey/isaacsim-6.0.1/kit/extscore/omni.client.lib/omni/client/impl/__init__.py", line 144, in stat

[F9 2026-09-01 09:05:22] done  (30/64) learning/rl/robot/results/gate_f9_static_cap_sphere_cross_seed41000_20260901_072500
[F9 2026-09-01 09:05:22] start (31/64) control/freeform/cross_xy/seed41000 -> learning/rl/robot/results/gate_f9_control_freeform_cross_seed41000_20260901_072500
The '--headless' CLI argument is deprecated. Omit '--viz' for default headless. If config visualizers are enabled and you want to force headless, use '--viz none'.
WARNING: All log messages before absl::InitializeLog() is called are written to STDERR
E0000 00:00:1788221123.099528   69968 descriptor_database.cc:633] File already exists in database: grpc/health/v1/health.proto
W0000 00:00:1788221123.099557   69968 message.cc:301] Protobuf GeneratedMessageFactory: File is already registered: grpc/health/v1/health.proto
[ISAACLAB] AppLauncher initialization complete
[INFO]: Base environment:
	Environment device    : cuda:0
	Environment seed      : 20260901
	Physics step-size     : 0.008333333333333333
	Rendering step-size   : 0.05
	Environment step-size : 0.05
[INFO]: Registered backend 'physx' for factory Articulation.
[INFO] Robot /World/envs/env_0/Robot/m0609/m0609: 폴리싱 디스크 생성 완료 → /World/envs/env_0/Robot/m0609/m0609/polishing_contact_pad
[INFO]: Time taken for scene creation Last: 46.788436 s, Mean: 46.788436 s, Std: 0.000000 s, N: 1
[INFO]: SimulationContext cleared
Loading user config located at: '/home/rokey/isaacsim-6.0.1/kit/data/Kit/IsaacLab/3.0/user.config.json'
2026-09-01T00:05:23Z [0ms] [Warning] [omni.ext.plugin] [ext: isaaclab_visualizers] Extensions config 'extension.toml' doesn't exist '/home/rokey/IsaacLab/source/isaaclab_visualizers' or '/home/rokey/IsaacLab/source/isaaclab_visualizers/config'
2026-09-01T00:05:23Z [423ms] [Warning] [omni.usd_config.extension] Enable omni.materialx.libs extension to use MaterialX
2026-09-01T00:05:27Z [4,829ms] [Warning] [isaaclab_physx.physics.physx_manager] TGS solver with enable_external_forces_every_iteration=False may cause noisy velocities.
2026-09-01T00:05:28Z [4,977ms] [Warning] [omni.usd] Encountered USD Warnings but USD Diagnostics are currently muted. To view USD Warnings, please set the '/persistent/app/usd/muteUsdDiagnostics' setting to false in Preferences page.
2026-09-01T00:05:38Z [15,166ms] [Warning] [omni.client.python] Detected a blocking function. This will cause hitches or hangs in the UI. Please switch to the async version:
  File "/home/rokey/cacadaca/learning/rl/gate_f8_force_safety_eval.py", line 291, in <module>
  File "/home/rokey/cacadaca/learning/rl/gate_f8_force_safety_eval.py", line 150, in main
  File "/home/rokey/cacadaca/learning/rl/gate_f8_force_safety_eval.py", line 88, in __init__
  File "/home/rokey/cacadaca/learning/rl/env/gate_f7_curved_observation_env.py", line 50, in __init__
  File "/home/rokey/cacadaca/learning/rl/env/planar_roi_polish_env.py", line 35, in __init__
  File "/home/rokey/cacadaca/learning/rl/env/robot_polish_env.py", line 173, in __init__
  File "/home/rokey/cacadaca/learning/rl/env/polish_env.py", line 63, in __init__
  File "/home/rokey/IsaacLab/source/isaaclab/isaaclab/envs/direct_rl_env.py", line 120, in __init__
  File "/home/rokey/IsaacLab/source/isaaclab/isaaclab/envs/direct_rl_env.py", line 157, in _init_sim
  File "/home/rokey/cacadaca/learning/rl/env/gate_f_curved_polish_env.py", line 146, in _setup_scene
  File "/home/rokey/IsaacLab/source/isaaclab/isaaclab/sim/spawners/from_files/from_files.py", line 208, in spawn_ground_plane
  File "/home/rokey/IsaacLab/source/isaaclab/isaaclab/sim/utils/prims.py", line 157, in create_prim
  File "/home/rokey/IsaacLab/source/isaaclab/isaaclab/sim/utils/prims.py", line 913, in add_usd_reference
  File "/home/rokey/IsaacLab/source/isaaclab/isaaclab/utils/assets.py", line 81, in check_file_path
  File "/home/rokey/isaacsim-6.0.1/kit/extscore/omni.client.lib/omni/client/impl/__init__.py", line 144, in stat

[F9 2026-09-01 09:06:15] done  (31/64) learning/rl/robot/results/gate_f9_control_freeform_cross_seed41000_20260901_072500
[F9 2026-09-01 09:06:15] start (32/64) static_cap/freeform/cross_xy/seed41000 -> learning/rl/robot/results/gate_f9_static_cap_freeform_cross_seed41000_20260901_072500
The '--headless' CLI argument is deprecated. Omit '--viz' for default headless. If config visualizers are enabled and you want to force headless, use '--viz none'.
WARNING: All log messages before absl::InitializeLog() is called are written to STDERR
E0000 00:00:1788221175.253497   70167 descriptor_database.cc:633] File already exists in database: grpc/health/v1/health.proto
W0000 00:00:1788221175.253533   70167 message.cc:301] Protobuf GeneratedMessageFactory: File is already registered: grpc/health/v1/health.proto
[ISAACLAB] AppLauncher initialization complete
[INFO]: Base environment:
	Environment device    : cuda:0
	Environment seed      : 20260901
	Physics step-size     : 0.008333333333333333
	Rendering step-size   : 0.05
	Environment step-size : 0.05
[INFO]: Registered backend 'physx' for factory Articulation.
[INFO] Robot /World/envs/env_0/Robot/m0609/m0609: 폴리싱 디스크 생성 완료 → /World/envs/env_0/Robot/m0609/m0609/polishing_contact_pad
[INFO]: Time taken for scene creation Last: 42.742784 s, Mean: 42.742784 s, Std: 0.000000 s, N: 1
[INFO]: SimulationContext cleared
Loading user config located at: '/home/rokey/isaacsim-6.0.1/kit/data/Kit/IsaacLab/3.0/user.config.json'
2026-09-01T00:06:15Z [0ms] [Warning] [omni.ext.plugin] [ext: isaaclab_visualizers] Extensions config 'extension.toml' doesn't exist '/home/rokey/IsaacLab/source/isaaclab_visualizers' or '/home/rokey/IsaacLab/source/isaaclab_visualizers/config'
2026-09-01T00:06:15Z [425ms] [Warning] [omni.usd_config.extension] Enable omni.materialx.libs extension to use MaterialX
2026-09-01T00:06:20Z [4,887ms] [Warning] [isaaclab_physx.physics.physx_manager] TGS solver with enable_external_forces_every_iteration=False may cause noisy velocities.
2026-09-01T00:06:20Z [5,035ms] [Warning] [omni.usd] Encountered USD Warnings but USD Diagnostics are currently muted. To view USD Warnings, please set the '/persistent/app/usd/muteUsdDiagnostics' setting to false in Preferences page.
2026-09-01T00:06:30Z [15,261ms] [Warning] [omni.client.python] Detected a blocking function. This will cause hitches or hangs in the UI. Please switch to the async version:
  File "/home/rokey/cacadaca/learning/rl/gate_f8_force_safety_eval.py", line 291, in <module>
  File "/home/rokey/cacadaca/learning/rl/gate_f8_force_safety_eval.py", line 150, in main
  File "/home/rokey/cacadaca/learning/rl/gate_f8_force_safety_eval.py", line 88, in __init__
  File "/home/rokey/cacadaca/learning/rl/env/gate_f7_curved_observation_env.py", line 50, in __init__
  File "/home/rokey/cacadaca/learning/rl/env/planar_roi_polish_env.py", line 35, in __init__
  File "/home/rokey/cacadaca/learning/rl/env/robot_polish_env.py", line 173, in __init__
  File "/home/rokey/cacadaca/learning/rl/env/polish_env.py", line 63, in __init__
  File "/home/rokey/IsaacLab/source/isaaclab/isaaclab/envs/direct_rl_env.py", line 120, in __init__
  File "/home/rokey/IsaacLab/source/isaaclab/isaaclab/envs/direct_rl_env.py", line 157, in _init_sim
  File "/home/rokey/cacadaca/learning/rl/env/gate_f_curved_polish_env.py", line 146, in _setup_scene
  File "/home/rokey/IsaacLab/source/isaaclab/isaaclab/sim/spawners/from_files/from_files.py", line 208, in spawn_ground_plane
  File "/home/rokey/IsaacLab/source/isaaclab/isaaclab/sim/utils/prims.py", line 157, in create_prim
  File "/home/rokey/IsaacLab/source/isaaclab/isaaclab/sim/utils/prims.py", line 913, in add_usd_reference
  File "/home/rokey/IsaacLab/source/isaaclab/isaaclab/utils/assets.py", line 81, in check_file_path
  File "/home/rokey/isaacsim-6.0.1/kit/extscore/omni.client.lib/omni/client/impl/__init__.py", line 144, in stat

[F9 2026-09-01 09:07:03] done  (32/64) learning/rl/robot/results/gate_f9_static_cap_freeform_cross_seed41000_20260901_072500
[F9 2026-09-01 09:07:03] start (33/64) control/flat/same_xx/seed42000 -> learning/rl/robot/results/gate_f9_control_flat_same_seed42000_20260901_072500
The '--headless' CLI argument is deprecated. Omit '--viz' for default headless. If config visualizers are enabled and you want to force headless, use '--viz none'.
WARNING: All log messages before absl::InitializeLog() is called are written to STDERR
E0000 00:00:1788221223.509650   70341 descriptor_database.cc:633] File already exists in database: grpc/health/v1/health.proto
W0000 00:00:1788221223.509688   70341 message.cc:301] Protobuf GeneratedMessageFactory: File is already registered: grpc/health/v1/health.proto
[ISAACLAB] AppLauncher initialization complete
[INFO]: Base environment:
	Environment device    : cuda:0
	Environment seed      : 20260901
	Physics step-size     : 0.008333333333333333
	Rendering step-size   : 0.05
	Environment step-size : 0.05
[INFO]: Registered backend 'physx' for factory Articulation.
[INFO] Robot /World/envs/env_0/Robot/m0609/m0609: 폴리싱 디스크 생성 완료 → /World/envs/env_0/Robot/m0609/m0609/polishing_contact_pad
[INFO]: Time taken for scene creation Last: 46.026494 s, Mean: 46.026494 s, Std: 0.000000 s, N: 1
[INFO]: SimulationContext cleared
Loading user config located at: '/home/rokey/isaacsim-6.0.1/kit/data/Kit/IsaacLab/3.0/user.config.json'
2026-09-01T00:07:03Z [0ms] [Warning] [omni.ext.plugin] [ext: isaaclab_visualizers] Extensions config 'extension.toml' doesn't exist '/home/rokey/IsaacLab/source/isaaclab_visualizers' or '/home/rokey/IsaacLab/source/isaaclab_visualizers/config'
2026-09-01T00:07:03Z [419ms] [Warning] [omni.usd_config.extension] Enable omni.materialx.libs extension to use MaterialX
2026-09-01T00:07:08Z [4,869ms] [Warning] [isaaclab_physx.physics.physx_manager] TGS solver with enable_external_forces_every_iteration=False may cause noisy velocities.
2026-09-01T00:07:08Z [5,025ms] [Warning] [omni.usd] Encountered USD Warnings but USD Diagnostics are currently muted. To view USD Warnings, please set the '/persistent/app/usd/muteUsdDiagnostics' setting to false in Preferences page.
2026-09-01T00:07:18Z [15,211ms] [Warning] [omni.client.python] Detected a blocking function. This will cause hitches or hangs in the UI. Please switch to the async version:
  File "/home/rokey/cacadaca/learning/rl/gate_f8_force_safety_eval.py", line 291, in <module>
  File "/home/rokey/cacadaca/learning/rl/gate_f8_force_safety_eval.py", line 150, in main
  File "/home/rokey/cacadaca/learning/rl/gate_f8_force_safety_eval.py", line 88, in __init__
  File "/home/rokey/cacadaca/learning/rl/env/gate_f7_curved_observation_env.py", line 50, in __init__
  File "/home/rokey/cacadaca/learning/rl/env/planar_roi_polish_env.py", line 35, in __init__
  File "/home/rokey/cacadaca/learning/rl/env/robot_polish_env.py", line 173, in __init__
  File "/home/rokey/cacadaca/learning/rl/env/polish_env.py", line 63, in __init__
  File "/home/rokey/IsaacLab/source/isaaclab/isaaclab/envs/direct_rl_env.py", line 120, in __init__
  File "/home/rokey/IsaacLab/source/isaaclab/isaaclab/envs/direct_rl_env.py", line 157, in _init_sim
  File "/home/rokey/cacadaca/learning/rl/env/gate_f_curved_polish_env.py", line 146, in _setup_scene
  File "/home/rokey/IsaacLab/source/isaaclab/isaaclab/sim/spawners/from_files/from_files.py", line 208, in spawn_ground_plane
  File "/home/rokey/IsaacLab/source/isaaclab/isaaclab/sim/utils/prims.py", line 157, in create_prim
  File "/home/rokey/IsaacLab/source/isaaclab/isaaclab/sim/utils/prims.py", line 913, in add_usd_reference
  File "/home/rokey/IsaacLab/source/isaaclab/isaaclab/utils/assets.py", line 81, in check_file_path
  File "/home/rokey/isaacsim-6.0.1/kit/extscore/omni.client.lib/omni/client/impl/__init__.py", line 144, in stat

[F9 2026-09-01 09:07:54] done  (33/64) learning/rl/robot/results/gate_f9_control_flat_same_seed42000_20260901_072500
[F9 2026-09-01 09:07:54] start (34/64) static_cap/flat/same_xx/seed42000 -> learning/rl/robot/results/gate_f9_static_cap_flat_same_seed42000_20260901_072500
The '--headless' CLI argument is deprecated. Omit '--viz' for default headless. If config visualizers are enabled and you want to force headless, use '--viz none'.
WARNING: All log messages before absl::InitializeLog() is called are written to STDERR
E0000 00:00:1788221274.986730   70520 descriptor_database.cc:633] File already exists in database: grpc/health/v1/health.proto
W0000 00:00:1788221274.986777   70520 message.cc:301] Protobuf GeneratedMessageFactory: File is already registered: grpc/health/v1/health.proto
[ISAACLAB] AppLauncher initialization complete
[INFO]: Base environment:
	Environment device    : cuda:0
	Environment seed      : 20260901
	Physics step-size     : 0.008333333333333333
	Rendering step-size   : 0.05
	Environment step-size : 0.05
[INFO]: Registered backend 'physx' for factory Articulation.
[INFO] Robot /World/envs/env_0/Robot/m0609/m0609: 폴리싱 디스크 생성 완료 → /World/envs/env_0/Robot/m0609/m0609/polishing_contact_pad
[INFO]: Time taken for scene creation Last: 47.080891 s, Mean: 47.080891 s, Std: 0.000000 s, N: 1
[INFO]: SimulationContext cleared
Loading user config located at: '/home/rokey/isaacsim-6.0.1/kit/data/Kit/IsaacLab/3.0/user.config.json'
2026-09-01T00:07:54Z [0ms] [Warning] [omni.ext.plugin] [ext: isaaclab_visualizers] Extensions config 'extension.toml' doesn't exist '/home/rokey/IsaacLab/source/isaaclab_visualizers' or '/home/rokey/IsaacLab/source/isaaclab_visualizers/config'
2026-09-01T00:07:55Z [435ms] [Warning] [omni.usd_config.extension] Enable omni.materialx.libs extension to use MaterialX
2026-09-01T00:07:59Z [4,950ms] [Warning] [isaaclab_physx.physics.physx_manager] TGS solver with enable_external_forces_every_iteration=False may cause noisy velocities.
2026-09-01T00:08:00Z [5,100ms] [Warning] [omni.usd] Encountered USD Warnings but USD Diagnostics are currently muted. To view USD Warnings, please set the '/persistent/app/usd/muteUsdDiagnostics' setting to false in Preferences page.
2026-09-01T00:08:10Z [15,290ms] [Warning] [omni.client.python] Detected a blocking function. This will cause hitches or hangs in the UI. Please switch to the async version:
  File "/home/rokey/cacadaca/learning/rl/gate_f8_force_safety_eval.py", line 291, in <module>
  File "/home/rokey/cacadaca/learning/rl/gate_f8_force_safety_eval.py", line 150, in main
  File "/home/rokey/cacadaca/learning/rl/gate_f8_force_safety_eval.py", line 88, in __init__
  File "/home/rokey/cacadaca/learning/rl/env/gate_f7_curved_observation_env.py", line 50, in __init__
  File "/home/rokey/cacadaca/learning/rl/env/planar_roi_polish_env.py", line 35, in __init__
  File "/home/rokey/cacadaca/learning/rl/env/robot_polish_env.py", line 173, in __init__
  File "/home/rokey/cacadaca/learning/rl/env/polish_env.py", line 63, in __init__
  File "/home/rokey/IsaacLab/source/isaaclab/isaaclab/envs/direct_rl_env.py", line 120, in __init__
  File "/home/rokey/IsaacLab/source/isaaclab/isaaclab/envs/direct_rl_env.py", line 157, in _init_sim
  File "/home/rokey/cacadaca/learning/rl/env/gate_f_curved_polish_env.py", line 146, in _setup_scene
  File "/home/rokey/IsaacLab/source/isaaclab/isaaclab/sim/spawners/from_files/from_files.py", line 208, in spawn_ground_plane
  File "/home/rokey/IsaacLab/source/isaaclab/isaaclab/sim/utils/prims.py", line 157, in create_prim
  File "/home/rokey/IsaacLab/source/isaaclab/isaaclab/sim/utils/prims.py", line 913, in add_usd_reference
  File "/home/rokey/IsaacLab/source/isaaclab/isaaclab/utils/assets.py", line 81, in check_file_path
  File "/home/rokey/isaacsim-6.0.1/kit/extscore/omni.client.lib/omni/client/impl/__init__.py", line 144, in stat

[F9 2026-09-01 09:08:47] done  (34/64) learning/rl/robot/results/gate_f9_static_cap_flat_same_seed42000_20260901_072500
[F9 2026-09-01 09:08:47] start (35/64) control/cylinder/same_xx/seed42000 -> learning/rl/robot/results/gate_f9_control_cylinder_same_seed42000_20260901_072500
The '--headless' CLI argument is deprecated. Omit '--viz' for default headless. If config visualizers are enabled and you want to force headless, use '--viz none'.
WARNING: All log messages before absl::InitializeLog() is called are written to STDERR
E0000 00:00:1788221327.650306   70711 descriptor_database.cc:633] File already exists in database: grpc/health/v1/health.proto
W0000 00:00:1788221327.650353   70711 message.cc:301] Protobuf GeneratedMessageFactory: File is already registered: grpc/health/v1/health.proto
[ISAACLAB] AppLauncher initialization complete
[INFO]: Base environment:
	Environment device    : cuda:0
	Environment seed      : 20260901
	Physics step-size     : 0.008333333333333333
	Rendering step-size   : 0.05
	Environment step-size : 0.05
[INFO]: Registered backend 'physx' for factory Articulation.
[INFO] Robot /World/envs/env_0/Robot/m0609/m0609: 폴리싱 디스크 생성 완료 → /World/envs/env_0/Robot/m0609/m0609/polishing_contact_pad
[INFO]: Time taken for scene creation Last: 55.497230 s, Mean: 55.497230 s, Std: 0.000000 s, N: 1
[INFO]: SimulationContext cleared
Loading user config located at: '/home/rokey/isaacsim-6.0.1/kit/data/Kit/IsaacLab/3.0/user.config.json'
2026-09-01T00:08:47Z [0ms] [Warning] [omni.ext.plugin] [ext: isaaclab_visualizers] Extensions config 'extension.toml' doesn't exist '/home/rokey/IsaacLab/source/isaaclab_visualizers' or '/home/rokey/IsaacLab/source/isaaclab_visualizers/config'
2026-09-01T00:08:48Z [441ms] [Warning] [omni.usd_config.extension] Enable omni.materialx.libs extension to use MaterialX
2026-09-01T00:08:52Z [4,969ms] [Warning] [isaaclab_physx.physics.physx_manager] TGS solver with enable_external_forces_every_iteration=False may cause noisy velocities.
2026-09-01T00:08:52Z [5,129ms] [Warning] [omni.usd] Encountered USD Warnings but USD Diagnostics are currently muted. To view USD Warnings, please set the '/persistent/app/usd/muteUsdDiagnostics' setting to false in Preferences page.
2026-09-01T00:09:02Z [15,332ms] [Warning] [omni.client.python] Detected a blocking function. This will cause hitches or hangs in the UI. Please switch to the async version:
  File "/home/rokey/cacadaca/learning/rl/gate_f8_force_safety_eval.py", line 291, in <module>
  File "/home/rokey/cacadaca/learning/rl/gate_f8_force_safety_eval.py", line 150, in main
  File "/home/rokey/cacadaca/learning/rl/gate_f8_force_safety_eval.py", line 88, in __init__
  File "/home/rokey/cacadaca/learning/rl/env/gate_f7_curved_observation_env.py", line 50, in __init__
  File "/home/rokey/cacadaca/learning/rl/env/planar_roi_polish_env.py", line 35, in __init__
  File "/home/rokey/cacadaca/learning/rl/env/robot_polish_env.py", line 173, in __init__
  File "/home/rokey/cacadaca/learning/rl/env/polish_env.py", line 63, in __init__
  File "/home/rokey/IsaacLab/source/isaaclab/isaaclab/envs/direct_rl_env.py", line 120, in __init__
  File "/home/rokey/IsaacLab/source/isaaclab/isaaclab/envs/direct_rl_env.py", line 157, in _init_sim
  File "/home/rokey/cacadaca/learning/rl/env/gate_f_curved_polish_env.py", line 146, in _setup_scene
  File "/home/rokey/IsaacLab/source/isaaclab/isaaclab/sim/spawners/from_files/from_files.py", line 208, in spawn_ground_plane
  File "/home/rokey/IsaacLab/source/isaaclab/isaaclab/sim/utils/prims.py", line 157, in create_prim
  File "/home/rokey/IsaacLab/source/isaaclab/isaaclab/sim/utils/prims.py", line 913, in add_usd_reference
  File "/home/rokey/IsaacLab/source/isaaclab/isaaclab/utils/assets.py", line 81, in check_file_path
  File "/home/rokey/isaacsim-6.0.1/kit/extscore/omni.client.lib/omni/client/impl/__init__.py", line 144, in stat

[F9 2026-09-01 09:09:48] done  (35/64) learning/rl/robot/results/gate_f9_control_cylinder_same_seed42000_20260901_072500
[F9 2026-09-01 09:09:48] start (36/64) static_cap/cylinder/same_xx/seed42000 -> learning/rl/robot/results/gate_f9_static_cap_cylinder_same_seed42000_20260901_072500
The '--headless' CLI argument is deprecated. Omit '--viz' for default headless. If config visualizers are enabled and you want to force headless, use '--viz none'.
WARNING: All log messages before absl::InitializeLog() is called are written to STDERR
E0000 00:00:1788221388.738481   70904 descriptor_database.cc:633] File already exists in database: grpc/health/v1/health.proto
W0000 00:00:1788221388.738514   70904 message.cc:301] Protobuf GeneratedMessageFactory: File is already registered: grpc/health/v1/health.proto
[ISAACLAB] AppLauncher initialization complete
[INFO]: Base environment:
	Environment device    : cuda:0
	Environment seed      : 20260901
	Physics step-size     : 0.008333333333333333
	Rendering step-size   : 0.05
	Environment step-size : 0.05
[INFO]: Registered backend 'physx' for factory Articulation.
[INFO] Robot /World/envs/env_0/Robot/m0609/m0609: 폴리싱 디스크 생성 완료 → /World/envs/env_0/Robot/m0609/m0609/polishing_contact_pad
[INFO]: Time taken for scene creation Last: 67.472236 s, Mean: 67.472236 s, Std: 0.000000 s, N: 1
[INFO]: SimulationContext cleared
Loading user config located at: '/home/rokey/isaacsim-6.0.1/kit/data/Kit/IsaacLab/3.0/user.config.json'
2026-09-01T00:09:48Z [0ms] [Warning] [omni.ext.plugin] [ext: isaaclab_visualizers] Extensions config 'extension.toml' doesn't exist '/home/rokey/IsaacLab/source/isaaclab_visualizers' or '/home/rokey/IsaacLab/source/isaaclab_visualizers/config'
2026-09-01T00:09:49Z [449ms] [Warning] [omni.usd_config.extension] Enable omni.materialx.libs extension to use MaterialX
2026-09-01T00:09:53Z [5,061ms] [Warning] [isaaclab_physx.physics.physx_manager] TGS solver with enable_external_forces_every_iteration=False may cause noisy velocities.
2026-09-01T00:09:53Z [5,213ms] [Warning] [omni.usd] Encountered USD Warnings but USD Diagnostics are currently muted. To view USD Warnings, please set the '/persistent/app/usd/muteUsdDiagnostics' setting to false in Preferences page.
2026-09-01T00:10:04Z [15,421ms] [Warning] [omni.client.python] Detected a blocking function. This will cause hitches or hangs in the UI. Please switch to the async version:
  File "/home/rokey/cacadaca/learning/rl/gate_f8_force_safety_eval.py", line 291, in <module>
  File "/home/rokey/cacadaca/learning/rl/gate_f8_force_safety_eval.py", line 150, in main
  File "/home/rokey/cacadaca/learning/rl/gate_f8_force_safety_eval.py", line 88, in __init__
  File "/home/rokey/cacadaca/learning/rl/env/gate_f7_curved_observation_env.py", line 50, in __init__
  File "/home/rokey/cacadaca/learning/rl/env/planar_roi_polish_env.py", line 35, in __init__
  File "/home/rokey/cacadaca/learning/rl/env/robot_polish_env.py", line 173, in __init__
  File "/home/rokey/cacadaca/learning/rl/env/polish_env.py", line 63, in __init__
  File "/home/rokey/IsaacLab/source/isaaclab/isaaclab/envs/direct_rl_env.py", line 120, in __init__
  File "/home/rokey/IsaacLab/source/isaaclab/isaaclab/envs/direct_rl_env.py", line 157, in _init_sim
  File "/home/rokey/cacadaca/learning/rl/env/gate_f_curved_polish_env.py", line 146, in _setup_scene
  File "/home/rokey/IsaacLab/source/isaaclab/isaaclab/sim/spawners/from_files/from_files.py", line 208, in spawn_ground_plane
  File "/home/rokey/IsaacLab/source/isaaclab/isaaclab/sim/utils/prims.py", line 157, in create_prim
  File "/home/rokey/IsaacLab/source/isaaclab/isaaclab/sim/utils/prims.py", line 913, in add_usd_reference
  File "/home/rokey/IsaacLab/source/isaaclab/isaaclab/utils/assets.py", line 81, in check_file_path
  File "/home/rokey/isaacsim-6.0.1/kit/extscore/omni.client.lib/omni/client/impl/__init__.py", line 144, in stat

[F9 2026-09-01 09:11:01] done  (36/64) learning/rl/robot/results/gate_f9_static_cap_cylinder_same_seed42000_20260901_072500
[F9 2026-09-01 09:11:01] start (37/64) control/sphere/same_xx/seed42000 -> learning/rl/robot/results/gate_f9_control_sphere_same_seed42000_20260901_072500
The '--headless' CLI argument is deprecated. Omit '--viz' for default headless. If config visualizers are enabled and you want to force headless, use '--viz none'.
WARNING: All log messages before absl::InitializeLog() is called are written to STDERR
E0000 00:00:1788221461.863561   71115 descriptor_database.cc:633] File already exists in database: grpc/health/v1/health.proto
W0000 00:00:1788221461.863596   71115 message.cc:301] Protobuf GeneratedMessageFactory: File is already registered: grpc/health/v1/health.proto
[ISAACLAB] AppLauncher initialization complete
[INFO]: Base environment:
	Environment device    : cuda:0
	Environment seed      : 20260901
	Physics step-size     : 0.008333333333333333
	Rendering step-size   : 0.05
	Environment step-size : 0.05
[INFO]: Registered backend 'physx' for factory Articulation.
[INFO] Robot /World/envs/env_0/Robot/m0609/m0609: 폴리싱 디스크 생성 완료 → /World/envs/env_0/Robot/m0609/m0609/polishing_contact_pad
[INFO]: Time taken for scene creation Last: 43.964458 s, Mean: 43.964458 s, Std: 0.000000 s, N: 1
[INFO]: SimulationContext cleared
Loading user config located at: '/home/rokey/isaacsim-6.0.1/kit/data/Kit/IsaacLab/3.0/user.config.json'
2026-09-01T00:11:01Z [0ms] [Warning] [omni.ext.plugin] [ext: isaaclab_visualizers] Extensions config 'extension.toml' doesn't exist '/home/rokey/IsaacLab/source/isaaclab_visualizers' or '/home/rokey/IsaacLab/source/isaaclab_visualizers/config'
2026-09-01T00:11:02Z [440ms] [Warning] [omni.usd_config.extension] Enable omni.materialx.libs extension to use MaterialX
2026-09-01T00:11:07Z [5,225ms] [Warning] [isaaclab_physx.physics.physx_manager] TGS solver with enable_external_forces_every_iteration=False may cause noisy velocities.
2026-09-01T00:11:07Z [5,389ms] [Warning] [omni.usd] Encountered USD Warnings but USD Diagnostics are currently muted. To view USD Warnings, please set the '/persistent/app/usd/muteUsdDiagnostics' setting to false in Preferences page.
2026-09-01T00:11:17Z [15,596ms] [Warning] [omni.client.python] Detected a blocking function. This will cause hitches or hangs in the UI. Please switch to the async version:
  File "/home/rokey/cacadaca/learning/rl/gate_f8_force_safety_eval.py", line 291, in <module>
  File "/home/rokey/cacadaca/learning/rl/gate_f8_force_safety_eval.py", line 150, in main
  File "/home/rokey/cacadaca/learning/rl/gate_f8_force_safety_eval.py", line 88, in __init__
  File "/home/rokey/cacadaca/learning/rl/env/gate_f7_curved_observation_env.py", line 50, in __init__
  File "/home/rokey/cacadaca/learning/rl/env/planar_roi_polish_env.py", line 35, in __init__
  File "/home/rokey/cacadaca/learning/rl/env/robot_polish_env.py", line 173, in __init__
  File "/home/rokey/cacadaca/learning/rl/env/polish_env.py", line 63, in __init__
  File "/home/rokey/IsaacLab/source/isaaclab/isaaclab/envs/direct_rl_env.py", line 120, in __init__
  File "/home/rokey/IsaacLab/source/isaaclab/isaaclab/envs/direct_rl_env.py", line 157, in _init_sim
  File "/home/rokey/cacadaca/learning/rl/env/gate_f_curved_polish_env.py", line 146, in _setup_scene
  File "/home/rokey/IsaacLab/source/isaaclab/isaaclab/sim/spawners/from_files/from_files.py", line 208, in spawn_ground_plane
  File "/home/rokey/IsaacLab/source/isaaclab/isaaclab/sim/utils/prims.py", line 157, in create_prim
  File "/home/rokey/IsaacLab/source/isaaclab/isaaclab/sim/utils/prims.py", line 913, in add_usd_reference
  File "/home/rokey/IsaacLab/source/isaaclab/isaaclab/utils/assets.py", line 81, in check_file_path
  File "/home/rokey/isaacsim-6.0.1/kit/extscore/omni.client.lib/omni/client/impl/__init__.py", line 144, in stat

[F9 2026-09-01 09:11:51] done  (37/64) learning/rl/robot/results/gate_f9_control_sphere_same_seed42000_20260901_072500
[F9 2026-09-01 09:11:51] start (38/64) static_cap/sphere/same_xx/seed42000 -> learning/rl/robot/results/gate_f9_static_cap_sphere_same_seed42000_20260901_072500
The '--headless' CLI argument is deprecated. Omit '--viz' for default headless. If config visualizers are enabled and you want to force headless, use '--viz none'.
WARNING: All log messages before absl::InitializeLog() is called are written to STDERR
E0000 00:00:1788221511.622151   71296 descriptor_database.cc:633] File already exists in database: grpc/health/v1/health.proto
W0000 00:00:1788221511.622183   71296 message.cc:301] Protobuf GeneratedMessageFactory: File is already registered: grpc/health/v1/health.proto
[ISAACLAB] AppLauncher initialization complete
[INFO]: Base environment:
	Environment device    : cuda:0
	Environment seed      : 20260901
	Physics step-size     : 0.008333333333333333
	Rendering step-size   : 0.05
	Environment step-size : 0.05
[INFO]: Registered backend 'physx' for factory Articulation.
[INFO] Robot /World/envs/env_0/Robot/m0609/m0609: 폴리싱 디스크 생성 완료 → /World/envs/env_0/Robot/m0609/m0609/polishing_contact_pad
[INFO]: Time taken for scene creation Last: 61.839348 s, Mean: 61.839348 s, Std: 0.000000 s, N: 1
[INFO]: SimulationContext cleared
Loading user config located at: '/home/rokey/isaacsim-6.0.1/kit/data/Kit/IsaacLab/3.0/user.config.json'
2026-09-01T00:11:51Z [0ms] [Warning] [omni.ext.plugin] [ext: isaaclab_visualizers] Extensions config 'extension.toml' doesn't exist '/home/rokey/IsaacLab/source/isaaclab_visualizers' or '/home/rokey/IsaacLab/source/isaaclab_visualizers/config'
2026-09-01T00:11:51Z [445ms] [Warning] [omni.usd_config.extension] Enable omni.materialx.libs extension to use MaterialX
2026-09-01T00:11:56Z [5,269ms] [Warning] [isaaclab_physx.physics.physx_manager] TGS solver with enable_external_forces_every_iteration=False may cause noisy velocities.
2026-09-01T00:11:56Z [5,426ms] [Warning] [omni.usd] Encountered USD Warnings but USD Diagnostics are currently muted. To view USD Warnings, please set the '/persistent/app/usd/muteUsdDiagnostics' setting to false in Preferences page.
2026-09-01T00:12:07Z [15,642ms] [Warning] [omni.client.python] Detected a blocking function. This will cause hitches or hangs in the UI. Please switch to the async version:
  File "/home/rokey/cacadaca/learning/rl/gate_f8_force_safety_eval.py", line 291, in <module>
  File "/home/rokey/cacadaca/learning/rl/gate_f8_force_safety_eval.py", line 150, in main
  File "/home/rokey/cacadaca/learning/rl/gate_f8_force_safety_eval.py", line 88, in __init__
  File "/home/rokey/cacadaca/learning/rl/env/gate_f7_curved_observation_env.py", line 50, in __init__
  File "/home/rokey/cacadaca/learning/rl/env/planar_roi_polish_env.py", line 35, in __init__
  File "/home/rokey/cacadaca/learning/rl/env/robot_polish_env.py", line 173, in __init__
  File "/home/rokey/cacadaca/learning/rl/env/polish_env.py", line 63, in __init__
  File "/home/rokey/IsaacLab/source/isaaclab/isaaclab/envs/direct_rl_env.py", line 120, in __init__
  File "/home/rokey/IsaacLab/source/isaaclab/isaaclab/envs/direct_rl_env.py", line 157, in _init_sim
  File "/home/rokey/cacadaca/learning/rl/env/gate_f_curved_polish_env.py", line 146, in _setup_scene
  File "/home/rokey/IsaacLab/source/isaaclab/isaaclab/sim/spawners/from_files/from_files.py", line 208, in spawn_ground_plane
  File "/home/rokey/IsaacLab/source/isaaclab/isaaclab/sim/utils/prims.py", line 157, in create_prim
  File "/home/rokey/IsaacLab/source/isaaclab/isaaclab/sim/utils/prims.py", line 913, in add_usd_reference
  File "/home/rokey/IsaacLab/source/isaaclab/isaaclab/utils/assets.py", line 81, in check_file_path
  File "/home/rokey/isaacsim-6.0.1/kit/extscore/omni.client.lib/omni/client/impl/__init__.py", line 144, in stat

[F9 2026-09-01 10:03:10] done  (38/64) learning/rl/robot/results/gate_f9_static_cap_sphere_same_seed42000_20260901_072500
[F9 2026-09-01 10:03:10] start (39/64) control/freeform/same_xx/seed42000 -> learning/rl/robot/results/gate_f9_control_freeform_same_seed42000_20260901_072500
The '--headless' CLI argument is deprecated. Omit '--viz' for default headless. If config visualizers are enabled and you want to force headless, use '--viz none'.
[F9 10:15:44] skip complete learning/rl/robot/results/gate_f9_control_flat_same_seed40000_20260901_072500
[F9 10:15:44] skip complete learning/rl/robot/results/gate_f9_static_cap_flat_same_seed40000_20260901_072500
[F9 10:15:44] skip complete learning/rl/robot/results/gate_f9_control_cylinder_same_seed40000_20260901_072500
[F9 10:15:44] skip complete learning/rl/robot/results/gate_f9_static_cap_cylinder_same_seed40000_20260901_072500
[F9 10:15:44] skip complete learning/rl/robot/results/gate_f9_control_sphere_same_seed40000_20260901_072500
[F9 10:15:44] skip complete learning/rl/robot/results/gate_f9_static_cap_sphere_same_seed40000_20260901_072500
[F9 10:15:44] skip complete learning/rl/robot/results/gate_f9_control_freeform_same_seed40000_20260901_072500
[F9 10:15:44] skip complete learning/rl/robot/results/gate_f9_static_cap_freeform_same_seed40000_20260901_072500
[F9 10:15:44] skip complete learning/rl/robot/results/gate_f9_control_flat_cross_seed40000_20260901_072500
[F9 10:15:44] skip complete learning/rl/robot/results/gate_f9_static_cap_flat_cross_seed40000_20260901_072500
[F9 10:15:44] skip complete learning/rl/robot/results/gate_f9_control_cylinder_cross_seed40000_20260901_072500
[F9 10:15:44] skip complete learning/rl/robot/results/gate_f9_static_cap_cylinder_cross_seed40000_20260901_072500
[F9 10:15:44] skip complete learning/rl/robot/results/gate_f9_control_sphere_cross_seed40000_20260901_072500
[F9 10:15:44] skip complete learning/rl/robot/results/gate_f9_static_cap_sphere_cross_seed40000_20260901_072500
[F9 10:15:44] skip complete learning/rl/robot/results/gate_f9_control_freeform_cross_seed40000_20260901_072500
[F9 10:15:44] skip complete learning/rl/robot/results/gate_f9_static_cap_freeform_cross_seed40000_20260901_072500
[F9 10:15:44] skip complete learning/rl/robot/results/gate_f9_control_flat_same_seed41000_20260901_072500
[F9 10:15:44] skip complete learning/rl/robot/results/gate_f9_static_cap_flat_same_seed41000_20260901_072500
[F9 10:15:44] skip complete learning/rl/robot/results/gate_f9_control_cylinder_same_seed41000_20260901_072500
[F9 10:15:44] skip complete learning/rl/robot/results/gate_f9_static_cap_cylinder_same_seed41000_20260901_072500
[F9 10:15:44] skip complete learning/rl/robot/results/gate_f9_control_sphere_same_seed41000_20260901_072500
[F9 2026-09-01 10:15:44] start (22/64) static_cap/sphere/same_xx/seed41000 -> learning/rl/robot/results/gate_f9_static_cap_sphere_same_seed41000_20260901_072500
The '--headless' CLI argument is deprecated. Omit '--viz' for default headless. If config visualizers are enabled and you want to force headless, use '--viz none'.
WARNING: All log messages before absl::InitializeLog() is called are written to STDERR
E0000 00:00:1788225345.031185    4176 descriptor_database.cc:633] File already exists in database: grpc/health/v1/health.proto
W0000 00:00:1788225345.031325    4176 message.cc:301] Protobuf GeneratedMessageFactory: File is already registered: grpc/health/v1/health.proto
[ISAACLAB] AppLauncher initialization complete
[INFO]: Base environment:
	Environment device    : cuda:0
	Environment seed      : 20260901
	Physics step-size     : 0.008333333333333333
	Rendering step-size   : 0.05
	Environment step-size : 0.05
[INFO]: Registered backend 'physx' for factory Articulation.
[INFO] Robot /World/envs/env_0/Robot/m0609/m0609: 폴리싱 디스크 생성 완료 → /World/envs/env_0/Robot/m0609/m0609/polishing_contact_pad
[INFO]: Registered backend 'physx' for factory ContactSensor.
[INFO]: Time taken for scene creation Last: 1.510863 s, Mean: 1.510863 s, Std: 0.000000 s, N: 1
[INFO]: Scene manager:  <class InteractiveScene>
	Number of environments: 4
	Environment spacing   : 1.6
	Source prim name      : /World/envs/env_0
	Global prim paths     : []
	Replicate physics     : True
[INFO]: Starting the simulation. This may take a few seconds. Please wait...
[INFO]: Simulation parameters for joints in /World/envs/env_.*/Robot:
+--------------------------------------------------------------------------------------------------------------------------------------------------------------------+
|                                                 Simulation Joint Information (Prim path: /World/envs/env_.*/Robot)                                                 |
+-------+-----------+-----------+---------+----------+-----------------+------------------+------------------+---------------------+-----------------+---------------+
| Index | Name      | Stiffness | Damping | Armature | Static Friction | Dynamic Friction | Viscous Friction |   Position Limits   | Velocity Limits | Effort Limits |
+-------+-----------+-----------+---------+----------+-----------------+------------------+------------------+---------------------+-----------------+---------------+
|   0   | joint_1   |  1.0e+04  | 500.000 |  0.000   |      0.000      |      0.000       |      0.000       |   [-6.283, 6.283]   |      2.618      |    9.6e+03    |
|   1   | joint_2   |  1.0e+04  | 500.000 |  0.000   |      0.000      |      0.000       |      0.000       |   [-6.283, 6.283]   |      2.618      |    9.6e+03    |
|   2   | joint_3   |  1.0e+04  | 500.000 |  0.000   |      0.000      |      0.000       |      0.000       |   [-2.618, 2.618]   |      3.142      |    5.4e+03    |
|   3   | joint_4   |  1.0e+04  | 500.000 |  0.000   |      0.000      |      0.000       |      0.000       |   [-6.283, 6.283]   |      3.927      |    2.7e+03    |
|   4   | joint_5   |  1.0e+04  | 500.000 |  0.000   |      0.000      |      0.000       |      0.000       |   [-6.283, 6.283]   |      3.927      |    2.7e+03    |
|   5   | joint_6   |  1.0e+04  | 500.000 |  0.000   |      0.000      |      0.000       |      0.000       |   [-6.283, 6.283]   |      3.927      |    2.7e+03    |
|   6   | pad_joint |  2.0e+03  | 100.000 |  0.000   |      0.000      |      0.000       |      0.000       | [-3.4e+38, 3.4e+38] |     104.720     |    100.000    |
+-------+-----------+-----------+---------+----------+-----------------+------------------+------------------+---------------------+-----------------+---------------+
[INFO]: Time taken for simulation start Last: 0.710265 s, Mean: 0.710265 s, Std: 0.000000 s, N: 1
[INFO]: Completed setting up the environment...
[RobotPolishEnv] robot feed override 5.946 -> 12.700 mm/s (policy range 6.350~19.050 mm/s)
[RobotPolishEnv] v5 M0609+pad coupled | link_6 contact offset=[-0.0025 -0.02    0.0448] m
[FactoryPlanarRoiPolishEnv] Gate C so=0.40 edge=balanced_extend5 direction=same_xx path=2.100m
[GateF7CurvedObservationEnv] mode=base14 obs_dim=14
[Gate F8] static_cap/sphere/same_xx step=1000 complete=0/4
[Gate F8] static_cap/sphere/same_xx step=2000 complete=0/4
[Gate F8] static_cap/sphere/same_xx step=3000 complete=0/4
[Gate F8] static_cap/sphere/same_xx step=4000 complete=3/4
[Gate F8] static_cap/sphere/same_xx step=5000 complete=3/4
{
  "all_finite": true,
  "checkpoint": "/home/rokey/cacadaca/learning/rl/robot/releases/gate_e7_seed1_it211_20260831_201801/model_gate_e7_seed1_it211.pt",
  "checkpoint_sha256": "c733763bfebd7fcead01cf2574bbd1621c4660b9347143cccb35e0e83449d052",
  "completed": 4,
  "created_utc": "2026-09-01T01:19:40.987607+00:00",
  "diagnostic_version": "gate_e6_local_window_area_v1",
  "direction_mode": "same_xx",
  "envs_per_profile": 1,
  "expected": 4,
  "gate": "F8_FORCE_SAFETY",
  "observation_mode": "base14",
  "path": {
    "direction_mode": "same_xx",
    "edge_mode": "balanced_extend5",
    "lines_per_sweep": 5,
    "path_length_m": 2.1,
    "path_mode": "gate_c",
    "step_over_m": 0.044000000000000004,
    "step_over_ratio": 0.4,
    "sweeps": 2
  },
  "physics_seed": 20260901,
  "policy_seed": 20260831,
  "profiles": [
    "legacy_stress",
    "factory_prepolish",
    "factory_prepolish_deep_defect",
    "factory_prepolish_deep_stress"
  ],
  "saved_iteration": 211,
  "shield_mode": "static_cap",
  "surface_kind": "sphere",
  "surface_seed_base": 41000,
  "tile_rows": 100,
  "training_performed": false
}
[INFO]: SimulationContext cleared
Loading user config located at: '/home/rokey/isaacsim-6.0.1/kit/data/Kit/IsaacLab/3.0/user.config.json'
2026-09-01T01:15:44Z [0ms] [Warning] [omni.ext.plugin] [ext: isaaclab_visualizers] Extensions config 'extension.toml' doesn't exist '/home/rokey/IsaacLab/source/isaaclab_visualizers' or '/home/rokey/IsaacLab/source/isaaclab_visualizers/config'
2026-09-01T01:15:45Z [492ms] [Warning] [omni.usd_config.extension] Enable omni.materialx.libs extension to use MaterialX
2026-09-01T01:15:49Z [4,917ms] [Warning] [isaaclab_physx.physics.physx_manager] TGS solver with enable_external_forces_every_iteration=False may cause noisy velocities.
2026-09-01T01:15:49Z [5,051ms] [Warning] [omni.usd] Encountered USD Warnings but USD Diagnostics are currently muted. To view USD Warnings, please set the '/persistent/app/usd/muteUsdDiagnostics' setting to false in Preferences page.
2026-09-01T01:15:51Z [6,979ms] [Warning] [usdrt.population.plugin] Last global time was not created. Did you call setEnableUsdNoticeHandling?
[F9 2026-09-01 10:19:41] done  (22/64) learning/rl/robot/results/gate_f9_static_cap_sphere_same_seed41000_20260901_072500
[F9 2026-09-01 10:19:41] start (23/64) control/freeform/same_xx/seed41000 -> learning/rl/robot/results/gate_f9_control_freeform_same_seed41000_20260901_072500
The '--headless' CLI argument is deprecated. Omit '--viz' for default headless. If config visualizers are enabled and you want to force headless, use '--viz none'.
WARNING: All log messages before absl::InitializeLog() is called are written to STDERR
E0000 00:00:1788225581.569357    4505 descriptor_database.cc:633] File already exists in database: grpc/health/v1/health.proto
W0000 00:00:1788225581.569388    4505 message.cc:301] Protobuf GeneratedMessageFactory: File is already registered: grpc/health/v1/health.proto
[ISAACLAB] AppLauncher initialization complete
[INFO]: Base environment:
	Environment device    : cuda:0
	Environment seed      : 20260901
	Physics step-size     : 0.008333333333333333
	Rendering step-size   : 0.05
	Environment step-size : 0.05
[INFO]: Registered backend 'physx' for factory Articulation.
[INFO] Robot /World/envs/env_0/Robot/m0609/m0609: 폴리싱 디스크 생성 완료 → /World/envs/env_0/Robot/m0609/m0609/polishing_contact_pad
[INFO]: Registered backend 'physx' for factory ContactSensor.
[INFO]: Time taken for scene creation Last: 1.062328 s, Mean: 1.062328 s, Std: 0.000000 s, N: 1
[INFO]: Scene manager:  <class InteractiveScene>
	Number of environments: 4
	Environment spacing   : 1.6
	Source prim name      : /World/envs/env_0
	Global prim paths     : []
	Replicate physics     : True
[INFO]: Starting the simulation. This may take a few seconds. Please wait...
[INFO]: Simulation parameters for joints in /World/envs/env_.*/Robot:
+--------------------------------------------------------------------------------------------------------------------------------------------------------------------+
|                                                 Simulation Joint Information (Prim path: /World/envs/env_.*/Robot)                                                 |
+-------+-----------+-----------+---------+----------+-----------------+------------------+------------------+---------------------+-----------------+---------------+
| Index | Name      | Stiffness | Damping | Armature | Static Friction | Dynamic Friction | Viscous Friction |   Position Limits   | Velocity Limits | Effort Limits |
+-------+-----------+-----------+---------+----------+-----------------+------------------+------------------+---------------------+-----------------+---------------+
|   0   | joint_1   |  1.0e+04  | 500.000 |  0.000   |      0.000      |      0.000       |      0.000       |   [-6.283, 6.283]   |      2.618      |    9.6e+03    |
|   1   | joint_2   |  1.0e+04  | 500.000 |  0.000   |      0.000      |      0.000       |      0.000       |   [-6.283, 6.283]   |      2.618      |    9.6e+03    |
|   2   | joint_3   |  1.0e+04  | 500.000 |  0.000   |      0.000      |      0.000       |      0.000       |   [-2.618, 2.618]   |      3.142      |    5.4e+03    |
|   3   | joint_4   |  1.0e+04  | 500.000 |  0.000   |      0.000      |      0.000       |      0.000       |   [-6.283, 6.283]   |      3.927      |    2.7e+03    |
|   4   | joint_5   |  1.0e+04  | 500.000 |  0.000   |      0.000      |      0.000       |      0.000       |   [-6.283, 6.283]   |      3.927      |    2.7e+03    |
|   5   | joint_6   |  1.0e+04  | 500.000 |  0.000   |      0.000      |      0.000       |      0.000       |   [-6.283, 6.283]   |      3.927      |    2.7e+03    |
|   6   | pad_joint |  2.0e+03  | 100.000 |  0.000   |      0.000      |      0.000       |      0.000       | [-3.4e+38, 3.4e+38] |     104.720     |    100.000    |
+-------+-----------+-----------+---------+----------+-----------------+------------------+------------------+---------------------+-----------------+---------------+
[INFO]: Time taken for simulation start Last: 0.681248 s, Mean: 0.681248 s, Std: 0.000000 s, N: 1
[INFO]: Completed setting up the environment...
[RobotPolishEnv] robot feed override 5.946 -> 12.700 mm/s (policy range 6.350~19.050 mm/s)
[RobotPolishEnv] v5 M0609+pad coupled | link_6 contact offset=[-0.0025 -0.02    0.0448] m
[FactoryPlanarRoiPolishEnv] Gate C so=0.40 edge=balanced_extend5 direction=same_xx path=2.100m
[GateF7CurvedObservationEnv] mode=base14 obs_dim=14
[Gate F8] control/freeform/same_xx step=1000 complete=1/4
[Gate F8] control/freeform/same_xx step=2000 complete=1/4
[Gate F8] control/freeform/same_xx step=3000 complete=1/4
[Gate F8] control/freeform/same_xx step=4000 complete=3/4
[Gate F8] control/freeform/same_xx step=5000 complete=3/4
{
  "all_finite": true,
  "checkpoint": "/home/rokey/cacadaca/learning/rl/robot/releases/gate_e7_seed1_it211_20260831_201801/model_gate_e7_seed1_it211.pt",
  "checkpoint_sha256": "c733763bfebd7fcead01cf2574bbd1621c4660b9347143cccb35e0e83449d052",
  "completed": 4,
  "created_utc": "2026-09-01T01:24:12.561921+00:00",
  "diagnostic_version": "gate_e6_local_window_area_v1",
  "direction_mode": "same_xx",
  "envs_per_profile": 1,
  "expected": 4,
  "gate": "F8_FORCE_SAFETY",
  "observation_mode": "base14",
  "path": {
    "direction_mode": "same_xx",
    "edge_mode": "balanced_extend5",
    "lines_per_sweep": 5,
    "path_length_m": 2.1,
    "path_mode": "gate_c",
    "step_over_m": 0.044000000000000004,
    "step_over_ratio": 0.4,
    "sweeps": 2
  },
  "physics_seed": 20260901,
  "policy_seed": 20260831,
  "profiles": [
    "legacy_stress",
    "factory_prepolish",
    "factory_prepolish_deep_defect",
    "factory_prepolish_deep_stress"
  ],
  "saved_iteration": 211,
  "shield_mode": "control",
  "surface_kind": "freeform",
  "surface_seed_base": 41000,
  "tile_rows": 100,
  "training_performed": false
}
[INFO]: SimulationContext cleared
Loading user config located at: '/home/rokey/isaacsim-6.0.1/kit/data/Kit/IsaacLab/3.0/user.config.json'
2026-09-01T01:19:41Z [0ms] [Warning] [omni.ext.plugin] [ext: isaaclab_visualizers] Extensions config 'extension.toml' doesn't exist '/home/rokey/IsaacLab/source/isaaclab_visualizers' or '/home/rokey/IsaacLab/source/isaaclab_visualizers/config'
2026-09-01T01:19:41Z [367ms] [Warning] [omni.usd_config.extension] Enable omni.materialx.libs extension to use MaterialX
2026-09-01T01:19:45Z [3,887ms] [Warning] [isaaclab_physx.physics.physx_manager] TGS solver with enable_external_forces_every_iteration=False may cause noisy velocities.
2026-09-01T01:19:45Z [4,015ms] [Warning] [omni.usd] Encountered USD Warnings but USD Diagnostics are currently muted. To view USD Warnings, please set the '/persistent/app/usd/muteUsdDiagnostics' setting to false in Preferences page.
2026-09-01T01:19:46Z [5,485ms] [Warning] [usdrt.population.plugin] Last global time was not created. Did you call setEnableUsdNoticeHandling?
[F9 2026-09-01 10:24:12] done  (23/64) learning/rl/robot/results/gate_f9_control_freeform_same_seed41000_20260901_072500
[F9 2026-09-01 10:24:12] start (24/64) static_cap/freeform/same_xx/seed41000 -> learning/rl/robot/results/gate_f9_static_cap_freeform_same_seed41000_20260901_072500
The '--headless' CLI argument is deprecated. Omit '--viz' for default headless. If config visualizers are enabled and you want to force headless, use '--viz none'.
WARNING: All log messages before absl::InitializeLog() is called are written to STDERR
E0000 00:00:1788225853.080105    4823 descriptor_database.cc:633] File already exists in database: grpc/health/v1/health.proto
W0000 00:00:1788225853.080133    4823 message.cc:301] Protobuf GeneratedMessageFactory: File is already registered: grpc/health/v1/health.proto
[ISAACLAB] AppLauncher initialization complete
[INFO]: Base environment:
	Environment device    : cuda:0
	Environment seed      : 20260901
	Physics step-size     : 0.008333333333333333
	Rendering step-size   : 0.05
	Environment step-size : 0.05
[INFO]: Registered backend 'physx' for factory Articulation.
[INFO] Robot /World/envs/env_0/Robot/m0609/m0609: 폴리싱 디스크 생성 완료 → /World/envs/env_0/Robot/m0609/m0609/polishing_contact_pad
[INFO]: Registered backend 'physx' for factory ContactSensor.
[INFO]: Time taken for scene creation Last: 1.161711 s, Mean: 1.161711 s, Std: 0.000000 s, N: 1
[INFO]: Scene manager:  <class InteractiveScene>
	Number of environments: 4
	Environment spacing   : 1.6
	Source prim name      : /World/envs/env_0
	Global prim paths     : []
	Replicate physics     : True
[INFO]: Starting the simulation. This may take a few seconds. Please wait...
[INFO]: Simulation parameters for joints in /World/envs/env_.*/Robot:
+--------------------------------------------------------------------------------------------------------------------------------------------------------------------+
|                                                 Simulation Joint Information (Prim path: /World/envs/env_.*/Robot)                                                 |
+-------+-----------+-----------+---------+----------+-----------------+------------------+------------------+---------------------+-----------------+---------------+
| Index | Name      | Stiffness | Damping | Armature | Static Friction | Dynamic Friction | Viscous Friction |   Position Limits   | Velocity Limits | Effort Limits |
+-------+-----------+-----------+---------+----------+-----------------+------------------+------------------+---------------------+-----------------+---------------+
|   0   | joint_1   |  1.0e+04  | 500.000 |  0.000   |      0.000      |      0.000       |      0.000       |   [-6.283, 6.283]   |      2.618      |    9.6e+03    |
|   1   | joint_2   |  1.0e+04  | 500.000 |  0.000   |      0.000      |      0.000       |      0.000       |   [-6.283, 6.283]   |      2.618      |    9.6e+03    |
|   2   | joint_3   |  1.0e+04  | 500.000 |  0.000   |      0.000      |      0.000       |      0.000       |   [-2.618, 2.618]   |      3.142      |    5.4e+03    |
|   3   | joint_4   |  1.0e+04  | 500.000 |  0.000   |      0.000      |      0.000       |      0.000       |   [-6.283, 6.283]   |      3.927      |    2.7e+03    |
|   4   | joint_5   |  1.0e+04  | 500.000 |  0.000   |      0.000      |      0.000       |      0.000       |   [-6.283, 6.283]   |      3.927      |    2.7e+03    |
|   5   | joint_6   |  1.0e+04  | 500.000 |  0.000   |      0.000      |      0.000       |      0.000       |   [-6.283, 6.283]   |      3.927      |    2.7e+03    |
|   6   | pad_joint |  2.0e+03  | 100.000 |  0.000   |      0.000      |      0.000       |      0.000       | [-3.4e+38, 3.4e+38] |     104.720     |    100.000    |
+-------+-----------+-----------+---------+----------+-----------------+------------------+------------------+---------------------+-----------------+---------------+
[INFO]: Time taken for simulation start Last: 0.668418 s, Mean: 0.668418 s, Std: 0.000000 s, N: 1
[INFO]: Completed setting up the environment...
[RobotPolishEnv] robot feed override 5.946 -> 12.700 mm/s (policy range 6.350~19.050 mm/s)
[RobotPolishEnv] v5 M0609+pad coupled | link_6 contact offset=[-0.0025 -0.02    0.0448] m
[FactoryPlanarRoiPolishEnv] Gate C so=0.40 edge=balanced_extend5 direction=same_xx path=2.100m
[GateF7CurvedObservationEnv] mode=base14 obs_dim=14
[Gate F8] static_cap/freeform/same_xx step=1000 complete=0/4
[Gate F8] static_cap/freeform/same_xx step=2000 complete=0/4
[Gate F8] static_cap/freeform/same_xx step=3000 complete=0/4
[Gate F8] static_cap/freeform/same_xx step=4000 complete=3/4
[Gate F8] static_cap/freeform/same_xx step=5000 complete=3/4
{
  "all_finite": true,
  "checkpoint": "/home/rokey/cacadaca/learning/rl/robot/releases/gate_e7_seed1_it211_20260831_201801/model_gate_e7_seed1_it211.pt",
  "checkpoint_sha256": "c733763bfebd7fcead01cf2574bbd1621c4660b9347143cccb35e0e83449d052",
  "completed": 4,
  "created_utc": "2026-09-01T01:28:48.198603+00:00",
  "diagnostic_version": "gate_e6_local_window_area_v1",
  "direction_mode": "same_xx",
  "envs_per_profile": 1,
  "expected": 4,
  "gate": "F8_FORCE_SAFETY",
  "observation_mode": "base14",
  "path": {
    "direction_mode": "same_xx",
    "edge_mode": "balanced_extend5",
    "lines_per_sweep": 5,
    "path_length_m": 2.1,
    "path_mode": "gate_c",
    "step_over_m": 0.044000000000000004,
    "step_over_ratio": 0.4,
    "sweeps": 2
  },
  "physics_seed": 20260901,
  "policy_seed": 20260831,
  "profiles": [
    "legacy_stress",
    "factory_prepolish",
    "factory_prepolish_deep_defect",
    "factory_prepolish_deep_stress"
  ],
  "saved_iteration": 211,
  "shield_mode": "static_cap",
  "surface_kind": "freeform",
  "surface_seed_base": 41000,
  "tile_rows": 100,
  "training_performed": false
}
[INFO]: SimulationContext cleared
Loading user config located at: '/home/rokey/isaacsim-6.0.1/kit/data/Kit/IsaacLab/3.0/user.config.json'
2026-09-01T01:24:13Z [0ms] [Warning] [omni.ext.plugin] [ext: isaaclab_visualizers] Extensions config 'extension.toml' doesn't exist '/home/rokey/IsaacLab/source/isaaclab_visualizers' or '/home/rokey/IsaacLab/source/isaaclab_visualizers/config'
2026-09-01T01:24:13Z [361ms] [Warning] [omni.usd_config.extension] Enable omni.materialx.libs extension to use MaterialX
2026-09-01T01:24:16Z [3,846ms] [Warning] [isaaclab_physx.physics.physx_manager] TGS solver with enable_external_forces_every_iteration=False may cause noisy velocities.
2026-09-01T01:24:16Z [3,964ms] [Warning] [omni.usd] Encountered USD Warnings but USD Diagnostics are currently muted. To view USD Warnings, please set the '/persistent/app/usd/muteUsdDiagnostics' setting to false in Preferences page.
2026-09-01T01:24:18Z [5,540ms] [Warning] [usdrt.population.plugin] Last global time was not created. Did you call setEnableUsdNoticeHandling?
[F9 2026-09-01 10:28:48] done  (24/64) learning/rl/robot/results/gate_f9_static_cap_freeform_same_seed41000_20260901_072500
[F9 2026-09-01 10:28:48] start (25/64) control/flat/cross_xy/seed41000 -> learning/rl/robot/results/gate_f9_control_flat_cross_seed41000_20260901_072500
The '--headless' CLI argument is deprecated. Omit '--viz' for default headless. If config visualizers are enabled and you want to force headless, use '--viz none'.
WARNING: All log messages before absl::InitializeLog() is called are written to STDERR
E0000 00:00:1788226128.795739    5108 descriptor_database.cc:633] File already exists in database: grpc/health/v1/health.proto
W0000 00:00:1788226128.795769    5108 message.cc:301] Protobuf GeneratedMessageFactory: File is already registered: grpc/health/v1/health.proto
[ISAACLAB] AppLauncher initialization complete
[INFO]: Base environment:
	Environment device    : cuda:0
	Environment seed      : 20260901
	Physics step-size     : 0.008333333333333333
	Rendering step-size   : 0.05
	Environment step-size : 0.05
[INFO]: Registered backend 'physx' for factory Articulation.
[INFO] Robot /World/envs/env_0/Robot/m0609/m0609: 폴리싱 디스크 생성 완료 → /World/envs/env_0/Robot/m0609/m0609/polishing_contact_pad
[INFO]: Registered backend 'physx' for factory ContactSensor.
[INFO]: Time taken for scene creation Last: 1.056589 s, Mean: 1.056589 s, Std: 0.000000 s, N: 1
[INFO]: Scene manager:  <class InteractiveScene>
	Number of environments: 4
	Environment spacing   : 1.6
	Source prim name      : /World/envs/env_0
	Global prim paths     : []
	Replicate physics     : True
[INFO]: Starting the simulation. This may take a few seconds. Please wait...
[INFO]: Simulation parameters for joints in /World/envs/env_.*/Robot:
+--------------------------------------------------------------------------------------------------------------------------------------------------------------------+
|                                                 Simulation Joint Information (Prim path: /World/envs/env_.*/Robot)                                                 |
+-------+-----------+-----------+---------+----------+-----------------+------------------+------------------+---------------------+-----------------+---------------+
| Index | Name      | Stiffness | Damping | Armature | Static Friction | Dynamic Friction | Viscous Friction |   Position Limits   | Velocity Limits | Effort Limits |
+-------+-----------+-----------+---------+----------+-----------------+------------------+------------------+---------------------+-----------------+---------------+
|   0   | joint_1   |  1.0e+04  | 500.000 |  0.000   |      0.000      |      0.000       |      0.000       |   [-6.283, 6.283]   |      2.618      |    9.6e+03    |
|   1   | joint_2   |  1.0e+04  | 500.000 |  0.000   |      0.000      |      0.000       |      0.000       |   [-6.283, 6.283]   |      2.618      |    9.6e+03    |
|   2   | joint_3   |  1.0e+04  | 500.000 |  0.000   |      0.000      |      0.000       |      0.000       |   [-2.618, 2.618]   |      3.142      |    5.4e+03    |
|   3   | joint_4   |  1.0e+04  | 500.000 |  0.000   |      0.000      |      0.000       |      0.000       |   [-6.283, 6.283]   |      3.927      |    2.7e+03    |
|   4   | joint_5   |  1.0e+04  | 500.000 |  0.000   |      0.000      |      0.000       |      0.000       |   [-6.283, 6.283]   |      3.927      |    2.7e+03    |
|   5   | joint_6   |  1.0e+04  | 500.000 |  0.000   |      0.000      |      0.000       |      0.000       |   [-6.283, 6.283]   |      3.927      |    2.7e+03    |
|   6   | pad_joint |  2.0e+03  | 100.000 |  0.000   |      0.000      |      0.000       |      0.000       | [-3.4e+38, 3.4e+38] |     104.720     |    100.000    |
+-------+-----------+-----------+---------+----------+-----------------+------------------+------------------+---------------------+-----------------+---------------+
[INFO]: Time taken for simulation start Last: 0.672032 s, Mean: 0.672032 s, Std: 0.000000 s, N: 1
[INFO]: Completed setting up the environment...
[RobotPolishEnv] robot feed override 5.946 -> 12.700 mm/s (policy range 6.350~19.050 mm/s)
[RobotPolishEnv] v5 M0609+pad coupled | link_6 contact offset=[-0.0025 -0.02    0.0448] m
[FactoryPlanarRoiPolishEnv] Gate C so=0.40 edge=balanced_extend5 direction=cross_xy path=2.100m
[GateF7CurvedObservationEnv] mode=base14 obs_dim=14
[Gate F8] control/flat/cross_xy step=1000 complete=0/4
[Gate F8] control/flat/cross_xy step=2000 complete=0/4
[Gate F8] control/flat/cross_xy step=3000 complete=0/4
[Gate F8] control/flat/cross_xy step=4000 complete=3/4
[Gate F8] control/flat/cross_xy step=5000 complete=3/4
{
  "all_finite": true,
  "checkpoint": "/home/rokey/cacadaca/learning/rl/robot/releases/gate_e7_seed1_it211_20260831_201801/model_gate_e7_seed1_it211.pt",
  "checkpoint_sha256": "c733763bfebd7fcead01cf2574bbd1621c4660b9347143cccb35e0e83449d052",
  "completed": 4,
  "created_utc": "2026-09-01T01:32:32.064338+00:00",
  "diagnostic_version": "gate_e6_local_window_area_v1",
  "direction_mode": "cross_xy",
  "envs_per_profile": 1,
  "expected": 4,
  "gate": "F8_FORCE_SAFETY",
  "observation_mode": "base14",
  "path": {
    "direction_mode": "cross_xy",
    "edge_mode": "balanced_extend5",
    "lines_per_sweep": 5,
    "path_length_m": 2.1,
    "path_mode": "gate_c",
    "step_over_m": 0.044000000000000004,
    "step_over_ratio": 0.4,
    "sweeps": 2
  },
  "physics_seed": 20260901,
  "policy_seed": 20260831,
  "profiles": [
    "legacy_stress",
    "factory_prepolish",
    "factory_prepolish_deep_defect",
    "factory_prepolish_deep_stress"
  ],
  "saved_iteration": 211,
  "shield_mode": "control",
  "surface_kind": "flat",
  "surface_seed_base": 41000,
  "tile_rows": 100,
  "training_performed": false
}
[INFO]: SimulationContext cleared
Loading user config located at: '/home/rokey/isaacsim-6.0.1/kit/data/Kit/IsaacLab/3.0/user.config.json'
2026-09-01T01:28:48Z [0ms] [Warning] [omni.ext.plugin] [ext: isaaclab_visualizers] Extensions config 'extension.toml' doesn't exist '/home/rokey/IsaacLab/source/isaaclab_visualizers' or '/home/rokey/IsaacLab/source/isaaclab_visualizers/config'
2026-09-01T01:28:49Z [359ms] [Warning] [omni.usd_config.extension] Enable omni.materialx.libs extension to use MaterialX
2026-09-01T01:28:52Z [3,830ms] [Warning] [isaaclab_physx.physics.physx_manager] TGS solver with enable_external_forces_every_iteration=False may cause noisy velocities.
2026-09-01T01:28:52Z [3,943ms] [Warning] [omni.usd] Encountered USD Warnings but USD Diagnostics are currently muted. To view USD Warnings, please set the '/persistent/app/usd/muteUsdDiagnostics' setting to false in Preferences page.
2026-09-01T01:28:54Z [5,418ms] [Warning] [usdrt.population.plugin] Last global time was not created. Did you call setEnableUsdNoticeHandling?
[F9 2026-09-01 10:32:32] done  (25/64) learning/rl/robot/results/gate_f9_control_flat_cross_seed41000_20260901_072500
[F9 2026-09-01 10:32:32] start (26/64) static_cap/flat/cross_xy/seed41000 -> learning/rl/robot/results/gate_f9_static_cap_flat_cross_seed41000_20260901_072500
The '--headless' CLI argument is deprecated. Omit '--viz' for default headless. If config visualizers are enabled and you want to force headless, use '--viz none'.
WARNING: All log messages before absl::InitializeLog() is called are written to STDERR
E0000 00:00:1788226352.646190    5719 descriptor_database.cc:633] File already exists in database: grpc/health/v1/health.proto
W0000 00:00:1788226352.646221    5719 message.cc:301] Protobuf GeneratedMessageFactory: File is already registered: grpc/health/v1/health.proto
[ISAACLAB] AppLauncher initialization complete
[INFO]: Base environment:
	Environment device    : cuda:0
	Environment seed      : 20260901
	Physics step-size     : 0.008333333333333333
	Rendering step-size   : 0.05
	Environment step-size : 0.05
[INFO]: Registered backend 'physx' for factory Articulation.
[INFO] Robot /World/envs/env_0/Robot/m0609/m0609: 폴리싱 디스크 생성 완료 → /World/envs/env_0/Robot/m0609/m0609/polishing_contact_pad
[INFO]: Registered backend 'physx' for factory ContactSensor.
[INFO]: Time taken for scene creation Last: 1.026935 s, Mean: 1.026935 s, Std: 0.000000 s, N: 1
[INFO]: Scene manager:  <class InteractiveScene>
	Number of environments: 4
	Environment spacing   : 1.6
	Source prim name      : /World/envs/env_0
	Global prim paths     : []
	Replicate physics     : True
[INFO]: Starting the simulation. This may take a few seconds. Please wait...
[INFO]: Simulation parameters for joints in /World/envs/env_.*/Robot:
+--------------------------------------------------------------------------------------------------------------------------------------------------------------------+
|                                                 Simulation Joint Information (Prim path: /World/envs/env_.*/Robot)                                                 |
+-------+-----------+-----------+---------+----------+-----------------+------------------+------------------+---------------------+-----------------+---------------+
| Index | Name      | Stiffness | Damping | Armature | Static Friction | Dynamic Friction | Viscous Friction |   Position Limits   | Velocity Limits | Effort Limits |
+-------+-----------+-----------+---------+----------+-----------------+------------------+------------------+---------------------+-----------------+---------------+
|   0   | joint_1   |  1.0e+04  | 500.000 |  0.000   |      0.000      |      0.000       |      0.000       |   [-6.283, 6.283]   |      2.618      |    9.6e+03    |
|   1   | joint_2   |  1.0e+04  | 500.000 |  0.000   |      0.000      |      0.000       |      0.000       |   [-6.283, 6.283]   |      2.618      |    9.6e+03    |
|   2   | joint_3   |  1.0e+04  | 500.000 |  0.000   |      0.000      |      0.000       |      0.000       |   [-2.618, 2.618]   |      3.142      |    5.4e+03    |
|   3   | joint_4   |  1.0e+04  | 500.000 |  0.000   |      0.000      |      0.000       |      0.000       |   [-6.283, 6.283]   |      3.927      |    2.7e+03    |
|   4   | joint_5   |  1.0e+04  | 500.000 |  0.000   |      0.000      |      0.000       |      0.000       |   [-6.283, 6.283]   |      3.927      |    2.7e+03    |
|   5   | joint_6   |  1.0e+04  | 500.000 |  0.000   |      0.000      |      0.000       |      0.000       |   [-6.283, 6.283]   |      3.927      |    2.7e+03    |
|   6   | pad_joint |  2.0e+03  | 100.000 |  0.000   |      0.000      |      0.000       |      0.000       | [-3.4e+38, 3.4e+38] |     104.720     |    100.000    |
+-------+-----------+-----------+---------+----------+-----------------+------------------+------------------+---------------------+-----------------+---------------+
[INFO]: Time taken for simulation start Last: 0.680980 s, Mean: 0.680980 s, Std: 0.000000 s, N: 1
[INFO]: Completed setting up the environment...
[RobotPolishEnv] robot feed override 5.946 -> 12.700 mm/s (policy range 6.350~19.050 mm/s)
[RobotPolishEnv] v5 M0609+pad coupled | link_6 contact offset=[-0.0025 -0.02    0.0448] m
[FactoryPlanarRoiPolishEnv] Gate C so=0.40 edge=balanced_extend5 direction=cross_xy path=2.100m
[GateF7CurvedObservationEnv] mode=base14 obs_dim=14
[Gate F8] static_cap/flat/cross_xy step=1000 complete=0/4
[Gate F8] static_cap/flat/cross_xy step=2000 complete=0/4
[Gate F8] static_cap/flat/cross_xy step=3000 complete=0/4
[Gate F8] static_cap/flat/cross_xy step=4000 complete=3/4
[Gate F8] static_cap/flat/cross_xy step=5000 complete=3/4
{
  "all_finite": true,
  "checkpoint": "/home/rokey/cacadaca/learning/rl/robot/releases/gate_e7_seed1_it211_20260831_201801/model_gate_e7_seed1_it211.pt",
  "checkpoint_sha256": "c733763bfebd7fcead01cf2574bbd1621c4660b9347143cccb35e0e83449d052",
  "completed": 4,
  "created_utc": "2026-09-01T01:36:22.850824+00:00",
  "diagnostic_version": "gate_e6_local_window_area_v1",
  "direction_mode": "cross_xy",
  "envs_per_profile": 1,
  "expected": 4,
  "gate": "F8_FORCE_SAFETY",
  "observation_mode": "base14",
  "path": {
    "direction_mode": "cross_xy",
    "edge_mode": "balanced_extend5",
    "lines_per_sweep": 5,
    "path_length_m": 2.1,
    "path_mode": "gate_c",
    "step_over_m": 0.044000000000000004,
    "step_over_ratio": 0.4,
    "sweeps": 2
  },
  "physics_seed": 20260901,
  "policy_seed": 20260831,
  "profiles": [
    "legacy_stress",
    "factory_prepolish",
    "factory_prepolish_deep_defect",
    "factory_prepolish_deep_stress"
  ],
  "saved_iteration": 211,
  "shield_mode": "static_cap",
  "surface_kind": "flat",
  "surface_seed_base": 41000,
  "tile_rows": 100,
  "training_performed": false
}
[INFO]: SimulationContext cleared
Loading user config located at: '/home/rokey/isaacsim-6.0.1/kit/data/Kit/IsaacLab/3.0/user.config.json'
2026-09-01T01:32:32Z [0ms] [Warning] [omni.ext.plugin] [ext: isaaclab_visualizers] Extensions config 'extension.toml' doesn't exist '/home/rokey/IsaacLab/source/isaaclab_visualizers' or '/home/rokey/IsaacLab/source/isaaclab_visualizers/config'
2026-09-01T01:32:32Z [360ms] [Warning] [omni.usd_config.extension] Enable omni.materialx.libs extension to use MaterialX
2026-09-01T01:32:36Z [3,905ms] [Warning] [isaaclab_physx.physics.physx_manager] TGS solver with enable_external_forces_every_iteration=False may cause noisy velocities.
2026-09-01T01:32:36Z [4,020ms] [Warning] [omni.usd] Encountered USD Warnings but USD Diagnostics are currently muted. To view USD Warnings, please set the '/persistent/app/usd/muteUsdDiagnostics' setting to false in Preferences page.
2026-09-01T01:32:38Z [5,476ms] [Warning] [usdrt.population.plugin] Last global time was not created. Did you call setEnableUsdNoticeHandling?
[F9 2026-09-01 10:36:23] done  (26/64) learning/rl/robot/results/gate_f9_static_cap_flat_cross_seed41000_20260901_072500
[F9 2026-09-01 10:36:23] start (27/64) control/cylinder/cross_xy/seed41000 -> learning/rl/robot/results/gate_f9_control_cylinder_cross_seed41000_20260901_072500
The '--headless' CLI argument is deprecated. Omit '--viz' for default headless. If config visualizers are enabled and you want to force headless, use '--viz none'.
WARNING: All log messages before absl::InitializeLog() is called are written to STDERR
E0000 00:00:1788226583.379808    6475 descriptor_database.cc:633] File already exists in database: grpc/health/v1/health.proto
W0000 00:00:1788226583.379839    6475 message.cc:301] Protobuf GeneratedMessageFactory: File is already registered: grpc/health/v1/health.proto
[ISAACLAB] AppLauncher initialization complete
[INFO]: Base environment:
	Environment device    : cuda:0
	Environment seed      : 20260901
	Physics step-size     : 0.008333333333333333
	Rendering step-size   : 0.05
	Environment step-size : 0.05
[INFO]: Registered backend 'physx' for factory Articulation.
[INFO] Robot /World/envs/env_0/Robot/m0609/m0609: 폴리싱 디스크 생성 완료 → /World/envs/env_0/Robot/m0609/m0609/polishing_contact_pad
[INFO]: Registered backend 'physx' for factory ContactSensor.
[INFO]: Time taken for scene creation Last: 1.181926 s, Mean: 1.181926 s, Std: 0.000000 s, N: 1
[INFO]: Scene manager:  <class InteractiveScene>
	Number of environments: 4
	Environment spacing   : 1.6
	Source prim name      : /World/envs/env_0
	Global prim paths     : []
	Replicate physics     : True
[INFO]: Starting the simulation. This may take a few seconds. Please wait...
[INFO]: Simulation parameters for joints in /World/envs/env_.*/Robot:
+--------------------------------------------------------------------------------------------------------------------------------------------------------------------+
|                                                 Simulation Joint Information (Prim path: /World/envs/env_.*/Robot)                                                 |
+-------+-----------+-----------+---------+----------+-----------------+------------------+------------------+---------------------+-----------------+---------------+
| Index | Name      | Stiffness | Damping | Armature | Static Friction | Dynamic Friction | Viscous Friction |   Position Limits   | Velocity Limits | Effort Limits |
+-------+-----------+-----------+---------+----------+-----------------+------------------+------------------+---------------------+-----------------+---------------+
|   0   | joint_1   |  1.0e+04  | 500.000 |  0.000   |      0.000      |      0.000       |      0.000       |   [-6.283, 6.283]   |      2.618      |    9.6e+03    |
|   1   | joint_2   |  1.0e+04  | 500.000 |  0.000   |      0.000      |      0.000       |      0.000       |   [-6.283, 6.283]   |      2.618      |    9.6e+03    |
|   2   | joint_3   |  1.0e+04  | 500.000 |  0.000   |      0.000      |      0.000       |      0.000       |   [-2.618, 2.618]   |      3.142      |    5.4e+03    |
|   3   | joint_4   |  1.0e+04  | 500.000 |  0.000   |      0.000      |      0.000       |      0.000       |   [-6.283, 6.283]   |      3.927      |    2.7e+03    |
|   4   | joint_5   |  1.0e+04  | 500.000 |  0.000   |      0.000      |      0.000       |      0.000       |   [-6.283, 6.283]   |      3.927      |    2.7e+03    |
|   5   | joint_6   |  1.0e+04  | 500.000 |  0.000   |      0.000      |      0.000       |      0.000       |   [-6.283, 6.283]   |      3.927      |    2.7e+03    |
|   6   | pad_joint |  2.0e+03  | 100.000 |  0.000   |      0.000      |      0.000       |      0.000       | [-3.4e+38, 3.4e+38] |     104.720     |    100.000    |
+-------+-----------+-----------+---------+----------+-----------------+------------------+------------------+---------------------+-----------------+---------------+
[INFO]: Time taken for simulation start Last: 0.719977 s, Mean: 0.719977 s, Std: 0.000000 s, N: 1
[INFO]: Completed setting up the environment...
[RobotPolishEnv] robot feed override 5.946 -> 12.700 mm/s (policy range 6.350~19.050 mm/s)
[RobotPolishEnv] v5 M0609+pad coupled | link_6 contact offset=[-0.0025 -0.02    0.0448] m
[FactoryPlanarRoiPolishEnv] Gate C so=0.40 edge=balanced_extend5 direction=cross_xy path=2.100m
[GateF7CurvedObservationEnv] mode=base14 obs_dim=14
[Gate F8] control/cylinder/cross_xy step=1000 complete=0/4
[Gate F8] control/cylinder/cross_xy step=2000 complete=0/4
[Gate F8] control/cylinder/cross_xy step=3000 complete=0/4
[Gate F8] control/cylinder/cross_xy step=4000 complete=3/4
[Gate F8] control/cylinder/cross_xy step=5000 complete=3/4
{
  "all_finite": true,
  "checkpoint": "/home/rokey/cacadaca/learning/rl/robot/releases/gate_e7_seed1_it211_20260831_201801/model_gate_e7_seed1_it211.pt",
  "checkpoint_sha256": "c733763bfebd7fcead01cf2574bbd1621c4660b9347143cccb35e0e83449d052",
  "completed": 4,
  "created_utc": "2026-09-01T01:40:23.370622+00:00",
  "diagnostic_version": "gate_e6_local_window_area_v1",
  "direction_mode": "cross_xy",
  "envs_per_profile": 1,
  "expected": 4,
  "gate": "F8_FORCE_SAFETY",
  "observation_mode": "base14",
  "path": {
    "direction_mode": "cross_xy",
    "edge_mode": "balanced_extend5",
    "lines_per_sweep": 5,
    "path_length_m": 2.1,
    "path_mode": "gate_c",
    "step_over_m": 0.044000000000000004,
    "step_over_ratio": 0.4,
    "sweeps": 2
  },
  "physics_seed": 20260901,
  "policy_seed": 20260831,
  "profiles": [
    "legacy_stress",
    "factory_prepolish",
    "factory_prepolish_deep_defect",
    "factory_prepolish_deep_stress"
  ],
  "saved_iteration": 211,
  "shield_mode": "control",
  "surface_kind": "cylinder",
  "surface_seed_base": 41000,
  "tile_rows": 100,
  "training_performed": false
}
[INFO]: SimulationContext cleared
Loading user config located at: '/home/rokey/isaacsim-6.0.1/kit/data/Kit/IsaacLab/3.0/user.config.json'
2026-09-01T01:36:23Z [0ms] [Warning] [omni.ext.plugin] [ext: isaaclab_visualizers] Extensions config 'extension.toml' doesn't exist '/home/rokey/IsaacLab/source/isaaclab_visualizers' or '/home/rokey/IsaacLab/source/isaaclab_visualizers/config'
2026-09-01T01:36:23Z [376ms] [Warning] [omni.usd_config.extension] Enable omni.materialx.libs extension to use MaterialX
2026-09-01T01:36:27Z [4,050ms] [Warning] [isaaclab_physx.physics.physx_manager] TGS solver with enable_external_forces_every_iteration=False may cause noisy velocities.
2026-09-01T01:36:27Z [4,173ms] [Warning] [omni.usd] Encountered USD Warnings but USD Diagnostics are currently muted. To view USD Warnings, please set the '/persistent/app/usd/muteUsdDiagnostics' setting to false in Preferences page.
2026-09-01T01:36:29Z [5,812ms] [Warning] [usdrt.population.plugin] Last global time was not created. Did you call setEnableUsdNoticeHandling?
[F9 2026-09-01 10:40:23] done  (27/64) learning/rl/robot/results/gate_f9_control_cylinder_cross_seed41000_20260901_072500
[F9 2026-09-01 10:40:23] start (28/64) static_cap/cylinder/cross_xy/seed41000 -> learning/rl/robot/results/gate_f9_static_cap_cylinder_cross_seed41000_20260901_072500
The '--headless' CLI argument is deprecated. Omit '--viz' for default headless. If config visualizers are enabled and you want to force headless, use '--viz none'.
WARNING: All log messages before absl::InitializeLog() is called are written to STDERR
E0000 00:00:1788226823.946199    7137 descriptor_database.cc:633] File already exists in database: grpc/health/v1/health.proto
W0000 00:00:1788226823.946228    7137 message.cc:301] Protobuf GeneratedMessageFactory: File is already registered: grpc/health/v1/health.proto
[ISAACLAB] AppLauncher initialization complete
[INFO]: Base environment:
	Environment device    : cuda:0
	Environment seed      : 20260901
	Physics step-size     : 0.008333333333333333
	Rendering step-size   : 0.05
	Environment step-size : 0.05
[INFO]: Registered backend 'physx' for factory Articulation.
[INFO] Robot /World/envs/env_0/Robot/m0609/m0609: 폴리싱 디스크 생성 완료 → /World/envs/env_0/Robot/m0609/m0609/polishing_contact_pad
[INFO]: Registered backend 'physx' for factory ContactSensor.
[INFO]: Time taken for scene creation Last: 0.921653 s, Mean: 0.921653 s, Std: 0.000000 s, N: 1
[INFO]: Scene manager:  <class InteractiveScene>
	Number of environments: 4
	Environment spacing   : 1.6
	Source prim name      : /World/envs/env_0
	Global prim paths     : []
	Replicate physics     : True
[INFO]: Starting the simulation. This may take a few seconds. Please wait...
[INFO]: Simulation parameters for joints in /World/envs/env_.*/Robot:
+--------------------------------------------------------------------------------------------------------------------------------------------------------------------+
|                                                 Simulation Joint Information (Prim path: /World/envs/env_.*/Robot)                                                 |
+-------+-----------+-----------+---------+----------+-----------------+------------------+------------------+---------------------+-----------------+---------------+
| Index | Name      | Stiffness | Damping | Armature | Static Friction | Dynamic Friction | Viscous Friction |   Position Limits   | Velocity Limits | Effort Limits |
+-------+-----------+-----------+---------+----------+-----------------+------------------+------------------+---------------------+-----------------+---------------+
|   0   | joint_1   |  1.0e+04  | 500.000 |  0.000   |      0.000      |      0.000       |      0.000       |   [-6.283, 6.283]   |      2.618      |    9.6e+03    |
|   1   | joint_2   |  1.0e+04  | 500.000 |  0.000   |      0.000      |      0.000       |      0.000       |   [-6.283, 6.283]   |      2.618      |    9.6e+03    |
|   2   | joint_3   |  1.0e+04  | 500.000 |  0.000   |      0.000      |      0.000       |      0.000       |   [-2.618, 2.618]   |      3.142      |    5.4e+03    |
|   3   | joint_4   |  1.0e+04  | 500.000 |  0.000   |      0.000      |      0.000       |      0.000       |   [-6.283, 6.283]   |      3.927      |    2.7e+03    |
|   4   | joint_5   |  1.0e+04  | 500.000 |  0.000   |      0.000      |      0.000       |      0.000       |   [-6.283, 6.283]   |      3.927      |    2.7e+03    |
|   5   | joint_6   |  1.0e+04  | 500.000 |  0.000   |      0.000      |      0.000       |      0.000       |   [-6.283, 6.283]   |      3.927      |    2.7e+03    |
|   6   | pad_joint |  2.0e+03  | 100.000 |  0.000   |      0.000      |      0.000       |      0.000       | [-3.4e+38, 3.4e+38] |     104.720     |    100.000    |
+-------+-----------+-----------+---------+----------+-----------------+------------------+------------------+---------------------+-----------------+---------------+
[INFO]: Time taken for simulation start Last: 0.689980 s, Mean: 0.689980 s, Std: 0.000000 s, N: 1
[INFO]: Completed setting up the environment...
[RobotPolishEnv] robot feed override 5.946 -> 12.700 mm/s (policy range 6.350~19.050 mm/s)
[RobotPolishEnv] v5 M0609+pad coupled | link_6 contact offset=[-0.0025 -0.02    0.0448] m
[FactoryPlanarRoiPolishEnv] Gate C so=0.40 edge=balanced_extend5 direction=cross_xy path=2.100m
[GateF7CurvedObservationEnv] mode=base14 obs_dim=14
[Gate F8] static_cap/cylinder/cross_xy step=1000 complete=1/4
[Gate F8] static_cap/cylinder/cross_xy step=2000 complete=1/4
[Gate F8] static_cap/cylinder/cross_xy step=3000 complete=1/4
[Gate F8] static_cap/cylinder/cross_xy step=4000 complete=3/4
[Gate F8] static_cap/cylinder/cross_xy step=5000 complete=3/4
{
  "all_finite": true,
  "checkpoint": "/home/rokey/cacadaca/learning/rl/robot/releases/gate_e7_seed1_it211_20260831_201801/model_gate_e7_seed1_it211.pt",
  "checkpoint_sha256": "c733763bfebd7fcead01cf2574bbd1621c4660b9347143cccb35e0e83449d052",
  "completed": 4,
  "created_utc": "2026-09-01T01:44:22.954772+00:00",
  "diagnostic_version": "gate_e6_local_window_area_v1",
  "direction_mode": "cross_xy",
  "envs_per_profile": 1,
  "expected": 4,
  "gate": "F8_FORCE_SAFETY",
  "observation_mode": "base14",
  "path": {
    "direction_mode": "cross_xy",
    "edge_mode": "balanced_extend5",
    "lines_per_sweep": 5,
    "path_length_m": 2.1,
    "path_mode": "gate_c",
    "step_over_m": 0.044000000000000004,
    "step_over_ratio": 0.4,
    "sweeps": 2
  },
  "physics_seed": 20260901,
  "policy_seed": 20260831,
  "profiles": [
    "legacy_stress",
    "factory_prepolish",
    "factory_prepolish_deep_defect",
    "factory_prepolish_deep_stress"
  ],
  "saved_iteration": 211,
  "shield_mode": "static_cap",
  "surface_kind": "cylinder",
  "surface_seed_base": 41000,
  "tile_rows": 100,
  "training_performed": false
}
[INFO]: SimulationContext cleared
Loading user config located at: '/home/rokey/isaacsim-6.0.1/kit/data/Kit/IsaacLab/3.0/user.config.json'
2026-09-01T01:40:23Z [0ms] [Warning] [omni.ext.plugin] [ext: isaaclab_visualizers] Extensions config 'extension.toml' doesn't exist '/home/rokey/IsaacLab/source/isaaclab_visualizers' or '/home/rokey/IsaacLab/source/isaaclab_visualizers/config'
2026-09-01T01:40:24Z [363ms] [Warning] [omni.usd_config.extension] Enable omni.materialx.libs extension to use MaterialX
2026-09-01T01:40:27Z [3,905ms] [Warning] [isaaclab_physx.physics.physx_manager] TGS solver with enable_external_forces_every_iteration=False may cause noisy velocities.
2026-09-01T01:40:27Z [4,027ms] [Warning] [omni.usd] Encountered USD Warnings but USD Diagnostics are currently muted. To view USD Warnings, please set the '/persistent/app/usd/muteUsdDiagnostics' setting to false in Preferences page.
2026-09-01T01:40:29Z [5,374ms] [Warning] [usdrt.population.plugin] Last global time was not created. Did you call setEnableUsdNoticeHandling?
[F9 2026-09-01 10:44:23] done  (28/64) learning/rl/robot/results/gate_f9_static_cap_cylinder_cross_seed41000_20260901_072500
[F9 2026-09-01 10:44:23] start (29/64) control/sphere/cross_xy/seed41000 -> learning/rl/robot/results/gate_f9_control_sphere_cross_seed41000_20260901_072500
The '--headless' CLI argument is deprecated. Omit '--viz' for default headless. If config visualizers are enabled and you want to force headless, use '--viz none'.
WARNING: All log messages before absl::InitializeLog() is called are written to STDERR
E0000 00:00:1788227063.509813    7629 descriptor_database.cc:633] File already exists in database: grpc/health/v1/health.proto
W0000 00:00:1788227063.509842    7629 message.cc:301] Protobuf GeneratedMessageFactory: File is already registered: grpc/health/v1/health.proto
[ISAACLAB] AppLauncher initialization complete
[INFO]: Base environment:
	Environment device    : cuda:0
	Environment seed      : 20260901
	Physics step-size     : 0.008333333333333333
	Rendering step-size   : 0.05
	Environment step-size : 0.05
[INFO]: Registered backend 'physx' for factory Articulation.
[INFO] Robot /World/envs/env_0/Robot/m0609/m0609: 폴리싱 디스크 생성 완료 → /World/envs/env_0/Robot/m0609/m0609/polishing_contact_pad
[INFO]: Registered backend 'physx' for factory ContactSensor.
[INFO]: Time taken for scene creation Last: 1.051982 s, Mean: 1.051982 s, Std: 0.000000 s, N: 1
[INFO]: Scene manager:  <class InteractiveScene>
	Number of environments: 4
	Environment spacing   : 1.6
	Source prim name      : /World/envs/env_0
	Global prim paths     : []
	Replicate physics     : True
[INFO]: Starting the simulation. This may take a few seconds. Please wait...
[INFO]: Simulation parameters for joints in /World/envs/env_.*/Robot:
+--------------------------------------------------------------------------------------------------------------------------------------------------------------------+
|                                                 Simulation Joint Information (Prim path: /World/envs/env_.*/Robot)                                                 |
+-------+-----------+-----------+---------+----------+-----------------+------------------+------------------+---------------------+-----------------+---------------+
| Index | Name      | Stiffness | Damping | Armature | Static Friction | Dynamic Friction | Viscous Friction |   Position Limits   | Velocity Limits | Effort Limits |
+-------+-----------+-----------+---------+----------+-----------------+------------------+------------------+---------------------+-----------------+---------------+
|   0   | joint_1   |  1.0e+04  | 500.000 |  0.000   |      0.000      |      0.000       |      0.000       |   [-6.283, 6.283]   |      2.618      |    9.6e+03    |
|   1   | joint_2   |  1.0e+04  | 500.000 |  0.000   |      0.000      |      0.000       |      0.000       |   [-6.283, 6.283]   |      2.618      |    9.6e+03    |
|   2   | joint_3   |  1.0e+04  | 500.000 |  0.000   |      0.000      |      0.000       |      0.000       |   [-2.618, 2.618]   |      3.142      |    5.4e+03    |
|   3   | joint_4   |  1.0e+04  | 500.000 |  0.000   |      0.000      |      0.000       |      0.000       |   [-6.283, 6.283]   |      3.927      |    2.7e+03    |
|   4   | joint_5   |  1.0e+04  | 500.000 |  0.000   |      0.000      |      0.000       |      0.000       |   [-6.283, 6.283]   |      3.927      |    2.7e+03    |
|   5   | joint_6   |  1.0e+04  | 500.000 |  0.000   |      0.000      |      0.000       |      0.000       |   [-6.283, 6.283]   |      3.927      |    2.7e+03    |
|   6   | pad_joint |  2.0e+03  | 100.000 |  0.000   |      0.000      |      0.000       |      0.000       | [-3.4e+38, 3.4e+38] |     104.720     |    100.000    |
+-------+-----------+-----------+---------+----------+-----------------+------------------+------------------+---------------------+-----------------+---------------+
[INFO]: Time taken for simulation start Last: 0.683104 s, Mean: 0.683104 s, Std: 0.000000 s, N: 1
[INFO]: Completed setting up the environment...
[RobotPolishEnv] robot feed override 5.946 -> 12.700 mm/s (policy range 6.350~19.050 mm/s)
[RobotPolishEnv] v5 M0609+pad coupled | link_6 contact offset=[-0.0025 -0.02    0.0448] m
[FactoryPlanarRoiPolishEnv] Gate C so=0.40 edge=balanced_extend5 direction=cross_xy path=2.100m
[GateF7CurvedObservationEnv] mode=base14 obs_dim=14
[Gate F8] control/sphere/cross_xy step=1000 complete=0/4
[Gate F8] control/sphere/cross_xy step=2000 complete=0/4
[Gate F8] control/sphere/cross_xy step=3000 complete=0/4
[Gate F8] control/sphere/cross_xy step=4000 complete=3/4
[Gate F8] control/sphere/cross_xy step=5000 complete=3/4
{
  "all_finite": true,
  "checkpoint": "/home/rokey/cacadaca/learning/rl/robot/releases/gate_e7_seed1_it211_20260831_201801/model_gate_e7_seed1_it211.pt",
  "checkpoint_sha256": "c733763bfebd7fcead01cf2574bbd1621c4660b9347143cccb35e0e83449d052",
  "completed": 4,
  "created_utc": "2026-09-01T01:48:25.993211+00:00",
  "diagnostic_version": "gate_e6_local_window_area_v1",
  "direction_mode": "cross_xy",
  "envs_per_profile": 1,
  "expected": 4,
  "gate": "F8_FORCE_SAFETY",
  "observation_mode": "base14",
  "path": {
    "direction_mode": "cross_xy",
    "edge_mode": "balanced_extend5",
    "lines_per_sweep": 5,
    "path_length_m": 2.1,
    "path_mode": "gate_c",
    "step_over_m": 0.044000000000000004,
    "step_over_ratio": 0.4,
    "sweeps": 2
  },
  "physics_seed": 20260901,
  "policy_seed": 20260831,
  "profiles": [
    "legacy_stress",
    "factory_prepolish",
    "factory_prepolish_deep_defect",
    "factory_prepolish_deep_stress"
  ],
  "saved_iteration": 211,
  "shield_mode": "control",
  "surface_kind": "sphere",
  "surface_seed_base": 41000,
  "tile_rows": 100,
  "training_performed": false
}
[INFO]: SimulationContext cleared
Loading user config located at: '/home/rokey/isaacsim-6.0.1/kit/data/Kit/IsaacLab/3.0/user.config.json'
2026-09-01T01:44:23Z [0ms] [Warning] [omni.ext.plugin] [ext: isaaclab_visualizers] Extensions config 'extension.toml' doesn't exist '/home/rokey/IsaacLab/source/isaaclab_visualizers' or '/home/rokey/IsaacLab/source/isaaclab_visualizers/config'
2026-09-01T01:44:23Z [360ms] [Warning] [omni.usd_config.extension] Enable omni.materialx.libs extension to use MaterialX
2026-09-01T01:44:27Z [3,945ms] [Warning] [isaaclab_physx.physics.physx_manager] TGS solver with enable_external_forces_every_iteration=False may cause noisy velocities.
2026-09-01T01:44:27Z [4,069ms] [Warning] [omni.usd] Encountered USD Warnings but USD Diagnostics are currently muted. To view USD Warnings, please set the '/persistent/app/usd/muteUsdDiagnostics' setting to false in Preferences page.
2026-09-01T01:44:28Z [5,542ms] [Warning] [usdrt.population.plugin] Last global time was not created. Did you call setEnableUsdNoticeHandling?
[F9 2026-09-01 10:48:26] done  (29/64) learning/rl/robot/results/gate_f9_control_sphere_cross_seed41000_20260901_072500
[F9 2026-09-01 10:48:26] start (30/64) static_cap/sphere/cross_xy/seed41000 -> learning/rl/robot/results/gate_f9_static_cap_sphere_cross_seed41000_20260901_072500
The '--headless' CLI argument is deprecated. Omit '--viz' for default headless. If config visualizers are enabled and you want to force headless, use '--viz none'.
WARNING: All log messages before absl::InitializeLog() is called are written to STDERR
E0000 00:00:1788227306.552010    8146 descriptor_database.cc:633] File already exists in database: grpc/health/v1/health.proto
W0000 00:00:1788227306.552043    8146 message.cc:301] Protobuf GeneratedMessageFactory: File is already registered: grpc/health/v1/health.proto
[ISAACLAB] AppLauncher initialization complete
[INFO]: Base environment:
	Environment device    : cuda:0
	Environment seed      : 20260901
	Physics step-size     : 0.008333333333333333
	Rendering step-size   : 0.05
	Environment step-size : 0.05
[INFO]: Registered backend 'physx' for factory Articulation.
[INFO] Robot /World/envs/env_0/Robot/m0609/m0609: 폴리싱 디스크 생성 완료 → /World/envs/env_0/Robot/m0609/m0609/polishing_contact_pad
[INFO]: Registered backend 'physx' for factory ContactSensor.
[INFO]: Time taken for scene creation Last: 1.115835 s, Mean: 1.115835 s, Std: 0.000000 s, N: 1
[INFO]: Scene manager:  <class InteractiveScene>
	Number of environments: 4
	Environment spacing   : 1.6
	Source prim name      : /World/envs/env_0
	Global prim paths     : []
	Replicate physics     : True
[INFO]: Starting the simulation. This may take a few seconds. Please wait...
[INFO]: Simulation parameters for joints in /World/envs/env_.*/Robot:
+--------------------------------------------------------------------------------------------------------------------------------------------------------------------+
|                                                 Simulation Joint Information (Prim path: /World/envs/env_.*/Robot)                                                 |
+-------+-----------+-----------+---------+----------+-----------------+------------------+------------------+---------------------+-----------------+---------------+
| Index | Name      | Stiffness | Damping | Armature | Static Friction | Dynamic Friction | Viscous Friction |   Position Limits   | Velocity Limits | Effort Limits |
+-------+-----------+-----------+---------+----------+-----------------+------------------+------------------+---------------------+-----------------+---------------+
|   0   | joint_1   |  1.0e+04  | 500.000 |  0.000   |      0.000      |      0.000       |      0.000       |   [-6.283, 6.283]   |      2.618      |    9.6e+03    |
|   1   | joint_2   |  1.0e+04  | 500.000 |  0.000   |      0.000      |      0.000       |      0.000       |   [-6.283, 6.283]   |      2.618      |    9.6e+03    |
|   2   | joint_3   |  1.0e+04  | 500.000 |  0.000   |      0.000      |      0.000       |      0.000       |   [-2.618, 2.618]   |      3.142      |    5.4e+03    |
|   3   | joint_4   |  1.0e+04  | 500.000 |  0.000   |      0.000      |      0.000       |      0.000       |   [-6.283, 6.283]   |      3.927      |    2.7e+03    |
|   4   | joint_5   |  1.0e+04  | 500.000 |  0.000   |      0.000      |      0.000       |      0.000       |   [-6.283, 6.283]   |      3.927      |    2.7e+03    |
|   5   | joint_6   |  1.0e+04  | 500.000 |  0.000   |      0.000      |      0.000       |      0.000       |   [-6.283, 6.283]   |      3.927      |    2.7e+03    |
|   6   | pad_joint |  2.0e+03  | 100.000 |  0.000   |      0.000      |      0.000       |      0.000       | [-3.4e+38, 3.4e+38] |     104.720     |    100.000    |
+-------+-----------+-----------+---------+----------+-----------------+------------------+------------------+---------------------+-----------------+---------------+
[INFO]: Time taken for simulation start Last: 0.727910 s, Mean: 0.727910 s, Std: 0.000000 s, N: 1
[INFO]: Completed setting up the environment...
[RobotPolishEnv] robot feed override 5.946 -> 12.700 mm/s (policy range 6.350~19.050 mm/s)
[RobotPolishEnv] v5 M0609+pad coupled | link_6 contact offset=[-0.0025 -0.02    0.0448] m
[FactoryPlanarRoiPolishEnv] Gate C so=0.40 edge=balanced_extend5 direction=cross_xy path=2.100m
[GateF7CurvedObservationEnv] mode=base14 obs_dim=14
[Gate F8] static_cap/sphere/cross_xy step=1000 complete=0/4
[Gate F8] static_cap/sphere/cross_xy step=2000 complete=0/4
[Gate F8] static_cap/sphere/cross_xy step=3000 complete=0/4
[Gate F8] static_cap/sphere/cross_xy step=4000 complete=3/4
[Gate F8] static_cap/sphere/cross_xy step=5000 complete=3/4
{
  "all_finite": true,
  "checkpoint": "/home/rokey/cacadaca/learning/rl/robot/releases/gate_e7_seed1_it211_20260831_201801/model_gate_e7_seed1_it211.pt",
  "checkpoint_sha256": "c733763bfebd7fcead01cf2574bbd1621c4660b9347143cccb35e0e83449d052",
  "completed": 4,
  "created_utc": "2026-09-01T01:52:34.695697+00:00",
  "diagnostic_version": "gate_e6_local_window_area_v1",
  "direction_mode": "cross_xy",
  "envs_per_profile": 1,
  "expected": 4,
  "gate": "F8_FORCE_SAFETY",
  "observation_mode": "base14",
  "path": {
    "direction_mode": "cross_xy",
    "edge_mode": "balanced_extend5",
    "lines_per_sweep": 5,
    "path_length_m": 2.1,
    "path_mode": "gate_c",
    "step_over_m": 0.044000000000000004,
    "step_over_ratio": 0.4,
    "sweeps": 2
  },
  "physics_seed": 20260901,
  "policy_seed": 20260831,
  "profiles": [
    "legacy_stress",
    "factory_prepolish",
    "factory_prepolish_deep_defect",
    "factory_prepolish_deep_stress"
  ],
  "saved_iteration": 211,
  "shield_mode": "static_cap",
  "surface_kind": "sphere",
  "surface_seed_base": 41000,
  "tile_rows": 100,
  "training_performed": false
}
[INFO]: SimulationContext cleared
Loading user config located at: '/home/rokey/isaacsim-6.0.1/kit/data/Kit/IsaacLab/3.0/user.config.json'
2026-09-01T01:48:26Z [0ms] [Warning] [omni.ext.plugin] [ext: isaaclab_visualizers] Extensions config 'extension.toml' doesn't exist '/home/rokey/IsaacLab/source/isaaclab_visualizers' or '/home/rokey/IsaacLab/source/isaaclab_visualizers/config'
2026-09-01T01:48:26Z [379ms] [Warning] [omni.usd_config.extension] Enable omni.materialx.libs extension to use MaterialX
2026-09-01T01:48:30Z [4,139ms] [Warning] [isaaclab_physx.physics.physx_manager] TGS solver with enable_external_forces_every_iteration=False may cause noisy velocities.
2026-09-01T01:48:30Z [4,255ms] [Warning] [omni.usd] Encountered USD Warnings but USD Diagnostics are currently muted. To view USD Warnings, please set the '/persistent/app/usd/muteUsdDiagnostics' setting to false in Preferences page.
2026-09-01T01:48:32Z [5,836ms] [Warning] [usdrt.population.plugin] Last global time was not created. Did you call setEnableUsdNoticeHandling?
[F9 2026-09-01 10:52:35] done  (30/64) learning/rl/robot/results/gate_f9_static_cap_sphere_cross_seed41000_20260901_072500
[F9 2026-09-01 10:52:35] start (31/64) control/freeform/cross_xy/seed41000 -> learning/rl/robot/results/gate_f9_control_freeform_cross_seed41000_20260901_072500
The '--headless' CLI argument is deprecated. Omit '--viz' for default headless. If config visualizers are enabled and you want to force headless, use '--viz none'.
WARNING: All log messages before absl::InitializeLog() is called are written to STDERR
E0000 00:00:1788227555.276044    8624 descriptor_database.cc:633] File already exists in database: grpc/health/v1/health.proto
W0000 00:00:1788227555.276075    8624 message.cc:301] Protobuf GeneratedMessageFactory: File is already registered: grpc/health/v1/health.proto
[ISAACLAB] AppLauncher initialization complete
[INFO]: Base environment:
	Environment device    : cuda:0
	Environment seed      : 20260901
	Physics step-size     : 0.008333333333333333
	Rendering step-size   : 0.05
	Environment step-size : 0.05
[INFO]: Registered backend 'physx' for factory Articulation.
[INFO] Robot /World/envs/env_0/Robot/m0609/m0609: 폴리싱 디스크 생성 완료 → /World/envs/env_0/Robot/m0609/m0609/polishing_contact_pad
[INFO]: Registered backend 'physx' for factory ContactSensor.
[INFO]: Time taken for scene creation Last: 1.159465 s, Mean: 1.159465 s, Std: 0.000000 s, N: 1
[INFO]: Scene manager:  <class InteractiveScene>
	Number of environments: 4
	Environment spacing   : 1.6
	Source prim name      : /World/envs/env_0
	Global prim paths     : []
	Replicate physics     : True
[INFO]: Starting the simulation. This may take a few seconds. Please wait...
[INFO]: Simulation parameters for joints in /World/envs/env_.*/Robot:
+--------------------------------------------------------------------------------------------------------------------------------------------------------------------+
|                                                 Simulation Joint Information (Prim path: /World/envs/env_.*/Robot)                                                 |
+-------+-----------+-----------+---------+----------+-----------------+------------------+------------------+---------------------+-----------------+---------------+
| Index | Name      | Stiffness | Damping | Armature | Static Friction | Dynamic Friction | Viscous Friction |   Position Limits   | Velocity Limits | Effort Limits |
+-------+-----------+-----------+---------+----------+-----------------+------------------+------------------+---------------------+-----------------+---------------+
|   0   | joint_1   |  1.0e+04  | 500.000 |  0.000   |      0.000      |      0.000       |      0.000       |   [-6.283, 6.283]   |      2.618      |    9.6e+03    |
|   1   | joint_2   |  1.0e+04  | 500.000 |  0.000   |      0.000      |      0.000       |      0.000       |   [-6.283, 6.283]   |      2.618      |    9.6e+03    |
|   2   | joint_3   |  1.0e+04  | 500.000 |  0.000   |      0.000      |      0.000       |      0.000       |   [-2.618, 2.618]   |      3.142      |    5.4e+03    |
|   3   | joint_4   |  1.0e+04  | 500.000 |  0.000   |      0.000      |      0.000       |      0.000       |   [-6.283, 6.283]   |      3.927      |    2.7e+03    |
|   4   | joint_5   |  1.0e+04  | 500.000 |  0.000   |      0.000      |      0.000       |      0.000       |   [-6.283, 6.283]   |      3.927      |    2.7e+03    |
|   5   | joint_6   |  1.0e+04  | 500.000 |  0.000   |      0.000      |      0.000       |      0.000       |   [-6.283, 6.283]   |      3.927      |    2.7e+03    |
|   6   | pad_joint |  2.0e+03  | 100.000 |  0.000   |      0.000      |      0.000       |      0.000       | [-3.4e+38, 3.4e+38] |     104.720     |    100.000    |
+-------+-----------+-----------+---------+----------+-----------------+------------------+------------------+---------------------+-----------------+---------------+
[INFO]: Time taken for simulation start Last: 0.694801 s, Mean: 0.694801 s, Std: 0.000000 s, N: 1
[INFO]: Completed setting up the environment...
[RobotPolishEnv] robot feed override 5.946 -> 12.700 mm/s (policy range 6.350~19.050 mm/s)
[RobotPolishEnv] v5 M0609+pad coupled | link_6 contact offset=[-0.0025 -0.02    0.0448] m
[FactoryPlanarRoiPolishEnv] Gate C so=0.40 edge=balanced_extend5 direction=cross_xy path=2.100m
[GateF7CurvedObservationEnv] mode=base14 obs_dim=14
[Gate F8] control/freeform/cross_xy step=1000 complete=1/4
[Gate F8] control/freeform/cross_xy step=2000 complete=1/4
[Gate F8] control/freeform/cross_xy step=3000 complete=1/4
[Gate F8] control/freeform/cross_xy step=4000 complete=3/4
{
  "all_finite": true,
  "checkpoint": "/home/rokey/cacadaca/learning/rl/robot/releases/gate_e7_seed1_it211_20260831_201801/model_gate_e7_seed1_it211.pt",
  "checkpoint_sha256": "c733763bfebd7fcead01cf2574bbd1621c4660b9347143cccb35e0e83449d052",
  "completed": 4,
  "created_utc": "2026-09-01T01:57:04.113360+00:00",
  "diagnostic_version": "gate_e6_local_window_area_v1",
  "direction_mode": "cross_xy",
  "envs_per_profile": 1,
  "expected": 4,
  "gate": "F8_FORCE_SAFETY",
  "observation_mode": "base14",
  "path": {
    "direction_mode": "cross_xy",
    "edge_mode": "balanced_extend5",
    "lines_per_sweep": 5,
    "path_length_m": 2.1,
    "path_mode": "gate_c",
    "step_over_m": 0.044000000000000004,
    "step_over_ratio": 0.4,
    "sweeps": 2
  },
  "physics_seed": 20260901,
  "policy_seed": 20260831,
  "profiles": [
    "legacy_stress",
    "factory_prepolish",
    "factory_prepolish_deep_defect",
    "factory_prepolish_deep_stress"
  ],
  "saved_iteration": 211,
  "shield_mode": "control",
  "surface_kind": "freeform",
  "surface_seed_base": 41000,
  "tile_rows": 100,
  "training_performed": false
}
[INFO]: SimulationContext cleared
Loading user config located at: '/home/rokey/isaacsim-6.0.1/kit/data/Kit/IsaacLab/3.0/user.config.json'
2026-09-01T01:52:35Z [0ms] [Warning] [omni.ext.plugin] [ext: isaaclab_visualizers] Extensions config 'extension.toml' doesn't exist '/home/rokey/IsaacLab/source/isaaclab_visualizers' or '/home/rokey/IsaacLab/source/isaaclab_visualizers/config'
2026-09-01T01:52:35Z [380ms] [Warning] [omni.usd_config.extension] Enable omni.materialx.libs extension to use MaterialX
2026-09-01T01:52:39Z [4,112ms] [Warning] [isaaclab_physx.physics.physx_manager] TGS solver with enable_external_forces_every_iteration=False may cause noisy velocities.
2026-09-01T01:52:39Z [4,233ms] [Warning] [omni.usd] Encountered USD Warnings but USD Diagnostics are currently muted. To view USD Warnings, please set the '/persistent/app/usd/muteUsdDiagnostics' setting to false in Preferences page.
2026-09-01T01:52:41Z [5,826ms] [Warning] [usdrt.population.plugin] Last global time was not created. Did you call setEnableUsdNoticeHandling?
[F9 2026-09-01 10:57:04] done  (31/64) learning/rl/robot/results/gate_f9_control_freeform_cross_seed41000_20260901_072500
[F9 2026-09-01 10:57:04] start (32/64) static_cap/freeform/cross_xy/seed41000 -> learning/rl/robot/results/gate_f9_static_cap_freeform_cross_seed41000_20260901_072500
The '--headless' CLI argument is deprecated. Omit '--viz' for default headless. If config visualizers are enabled and you want to force headless, use '--viz none'.
WARNING: All log messages before absl::InitializeLog() is called are written to STDERR
E0000 00:00:1788227824.699871    9108 descriptor_database.cc:633] File already exists in database: grpc/health/v1/health.proto
W0000 00:00:1788227824.699910    9108 message.cc:301] Protobuf GeneratedMessageFactory: File is already registered: grpc/health/v1/health.proto
[ISAACLAB] AppLauncher initialization complete
[INFO]: Base environment:
	Environment device    : cuda:0
	Environment seed      : 20260901
	Physics step-size     : 0.008333333333333333
	Rendering step-size   : 0.05
	Environment step-size : 0.05
[INFO]: Registered backend 'physx' for factory Articulation.
[INFO] Robot /World/envs/env_0/Robot/m0609/m0609: 폴리싱 디스크 생성 완료 → /World/envs/env_0/Robot/m0609/m0609/polishing_contact_pad
[INFO]: Registered backend 'physx' for factory ContactSensor.
[INFO]: Time taken for scene creation Last: 1.064471 s, Mean: 1.064471 s, Std: 0.000000 s, N: 1
[INFO]: Scene manager:  <class InteractiveScene>
	Number of environments: 4
	Environment spacing   : 1.6
	Source prim name      : /World/envs/env_0
	Global prim paths     : []
	Replicate physics     : True
[INFO]: Starting the simulation. This may take a few seconds. Please wait...
[INFO]: Simulation parameters for joints in /World/envs/env_.*/Robot:
+--------------------------------------------------------------------------------------------------------------------------------------------------------------------+
|                                                 Simulation Joint Information (Prim path: /World/envs/env_.*/Robot)                                                 |
+-------+-----------+-----------+---------+----------+-----------------+------------------+------------------+---------------------+-----------------+---------------+
| Index | Name      | Stiffness | Damping | Armature | Static Friction | Dynamic Friction | Viscous Friction |   Position Limits   | Velocity Limits | Effort Limits |
+-------+-----------+-----------+---------+----------+-----------------+------------------+------------------+---------------------+-----------------+---------------+
|   0   | joint_1   |  1.0e+04  | 500.000 |  0.000   |      0.000      |      0.000       |      0.000       |   [-6.283, 6.283]   |      2.618      |    9.6e+03    |
|   1   | joint_2   |  1.0e+04  | 500.000 |  0.000   |      0.000      |      0.000       |      0.000       |   [-6.283, 6.283]   |      2.618      |    9.6e+03    |
|   2   | joint_3   |  1.0e+04  | 500.000 |  0.000   |      0.000      |      0.000       |      0.000       |   [-2.618, 2.618]   |      3.142      |    5.4e+03    |
|   3   | joint_4   |  1.0e+04  | 500.000 |  0.000   |      0.000      |      0.000       |      0.000       |   [-6.283, 6.283]   |      3.927      |    2.7e+03    |
|   4   | joint_5   |  1.0e+04  | 500.000 |  0.000   |      0.000      |      0.000       |      0.000       |   [-6.283, 6.283]   |      3.927      |    2.7e+03    |
|   5   | joint_6   |  1.0e+04  | 500.000 |  0.000   |      0.000      |      0.000       |      0.000       |   [-6.283, 6.283]   |      3.927      |    2.7e+03    |
|   6   | pad_joint |  2.0e+03  | 100.000 |  0.000   |      0.000      |      0.000       |      0.000       | [-3.4e+38, 3.4e+38] |     104.720     |    100.000    |
+-------+-----------+-----------+---------+----------+-----------------+------------------+------------------+---------------------+-----------------+---------------+
[INFO]: Time taken for simulation start Last: 0.731106 s, Mean: 0.731106 s, Std: 0.000000 s, N: 1
[INFO]: Completed setting up the environment...
[RobotPolishEnv] robot feed override 5.946 -> 12.700 mm/s (policy range 6.350~19.050 mm/s)
[RobotPolishEnv] v5 M0609+pad coupled | link_6 contact offset=[-0.0025 -0.02    0.0448] m
[FactoryPlanarRoiPolishEnv] Gate C so=0.40 edge=balanced_extend5 direction=cross_xy path=2.100m
[GateF7CurvedObservationEnv] mode=base14 obs_dim=14
[Gate F8] static_cap/freeform/cross_xy step=1000 complete=0/4
[Gate F8] static_cap/freeform/cross_xy step=2000 complete=0/4
[Gate F8] static_cap/freeform/cross_xy step=3000 complete=0/4
[Gate F8] static_cap/freeform/cross_xy step=4000 complete=3/4
[Gate F8] static_cap/freeform/cross_xy step=5000 complete=3/4
{
  "all_finite": true,
  "checkpoint": "/home/rokey/cacadaca/learning/rl/robot/releases/gate_e7_seed1_it211_20260831_201801/model_gate_e7_seed1_it211.pt",
  "checkpoint_sha256": "c733763bfebd7fcead01cf2574bbd1621c4660b9347143cccb35e0e83449d052",
  "completed": 4,
  "created_utc": "2026-09-01T02:01:45.543860+00:00",
  "diagnostic_version": "gate_e6_local_window_area_v1",
  "direction_mode": "cross_xy",
  "envs_per_profile": 1,
  "expected": 4,
  "gate": "F8_FORCE_SAFETY",
  "observation_mode": "base14",
  "path": {
    "direction_mode": "cross_xy",
    "edge_mode": "balanced_extend5",
    "lines_per_sweep": 5,
    "path_length_m": 2.1,
    "path_mode": "gate_c",
    "step_over_m": 0.044000000000000004,
    "step_over_ratio": 0.4,
    "sweeps": 2
  },
  "physics_seed": 20260901,
  "policy_seed": 20260831,
  "profiles": [
    "legacy_stress",
    "factory_prepolish",
    "factory_prepolish_deep_defect",
    "factory_prepolish_deep_stress"
  ],
  "saved_iteration": 211,
  "shield_mode": "static_cap",
  "surface_kind": "freeform",
  "surface_seed_base": 41000,
  "tile_rows": 100,
  "training_performed": false
}
[INFO]: SimulationContext cleared
Loading user config located at: '/home/rokey/isaacsim-6.0.1/kit/data/Kit/IsaacLab/3.0/user.config.json'
2026-09-01T01:57:04Z [0ms] [Warning] [omni.ext.plugin] [ext: isaaclab_visualizers] Extensions config 'extension.toml' doesn't exist '/home/rokey/IsaacLab/source/isaaclab_visualizers' or '/home/rokey/IsaacLab/source/isaaclab_visualizers/config'
2026-09-01T01:57:05Z [380ms] [Warning] [omni.usd_config.extension] Enable omni.materialx.libs extension to use MaterialX
2026-09-01T01:57:08Z [4,053ms] [Warning] [isaaclab_physx.physics.physx_manager] TGS solver with enable_external_forces_every_iteration=False may cause noisy velocities.
2026-09-01T01:57:08Z [4,177ms] [Warning] [omni.usd] Encountered USD Warnings but USD Diagnostics are currently muted. To view USD Warnings, please set the '/persistent/app/usd/muteUsdDiagnostics' setting to false in Preferences page.
2026-09-01T01:57:10Z [5,702ms] [Warning] [usdrt.population.plugin] Last global time was not created. Did you call setEnableUsdNoticeHandling?
[F9 2026-09-01 11:01:45] done  (32/64) learning/rl/robot/results/gate_f9_static_cap_freeform_cross_seed41000_20260901_072500
[F9 2026-09-01 11:01:45] start (33/64) control/flat/same_xx/seed42000 -> learning/rl/robot/results/gate_f9_control_flat_same_seed42000_20260901_072500
The '--headless' CLI argument is deprecated. Omit '--viz' for default headless. If config visualizers are enabled and you want to force headless, use '--viz none'.
WARNING: All log messages before absl::InitializeLog() is called are written to STDERR
E0000 00:00:1788228106.112356    9454 descriptor_database.cc:633] File already exists in database: grpc/health/v1/health.proto
W0000 00:00:1788228106.112387    9454 message.cc:301] Protobuf GeneratedMessageFactory: File is already registered: grpc/health/v1/health.proto
[ISAACLAB] AppLauncher initialization complete
[INFO]: Base environment:
	Environment device    : cuda:0
	Environment seed      : 20260901
	Physics step-size     : 0.008333333333333333
	Rendering step-size   : 0.05
	Environment step-size : 0.05
[INFO]: Registered backend 'physx' for factory Articulation.
[INFO] Robot /World/envs/env_0/Robot/m0609/m0609: 폴리싱 디스크 생성 완료 → /World/envs/env_0/Robot/m0609/m0609/polishing_contact_pad
[INFO]: Registered backend 'physx' for factory ContactSensor.
[INFO]: Time taken for scene creation Last: 1.142194 s, Mean: 1.142194 s, Std: 0.000000 s, N: 1
[INFO]: Scene manager:  <class InteractiveScene>
	Number of environments: 4
	Environment spacing   : 1.6
	Source prim name      : /World/envs/env_0
	Global prim paths     : []
	Replicate physics     : True
[INFO]: Starting the simulation. This may take a few seconds. Please wait...
[INFO]: Simulation parameters for joints in /World/envs/env_.*/Robot:
+--------------------------------------------------------------------------------------------------------------------------------------------------------------------+
|                                                 Simulation Joint Information (Prim path: /World/envs/env_.*/Robot)                                                 |
+-------+-----------+-----------+---------+----------+-----------------+------------------+------------------+---------------------+-----------------+---------------+
| Index | Name      | Stiffness | Damping | Armature | Static Friction | Dynamic Friction | Viscous Friction |   Position Limits   | Velocity Limits | Effort Limits |
+-------+-----------+-----------+---------+----------+-----------------+------------------+------------------+---------------------+-----------------+---------------+
|   0   | joint_1   |  1.0e+04  | 500.000 |  0.000   |      0.000      |      0.000       |      0.000       |   [-6.283, 6.283]   |      2.618      |    9.6e+03    |
|   1   | joint_2   |  1.0e+04  | 500.000 |  0.000   |      0.000      |      0.000       |      0.000       |   [-6.283, 6.283]   |      2.618      |    9.6e+03    |
|   2   | joint_3   |  1.0e+04  | 500.000 |  0.000   |      0.000      |      0.000       |      0.000       |   [-2.618, 2.618]   |      3.142      |    5.4e+03    |
|   3   | joint_4   |  1.0e+04  | 500.000 |  0.000   |      0.000      |      0.000       |      0.000       |   [-6.283, 6.283]   |      3.927      |    2.7e+03    |
|   4   | joint_5   |  1.0e+04  | 500.000 |  0.000   |      0.000      |      0.000       |      0.000       |   [-6.283, 6.283]   |      3.927      |    2.7e+03    |
|   5   | joint_6   |  1.0e+04  | 500.000 |  0.000   |      0.000      |      0.000       |      0.000       |   [-6.283, 6.283]   |      3.927      |    2.7e+03    |
|   6   | pad_joint |  2.0e+03  | 100.000 |  0.000   |      0.000      |      0.000       |      0.000       | [-3.4e+38, 3.4e+38] |     104.720     |    100.000    |
+-------+-----------+-----------+---------+----------+-----------------+------------------+------------------+---------------------+-----------------+---------------+
[INFO]: Time taken for simulation start Last: 0.729965 s, Mean: 0.729965 s, Std: 0.000000 s, N: 1
[INFO]: Completed setting up the environment...
[RobotPolishEnv] robot feed override 5.946 -> 12.700 mm/s (policy range 6.350~19.050 mm/s)
[RobotPolishEnv] v5 M0609+pad coupled | link_6 contact offset=[-0.0025 -0.02    0.0448] m
[FactoryPlanarRoiPolishEnv] Gate C so=0.40 edge=balanced_extend5 direction=same_xx path=2.100m
[GateF7CurvedObservationEnv] mode=base14 obs_dim=14
[Gate F8] control/flat/same_xx step=1000 complete=0/4
[Gate F8] control/flat/same_xx step=2000 complete=0/4
[Gate F8] control/flat/same_xx step=3000 complete=0/4
[Gate F8] control/flat/same_xx step=4000 complete=3/4
[Gate F8] control/flat/same_xx step=5000 complete=3/4
{
  "all_finite": true,
  "checkpoint": "/home/rokey/cacadaca/learning/rl/robot/releases/gate_e7_seed1_it211_20260831_201801/model_gate_e7_seed1_it211.pt",
  "checkpoint_sha256": "c733763bfebd7fcead01cf2574bbd1621c4660b9347143cccb35e0e83449d052",
  "completed": 4,
  "created_utc": "2026-09-01T02:05:35.244860+00:00",
  "diagnostic_version": "gate_e6_local_window_area_v1",
  "direction_mode": "same_xx",
  "envs_per_profile": 1,
  "expected": 4,
  "gate": "F8_FORCE_SAFETY",
  "observation_mode": "base14",
  "path": {
    "direction_mode": "same_xx",
    "edge_mode": "balanced_extend5",
    "lines_per_sweep": 5,
    "path_length_m": 2.1,
    "path_mode": "gate_c",
    "step_over_m": 0.044000000000000004,
    "step_over_ratio": 0.4,
    "sweeps": 2
  },
  "physics_seed": 20260901,
  "policy_seed": 20260831,
  "profiles": [
    "legacy_stress",
    "factory_prepolish",
    "factory_prepolish_deep_defect",
    "factory_prepolish_deep_stress"
  ],
  "saved_iteration": 211,
  "shield_mode": "control",
  "surface_kind": "flat",
  "surface_seed_base": 42000,
  "tile_rows": 100,
  "training_performed": false
}
[INFO]: SimulationContext cleared
Loading user config located at: '/home/rokey/isaacsim-6.0.1/kit/data/Kit/IsaacLab/3.0/user.config.json'
2026-09-01T02:01:46Z [0ms] [Warning] [omni.ext.plugin] [ext: isaaclab_visualizers] Extensions config 'extension.toml' doesn't exist '/home/rokey/IsaacLab/source/isaaclab_visualizers' or '/home/rokey/IsaacLab/source/isaaclab_visualizers/config'
2026-09-01T02:01:46Z [392ms] [Warning] [omni.usd_config.extension] Enable omni.materialx.libs extension to use MaterialX
2026-09-01T02:01:50Z [4,065ms] [Warning] [isaaclab_physx.physics.physx_manager] TGS solver with enable_external_forces_every_iteration=False may cause noisy velocities.
2026-09-01T02:01:50Z [4,188ms] [Warning] [omni.usd] Encountered USD Warnings but USD Diagnostics are currently muted. To view USD Warnings, please set the '/persistent/app/usd/muteUsdDiagnostics' setting to false in Preferences page.
2026-09-01T02:01:51Z [5,792ms] [Warning] [usdrt.population.plugin] Last global time was not created. Did you call setEnableUsdNoticeHandling?
[F9 2026-09-01 11:05:35] done  (33/64) learning/rl/robot/results/gate_f9_control_flat_same_seed42000_20260901_072500
[F9 2026-09-01 11:05:35] start (34/64) static_cap/flat/same_xx/seed42000 -> learning/rl/robot/results/gate_f9_static_cap_flat_same_seed42000_20260901_072500
The '--headless' CLI argument is deprecated. Omit '--viz' for default headless. If config visualizers are enabled and you want to force headless, use '--viz none'.
WARNING: All log messages before absl::InitializeLog() is called are written to STDERR
E0000 00:00:1788228335.858636    9787 descriptor_database.cc:633] File already exists in database: grpc/health/v1/health.proto
W0000 00:00:1788228335.858666    9787 message.cc:301] Protobuf GeneratedMessageFactory: File is already registered: grpc/health/v1/health.proto
[ISAACLAB] AppLauncher initialization complete
[INFO]: Base environment:
	Environment device    : cuda:0
	Environment seed      : 20260901
	Physics step-size     : 0.008333333333333333
	Rendering step-size   : 0.05
	Environment step-size : 0.05
[INFO]: Registered backend 'physx' for factory Articulation.
[INFO] Robot /World/envs/env_0/Robot/m0609/m0609: 폴리싱 디스크 생성 완료 → /World/envs/env_0/Robot/m0609/m0609/polishing_contact_pad
[INFO]: Registered backend 'physx' for factory ContactSensor.
[INFO]: Time taken for scene creation Last: 1.139902 s, Mean: 1.139902 s, Std: 0.000000 s, N: 1
[INFO]: Scene manager:  <class InteractiveScene>
	Number of environments: 4
	Environment spacing   : 1.6
	Source prim name      : /World/envs/env_0
	Global prim paths     : []
	Replicate physics     : True
[INFO]: Starting the simulation. This may take a few seconds. Please wait...
[INFO]: Simulation parameters for joints in /World/envs/env_.*/Robot:
+--------------------------------------------------------------------------------------------------------------------------------------------------------------------+
|                                                 Simulation Joint Information (Prim path: /World/envs/env_.*/Robot)                                                 |
+-------+-----------+-----------+---------+----------+-----------------+------------------+------------------+---------------------+-----------------+---------------+
| Index | Name      | Stiffness | Damping | Armature | Static Friction | Dynamic Friction | Viscous Friction |   Position Limits   | Velocity Limits | Effort Limits |
+-------+-----------+-----------+---------+----------+-----------------+------------------+------------------+---------------------+-----------------+---------------+
|   0   | joint_1   |  1.0e+04  | 500.000 |  0.000   |      0.000      |      0.000       |      0.000       |   [-6.283, 6.283]   |      2.618      |    9.6e+03    |
|   1   | joint_2   |  1.0e+04  | 500.000 |  0.000   |      0.000      |      0.000       |      0.000       |   [-6.283, 6.283]   |      2.618      |    9.6e+03    |
|   2   | joint_3   |  1.0e+04  | 500.000 |  0.000   |      0.000      |      0.000       |      0.000       |   [-2.618, 2.618]   |      3.142      |    5.4e+03    |
|   3   | joint_4   |  1.0e+04  | 500.000 |  0.000   |      0.000      |      0.000       |      0.000       |   [-6.283, 6.283]   |      3.927      |    2.7e+03    |
|   4   | joint_5   |  1.0e+04  | 500.000 |  0.000   |      0.000      |      0.000       |      0.000       |   [-6.283, 6.283]   |      3.927      |    2.7e+03    |
|   5   | joint_6   |  1.0e+04  | 500.000 |  0.000   |      0.000      |      0.000       |      0.000       |   [-6.283, 6.283]   |      3.927      |    2.7e+03    |
|   6   | pad_joint |  2.0e+03  | 100.000 |  0.000   |      0.000      |      0.000       |      0.000       | [-3.4e+38, 3.4e+38] |     104.720     |    100.000    |
+-------+-----------+-----------+---------+----------+-----------------+------------------+------------------+---------------------+-----------------+---------------+
[INFO]: Time taken for simulation start Last: 0.724081 s, Mean: 0.724081 s, Std: 0.000000 s, N: 1
[INFO]: Completed setting up the environment...
[RobotPolishEnv] robot feed override 5.946 -> 12.700 mm/s (policy range 6.350~19.050 mm/s)
[RobotPolishEnv] v5 M0609+pad coupled | link_6 contact offset=[-0.0025 -0.02    0.0448] m
[FactoryPlanarRoiPolishEnv] Gate C so=0.40 edge=balanced_extend5 direction=same_xx path=2.100m
[GateF7CurvedObservationEnv] mode=base14 obs_dim=14
[Gate F8] static_cap/flat/same_xx step=1000 complete=0/4
[Gate F8] static_cap/flat/same_xx step=2000 complete=0/4
[Gate F8] static_cap/flat/same_xx step=3000 complete=0/4
[Gate F8] static_cap/flat/same_xx step=4000 complete=3/4
[Gate F8] static_cap/flat/same_xx step=5000 complete=3/4
{
  "all_finite": true,
  "checkpoint": "/home/rokey/cacadaca/learning/rl/robot/releases/gate_e7_seed1_it211_20260831_201801/model_gate_e7_seed1_it211.pt",
  "checkpoint_sha256": "c733763bfebd7fcead01cf2574bbd1621c4660b9347143cccb35e0e83449d052",
  "completed": 4,
  "created_utc": "2026-09-01T02:09:24.310875+00:00",
  "diagnostic_version": "gate_e6_local_window_area_v1",
  "direction_mode": "same_xx",
  "envs_per_profile": 1,
  "expected": 4,
  "gate": "F8_FORCE_SAFETY",
  "observation_mode": "base14",
  "path": {
    "direction_mode": "same_xx",
    "edge_mode": "balanced_extend5",
    "lines_per_sweep": 5,
    "path_length_m": 2.1,
    "path_mode": "gate_c",
    "step_over_m": 0.044000000000000004,
    "step_over_ratio": 0.4,
    "sweeps": 2
  },
  "physics_seed": 20260901,
  "policy_seed": 20260831,
  "profiles": [
    "legacy_stress",
    "factory_prepolish",
    "factory_prepolish_deep_defect",
    "factory_prepolish_deep_stress"
  ],
  "saved_iteration": 211,
  "shield_mode": "static_cap",
  "surface_kind": "flat",
  "surface_seed_base": 42000,
  "tile_rows": 100,
  "training_performed": false
}
[INFO]: SimulationContext cleared
Loading user config located at: '/home/rokey/isaacsim-6.0.1/kit/data/Kit/IsaacLab/3.0/user.config.json'
2026-09-01T02:05:35Z [0ms] [Warning] [omni.ext.plugin] [ext: isaaclab_visualizers] Extensions config 'extension.toml' doesn't exist '/home/rokey/IsaacLab/source/isaaclab_visualizers' or '/home/rokey/IsaacLab/source/isaaclab_visualizers/config'
2026-09-01T02:05:36Z [381ms] [Warning] [omni.usd_config.extension] Enable omni.materialx.libs extension to use MaterialX
2026-09-01T02:05:39Z [4,110ms] [Warning] [isaaclab_physx.physics.physx_manager] TGS solver with enable_external_forces_every_iteration=False may cause noisy velocities.
2026-09-01T02:05:40Z [4,229ms] [Warning] [omni.usd] Encountered USD Warnings but USD Diagnostics are currently muted. To view USD Warnings, please set the '/persistent/app/usd/muteUsdDiagnostics' setting to false in Preferences page.
2026-09-01T02:05:41Z [5,827ms] [Warning] [usdrt.population.plugin] Last global time was not created. Did you call setEnableUsdNoticeHandling?
[F9 2026-09-01 11:09:24] done  (34/64) learning/rl/robot/results/gate_f9_static_cap_flat_same_seed42000_20260901_072500
[F9 2026-09-01 11:09:24] start (35/64) control/cylinder/same_xx/seed42000 -> learning/rl/robot/results/gate_f9_control_cylinder_same_seed42000_20260901_072500
The '--headless' CLI argument is deprecated. Omit '--viz' for default headless. If config visualizers are enabled and you want to force headless, use '--viz none'.
WARNING: All log messages before absl::InitializeLog() is called are written to STDERR
E0000 00:00:1788228564.906834   10133 descriptor_database.cc:633] File already exists in database: grpc/health/v1/health.proto
W0000 00:00:1788228564.906873   10133 message.cc:301] Protobuf GeneratedMessageFactory: File is already registered: grpc/health/v1/health.proto
[ISAACLAB] AppLauncher initialization complete
[INFO]: Base environment:
	Environment device    : cuda:0
	Environment seed      : 20260901
	Physics step-size     : 0.008333333333333333
	Rendering step-size   : 0.05
	Environment step-size : 0.05
[INFO]: Registered backend 'physx' for factory Articulation.
[INFO] Robot /World/envs/env_0/Robot/m0609/m0609: 폴리싱 디스크 생성 완료 → /World/envs/env_0/Robot/m0609/m0609/polishing_contact_pad
[INFO]: Registered backend 'physx' for factory ContactSensor.
[INFO]: Time taken for scene creation Last: 1.105219 s, Mean: 1.105219 s, Std: 0.000000 s, N: 1
[INFO]: Scene manager:  <class InteractiveScene>
	Number of environments: 4
	Environment spacing   : 1.6
	Source prim name      : /World/envs/env_0
	Global prim paths     : []
	Replicate physics     : True
[INFO]: Starting the simulation. This may take a few seconds. Please wait...
[INFO]: Simulation parameters for joints in /World/envs/env_.*/Robot:
+--------------------------------------------------------------------------------------------------------------------------------------------------------------------+
|                                                 Simulation Joint Information (Prim path: /World/envs/env_.*/Robot)                                                 |
+-------+-----------+-----------+---------+----------+-----------------+------------------+------------------+---------------------+-----------------+---------------+
| Index | Name      | Stiffness | Damping | Armature | Static Friction | Dynamic Friction | Viscous Friction |   Position Limits   | Velocity Limits | Effort Limits |
+-------+-----------+-----------+---------+----------+-----------------+------------------+------------------+---------------------+-----------------+---------------+
|   0   | joint_1   |  1.0e+04  | 500.000 |  0.000   |      0.000      |      0.000       |      0.000       |   [-6.283, 6.283]   |      2.618      |    9.6e+03    |
|   1   | joint_2   |  1.0e+04  | 500.000 |  0.000   |      0.000      |      0.000       |      0.000       |   [-6.283, 6.283]   |      2.618      |    9.6e+03    |
|   2   | joint_3   |  1.0e+04  | 500.000 |  0.000   |      0.000      |      0.000       |      0.000       |   [-2.618, 2.618]   |      3.142      |    5.4e+03    |
|   3   | joint_4   |  1.0e+04  | 500.000 |  0.000   |      0.000      |      0.000       |      0.000       |   [-6.283, 6.283]   |      3.927      |    2.7e+03    |
|   4   | joint_5   |  1.0e+04  | 500.000 |  0.000   |      0.000      |      0.000       |      0.000       |   [-6.283, 6.283]   |      3.927      |    2.7e+03    |
|   5   | joint_6   |  1.0e+04  | 500.000 |  0.000   |      0.000      |      0.000       |      0.000       |   [-6.283, 6.283]   |      3.927      |    2.7e+03    |
|   6   | pad_joint |  2.0e+03  | 100.000 |  0.000   |      0.000      |      0.000       |      0.000       | [-3.4e+38, 3.4e+38] |     104.720     |    100.000    |
+-------+-----------+-----------+---------+----------+-----------------+------------------+------------------+---------------------+-----------------+---------------+
[INFO]: Time taken for simulation start Last: 0.687392 s, Mean: 0.687392 s, Std: 0.000000 s, N: 1
[INFO]: Completed setting up the environment...
[RobotPolishEnv] robot feed override 5.946 -> 12.700 mm/s (policy range 6.350~19.050 mm/s)
[RobotPolishEnv] v5 M0609+pad coupled | link_6 contact offset=[-0.0025 -0.02    0.0448] m
[FactoryPlanarRoiPolishEnv] Gate C so=0.40 edge=balanced_extend5 direction=same_xx path=2.100m
[GateF7CurvedObservationEnv] mode=base14 obs_dim=14
[Gate F8] control/cylinder/same_xx step=1000 complete=0/4
[Gate F8] control/cylinder/same_xx step=2000 complete=0/4
[Gate F8] control/cylinder/same_xx step=3000 complete=0/4
[Gate F8] control/cylinder/same_xx step=4000 complete=3/4
[Gate F8] control/cylinder/same_xx step=5000 complete=3/4
{
  "all_finite": true,
  "checkpoint": "/home/rokey/cacadaca/learning/rl/robot/releases/gate_e7_seed1_it211_20260831_201801/model_gate_e7_seed1_it211.pt",
  "checkpoint_sha256": "c733763bfebd7fcead01cf2574bbd1621c4660b9347143cccb35e0e83449d052",
  "completed": 4,
  "created_utc": "2026-09-01T02:13:14.684323+00:00",
  "diagnostic_version": "gate_e6_local_window_area_v1",
  "direction_mode": "same_xx",
  "envs_per_profile": 1,
  "expected": 4,
  "gate": "F8_FORCE_SAFETY",
  "observation_mode": "base14",
  "path": {
    "direction_mode": "same_xx",
    "edge_mode": "balanced_extend5",
    "lines_per_sweep": 5,
    "path_length_m": 2.1,
    "path_mode": "gate_c",
    "step_over_m": 0.044000000000000004,
    "step_over_ratio": 0.4,
    "sweeps": 2
  },
  "physics_seed": 20260901,
  "policy_seed": 20260831,
  "profiles": [
    "legacy_stress",
    "factory_prepolish",
    "factory_prepolish_deep_defect",
    "factory_prepolish_deep_stress"
  ],
  "saved_iteration": 211,
  "shield_mode": "control",
  "surface_kind": "cylinder",
  "surface_seed_base": 42000,
  "tile_rows": 100,
  "training_performed": false
}
[INFO]: SimulationContext cleared
Loading user config located at: '/home/rokey/isaacsim-6.0.1/kit/data/Kit/IsaacLab/3.0/user.config.json'
2026-09-01T02:09:24Z [0ms] [Warning] [omni.ext.plugin] [ext: isaaclab_visualizers] Extensions config 'extension.toml' doesn't exist '/home/rokey/IsaacLab/source/isaaclab_visualizers' or '/home/rokey/IsaacLab/source/isaaclab_visualizers/config'
2026-09-01T02:09:25Z [372ms] [Warning] [omni.usd_config.extension] Enable omni.materialx.libs extension to use MaterialX
2026-09-01T02:09:28Z [3,951ms] [Warning] [isaaclab_physx.physics.physx_manager] TGS solver with enable_external_forces_every_iteration=False may cause noisy velocities.
2026-09-01T02:09:28Z [4,074ms] [Warning] [omni.usd] Encountered USD Warnings but USD Diagnostics are currently muted. To view USD Warnings, please set the '/persistent/app/usd/muteUsdDiagnostics' setting to false in Preferences page.
2026-09-01T02:09:30Z [5,608ms] [Warning] [usdrt.population.plugin] Last global time was not created. Did you call setEnableUsdNoticeHandling?
[F9 2026-09-01 11:13:15] done  (35/64) learning/rl/robot/results/gate_f9_control_cylinder_same_seed42000_20260901_072500
[F9 2026-09-01 11:13:15] start (36/64) static_cap/cylinder/same_xx/seed42000 -> learning/rl/robot/results/gate_f9_static_cap_cylinder_same_seed42000_20260901_072500
The '--headless' CLI argument is deprecated. Omit '--viz' for default headless. If config visualizers are enabled and you want to force headless, use '--viz none'.
WARNING: All log messages before absl::InitializeLog() is called are written to STDERR
E0000 00:00:1788228795.300847   10483 descriptor_database.cc:633] File already exists in database: grpc/health/v1/health.proto
W0000 00:00:1788228795.300882   10483 message.cc:301] Protobuf GeneratedMessageFactory: File is already registered: grpc/health/v1/health.proto
[ISAACLAB] AppLauncher initialization complete
[INFO]: Base environment:
	Environment device    : cuda:0
	Environment seed      : 20260901
	Physics step-size     : 0.008333333333333333
	Rendering step-size   : 0.05
	Environment step-size : 0.05
[INFO]: Registered backend 'physx' for factory Articulation.
[INFO] Robot /World/envs/env_0/Robot/m0609/m0609: 폴리싱 디스크 생성 완료 → /World/envs/env_0/Robot/m0609/m0609/polishing_contact_pad
[INFO]: Registered backend 'physx' for factory ContactSensor.
[INFO]: Time taken for scene creation Last: 1.106039 s, Mean: 1.106039 s, Std: 0.000000 s, N: 1
[INFO]: Scene manager:  <class InteractiveScene>
	Number of environments: 4
	Environment spacing   : 1.6
	Source prim name      : /World/envs/env_0
	Global prim paths     : []
	Replicate physics     : True
[INFO]: Starting the simulation. This may take a few seconds. Please wait...
[INFO]: Simulation parameters for joints in /World/envs/env_.*/Robot:
+--------------------------------------------------------------------------------------------------------------------------------------------------------------------+
|                                                 Simulation Joint Information (Prim path: /World/envs/env_.*/Robot)                                                 |
+-------+-----------+-----------+---------+----------+-----------------+------------------+------------------+---------------------+-----------------+---------------+
| Index | Name      | Stiffness | Damping | Armature | Static Friction | Dynamic Friction | Viscous Friction |   Position Limits   | Velocity Limits | Effort Limits |
+-------+-----------+-----------+---------+----------+-----------------+------------------+------------------+---------------------+-----------------+---------------+
|   0   | joint_1   |  1.0e+04  | 500.000 |  0.000   |      0.000      |      0.000       |      0.000       |   [-6.283, 6.283]   |      2.618      |    9.6e+03    |
|   1   | joint_2   |  1.0e+04  | 500.000 |  0.000   |      0.000      |      0.000       |      0.000       |   [-6.283, 6.283]   |      2.618      |    9.6e+03    |
|   2   | joint_3   |  1.0e+04  | 500.000 |  0.000   |      0.000      |      0.000       |      0.000       |   [-2.618, 2.618]   |      3.142      |    5.4e+03    |
|   3   | joint_4   |  1.0e+04  | 500.000 |  0.000   |      0.000      |      0.000       |      0.000       |   [-6.283, 6.283]   |      3.927      |    2.7e+03    |
|   4   | joint_5   |  1.0e+04  | 500.000 |  0.000   |      0.000      |      0.000       |      0.000       |   [-6.283, 6.283]   |      3.927      |    2.7e+03    |
|   5   | joint_6   |  1.0e+04  | 500.000 |  0.000   |      0.000      |      0.000       |      0.000       |   [-6.283, 6.283]   |      3.927      |    2.7e+03    |
|   6   | pad_joint |  2.0e+03  | 100.000 |  0.000   |      0.000      |      0.000       |      0.000       | [-3.4e+38, 3.4e+38] |     104.720     |    100.000    |
+-------+-----------+-----------+---------+----------+-----------------+------------------+------------------+---------------------+-----------------+---------------+
[INFO]: Time taken for simulation start Last: 0.685740 s, Mean: 0.685740 s, Std: 0.000000 s, N: 1
[INFO]: Completed setting up the environment...
[RobotPolishEnv] robot feed override 5.946 -> 12.700 mm/s (policy range 6.350~19.050 mm/s)
[RobotPolishEnv] v5 M0609+pad coupled | link_6 contact offset=[-0.0025 -0.02    0.0448] m
[FactoryPlanarRoiPolishEnv] Gate C so=0.40 edge=balanced_extend5 direction=same_xx path=2.100m
[GateF7CurvedObservationEnv] mode=base14 obs_dim=14
[Gate F8] static_cap/cylinder/same_xx step=1000 complete=2/4
[Gate F8] static_cap/cylinder/same_xx step=2000 complete=2/4
[Gate F8] static_cap/cylinder/same_xx step=3000 complete=3/4
[Gate F8] static_cap/cylinder/same_xx step=4000 complete=3/4
[Gate F8] static_cap/cylinder/same_xx step=5000 complete=3/4
{
  "all_finite": true,
  "checkpoint": "/home/rokey/cacadaca/learning/rl/robot/releases/gate_e7_seed1_it211_20260831_201801/model_gate_e7_seed1_it211.pt",
  "checkpoint_sha256": "c733763bfebd7fcead01cf2574bbd1621c4660b9347143cccb35e0e83449d052",
  "completed": 4,
  "created_utc": "2026-09-01T02:17:07.785832+00:00",
  "diagnostic_version": "gate_e6_local_window_area_v1",
  "direction_mode": "same_xx",
  "envs_per_profile": 1,
  "expected": 4,
  "gate": "F8_FORCE_SAFETY",
  "observation_mode": "base14",
  "path": {
    "direction_mode": "same_xx",
    "edge_mode": "balanced_extend5",
    "lines_per_sweep": 5,
    "path_length_m": 2.1,
    "path_mode": "gate_c",
    "step_over_m": 0.044000000000000004,
    "step_over_ratio": 0.4,
    "sweeps": 2
  },
  "physics_seed": 20260901,
  "policy_seed": 20260831,
  "profiles": [
    "legacy_stress",
    "factory_prepolish",
    "factory_prepolish_deep_defect",
    "factory_prepolish_deep_stress"
  ],
  "saved_iteration": 211,
  "shield_mode": "static_cap",
  "surface_kind": "cylinder",
  "surface_seed_base": 42000,
  "tile_rows": 100,
  "training_performed": false
}
[INFO]: SimulationContext cleared
Loading user config located at: '/home/rokey/isaacsim-6.0.1/kit/data/Kit/IsaacLab/3.0/user.config.json'
2026-09-01T02:13:15Z [0ms] [Warning] [omni.ext.plugin] [ext: isaaclab_visualizers] Extensions config 'extension.toml' doesn't exist '/home/rokey/IsaacLab/source/isaaclab_visualizers' or '/home/rokey/IsaacLab/source/isaaclab_visualizers/config'
2026-09-01T02:13:15Z [369ms] [Warning] [omni.usd_config.extension] Enable omni.materialx.libs extension to use MaterialX
2026-09-01T02:13:19Z [3,929ms] [Warning] [isaaclab_physx.physics.physx_manager] TGS solver with enable_external_forces_every_iteration=False may cause noisy velocities.
2026-09-01T02:13:19Z [4,049ms] [Warning] [omni.usd] Encountered USD Warnings but USD Diagnostics are currently muted. To view USD Warnings, please set the '/persistent/app/usd/muteUsdDiagnostics' setting to false in Preferences page.
2026-09-01T02:13:20Z [5,570ms] [Warning] [usdrt.population.plugin] Last global time was not created. Did you call setEnableUsdNoticeHandling?
[F9 2026-09-01 11:17:08] done  (36/64) learning/rl/robot/results/gate_f9_static_cap_cylinder_same_seed42000_20260901_072500
[F9 2026-09-01 11:17:08] start (37/64) control/sphere/same_xx/seed42000 -> learning/rl/robot/results/gate_f9_control_sphere_same_seed42000_20260901_072500
The '--headless' CLI argument is deprecated. Omit '--viz' for default headless. If config visualizers are enabled and you want to force headless, use '--viz none'.
WARNING: All log messages before absl::InitializeLog() is called are written to STDERR
E0000 00:00:1788229028.376438   10793 descriptor_database.cc:633] File already exists in database: grpc/health/v1/health.proto
W0000 00:00:1788229028.376467   10793 message.cc:301] Protobuf GeneratedMessageFactory: File is already registered: grpc/health/v1/health.proto
[ISAACLAB] AppLauncher initialization complete
[INFO]: Base environment:
	Environment device    : cuda:0
	Environment seed      : 20260901
	Physics step-size     : 0.008333333333333333
	Rendering step-size   : 0.05
	Environment step-size : 0.05
[INFO]: Registered backend 'physx' for factory Articulation.
[INFO] Robot /World/envs/env_0/Robot/m0609/m0609: 폴리싱 디스크 생성 완료 → /World/envs/env_0/Robot/m0609/m0609/polishing_contact_pad
[INFO]: Registered backend 'physx' for factory ContactSensor.
[INFO]: Time taken for scene creation Last: 1.209244 s, Mean: 1.209244 s, Std: 0.000000 s, N: 1
[INFO]: Scene manager:  <class InteractiveScene>
	Number of environments: 4
	Environment spacing   : 1.6
	Source prim name      : /World/envs/env_0
	Global prim paths     : []
	Replicate physics     : True
[INFO]: Starting the simulation. This may take a few seconds. Please wait...
[INFO]: Simulation parameters for joints in /World/envs/env_.*/Robot:
+--------------------------------------------------------------------------------------------------------------------------------------------------------------------+
|                                                 Simulation Joint Information (Prim path: /World/envs/env_.*/Robot)                                                 |
+-------+-----------+-----------+---------+----------+-----------------+------------------+------------------+---------------------+-----------------+---------------+
| Index | Name      | Stiffness | Damping | Armature | Static Friction | Dynamic Friction | Viscous Friction |   Position Limits   | Velocity Limits | Effort Limits |
+-------+-----------+-----------+---------+----------+-----------------+------------------+------------------+---------------------+-----------------+---------------+
|   0   | joint_1   |  1.0e+04  | 500.000 |  0.000   |      0.000      |      0.000       |      0.000       |   [-6.283, 6.283]   |      2.618      |    9.6e+03    |
|   1   | joint_2   |  1.0e+04  | 500.000 |  0.000   |      0.000      |      0.000       |      0.000       |   [-6.283, 6.283]   |      2.618      |    9.6e+03    |
|   2   | joint_3   |  1.0e+04  | 500.000 |  0.000   |      0.000      |      0.000       |      0.000       |   [-2.618, 2.618]   |      3.142      |    5.4e+03    |
|   3   | joint_4   |  1.0e+04  | 500.000 |  0.000   |      0.000      |      0.000       |      0.000       |   [-6.283, 6.283]   |      3.927      |    2.7e+03    |
|   4   | joint_5   |  1.0e+04  | 500.000 |  0.000   |      0.000      |      0.000       |      0.000       |   [-6.283, 6.283]   |      3.927      |    2.7e+03    |
|   5   | joint_6   |  1.0e+04  | 500.000 |  0.000   |      0.000      |      0.000       |      0.000       |   [-6.283, 6.283]   |      3.927      |    2.7e+03    |
|   6   | pad_joint |  2.0e+03  | 100.000 |  0.000   |      0.000      |      0.000       |      0.000       | [-3.4e+38, 3.4e+38] |     104.720     |    100.000    |
+-------+-----------+-----------+---------+----------+-----------------+------------------+------------------+---------------------+-----------------+---------------+
[INFO]: Time taken for simulation start Last: 0.702591 s, Mean: 0.702591 s, Std: 0.000000 s, N: 1
[INFO]: Completed setting up the environment...
[RobotPolishEnv] robot feed override 5.946 -> 12.700 mm/s (policy range 6.350~19.050 mm/s)
[RobotPolishEnv] v5 M0609+pad coupled | link_6 contact offset=[-0.0025 -0.02    0.0448] m
[FactoryPlanarRoiPolishEnv] Gate C so=0.40 edge=balanced_extend5 direction=same_xx path=2.100m
[GateF7CurvedObservationEnv] mode=base14 obs_dim=14
[Gate F8] control/sphere/same_xx step=1000 complete=0/4
[Gate F8] control/sphere/same_xx step=2000 complete=0/4
[Gate F8] control/sphere/same_xx step=3000 complete=0/4
[Gate F8] control/sphere/same_xx step=4000 complete=3/4
[Gate F8] control/sphere/same_xx step=5000 complete=3/4
{
  "all_finite": true,
  "checkpoint": "/home/rokey/cacadaca/learning/rl/robot/releases/gate_e7_seed1_it211_20260831_201801/model_gate_e7_seed1_it211.pt",
  "checkpoint_sha256": "c733763bfebd7fcead01cf2574bbd1621c4660b9347143cccb35e0e83449d052",
  "completed": 4,
  "created_utc": "2026-09-01T02:20:55.732951+00:00",
  "diagnostic_version": "gate_e6_local_window_area_v1",
  "direction_mode": "same_xx",
  "envs_per_profile": 1,
  "expected": 4,
  "gate": "F8_FORCE_SAFETY",
  "observation_mode": "base14",
  "path": {
    "direction_mode": "same_xx",
    "edge_mode": "balanced_extend5",
    "lines_per_sweep": 5,
    "path_length_m": 2.1,
    "path_mode": "gate_c",
    "step_over_m": 0.044000000000000004,
    "step_over_ratio": 0.4,
    "sweeps": 2
  },
  "physics_seed": 20260901,
  "policy_seed": 20260831,
  "profiles": [
    "legacy_stress",
    "factory_prepolish",
    "factory_prepolish_deep_defect",
    "factory_prepolish_deep_stress"
  ],
  "saved_iteration": 211,
  "shield_mode": "control",
  "surface_kind": "sphere",
  "surface_seed_base": 42000,
  "tile_rows": 100,
  "training_performed": false
}
[INFO]: SimulationContext cleared
Loading user config located at: '/home/rokey/isaacsim-6.0.1/kit/data/Kit/IsaacLab/3.0/user.config.json'
2026-09-01T02:17:08Z [0ms] [Warning] [omni.ext.plugin] [ext: isaaclab_visualizers] Extensions config 'extension.toml' doesn't exist '/home/rokey/IsaacLab/source/isaaclab_visualizers' or '/home/rokey/IsaacLab/source/isaaclab_visualizers/config'
2026-09-01T02:17:08Z [372ms] [Warning] [omni.usd_config.extension] Enable omni.materialx.libs extension to use MaterialX
2026-09-01T02:17:12Z [3,943ms] [Warning] [isaaclab_physx.physics.physx_manager] TGS solver with enable_external_forces_every_iteration=False may cause noisy velocities.
2026-09-01T02:17:12Z [4,056ms] [Warning] [omni.usd] Encountered USD Warnings but USD Diagnostics are currently muted. To view USD Warnings, please set the '/persistent/app/usd/muteUsdDiagnostics' setting to false in Preferences page.
2026-09-01T02:17:14Z [5,708ms] [Warning] [usdrt.population.plugin] Last global time was not created. Did you call setEnableUsdNoticeHandling?
[F9 2026-09-01 11:20:56] done  (37/64) learning/rl/robot/results/gate_f9_control_sphere_same_seed42000_20260901_072500
[F9 2026-09-01 11:20:56] start (38/64) static_cap/sphere/same_xx/seed42000 -> learning/rl/robot/results/gate_f9_static_cap_sphere_same_seed42000_20260901_072500
The '--headless' CLI argument is deprecated. Omit '--viz' for default headless. If config visualizers are enabled and you want to force headless, use '--viz none'.
WARNING: All log messages before absl::InitializeLog() is called are written to STDERR
E0000 00:00:1788229256.316612   11119 descriptor_database.cc:633] File already exists in database: grpc/health/v1/health.proto
W0000 00:00:1788229256.316641   11119 message.cc:301] Protobuf GeneratedMessageFactory: File is already registered: grpc/health/v1/health.proto
[ISAACLAB] AppLauncher initialization complete
[INFO]: Base environment:
	Environment device    : cuda:0
	Environment seed      : 20260901
	Physics step-size     : 0.008333333333333333
	Rendering step-size   : 0.05
	Environment step-size : 0.05
[INFO]: Registered backend 'physx' for factory Articulation.
[INFO] Robot /World/envs/env_0/Robot/m0609/m0609: 폴리싱 디스크 생성 완료 → /World/envs/env_0/Robot/m0609/m0609/polishing_contact_pad
[INFO]: Registered backend 'physx' for factory ContactSensor.
[INFO]: Time taken for scene creation Last: 1.159246 s, Mean: 1.159246 s, Std: 0.000000 s, N: 1
[INFO]: Scene manager:  <class InteractiveScene>
	Number of environments: 4
	Environment spacing   : 1.6
	Source prim name      : /World/envs/env_0
	Global prim paths     : []
	Replicate physics     : True
[INFO]: Starting the simulation. This may take a few seconds. Please wait...
[INFO]: Simulation parameters for joints in /World/envs/env_.*/Robot:
+--------------------------------------------------------------------------------------------------------------------------------------------------------------------+
|                                                 Simulation Joint Information (Prim path: /World/envs/env_.*/Robot)                                                 |
+-------+-----------+-----------+---------+----------+-----------------+------------------+------------------+---------------------+-----------------+---------------+
| Index | Name      | Stiffness | Damping | Armature | Static Friction | Dynamic Friction | Viscous Friction |   Position Limits   | Velocity Limits | Effort Limits |
+-------+-----------+-----------+---------+----------+-----------------+------------------+------------------+---------------------+-----------------+---------------+
|   0   | joint_1   |  1.0e+04  | 500.000 |  0.000   |      0.000      |      0.000       |      0.000       |   [-6.283, 6.283]   |      2.618      |    9.6e+03    |
|   1   | joint_2   |  1.0e+04  | 500.000 |  0.000   |      0.000      |      0.000       |      0.000       |   [-6.283, 6.283]   |      2.618      |    9.6e+03    |
|   2   | joint_3   |  1.0e+04  | 500.000 |  0.000   |      0.000      |      0.000       |      0.000       |   [-2.618, 2.618]   |      3.142      |    5.4e+03    |
|   3   | joint_4   |  1.0e+04  | 500.000 |  0.000   |      0.000      |      0.000       |      0.000       |   [-6.283, 6.283]   |      3.927      |    2.7e+03    |
|   4   | joint_5   |  1.0e+04  | 500.000 |  0.000   |      0.000      |      0.000       |      0.000       |   [-6.283, 6.283]   |      3.927      |    2.7e+03    |
|   5   | joint_6   |  1.0e+04  | 500.000 |  0.000   |      0.000      |      0.000       |      0.000       |   [-6.283, 6.283]   |      3.927      |    2.7e+03    |
|   6   | pad_joint |  2.0e+03  | 100.000 |  0.000   |      0.000      |      0.000       |      0.000       | [-3.4e+38, 3.4e+38] |     104.720     |    100.000    |
+-------+-----------+-----------+---------+----------+-----------------+------------------+------------------+---------------------+-----------------+---------------+
[INFO]: Time taken for simulation start Last: 0.681039 s, Mean: 0.681039 s, Std: 0.000000 s, N: 1
[INFO]: Completed setting up the environment...
[RobotPolishEnv] robot feed override 5.946 -> 12.700 mm/s (policy range 6.350~19.050 mm/s)
[RobotPolishEnv] v5 M0609+pad coupled | link_6 contact offset=[-0.0025 -0.02    0.0448] m
[FactoryPlanarRoiPolishEnv] Gate C so=0.40 edge=balanced_extend5 direction=same_xx path=2.100m
[GateF7CurvedObservationEnv] mode=base14 obs_dim=14
[Gate F8] static_cap/sphere/same_xx step=1000 complete=0/4
[Gate F8] static_cap/sphere/same_xx step=2000 complete=0/4
[Gate F8] static_cap/sphere/same_xx step=3000 complete=1/4
[Gate F8] static_cap/sphere/same_xx step=4000 complete=3/4
[Gate F8] static_cap/sphere/same_xx step=5000 complete=3/4
{
  "all_finite": true,
  "checkpoint": "/home/rokey/cacadaca/learning/rl/robot/releases/gate_e7_seed1_it211_20260831_201801/model_gate_e7_seed1_it211.pt",
  "checkpoint_sha256": "c733763bfebd7fcead01cf2574bbd1621c4660b9347143cccb35e0e83449d052",
  "completed": 4,
  "created_utc": "2026-09-01T02:24:47.819365+00:00",
  "diagnostic_version": "gate_e6_local_window_area_v1",
  "direction_mode": "same_xx",
  "envs_per_profile": 1,
  "expected": 4,
  "gate": "F8_FORCE_SAFETY",
  "observation_mode": "base14",
  "path": {
    "direction_mode": "same_xx",
    "edge_mode": "balanced_extend5",
    "lines_per_sweep": 5,
    "path_length_m": 2.1,
    "path_mode": "gate_c",
    "step_over_m": 0.044000000000000004,
    "step_over_ratio": 0.4,
    "sweeps": 2
  },
  "physics_seed": 20260901,
  "policy_seed": 20260831,
  "profiles": [
    "legacy_stress",
    "factory_prepolish",
    "factory_prepolish_deep_defect",
    "factory_prepolish_deep_stress"
  ],
  "saved_iteration": 211,
  "shield_mode": "static_cap",
  "surface_kind": "sphere",
  "surface_seed_base": 42000,
  "tile_rows": 100,
  "training_performed": false
}
[INFO]: SimulationContext cleared
Loading user config located at: '/home/rokey/isaacsim-6.0.1/kit/data/Kit/IsaacLab/3.0/user.config.json'
2026-09-01T02:20:56Z [0ms] [Warning] [omni.ext.plugin] [ext: isaaclab_visualizers] Extensions config 'extension.toml' doesn't exist '/home/rokey/IsaacLab/source/isaaclab_visualizers' or '/home/rokey/IsaacLab/source/isaaclab_visualizers/config'
2026-09-01T02:20:56Z [369ms] [Warning] [omni.usd_config.extension] Enable omni.materialx.libs extension to use MaterialX
2026-09-01T02:21:00Z [3,891ms] [Warning] [isaaclab_physx.physics.physx_manager] TGS solver with enable_external_forces_every_iteration=False may cause noisy velocities.
2026-09-01T02:21:00Z [4,006ms] [Warning] [omni.usd] Encountered USD Warnings but USD Diagnostics are currently muted. To view USD Warnings, please set the '/persistent/app/usd/muteUsdDiagnostics' setting to false in Preferences page.
2026-09-01T02:21:01Z [5,588ms] [Warning] [usdrt.population.plugin] Last global time was not created. Did you call setEnableUsdNoticeHandling?
[F9 2026-09-01 11:24:48] done  (38/64) learning/rl/robot/results/gate_f9_static_cap_sphere_same_seed42000_20260901_072500
[F9 2026-09-01 11:24:48] start (39/64) control/freeform/same_xx/seed42000 -> learning/rl/robot/results/gate_f9_control_freeform_same_seed42000_20260901_072500
The '--headless' CLI argument is deprecated. Omit '--viz' for default headless. If config visualizers are enabled and you want to force headless, use '--viz none'.
WARNING: All log messages before absl::InitializeLog() is called are written to STDERR
E0000 00:00:1788229488.416680   11448 descriptor_database.cc:633] File already exists in database: grpc/health/v1/health.proto
W0000 00:00:1788229488.416767   11448 message.cc:301] Protobuf GeneratedMessageFactory: File is already registered: grpc/health/v1/health.proto
[ISAACLAB] AppLauncher initialization complete
[INFO]: Base environment:
	Environment device    : cuda:0
	Environment seed      : 20260901
	Physics step-size     : 0.008333333333333333
	Rendering step-size   : 0.05
	Environment step-size : 0.05
[INFO]: Registered backend 'physx' for factory Articulation.
[INFO] Robot /World/envs/env_0/Robot/m0609/m0609: 폴리싱 디스크 생성 완료 → /World/envs/env_0/Robot/m0609/m0609/polishing_contact_pad
[INFO]: Registered backend 'physx' for factory ContactSensor.
[INFO]: Time taken for scene creation Last: 1.219265 s, Mean: 1.219265 s, Std: 0.000000 s, N: 1
[INFO]: Scene manager:  <class InteractiveScene>
	Number of environments: 4
	Environment spacing   : 1.6
	Source prim name      : /World/envs/env_0
	Global prim paths     : []
	Replicate physics     : True
[INFO]: Starting the simulation. This may take a few seconds. Please wait...
[INFO]: Simulation parameters for joints in /World/envs/env_.*/Robot:
+--------------------------------------------------------------------------------------------------------------------------------------------------------------------+
|                                                 Simulation Joint Information (Prim path: /World/envs/env_.*/Robot)                                                 |
+-------+-----------+-----------+---------+----------+-----------------+------------------+------------------+---------------------+-----------------+---------------+
| Index | Name      | Stiffness | Damping | Armature | Static Friction | Dynamic Friction | Viscous Friction |   Position Limits   | Velocity Limits | Effort Limits |
+-------+-----------+-----------+---------+----------+-----------------+------------------+------------------+---------------------+-----------------+---------------+
|   0   | joint_1   |  1.0e+04  | 500.000 |  0.000   |      0.000      |      0.000       |      0.000       |   [-6.283, 6.283]   |      2.618      |    9.6e+03    |
|   1   | joint_2   |  1.0e+04  | 500.000 |  0.000   |      0.000      |      0.000       |      0.000       |   [-6.283, 6.283]   |      2.618      |    9.6e+03    |
|   2   | joint_3   |  1.0e+04  | 500.000 |  0.000   |      0.000      |      0.000       |      0.000       |   [-2.618, 2.618]   |      3.142      |    5.4e+03    |
|   3   | joint_4   |  1.0e+04  | 500.000 |  0.000   |      0.000      |      0.000       |      0.000       |   [-6.283, 6.283]   |      3.927      |    2.7e+03    |
|   4   | joint_5   |  1.0e+04  | 500.000 |  0.000   |      0.000      |      0.000       |      0.000       |   [-6.283, 6.283]   |      3.927      |    2.7e+03    |
|   5   | joint_6   |  1.0e+04  | 500.000 |  0.000   |      0.000      |      0.000       |      0.000       |   [-6.283, 6.283]   |      3.927      |    2.7e+03    |
|   6   | pad_joint |  2.0e+03  | 100.000 |  0.000   |      0.000      |      0.000       |      0.000       | [-3.4e+38, 3.4e+38] |     104.720     |    100.000    |
+-------+-----------+-----------+---------+----------+-----------------+------------------+------------------+---------------------+-----------------+---------------+
[INFO]: Time taken for simulation start Last: 0.682728 s, Mean: 0.682728 s, Std: 0.000000 s, N: 1
[INFO]: Completed setting up the environment...
[RobotPolishEnv] robot feed override 5.946 -> 12.700 mm/s (policy range 6.350~19.050 mm/s)
[RobotPolishEnv] v5 M0609+pad coupled | link_6 contact offset=[-0.0025 -0.02    0.0448] m
[FactoryPlanarRoiPolishEnv] Gate C so=0.40 edge=balanced_extend5 direction=same_xx path=2.100m
[GateF7CurvedObservationEnv] mode=base14 obs_dim=14
[Gate F8] control/freeform/same_xx step=1000 complete=0/4
[Gate F8] control/freeform/same_xx step=2000 complete=0/4
[Gate F8] control/freeform/same_xx step=3000 complete=0/4
[Gate F8] control/freeform/same_xx step=4000 complete=3/4
[Gate F8] control/freeform/same_xx step=5000 complete=3/4
{
  "all_finite": true,
  "checkpoint": "/home/rokey/cacadaca/learning/rl/robot/releases/gate_e7_seed1_it211_20260831_201801/model_gate_e7_seed1_it211.pt",
  "checkpoint_sha256": "c733763bfebd7fcead01cf2574bbd1621c4660b9347143cccb35e0e83449d052",
  "completed": 4,
  "created_utc": "2026-09-01T02:29:15.933993+00:00",
  "diagnostic_version": "gate_e6_local_window_area_v1",
  "direction_mode": "same_xx",
  "envs_per_profile": 1,
  "expected": 4,
  "gate": "F8_FORCE_SAFETY",
  "observation_mode": "base14",
  "path": {
    "direction_mode": "same_xx",
    "edge_mode": "balanced_extend5",
    "lines_per_sweep": 5,
    "path_length_m": 2.1,
    "path_mode": "gate_c",
    "step_over_m": 0.044000000000000004,
    "step_over_ratio": 0.4,
    "sweeps": 2
  },
  "physics_seed": 20260901,
  "policy_seed": 20260831,
  "profiles": [
    "legacy_stress",
    "factory_prepolish",
    "factory_prepolish_deep_defect",
    "factory_prepolish_deep_stress"
  ],
  "saved_iteration": 211,
  "shield_mode": "control",
  "surface_kind": "freeform",
  "surface_seed_base": 42000,
  "tile_rows": 100,
  "training_performed": false
}
[INFO]: SimulationContext cleared
Loading user config located at: '/home/rokey/isaacsim-6.0.1/kit/data/Kit/IsaacLab/3.0/user.config.json'
2026-09-01T02:24:48Z [0ms] [Warning] [omni.ext.plugin] [ext: isaaclab_visualizers] Extensions config 'extension.toml' doesn't exist '/home/rokey/IsaacLab/source/isaaclab_visualizers' or '/home/rokey/IsaacLab/source/isaaclab_visualizers/config'
2026-09-01T02:24:48Z [370ms] [Warning] [omni.usd_config.extension] Enable omni.materialx.libs extension to use MaterialX
2026-09-01T02:24:52Z [3,878ms] [Warning] [isaaclab_physx.physics.physx_manager] TGS solver with enable_external_forces_every_iteration=False may cause noisy velocities.
2026-09-01T02:24:52Z [3,999ms] [Warning] [omni.usd] Encountered USD Warnings but USD Diagnostics are currently muted. To view USD Warnings, please set the '/persistent/app/usd/muteUsdDiagnostics' setting to false in Preferences page.
2026-09-01T02:24:53Z [5,637ms] [Warning] [usdrt.population.plugin] Last global time was not created. Did you call setEnableUsdNoticeHandling?
[F9 2026-09-01 11:29:16] done  (39/64) learning/rl/robot/results/gate_f9_control_freeform_same_seed42000_20260901_072500
[F9 2026-09-01 11:29:16] start (40/64) static_cap/freeform/same_xx/seed42000 -> learning/rl/robot/results/gate_f9_static_cap_freeform_same_seed42000_20260901_072500
The '--headless' CLI argument is deprecated. Omit '--viz' for default headless. If config visualizers are enabled and you want to force headless, use '--viz none'.
WARNING: All log messages before absl::InitializeLog() is called are written to STDERR
E0000 00:00:1788229756.555930   11763 descriptor_database.cc:633] File already exists in database: grpc/health/v1/health.proto
W0000 00:00:1788229756.555959   11763 message.cc:301] Protobuf GeneratedMessageFactory: File is already registered: grpc/health/v1/health.proto
[ISAACLAB] AppLauncher initialization complete
[INFO]: Base environment:
	Environment device    : cuda:0
	Environment seed      : 20260901
	Physics step-size     : 0.008333333333333333
	Rendering step-size   : 0.05
	Environment step-size : 0.05
[INFO]: Registered backend 'physx' for factory Articulation.
[INFO] Robot /World/envs/env_0/Robot/m0609/m0609: 폴리싱 디스크 생성 완료 → /World/envs/env_0/Robot/m0609/m0609/polishing_contact_pad
[INFO]: Registered backend 'physx' for factory ContactSensor.
[INFO]: Time taken for scene creation Last: 1.100620 s, Mean: 1.100620 s, Std: 0.000000 s, N: 1
[INFO]: Scene manager:  <class InteractiveScene>
	Number of environments: 4
	Environment spacing   : 1.6
	Source prim name      : /World/envs/env_0
	Global prim paths     : []
	Replicate physics     : True
[INFO]: Starting the simulation. This may take a few seconds. Please wait...
[INFO]: Simulation parameters for joints in /World/envs/env_.*/Robot:
+--------------------------------------------------------------------------------------------------------------------------------------------------------------------+
|                                                 Simulation Joint Information (Prim path: /World/envs/env_.*/Robot)                                                 |
+-------+-----------+-----------+---------+----------+-----------------+------------------+------------------+---------------------+-----------------+---------------+
| Index | Name      | Stiffness | Damping | Armature | Static Friction | Dynamic Friction | Viscous Friction |   Position Limits   | Velocity Limits | Effort Limits |
+-------+-----------+-----------+---------+----------+-----------------+------------------+------------------+---------------------+-----------------+---------------+
|   0   | joint_1   |  1.0e+04  | 500.000 |  0.000   |      0.000      |      0.000       |      0.000       |   [-6.283, 6.283]   |      2.618      |    9.6e+03    |
|   1   | joint_2   |  1.0e+04  | 500.000 |  0.000   |      0.000      |      0.000       |      0.000       |   [-6.283, 6.283]   |      2.618      |    9.6e+03    |
|   2   | joint_3   |  1.0e+04  | 500.000 |  0.000   |      0.000      |      0.000       |      0.000       |   [-2.618, 2.618]   |      3.142      |    5.4e+03    |
|   3   | joint_4   |  1.0e+04  | 500.000 |  0.000   |      0.000      |      0.000       |      0.000       |   [-6.283, 6.283]   |      3.927      |    2.7e+03    |
|   4   | joint_5   |  1.0e+04  | 500.000 |  0.000   |      0.000      |      0.000       |      0.000       |   [-6.283, 6.283]   |      3.927      |    2.7e+03    |
|   5   | joint_6   |  1.0e+04  | 500.000 |  0.000   |      0.000      |      0.000       |      0.000       |   [-6.283, 6.283]   |      3.927      |    2.7e+03    |
|   6   | pad_joint |  2.0e+03  | 100.000 |  0.000   |      0.000      |      0.000       |      0.000       | [-3.4e+38, 3.4e+38] |     104.720     |    100.000    |
+-------+-----------+-----------+---------+----------+-----------------+------------------+------------------+---------------------+-----------------+---------------+
[INFO]: Time taken for simulation start Last: 0.703692 s, Mean: 0.703692 s, Std: 0.000000 s, N: 1
[INFO]: Completed setting up the environment...
[RobotPolishEnv] robot feed override 5.946 -> 12.700 mm/s (policy range 6.350~19.050 mm/s)
[RobotPolishEnv] v5 M0609+pad coupled | link_6 contact offset=[-0.0025 -0.02    0.0448] m
[FactoryPlanarRoiPolishEnv] Gate C so=0.40 edge=balanced_extend5 direction=same_xx path=2.100m
[GateF7CurvedObservationEnv] mode=base14 obs_dim=14
[Gate F8] static_cap/freeform/same_xx step=1000 complete=0/4
[Gate F8] static_cap/freeform/same_xx step=2000 complete=0/4
[Gate F8] static_cap/freeform/same_xx step=3000 complete=0/4
[Gate F8] static_cap/freeform/same_xx step=4000 complete=3/4
[Gate F8] static_cap/freeform/same_xx step=5000 complete=3/4
{
  "all_finite": true,
  "checkpoint": "/home/rokey/cacadaca/learning/rl/robot/releases/gate_e7_seed1_it211_20260831_201801/model_gate_e7_seed1_it211.pt",
  "checkpoint_sha256": "c733763bfebd7fcead01cf2574bbd1621c4660b9347143cccb35e0e83449d052",
  "completed": 4,
  "created_utc": "2026-09-01T02:33:44.575130+00:00",
  "diagnostic_version": "gate_e6_local_window_area_v1",
  "direction_mode": "same_xx",
  "envs_per_profile": 1,
  "expected": 4,
  "gate": "F8_FORCE_SAFETY",
  "observation_mode": "base14",
  "path": {
    "direction_mode": "same_xx",
    "edge_mode": "balanced_extend5",
    "lines_per_sweep": 5,
    "path_length_m": 2.1,
    "path_mode": "gate_c",
    "step_over_m": 0.044000000000000004,
    "step_over_ratio": 0.4,
    "sweeps": 2
  },
  "physics_seed": 20260901,
  "policy_seed": 20260831,
  "profiles": [
    "legacy_stress",
    "factory_prepolish",
    "factory_prepolish_deep_defect",
    "factory_prepolish_deep_stress"
  ],
  "saved_iteration": 211,
  "shield_mode": "static_cap",
  "surface_kind": "freeform",
  "surface_seed_base": 42000,
  "tile_rows": 100,
  "training_performed": false
}
[INFO]: SimulationContext cleared
Loading user config located at: '/home/rokey/isaacsim-6.0.1/kit/data/Kit/IsaacLab/3.0/user.config.json'
2026-09-01T02:29:16Z [0ms] [Warning] [omni.ext.plugin] [ext: isaaclab_visualizers] Extensions config 'extension.toml' doesn't exist '/home/rokey/IsaacLab/source/isaaclab_visualizers' or '/home/rokey/IsaacLab/source/isaaclab_visualizers/config'
2026-09-01T02:29:16Z [370ms] [Warning] [omni.usd_config.extension] Enable omni.materialx.libs extension to use MaterialX
2026-09-01T02:29:20Z [3,940ms] [Warning] [isaaclab_physx.physics.physx_manager] TGS solver with enable_external_forces_every_iteration=False may cause noisy velocities.
2026-09-01T02:29:20Z [4,064ms] [Warning] [omni.usd] Encountered USD Warnings but USD Diagnostics are currently muted. To view USD Warnings, please set the '/persistent/app/usd/muteUsdDiagnostics' setting to false in Preferences page.
2026-09-01T02:29:22Z [5,588ms] [Warning] [usdrt.population.plugin] Last global time was not created. Did you call setEnableUsdNoticeHandling?
[F9 2026-09-01 11:33:44] done  (40/64) learning/rl/robot/results/gate_f9_static_cap_freeform_same_seed42000_20260901_072500
[F9 2026-09-01 11:33:44] start (41/64) control/flat/cross_xy/seed42000 -> learning/rl/robot/results/gate_f9_control_flat_cross_seed42000_20260901_072500
The '--headless' CLI argument is deprecated. Omit '--viz' for default headless. If config visualizers are enabled and you want to force headless, use '--viz none'.
WARNING: All log messages before absl::InitializeLog() is called are written to STDERR
E0000 00:00:1788230025.104850   12086 descriptor_database.cc:633] File already exists in database: grpc/health/v1/health.proto
W0000 00:00:1788230025.104884   12086 message.cc:301] Protobuf GeneratedMessageFactory: File is already registered: grpc/health/v1/health.proto
[ISAACLAB] AppLauncher initialization complete
[INFO]: Base environment:
	Environment device    : cuda:0
	Environment seed      : 20260901
	Physics step-size     : 0.008333333333333333
	Rendering step-size   : 0.05
	Environment step-size : 0.05
[INFO]: Registered backend 'physx' for factory Articulation.
[INFO] Robot /World/envs/env_0/Robot/m0609/m0609: 폴리싱 디스크 생성 완료 → /World/envs/env_0/Robot/m0609/m0609/polishing_contact_pad
[INFO]: Registered backend 'physx' for factory ContactSensor.
[INFO]: Time taken for scene creation Last: 1.228065 s, Mean: 1.228065 s, Std: 0.000000 s, N: 1
[INFO]: Scene manager:  <class InteractiveScene>
	Number of environments: 4
	Environment spacing   : 1.6
	Source prim name      : /World/envs/env_0
	Global prim paths     : []
	Replicate physics     : True
[INFO]: Starting the simulation. This may take a few seconds. Please wait...
[INFO]: Simulation parameters for joints in /World/envs/env_.*/Robot:
+--------------------------------------------------------------------------------------------------------------------------------------------------------------------+
|                                                 Simulation Joint Information (Prim path: /World/envs/env_.*/Robot)                                                 |
+-------+-----------+-----------+---------+----------+-----------------+------------------+------------------+---------------------+-----------------+---------------+
| Index | Name      | Stiffness | Damping | Armature | Static Friction | Dynamic Friction | Viscous Friction |   Position Limits   | Velocity Limits | Effort Limits |
+-------+-----------+-----------+---------+----------+-----------------+------------------+------------------+---------------------+-----------------+---------------+
|   0   | joint_1   |  1.0e+04  | 500.000 |  0.000   |      0.000      |      0.000       |      0.000       |   [-6.283, 6.283]   |      2.618      |    9.6e+03    |
|   1   | joint_2   |  1.0e+04  | 500.000 |  0.000   |      0.000      |      0.000       |      0.000       |   [-6.283, 6.283]   |      2.618      |    9.6e+03    |
|   2   | joint_3   |  1.0e+04  | 500.000 |  0.000   |      0.000      |      0.000       |      0.000       |   [-2.618, 2.618]   |      3.142      |    5.4e+03    |
|   3   | joint_4   |  1.0e+04  | 500.000 |  0.000   |      0.000      |      0.000       |      0.000       |   [-6.283, 6.283]   |      3.927      |    2.7e+03    |
|   4   | joint_5   |  1.0e+04  | 500.000 |  0.000   |      0.000      |      0.000       |      0.000       |   [-6.283, 6.283]   |      3.927      |    2.7e+03    |
|   5   | joint_6   |  1.0e+04  | 500.000 |  0.000   |      0.000      |      0.000       |      0.000       |   [-6.283, 6.283]   |      3.927      |    2.7e+03    |
|   6   | pad_joint |  2.0e+03  | 100.000 |  0.000   |      0.000      |      0.000       |      0.000       | [-3.4e+38, 3.4e+38] |     104.720     |    100.000    |
+-------+-----------+-----------+---------+----------+-----------------+------------------+------------------+---------------------+-----------------+---------------+
[INFO]: Time taken for simulation start Last: 0.679116 s, Mean: 0.679116 s, Std: 0.000000 s, N: 1
[INFO]: Completed setting up the environment...
[RobotPolishEnv] robot feed override 5.946 -> 12.700 mm/s (policy range 6.350~19.050 mm/s)
[RobotPolishEnv] v5 M0609+pad coupled | link_6 contact offset=[-0.0025 -0.02    0.0448] m
[FactoryPlanarRoiPolishEnv] Gate C so=0.40 edge=balanced_extend5 direction=cross_xy path=2.100m
[GateF7CurvedObservationEnv] mode=base14 obs_dim=14
[Gate F8] control/flat/cross_xy step=1000 complete=0/4
[Gate F8] control/flat/cross_xy step=2000 complete=0/4
[Gate F8] control/flat/cross_xy step=3000 complete=0/4
[Gate F8] control/flat/cross_xy step=4000 complete=3/4
[Gate F8] control/flat/cross_xy step=5000 complete=3/4
{
  "all_finite": true,
  "checkpoint": "/home/rokey/cacadaca/learning/rl/robot/releases/gate_e7_seed1_it211_20260831_201801/model_gate_e7_seed1_it211.pt",
  "checkpoint_sha256": "c733763bfebd7fcead01cf2574bbd1621c4660b9347143cccb35e0e83449d052",
  "completed": 4,
  "created_utc": "2026-09-01T02:37:24.608717+00:00",
  "diagnostic_version": "gate_e6_local_window_area_v1",
  "direction_mode": "cross_xy",
  "envs_per_profile": 1,
  "expected": 4,
  "gate": "F8_FORCE_SAFETY",
  "observation_mode": "base14",
  "path": {
    "direction_mode": "cross_xy",
    "edge_mode": "balanced_extend5",
    "lines_per_sweep": 5,
    "path_length_m": 2.1,
    "path_mode": "gate_c",
    "step_over_m": 0.044000000000000004,
    "step_over_ratio": 0.4,
    "sweeps": 2
  },
  "physics_seed": 20260901,
  "policy_seed": 20260831,
  "profiles": [
    "legacy_stress",
    "factory_prepolish",
    "factory_prepolish_deep_defect",
    "factory_prepolish_deep_stress"
  ],
  "saved_iteration": 211,
  "shield_mode": "control",
  "surface_kind": "flat",
  "surface_seed_base": 42000,
  "tile_rows": 100,
  "training_performed": false
}
[INFO]: SimulationContext cleared
Loading user config located at: '/home/rokey/isaacsim-6.0.1/kit/data/Kit/IsaacLab/3.0/user.config.json'
2026-09-01T02:33:45Z [0ms] [Warning] [omni.ext.plugin] [ext: isaaclab_visualizers] Extensions config 'extension.toml' doesn't exist '/home/rokey/IsaacLab/source/isaaclab_visualizers' or '/home/rokey/IsaacLab/source/isaaclab_visualizers/config'
2026-09-01T02:33:45Z [365ms] [Warning] [omni.usd_config.extension] Enable omni.materialx.libs extension to use MaterialX
2026-09-01T02:33:48Z [3,864ms] [Warning] [isaaclab_physx.physics.physx_manager] TGS solver with enable_external_forces_every_iteration=False may cause noisy velocities.
2026-09-01T02:33:49Z [3,985ms] [Warning] [omni.usd] Encountered USD Warnings but USD Diagnostics are currently muted. To view USD Warnings, please set the '/persistent/app/usd/muteUsdDiagnostics' setting to false in Preferences page.
2026-09-01T02:33:50Z [5,636ms] [Warning] [usdrt.population.plugin] Last global time was not created. Did you call setEnableUsdNoticeHandling?
[F9 2026-09-01 11:37:24] done  (41/64) learning/rl/robot/results/gate_f9_control_flat_cross_seed42000_20260901_072500
[F9 2026-09-01 11:37:24] start (42/64) static_cap/flat/cross_xy/seed42000 -> learning/rl/robot/results/gate_f9_static_cap_flat_cross_seed42000_20260901_072500
The '--headless' CLI argument is deprecated. Omit '--viz' for default headless. If config visualizers are enabled and you want to force headless, use '--viz none'.
WARNING: All log messages before absl::InitializeLog() is called are written to STDERR
E0000 00:00:1788230245.157325   12385 descriptor_database.cc:633] File already exists in database: grpc/health/v1/health.proto
W0000 00:00:1788230245.157356   12385 message.cc:301] Protobuf GeneratedMessageFactory: File is already registered: grpc/health/v1/health.proto
[ISAACLAB] AppLauncher initialization complete
[INFO]: Base environment:
	Environment device    : cuda:0
	Environment seed      : 20260901
	Physics step-size     : 0.008333333333333333
	Rendering step-size   : 0.05
	Environment step-size : 0.05
[INFO]: Registered backend 'physx' for factory Articulation.
[INFO] Robot /World/envs/env_0/Robot/m0609/m0609: 폴리싱 디스크 생성 완료 → /World/envs/env_0/Robot/m0609/m0609/polishing_contact_pad
[INFO]: Registered backend 'physx' for factory ContactSensor.
[INFO]: Time taken for scene creation Last: 1.081671 s, Mean: 1.081671 s, Std: 0.000000 s, N: 1
[INFO]: Scene manager:  <class InteractiveScene>
	Number of environments: 4
	Environment spacing   : 1.6
	Source prim name      : /World/envs/env_0
	Global prim paths     : []
	Replicate physics     : True
[INFO]: Starting the simulation. This may take a few seconds. Please wait...
[INFO]: Simulation parameters for joints in /World/envs/env_.*/Robot:
+--------------------------------------------------------------------------------------------------------------------------------------------------------------------+
|                                                 Simulation Joint Information (Prim path: /World/envs/env_.*/Robot)                                                 |
+-------+-----------+-----------+---------+----------+-----------------+------------------+------------------+---------------------+-----------------+---------------+
| Index | Name      | Stiffness | Damping | Armature | Static Friction | Dynamic Friction | Viscous Friction |   Position Limits   | Velocity Limits | Effort Limits |
+-------+-----------+-----------+---------+----------+-----------------+------------------+------------------+---------------------+-----------------+---------------+
|   0   | joint_1   |  1.0e+04  | 500.000 |  0.000   |      0.000      |      0.000       |      0.000       |   [-6.283, 6.283]   |      2.618      |    9.6e+03    |
|   1   | joint_2   |  1.0e+04  | 500.000 |  0.000   |      0.000      |      0.000       |      0.000       |   [-6.283, 6.283]   |      2.618      |    9.6e+03    |
|   2   | joint_3   |  1.0e+04  | 500.000 |  0.000   |      0.000      |      0.000       |      0.000       |   [-2.618, 2.618]   |      3.142      |    5.4e+03    |
|   3   | joint_4   |  1.0e+04  | 500.000 |  0.000   |      0.000      |      0.000       |      0.000       |   [-6.283, 6.283]   |      3.927      |    2.7e+03    |
|   4   | joint_5   |  1.0e+04  | 500.000 |  0.000   |      0.000      |      0.000       |      0.000       |   [-6.283, 6.283]   |      3.927      |    2.7e+03    |
|   5   | joint_6   |  1.0e+04  | 500.000 |  0.000   |      0.000      |      0.000       |      0.000       |   [-6.283, 6.283]   |      3.927      |    2.7e+03    |
|   6   | pad_joint |  2.0e+03  | 100.000 |  0.000   |      0.000      |      0.000       |      0.000       | [-3.4e+38, 3.4e+38] |     104.720     |    100.000    |
+-------+-----------+-----------+---------+----------+-----------------+------------------+------------------+---------------------+-----------------+---------------+
[INFO]: Time taken for simulation start Last: 0.691169 s, Mean: 0.691169 s, Std: 0.000000 s, N: 1
[INFO]: Completed setting up the environment...
[RobotPolishEnv] robot feed override 5.946 -> 12.700 mm/s (policy range 6.350~19.050 mm/s)
[RobotPolishEnv] v5 M0609+pad coupled | link_6 contact offset=[-0.0025 -0.02    0.0448] m
[FactoryPlanarRoiPolishEnv] Gate C so=0.40 edge=balanced_extend5 direction=cross_xy path=2.100m
[GateF7CurvedObservationEnv] mode=base14 obs_dim=14
[Gate F8] static_cap/flat/cross_xy step=1000 complete=0/4
[Gate F8] static_cap/flat/cross_xy step=2000 complete=0/4
[Gate F8] static_cap/flat/cross_xy step=3000 complete=0/4
[Gate F8] static_cap/flat/cross_xy step=4000 complete=3/4
[Gate F8] static_cap/flat/cross_xy step=5000 complete=3/4
{
  "all_finite": true,
  "checkpoint": "/home/rokey/cacadaca/learning/rl/robot/releases/gate_e7_seed1_it211_20260831_201801/model_gate_e7_seed1_it211.pt",
  "checkpoint_sha256": "c733763bfebd7fcead01cf2574bbd1621c4660b9347143cccb35e0e83449d052",
  "completed": 4,
  "created_utc": "2026-09-01T02:41:08.502518+00:00",
  "diagnostic_version": "gate_e6_local_window_area_v1",
  "direction_mode": "cross_xy",
  "envs_per_profile": 1,
  "expected": 4,
  "gate": "F8_FORCE_SAFETY",
  "observation_mode": "base14",
  "path": {
    "direction_mode": "cross_xy",
    "edge_mode": "balanced_extend5",
    "lines_per_sweep": 5,
    "path_length_m": 2.1,
    "path_mode": "gate_c",
    "step_over_m": 0.044000000000000004,
    "step_over_ratio": 0.4,
    "sweeps": 2
  },
  "physics_seed": 20260901,
  "policy_seed": 20260831,
  "profiles": [
    "legacy_stress",
    "factory_prepolish",
    "factory_prepolish_deep_defect",
    "factory_prepolish_deep_stress"
  ],
  "saved_iteration": 211,
  "shield_mode": "static_cap",
  "surface_kind": "flat",
  "surface_seed_base": 42000,
  "tile_rows": 100,
  "training_performed": false
}
[INFO]: SimulationContext cleared
Loading user config located at: '/home/rokey/isaacsim-6.0.1/kit/data/Kit/IsaacLab/3.0/user.config.json'
2026-09-01T02:37:25Z [0ms] [Warning] [omni.ext.plugin] [ext: isaaclab_visualizers] Extensions config 'extension.toml' doesn't exist '/home/rokey/IsaacLab/source/isaaclab_visualizers' or '/home/rokey/IsaacLab/source/isaaclab_visualizers/config'
2026-09-01T02:37:25Z [367ms] [Warning] [omni.usd_config.extension] Enable omni.materialx.libs extension to use MaterialX
2026-09-01T02:37:29Z [3,904ms] [Warning] [isaaclab_physx.physics.physx_manager] TGS solver with enable_external_forces_every_iteration=False may cause noisy velocities.
2026-09-01T02:37:29Z [4,040ms] [Warning] [omni.usd] Encountered USD Warnings but USD Diagnostics are currently muted. To view USD Warnings, please set the '/persistent/app/usd/muteUsdDiagnostics' setting to false in Preferences page.
2026-09-01T02:37:30Z [5,530ms] [Warning] [usdrt.population.plugin] Last global time was not created. Did you call setEnableUsdNoticeHandling?
[F9 2026-09-01 11:41:08] done  (42/64) learning/rl/robot/results/gate_f9_static_cap_flat_cross_seed42000_20260901_072500
[F9 2026-09-01 11:41:08] start (43/64) control/cylinder/cross_xy/seed42000 -> learning/rl/robot/results/gate_f9_control_cylinder_cross_seed42000_20260901_072500
The '--headless' CLI argument is deprecated. Omit '--viz' for default headless. If config visualizers are enabled and you want to force headless, use '--viz none'.
WARNING: All log messages before absl::InitializeLog() is called are written to STDERR
E0000 00:00:1788230469.113229   12880 descriptor_database.cc:633] File already exists in database: grpc/health/v1/health.proto
W0000 00:00:1788230469.113259   12880 message.cc:301] Protobuf GeneratedMessageFactory: File is already registered: grpc/health/v1/health.proto
[ISAACLAB] AppLauncher initialization complete
[INFO]: Base environment:
	Environment device    : cuda:0
	Environment seed      : 20260901
	Physics step-size     : 0.008333333333333333
	Rendering step-size   : 0.05
	Environment step-size : 0.05
[INFO]: Registered backend 'physx' for factory Articulation.
[INFO] Robot /World/envs/env_0/Robot/m0609/m0609: 폴리싱 디스크 생성 완료 → /World/envs/env_0/Robot/m0609/m0609/polishing_contact_pad
[INFO]: Registered backend 'physx' for factory ContactSensor.
[INFO]: Time taken for scene creation Last: 1.122592 s, Mean: 1.122592 s, Std: 0.000000 s, N: 1
[INFO]: Scene manager:  <class InteractiveScene>
	Number of environments: 4
	Environment spacing   : 1.6
	Source prim name      : /World/envs/env_0
	Global prim paths     : []
	Replicate physics     : True
[INFO]: Starting the simulation. This may take a few seconds. Please wait...
[INFO]: Simulation parameters for joints in /World/envs/env_.*/Robot:
+--------------------------------------------------------------------------------------------------------------------------------------------------------------------+
|                                                 Simulation Joint Information (Prim path: /World/envs/env_.*/Robot)                                                 |
+-------+-----------+-----------+---------+----------+-----------------+------------------+------------------+---------------------+-----------------+---------------+
| Index | Name      | Stiffness | Damping | Armature | Static Friction | Dynamic Friction | Viscous Friction |   Position Limits   | Velocity Limits | Effort Limits |
+-------+-----------+-----------+---------+----------+-----------------+------------------+------------------+---------------------+-----------------+---------------+
|   0   | joint_1   |  1.0e+04  | 500.000 |  0.000   |      0.000      |      0.000       |      0.000       |   [-6.283, 6.283]   |      2.618      |    9.6e+03    |
|   1   | joint_2   |  1.0e+04  | 500.000 |  0.000   |      0.000      |      0.000       |      0.000       |   [-6.283, 6.283]   |      2.618      |    9.6e+03    |
|   2   | joint_3   |  1.0e+04  | 500.000 |  0.000   |      0.000      |      0.000       |      0.000       |   [-2.618, 2.618]   |      3.142      |    5.4e+03    |
|   3   | joint_4   |  1.0e+04  | 500.000 |  0.000   |      0.000      |      0.000       |      0.000       |   [-6.283, 6.283]   |      3.927      |    2.7e+03    |
|   4   | joint_5   |  1.0e+04  | 500.000 |  0.000   |      0.000      |      0.000       |      0.000       |   [-6.283, 6.283]   |      3.927      |    2.7e+03    |
|   5   | joint_6   |  1.0e+04  | 500.000 |  0.000   |      0.000      |      0.000       |      0.000       |   [-6.283, 6.283]   |      3.927      |    2.7e+03    |
|   6   | pad_joint |  2.0e+03  | 100.000 |  0.000   |      0.000      |      0.000       |      0.000       | [-3.4e+38, 3.4e+38] |     104.720     |    100.000    |
+-------+-----------+-----------+---------+----------+-----------------+------------------+------------------+---------------------+-----------------+---------------+
[INFO]: Time taken for simulation start Last: 0.689496 s, Mean: 0.689496 s, Std: 0.000000 s, N: 1
[INFO]: Completed setting up the environment...
[RobotPolishEnv] robot feed override 5.946 -> 12.700 mm/s (policy range 6.350~19.050 mm/s)
[RobotPolishEnv] v5 M0609+pad coupled | link_6 contact offset=[-0.0025 -0.02    0.0448] m
[FactoryPlanarRoiPolishEnv] Gate C so=0.40 edge=balanced_extend5 direction=cross_xy path=2.100m
[GateF7CurvedObservationEnv] mode=base14 obs_dim=14
[Gate F8] control/cylinder/cross_xy step=1000 complete=0/4
[Gate F8] control/cylinder/cross_xy step=2000 complete=0/4
[Gate F8] control/cylinder/cross_xy step=3000 complete=0/4
[Gate F8] control/cylinder/cross_xy step=4000 complete=3/4
[Gate F8] control/cylinder/cross_xy step=5000 complete=3/4
{
  "all_finite": true,
  "checkpoint": "/home/rokey/cacadaca/learning/rl/robot/releases/gate_e7_seed1_it211_20260831_201801/model_gate_e7_seed1_it211.pt",
  "checkpoint_sha256": "c733763bfebd7fcead01cf2574bbd1621c4660b9347143cccb35e0e83449d052",
  "completed": 4,
  "created_utc": "2026-09-01T02:45:00.859976+00:00",
  "diagnostic_version": "gate_e6_local_window_area_v1",
  "direction_mode": "cross_xy",
  "envs_per_profile": 1,
  "expected": 4,
  "gate": "F8_FORCE_SAFETY",
  "observation_mode": "base14",
  "path": {
    "direction_mode": "cross_xy",
    "edge_mode": "balanced_extend5",
    "lines_per_sweep": 5,
    "path_length_m": 2.1,
    "path_mode": "gate_c",
    "step_over_m": 0.044000000000000004,
    "step_over_ratio": 0.4,
    "sweeps": 2
  },
  "physics_seed": 20260901,
  "policy_seed": 20260831,
  "profiles": [
    "legacy_stress",
    "factory_prepolish",
    "factory_prepolish_deep_defect",
    "factory_prepolish_deep_stress"
  ],
  "saved_iteration": 211,
  "shield_mode": "control",
  "surface_kind": "cylinder",
  "surface_seed_base": 42000,
  "tile_rows": 100,
  "training_performed": false
}
[INFO]: SimulationContext cleared
Loading user config located at: '/home/rokey/isaacsim-6.0.1/kit/data/Kit/IsaacLab/3.0/user.config.json'
2026-09-01T02:41:09Z [0ms] [Warning] [omni.ext.plugin] [ext: isaaclab_visualizers] Extensions config 'extension.toml' doesn't exist '/home/rokey/IsaacLab/source/isaaclab_visualizers' or '/home/rokey/IsaacLab/source/isaaclab_visualizers/config'
2026-09-01T02:41:09Z [374ms] [Warning] [omni.usd_config.extension] Enable omni.materialx.libs extension to use MaterialX
2026-09-01T02:41:13Z [3,970ms] [Warning] [isaaclab_physx.physics.physx_manager] TGS solver with enable_external_forces_every_iteration=False may cause noisy velocities.
2026-09-01T02:41:13Z [4,095ms] [Warning] [omni.usd] Encountered USD Warnings but USD Diagnostics are currently muted. To view USD Warnings, please set the '/persistent/app/usd/muteUsdDiagnostics' setting to false in Preferences page.
2026-09-01T02:41:14Z [5,638ms] [Warning] [usdrt.population.plugin] Last global time was not created. Did you call setEnableUsdNoticeHandling?
[F9 2026-09-01 11:45:01] done  (43/64) learning/rl/robot/results/gate_f9_control_cylinder_cross_seed42000_20260901_072500
[F9 2026-09-01 11:45:01] start (44/64) static_cap/cylinder/cross_xy/seed42000 -> learning/rl/robot/results/gate_f9_static_cap_cylinder_cross_seed42000_20260901_072500
The '--headless' CLI argument is deprecated. Omit '--viz' for default headless. If config visualizers are enabled and you want to force headless, use '--viz none'.
WARNING: All log messages before absl::InitializeLog() is called are written to STDERR
E0000 00:00:1788230701.413740   13187 descriptor_database.cc:633] File already exists in database: grpc/health/v1/health.proto
W0000 00:00:1788230701.413770   13187 message.cc:301] Protobuf GeneratedMessageFactory: File is already registered: grpc/health/v1/health.proto
[ISAACLAB] AppLauncher initialization complete
[INFO]: Base environment:
	Environment device    : cuda:0
	Environment seed      : 20260901
	Physics step-size     : 0.008333333333333333
	Rendering step-size   : 0.05
	Environment step-size : 0.05
[INFO]: Registered backend 'physx' for factory Articulation.
[INFO] Robot /World/envs/env_0/Robot/m0609/m0609: 폴리싱 디스크 생성 완료 → /World/envs/env_0/Robot/m0609/m0609/polishing_contact_pad
[INFO]: Registered backend 'physx' for factory ContactSensor.
[INFO]: Time taken for scene creation Last: 0.911223 s, Mean: 0.911223 s, Std: 0.000000 s, N: 1
[INFO]: Scene manager:  <class InteractiveScene>
	Number of environments: 4
	Environment spacing   : 1.6
	Source prim name      : /World/envs/env_0
	Global prim paths     : []
	Replicate physics     : True
[INFO]: Starting the simulation. This may take a few seconds. Please wait...
[INFO]: Simulation parameters for joints in /World/envs/env_.*/Robot:
+--------------------------------------------------------------------------------------------------------------------------------------------------------------------+
|                                                 Simulation Joint Information (Prim path: /World/envs/env_.*/Robot)                                                 |
+-------+-----------+-----------+---------+----------+-----------------+------------------+------------------+---------------------+-----------------+---------------+
| Index | Name      | Stiffness | Damping | Armature | Static Friction | Dynamic Friction | Viscous Friction |   Position Limits   | Velocity Limits | Effort Limits |
+-------+-----------+-----------+---------+----------+-----------------+------------------+------------------+---------------------+-----------------+---------------+
|   0   | joint_1   |  1.0e+04  | 500.000 |  0.000   |      0.000      |      0.000       |      0.000       |   [-6.283, 6.283]   |      2.618      |    9.6e+03    |
|   1   | joint_2   |  1.0e+04  | 500.000 |  0.000   |      0.000      |      0.000       |      0.000       |   [-6.283, 6.283]   |      2.618      |    9.6e+03    |
|   2   | joint_3   |  1.0e+04  | 500.000 |  0.000   |      0.000      |      0.000       |      0.000       |   [-2.618, 2.618]   |      3.142      |    5.4e+03    |
|   3   | joint_4   |  1.0e+04  | 500.000 |  0.000   |      0.000      |      0.000       |      0.000       |   [-6.283, 6.283]   |      3.927      |    2.7e+03    |
|   4   | joint_5   |  1.0e+04  | 500.000 |  0.000   |      0.000      |      0.000       |      0.000       |   [-6.283, 6.283]   |      3.927      |    2.7e+03    |
|   5   | joint_6   |  1.0e+04  | 500.000 |  0.000   |      0.000      |      0.000       |      0.000       |   [-6.283, 6.283]   |      3.927      |    2.7e+03    |
|   6   | pad_joint |  2.0e+03  | 100.000 |  0.000   |      0.000      |      0.000       |      0.000       | [-3.4e+38, 3.4e+38] |     104.720     |    100.000    |
+-------+-----------+-----------+---------+----------+-----------------+------------------+------------------+---------------------+-----------------+---------------+
[INFO]: Time taken for simulation start Last: 0.684157 s, Mean: 0.684157 s, Std: 0.000000 s, N: 1
[INFO]: Completed setting up the environment...
[RobotPolishEnv] robot feed override 5.946 -> 12.700 mm/s (policy range 6.350~19.050 mm/s)
[RobotPolishEnv] v5 M0609+pad coupled | link_6 contact offset=[-0.0025 -0.02    0.0448] m
[FactoryPlanarRoiPolishEnv] Gate C so=0.40 edge=balanced_extend5 direction=cross_xy path=2.100m
[GateF7CurvedObservationEnv] mode=base14 obs_dim=14
[Gate F8] static_cap/cylinder/cross_xy step=1000 complete=2/4
[Gate F8] static_cap/cylinder/cross_xy step=2000 complete=2/4
[Gate F8] static_cap/cylinder/cross_xy step=3000 complete=3/4
[Gate F8] static_cap/cylinder/cross_xy step=4000 complete=3/4
[Gate F8] static_cap/cylinder/cross_xy step=5000 complete=3/4
{
  "all_finite": true,
  "checkpoint": "/home/rokey/cacadaca/learning/rl/robot/releases/gate_e7_seed1_it211_20260831_201801/model_gate_e7_seed1_it211.pt",
  "checkpoint_sha256": "c733763bfebd7fcead01cf2574bbd1621c4660b9347143cccb35e0e83449d052",
  "completed": 4,
  "created_utc": "2026-09-01T02:48:56.342589+00:00",
  "diagnostic_version": "gate_e6_local_window_area_v1",
  "direction_mode": "cross_xy",
  "envs_per_profile": 1,
  "expected": 4,
  "gate": "F8_FORCE_SAFETY",
  "observation_mode": "base14",
  "path": {
    "direction_mode": "cross_xy",
    "edge_mode": "balanced_extend5",
    "lines_per_sweep": 5,
    "path_length_m": 2.1,
    "path_mode": "gate_c",
    "step_over_m": 0.044000000000000004,
    "step_over_ratio": 0.4,
    "sweeps": 2
  },
  "physics_seed": 20260901,
  "policy_seed": 20260831,
  "profiles": [
    "legacy_stress",
    "factory_prepolish",
    "factory_prepolish_deep_defect",
    "factory_prepolish_deep_stress"
  ],
  "saved_iteration": 211,
  "shield_mode": "static_cap",
  "surface_kind": "cylinder",
  "surface_seed_base": 42000,
  "tile_rows": 100,
  "training_performed": false
}
[INFO]: SimulationContext cleared
Loading user config located at: '/home/rokey/isaacsim-6.0.1/kit/data/Kit/IsaacLab/3.0/user.config.json'
2026-09-01T02:45:01Z [0ms] [Warning] [omni.ext.plugin] [ext: isaaclab_visualizers] Extensions config 'extension.toml' doesn't exist '/home/rokey/IsaacLab/source/isaaclab_visualizers' or '/home/rokey/IsaacLab/source/isaaclab_visualizers/config'
2026-09-01T02:45:01Z [373ms] [Warning] [omni.usd_config.extension] Enable omni.materialx.libs extension to use MaterialX
2026-09-01T02:45:05Z [3,898ms] [Warning] [isaaclab_physx.physics.physx_manager] TGS solver with enable_external_forces_every_iteration=False may cause noisy velocities.
2026-09-01T02:45:05Z [4,022ms] [Warning] [omni.usd] Encountered USD Warnings but USD Diagnostics are currently muted. To view USD Warnings, please set the '/persistent/app/usd/muteUsdDiagnostics' setting to false in Preferences page.
2026-09-01T02:45:06Z [5,352ms] [Warning] [usdrt.population.plugin] Last global time was not created. Did you call setEnableUsdNoticeHandling?
[F9 2026-09-01 11:48:56] done  (44/64) learning/rl/robot/results/gate_f9_static_cap_cylinder_cross_seed42000_20260901_072500
[F9 2026-09-01 11:48:56] start (45/64) control/sphere/cross_xy/seed42000 -> learning/rl/robot/results/gate_f9_control_sphere_cross_seed42000_20260901_072500
The '--headless' CLI argument is deprecated. Omit '--viz' for default headless. If config visualizers are enabled and you want to force headless, use '--viz none'.
WARNING: All log messages before absl::InitializeLog() is called are written to STDERR
E0000 00:00:1788230936.913400   13651 descriptor_database.cc:633] File already exists in database: grpc/health/v1/health.proto
W0000 00:00:1788230936.913431   13651 message.cc:301] Protobuf GeneratedMessageFactory: File is already registered: grpc/health/v1/health.proto
[ISAACLAB] AppLauncher initialization complete
[INFO]: Base environment:
	Environment device    : cuda:0
	Environment seed      : 20260901
	Physics step-size     : 0.008333333333333333
	Rendering step-size   : 0.05
	Environment step-size : 0.05
[INFO]: Registered backend 'physx' for factory Articulation.
[INFO] Robot /World/envs/env_0/Robot/m0609/m0609: 폴리싱 디스크 생성 완료 → /World/envs/env_0/Robot/m0609/m0609/polishing_contact_pad
[INFO]: Registered backend 'physx' for factory ContactSensor.
[INFO]: Time taken for scene creation Last: 1.120004 s, Mean: 1.120004 s, Std: 0.000000 s, N: 1
[INFO]: Scene manager:  <class InteractiveScene>
	Number of environments: 4
	Environment spacing   : 1.6
	Source prim name      : /World/envs/env_0
	Global prim paths     : []
	Replicate physics     : True
[INFO]: Starting the simulation. This may take a few seconds. Please wait...
[INFO]: Simulation parameters for joints in /World/envs/env_.*/Robot:
+--------------------------------------------------------------------------------------------------------------------------------------------------------------------+
|                                                 Simulation Joint Information (Prim path: /World/envs/env_.*/Robot)                                                 |
+-------+-----------+-----------+---------+----------+-----------------+------------------+------------------+---------------------+-----------------+---------------+
| Index | Name      | Stiffness | Damping | Armature | Static Friction | Dynamic Friction | Viscous Friction |   Position Limits   | Velocity Limits | Effort Limits |
+-------+-----------+-----------+---------+----------+-----------------+------------------+------------------+---------------------+-----------------+---------------+
|   0   | joint_1   |  1.0e+04  | 500.000 |  0.000   |      0.000      |      0.000       |      0.000       |   [-6.283, 6.283]   |      2.618      |    9.6e+03    |
|   1   | joint_2   |  1.0e+04  | 500.000 |  0.000   |      0.000      |      0.000       |      0.000       |   [-6.283, 6.283]   |      2.618      |    9.6e+03    |
|   2   | joint_3   |  1.0e+04  | 500.000 |  0.000   |      0.000      |      0.000       |      0.000       |   [-2.618, 2.618]   |      3.142      |    5.4e+03    |
|   3   | joint_4   |  1.0e+04  | 500.000 |  0.000   |      0.000      |      0.000       |      0.000       |   [-6.283, 6.283]   |      3.927      |    2.7e+03    |
|   4   | joint_5   |  1.0e+04  | 500.000 |  0.000   |      0.000      |      0.000       |      0.000       |   [-6.283, 6.283]   |      3.927      |    2.7e+03    |
|   5   | joint_6   |  1.0e+04  | 500.000 |  0.000   |      0.000      |      0.000       |      0.000       |   [-6.283, 6.283]   |      3.927      |    2.7e+03    |
|   6   | pad_joint |  2.0e+03  | 100.000 |  0.000   |      0.000      |      0.000       |      0.000       | [-3.4e+38, 3.4e+38] |     104.720     |    100.000    |
+-------+-----------+-----------+---------+----------+-----------------+------------------+------------------+---------------------+-----------------+---------------+
[INFO]: Time taken for simulation start Last: 0.687628 s, Mean: 0.687628 s, Std: 0.000000 s, N: 1
[INFO]: Completed setting up the environment...
[RobotPolishEnv] robot feed override 5.946 -> 12.700 mm/s (policy range 6.350~19.050 mm/s)
[RobotPolishEnv] v5 M0609+pad coupled | link_6 contact offset=[-0.0025 -0.02    0.0448] m
[FactoryPlanarRoiPolishEnv] Gate C so=0.40 edge=balanced_extend5 direction=cross_xy path=2.100m
[GateF7CurvedObservationEnv] mode=base14 obs_dim=14
[Gate F8] control/sphere/cross_xy step=1000 complete=0/4
[Gate F8] control/sphere/cross_xy step=2000 complete=0/4
[Gate F8] control/sphere/cross_xy step=3000 complete=0/4
[Gate F8] control/sphere/cross_xy step=4000 complete=3/4
[Gate F8] control/sphere/cross_xy step=5000 complete=3/4
{
  "all_finite": true,
  "checkpoint": "/home/rokey/cacadaca/learning/rl/robot/releases/gate_e7_seed1_it211_20260831_201801/model_gate_e7_seed1_it211.pt",
  "checkpoint_sha256": "c733763bfebd7fcead01cf2574bbd1621c4660b9347143cccb35e0e83449d052",
  "completed": 4,
  "created_utc": "2026-09-01T02:53:01.777058+00:00",
  "diagnostic_version": "gate_e6_local_window_area_v1",
  "direction_mode": "cross_xy",
  "envs_per_profile": 1,
  "expected": 4,
  "gate": "F8_FORCE_SAFETY",
  "observation_mode": "base14",
  "path": {
    "direction_mode": "cross_xy",
    "edge_mode": "balanced_extend5",
    "lines_per_sweep": 5,
    "path_length_m": 2.1,
    "path_mode": "gate_c",
    "step_over_m": 0.044000000000000004,
    "step_over_ratio": 0.4,
    "sweeps": 2
  },
  "physics_seed": 20260901,
  "policy_seed": 20260831,
  "profiles": [
    "legacy_stress",
    "factory_prepolish",
    "factory_prepolish_deep_defect",
    "factory_prepolish_deep_stress"
  ],
  "saved_iteration": 211,
  "shield_mode": "control",
  "surface_kind": "sphere",
  "surface_seed_base": 42000,
  "tile_rows": 100,
  "training_performed": false
}
[INFO]: SimulationContext cleared
Loading user config located at: '/home/rokey/isaacsim-6.0.1/kit/data/Kit/IsaacLab/3.0/user.config.json'
2026-09-01T02:48:56Z [0ms] [Warning] [omni.ext.plugin] [ext: isaaclab_visualizers] Extensions config 'extension.toml' doesn't exist '/home/rokey/IsaacLab/source/isaaclab_visualizers' or '/home/rokey/IsaacLab/source/isaaclab_visualizers/config'
2026-09-01T02:48:57Z [374ms] [Warning] [omni.usd_config.extension] Enable omni.materialx.libs extension to use MaterialX
2026-09-01T02:49:00Z [3,966ms] [Warning] [isaaclab_physx.physics.physx_manager] TGS solver with enable_external_forces_every_iteration=False may cause noisy velocities.
2026-09-01T02:49:00Z [4,091ms] [Warning] [omni.usd] Encountered USD Warnings but USD Diagnostics are currently muted. To view USD Warnings, please set the '/persistent/app/usd/muteUsdDiagnostics' setting to false in Preferences page.
2026-09-01T02:49:02Z [5,635ms] [Warning] [usdrt.population.plugin] Last global time was not created. Did you call setEnableUsdNoticeHandling?
[F9 2026-09-01 11:53:02] done  (45/64) learning/rl/robot/results/gate_f9_control_sphere_cross_seed42000_20260901_072500
[F9 2026-09-01 11:53:02] start (46/64) static_cap/sphere/cross_xy/seed42000 -> learning/rl/robot/results/gate_f9_static_cap_sphere_cross_seed42000_20260901_072500
The '--headless' CLI argument is deprecated. Omit '--viz' for default headless. If config visualizers are enabled and you want to force headless, use '--viz none'.
WARNING: All log messages before absl::InitializeLog() is called are written to STDERR
E0000 00:00:1788231182.395408   13985 descriptor_database.cc:633] File already exists in database: grpc/health/v1/health.proto
W0000 00:00:1788231182.395441   13985 message.cc:301] Protobuf GeneratedMessageFactory: File is already registered: grpc/health/v1/health.proto
[ISAACLAB] AppLauncher initialization complete
[INFO]: Base environment:
	Environment device    : cuda:0
	Environment seed      : 20260901
	Physics step-size     : 0.008333333333333333
	Rendering step-size   : 0.05
	Environment step-size : 0.05
[INFO]: Registered backend 'physx' for factory Articulation.
[INFO] Robot /World/envs/env_0/Robot/m0609/m0609: 폴리싱 디스크 생성 완료 → /World/envs/env_0/Robot/m0609/m0609/polishing_contact_pad
[INFO]: Registered backend 'physx' for factory ContactSensor.
[INFO]: Time taken for scene creation Last: 1.341031 s, Mean: 1.341031 s, Std: 0.000000 s, N: 1
[INFO]: Scene manager:  <class InteractiveScene>
	Number of environments: 4
	Environment spacing   : 1.6
	Source prim name      : /World/envs/env_0
	Global prim paths     : []
	Replicate physics     : True
[INFO]: Starting the simulation. This may take a few seconds. Please wait...
[INFO]: Simulation parameters for joints in /World/envs/env_.*/Robot:
+--------------------------------------------------------------------------------------------------------------------------------------------------------------------+
|                                                 Simulation Joint Information (Prim path: /World/envs/env_.*/Robot)                                                 |
+-------+-----------+-----------+---------+----------+-----------------+------------------+------------------+---------------------+-----------------+---------------+
| Index | Name      | Stiffness | Damping | Armature | Static Friction | Dynamic Friction | Viscous Friction |   Position Limits   | Velocity Limits | Effort Limits |
+-------+-----------+-----------+---------+----------+-----------------+------------------+------------------+---------------------+-----------------+---------------+
|   0   | joint_1   |  1.0e+04  | 500.000 |  0.000   |      0.000      |      0.000       |      0.000       |   [-6.283, 6.283]   |      2.618      |    9.6e+03    |
|   1   | joint_2   |  1.0e+04  | 500.000 |  0.000   |      0.000      |      0.000       |      0.000       |   [-6.283, 6.283]   |      2.618      |    9.6e+03    |
|   2   | joint_3   |  1.0e+04  | 500.000 |  0.000   |      0.000      |      0.000       |      0.000       |   [-2.618, 2.618]   |      3.142      |    5.4e+03    |
|   3   | joint_4   |  1.0e+04  | 500.000 |  0.000   |      0.000      |      0.000       |      0.000       |   [-6.283, 6.283]   |      3.927      |    2.7e+03    |
|   4   | joint_5   |  1.0e+04  | 500.000 |  0.000   |      0.000      |      0.000       |      0.000       |   [-6.283, 6.283]   |      3.927      |    2.7e+03    |
|   5   | joint_6   |  1.0e+04  | 500.000 |  0.000   |      0.000      |      0.000       |      0.000       |   [-6.283, 6.283]   |      3.927      |    2.7e+03    |
|   6   | pad_joint |  2.0e+03  | 100.000 |  0.000   |      0.000      |      0.000       |      0.000       | [-3.4e+38, 3.4e+38] |     104.720     |    100.000    |
+-------+-----------+-----------+---------+----------+-----------------+------------------+------------------+---------------------+-----------------+---------------+
[INFO]: Time taken for simulation start Last: 0.763279 s, Mean: 0.763279 s, Std: 0.000000 s, N: 1
[INFO]: Completed setting up the environment...
[RobotPolishEnv] robot feed override 5.946 -> 12.700 mm/s (policy range 6.350~19.050 mm/s)
[RobotPolishEnv] v5 M0609+pad coupled | link_6 contact offset=[-0.0025 -0.02    0.0448] m
[FactoryPlanarRoiPolishEnv] Gate C so=0.40 edge=balanced_extend5 direction=cross_xy path=2.100m
[GateF7CurvedObservationEnv] mode=base14 obs_dim=14
[Gate F8] static_cap/sphere/cross_xy step=1000 complete=0/4
[Gate F8] static_cap/sphere/cross_xy step=2000 complete=0/4
[Gate F8] static_cap/sphere/cross_xy step=3000 complete=1/4
[Gate F8] static_cap/sphere/cross_xy step=4000 complete=3/4
[Gate F8] static_cap/sphere/cross_xy step=5000 complete=3/4
{
  "all_finite": true,
  "checkpoint": "/home/rokey/cacadaca/learning/rl/robot/releases/gate_e7_seed1_it211_20260831_201801/model_gate_e7_seed1_it211.pt",
  "checkpoint_sha256": "c733763bfebd7fcead01cf2574bbd1621c4660b9347143cccb35e0e83449d052",
  "completed": 4,
  "created_utc": "2026-09-01T02:57:27.954955+00:00",
  "diagnostic_version": "gate_e6_local_window_area_v1",
  "direction_mode": "cross_xy",
  "envs_per_profile": 1,
  "expected": 4,
  "gate": "F8_FORCE_SAFETY",
  "observation_mode": "base14",
  "path": {
    "direction_mode": "cross_xy",
    "edge_mode": "balanced_extend5",
    "lines_per_sweep": 5,
    "path_length_m": 2.1,
    "path_mode": "gate_c",
    "step_over_m": 0.044000000000000004,
    "step_over_ratio": 0.4,
    "sweeps": 2
  },
  "physics_seed": 20260901,
  "policy_seed": 20260831,
  "profiles": [
    "legacy_stress",
    "factory_prepolish",
    "factory_prepolish_deep_defect",
    "factory_prepolish_deep_stress"
  ],
  "saved_iteration": 211,
  "shield_mode": "static_cap",
  "surface_kind": "sphere",
  "surface_seed_base": 42000,
  "tile_rows": 100,
  "training_performed": false
}
[INFO]: SimulationContext cleared
Loading user config located at: '/home/rokey/isaacsim-6.0.1/kit/data/Kit/IsaacLab/3.0/user.config.json'
2026-09-01T02:53:02Z [0ms] [Warning] [omni.ext.plugin] [ext: isaaclab_visualizers] Extensions config 'extension.toml' doesn't exist '/home/rokey/IsaacLab/source/isaaclab_visualizers' or '/home/rokey/IsaacLab/source/isaaclab_visualizers/config'
2026-09-01T02:53:02Z [407ms] [Warning] [omni.usd_config.extension] Enable omni.materialx.libs extension to use MaterialX
2026-09-01T02:53:06Z [4,231ms] [Warning] [isaaclab_physx.physics.physx_manager] TGS solver with enable_external_forces_every_iteration=False may cause noisy velocities.
2026-09-01T02:53:06Z [4,355ms] [Warning] [omni.usd] Encountered USD Warnings but USD Diagnostics are currently muted. To view USD Warnings, please set the '/persistent/app/usd/muteUsdDiagnostics' setting to false in Preferences page.
2026-09-01T02:53:08Z [6,190ms] [Warning] [usdrt.population.plugin] Last global time was not created. Did you call setEnableUsdNoticeHandling?
[F9 2026-09-01 11:57:28] done  (46/64) learning/rl/robot/results/gate_f9_static_cap_sphere_cross_seed42000_20260901_072500
[F9 2026-09-01 11:57:28] start (47/64) control/freeform/cross_xy/seed42000 -> learning/rl/robot/results/gate_f9_control_freeform_cross_seed42000_20260901_072500
The '--headless' CLI argument is deprecated. Omit '--viz' for default headless. If config visualizers are enabled and you want to force headless, use '--viz none'.
WARNING: All log messages before absl::InitializeLog() is called are written to STDERR
E0000 00:00:1788231448.508062   14271 descriptor_database.cc:633] File already exists in database: grpc/health/v1/health.proto
W0000 00:00:1788231448.508093   14271 message.cc:301] Protobuf GeneratedMessageFactory: File is already registered: grpc/health/v1/health.proto
[ISAACLAB] AppLauncher initialization complete
[INFO]: Base environment:
	Environment device    : cuda:0
	Environment seed      : 20260901
	Physics step-size     : 0.008333333333333333
	Rendering step-size   : 0.05
	Environment step-size : 0.05
[INFO]: Registered backend 'physx' for factory Articulation.
[INFO] Robot /World/envs/env_0/Robot/m0609/m0609: 폴리싱 디스크 생성 완료 → /World/envs/env_0/Robot/m0609/m0609/polishing_contact_pad
[INFO]: Registered backend 'physx' for factory ContactSensor.
[INFO]: Time taken for scene creation Last: 1.125129 s, Mean: 1.125129 s, Std: 0.000000 s, N: 1
[INFO]: Scene manager:  <class InteractiveScene>
	Number of environments: 4
	Environment spacing   : 1.6
	Source prim name      : /World/envs/env_0
	Global prim paths     : []
	Replicate physics     : True
[INFO]: Starting the simulation. This may take a few seconds. Please wait...
[INFO]: Simulation parameters for joints in /World/envs/env_.*/Robot:
+--------------------------------------------------------------------------------------------------------------------------------------------------------------------+
|                                                 Simulation Joint Information (Prim path: /World/envs/env_.*/Robot)                                                 |
+-------+-----------+-----------+---------+----------+-----------------+------------------+------------------+---------------------+-----------------+---------------+
| Index | Name      | Stiffness | Damping | Armature | Static Friction | Dynamic Friction | Viscous Friction |   Position Limits   | Velocity Limits | Effort Limits |
+-------+-----------+-----------+---------+----------+-----------------+------------------+------------------+---------------------+-----------------+---------------+
|   0   | joint_1   |  1.0e+04  | 500.000 |  0.000   |      0.000      |      0.000       |      0.000       |   [-6.283, 6.283]   |      2.618      |    9.6e+03    |
|   1   | joint_2   |  1.0e+04  | 500.000 |  0.000   |      0.000      |      0.000       |      0.000       |   [-6.283, 6.283]   |      2.618      |    9.6e+03    |
|   2   | joint_3   |  1.0e+04  | 500.000 |  0.000   |      0.000      |      0.000       |      0.000       |   [-2.618, 2.618]   |      3.142      |    5.4e+03    |
|   3   | joint_4   |  1.0e+04  | 500.000 |  0.000   |      0.000      |      0.000       |      0.000       |   [-6.283, 6.283]   |      3.927      |    2.7e+03    |
|   4   | joint_5   |  1.0e+04  | 500.000 |  0.000   |      0.000      |      0.000       |      0.000       |   [-6.283, 6.283]   |      3.927      |    2.7e+03    |
|   5   | joint_6   |  1.0e+04  | 500.000 |  0.000   |      0.000      |      0.000       |      0.000       |   [-6.283, 6.283]   |      3.927      |    2.7e+03    |
|   6   | pad_joint |  2.0e+03  | 100.000 |  0.000   |      0.000      |      0.000       |      0.000       | [-3.4e+38, 3.4e+38] |     104.720     |    100.000    |
+-------+-----------+-----------+---------+----------+-----------------+------------------+------------------+---------------------+-----------------+---------------+
[INFO]: Time taken for simulation start Last: 0.708320 s, Mean: 0.708320 s, Std: 0.000000 s, N: 1
[INFO]: Completed setting up the environment...
[RobotPolishEnv] robot feed override 5.946 -> 12.700 mm/s (policy range 6.350~19.050 mm/s)
[RobotPolishEnv] v5 M0609+pad coupled | link_6 contact offset=[-0.0025 -0.02    0.0448] m
[FactoryPlanarRoiPolishEnv] Gate C so=0.40 edge=balanced_extend5 direction=cross_xy path=2.100m
[GateF7CurvedObservationEnv] mode=base14 obs_dim=14
[Gate F8] control/freeform/cross_xy step=1000 complete=0/4
[Gate F8] control/freeform/cross_xy step=2000 complete=0/4
[Gate F8] control/freeform/cross_xy step=3000 complete=0/4
[Gate F8] control/freeform/cross_xy step=4000 complete=3/4
[Gate F8] control/freeform/cross_xy step=5000 complete=3/4
{
  "all_finite": true,
  "checkpoint": "/home/rokey/cacadaca/learning/rl/robot/releases/gate_e7_seed1_it211_20260831_201801/model_gate_e7_seed1_it211.pt",
  "checkpoint_sha256": "c733763bfebd7fcead01cf2574bbd1621c4660b9347143cccb35e0e83449d052",
  "completed": 4,
  "created_utc": "2026-09-01T03:01:58.031317+00:00",
  "diagnostic_version": "gate_e6_local_window_area_v1",
  "direction_mode": "cross_xy",
  "envs_per_profile": 1,
  "expected": 4,
  "gate": "F8_FORCE_SAFETY",
  "observation_mode": "base14",
  "path": {
    "direction_mode": "cross_xy",
    "edge_mode": "balanced_extend5",
    "lines_per_sweep": 5,
    "path_length_m": 2.1,
    "path_mode": "gate_c",
    "step_over_m": 0.044000000000000004,
    "step_over_ratio": 0.4,
    "sweeps": 2
  },
  "physics_seed": 20260901,
  "policy_seed": 20260831,
  "profiles": [
    "legacy_stress",
    "factory_prepolish",
    "factory_prepolish_deep_defect",
    "factory_prepolish_deep_stress"
  ],
  "saved_iteration": 211,
  "shield_mode": "control",
  "surface_kind": "freeform",
  "surface_seed_base": 42000,
  "tile_rows": 100,
  "training_performed": false
}
[INFO]: SimulationContext cleared
Loading user config located at: '/home/rokey/isaacsim-6.0.1/kit/data/Kit/IsaacLab/3.0/user.config.json'
2026-09-01T02:57:28Z [0ms] [Warning] [omni.ext.plugin] [ext: isaaclab_visualizers] Extensions config 'extension.toml' doesn't exist '/home/rokey/IsaacLab/source/isaaclab_visualizers' or '/home/rokey/IsaacLab/source/isaaclab_visualizers/config'
2026-09-01T02:57:28Z [388ms] [Warning] [omni.usd_config.extension] Enable omni.materialx.libs extension to use MaterialX
2026-09-01T02:57:32Z [4,073ms] [Warning] [isaaclab_physx.physics.physx_manager] TGS solver with enable_external_forces_every_iteration=False may cause noisy velocities.
2026-09-01T02:57:32Z [4,211ms] [Warning] [omni.usd] Encountered USD Warnings but USD Diagnostics are currently muted. To view USD Warnings, please set the '/persistent/app/usd/muteUsdDiagnostics' setting to false in Preferences page.
2026-09-01T02:57:34Z [5,753ms] [Warning] [usdrt.population.plugin] Last global time was not created. Did you call setEnableUsdNoticeHandling?
[F9 2026-09-01 12:01:58] done  (47/64) learning/rl/robot/results/gate_f9_control_freeform_cross_seed42000_20260901_072500
[F9 2026-09-01 12:01:58] start (48/64) static_cap/freeform/cross_xy/seed42000 -> learning/rl/robot/results/gate_f9_static_cap_freeform_cross_seed42000_20260901_072500
The '--headless' CLI argument is deprecated. Omit '--viz' for default headless. If config visualizers are enabled and you want to force headless, use '--viz none'.
WARNING: All log messages before absl::InitializeLog() is called are written to STDERR
E0000 00:00:1788231718.637246   14667 descriptor_database.cc:633] File already exists in database: grpc/health/v1/health.proto
W0000 00:00:1788231718.637275   14667 message.cc:301] Protobuf GeneratedMessageFactory: File is already registered: grpc/health/v1/health.proto
[ISAACLAB] AppLauncher initialization complete
[INFO]: Base environment:
	Environment device    : cuda:0
	Environment seed      : 20260901
	Physics step-size     : 0.008333333333333333
	Rendering step-size   : 0.05
	Environment step-size : 0.05
[INFO]: Registered backend 'physx' for factory Articulation.
[INFO] Robot /World/envs/env_0/Robot/m0609/m0609: 폴리싱 디스크 생성 완료 → /World/envs/env_0/Robot/m0609/m0609/polishing_contact_pad
[INFO]: Registered backend 'physx' for factory ContactSensor.
[INFO]: Time taken for scene creation Last: 1.091307 s, Mean: 1.091307 s, Std: 0.000000 s, N: 1
[INFO]: Scene manager:  <class InteractiveScene>
	Number of environments: 4
	Environment spacing   : 1.6
	Source prim name      : /World/envs/env_0
	Global prim paths     : []
	Replicate physics     : True
[INFO]: Starting the simulation. This may take a few seconds. Please wait...
[INFO]: Simulation parameters for joints in /World/envs/env_.*/Robot:
+--------------------------------------------------------------------------------------------------------------------------------------------------------------------+
|                                                 Simulation Joint Information (Prim path: /World/envs/env_.*/Robot)                                                 |
+-------+-----------+-----------+---------+----------+-----------------+------------------+------------------+---------------------+-----------------+---------------+
| Index | Name      | Stiffness | Damping | Armature | Static Friction | Dynamic Friction | Viscous Friction |   Position Limits   | Velocity Limits | Effort Limits |
+-------+-----------+-----------+---------+----------+-----------------+------------------+------------------+---------------------+-----------------+---------------+
|   0   | joint_1   |  1.0e+04  | 500.000 |  0.000   |      0.000      |      0.000       |      0.000       |   [-6.283, 6.283]   |      2.618      |    9.6e+03    |
|   1   | joint_2   |  1.0e+04  | 500.000 |  0.000   |      0.000      |      0.000       |      0.000       |   [-6.283, 6.283]   |      2.618      |    9.6e+03    |
|   2   | joint_3   |  1.0e+04  | 500.000 |  0.000   |      0.000      |      0.000       |      0.000       |   [-2.618, 2.618]   |      3.142      |    5.4e+03    |
|   3   | joint_4   |  1.0e+04  | 500.000 |  0.000   |      0.000      |      0.000       |      0.000       |   [-6.283, 6.283]   |      3.927      |    2.7e+03    |
|   4   | joint_5   |  1.0e+04  | 500.000 |  0.000   |      0.000      |      0.000       |      0.000       |   [-6.283, 6.283]   |      3.927      |    2.7e+03    |
|   5   | joint_6   |  1.0e+04  | 500.000 |  0.000   |      0.000      |      0.000       |      0.000       |   [-6.283, 6.283]   |      3.927      |    2.7e+03    |
|   6   | pad_joint |  2.0e+03  | 100.000 |  0.000   |      0.000      |      0.000       |      0.000       | [-3.4e+38, 3.4e+38] |     104.720     |    100.000    |
+-------+-----------+-----------+---------+----------+-----------------+------------------+------------------+---------------------+-----------------+---------------+
[INFO]: Time taken for simulation start Last: 0.691166 s, Mean: 0.691166 s, Std: 0.000000 s, N: 1
[INFO]: Completed setting up the environment...
[RobotPolishEnv] robot feed override 5.946 -> 12.700 mm/s (policy range 6.350~19.050 mm/s)
[RobotPolishEnv] v5 M0609+pad coupled | link_6 contact offset=[-0.0025 -0.02    0.0448] m
[FactoryPlanarRoiPolishEnv] Gate C so=0.40 edge=balanced_extend5 direction=cross_xy path=2.100m
[GateF7CurvedObservationEnv] mode=base14 obs_dim=14
[Gate F8] static_cap/freeform/cross_xy step=1000 complete=0/4
[Gate F8] static_cap/freeform/cross_xy step=2000 complete=0/4
[Gate F8] static_cap/freeform/cross_xy step=3000 complete=0/4
[Gate F8] static_cap/freeform/cross_xy step=4000 complete=3/4
[Gate F8] static_cap/freeform/cross_xy step=5000 complete=3/4
{
  "all_finite": true,
  "checkpoint": "/home/rokey/cacadaca/learning/rl/robot/releases/gate_e7_seed1_it211_20260831_201801/model_gate_e7_seed1_it211.pt",
  "checkpoint_sha256": "c733763bfebd7fcead01cf2574bbd1621c4660b9347143cccb35e0e83449d052",
  "completed": 4,
  "created_utc": "2026-09-01T03:06:27.087866+00:00",
  "diagnostic_version": "gate_e6_local_window_area_v1",
  "direction_mode": "cross_xy",
  "envs_per_profile": 1,
  "expected": 4,
  "gate": "F8_FORCE_SAFETY",
  "observation_mode": "base14",
  "path": {
    "direction_mode": "cross_xy",
    "edge_mode": "balanced_extend5",
    "lines_per_sweep": 5,
    "path_length_m": 2.1,
    "path_mode": "gate_c",
    "step_over_m": 0.044000000000000004,
    "step_over_ratio": 0.4,
    "sweeps": 2
  },
  "physics_seed": 20260901,
  "policy_seed": 20260831,
  "profiles": [
    "legacy_stress",
    "factory_prepolish",
    "factory_prepolish_deep_defect",
    "factory_prepolish_deep_stress"
  ],
  "saved_iteration": 211,
  "shield_mode": "static_cap",
  "surface_kind": "freeform",
  "surface_seed_base": 42000,
  "tile_rows": 100,
  "training_performed": false
}
[INFO]: SimulationContext cleared
Loading user config located at: '/home/rokey/isaacsim-6.0.1/kit/data/Kit/IsaacLab/3.0/user.config.json'
2026-09-01T03:01:58Z [0ms] [Warning] [omni.ext.plugin] [ext: isaaclab_visualizers] Extensions config 'extension.toml' doesn't exist '/home/rokey/IsaacLab/source/isaaclab_visualizers' or '/home/rokey/IsaacLab/source/isaaclab_visualizers/config'
2026-09-01T03:01:58Z [370ms] [Warning] [omni.usd_config.extension] Enable omni.materialx.libs extension to use MaterialX
2026-09-01T03:02:02Z [3,910ms] [Warning] [isaaclab_physx.physics.physx_manager] TGS solver with enable_external_forces_every_iteration=False may cause noisy velocities.
2026-09-01T03:02:02Z [4,034ms] [Warning] [omni.usd] Encountered USD Warnings but USD Diagnostics are currently muted. To view USD Warnings, please set the '/persistent/app/usd/muteUsdDiagnostics' setting to false in Preferences page.
2026-09-01T03:02:04Z [5,547ms] [Warning] [usdrt.population.plugin] Last global time was not created. Did you call setEnableUsdNoticeHandling?
[F9 2026-09-01 12:06:27] done  (48/64) learning/rl/robot/results/gate_f9_static_cap_freeform_cross_seed42000_20260901_072500
[F9 2026-09-01 12:06:27] start (49/64) control/flat/same_xx/seed43000 -> learning/rl/robot/results/gate_f9_control_flat_same_seed43000_20260901_072500
The '--headless' CLI argument is deprecated. Omit '--viz' for default headless. If config visualizers are enabled and you want to force headless, use '--viz none'.
WARNING: All log messages before absl::InitializeLog() is called are written to STDERR
E0000 00:00:1788231987.665885   15155 descriptor_database.cc:633] File already exists in database: grpc/health/v1/health.proto
W0000 00:00:1788231987.665915   15155 message.cc:301] Protobuf GeneratedMessageFactory: File is already registered: grpc/health/v1/health.proto
[ISAACLAB] AppLauncher initialization complete
[INFO]: Base environment:
	Environment device    : cuda:0
	Environment seed      : 20260901
	Physics step-size     : 0.008333333333333333
	Rendering step-size   : 0.05
	Environment step-size : 0.05
[INFO]: Registered backend 'physx' for factory Articulation.
[INFO] Robot /World/envs/env_0/Robot/m0609/m0609: 폴리싱 디스크 생성 완료 → /World/envs/env_0/Robot/m0609/m0609/polishing_contact_pad
[INFO]: Registered backend 'physx' for factory ContactSensor.
[INFO]: Time taken for scene creation Last: 1.169526 s, Mean: 1.169526 s, Std: 0.000000 s, N: 1
[INFO]: Scene manager:  <class InteractiveScene>
	Number of environments: 4
	Environment spacing   : 1.6
	Source prim name      : /World/envs/env_0
	Global prim paths     : []
	Replicate physics     : True
[INFO]: Starting the simulation. This may take a few seconds. Please wait...
[INFO]: Simulation parameters for joints in /World/envs/env_.*/Robot:
+--------------------------------------------------------------------------------------------------------------------------------------------------------------------+
|                                                 Simulation Joint Information (Prim path: /World/envs/env_.*/Robot)                                                 |
+-------+-----------+-----------+---------+----------+-----------------+------------------+------------------+---------------------+-----------------+---------------+
| Index | Name      | Stiffness | Damping | Armature | Static Friction | Dynamic Friction | Viscous Friction |   Position Limits   | Velocity Limits | Effort Limits |
+-------+-----------+-----------+---------+----------+-----------------+------------------+------------------+---------------------+-----------------+---------------+
|   0   | joint_1   |  1.0e+04  | 500.000 |  0.000   |      0.000      |      0.000       |      0.000       |   [-6.283, 6.283]   |      2.618      |    9.6e+03    |
|   1   | joint_2   |  1.0e+04  | 500.000 |  0.000   |      0.000      |      0.000       |      0.000       |   [-6.283, 6.283]   |      2.618      |    9.6e+03    |
|   2   | joint_3   |  1.0e+04  | 500.000 |  0.000   |      0.000      |      0.000       |      0.000       |   [-2.618, 2.618]   |      3.142      |    5.4e+03    |
|   3   | joint_4   |  1.0e+04  | 500.000 |  0.000   |      0.000      |      0.000       |      0.000       |   [-6.283, 6.283]   |      3.927      |    2.7e+03    |
|   4   | joint_5   |  1.0e+04  | 500.000 |  0.000   |      0.000      |      0.000       |      0.000       |   [-6.283, 6.283]   |      3.927      |    2.7e+03    |
|   5   | joint_6   |  1.0e+04  | 500.000 |  0.000   |      0.000      |      0.000       |      0.000       |   [-6.283, 6.283]   |      3.927      |    2.7e+03    |
|   6   | pad_joint |  2.0e+03  | 100.000 |  0.000   |      0.000      |      0.000       |      0.000       | [-3.4e+38, 3.4e+38] |     104.720     |    100.000    |
+-------+-----------+-----------+---------+----------+-----------------+------------------+------------------+---------------------+-----------------+---------------+
[INFO]: Time taken for simulation start Last: 0.690525 s, Mean: 0.690525 s, Std: 0.000000 s, N: 1
[INFO]: Completed setting up the environment...
[RobotPolishEnv] robot feed override 5.946 -> 12.700 mm/s (policy range 6.350~19.050 mm/s)
[RobotPolishEnv] v5 M0609+pad coupled | link_6 contact offset=[-0.0025 -0.02    0.0448] m
[FactoryPlanarRoiPolishEnv] Gate C so=0.40 edge=balanced_extend5 direction=same_xx path=2.100m
[GateF7CurvedObservationEnv] mode=base14 obs_dim=14
[Gate F8] control/flat/same_xx step=1000 complete=0/4
[Gate F8] control/flat/same_xx step=2000 complete=0/4
[Gate F8] control/flat/same_xx step=3000 complete=0/4
[Gate F8] control/flat/same_xx step=4000 complete=3/4
[Gate F8] control/flat/same_xx step=5000 complete=3/4
[Gate F8] control/flat/same_xx step=6000 complete=3/4
{
  "all_finite": true,
  "checkpoint": "/home/rokey/cacadaca/learning/rl/robot/releases/gate_e7_seed1_it211_20260831_201801/model_gate_e7_seed1_it211.pt",
  "checkpoint_sha256": "c733763bfebd7fcead01cf2574bbd1621c4660b9347143cccb35e0e83449d052",
  "completed": 4,
  "created_utc": "2026-09-01T03:11:00.923110+00:00",
  "diagnostic_version": "gate_e6_local_window_area_v1",
  "direction_mode": "same_xx",
  "envs_per_profile": 1,
  "expected": 4,
  "gate": "F8_FORCE_SAFETY",
  "observation_mode": "base14",
  "path": {
    "direction_mode": "same_xx",
    "edge_mode": "balanced_extend5",
    "lines_per_sweep": 5,
    "path_length_m": 2.1,
    "path_mode": "gate_c",
    "step_over_m": 0.044000000000000004,
    "step_over_ratio": 0.4,
    "sweeps": 2
  },
  "physics_seed": 20260901,
  "policy_seed": 20260831,
  "profiles": [
    "legacy_stress",
    "factory_prepolish",
    "factory_prepolish_deep_defect",
    "factory_prepolish_deep_stress"
  ],
  "saved_iteration": 211,
  "shield_mode": "control",
  "surface_kind": "flat",
  "surface_seed_base": 43000,
  "tile_rows": 100,
  "training_performed": false
}
[INFO]: SimulationContext cleared
Loading user config located at: '/home/rokey/isaacsim-6.0.1/kit/data/Kit/IsaacLab/3.0/user.config.json'
2026-09-01T03:06:27Z [0ms] [Warning] [omni.ext.plugin] [ext: isaaclab_visualizers] Extensions config 'extension.toml' doesn't exist '/home/rokey/IsaacLab/source/isaaclab_visualizers' or '/home/rokey/IsaacLab/source/isaaclab_visualizers/config'
2026-09-01T03:06:27Z [375ms] [Warning] [omni.usd_config.extension] Enable omni.materialx.libs extension to use MaterialX
2026-09-01T03:06:31Z [3,921ms] [Warning] [isaaclab_physx.physics.physx_manager] TGS solver with enable_external_forces_every_iteration=False may cause noisy velocities.
2026-09-01T03:06:31Z [4,035ms] [Warning] [omni.usd] Encountered USD Warnings but USD Diagnostics are currently muted. To view USD Warnings, please set the '/persistent/app/usd/muteUsdDiagnostics' setting to false in Preferences page.
2026-09-01T03:06:33Z [5,638ms] [Warning] [usdrt.population.plugin] Last global time was not created. Did you call setEnableUsdNoticeHandling?
[F9 2026-09-01 12:11:01] done  (49/64) learning/rl/robot/results/gate_f9_control_flat_same_seed43000_20260901_072500
[F9 2026-09-01 12:11:01] start (50/64) static_cap/flat/same_xx/seed43000 -> learning/rl/robot/results/gate_f9_static_cap_flat_same_seed43000_20260901_072500
The '--headless' CLI argument is deprecated. Omit '--viz' for default headless. If config visualizers are enabled and you want to force headless, use '--viz none'.
WARNING: All log messages before absl::InitializeLog() is called are written to STDERR
E0000 00:00:1788232261.593442   15555 descriptor_database.cc:633] File already exists in database: grpc/health/v1/health.proto
W0000 00:00:1788232261.593481   15555 message.cc:301] Protobuf GeneratedMessageFactory: File is already registered: grpc/health/v1/health.proto
[ISAACLAB] AppLauncher initialization complete
[INFO]: Base environment:
	Environment device    : cuda:0
	Environment seed      : 20260901
	Physics step-size     : 0.008333333333333333
	Rendering step-size   : 0.05
	Environment step-size : 0.05
[INFO]: Registered backend 'physx' for factory Articulation.
[INFO] Robot /World/envs/env_0/Robot/m0609/m0609: 폴리싱 디스크 생성 완료 → /World/envs/env_0/Robot/m0609/m0609/polishing_contact_pad
[INFO]: Registered backend 'physx' for factory ContactSensor.
[INFO]: Time taken for scene creation Last: 0.977333 s, Mean: 0.977333 s, Std: 0.000000 s, N: 1
[INFO]: Scene manager:  <class InteractiveScene>
	Number of environments: 4
	Environment spacing   : 1.6
	Source prim name      : /World/envs/env_0
	Global prim paths     : []
	Replicate physics     : True
[INFO]: Starting the simulation. This may take a few seconds. Please wait...
[INFO]: Simulation parameters for joints in /World/envs/env_.*/Robot:
+--------------------------------------------------------------------------------------------------------------------------------------------------------------------+
|                                                 Simulation Joint Information (Prim path: /World/envs/env_.*/Robot)                                                 |
+-------+-----------+-----------+---------+----------+-----------------+------------------+------------------+---------------------+-----------------+---------------+
| Index | Name      | Stiffness | Damping | Armature | Static Friction | Dynamic Friction | Viscous Friction |   Position Limits   | Velocity Limits | Effort Limits |
+-------+-----------+-----------+---------+----------+-----------------+------------------+------------------+---------------------+-----------------+---------------+
|   0   | joint_1   |  1.0e+04  | 500.000 |  0.000   |      0.000      |      0.000       |      0.000       |   [-6.283, 6.283]   |      2.618      |    9.6e+03    |
|   1   | joint_2   |  1.0e+04  | 500.000 |  0.000   |      0.000      |      0.000       |      0.000       |   [-6.283, 6.283]   |      2.618      |    9.6e+03    |
|   2   | joint_3   |  1.0e+04  | 500.000 |  0.000   |      0.000      |      0.000       |      0.000       |   [-2.618, 2.618]   |      3.142      |    5.4e+03    |
|   3   | joint_4   |  1.0e+04  | 500.000 |  0.000   |      0.000      |      0.000       |      0.000       |   [-6.283, 6.283]   |      3.927      |    2.7e+03    |
|   4   | joint_5   |  1.0e+04  | 500.000 |  0.000   |      0.000      |      0.000       |      0.000       |   [-6.283, 6.283]   |      3.927      |    2.7e+03    |
|   5   | joint_6   |  1.0e+04  | 500.000 |  0.000   |      0.000      |      0.000       |      0.000       |   [-6.283, 6.283]   |      3.927      |    2.7e+03    |
|   6   | pad_joint |  2.0e+03  | 100.000 |  0.000   |      0.000      |      0.000       |      0.000       | [-3.4e+38, 3.4e+38] |     104.720     |    100.000    |
+-------+-----------+-----------+---------+----------+-----------------+------------------+------------------+---------------------+-----------------+---------------+
[INFO]: Time taken for simulation start Last: 0.761417 s, Mean: 0.761417 s, Std: 0.000000 s, N: 1
[INFO]: Completed setting up the environment...
[RobotPolishEnv] robot feed override 5.946 -> 12.700 mm/s (policy range 6.350~19.050 mm/s)
[RobotPolishEnv] v5 M0609+pad coupled | link_6 contact offset=[-0.0025 -0.02    0.0448] m
[FactoryPlanarRoiPolishEnv] Gate C so=0.40 edge=balanced_extend5 direction=same_xx path=2.100m
[GateF7CurvedObservationEnv] mode=base14 obs_dim=14
[Gate F8] static_cap/flat/same_xx step=1000 complete=0/4
[Gate F8] static_cap/flat/same_xx step=2000 complete=0/4
[Gate F8] static_cap/flat/same_xx step=3000 complete=0/4
[Gate F8] static_cap/flat/same_xx step=4000 complete=3/4
[Gate F8] static_cap/flat/same_xx step=5000 complete=3/4
[Gate F8] static_cap/flat/same_xx step=6000 complete=3/4
{
  "all_finite": true,
  "checkpoint": "/home/rokey/cacadaca/learning/rl/robot/releases/gate_e7_seed1_it211_20260831_201801/model_gate_e7_seed1_it211.pt",
  "checkpoint_sha256": "c733763bfebd7fcead01cf2574bbd1621c4660b9347143cccb35e0e83449d052",
  "completed": 4,
  "created_utc": "2026-09-01T03:15:58.485934+00:00",
  "diagnostic_version": "gate_e6_local_window_area_v1",
  "direction_mode": "same_xx",
  "envs_per_profile": 1,
  "expected": 4,
  "gate": "F8_FORCE_SAFETY",
  "observation_mode": "base14",
  "path": {
    "direction_mode": "same_xx",
    "edge_mode": "balanced_extend5",
    "lines_per_sweep": 5,
    "path_length_m": 2.1,
    "path_mode": "gate_c",
    "step_over_m": 0.044000000000000004,
    "step_over_ratio": 0.4,
    "sweeps": 2
  },
  "physics_seed": 20260901,
  "policy_seed": 20260831,
  "profiles": [
    "legacy_stress",
    "factory_prepolish",
    "factory_prepolish_deep_defect",
    "factory_prepolish_deep_stress"
  ],
  "saved_iteration": 211,
  "shield_mode": "static_cap",
  "surface_kind": "flat",
  "surface_seed_base": 43000,
  "tile_rows": 100,
  "training_performed": false
}
[INFO]: SimulationContext cleared
Loading user config located at: '/home/rokey/isaacsim-6.0.1/kit/data/Kit/IsaacLab/3.0/user.config.json'
2026-09-01T03:11:01Z [0ms] [Warning] [omni.ext.plugin] [ext: isaaclab_visualizers] Extensions config 'extension.toml' doesn't exist '/home/rokey/IsaacLab/source/isaaclab_visualizers' or '/home/rokey/IsaacLab/source/isaaclab_visualizers/config'
2026-09-01T03:11:01Z [413ms] [Warning] [omni.usd_config.extension] Enable omni.materialx.libs extension to use MaterialX
2026-09-01T03:11:05Z [4,323ms] [Warning] [isaaclab_physx.physics.physx_manager] TGS solver with enable_external_forces_every_iteration=False may cause noisy velocities.
2026-09-01T03:11:05Z [4,446ms] [Warning] [omni.usd] Encountered USD Warnings but USD Diagnostics are currently muted. To view USD Warnings, please set the '/persistent/app/usd/muteUsdDiagnostics' setting to false in Preferences page.
2026-09-01T03:11:07Z [5,915ms] [Warning] [usdrt.population.plugin] Last global time was not created. Did you call setEnableUsdNoticeHandling?
[F9 2026-09-01 12:15:58] done  (50/64) learning/rl/robot/results/gate_f9_static_cap_flat_same_seed43000_20260901_072500
[F9 2026-09-01 12:15:58] start (51/64) control/cylinder/same_xx/seed43000 -> learning/rl/robot/results/gate_f9_control_cylinder_same_seed43000_20260901_072500
The '--headless' CLI argument is deprecated. Omit '--viz' for default headless. If config visualizers are enabled and you want to force headless, use '--viz none'.
WARNING: All log messages before absl::InitializeLog() is called are written to STDERR
E0000 00:00:1788232559.058226   15886 descriptor_database.cc:633] File already exists in database: grpc/health/v1/health.proto
W0000 00:00:1788232559.058260   15886 message.cc:301] Protobuf GeneratedMessageFactory: File is already registered: grpc/health/v1/health.proto
[ISAACLAB] AppLauncher initialization complete
[INFO]: Base environment:
	Environment device    : cuda:0
	Environment seed      : 20260901
	Physics step-size     : 0.008333333333333333
	Rendering step-size   : 0.05
	Environment step-size : 0.05
[INFO]: Registered backend 'physx' for factory Articulation.
[INFO] Robot /World/envs/env_0/Robot/m0609/m0609: 폴리싱 디스크 생성 완료 → /World/envs/env_0/Robot/m0609/m0609/polishing_contact_pad
[INFO]: Registered backend 'physx' for factory ContactSensor.
[INFO]: Time taken for scene creation Last: 1.203002 s, Mean: 1.203002 s, Std: 0.000000 s, N: 1
[INFO]: Scene manager:  <class InteractiveScene>
	Number of environments: 4
	Environment spacing   : 1.6
	Source prim name      : /World/envs/env_0
	Global prim paths     : []
	Replicate physics     : True
[INFO]: Starting the simulation. This may take a few seconds. Please wait...
[INFO]: Simulation parameters for joints in /World/envs/env_.*/Robot:
+--------------------------------------------------------------------------------------------------------------------------------------------------------------------+
|                                                 Simulation Joint Information (Prim path: /World/envs/env_.*/Robot)                                                 |
+-------+-----------+-----------+---------+----------+-----------------+------------------+------------------+---------------------+-----------------+---------------+
| Index | Name      | Stiffness | Damping | Armature | Static Friction | Dynamic Friction | Viscous Friction |   Position Limits   | Velocity Limits | Effort Limits |
+-------+-----------+-----------+---------+----------+-----------------+------------------+------------------+---------------------+-----------------+---------------+
|   0   | joint_1   |  1.0e+04  | 500.000 |  0.000   |      0.000      |      0.000       |      0.000       |   [-6.283, 6.283]   |      2.618      |    9.6e+03    |
|   1   | joint_2   |  1.0e+04  | 500.000 |  0.000   |      0.000      |      0.000       |      0.000       |   [-6.283, 6.283]   |      2.618      |    9.6e+03    |
|   2   | joint_3   |  1.0e+04  | 500.000 |  0.000   |      0.000      |      0.000       |      0.000       |   [-2.618, 2.618]   |      3.142      |    5.4e+03    |
|   3   | joint_4   |  1.0e+04  | 500.000 |  0.000   |      0.000      |      0.000       |      0.000       |   [-6.283, 6.283]   |      3.927      |    2.7e+03    |
|   4   | joint_5   |  1.0e+04  | 500.000 |  0.000   |      0.000      |      0.000       |      0.000       |   [-6.283, 6.283]   |      3.927      |    2.7e+03    |
|   5   | joint_6   |  1.0e+04  | 500.000 |  0.000   |      0.000      |      0.000       |      0.000       |   [-6.283, 6.283]   |      3.927      |    2.7e+03    |
|   6   | pad_joint |  2.0e+03  | 100.000 |  0.000   |      0.000      |      0.000       |      0.000       | [-3.4e+38, 3.4e+38] |     104.720     |    100.000    |
+-------+-----------+-----------+---------+----------+-----------------+------------------+------------------+---------------------+-----------------+---------------+
[INFO]: Time taken for simulation start Last: 0.719114 s, Mean: 0.719114 s, Std: 0.000000 s, N: 1
[INFO]: Completed setting up the environment...
[RobotPolishEnv] robot feed override 5.946 -> 12.700 mm/s (policy range 6.350~19.050 mm/s)
[RobotPolishEnv] v5 M0609+pad coupled | link_6 contact offset=[-0.0025 -0.02    0.0448] m
[FactoryPlanarRoiPolishEnv] Gate C so=0.40 edge=balanced_extend5 direction=same_xx path=2.100m
[GateF7CurvedObservationEnv] mode=base14 obs_dim=14
[Gate F8] control/cylinder/same_xx step=1000 complete=2/4
[Gate F8] control/cylinder/same_xx step=2000 complete=2/4
[Gate F8] control/cylinder/same_xx step=3000 complete=2/4
[Gate F8] control/cylinder/same_xx step=4000 complete=3/4
[Gate F8] control/cylinder/same_xx step=5000 complete=3/4
[Gate F8] control/cylinder/same_xx step=6000 complete=3/4
{
  "all_finite": true,
  "checkpoint": "/home/rokey/cacadaca/learning/rl/robot/releases/gate_e7_seed1_it211_20260831_201801/model_gate_e7_seed1_it211.pt",
  "checkpoint_sha256": "c733763bfebd7fcead01cf2574bbd1621c4660b9347143cccb35e0e83449d052",
  "completed": 4,
  "created_utc": "2026-09-01T03:20:30.108054+00:00",
  "diagnostic_version": "gate_e6_local_window_area_v1",
  "direction_mode": "same_xx",
  "envs_per_profile": 1,
  "expected": 4,
  "gate": "F8_FORCE_SAFETY",
  "observation_mode": "base14",
  "path": {
    "direction_mode": "same_xx",
    "edge_mode": "balanced_extend5",
    "lines_per_sweep": 5,
    "path_length_m": 2.1,
    "path_mode": "gate_c",
    "step_over_m": 0.044000000000000004,
    "step_over_ratio": 0.4,
    "sweeps": 2
  },
  "physics_seed": 20260901,
  "policy_seed": 20260831,
  "profiles": [
    "legacy_stress",
    "factory_prepolish",
    "factory_prepolish_deep_defect",
    "factory_prepolish_deep_stress"
  ],
  "saved_iteration": 211,
  "shield_mode": "control",
  "surface_kind": "cylinder",
  "surface_seed_base": 43000,
  "tile_rows": 100,
  "training_performed": false
}
[INFO]: SimulationContext cleared
Loading user config located at: '/home/rokey/isaacsim-6.0.1/kit/data/Kit/IsaacLab/3.0/user.config.json'
2026-09-01T03:15:59Z [0ms] [Warning] [omni.ext.plugin] [ext: isaaclab_visualizers] Extensions config 'extension.toml' doesn't exist '/home/rokey/IsaacLab/source/isaaclab_visualizers' or '/home/rokey/IsaacLab/source/isaaclab_visualizers/config'
2026-09-01T03:15:59Z [386ms] [Warning] [omni.usd_config.extension] Enable omni.materialx.libs extension to use MaterialX
2026-09-01T03:16:03Z [4,097ms] [Warning] [isaaclab_physx.physics.physx_manager] TGS solver with enable_external_forces_every_iteration=False may cause noisy velocities.
2026-09-01T03:16:03Z [4,235ms] [Warning] [omni.usd] Encountered USD Warnings but USD Diagnostics are currently muted. To view USD Warnings, please set the '/persistent/app/usd/muteUsdDiagnostics' setting to false in Preferences page.
2026-09-01T03:16:04Z [5,868ms] [Warning] [usdrt.population.plugin] Last global time was not created. Did you call setEnableUsdNoticeHandling?
[F9 2026-09-01 12:20:30] done  (51/64) learning/rl/robot/results/gate_f9_control_cylinder_same_seed43000_20260901_072500
[F9 2026-09-01 12:20:30] start (52/64) static_cap/cylinder/same_xx/seed43000 -> learning/rl/robot/results/gate_f9_static_cap_cylinder_same_seed43000_20260901_072500
The '--headless' CLI argument is deprecated. Omit '--viz' for default headless. If config visualizers are enabled and you want to force headless, use '--viz none'.
WARNING: All log messages before absl::InitializeLog() is called are written to STDERR
E0000 00:00:1788232830.700140   16167 descriptor_database.cc:633] File already exists in database: grpc/health/v1/health.proto
W0000 00:00:1788232830.700170   16167 message.cc:301] Protobuf GeneratedMessageFactory: File is already registered: grpc/health/v1/health.proto
[ISAACLAB] AppLauncher initialization complete
[INFO]: Base environment:
	Environment device    : cuda:0
	Environment seed      : 20260901
	Physics step-size     : 0.008333333333333333
	Rendering step-size   : 0.05
	Environment step-size : 0.05
[INFO]: Registered backend 'physx' for factory Articulation.
[INFO] Robot /World/envs/env_0/Robot/m0609/m0609: 폴리싱 디스크 생성 완료 → /World/envs/env_0/Robot/m0609/m0609/polishing_contact_pad
[INFO]: Registered backend 'physx' for factory ContactSensor.
[INFO]: Time taken for scene creation Last: 1.110006 s, Mean: 1.110006 s, Std: 0.000000 s, N: 1
[INFO]: Scene manager:  <class InteractiveScene>
	Number of environments: 4
	Environment spacing   : 1.6
	Source prim name      : /World/envs/env_0
	Global prim paths     : []
	Replicate physics     : True
[INFO]: Starting the simulation. This may take a few seconds. Please wait...
[INFO]: Simulation parameters for joints in /World/envs/env_.*/Robot:
+--------------------------------------------------------------------------------------------------------------------------------------------------------------------+
|                                                 Simulation Joint Information (Prim path: /World/envs/env_.*/Robot)                                                 |
+-------+-----------+-----------+---------+----------+-----------------+------------------+------------------+---------------------+-----------------+---------------+
| Index | Name      | Stiffness | Damping | Armature | Static Friction | Dynamic Friction | Viscous Friction |   Position Limits   | Velocity Limits | Effort Limits |
+-------+-----------+-----------+---------+----------+-----------------+------------------+------------------+---------------------+-----------------+---------------+
|   0   | joint_1   |  1.0e+04  | 500.000 |  0.000   |      0.000      |      0.000       |      0.000       |   [-6.283, 6.283]   |      2.618      |    9.6e+03    |
|   1   | joint_2   |  1.0e+04  | 500.000 |  0.000   |      0.000      |      0.000       |      0.000       |   [-6.283, 6.283]   |      2.618      |    9.6e+03    |
|   2   | joint_3   |  1.0e+04  | 500.000 |  0.000   |      0.000      |      0.000       |      0.000       |   [-2.618, 2.618]   |      3.142      |    5.4e+03    |
|   3   | joint_4   |  1.0e+04  | 500.000 |  0.000   |      0.000      |      0.000       |      0.000       |   [-6.283, 6.283]   |      3.927      |    2.7e+03    |
|   4   | joint_5   |  1.0e+04  | 500.000 |  0.000   |      0.000      |      0.000       |      0.000       |   [-6.283, 6.283]   |      3.927      |    2.7e+03    |
|   5   | joint_6   |  1.0e+04  | 500.000 |  0.000   |      0.000      |      0.000       |      0.000       |   [-6.283, 6.283]   |      3.927      |    2.7e+03    |
|   6   | pad_joint |  2.0e+03  | 100.000 |  0.000   |      0.000      |      0.000       |      0.000       | [-3.4e+38, 3.4e+38] |     104.720     |    100.000    |
+-------+-----------+-----------+---------+----------+-----------------+------------------+------------------+---------------------+-----------------+---------------+
[INFO]: Time taken for simulation start Last: 0.694842 s, Mean: 0.694842 s, Std: 0.000000 s, N: 1
[INFO]: Completed setting up the environment...
[RobotPolishEnv] robot feed override 5.946 -> 12.700 mm/s (policy range 6.350~19.050 mm/s)
[RobotPolishEnv] v5 M0609+pad coupled | link_6 contact offset=[-0.0025 -0.02    0.0448] m
[FactoryPlanarRoiPolishEnv] Gate C so=0.40 edge=balanced_extend5 direction=same_xx path=2.100m
[GateF7CurvedObservationEnv] mode=base14 obs_dim=14
[Gate F8] static_cap/cylinder/same_xx step=1000 complete=0/4
[Gate F8] static_cap/cylinder/same_xx step=2000 complete=0/4
[Gate F8] static_cap/cylinder/same_xx step=3000 complete=0/4
[Gate F8] static_cap/cylinder/same_xx step=4000 complete=3/4
[Gate F8] static_cap/cylinder/same_xx step=5000 complete=3/4
[Gate F8] static_cap/cylinder/same_xx step=6000 complete=3/4
{
  "all_finite": true,
  "checkpoint": "/home/rokey/cacadaca/learning/rl/robot/releases/gate_e7_seed1_it211_20260831_201801/model_gate_e7_seed1_it211.pt",
  "checkpoint_sha256": "c733763bfebd7fcead01cf2574bbd1621c4660b9347143cccb35e0e83449d052",
  "completed": 4,
  "created_utc": "2026-09-01T03:24:57.643313+00:00",
  "diagnostic_version": "gate_e6_local_window_area_v1",
  "direction_mode": "same_xx",
  "envs_per_profile": 1,
  "expected": 4,
  "gate": "F8_FORCE_SAFETY",
  "observation_mode": "base14",
  "path": {
    "direction_mode": "same_xx",
    "edge_mode": "balanced_extend5",
    "lines_per_sweep": 5,
    "path_length_m": 2.1,
    "path_mode": "gate_c",
    "step_over_m": 0.044000000000000004,
    "step_over_ratio": 0.4,
    "sweeps": 2
  },
  "physics_seed": 20260901,
  "policy_seed": 20260831,
  "profiles": [
    "legacy_stress",
    "factory_prepolish",
    "factory_prepolish_deep_defect",
    "factory_prepolish_deep_stress"
  ],
  "saved_iteration": 211,
  "shield_mode": "static_cap",
  "surface_kind": "cylinder",
  "surface_seed_base": 43000,
  "tile_rows": 100,
  "training_performed": false
}
[INFO]: SimulationContext cleared
Loading user config located at: '/home/rokey/isaacsim-6.0.1/kit/data/Kit/IsaacLab/3.0/user.config.json'
2026-09-01T03:20:30Z [0ms] [Warning] [omni.ext.plugin] [ext: isaaclab_visualizers] Extensions config 'extension.toml' doesn't exist '/home/rokey/IsaacLab/source/isaaclab_visualizers' or '/home/rokey/IsaacLab/source/isaaclab_visualizers/config'
2026-09-01T03:20:31Z [376ms] [Warning] [omni.usd_config.extension] Enable omni.materialx.libs extension to use MaterialX
2026-09-01T03:20:34Z [4,002ms] [Warning] [isaaclab_physx.physics.physx_manager] TGS solver with enable_external_forces_every_iteration=False may cause noisy velocities.
2026-09-01T03:20:34Z [4,138ms] [Warning] [omni.usd] Encountered USD Warnings but USD Diagnostics are currently muted. To view USD Warnings, please set the '/persistent/app/usd/muteUsdDiagnostics' setting to false in Preferences page.
2026-09-01T03:20:36Z [5,663ms] [Warning] [usdrt.population.plugin] Last global time was not created. Did you call setEnableUsdNoticeHandling?
[F9 2026-09-01 12:24:58] done  (52/64) learning/rl/robot/results/gate_f9_static_cap_cylinder_same_seed43000_20260901_072500
[F9 2026-09-01 12:24:58] start (53/64) control/sphere/same_xx/seed43000 -> learning/rl/robot/results/gate_f9_control_sphere_same_seed43000_20260901_072500
The '--headless' CLI argument is deprecated. Omit '--viz' for default headless. If config visualizers are enabled and you want to force headless, use '--viz none'.
WARNING: All log messages before absl::InitializeLog() is called are written to STDERR
E0000 00:00:1788233098.223934   16448 descriptor_database.cc:633] File already exists in database: grpc/health/v1/health.proto
W0000 00:00:1788233098.223964   16448 message.cc:301] Protobuf GeneratedMessageFactory: File is already registered: grpc/health/v1/health.proto
[ISAACLAB] AppLauncher initialization complete
[INFO]: Base environment:
	Environment device    : cuda:0
	Environment seed      : 20260901
	Physics step-size     : 0.008333333333333333
	Rendering step-size   : 0.05
	Environment step-size : 0.05
[INFO]: Registered backend 'physx' for factory Articulation.
[INFO] Robot /World/envs/env_0/Robot/m0609/m0609: 폴리싱 디스크 생성 완료 → /World/envs/env_0/Robot/m0609/m0609/polishing_contact_pad
[INFO]: Registered backend 'physx' for factory ContactSensor.
[INFO]: Time taken for scene creation Last: 1.019444 s, Mean: 1.019444 s, Std: 0.000000 s, N: 1
[INFO]: Scene manager:  <class InteractiveScene>
	Number of environments: 4
	Environment spacing   : 1.6
	Source prim name      : /World/envs/env_0
	Global prim paths     : []
	Replicate physics     : True
[INFO]: Starting the simulation. This may take a few seconds. Please wait...
[INFO]: Simulation parameters for joints in /World/envs/env_.*/Robot:
+--------------------------------------------------------------------------------------------------------------------------------------------------------------------+
|                                                 Simulation Joint Information (Prim path: /World/envs/env_.*/Robot)                                                 |
+-------+-----------+-----------+---------+----------+-----------------+------------------+------------------+---------------------+-----------------+---------------+
| Index | Name      | Stiffness | Damping | Armature | Static Friction | Dynamic Friction | Viscous Friction |   Position Limits   | Velocity Limits | Effort Limits |
+-------+-----------+-----------+---------+----------+-----------------+------------------+------------------+---------------------+-----------------+---------------+
|   0   | joint_1   |  1.0e+04  | 500.000 |  0.000   |      0.000      |      0.000       |      0.000       |   [-6.283, 6.283]   |      2.618      |    9.6e+03    |
|   1   | joint_2   |  1.0e+04  | 500.000 |  0.000   |      0.000      |      0.000       |      0.000       |   [-6.283, 6.283]   |      2.618      |    9.6e+03    |
|   2   | joint_3   |  1.0e+04  | 500.000 |  0.000   |      0.000      |      0.000       |      0.000       |   [-2.618, 2.618]   |      3.142      |    5.4e+03    |
|   3   | joint_4   |  1.0e+04  | 500.000 |  0.000   |      0.000      |      0.000       |      0.000       |   [-6.283, 6.283]   |      3.927      |    2.7e+03    |
|   4   | joint_5   |  1.0e+04  | 500.000 |  0.000   |      0.000      |      0.000       |      0.000       |   [-6.283, 6.283]   |      3.927      |    2.7e+03    |
|   5   | joint_6   |  1.0e+04  | 500.000 |  0.000   |      0.000      |      0.000       |      0.000       |   [-6.283, 6.283]   |      3.927      |    2.7e+03    |
|   6   | pad_joint |  2.0e+03  | 100.000 |  0.000   |      0.000      |      0.000       |      0.000       | [-3.4e+38, 3.4e+38] |     104.720     |    100.000    |
+-------+-----------+-----------+---------+----------+-----------------+------------------+------------------+---------------------+-----------------+---------------+
[INFO]: Time taken for simulation start Last: 0.691691 s, Mean: 0.691691 s, Std: 0.000000 s, N: 1
[INFO]: Completed setting up the environment...
[RobotPolishEnv] robot feed override 5.946 -> 12.700 mm/s (policy range 6.350~19.050 mm/s)
[RobotPolishEnv] v5 M0609+pad coupled | link_6 contact offset=[-0.0025 -0.02    0.0448] m
[FactoryPlanarRoiPolishEnv] Gate C so=0.40 edge=balanced_extend5 direction=same_xx path=2.100m
[GateF7CurvedObservationEnv] mode=base14 obs_dim=14
[Gate F8] control/sphere/same_xx step=1000 complete=0/4
[Gate F8] control/sphere/same_xx step=2000 complete=0/4
[Gate F8] control/sphere/same_xx step=3000 complete=0/4
[Gate F8] control/sphere/same_xx step=4000 complete=3/4
[Gate F8] control/sphere/same_xx step=5000 complete=3/4
[Gate F8] control/sphere/same_xx step=6000 complete=3/4
{
  "all_finite": true,
  "checkpoint": "/home/rokey/cacadaca/learning/rl/robot/releases/gate_e7_seed1_it211_20260831_201801/model_gate_e7_seed1_it211.pt",
  "checkpoint_sha256": "c733763bfebd7fcead01cf2574bbd1621c4660b9347143cccb35e0e83449d052",
  "completed": 4,
  "created_utc": "2026-09-01T03:29:41.747768+00:00",
  "diagnostic_version": "gate_e6_local_window_area_v1",
  "direction_mode": "same_xx",
  "envs_per_profile": 1,
  "expected": 4,
  "gate": "F8_FORCE_SAFETY",
  "observation_mode": "base14",
  "path": {
    "direction_mode": "same_xx",
    "edge_mode": "balanced_extend5",
    "lines_per_sweep": 5,
    "path_length_m": 2.1,
    "path_mode": "gate_c",
    "step_over_m": 0.044000000000000004,
    "step_over_ratio": 0.4,
    "sweeps": 2
  },
  "physics_seed": 20260901,
  "policy_seed": 20260831,
  "profiles": [
    "legacy_stress",
    "factory_prepolish",
    "factory_prepolish_deep_defect",
    "factory_prepolish_deep_stress"
  ],
  "saved_iteration": 211,
  "shield_mode": "control",
  "surface_kind": "sphere",
  "surface_seed_base": 43000,
  "tile_rows": 100,
  "training_performed": false
}
[INFO]: SimulationContext cleared
Loading user config located at: '/home/rokey/isaacsim-6.0.1/kit/data/Kit/IsaacLab/3.0/user.config.json'
2026-09-01T03:24:58Z [0ms] [Warning] [omni.ext.plugin] [ext: isaaclab_visualizers] Extensions config 'extension.toml' doesn't exist '/home/rokey/IsaacLab/source/isaaclab_visualizers' or '/home/rokey/IsaacLab/source/isaaclab_visualizers/config'
2026-09-01T03:24:58Z [381ms] [Warning] [omni.usd_config.extension] Enable omni.materialx.libs extension to use MaterialX
2026-09-01T03:25:02Z [3,942ms] [Warning] [isaaclab_physx.physics.physx_manager] TGS solver with enable_external_forces_every_iteration=False may cause noisy velocities.
2026-09-01T03:25:02Z [4,064ms] [Warning] [omni.usd] Encountered USD Warnings but USD Diagnostics are currently muted. To view USD Warnings, please set the '/persistent/app/usd/muteUsdDiagnostics' setting to false in Preferences page.
2026-09-01T03:25:03Z [5,510ms] [Warning] [usdrt.population.plugin] Last global time was not created. Did you call setEnableUsdNoticeHandling?
[F9 2026-09-01 12:29:42] done  (53/64) learning/rl/robot/results/gate_f9_control_sphere_same_seed43000_20260901_072500
[F9 2026-09-01 12:29:42] start (54/64) static_cap/sphere/same_xx/seed43000 -> learning/rl/robot/results/gate_f9_static_cap_sphere_same_seed43000_20260901_072500
The '--headless' CLI argument is deprecated. Omit '--viz' for default headless. If config visualizers are enabled and you want to force headless, use '--viz none'.
WARNING: All log messages before absl::InitializeLog() is called are written to STDERR
E0000 00:00:1788233382.406162   16895 descriptor_database.cc:633] File already exists in database: grpc/health/v1/health.proto
W0000 00:00:1788233382.406197   16895 message.cc:301] Protobuf GeneratedMessageFactory: File is already registered: grpc/health/v1/health.proto
[ISAACLAB] AppLauncher initialization complete
[INFO]: Base environment:
	Environment device    : cuda:0
	Environment seed      : 20260901
	Physics step-size     : 0.008333333333333333
	Rendering step-size   : 0.05
	Environment step-size : 0.05
[INFO]: Registered backend 'physx' for factory Articulation.
[INFO] Robot /World/envs/env_0/Robot/m0609/m0609: 폴리싱 디스크 생성 완료 → /World/envs/env_0/Robot/m0609/m0609/polishing_contact_pad
[INFO]: Registered backend 'physx' for factory ContactSensor.
[INFO]: Time taken for scene creation Last: 0.956343 s, Mean: 0.956343 s, Std: 0.000000 s, N: 1
[INFO]: Scene manager:  <class InteractiveScene>
	Number of environments: 4
	Environment spacing   : 1.6
	Source prim name      : /World/envs/env_0
	Global prim paths     : []
	Replicate physics     : True
[INFO]: Starting the simulation. This may take a few seconds. Please wait...
[INFO]: Simulation parameters for joints in /World/envs/env_.*/Robot:
+--------------------------------------------------------------------------------------------------------------------------------------------------------------------+
|                                                 Simulation Joint Information (Prim path: /World/envs/env_.*/Robot)                                                 |
+-------+-----------+-----------+---------+----------+-----------------+------------------+------------------+---------------------+-----------------+---------------+
| Index | Name      | Stiffness | Damping | Armature | Static Friction | Dynamic Friction | Viscous Friction |   Position Limits   | Velocity Limits | Effort Limits |
+-------+-----------+-----------+---------+----------+-----------------+------------------+------------------+---------------------+-----------------+---------------+
|   0   | joint_1   |  1.0e+04  | 500.000 |  0.000   |      0.000      |      0.000       |      0.000       |   [-6.283, 6.283]   |      2.618      |    9.6e+03    |
|   1   | joint_2   |  1.0e+04  | 500.000 |  0.000   |      0.000      |      0.000       |      0.000       |   [-6.283, 6.283]   |      2.618      |    9.6e+03    |
|   2   | joint_3   |  1.0e+04  | 500.000 |  0.000   |      0.000      |      0.000       |      0.000       |   [-2.618, 2.618]   |      3.142      |    5.4e+03    |
|   3   | joint_4   |  1.0e+04  | 500.000 |  0.000   |      0.000      |      0.000       |      0.000       |   [-6.283, 6.283]   |      3.927      |    2.7e+03    |
|   4   | joint_5   |  1.0e+04  | 500.000 |  0.000   |      0.000      |      0.000       |      0.000       |   [-6.283, 6.283]   |      3.927      |    2.7e+03    |
|   5   | joint_6   |  1.0e+04  | 500.000 |  0.000   |      0.000      |      0.000       |      0.000       |   [-6.283, 6.283]   |      3.927      |    2.7e+03    |
|   6   | pad_joint |  2.0e+03  | 100.000 |  0.000   |      0.000      |      0.000       |      0.000       | [-3.4e+38, 3.4e+38] |     104.720     |    100.000    |
+-------+-----------+-----------+---------+----------+-----------------+------------------+------------------+---------------------+-----------------+---------------+
[INFO]: Time taken for simulation start Last: 0.761543 s, Mean: 0.761543 s, Std: 0.000000 s, N: 1
[INFO]: Completed setting up the environment...
[RobotPolishEnv] robot feed override 5.946 -> 12.700 mm/s (policy range 6.350~19.050 mm/s)
[RobotPolishEnv] v5 M0609+pad coupled | link_6 contact offset=[-0.0025 -0.02    0.0448] m
[FactoryPlanarRoiPolishEnv] Gate C so=0.40 edge=balanced_extend5 direction=same_xx path=2.100m
[GateF7CurvedObservationEnv] mode=base14 obs_dim=14
[Gate F8] static_cap/sphere/same_xx step=1000 complete=0/4
[Gate F8] static_cap/sphere/same_xx step=2000 complete=0/4
[Gate F8] static_cap/sphere/same_xx step=3000 complete=0/4
[Gate F8] static_cap/sphere/same_xx step=4000 complete=3/4
[Gate F8] static_cap/sphere/same_xx step=5000 complete=3/4
[Gate F8] static_cap/sphere/same_xx step=6000 complete=3/4
{
  "all_finite": true,
  "checkpoint": "/home/rokey/cacadaca/learning/rl/robot/releases/gate_e7_seed1_it211_20260831_201801/model_gate_e7_seed1_it211.pt",
  "checkpoint_sha256": "c733763bfebd7fcead01cf2574bbd1621c4660b9347143cccb35e0e83449d052",
  "completed": 4,
  "created_utc": "2026-09-01T03:34:44.058997+00:00",
  "diagnostic_version": "gate_e6_local_window_area_v1",
  "direction_mode": "same_xx",
  "envs_per_profile": 1,
  "expected": 4,
  "gate": "F8_FORCE_SAFETY",
  "observation_mode": "base14",
  "path": {
    "direction_mode": "same_xx",
    "edge_mode": "balanced_extend5",
    "lines_per_sweep": 5,
    "path_length_m": 2.1,
    "path_mode": "gate_c",
    "step_over_m": 0.044000000000000004,
    "step_over_ratio": 0.4,
    "sweeps": 2
  },
  "physics_seed": 20260901,
  "policy_seed": 20260831,
  "profiles": [
    "legacy_stress",
    "factory_prepolish",
    "factory_prepolish_deep_defect",
    "factory_prepolish_deep_stress"
  ],
  "saved_iteration": 211,
  "shield_mode": "static_cap",
  "surface_kind": "sphere",
  "surface_seed_base": 43000,
  "tile_rows": 100,
  "training_performed": false
}
[INFO]: SimulationContext cleared
Loading user config located at: '/home/rokey/isaacsim-6.0.1/kit/data/Kit/IsaacLab/3.0/user.config.json'
2026-09-01T03:29:42Z [0ms] [Warning] [omni.ext.plugin] [ext: isaaclab_visualizers] Extensions config 'extension.toml' doesn't exist '/home/rokey/IsaacLab/source/isaaclab_visualizers' or '/home/rokey/IsaacLab/source/isaaclab_visualizers/config'
2026-09-01T03:29:42Z [418ms] [Warning] [omni.usd_config.extension] Enable omni.materialx.libs extension to use MaterialX
2026-09-01T03:29:46Z [4,330ms] [Warning] [isaaclab_physx.physics.physx_manager] TGS solver with enable_external_forces_every_iteration=False may cause noisy velocities.
2026-09-01T03:29:46Z [4,467ms] [Warning] [omni.usd] Encountered USD Warnings but USD Diagnostics are currently muted. To view USD Warnings, please set the '/persistent/app/usd/muteUsdDiagnostics' setting to false in Preferences page.
2026-09-01T03:29:48Z [5,900ms] [Warning] [usdrt.population.plugin] Last global time was not created. Did you call setEnableUsdNoticeHandling?
[F9 2026-09-01 12:34:44] done  (54/64) learning/rl/robot/results/gate_f9_static_cap_sphere_same_seed43000_20260901_072500
[F9 2026-09-01 12:34:44] start (55/64) control/freeform/same_xx/seed43000 -> learning/rl/robot/results/gate_f9_control_freeform_same_seed43000_20260901_072500
The '--headless' CLI argument is deprecated. Omit '--viz' for default headless. If config visualizers are enabled and you want to force headless, use '--viz none'.
WARNING: All log messages before absl::InitializeLog() is called are written to STDERR
E0000 00:00:1788233684.662415   17374 descriptor_database.cc:633] File already exists in database: grpc/health/v1/health.proto
W0000 00:00:1788233684.662445   17374 message.cc:301] Protobuf GeneratedMessageFactory: File is already registered: grpc/health/v1/health.proto
[ISAACLAB] AppLauncher initialization complete
[INFO]: Base environment:
	Environment device    : cuda:0
	Environment seed      : 20260901
	Physics step-size     : 0.008333333333333333
	Rendering step-size   : 0.05
	Environment step-size : 0.05
[INFO]: Registered backend 'physx' for factory Articulation.
[INFO] Robot /World/envs/env_0/Robot/m0609/m0609: 폴리싱 디스크 생성 완료 → /World/envs/env_0/Robot/m0609/m0609/polishing_contact_pad
[INFO]: Registered backend 'physx' for factory ContactSensor.
[INFO]: Time taken for scene creation Last: 1.424626 s, Mean: 1.424626 s, Std: 0.000000 s, N: 1
[INFO]: Scene manager:  <class InteractiveScene>
	Number of environments: 4
	Environment spacing   : 1.6
	Source prim name      : /World/envs/env_0
	Global prim paths     : []
	Replicate physics     : True
[INFO]: Starting the simulation. This may take a few seconds. Please wait...
[INFO]: Simulation parameters for joints in /World/envs/env_.*/Robot:
+--------------------------------------------------------------------------------------------------------------------------------------------------------------------+
|                                                 Simulation Joint Information (Prim path: /World/envs/env_.*/Robot)                                                 |
+-------+-----------+-----------+---------+----------+-----------------+------------------+------------------+---------------------+-----------------+---------------+
| Index | Name      | Stiffness | Damping | Armature | Static Friction | Dynamic Friction | Viscous Friction |   Position Limits   | Velocity Limits | Effort Limits |
+-------+-----------+-----------+---------+----------+-----------------+------------------+------------------+---------------------+-----------------+---------------+
|   0   | joint_1   |  1.0e+04  | 500.000 |  0.000   |      0.000      |      0.000       |      0.000       |   [-6.283, 6.283]   |      2.618      |    9.6e+03    |
|   1   | joint_2   |  1.0e+04  | 500.000 |  0.000   |      0.000      |      0.000       |      0.000       |   [-6.283, 6.283]   |      2.618      |    9.6e+03    |
|   2   | joint_3   |  1.0e+04  | 500.000 |  0.000   |      0.000      |      0.000       |      0.000       |   [-2.618, 2.618]   |      3.142      |    5.4e+03    |
|   3   | joint_4   |  1.0e+04  | 500.000 |  0.000   |      0.000      |      0.000       |      0.000       |   [-6.283, 6.283]   |      3.927      |    2.7e+03    |
|   4   | joint_5   |  1.0e+04  | 500.000 |  0.000   |      0.000      |      0.000       |      0.000       |   [-6.283, 6.283]   |      3.927      |    2.7e+03    |
|   5   | joint_6   |  1.0e+04  | 500.000 |  0.000   |      0.000      |      0.000       |      0.000       |   [-6.283, 6.283]   |      3.927      |    2.7e+03    |
|   6   | pad_joint |  2.0e+03  | 100.000 |  0.000   |      0.000      |      0.000       |      0.000       | [-3.4e+38, 3.4e+38] |     104.720     |    100.000    |
+-------+-----------+-----------+---------+----------+-----------------+------------------+------------------+---------------------+-----------------+---------------+
[INFO]: Time taken for simulation start Last: 0.729560 s, Mean: 0.729560 s, Std: 0.000000 s, N: 1
[INFO]: Completed setting up the environment...
[RobotPolishEnv] robot feed override 5.946 -> 12.700 mm/s (policy range 6.350~19.050 mm/s)
[RobotPolishEnv] v5 M0609+pad coupled | link_6 contact offset=[-0.0025 -0.02    0.0448] m
[FactoryPlanarRoiPolishEnv] Gate C so=0.40 edge=balanced_extend5 direction=same_xx path=2.100m
[GateF7CurvedObservationEnv] mode=base14 obs_dim=14
[Gate F8] control/freeform/same_xx step=1000 complete=2/4
[Gate F8] control/freeform/same_xx step=2000 complete=2/4
[Gate F8] control/freeform/same_xx step=3000 complete=2/4
[Gate F8] control/freeform/same_xx step=4000 complete=3/4
[Gate F8] control/freeform/same_xx step=5000 complete=3/4
[Gate F8] control/freeform/same_xx step=6000 complete=3/4
{
  "all_finite": true,
  "checkpoint": "/home/rokey/cacadaca/learning/rl/robot/releases/gate_e7_seed1_it211_20260831_201801/model_gate_e7_seed1_it211.pt",
  "checkpoint_sha256": "c733763bfebd7fcead01cf2574bbd1621c4660b9347143cccb35e0e83449d052",
  "completed": 4,
  "created_utc": "2026-09-01T03:40:22.274227+00:00",
  "diagnostic_version": "gate_e6_local_window_area_v1",
  "direction_mode": "same_xx",
  "envs_per_profile": 1,
  "expected": 4,
  "gate": "F8_FORCE_SAFETY",
  "observation_mode": "base14",
  "path": {
    "direction_mode": "same_xx",
    "edge_mode": "balanced_extend5",
    "lines_per_sweep": 5,
    "path_length_m": 2.1,
    "path_mode": "gate_c",
    "step_over_m": 0.044000000000000004,
    "step_over_ratio": 0.4,
    "sweeps": 2
  },
  "physics_seed": 20260901,
  "policy_seed": 20260831,
  "profiles": [
    "legacy_stress",
    "factory_prepolish",
    "factory_prepolish_deep_defect",
    "factory_prepolish_deep_stress"
  ],
  "saved_iteration": 211,
  "shield_mode": "control",
  "surface_kind": "freeform",
  "surface_seed_base": 43000,
  "tile_rows": 100,
  "training_performed": false
}
[INFO]: SimulationContext cleared
Loading user config located at: '/home/rokey/isaacsim-6.0.1/kit/data/Kit/IsaacLab/3.0/user.config.json'
2026-09-01T03:34:44Z [0ms] [Warning] [omni.ext.plugin] [ext: isaaclab_visualizers] Extensions config 'extension.toml' doesn't exist '/home/rokey/IsaacLab/source/isaaclab_visualizers' or '/home/rokey/IsaacLab/source/isaaclab_visualizers/config'
2026-09-01T03:34:44Z [377ms] [Warning] [omni.usd_config.extension] Enable omni.materialx.libs extension to use MaterialX
2026-09-01T03:34:48Z [4,148ms] [Warning] [isaaclab_physx.physics.physx_manager] TGS solver with enable_external_forces_every_iteration=False may cause noisy velocities.
2026-09-01T03:34:48Z [4,283ms] [Warning] [omni.usd] Encountered USD Warnings but USD Diagnostics are currently muted. To view USD Warnings, please set the '/persistent/app/usd/muteUsdDiagnostics' setting to false in Preferences page.
2026-09-01T03:34:50Z [6,158ms] [Warning] [usdrt.population.plugin] Last global time was not created. Did you call setEnableUsdNoticeHandling?
[F9 2026-09-01 12:40:22] done  (55/64) learning/rl/robot/results/gate_f9_control_freeform_same_seed43000_20260901_072500
[F9 2026-09-01 12:40:22] start (56/64) static_cap/freeform/same_xx/seed43000 -> learning/rl/robot/results/gate_f9_static_cap_freeform_same_seed43000_20260901_072500
The '--headless' CLI argument is deprecated. Omit '--viz' for default headless. If config visualizers are enabled and you want to force headless, use '--viz none'.
WARNING: All log messages before absl::InitializeLog() is called are written to STDERR
E0000 00:00:1788234022.894257   19344 descriptor_database.cc:633] File already exists in database: grpc/health/v1/health.proto
W0000 00:00:1788234022.894287   19344 message.cc:301] Protobuf GeneratedMessageFactory: File is already registered: grpc/health/v1/health.proto
[ISAACLAB] AppLauncher initialization complete
[INFO]: Base environment:
	Environment device    : cuda:0
	Environment seed      : 20260901
	Physics step-size     : 0.008333333333333333
	Rendering step-size   : 0.05
	Environment step-size : 0.05
[INFO]: Registered backend 'physx' for factory Articulation.
[INFO] Robot /World/envs/env_0/Robot/m0609/m0609: 폴리싱 디스크 생성 완료 → /World/envs/env_0/Robot/m0609/m0609/polishing_contact_pad
[INFO]: Registered backend 'physx' for factory ContactSensor.
[INFO]: Time taken for scene creation Last: 1.112151 s, Mean: 1.112151 s, Std: 0.000000 s, N: 1
[INFO]: Scene manager:  <class InteractiveScene>
	Number of environments: 4
	Environment spacing   : 1.6
	Source prim name      : /World/envs/env_0
	Global prim paths     : []
	Replicate physics     : True
[INFO]: Starting the simulation. This may take a few seconds. Please wait...
[INFO]: Simulation parameters for joints in /World/envs/env_.*/Robot:
+--------------------------------------------------------------------------------------------------------------------------------------------------------------------+
|                                                 Simulation Joint Information (Prim path: /World/envs/env_.*/Robot)                                                 |
+-------+-----------+-----------+---------+----------+-----------------+------------------+------------------+---------------------+-----------------+---------------+
| Index | Name      | Stiffness | Damping | Armature | Static Friction | Dynamic Friction | Viscous Friction |   Position Limits   | Velocity Limits | Effort Limits |
+-------+-----------+-----------+---------+----------+-----------------+------------------+------------------+---------------------+-----------------+---------------+
|   0   | joint_1   |  1.0e+04  | 500.000 |  0.000   |      0.000      |      0.000       |      0.000       |   [-6.283, 6.283]   |      2.618      |    9.6e+03    |
|   1   | joint_2   |  1.0e+04  | 500.000 |  0.000   |      0.000      |      0.000       |      0.000       |   [-6.283, 6.283]   |      2.618      |    9.6e+03    |
|   2   | joint_3   |  1.0e+04  | 500.000 |  0.000   |      0.000      |      0.000       |      0.000       |   [-2.618, 2.618]   |      3.142      |    5.4e+03    |
|   3   | joint_4   |  1.0e+04  | 500.000 |  0.000   |      0.000      |      0.000       |      0.000       |   [-6.283, 6.283]   |      3.927      |    2.7e+03    |
|   4   | joint_5   |  1.0e+04  | 500.000 |  0.000   |      0.000      |      0.000       |      0.000       |   [-6.283, 6.283]   |      3.927      |    2.7e+03    |
|   5   | joint_6   |  1.0e+04  | 500.000 |  0.000   |      0.000      |      0.000       |      0.000       |   [-6.283, 6.283]   |      3.927      |    2.7e+03    |
|   6   | pad_joint |  2.0e+03  | 100.000 |  0.000   |      0.000      |      0.000       |      0.000       | [-3.4e+38, 3.4e+38] |     104.720     |    100.000    |
+-------+-----------+-----------+---------+----------+-----------------+------------------+------------------+---------------------+-----------------+---------------+
[INFO]: Time taken for simulation start Last: 0.690274 s, Mean: 0.690274 s, Std: 0.000000 s, N: 1
[INFO]: Completed setting up the environment...
[RobotPolishEnv] robot feed override 5.946 -> 12.700 mm/s (policy range 6.350~19.050 mm/s)
[RobotPolishEnv] v5 M0609+pad coupled | link_6 contact offset=[-0.0025 -0.02    0.0448] m
[FactoryPlanarRoiPolishEnv] Gate C so=0.40 edge=balanced_extend5 direction=same_xx path=2.100m
[GateF7CurvedObservationEnv] mode=base14 obs_dim=14
[Gate F8] static_cap/freeform/same_xx step=1000 complete=0/4
[Gate F8] static_cap/freeform/same_xx step=2000 complete=0/4
[Gate F8] static_cap/freeform/same_xx step=3000 complete=0/4
[Gate F8] static_cap/freeform/same_xx step=4000 complete=3/4
[Gate F8] static_cap/freeform/same_xx step=5000 complete=3/4
[Gate F8] static_cap/freeform/same_xx step=6000 complete=3/4
{
  "all_finite": true,
  "checkpoint": "/home/rokey/cacadaca/learning/rl/robot/releases/gate_e7_seed1_it211_20260831_201801/model_gate_e7_seed1_it211.pt",
  "checkpoint_sha256": "c733763bfebd7fcead01cf2574bbd1621c4660b9347143cccb35e0e83449d052",
  "completed": 4,
  "created_utc": "2026-09-01T03:45:32.994647+00:00",
  "diagnostic_version": "gate_e6_local_window_area_v1",
  "direction_mode": "same_xx",
  "envs_per_profile": 1,
  "expected": 4,
  "gate": "F8_FORCE_SAFETY",
  "observation_mode": "base14",
  "path": {
    "direction_mode": "same_xx",
    "edge_mode": "balanced_extend5",
    "lines_per_sweep": 5,
    "path_length_m": 2.1,
    "path_mode": "gate_c",
    "step_over_m": 0.044000000000000004,
    "step_over_ratio": 0.4,
    "sweeps": 2
  },
  "physics_seed": 20260901,
  "policy_seed": 20260831,
  "profiles": [
    "legacy_stress",
    "factory_prepolish",
    "factory_prepolish_deep_defect",
    "factory_prepolish_deep_stress"
  ],
  "saved_iteration": 211,
  "shield_mode": "static_cap",
  "surface_kind": "freeform",
  "surface_seed_base": 43000,
  "tile_rows": 100,
  "training_performed": false
}
[INFO]: SimulationContext cleared
Loading user config located at: '/home/rokey/isaacsim-6.0.1/kit/data/Kit/IsaacLab/3.0/user.config.json'
2026-09-01T03:40:22Z [0ms] [Warning] [omni.ext.plugin] [ext: isaaclab_visualizers] Extensions config 'extension.toml' doesn't exist '/home/rokey/IsaacLab/source/isaaclab_visualizers' or '/home/rokey/IsaacLab/source/isaaclab_visualizers/config'
2026-09-01T03:40:23Z [378ms] [Warning] [omni.usd_config.extension] Enable omni.materialx.libs extension to use MaterialX
2026-09-01T03:40:26Z [3,960ms] [Warning] [isaaclab_physx.physics.physx_manager] TGS solver with enable_external_forces_every_iteration=False may cause noisy velocities.
2026-09-01T03:40:26Z [4,074ms] [Warning] [omni.usd] Encountered USD Warnings but USD Diagnostics are currently muted. To view USD Warnings, please set the '/persistent/app/usd/muteUsdDiagnostics' setting to false in Preferences page.
2026-09-01T03:40:28Z [5,624ms] [Warning] [usdrt.population.plugin] Last global time was not created. Did you call setEnableUsdNoticeHandling?
[F9 2026-09-01 12:45:33] done  (56/64) learning/rl/robot/results/gate_f9_static_cap_freeform_same_seed43000_20260901_072500
[F9 2026-09-01 12:45:33] start (57/64) control/flat/cross_xy/seed43000 -> learning/rl/robot/results/gate_f9_control_flat_cross_seed43000_20260901_072500
The '--headless' CLI argument is deprecated. Omit '--viz' for default headless. If config visualizers are enabled and you want to force headless, use '--viz none'.
WARNING: All log messages before absl::InitializeLog() is called are written to STDERR
E0000 00:00:1788234333.576620   19882 descriptor_database.cc:633] File already exists in database: grpc/health/v1/health.proto
W0000 00:00:1788234333.576663   19882 message.cc:301] Protobuf GeneratedMessageFactory: File is already registered: grpc/health/v1/health.proto
[ISAACLAB] AppLauncher initialization complete
[INFO]: Base environment:
	Environment device    : cuda:0
	Environment seed      : 20260901
	Physics step-size     : 0.008333333333333333
	Rendering step-size   : 0.05
	Environment step-size : 0.05
[INFO]: Registered backend 'physx' for factory Articulation.
[INFO] Robot /World/envs/env_0/Robot/m0609/m0609: 폴리싱 디스크 생성 완료 → /World/envs/env_0/Robot/m0609/m0609/polishing_contact_pad
[INFO]: Registered backend 'physx' for factory ContactSensor.
[INFO]: Time taken for scene creation Last: 1.043334 s, Mean: 1.043334 s, Std: 0.000000 s, N: 1
[INFO]: Scene manager:  <class InteractiveScene>
	Number of environments: 4
	Environment spacing   : 1.6
	Source prim name      : /World/envs/env_0
	Global prim paths     : []
	Replicate physics     : True
[INFO]: Starting the simulation. This may take a few seconds. Please wait...
[INFO]: Simulation parameters for joints in /World/envs/env_.*/Robot:
+--------------------------------------------------------------------------------------------------------------------------------------------------------------------+
|                                                 Simulation Joint Information (Prim path: /World/envs/env_.*/Robot)                                                 |
+-------+-----------+-----------+---------+----------+-----------------+------------------+------------------+---------------------+-----------------+---------------+
| Index | Name      | Stiffness | Damping | Armature | Static Friction | Dynamic Friction | Viscous Friction |   Position Limits   | Velocity Limits | Effort Limits |
+-------+-----------+-----------+---------+----------+-----------------+------------------+------------------+---------------------+-----------------+---------------+
|   0   | joint_1   |  1.0e+04  | 500.000 |  0.000   |      0.000      |      0.000       |      0.000       |   [-6.283, 6.283]   |      2.618      |    9.6e+03    |
|   1   | joint_2   |  1.0e+04  | 500.000 |  0.000   |      0.000      |      0.000       |      0.000       |   [-6.283, 6.283]   |      2.618      |    9.6e+03    |
|   2   | joint_3   |  1.0e+04  | 500.000 |  0.000   |      0.000      |      0.000       |      0.000       |   [-2.618, 2.618]   |      3.142      |    5.4e+03    |
|   3   | joint_4   |  1.0e+04  | 500.000 |  0.000   |      0.000      |      0.000       |      0.000       |   [-6.283, 6.283]   |      3.927      |    2.7e+03    |
|   4   | joint_5   |  1.0e+04  | 500.000 |  0.000   |      0.000      |      0.000       |      0.000       |   [-6.283, 6.283]   |      3.927      |    2.7e+03    |
|   5   | joint_6   |  1.0e+04  | 500.000 |  0.000   |      0.000      |      0.000       |      0.000       |   [-6.283, 6.283]   |      3.927      |    2.7e+03    |
|   6   | pad_joint |  2.0e+03  | 100.000 |  0.000   |      0.000      |      0.000       |      0.000       | [-3.4e+38, 3.4e+38] |     104.720     |    100.000    |
+-------+-----------+-----------+---------+----------+-----------------+------------------+------------------+---------------------+-----------------+---------------+
[INFO]: Time taken for simulation start Last: 0.677153 s, Mean: 0.677153 s, Std: 0.000000 s, N: 1
[INFO]: Completed setting up the environment...
[RobotPolishEnv] robot feed override 5.946 -> 12.700 mm/s (policy range 6.350~19.050 mm/s)
[RobotPolishEnv] v5 M0609+pad coupled | link_6 contact offset=[-0.0025 -0.02    0.0448] m
[FactoryPlanarRoiPolishEnv] Gate C so=0.40 edge=balanced_extend5 direction=cross_xy path=2.100m
[GateF7CurvedObservationEnv] mode=base14 obs_dim=14
[Gate F8] control/flat/cross_xy step=1000 complete=0/4
[Gate F8] control/flat/cross_xy step=2000 complete=0/4
[Gate F8] control/flat/cross_xy step=3000 complete=0/4
[Gate F8] control/flat/cross_xy step=4000 complete=3/4
[Gate F8] control/flat/cross_xy step=5000 complete=3/4
[Gate F8] control/flat/cross_xy step=6000 complete=3/4
{
  "all_finite": true,
  "checkpoint": "/home/rokey/cacadaca/learning/rl/robot/releases/gate_e7_seed1_it211_20260831_201801/model_gate_e7_seed1_it211.pt",
  "checkpoint_sha256": "c733763bfebd7fcead01cf2574bbd1621c4660b9347143cccb35e0e83449d052",
  "completed": 4,
  "created_utc": "2026-09-01T03:49:46.215021+00:00",
  "diagnostic_version": "gate_e6_local_window_area_v1",
  "direction_mode": "cross_xy",
  "envs_per_profile": 1,
  "expected": 4,
  "gate": "F8_FORCE_SAFETY",
  "observation_mode": "base14",
  "path": {
    "direction_mode": "cross_xy",
    "edge_mode": "balanced_extend5",
    "lines_per_sweep": 5,
    "path_length_m": 2.1,
    "path_mode": "gate_c",
    "step_over_m": 0.044000000000000004,
    "step_over_ratio": 0.4,
    "sweeps": 2
  },
  "physics_seed": 20260901,
  "policy_seed": 20260831,
  "profiles": [
    "legacy_stress",
    "factory_prepolish",
    "factory_prepolish_deep_defect",
    "factory_prepolish_deep_stress"
  ],
  "saved_iteration": 211,
  "shield_mode": "control",
  "surface_kind": "flat",
  "surface_seed_base": 43000,
  "tile_rows": 100,
  "training_performed": false
}
[INFO]: SimulationContext cleared
Loading user config located at: '/home/rokey/isaacsim-6.0.1/kit/data/Kit/IsaacLab/3.0/user.config.json'
2026-09-01T03:45:33Z [0ms] [Warning] [omni.ext.plugin] [ext: isaaclab_visualizers] Extensions config 'extension.toml' doesn't exist '/home/rokey/IsaacLab/source/isaaclab_visualizers' or '/home/rokey/IsaacLab/source/isaaclab_visualizers/config'
2026-09-01T03:45:33Z [368ms] [Warning] [omni.usd_config.extension] Enable omni.materialx.libs extension to use MaterialX
2026-09-01T03:45:37Z [3,928ms] [Warning] [isaaclab_physx.physics.physx_manager] TGS solver with enable_external_forces_every_iteration=False may cause noisy velocities.
2026-09-01T03:45:37Z [4,052ms] [Warning] [omni.usd] Encountered USD Warnings but USD Diagnostics are currently muted. To view USD Warnings, please set the '/persistent/app/usd/muteUsdDiagnostics' setting to false in Preferences page.
2026-09-01T03:45:39Z [5,514ms] [Warning] [usdrt.population.plugin] Last global time was not created. Did you call setEnableUsdNoticeHandling?
[F9 2026-09-01 12:49:46] done  (57/64) learning/rl/robot/results/gate_f9_control_flat_cross_seed43000_20260901_072500
[F9 2026-09-01 12:49:46] start (58/64) static_cap/flat/cross_xy/seed43000 -> learning/rl/robot/results/gate_f9_static_cap_flat_cross_seed43000_20260901_072500
The '--headless' CLI argument is deprecated. Omit '--viz' for default headless. If config visualizers are enabled and you want to force headless, use '--viz none'.
WARNING: All log messages before absl::InitializeLog() is called are written to STDERR
E0000 00:00:1788234586.822795   20345 descriptor_database.cc:633] File already exists in database: grpc/health/v1/health.proto
W0000 00:00:1788234586.822824   20345 message.cc:301] Protobuf GeneratedMessageFactory: File is already registered: grpc/health/v1/health.proto
[ISAACLAB] AppLauncher initialization complete
[INFO]: Base environment:
	Environment device    : cuda:0
	Environment seed      : 20260901
	Physics step-size     : 0.008333333333333333
	Rendering step-size   : 0.05
	Environment step-size : 0.05
[INFO]: Registered backend 'physx' for factory Articulation.
[INFO] Robot /World/envs/env_0/Robot/m0609/m0609: 폴리싱 디스크 생성 완료 → /World/envs/env_0/Robot/m0609/m0609/polishing_contact_pad
[INFO]: Registered backend 'physx' for factory ContactSensor.
[INFO]: Time taken for scene creation Last: 1.121369 s, Mean: 1.121369 s, Std: 0.000000 s, N: 1
[INFO]: Scene manager:  <class InteractiveScene>
	Number of environments: 4
	Environment spacing   : 1.6
	Source prim name      : /World/envs/env_0
	Global prim paths     : []
	Replicate physics     : True
[INFO]: Starting the simulation. This may take a few seconds. Please wait...
[INFO]: Simulation parameters for joints in /World/envs/env_.*/Robot:
+--------------------------------------------------------------------------------------------------------------------------------------------------------------------+
|                                                 Simulation Joint Information (Prim path: /World/envs/env_.*/Robot)                                                 |
+-------+-----------+-----------+---------+----------+-----------------+------------------+------------------+---------------------+-----------------+---------------+
| Index | Name      | Stiffness | Damping | Armature | Static Friction | Dynamic Friction | Viscous Friction |   Position Limits   | Velocity Limits | Effort Limits |
+-------+-----------+-----------+---------+----------+-----------------+------------------+------------------+---------------------+-----------------+---------------+
|   0   | joint_1   |  1.0e+04  | 500.000 |  0.000   |      0.000      |      0.000       |      0.000       |   [-6.283, 6.283]   |      2.618      |    9.6e+03    |
|   1   | joint_2   |  1.0e+04  | 500.000 |  0.000   |      0.000      |      0.000       |      0.000       |   [-6.283, 6.283]   |      2.618      |    9.6e+03    |
|   2   | joint_3   |  1.0e+04  | 500.000 |  0.000   |      0.000      |      0.000       |      0.000       |   [-2.618, 2.618]   |      3.142      |    5.4e+03    |
|   3   | joint_4   |  1.0e+04  | 500.000 |  0.000   |      0.000      |      0.000       |      0.000       |   [-6.283, 6.283]   |      3.927      |    2.7e+03    |
|   4   | joint_5   |  1.0e+04  | 500.000 |  0.000   |      0.000      |      0.000       |      0.000       |   [-6.283, 6.283]   |      3.927      |    2.7e+03    |
|   5   | joint_6   |  1.0e+04  | 500.000 |  0.000   |      0.000      |      0.000       |      0.000       |   [-6.283, 6.283]   |      3.927      |    2.7e+03    |
|   6   | pad_joint |  2.0e+03  | 100.000 |  0.000   |      0.000      |      0.000       |      0.000       | [-3.4e+38, 3.4e+38] |     104.720     |    100.000    |
+-------+-----------+-----------+---------+----------+-----------------+------------------+------------------+---------------------+-----------------+---------------+
[INFO]: Time taken for simulation start Last: 0.694794 s, Mean: 0.694794 s, Std: 0.000000 s, N: 1
[INFO]: Completed setting up the environment...
[RobotPolishEnv] robot feed override 5.946 -> 12.700 mm/s (policy range 6.350~19.050 mm/s)
[RobotPolishEnv] v5 M0609+pad coupled | link_6 contact offset=[-0.0025 -0.02    0.0448] m
[FactoryPlanarRoiPolishEnv] Gate C so=0.40 edge=balanced_extend5 direction=cross_xy path=2.100m
[GateF7CurvedObservationEnv] mode=base14 obs_dim=14
[Gate F8] static_cap/flat/cross_xy step=1000 complete=0/4
[Gate F8] static_cap/flat/cross_xy step=2000 complete=0/4
[Gate F8] static_cap/flat/cross_xy step=3000 complete=0/4
[Gate F8] static_cap/flat/cross_xy step=4000 complete=3/4
[Gate F8] static_cap/flat/cross_xy step=5000 complete=3/4
[Gate F8] static_cap/flat/cross_xy step=6000 complete=3/4
{
  "all_finite": true,
  "checkpoint": "/home/rokey/cacadaca/learning/rl/robot/releases/gate_e7_seed1_it211_20260831_201801/model_gate_e7_seed1_it211.pt",
  "checkpoint_sha256": "c733763bfebd7fcead01cf2574bbd1621c4660b9347143cccb35e0e83449d052",
  "completed": 4,
  "created_utc": "2026-09-01T03:53:56.042517+00:00",
  "diagnostic_version": "gate_e6_local_window_area_v1",
  "direction_mode": "cross_xy",
  "envs_per_profile": 1,
  "expected": 4,
  "gate": "F8_FORCE_SAFETY",
  "observation_mode": "base14",
  "path": {
    "direction_mode": "cross_xy",
    "edge_mode": "balanced_extend5",
    "lines_per_sweep": 5,
    "path_length_m": 2.1,
    "path_mode": "gate_c",
    "step_over_m": 0.044000000000000004,
    "step_over_ratio": 0.4,
    "sweeps": 2
  },
  "physics_seed": 20260901,
  "policy_seed": 20260831,
  "profiles": [
    "legacy_stress",
    "factory_prepolish",
    "factory_prepolish_deep_defect",
    "factory_prepolish_deep_stress"
  ],
  "saved_iteration": 211,
  "shield_mode": "static_cap",
  "surface_kind": "flat",
  "surface_seed_base": 43000,
  "tile_rows": 100,
  "training_performed": false
}
[INFO]: SimulationContext cleared
Loading user config located at: '/home/rokey/isaacsim-6.0.1/kit/data/Kit/IsaacLab/3.0/user.config.json'
2026-09-01T03:49:46Z [0ms] [Warning] [omni.ext.plugin] [ext: isaaclab_visualizers] Extensions config 'extension.toml' doesn't exist '/home/rokey/IsaacLab/source/isaaclab_visualizers' or '/home/rokey/IsaacLab/source/isaaclab_visualizers/config'
2026-09-01T03:49:47Z [370ms] [Warning] [omni.usd_config.extension] Enable omni.materialx.libs extension to use MaterialX
2026-09-01T03:49:50Z [3,935ms] [Warning] [isaaclab_physx.physics.physx_manager] TGS solver with enable_external_forces_every_iteration=False may cause noisy velocities.
2026-09-01T03:49:50Z [4,056ms] [Warning] [omni.usd] Encountered USD Warnings but USD Diagnostics are currently muted. To view USD Warnings, please set the '/persistent/app/usd/muteUsdDiagnostics' setting to false in Preferences page.
2026-09-01T03:49:52Z [5,602ms] [Warning] [usdrt.population.plugin] Last global time was not created. Did you call setEnableUsdNoticeHandling?
[F9 2026-09-01 12:53:56] done  (58/64) learning/rl/robot/results/gate_f9_static_cap_flat_cross_seed43000_20260901_072500
[F9 2026-09-01 12:53:56] start (59/64) control/cylinder/cross_xy/seed43000 -> learning/rl/robot/results/gate_f9_control_cylinder_cross_seed43000_20260901_072500
The '--headless' CLI argument is deprecated. Omit '--viz' for default headless. If config visualizers are enabled and you want to force headless, use '--viz none'.
WARNING: All log messages before absl::InitializeLog() is called are written to STDERR
E0000 00:00:1788234836.624058   20843 descriptor_database.cc:633] File already exists in database: grpc/health/v1/health.proto
W0000 00:00:1788234836.624087   20843 message.cc:301] Protobuf GeneratedMessageFactory: File is already registered: grpc/health/v1/health.proto
[ISAACLAB] AppLauncher initialization complete
[INFO]: Base environment:
	Environment device    : cuda:0
	Environment seed      : 20260901
	Physics step-size     : 0.008333333333333333
	Rendering step-size   : 0.05
	Environment step-size : 0.05
[INFO]: Registered backend 'physx' for factory Articulation.
[INFO] Robot /World/envs/env_0/Robot/m0609/m0609: 폴리싱 디스크 생성 완료 → /World/envs/env_0/Robot/m0609/m0609/polishing_contact_pad
[INFO]: Registered backend 'physx' for factory ContactSensor.
[INFO]: Time taken for scene creation Last: 1.069937 s, Mean: 1.069937 s, Std: 0.000000 s, N: 1
[INFO]: Scene manager:  <class InteractiveScene>
	Number of environments: 4
	Environment spacing   : 1.6
	Source prim name      : /World/envs/env_0
	Global prim paths     : []
	Replicate physics     : True
[INFO]: Starting the simulation. This may take a few seconds. Please wait...
[INFO]: Simulation parameters for joints in /World/envs/env_.*/Robot:
+--------------------------------------------------------------------------------------------------------------------------------------------------------------------+
|                                                 Simulation Joint Information (Prim path: /World/envs/env_.*/Robot)                                                 |
+-------+-----------+-----------+---------+----------+-----------------+------------------+------------------+---------------------+-----------------+---------------+
| Index | Name      | Stiffness | Damping | Armature | Static Friction | Dynamic Friction | Viscous Friction |   Position Limits   | Velocity Limits | Effort Limits |
+-------+-----------+-----------+---------+----------+-----------------+------------------+------------------+---------------------+-----------------+---------------+
|   0   | joint_1   |  1.0e+04  | 500.000 |  0.000   |      0.000      |      0.000       |      0.000       |   [-6.283, 6.283]   |      2.618      |    9.6e+03    |
|   1   | joint_2   |  1.0e+04  | 500.000 |  0.000   |      0.000      |      0.000       |      0.000       |   [-6.283, 6.283]   |      2.618      |    9.6e+03    |
|   2   | joint_3   |  1.0e+04  | 500.000 |  0.000   |      0.000      |      0.000       |      0.000       |   [-2.618, 2.618]   |      3.142      |    5.4e+03    |
|   3   | joint_4   |  1.0e+04  | 500.000 |  0.000   |      0.000      |      0.000       |      0.000       |   [-6.283, 6.283]   |      3.927      |    2.7e+03    |
|   4   | joint_5   |  1.0e+04  | 500.000 |  0.000   |      0.000      |      0.000       |      0.000       |   [-6.283, 6.283]   |      3.927      |    2.7e+03    |
|   5   | joint_6   |  1.0e+04  | 500.000 |  0.000   |      0.000      |      0.000       |      0.000       |   [-6.283, 6.283]   |      3.927      |    2.7e+03    |
|   6   | pad_joint |  2.0e+03  | 100.000 |  0.000   |      0.000      |      0.000       |      0.000       | [-3.4e+38, 3.4e+38] |     104.720     |    100.000    |
+-------+-----------+-----------+---------+----------+-----------------+------------------+------------------+---------------------+-----------------+---------------+
[INFO]: Time taken for simulation start Last: 0.700681 s, Mean: 0.700681 s, Std: 0.000000 s, N: 1
[INFO]: Completed setting up the environment...
[RobotPolishEnv] robot feed override 5.946 -> 12.700 mm/s (policy range 6.350~19.050 mm/s)
[RobotPolishEnv] v5 M0609+pad coupled | link_6 contact offset=[-0.0025 -0.02    0.0448] m
[FactoryPlanarRoiPolishEnv] Gate C so=0.40 edge=balanced_extend5 direction=cross_xy path=2.100m
[GateF7CurvedObservationEnv] mode=base14 obs_dim=14
[Gate F8] control/cylinder/cross_xy step=1000 complete=2/4
[Gate F8] control/cylinder/cross_xy step=2000 complete=2/4
[Gate F8] control/cylinder/cross_xy step=3000 complete=2/4
[Gate F8] control/cylinder/cross_xy step=4000 complete=3/4
[Gate F8] control/cylinder/cross_xy step=5000 complete=3/4
[Gate F8] control/cylinder/cross_xy step=6000 complete=3/4
{
  "all_finite": true,
  "checkpoint": "/home/rokey/cacadaca/learning/rl/robot/releases/gate_e7_seed1_it211_20260831_201801/model_gate_e7_seed1_it211.pt",
  "checkpoint_sha256": "c733763bfebd7fcead01cf2574bbd1621c4660b9347143cccb35e0e83449d052",
  "completed": 4,
  "created_utc": "2026-09-01T03:58:20.605999+00:00",
  "diagnostic_version": "gate_e6_local_window_area_v1",
  "direction_mode": "cross_xy",
  "envs_per_profile": 1,
  "expected": 4,
  "gate": "F8_FORCE_SAFETY",
  "observation_mode": "base14",
  "path": {
    "direction_mode": "cross_xy",
    "edge_mode": "balanced_extend5",
    "lines_per_sweep": 5,
    "path_length_m": 2.1,
    "path_mode": "gate_c",
    "step_over_m": 0.044000000000000004,
    "step_over_ratio": 0.4,
    "sweeps": 2
  },
  "physics_seed": 20260901,
  "policy_seed": 20260831,
  "profiles": [
    "legacy_stress",
    "factory_prepolish",
    "factory_prepolish_deep_defect",
    "factory_prepolish_deep_stress"
  ],
  "saved_iteration": 211,
  "shield_mode": "control",
  "surface_kind": "cylinder",
  "surface_seed_base": 43000,
  "tile_rows": 100,
  "training_performed": false
}
[INFO]: SimulationContext cleared
Loading user config located at: '/home/rokey/isaacsim-6.0.1/kit/data/Kit/IsaacLab/3.0/user.config.json'
2026-09-01T03:53:56Z [0ms] [Warning] [omni.ext.plugin] [ext: isaaclab_visualizers] Extensions config 'extension.toml' doesn't exist '/home/rokey/IsaacLab/source/isaaclab_visualizers' or '/home/rokey/IsaacLab/source/isaaclab_visualizers/config'
2026-09-01T03:53:56Z [369ms] [Warning] [omni.usd_config.extension] Enable omni.materialx.libs extension to use MaterialX
2026-09-01T03:54:00Z [3,921ms] [Warning] [isaaclab_physx.physics.physx_manager] TGS solver with enable_external_forces_every_iteration=False may cause noisy velocities.
2026-09-01T03:54:00Z [4,047ms] [Warning] [omni.usd] Encountered USD Warnings but USD Diagnostics are currently muted. To view USD Warnings, please set the '/persistent/app/usd/muteUsdDiagnostics' setting to false in Preferences page.
2026-09-01T03:54:02Z [5,546ms] [Warning] [usdrt.population.plugin] Last global time was not created. Did you call setEnableUsdNoticeHandling?
[F9 2026-09-01 12:58:20] done  (59/64) learning/rl/robot/results/gate_f9_control_cylinder_cross_seed43000_20260901_072500
[F9 2026-09-01 12:58:20] start (60/64) static_cap/cylinder/cross_xy/seed43000 -> learning/rl/robot/results/gate_f9_static_cap_cylinder_cross_seed43000_20260901_072500
The '--headless' CLI argument is deprecated. Omit '--viz' for default headless. If config visualizers are enabled and you want to force headless, use '--viz none'.
WARNING: All log messages before absl::InitializeLog() is called are written to STDERR
E0000 00:00:1788235101.150372   21304 descriptor_database.cc:633] File already exists in database: grpc/health/v1/health.proto
W0000 00:00:1788235101.150401   21304 message.cc:301] Protobuf GeneratedMessageFactory: File is already registered: grpc/health/v1/health.proto
[ISAACLAB] AppLauncher initialization complete
[INFO]: Base environment:
	Environment device    : cuda:0
	Environment seed      : 20260901
	Physics step-size     : 0.008333333333333333
	Rendering step-size   : 0.05
	Environment step-size : 0.05
[INFO]: Registered backend 'physx' for factory Articulation.
[INFO] Robot /World/envs/env_0/Robot/m0609/m0609: 폴리싱 디스크 생성 완료 → /World/envs/env_0/Robot/m0609/m0609/polishing_contact_pad
[INFO]: Registered backend 'physx' for factory ContactSensor.
[INFO]: Time taken for scene creation Last: 1.020394 s, Mean: 1.020394 s, Std: 0.000000 s, N: 1
[INFO]: Scene manager:  <class InteractiveScene>
	Number of environments: 4
	Environment spacing   : 1.6
	Source prim name      : /World/envs/env_0
	Global prim paths     : []
	Replicate physics     : True
[INFO]: Starting the simulation. This may take a few seconds. Please wait...
[INFO]: Simulation parameters for joints in /World/envs/env_.*/Robot:
+--------------------------------------------------------------------------------------------------------------------------------------------------------------------+
|                                                 Simulation Joint Information (Prim path: /World/envs/env_.*/Robot)                                                 |
+-------+-----------+-----------+---------+----------+-----------------+------------------+------------------+---------------------+-----------------+---------------+
| Index | Name      | Stiffness | Damping | Armature | Static Friction | Dynamic Friction | Viscous Friction |   Position Limits   | Velocity Limits | Effort Limits |
+-------+-----------+-----------+---------+----------+-----------------+------------------+------------------+---------------------+-----------------+---------------+
|   0   | joint_1   |  1.0e+04  | 500.000 |  0.000   |      0.000      |      0.000       |      0.000       |   [-6.283, 6.283]   |      2.618      |    9.6e+03    |
|   1   | joint_2   |  1.0e+04  | 500.000 |  0.000   |      0.000      |      0.000       |      0.000       |   [-6.283, 6.283]   |      2.618      |    9.6e+03    |
|   2   | joint_3   |  1.0e+04  | 500.000 |  0.000   |      0.000      |      0.000       |      0.000       |   [-2.618, 2.618]   |      3.142      |    5.4e+03    |
|   3   | joint_4   |  1.0e+04  | 500.000 |  0.000   |      0.000      |      0.000       |      0.000       |   [-6.283, 6.283]   |      3.927      |    2.7e+03    |
|   4   | joint_5   |  1.0e+04  | 500.000 |  0.000   |      0.000      |      0.000       |      0.000       |   [-6.283, 6.283]   |      3.927      |    2.7e+03    |
|   5   | joint_6   |  1.0e+04  | 500.000 |  0.000   |      0.000      |      0.000       |      0.000       |   [-6.283, 6.283]   |      3.927      |    2.7e+03    |
|   6   | pad_joint |  2.0e+03  | 100.000 |  0.000   |      0.000      |      0.000       |      0.000       | [-3.4e+38, 3.4e+38] |     104.720     |    100.000    |
+-------+-----------+-----------+---------+----------+-----------------+------------------+------------------+---------------------+-----------------+---------------+
[INFO]: Time taken for simulation start Last: 0.684741 s, Mean: 0.684741 s, Std: 0.000000 s, N: 1
[INFO]: Completed setting up the environment...
[RobotPolishEnv] robot feed override 5.946 -> 12.700 mm/s (policy range 6.350~19.050 mm/s)
[RobotPolishEnv] v5 M0609+pad coupled | link_6 contact offset=[-0.0025 -0.02    0.0448] m
[FactoryPlanarRoiPolishEnv] Gate C so=0.40 edge=balanced_extend5 direction=cross_xy path=2.100m
[GateF7CurvedObservationEnv] mode=base14 obs_dim=14
[Gate F8] static_cap/cylinder/cross_xy step=1000 complete=0/4
[Gate F8] static_cap/cylinder/cross_xy step=2000 complete=0/4
[Gate F8] static_cap/cylinder/cross_xy step=3000 complete=0/4
[Gate F8] static_cap/cylinder/cross_xy step=4000 complete=3/4
[Gate F8] static_cap/cylinder/cross_xy step=5000 complete=3/4
[Gate F8] static_cap/cylinder/cross_xy step=6000 complete=3/4
{
  "all_finite": true,
  "checkpoint": "/home/rokey/cacadaca/learning/rl/robot/releases/gate_e7_seed1_it211_20260831_201801/model_gate_e7_seed1_it211.pt",
  "checkpoint_sha256": "c733763bfebd7fcead01cf2574bbd1621c4660b9347143cccb35e0e83449d052",
  "completed": 4,
  "created_utc": "2026-09-01T04:02:44.450507+00:00",
  "diagnostic_version": "gate_e6_local_window_area_v1",
  "direction_mode": "cross_xy",
  "envs_per_profile": 1,
  "expected": 4,
  "gate": "F8_FORCE_SAFETY",
  "observation_mode": "base14",
  "path": {
    "direction_mode": "cross_xy",
    "edge_mode": "balanced_extend5",
    "lines_per_sweep": 5,
    "path_length_m": 2.1,
    "path_mode": "gate_c",
    "step_over_m": 0.044000000000000004,
    "step_over_ratio": 0.4,
    "sweeps": 2
  },
  "physics_seed": 20260901,
  "policy_seed": 20260831,
  "profiles": [
    "legacy_stress",
    "factory_prepolish",
    "factory_prepolish_deep_defect",
    "factory_prepolish_deep_stress"
  ],
  "saved_iteration": 211,
  "shield_mode": "static_cap",
  "surface_kind": "cylinder",
  "surface_seed_base": 43000,
  "tile_rows": 100,
  "training_performed": false
}
[INFO]: SimulationContext cleared
Loading user config located at: '/home/rokey/isaacsim-6.0.1/kit/data/Kit/IsaacLab/3.0/user.config.json'
2026-09-01T03:58:21Z [0ms] [Warning] [omni.ext.plugin] [ext: isaaclab_visualizers] Extensions config 'extension.toml' doesn't exist '/home/rokey/IsaacLab/source/isaaclab_visualizers' or '/home/rokey/IsaacLab/source/isaaclab_visualizers/config'
2026-09-01T03:58:21Z [376ms] [Warning] [omni.usd_config.extension] Enable omni.materialx.libs extension to use MaterialX
2026-09-01T03:58:25Z [3,921ms] [Warning] [isaaclab_physx.physics.physx_manager] TGS solver with enable_external_forces_every_iteration=False may cause noisy velocities.
2026-09-01T03:58:25Z [4,040ms] [Warning] [omni.usd] Encountered USD Warnings but USD Diagnostics are currently muted. To view USD Warnings, please set the '/persistent/app/usd/muteUsdDiagnostics' setting to false in Preferences page.
2026-09-01T03:58:26Z [5,489ms] [Warning] [usdrt.population.plugin] Last global time was not created. Did you call setEnableUsdNoticeHandling?
[F9 2026-09-01 13:02:44] done  (60/64) learning/rl/robot/results/gate_f9_static_cap_cylinder_cross_seed43000_20260901_072500
[F9 2026-09-01 13:02:44] start (61/64) control/sphere/cross_xy/seed43000 -> learning/rl/robot/results/gate_f9_control_sphere_cross_seed43000_20260901_072500
The '--headless' CLI argument is deprecated. Omit '--viz' for default headless. If config visualizers are enabled and you want to force headless, use '--viz none'.
WARNING: All log messages before absl::InitializeLog() is called are written to STDERR
E0000 00:00:1788235365.098547   21783 descriptor_database.cc:633] File already exists in database: grpc/health/v1/health.proto
W0000 00:00:1788235365.098576   21783 message.cc:301] Protobuf GeneratedMessageFactory: File is already registered: grpc/health/v1/health.proto
[ISAACLAB] AppLauncher initialization complete
[INFO]: Base environment:
	Environment device    : cuda:0
	Environment seed      : 20260901
	Physics step-size     : 0.008333333333333333
	Rendering step-size   : 0.05
	Environment step-size : 0.05
[INFO]: Registered backend 'physx' for factory Articulation.
[INFO] Robot /World/envs/env_0/Robot/m0609/m0609: 폴리싱 디스크 생성 완료 → /World/envs/env_0/Robot/m0609/m0609/polishing_contact_pad
[INFO]: Registered backend 'physx' for factory ContactSensor.
[INFO]: Time taken for scene creation Last: 1.121567 s, Mean: 1.121567 s, Std: 0.000000 s, N: 1
[INFO]: Scene manager:  <class InteractiveScene>
	Number of environments: 4
	Environment spacing   : 1.6
	Source prim name      : /World/envs/env_0
	Global prim paths     : []
	Replicate physics     : True
[INFO]: Starting the simulation. This may take a few seconds. Please wait...
[INFO]: Simulation parameters for joints in /World/envs/env_.*/Robot:
+--------------------------------------------------------------------------------------------------------------------------------------------------------------------+
|                                                 Simulation Joint Information (Prim path: /World/envs/env_.*/Robot)                                                 |
+-------+-----------+-----------+---------+----------+-----------------+------------------+------------------+---------------------+-----------------+---------------+
| Index | Name      | Stiffness | Damping | Armature | Static Friction | Dynamic Friction | Viscous Friction |   Position Limits   | Velocity Limits | Effort Limits |
+-------+-----------+-----------+---------+----------+-----------------+------------------+------------------+---------------------+-----------------+---------------+
|   0   | joint_1   |  1.0e+04  | 500.000 |  0.000   |      0.000      |      0.000       |      0.000       |   [-6.283, 6.283]   |      2.618      |    9.6e+03    |
|   1   | joint_2   |  1.0e+04  | 500.000 |  0.000   |      0.000      |      0.000       |      0.000       |   [-6.283, 6.283]   |      2.618      |    9.6e+03    |
|   2   | joint_3   |  1.0e+04  | 500.000 |  0.000   |      0.000      |      0.000       |      0.000       |   [-2.618, 2.618]   |      3.142      |    5.4e+03    |
|   3   | joint_4   |  1.0e+04  | 500.000 |  0.000   |      0.000      |      0.000       |      0.000       |   [-6.283, 6.283]   |      3.927      |    2.7e+03    |
|   4   | joint_5   |  1.0e+04  | 500.000 |  0.000   |      0.000      |      0.000       |      0.000       |   [-6.283, 6.283]   |      3.927      |    2.7e+03    |
|   5   | joint_6   |  1.0e+04  | 500.000 |  0.000   |      0.000      |      0.000       |      0.000       |   [-6.283, 6.283]   |      3.927      |    2.7e+03    |
|   6   | pad_joint |  2.0e+03  | 100.000 |  0.000   |      0.000      |      0.000       |      0.000       | [-3.4e+38, 3.4e+38] |     104.720     |    100.000    |
+-------+-----------+-----------+---------+----------+-----------------+------------------+------------------+---------------------+-----------------+---------------+
[INFO]: Time taken for simulation start Last: 0.684137 s, Mean: 0.684137 s, Std: 0.000000 s, N: 1
[INFO]: Completed setting up the environment...
[RobotPolishEnv] robot feed override 5.946 -> 12.700 mm/s (policy range 6.350~19.050 mm/s)
[RobotPolishEnv] v5 M0609+pad coupled | link_6 contact offset=[-0.0025 -0.02    0.0448] m
[FactoryPlanarRoiPolishEnv] Gate C so=0.40 edge=balanced_extend5 direction=cross_xy path=2.100m
[GateF7CurvedObservationEnv] mode=base14 obs_dim=14
[Gate F8] control/sphere/cross_xy step=1000 complete=0/4
[Gate F8] control/sphere/cross_xy step=2000 complete=0/4
[Gate F8] control/sphere/cross_xy step=3000 complete=0/4
[Gate F8] control/sphere/cross_xy step=4000 complete=3/4
[Gate F8] control/sphere/cross_xy step=5000 complete=3/4
[Gate F8] control/sphere/cross_xy step=6000 complete=3/4
{
  "all_finite": true,
  "checkpoint": "/home/rokey/cacadaca/learning/rl/robot/releases/gate_e7_seed1_it211_20260831_201801/model_gate_e7_seed1_it211.pt",
  "checkpoint_sha256": "c733763bfebd7fcead01cf2574bbd1621c4660b9347143cccb35e0e83449d052",
  "completed": 4,
  "created_utc": "2026-09-01T04:07:09.528631+00:00",
  "diagnostic_version": "gate_e6_local_window_area_v1",
  "direction_mode": "cross_xy",
  "envs_per_profile": 1,
  "expected": 4,
  "gate": "F8_FORCE_SAFETY",
  "observation_mode": "base14",
  "path": {
    "direction_mode": "cross_xy",
    "edge_mode": "balanced_extend5",
    "lines_per_sweep": 5,
    "path_length_m": 2.1,
    "path_mode": "gate_c",
    "step_over_m": 0.044000000000000004,
    "step_over_ratio": 0.4,
    "sweeps": 2
  },
  "physics_seed": 20260901,
  "policy_seed": 20260831,
  "profiles": [
    "legacy_stress",
    "factory_prepolish",
    "factory_prepolish_deep_defect",
    "factory_prepolish_deep_stress"
  ],
  "saved_iteration": 211,
  "shield_mode": "control",
  "surface_kind": "sphere",
  "surface_seed_base": 43000,
  "tile_rows": 100,
  "training_performed": false
}
[INFO]: SimulationContext cleared
Loading user config located at: '/home/rokey/isaacsim-6.0.1/kit/data/Kit/IsaacLab/3.0/user.config.json'
2026-09-01T04:02:45Z [0ms] [Warning] [omni.ext.plugin] [ext: isaaclab_visualizers] Extensions config 'extension.toml' doesn't exist '/home/rokey/IsaacLab/source/isaaclab_visualizers' or '/home/rokey/IsaacLab/source/isaaclab_visualizers/config'
2026-09-01T04:02:45Z [371ms] [Warning] [omni.usd_config.extension] Enable omni.materialx.libs extension to use MaterialX
2026-09-01T04:02:48Z [3,873ms] [Warning] [isaaclab_physx.physics.physx_manager] TGS solver with enable_external_forces_every_iteration=False may cause noisy velocities.
2026-09-01T04:02:49Z [3,999ms] [Warning] [omni.usd] Encountered USD Warnings but USD Diagnostics are currently muted. To view USD Warnings, please set the '/persistent/app/usd/muteUsdDiagnostics' setting to false in Preferences page.
2026-09-01T04:02:50Z [5,538ms] [Warning] [usdrt.population.plugin] Last global time was not created. Did you call setEnableUsdNoticeHandling?
[F9 2026-09-01 13:07:09] done  (61/64) learning/rl/robot/results/gate_f9_control_sphere_cross_seed43000_20260901_072500
[F9 2026-09-01 13:07:09] start (62/64) static_cap/sphere/cross_xy/seed43000 -> learning/rl/robot/results/gate_f9_static_cap_sphere_cross_seed43000_20260901_072500
The '--headless' CLI argument is deprecated. Omit '--viz' for default headless. If config visualizers are enabled and you want to force headless, use '--viz none'.
WARNING: All log messages before absl::InitializeLog() is called are written to STDERR
E0000 00:00:1788235630.126023   22244 descriptor_database.cc:633] File already exists in database: grpc/health/v1/health.proto
W0000 00:00:1788235630.126111   22244 message.cc:301] Protobuf GeneratedMessageFactory: File is already registered: grpc/health/v1/health.proto
[ISAACLAB] AppLauncher initialization complete
[INFO]: Base environment:
	Environment device    : cuda:0
	Environment seed      : 20260901
	Physics step-size     : 0.008333333333333333
	Rendering step-size   : 0.05
	Environment step-size : 0.05
[INFO]: Registered backend 'physx' for factory Articulation.
[INFO] Robot /World/envs/env_0/Robot/m0609/m0609: 폴리싱 디스크 생성 완료 → /World/envs/env_0/Robot/m0609/m0609/polishing_contact_pad
[INFO]: Registered backend 'physx' for factory ContactSensor.
[INFO]: Time taken for scene creation Last: 1.102208 s, Mean: 1.102208 s, Std: 0.000000 s, N: 1
[INFO]: Scene manager:  <class InteractiveScene>
	Number of environments: 4
	Environment spacing   : 1.6
	Source prim name      : /World/envs/env_0
	Global prim paths     : []
	Replicate physics     : True
[INFO]: Starting the simulation. This may take a few seconds. Please wait...
[INFO]: Simulation parameters for joints in /World/envs/env_.*/Robot:
+--------------------------------------------------------------------------------------------------------------------------------------------------------------------+
|                                                 Simulation Joint Information (Prim path: /World/envs/env_.*/Robot)                                                 |
+-------+-----------+-----------+---------+----------+-----------------+------------------+------------------+---------------------+-----------------+---------------+
| Index | Name      | Stiffness | Damping | Armature | Static Friction | Dynamic Friction | Viscous Friction |   Position Limits   | Velocity Limits | Effort Limits |
+-------+-----------+-----------+---------+----------+-----------------+------------------+------------------+---------------------+-----------------+---------------+
|   0   | joint_1   |  1.0e+04  | 500.000 |  0.000   |      0.000      |      0.000       |      0.000       |   [-6.283, 6.283]   |      2.618      |    9.6e+03    |
|   1   | joint_2   |  1.0e+04  | 500.000 |  0.000   |      0.000      |      0.000       |      0.000       |   [-6.283, 6.283]   |      2.618      |    9.6e+03    |
|   2   | joint_3   |  1.0e+04  | 500.000 |  0.000   |      0.000      |      0.000       |      0.000       |   [-2.618, 2.618]   |      3.142      |    5.4e+03    |
|   3   | joint_4   |  1.0e+04  | 500.000 |  0.000   |      0.000      |      0.000       |      0.000       |   [-6.283, 6.283]   |      3.927      |    2.7e+03    |
|   4   | joint_5   |  1.0e+04  | 500.000 |  0.000   |      0.000      |      0.000       |      0.000       |   [-6.283, 6.283]   |      3.927      |    2.7e+03    |
|   5   | joint_6   |  1.0e+04  | 500.000 |  0.000   |      0.000      |      0.000       |      0.000       |   [-6.283, 6.283]   |      3.927      |    2.7e+03    |
|   6   | pad_joint |  2.0e+03  | 100.000 |  0.000   |      0.000      |      0.000       |      0.000       | [-3.4e+38, 3.4e+38] |     104.720     |    100.000    |
+-------+-----------+-----------+---------+----------+-----------------+------------------+------------------+---------------------+-----------------+---------------+
[INFO]: Time taken for simulation start Last: 0.700116 s, Mean: 0.700116 s, Std: 0.000000 s, N: 1
[INFO]: Completed setting up the environment...
[RobotPolishEnv] robot feed override 5.946 -> 12.700 mm/s (policy range 6.350~19.050 mm/s)
[RobotPolishEnv] v5 M0609+pad coupled | link_6 contact offset=[-0.0025 -0.02    0.0448] m
[FactoryPlanarRoiPolishEnv] Gate C so=0.40 edge=balanced_extend5 direction=cross_xy path=2.100m
[GateF7CurvedObservationEnv] mode=base14 obs_dim=14
[Gate F8] static_cap/sphere/cross_xy step=1000 complete=0/4
[Gate F8] static_cap/sphere/cross_xy step=2000 complete=0/4
[Gate F8] static_cap/sphere/cross_xy step=3000 complete=0/4
[Gate F8] static_cap/sphere/cross_xy step=4000 complete=3/4
[Gate F8] static_cap/sphere/cross_xy step=5000 complete=3/4
[Gate F8] static_cap/sphere/cross_xy step=6000 complete=3/4
{
  "all_finite": true,
  "checkpoint": "/home/rokey/cacadaca/learning/rl/robot/releases/gate_e7_seed1_it211_20260831_201801/model_gate_e7_seed1_it211.pt",
  "checkpoint_sha256": "c733763bfebd7fcead01cf2574bbd1621c4660b9347143cccb35e0e83449d052",
  "completed": 4,
  "created_utc": "2026-09-01T04:11:42.855536+00:00",
  "diagnostic_version": "gate_e6_local_window_area_v1",
  "direction_mode": "cross_xy",
  "envs_per_profile": 1,
  "expected": 4,
  "gate": "F8_FORCE_SAFETY",
  "observation_mode": "base14",
  "path": {
    "direction_mode": "cross_xy",
    "edge_mode": "balanced_extend5",
    "lines_per_sweep": 5,
    "path_length_m": 2.1,
    "path_mode": "gate_c",
    "step_over_m": 0.044000000000000004,
    "step_over_ratio": 0.4,
    "sweeps": 2
  },
  "physics_seed": 20260901,
  "policy_seed": 20260831,
  "profiles": [
    "legacy_stress",
    "factory_prepolish",
    "factory_prepolish_deep_defect",
    "factory_prepolish_deep_stress"
  ],
  "saved_iteration": 211,
  "shield_mode": "static_cap",
  "surface_kind": "sphere",
  "surface_seed_base": 43000,
  "tile_rows": 100,
  "training_performed": false
}
[INFO]: SimulationContext cleared
Loading user config located at: '/home/rokey/isaacsim-6.0.1/kit/data/Kit/IsaacLab/3.0/user.config.json'
2026-09-01T04:07:10Z [0ms] [Warning] [omni.ext.plugin] [ext: isaaclab_visualizers] Extensions config 'extension.toml' doesn't exist '/home/rokey/IsaacLab/source/isaaclab_visualizers' or '/home/rokey/IsaacLab/source/isaaclab_visualizers/config'
2026-09-01T04:07:10Z [369ms] [Warning] [omni.usd_config.extension] Enable omni.materialx.libs extension to use MaterialX
2026-09-01T04:07:14Z [3,967ms] [Warning] [isaaclab_physx.physics.physx_manager] TGS solver with enable_external_forces_every_iteration=False may cause noisy velocities.
2026-09-01T04:07:14Z [4,091ms] [Warning] [omni.usd] Encountered USD Warnings but USD Diagnostics are currently muted. To view USD Warnings, please set the '/persistent/app/usd/muteUsdDiagnostics' setting to false in Preferences page.
2026-09-01T04:07:15Z [5,626ms] [Warning] [usdrt.population.plugin] Last global time was not created. Did you call setEnableUsdNoticeHandling?
[F9 2026-09-01 13:11:43] done  (62/64) learning/rl/robot/results/gate_f9_static_cap_sphere_cross_seed43000_20260901_072500
[F9 2026-09-01 13:11:43] start (63/64) control/freeform/cross_xy/seed43000 -> learning/rl/robot/results/gate_f9_control_freeform_cross_seed43000_20260901_072500
The '--headless' CLI argument is deprecated. Omit '--viz' for default headless. If config visualizers are enabled and you want to force headless, use '--viz none'.
WARNING: All log messages before absl::InitializeLog() is called are written to STDERR
E0000 00:00:1788235903.460337   22836 descriptor_database.cc:633] File already exists in database: grpc/health/v1/health.proto
W0000 00:00:1788235903.460366   22836 message.cc:301] Protobuf GeneratedMessageFactory: File is already registered: grpc/health/v1/health.proto
[ISAACLAB] AppLauncher initialization complete
[INFO]: Base environment:
	Environment device    : cuda:0
	Environment seed      : 20260901
	Physics step-size     : 0.008333333333333333
	Rendering step-size   : 0.05
	Environment step-size : 0.05
[INFO]: Registered backend 'physx' for factory Articulation.
[INFO] Robot /World/envs/env_0/Robot/m0609/m0609: 폴리싱 디스크 생성 완료 → /World/envs/env_0/Robot/m0609/m0609/polishing_contact_pad
[INFO]: Registered backend 'physx' for factory ContactSensor.
[INFO]: Time taken for scene creation Last: 1.059146 s, Mean: 1.059146 s, Std: 0.000000 s, N: 1
[INFO]: Scene manager:  <class InteractiveScene>
	Number of environments: 4
	Environment spacing   : 1.6
	Source prim name      : /World/envs/env_0
	Global prim paths     : []
	Replicate physics     : True
[INFO]: Starting the simulation. This may take a few seconds. Please wait...
[INFO]: Simulation parameters for joints in /World/envs/env_.*/Robot:
+--------------------------------------------------------------------------------------------------------------------------------------------------------------------+
|                                                 Simulation Joint Information (Prim path: /World/envs/env_.*/Robot)                                                 |
+-------+-----------+-----------+---------+----------+-----------------+------------------+------------------+---------------------+-----------------+---------------+
| Index | Name      | Stiffness | Damping | Armature | Static Friction | Dynamic Friction | Viscous Friction |   Position Limits   | Velocity Limits | Effort Limits |
+-------+-----------+-----------+---------+----------+-----------------+------------------+------------------+---------------------+-----------------+---------------+
|   0   | joint_1   |  1.0e+04  | 500.000 |  0.000   |      0.000      |      0.000       |      0.000       |   [-6.283, 6.283]   |      2.618      |    9.6e+03    |
|   1   | joint_2   |  1.0e+04  | 500.000 |  0.000   |      0.000      |      0.000       |      0.000       |   [-6.283, 6.283]   |      2.618      |    9.6e+03    |
|   2   | joint_3   |  1.0e+04  | 500.000 |  0.000   |      0.000      |      0.000       |      0.000       |   [-2.618, 2.618]   |      3.142      |    5.4e+03    |
|   3   | joint_4   |  1.0e+04  | 500.000 |  0.000   |      0.000      |      0.000       |      0.000       |   [-6.283, 6.283]   |      3.927      |    2.7e+03    |
|   4   | joint_5   |  1.0e+04  | 500.000 |  0.000   |      0.000      |      0.000       |      0.000       |   [-6.283, 6.283]   |      3.927      |    2.7e+03    |
|   5   | joint_6   |  1.0e+04  | 500.000 |  0.000   |      0.000      |      0.000       |      0.000       |   [-6.283, 6.283]   |      3.927      |    2.7e+03    |
|   6   | pad_joint |  2.0e+03  | 100.000 |  0.000   |      0.000      |      0.000       |      0.000       | [-3.4e+38, 3.4e+38] |     104.720     |    100.000    |
+-------+-----------+-----------+---------+----------+-----------------+------------------+------------------+---------------------+-----------------+---------------+
[INFO]: Time taken for simulation start Last: 0.718899 s, Mean: 0.718899 s, Std: 0.000000 s, N: 1
[INFO]: Completed setting up the environment...
[RobotPolishEnv] robot feed override 5.946 -> 12.700 mm/s (policy range 6.350~19.050 mm/s)
[RobotPolishEnv] v5 M0609+pad coupled | link_6 contact offset=[-0.0025 -0.02    0.0448] m
[FactoryPlanarRoiPolishEnv] Gate C so=0.40 edge=balanced_extend5 direction=cross_xy path=2.100m
[GateF7CurvedObservationEnv] mode=base14 obs_dim=14
[Gate F8] control/freeform/cross_xy step=1000 complete=2/4
[Gate F8] control/freeform/cross_xy step=2000 complete=2/4
[Gate F8] control/freeform/cross_xy step=3000 complete=2/4
[Gate F8] control/freeform/cross_xy step=4000 complete=3/4
[Gate F8] control/freeform/cross_xy step=5000 complete=3/4
[Gate F8] control/freeform/cross_xy step=6000 complete=3/4
{
  "all_finite": true,
  "checkpoint": "/home/rokey/cacadaca/learning/rl/robot/releases/gate_e7_seed1_it211_20260831_201801/model_gate_e7_seed1_it211.pt",
  "checkpoint_sha256": "c733763bfebd7fcead01cf2574bbd1621c4660b9347143cccb35e0e83449d052",
  "completed": 4,
  "created_utc": "2026-09-01T04:17:32.514189+00:00",
  "diagnostic_version": "gate_e6_local_window_area_v1",
  "direction_mode": "cross_xy",
  "envs_per_profile": 1,
  "expected": 4,
  "gate": "F8_FORCE_SAFETY",
  "observation_mode": "base14",
  "path": {
    "direction_mode": "cross_xy",
    "edge_mode": "balanced_extend5",
    "lines_per_sweep": 5,
    "path_length_m": 2.1,
    "path_mode": "gate_c",
    "step_over_m": 0.044000000000000004,
    "step_over_ratio": 0.4,
    "sweeps": 2
  },
  "physics_seed": 20260901,
  "policy_seed": 20260831,
  "profiles": [
    "legacy_stress",
    "factory_prepolish",
    "factory_prepolish_deep_defect",
    "factory_prepolish_deep_stress"
  ],
  "saved_iteration": 211,
  "shield_mode": "control",
  "surface_kind": "freeform",
  "surface_seed_base": 43000,
  "tile_rows": 100,
  "training_performed": false
}
[INFO]: SimulationContext cleared
Loading user config located at: '/home/rokey/isaacsim-6.0.1/kit/data/Kit/IsaacLab/3.0/user.config.json'
2026-09-01T04:11:43Z [0ms] [Warning] [omni.ext.plugin] [ext: isaaclab_visualizers] Extensions config 'extension.toml' doesn't exist '/home/rokey/IsaacLab/source/isaaclab_visualizers' or '/home/rokey/IsaacLab/source/isaaclab_visualizers/config'
2026-09-01T04:11:43Z [383ms] [Warning] [omni.usd_config.extension] Enable omni.materialx.libs extension to use MaterialX
2026-09-01T04:11:47Z [4,039ms] [Warning] [isaaclab_physx.physics.physx_manager] TGS solver with enable_external_forces_every_iteration=False may cause noisy velocities.
2026-09-01T04:11:47Z [4,164ms] [Warning] [omni.usd] Encountered USD Warnings but USD Diagnostics are currently muted. To view USD Warnings, please set the '/persistent/app/usd/muteUsdDiagnostics' setting to false in Preferences page.
2026-09-01T04:11:49Z [5,671ms] [Warning] [usdrt.population.plugin] Last global time was not created. Did you call setEnableUsdNoticeHandling?
[F9 2026-09-01 13:17:32] done  (63/64) learning/rl/robot/results/gate_f9_control_freeform_cross_seed43000_20260901_072500
[F9 2026-09-01 13:17:32] start (64/64) static_cap/freeform/cross_xy/seed43000 -> learning/rl/robot/results/gate_f9_static_cap_freeform_cross_seed43000_20260901_072500
The '--headless' CLI argument is deprecated. Omit '--viz' for default headless. If config visualizers are enabled and you want to force headless, use '--viz none'.
WARNING: All log messages before absl::InitializeLog() is called are written to STDERR
E0000 00:00:1788236253.125902   23279 descriptor_database.cc:633] File already exists in database: grpc/health/v1/health.proto
W0000 00:00:1788236253.125934   23279 message.cc:301] Protobuf GeneratedMessageFactory: File is already registered: grpc/health/v1/health.proto
[ISAACLAB] AppLauncher initialization complete
[INFO]: Base environment:
	Environment device    : cuda:0
	Environment seed      : 20260901
	Physics step-size     : 0.008333333333333333
	Rendering step-size   : 0.05
	Environment step-size : 0.05
[INFO]: Registered backend 'physx' for factory Articulation.
[INFO] Robot /World/envs/env_0/Robot/m0609/m0609: 폴리싱 디스크 생성 완료 → /World/envs/env_0/Robot/m0609/m0609/polishing_contact_pad
[INFO]: Registered backend 'physx' for factory ContactSensor.
[INFO]: Time taken for scene creation Last: 1.169992 s, Mean: 1.169992 s, Std: 0.000000 s, N: 1
[INFO]: Scene manager:  <class InteractiveScene>
	Number of environments: 4
	Environment spacing   : 1.6
	Source prim name      : /World/envs/env_0
	Global prim paths     : []
	Replicate physics     : True
[INFO]: Starting the simulation. This may take a few seconds. Please wait...
[INFO]: Simulation parameters for joints in /World/envs/env_.*/Robot:
+--------------------------------------------------------------------------------------------------------------------------------------------------------------------+
|                                                 Simulation Joint Information (Prim path: /World/envs/env_.*/Robot)                                                 |
+-------+-----------+-----------+---------+----------+-----------------+------------------+------------------+---------------------+-----------------+---------------+
| Index | Name      | Stiffness | Damping | Armature | Static Friction | Dynamic Friction | Viscous Friction |   Position Limits   | Velocity Limits | Effort Limits |
+-------+-----------+-----------+---------+----------+-----------------+------------------+------------------+---------------------+-----------------+---------------+
|   0   | joint_1   |  1.0e+04  | 500.000 |  0.000   |      0.000      |      0.000       |      0.000       |   [-6.283, 6.283]   |      2.618      |    9.6e+03    |
|   1   | joint_2   |  1.0e+04  | 500.000 |  0.000   |      0.000      |      0.000       |      0.000       |   [-6.283, 6.283]   |      2.618      |    9.6e+03    |
|   2   | joint_3   |  1.0e+04  | 500.000 |  0.000   |      0.000      |      0.000       |      0.000       |   [-2.618, 2.618]   |      3.142      |    5.4e+03    |
|   3   | joint_4   |  1.0e+04  | 500.000 |  0.000   |      0.000      |      0.000       |      0.000       |   [-6.283, 6.283]   |      3.927      |    2.7e+03    |
|   4   | joint_5   |  1.0e+04  | 500.000 |  0.000   |      0.000      |      0.000       |      0.000       |   [-6.283, 6.283]   |      3.927      |    2.7e+03    |
|   5   | joint_6   |  1.0e+04  | 500.000 |  0.000   |      0.000      |      0.000       |      0.000       |   [-6.283, 6.283]   |      3.927      |    2.7e+03    |
|   6   | pad_joint |  2.0e+03  | 100.000 |  0.000   |      0.000      |      0.000       |      0.000       | [-3.4e+38, 3.4e+38] |     104.720     |    100.000    |
+-------+-----------+-----------+---------+----------+-----------------+------------------+------------------+---------------------+-----------------+---------------+
[INFO]: Time taken for simulation start Last: 0.787847 s, Mean: 0.787847 s, Std: 0.000000 s, N: 1
[INFO]: Completed setting up the environment...
[RobotPolishEnv] robot feed override 5.946 -> 12.700 mm/s (policy range 6.350~19.050 mm/s)
[RobotPolishEnv] v5 M0609+pad coupled | link_6 contact offset=[-0.0025 -0.02    0.0448] m
[FactoryPlanarRoiPolishEnv] Gate C so=0.40 edge=balanced_extend5 direction=cross_xy path=2.100m
[GateF7CurvedObservationEnv] mode=base14 obs_dim=14
[Gate F8] static_cap/freeform/cross_xy step=1000 complete=0/4
[Gate F8] static_cap/freeform/cross_xy step=2000 complete=0/4
[Gate F8] static_cap/freeform/cross_xy step=3000 complete=0/4
[Gate F8] static_cap/freeform/cross_xy step=4000 complete=3/4
[Gate F8] static_cap/freeform/cross_xy step=5000 complete=3/4
[Gate F8] static_cap/freeform/cross_xy step=6000 complete=3/4
{
  "all_finite": true,
  "checkpoint": "/home/rokey/cacadaca/learning/rl/robot/releases/gate_e7_seed1_it211_20260831_201801/model_gate_e7_seed1_it211.pt",
  "checkpoint_sha256": "c733763bfebd7fcead01cf2574bbd1621c4660b9347143cccb35e0e83449d052",
  "completed": 4,
  "created_utc": "2026-09-01T04:23:25.312269+00:00",
  "diagnostic_version": "gate_e6_local_window_area_v1",
  "direction_mode": "cross_xy",
  "envs_per_profile": 1,
  "expected": 4,
  "gate": "F8_FORCE_SAFETY",
  "observation_mode": "base14",
  "path": {
    "direction_mode": "cross_xy",
    "edge_mode": "balanced_extend5",
    "lines_per_sweep": 5,
    "path_length_m": 2.1,
    "path_mode": "gate_c",
    "step_over_m": 0.044000000000000004,
    "step_over_ratio": 0.4,
    "sweeps": 2
  },
  "physics_seed": 20260901,
  "policy_seed": 20260831,
  "profiles": [
    "legacy_stress",
    "factory_prepolish",
    "factory_prepolish_deep_defect",
    "factory_prepolish_deep_stress"
  ],
  "saved_iteration": 211,
  "shield_mode": "static_cap",
  "surface_kind": "freeform",
  "surface_seed_base": 43000,
  "tile_rows": 100,
  "training_performed": false
}
[INFO]: SimulationContext cleared
Loading user config located at: '/home/rokey/isaacsim-6.0.1/kit/data/Kit/IsaacLab/3.0/user.config.json'
2026-09-01T04:17:33Z [0ms] [Warning] [omni.ext.plugin] [ext: isaaclab_visualizers] Extensions config 'extension.toml' doesn't exist '/home/rokey/IsaacLab/source/isaaclab_visualizers' or '/home/rokey/IsaacLab/source/isaaclab_visualizers/config'
2026-09-01T04:17:33Z [415ms] [Warning] [omni.usd_config.extension] Enable omni.materialx.libs extension to use MaterialX
2026-09-01T04:17:37Z [4,451ms] [Warning] [isaaclab_physx.physics.physx_manager] TGS solver with enable_external_forces_every_iteration=False may cause noisy velocities.
2026-09-01T04:17:37Z [4,579ms] [Warning] [omni.usd] Encountered USD Warnings but USD Diagnostics are currently muted. To view USD Warnings, please set the '/persistent/app/usd/muteUsdDiagnostics' setting to false in Preferences page.
2026-09-01T04:17:39Z [6,258ms] [Warning] [usdrt.population.plugin] Last global time was not created. Did you call setEnableUsdNoticeHandling?
[F9 2026-09-01 13:23:25] done  (64/64) learning/rl/robot/results/gate_f9_static_cap_freeform_cross_seed43000_20260901_072500
[F9 2026-09-01 13:23:25] all 64/64 runs complete
