checkpoint,env,sequence,pass,tile_x,tile_y,gu_current,gu_optimistic_ceiling,gu_if_min_baseline,gu_if_cellwise_worst,gu_ceiling_if_min_baseline,gu_ceiling_if_cellwise_worst,ceiling_margin_to_target,q_clearcoat_current,q_clearcoat_min_baseline,q_clearcoat_cellwise_worst,clearcoat_initial_min_um,clearcoat_initial_mean_um,clearcoat_min_um,limiting_term_current,disposition
"model_bc_robot_tesla12p7.pt+finish(force=-1.000,feed=12.700)",6,0,1,0,0,68.675,78.0,68.675,68.675,78.0,78.0,8.0,0.89015,0.899185,0.887436,41.074,41.187,39.958,q_scratch,plausible_rework_candidate
"model_bc_robot_tesla12p7.pt+finish(force=-1.000,feed=12.700)",6,0,1,0,1,76.079,78.0,76.079,76.079,78.0,78.0,8.0,0.882009,0.889251,0.879775,41.265,41.357,40.017,q_uniformity,target_met
"model_bc_robot_tesla12p7.pt+finish(force=-1.000,feed=12.700)",6,0,1,0,2,75.105,78.0,75.105,75.105,78.0,78.0,8.0,0.846659,0.867805,0.860256,41.048,41.324,39.587,q_uniformity,target_met
"model_bc_robot_tesla12p7.pt+finish(force=-1.000,feed=12.700)",6,0,1,0,3,72.636,77.999,72.636,72.636,77.999,77.999,7.999,0.836723,0.872384,0.854987,40.462,40.908,39.127,q_scratch,target_met
"model_bc_robot_tesla12p7.pt+finish(force=-1.000,feed=12.700)",6,0,1,0,4,70.756,77.964,70.756,70.756,77.964,77.964,7.964,0.85369,0.880819,0.855238,40.14,40.462,38.932,q_scratch,target_met
"model_bc_robot_tesla12p7.pt+finish(force=-1.000,feed=12.700)",6,0,1,1,0,64.889,78.0,64.889,64.889,78.0,78.0,8.0,0.87355,0.898263,0.878025,40.691,40.993,39.603,q_scratch,plausible_rework_candidate
"model_bc_robot_tesla12p7.pt+finish(force=-1.000,feed=12.700)",6,0,1,1,1,65.251,77.996,65.251,65.251,77.996,77.996,7.996,0.855554,0.881579,0.877734,41.103,41.441,39.788,q_scratch,plausible_rework_candidate
"model_bc_robot_tesla12p7.pt+finish(force=-1.000,feed=12.700)",6,0,1,1,2,72.161,78.0,72.161,72.161,78.0,78.0,8.0,0.845569,0.871633,0.871633,41.486,41.84,40.011,q_scratch,target_met
"model_bc_robot_tesla12p7.pt+finish(force=-1.000,feed=12.700)",6,0,1,1,3,76.074,77.985,76.074,76.074,77.985,77.985,7.985,0.8084,0.861626,0.859391,41.106,41.838,39.57,q_uniformity,target_met
"model_bc_robot_tesla12p7.pt+finish(force=-1.000,feed=12.700)",6,0,1,1,4,59.783,77.764,59.783,59.783,77.764,77.764,7.764,0.79731,0.854028,0.845539,40.866,41.639,39.279,q_scratch,plausible_rework_candidate
"model_bc_robot_tesla12p7.pt+finish(force=-1.000,feed=12.700)",6,0,1,2,0,75.832,78.0,75.832,75.832,78.0,78.0,8.0,0.841205,0.883187,0.862426,40.0,40.499,38.832,q_uniformity,target_met
"model_bc_robot_tesla12p7.pt+finish(force=-1.000,feed=12.700)",6,0,1,2,1,65.758,78.0,65.758,65.758,78.0,78.0,8.0,0.820437,0.877912,0.862445,40.649,41.396,39.349,q_scratch,plausible_rework_candidate
"model_bc_robot_tesla12p7.pt+finish(force=-1.000,feed=12.700)",6,0,1,2,2,71.661,78.0,71.661,71.661,78.0,78.0,8.0,0.838159,0.879279,0.865518,41.914,42.498,40.475,q_scratch,target_met
"model_bc_robot_tesla12p7.pt+finish(force=-1.000,feed=12.700)",6,0,1,2,3,72.632,77.952,72.632,72.632,77.952,77.952,7.952,0.835372,0.881733,0.861017,42.477,43.17,41.002,q_scratch,target_met
"model_bc_robot_tesla12p7.pt+finish(force=-1.000,feed=12.700)",6,0,1,2,4,65.885,77.663,65.885,65.885,77.663,77.663,7.663,0.81706,0.871278,0.869829,42.54,43.372,40.926,q_scratch,plausible_rework_candidate
"model_bc_robot_tesla12p7.pt+finish(force=-1.000,feed=12.700)",6,0,1,3,0,75.208,78.0,75.208,75.208,78.0,78.0,8.0,0.865831,0.869382,0.863399,40.0,40.041,38.694,q_uniformity,target_met
"model_bc_robot_tesla12p7.pt+finish(force=-1.000,feed=12.700)",6,0,1,3,1,76.815,78.0,76.815,76.815,78.0,78.0,8.0,0.788016,0.871555,0.86221,40.036,41.1,38.747,q_uniformity,target_met
"model_bc_robot_tesla12p7.pt+finish(force=-1.000,feed=12.700)",6,0,1,3,2,71.542,78.0,71.542,71.542,78.0,78.0,8.0,0.813143,0.870244,0.867271,42.075,42.923,40.508,q_scratch,target_met
"model_bc_robot_tesla12p7.pt+finish(force=-1.000,feed=12.700)",6,0,1,3,3,71.865,77.584,71.865,71.865,77.584,77.584,7.584,0.832434,0.882667,0.879501,43.472,44.285,41.892,q_scratch,target_met
"model_bc_robot_tesla12p7.pt+finish(force=-1.000,feed=12.700)",6,0,1,3,4,74.632,76.945,74.632,74.632,76.945,76.945,6.945,0.84209,0.885094,0.878446,44.175,44.899,42.546,q_uniformity,target_met
"model_bc_robot_tesla12p7.pt+finish(force=-1.000,feed=12.700)",6,0,1,4,0,75.806,78.0,75.806,75.806,78.0,78.0,8.0,0.88923,0.88923,0.88923,40.0,40.0,38.892,q_uniformity,target_met
"model_bc_robot_tesla12p7.pt+finish(force=-1.000,feed=12.700)",6,0,1,4,1,76.078,78.0,76.078,76.078,78.0,78.0,8.0,0.820063,0.885951,0.88593,40.0,40.803,38.86,q_uniformity,target_met
"model_bc_robot_tesla12p7.pt+finish(force=-1.000,feed=12.700)",6,0,1,4,2,69.993,78.0,69.993,69.993,78.0,78.0,8.0,0.817892,0.890379,0.885721,42.004,43.067,40.688,q_scratch,plausible_rework_candidate
"model_bc_robot_tesla12p7.pt+finish(force=-1.000,feed=12.700)",6,0,1,4,3,68.71,77.7,68.71,68.71,77.7,77.7,7.7,0.848104,0.896148,0.892954,44.075,44.872,42.613,q_scratch,plausible_rework_candidate
"model_bc_robot_tesla12p7.pt+finish(force=-1.000,feed=12.700)",6,0,1,4,4,74.669,77.325,74.669,74.669,77.325,77.325,7.325,0.873725,0.900942,0.900942,45.272,45.748,43.759,q_uniformity,target_met
"model_bc_robot_tesla12p7.pt+finish(force=-1.000,feed=12.700)",13,0,1,0,0,75.96,78.0,75.96,75.96,78.0,78.0,8.0,0.940131,0.962554,0.953092,43.889,44.22,43.369,q_uniformity,target_met
"model_bc_robot_tesla12p7.pt+finish(force=-1.000,feed=12.700)",13,0,1,0,1,76.16,78.0,76.16,76.16,78.0,78.0,8.0,0.910775,0.962094,0.940767,42.62,43.331,42.142,q_uniformity,target_met
"model_bc_robot_tesla12p7.pt+finish(force=-1.000,feed=12.700)",13,0,1,0,2,76.457,78.0,76.457,76.457,78.0,78.0,8.0,0.881235,0.95064,0.934115,41.052,41.922,40.506,q_uniformity,target_met
"model_bc_robot_tesla12p7.pt+finish(force=-1.000,feed=12.700)",13,0,1,0,3,67.515,78.0,67.515,67.515,78.0,78.0,8.0,0.890106,0.939461,0.932203,40.0,40.554,39.395,q_scratch,plausible_rework_candidate
"model_bc_robot_tesla12p7.pt+finish(force=-1.000,feed=12.700)",13,0,1,0,4,76.22,78.0,76.22,76.22,78.0,78.0,8.0,0.934168,0.936654,0.931649,40.0,40.027,39.367,q_uniformity,target_met
"model_bc_robot_tesla12p7.pt+finish(force=-1.000,feed=12.700)",13,0,1,1,0,75.779,78.0,75.779,75.779,78.0,78.0,8.0,0.921841,0.946163,0.930211,44.053,44.424,43.297,q_uniformity,target_met
"model_bc_robot_tesla12p7.pt+finish(force=-1.000,feed=12.700)",13,0,1,1,1,75.664,78.0,75.664,75.664,78.0,78.0,8.0,0.885433,0.939197,0.914329,42.971,43.758,42.182,q_uniformity,target_met
"model_bc_robot_tesla12p7.pt+finish(force=-1.000,feed=12.700)",13,0,1,1,2,71.994,78.0,71.994,71.994,78.0,78.0,8.0,0.854507,0.933429,0.911218,41.651,42.728,40.876,q_scratch,target_met
"model_bc_robot_tesla12p7.pt+finish(force=-1.000,feed=12.700)",13,0,1,1,3,66.305,78.0,66.305,66.305,78.0,78.0,8.0,0.841255,0.932671,0.908532,40.6,41.752,39.887,q_scratch,plausible_rework_candidate
"model_bc_robot_tesla12p7.pt+finish(force=-1.000,feed=12.700)",13,0,1,1,4,75.964,78.0,75.964,75.964,78.0,78.0,8.0,0.859677,0.943563,0.91735,40.185,41.179,39.61,q_uniformity,target_met
"model_bc_robot_tesla12p7.pt+finish(force=-1.000,feed=12.700)",13,0,1,2,0,62.133,77.997,62.133,62.133,77.997,77.997,7.997,0.905596,0.923846,0.910125,44.421,44.711,43.323,q_scratch,plausible_rework_candidate
"model_bc_robot_tesla12p7.pt+finish(force=-1.000,feed=12.700)",13,0,1,2,1,65.244,77.999,65.244,65.244,77.999,77.999,7.999,0.876128,0.914808,0.896529,43.762,44.369,42.589,q_scratch,plausible_rework_candidate
"model_bc_robot_tesla12p7.pt+finish(force=-1.000,feed=12.700)",13,0,1,2,2,68.056,78.0,68.056,68.056,78.0,78.0,8.0,0.852283,0.909786,0.897557,43.009,43.886,41.835,q_scratch,plausible_rework_candidate
"model_bc_robot_tesla12p7.pt+finish(force=-1.000,feed=12.700)",13,0,1,2,3,67.696,77.981,67.696,67.696,77.981,77.981,7.981,0.843968,0.914294,0.903867,42.454,43.492,41.387,q_scratch,plausible_rework_candidate
"model_bc_robot_tesla12p7.pt+finish(force=-1.000,feed=12.700)",13,0,1,2,4,75.39,77.933,75.39,75.39,77.933,77.933,7.933,0.852683,0.925627,0.905564,42.248,43.296,41.337,q_uniformity,target_met
"model_bc_robot_tesla12p7.pt+finish(force=-1.000,feed=12.700)",13,0,1,3,0,67.138,77.41,67.138,67.138,77.41,77.41,7.41,0.886531,0.895763,0.892442,44.797,44.951,43.255,q_scratch,plausible_rework_candidate
"model_bc_robot_tesla12p7.pt+finish(force=-1.000,feed=12.700)",13,0,1,3,1,44.681,77.74,44.681,44.681,77.74,77.74,7.74,0.872211,0.890422,0.881436,44.581,44.886,42.983,q_ra,plausible_rework_candidate
"model_bc_robot_tesla12p7.pt+finish(force=-1.000,feed=12.700)",13,0,1,3,2,66.481,77.989,66.481,66.481,77.989,77.989,7.989,0.8739,0.901192,0.888443,44.416,44.867,42.992,q_scratch,plausible_rework_candidate
"model_bc_robot_tesla12p7.pt+finish(force=-1.000,feed=12.700)",13,0,1,3,3,65.852,77.701,65.852,65.852,77.701,77.701,7.701,0.870974,0.906484,0.89391,44.377,44.963,43.032,q_scratch,plausible_rework_candidate
"model_bc_robot_tesla12p7.pt+finish(force=-1.000,feed=12.700)",13,0,1,3,4,75.391,77.539,75.391,75.391,77.539,77.539,7.539,0.864536,0.907016,0.902903,44.378,45.084,43.041,q_uniformity,target_met
"model_bc_robot_tesla12p7.pt+finish(force=-1.000,feed=12.700)",13,0,1,4,0,75.027,77.57,75.027,75.027,77.57,77.57,7.57,0.89243,0.894797,0.894072,45.039,45.079,43.457,q_uniformity,target_met
"model_bc_robot_tesla12p7.pt+finish(force=-1.000,feed=12.700)",13,0,1,4,1,61.481,77.844,61.481,61.481,77.844,77.844,7.844,0.88116,0.887608,0.885523,45.049,45.159,43.357,q_scratch,plausible_rework_candidate
"model_bc_robot_tesla12p7.pt+finish(force=-1.000,feed=12.700)",13,0,1,4,2,46.465,77.989,46.465,46.465,77.989,77.989,7.989,0.887067,0.901557,0.893561,45.136,45.384,43.646,q_ra,plausible_rework_candidate
"model_bc_robot_tesla12p7.pt+finish(force=-1.000,feed=12.700)",13,0,1,4,3,75.966,77.891,75.966,75.966,77.891,77.891,7.891,0.875259,0.896017,0.895217,45.371,45.735,43.773,q_uniformity,target_met
"model_bc_robot_tesla12p7.pt+finish(force=-1.000,feed=12.700)",13,0,1,4,4,75.278,77.884,75.278,75.278,77.884,77.884,7.884,0.894109,0.914418,0.914418,45.666,46.022,44.325,q_uniformity,target_met
"model_bc_robot_tesla12p7.pt+finish(force=-1.000,feed=12.700)",13,0,2,0,0,75.044,78.0,75.044,75.044,78.0,78.0,8.0,0.91313,0.934909,0.925707,43.889,44.22,42.985,q_uniformity,target_met
"model_bc_robot_tesla12p7.pt+finish(force=-1.000,feed=12.700)",13,0,2,0,1,75.589,78.0,75.589,75.589,78.0,78.0,8.0,0.875609,0.924947,0.904173,42.62,43.331,41.673,q_uniformity,target_met
"model_bc_robot_tesla12p7.pt+finish(force=-1.000,feed=12.700)",13,0,2,0,2,76.019,78.0,76.019,76.019,78.0,78.0,8.0,0.837454,0.90341,0.889089,41.052,41.922,39.984,q_uniformity,target_met
"model_bc_robot_tesla12p7.pt+finish(force=-1.000,feed=12.700)",13,0,2,0,3,71.063,78.0,71.063,71.063,78.0,78.0,8.0,0.840976,0.887606,0.880702,40.0,40.554,38.876,q_scratch,target_met
"model_bc_robot_tesla12p7.pt+finish(force=-1.000,feed=12.700)",13,0,2,0,4,75.381,78.0,75.381,75.381,78.0,78.0,8.0,0.883013,0.885363,0.879533,40.0,40.027,38.854,q_uniformity,target_met
"model_bc_robot_tesla12p7.pt+finish(force=-1.000,feed=12.700)",13,0,2,1,0,75.246,78.0,75.246,75.246,78.0,78.0,8.0,0.894019,0.917607,0.903335,44.053,44.424,42.895,q_uniformity,target_met
"model_bc_robot_tesla12p7.pt+finish(force=-1.000,feed=12.700)",13,0,2,1,1,75.562,78.0,75.562,75.562,78.0,78.0,8.0,0.851215,0.902901,0.881983,42.971,43.758,41.711,q_uniformity,target_met
"model_bc_robot_tesla12p7.pt+finish(force=-1.000,feed=12.700)",13,0,2,1,2,72.792,78.0,72.792,72.792,78.0,78.0,8.0,0.813598,0.888742,0.872468,41.651,42.728,40.355,q_scratch,target_met
"model_bc_robot_tesla12p7.pt+finish(force=-1.000,feed=12.700)",13,0,2,1,3,69.583,78.0,69.583,69.583,78.0,78.0,8.0,0.796681,0.883253,0.867885,40.6,41.752,39.363,q_scratch,plausible_rework_candidate
"model_bc_robot_tesla12p7.pt+finish(force=-1.000,feed=12.700)",13,0,2,1,4,75.625,78.0,75.625,75.625,78.0,78.0,8.0,0.817097,0.896829,0.874998,40.185,41.179,39.134,q_uniformity,target_met
"model_bc_robot_tesla12p7.pt+finish(force=-1.000,feed=12.700)",13,0,2,2,0,64.665,77.997,64.665,64.665,77.997,77.997,7.997,0.87802,0.895714,0.882434,44.421,44.711,42.917,q_scratch,plausible_rework_candidate
"model_bc_robot_tesla12p7.pt+finish(force=-1.000,feed=12.700)",13,0,2,2,1,67.133,77.999,67.133,67.133,77.999,77.999,7.999,0.845007,0.882314,0.867115,43.762,44.369,42.142,q_scratch,plausible_rework_candidate
"model_bc_robot_tesla12p7.pt+finish(force=-1.000,feed=12.700)",13,0,2,2,2,70.154,78.0,70.154,70.154,78.0,78.0,8.0,0.816266,0.87134,0.862233,43.009,43.886,41.335,q_scratch,target_met
"model_bc_robot_tesla12p7.pt+finish(force=-1.000,feed=12.700)",13,0,2,2,3,70.223,77.981,70.223,70.223,77.981,77.981,7.981,0.805328,0.872435,0.867386,42.454,43.492,40.866,q_scratch,target_met
"model_bc_robot_tesla12p7.pt+finish(force=-1.000,feed=12.700)",13,0,2,2,4,74.971,77.933,74.971,74.971,77.933,77.933,7.933,0.813845,0.883466,0.869271,42.248,43.296,40.821,q_uniformity,target_met
"model_bc_robot_tesla12p7.pt+finish(force=-1.000,feed=12.700)",13,0,2,3,0,69.22,77.41,69.22,69.22,77.41,77.41,7.41,0.857528,0.866458,0.863271,44.797,44.951,42.821,q_scratch,plausible_rework_candidate
"model_bc_robot_tesla12p7.pt+finish(force=-1.000,feed=12.700)",13,0,2,3,1,48.687,77.74,48.687,48.687,77.74,77.74,7.74,0.842193,0.859777,0.850926,44.581,44.886,42.536,q_ra,plausible_rework_candidate
"model_bc_robot_tesla12p7.pt+finish(force=-1.000,feed=12.700)",13,0,2,3,2,68.478,77.989,68.478,68.478,77.989,77.989,7.989,0.843467,0.869808,0.859946,44.416,44.867,42.54,q_scratch,plausible_rework_candidate
"model_bc_robot_tesla12p7.pt+finish(force=-1.000,feed=12.700)",13,0,2,3,3,67.782,77.701,67.782,67.782,77.701,77.701,7.701,0.838344,0.872524,0.862513,44.377,44.963,42.544,q_scratch,plausible_rework_candidate
"model_bc_robot_tesla12p7.pt+finish(force=-1.000,feed=12.700)",13,0,2,3,4,75.213,77.539,75.213,75.213,77.539,77.539,7.539,0.831949,0.872828,0.870824,44.378,45.084,42.55,q_uniformity,target_met
"model_bc_robot_tesla12p7.pt+finish(force=-1.000,feed=12.700)",13,0,2,4,0,74.733,77.57,74.733,74.733,77.57,77.57,7.57,0.863372,0.865662,0.864486,45.039,45.079,43.019,q_uniformity,target_met
"model_bc_robot_tesla12p7.pt+finish(force=-1.000,feed=12.700)",13,0,2,4,1,63.413,77.844,63.413,63.413,77.844,77.844,7.844,0.852305,0.858541,0.856524,45.049,45.159,42.92,q_scratch,plausible_rework_candidate
"model_bc_robot_tesla12p7.pt+finish(force=-1.000,feed=12.700)",13,0,2,4,2,51.115,77.989,51.115,51.115,77.989,77.989,7.989,0.860674,0.874733,0.865121,45.136,45.384,43.24,q_ra,plausible_rework_candidate
"model_bc_robot_tesla12p7.pt+finish(force=-1.000,feed=12.700)",13,0,2,4,3,75.83,77.891,75.83,75.83,77.891,77.891,7.891,0.84718,0.867272,0.866137,45.371,45.735,43.331,q_uniformity,target_met
"model_bc_robot_tesla12p7.pt+finish(force=-1.000,feed=12.700)",13,0,2,4,4,74.883,77.884,74.883,74.883,77.884,77.884,7.884,0.865538,0.885198,0.885198,45.666,46.022,43.868,q_uniformity,target_met
"model_bc_robot_tesla12p7.pt+finish(force=-1.000,feed=12.700)",10,0,1,0,0,64.904,78.0,64.904,64.904,78.0,78.0,8.0,0.916615,0.92852,0.91301,44.742,44.934,43.688,q_scratch,plausible_rework_candidate
"model_bc_robot_tesla12p7.pt+finish(force=-1.000,feed=12.700)",10,0,1,0,1,49.656,77.971,49.656,49.656,77.971,77.971,7.971,0.896947,0.911824,0.895711,44.559,44.801,43.275,q_ra,plausible_rework_candidate
"model_bc_robot_tesla12p7.pt+finish(force=-1.000,feed=12.700)",10,0,1,0,2,50.626,78.0,50.626,50.626,78.0,78.0,8.0,0.887174,0.902884,0.892593,44.35,44.604,42.956,q_ra,plausible_rework_candidate
"model_bc_robot_tesla12p7.pt+finish(force=-1.000,feed=12.700)",10,0,1,0,3,57.15,77.993,57.15,57.15,77.993,77.993,7.993,0.887474,0.902152,0.88903,44.184,44.419,42.796,q_scratch,plausible_rework_candidate
"model_bc_robot_tesla12p7.pt+finish(force=-1.000,feed=12.700)",10,0,1,0,4,67.182,77.993,67.182,67.182,77.993,77.993,7.993,0.887964,0.899816,0.890984,44.117,44.306,42.703,q_scratch,plausible_rework_candidate
"model_bc_robot_tesla12p7.pt+finish(force=-1.000,feed=12.700)",10,0,1,1,0,67.403,78.0,67.403,67.403,78.0,78.0,8.0,0.875261,0.904787,0.89817,45.218,45.731,43.769,q_scratch,plausible_rework_candidate
"model_bc_robot_tesla12p7.pt+finish(force=-1.000,feed=12.700)",10,0,1,1,1,66.076,77.934,66.076,66.076,77.934,77.934,7.934,0.860551,0.89344,0.89344,45.058,45.633,43.453,q_scratch,plausible_rework_candidate
"model_bc_robot_tesla12p7.pt+finish(force=-1.000,feed=12.700)",10,0,1,1,2,70.094,78.0,70.094,70.094,78.0,78.0,8.0,0.861947,0.897435,0.892947,44.871,45.483,43.346,q_scratch,target_met
"model_bc_robot_tesla12p7.pt+finish(force=-1.000,feed=12.700)",10,0,1,1,3,70.442,77.988,70.442,70.442,77.988,77.988,7.988,0.859583,0.895482,0.893593,44.72,45.335,43.182,q_scratch,target_met
"model_bc_robot_tesla12p7.pt+finish(force=-1.000,feed=12.700)",10,0,1,1,4,68.806,77.998,68.806,68.806,77.998,77.998,7.998,0.864627,0.898943,0.895707,44.658,45.24,43.177,q_scratch,plausible_rework_candidate
"model_bc_robot_tesla12p7.pt+finish(force=-1.000,feed=12.700)",10,0,1,2,0,65.27,78.0,65.27,65.27,78.0,78.0,8.0,0.887854,0.920459,0.919748,46.345,46.946,45.045,q_scratch,plausible_rework_candidate
"model_bc_robot_tesla12p7.pt+finish(force=-1.000,feed=12.700)",10,0,1,2,1,76.561,78.0,76.561,76.561,78.0,78.0,8.0,0.86632,0.901757,0.901757,46.259,46.924,44.661,q_uniformity,target_met
"model_bc_robot_tesla12p7.pt+finish(force=-1.000,feed=12.700)",10,0,1,2,2,70.699,78.0,70.699,70.699,78.0,78.0,8.0,0.868369,0.907699,0.901855,46.145,46.877,44.655,q_scratch,target_met
"model_bc_robot_tesla12p7.pt+finish(force=-1.000,feed=12.700)",10,0,1,2,3,69.768,78.0,69.768,69.768,78.0,78.0,8.0,0.864826,0.906197,0.90528,46.041,46.808,44.536,q_scratch,plausible_rework_candidate
"model_bc_robot_tesla12p7.pt+finish(force=-1.000,feed=12.700)",10,0,1,2,4,70.885,78.0,70.885,70.885,78.0,78.0,8.0,0.872611,0.913959,0.911519,45.994,46.752,44.618,q_scratch,target_met
"model_bc_robot_tesla12p7.pt+finish(force=-1.000,feed=12.700)",10,0,1,3,0,76.135,78.0,76.135,76.135,78.0,78.0,8.0,0.912651,0.936721,0.935998,47.6,48.064,46.486,q_uniformity,target_met
"model_bc_robot_tesla12p7.pt+finish(force=-1.000,feed=12.700)",10,0,1,3,1,76.767,78.0,76.767,76.767,78.0,78.0,8.0,0.904725,0.93149,0.930771,47.622,48.143,46.415,q_uniformity,target_met
"model_bc_robot_tesla12p7.pt+finish(force=-1.000,feed=12.700)",10,0,1,3,2,71.181,78.0,71.181,71.181,78.0,78.0,8.0,0.904263,0.933654,0.930303,47.659,48.233,46.487,q_scratch,target_met
"model_bc_robot_tesla12p7.pt+finish(force=-1.000,feed=12.700)",10,0,1,3,3,76.751,77.895,76.751,76.751,77.895,77.895,7.895,0.893849,0.925809,0.923895,47.64,48.271,46.331,q_uniformity,target_met
"model_bc_robot_tesla12p7.pt+finish(force=-1.000,feed=12.700)",10,0,1,3,4,75.734,77.637,75.734,75.734,77.637,77.637,7.637,0.897482,0.930451,0.923205,47.619,48.267,46.394,q_uniformity,target_met
"model_bc_robot_tesla12p7.pt+finish(force=-1.000,feed=12.700)",10,0,1,4,0,76.134,78.0,76.134,76.134,78.0,78.0,8.0,0.944986,0.956331,0.954388,48.486,48.708,47.679,q_uniformity,target_met
"model_bc_robot_tesla12p7.pt+finish(force=-1.000,feed=12.700)",10,0,1,4,1,76.018,78.0,76.018,76.018,78.0,78.0,8.0,0.937516,0.952382,0.948042,48.568,48.862,47.684,q_uniformity,target_met
"model_bc_robot_tesla12p7.pt+finish(force=-1.000,feed=12.700)",10,0,1,4,2,69.897,78.0,69.897,69.897,78.0,78.0,8.0,0.930506,0.946412,0.940687,48.733,49.054,47.729,q_scratch,plausible_rework_candidate
"model_bc_robot_tesla12p7.pt+finish(force=-1.000,feed=12.700)",10,0,1,4,3,76.098,77.806,76.098,76.098,77.806,77.806,7.806,0.917242,0.93219,0.929152,48.863,49.17,47.584,q_uniformity,target_met
"model_bc_robot_tesla12p7.pt+finish(force=-1.000,feed=12.700)",10,0,1,4,4,48.33,77.364,48.33,48.33,77.364,77.364,7.364,0.911872,0.926153,0.924767,48.908,49.205,47.512,q_scratch,plausible_rework_candidate
"model_bc_robot_tesla12p7.pt+finish(force=-1.000,feed=12.700)",10,0,2,0,0,66.128,78.0,66.128,66.128,78.0,78.0,8.0,0.895226,0.906853,0.891148,44.742,44.934,43.369,q_scratch,plausible_rework_candidate
"model_bc_robot_tesla12p7.pt+finish(force=-1.000,feed=12.700)",10,0,2,0,1,54.547,77.971,54.547,54.547,77.971,77.971,7.971,0.871034,0.885481,0.869446,44.559,44.801,42.892,q_ra,plausible_rework_candidate
"model_bc_robot_tesla12p7.pt+finish(force=-1.000,feed=12.700)",10,0,2,0,2,56.504,78.0,56.504,56.504,78.0,78.0,8.0,0.859062,0.874275,0.864271,44.35,44.604,42.546,q_ra,plausible_rework_candidate
"model_bc_robot_tesla12p7.pt+finish(force=-1.000,feed=12.700)",10,0,2,0,3,62.487,77.993,62.487,62.487,77.993,77.993,7.993,0.858411,0.872608,0.857969,44.184,44.419,42.377,q_scratch,plausible_rework_candidate
"model_bc_robot_tesla12p7.pt+finish(force=-1.000,feed=12.700)",10,0,2,0,4,69.538,77.993,69.538,69.538,77.993,77.993,7.993,0.856447,0.867878,0.859939,44.117,44.306,42.252,q_scratch,plausible_rework_candidate
"model_bc_robot_tesla12p7.pt+finish(force=-1.000,feed=12.700)",10,0,2,1,0,69.74,78.0,69.74,69.74,78.0,78.0,8.0,0.852036,0.880779,0.874095,45.218,45.731,43.404,q_scratch,plausible_rework_candidate
"model_bc_robot_tesla12p7.pt+finish(force=-1.000,feed=12.700)",10,0,2,1,1,68.515,77.934,68.515,68.515,77.934,77.934,7.934,0.835016,0.866929,0.866929,45.058,45.633,43.054,q_scratch,plausible_rework_candidate
"model_bc_robot_tesla12p7.pt+finish(force=-1.000,feed=12.700)",10,0,2,1,2,71.211,78.0,71.211,71.211,78.0,78.0,8.0,0.835267,0.869656,0.864074,44.871,45.483,42.933,q_scratch,target_met
"model_bc_robot_tesla12p7.pt+finish(force=-1.000,feed=12.700)",10,0,2,1,3,72.675,77.988,72.675,72.675,77.988,77.988,7.988,0.830266,0.86494,0.864625,44.72,45.335,42.732,q_scratch,target_met
"model_bc_robot_tesla12p7.pt+finish(force=-1.000,feed=12.700)",10,0,2,1,4,72.48,77.998,72.48,72.48,77.998,77.998,7.998,0.834959,0.868097,0.864973,44.658,45.24,42.725,q_scratch,target_met
"model_bc_robot_tesla12p7.pt+finish(force=-1.000,feed=12.700)",10,0,2,2,0,68.204,78.0,68.204,68.204,78.0,78.0,8.0,0.866683,0.898511,0.897552,46.345,46.946,44.687,q_scratch,plausible_rework_candidate
"model_bc_robot_tesla12p7.pt+finish(force=-1.000,feed=12.700)",10,0,2,2,1,76.572,78.0,76.572,76.572,78.0,78.0,8.0,0.840603,0.874987,0.874987,46.259,46.924,44.226,q_uniformity,target_met
"model_bc_robot_tesla12p7.pt+finish(force=-1.000,feed=12.700)",10,0,2,2,2,73.405,78.0,73.405,73.405,78.0,78.0,8.0,0.842325,0.880476,0.874806,46.145,46.877,44.216,q_scratch,target_met
"model_bc_robot_tesla12p7.pt+finish(force=-1.000,feed=12.700)",10,0,2,2,3,72.828,78.0,72.828,72.828,78.0,78.0,8.0,0.832467,0.87229,0.870862,46.041,46.808,43.992,q_scratch,target_met
"model_bc_robot_tesla12p7.pt+finish(force=-1.000,feed=12.700)",10,0,2,2,4,73.432,78.0,73.432,73.432,78.0,78.0,8.0,0.841175,0.881034,0.878081,45.994,46.752,44.091,q_scratch,target_met
"model_bc_robot_tesla12p7.pt+finish(force=-1.000,feed=12.700)",10,0,2,3,0,76.111,78.0,76.111,76.111,78.0,78.0,8.0,0.889576,0.913037,0.912333,47.6,48.064,46.069,q_uniformity,target_met
"model_bc_robot_tesla12p7.pt+finish(force=-1.000,feed=12.700)",10,0,2,3,1,76.871,78.0,76.871,76.871,78.0,78.0,8.0,0.879414,0.90543,0.904429,47.622,48.143,45.956,q_uniformity,target_met
"model_bc_robot_tesla12p7.pt+finish(force=-1.000,feed=12.700)",10,0,2,3,2,73.561,78.0,73.561,73.561,78.0,78.0,8.0,0.876665,0.905159,0.899823,47.659,48.233,45.984,q_scratch,target_met
"model_bc_robot_tesla12p7.pt+finish(force=-1.000,feed=12.700)",10,0,2,3,3,76.485,77.895,76.485,76.485,77.895,77.895,7.895,0.864231,0.895132,0.894561,47.64,48.271,45.79,q_uniformity,target_met
"model_bc_robot_tesla12p7.pt+finish(force=-1.000,feed=12.700)",10,0,2,3,4,75.52,77.637,75.52,75.52,77.637,77.637,7.637,0.869597,0.901542,0.895001,47.619,48.267,45.885,q_uniformity,target_met
"model_bc_robot_tesla12p7.pt+finish(force=-1.000,feed=12.700)",10,0,2,4,0,75.629,78.0,75.629,75.629,78.0,78.0,8.0,0.919369,0.930407,0.927776,48.486,48.708,47.2,q_uniformity,target_met
"model_bc_robot_tesla12p7.pt+finish(force=-1.000,feed=12.700)",10,0,2,4,1,75.766,78.0,75.766,75.766,78.0,78.0,8.0,0.908919,0.923332,0.918599,48.568,48.862,47.144,q_uniformity,target_met
"model_bc_robot_tesla12p7.pt+finish(force=-1.000,feed=12.700)",10,0,2,4,2,72.63,78.0,72.63,72.63,78.0,78.0,8.0,0.903205,0.918644,0.913092,48.733,49.054,47.209,q_scratch,target_met
"model_bc_robot_tesla12p7.pt+finish(force=-1.000,feed=12.700)",10,0,2,4,3,76.207,77.806,76.207,76.207,77.806,77.806,7.806,0.893617,0.90818,0.904761,48.863,49.17,47.131,q_uniformity,target_met
"model_bc_robot_tesla12p7.pt+finish(force=-1.000,feed=12.700)",10,0,2,4,4,54.03,77.364,54.03,54.03,77.364,77.364,7.364,0.88819,0.9021,0.900967,48.908,49.205,47.057,q_scratch,plausible_rework_candidate
"model_bc_robot_tesla12p7.pt+finish(force=-1.000,feed=12.700)",2,0,1,0,0,44.864,78.0,44.864,44.864,78.0,78.0,8.0,0.895492,0.909456,0.891277,42.193,42.383,41.089,q_ra,plausible_rework_candidate
"model_bc_robot_tesla12p7.pt+finish(force=-1.000,feed=12.700)",2,0,1,0,1,68.862,78.0,68.862,68.862,78.0,78.0,8.0,0.875317,0.892899,0.8823,42.016,42.257,40.729,q_scratch,plausible_rework_candidate
"model_bc_robot_tesla12p7.pt+finish(force=-1.000,feed=12.700)",2,0,1,0,2,67.03,77.999,67.03,67.03,77.999,77.999,7.999,0.840079,0.859287,0.85086,41.737,42.005,40.086,q_scratch,plausible_rework_candidate
"model_bc_robot_tesla12p7.pt+finish(force=-1.000,feed=12.700)",2,0,1,0,3,73.576,77.949,73.576,73.576,77.949,77.949,7.949,0.84432,0.861716,0.853016,41.472,41.708,39.885,q_scratch,target_met
"model_bc_robot_tesla12p7.pt+finish(force=-1.000,feed=12.700)",2,0,1,0,4,65.867,77.835,65.867,65.867,77.835,77.835,7.835,0.857016,0.868248,0.858381,41.357,41.506,39.861,q_scratch,plausible_rework_candidate
"model_bc_robot_tesla12p7.pt+finish(force=-1.000,feed=12.700)",2,0,1,1,0,53.046,78.0,53.046,53.046,78.0,78.0,8.0,0.850807,0.89012,0.889456,42.692,43.279,41.298,q_ra,plausible_rework_candidate
"model_bc_robot_tesla12p7.pt+finish(force=-1.000,feed=12.700)",2,0,1,1,1,69.0,78.0,69.0,69.0,78.0,78.0,8.0,0.843363,0.8851,0.8767,42.478,43.096,41.045,q_scratch,plausible_rework_candidate
"model_bc_robot_tesla12p7.pt+finish(force=-1.000,feed=12.700)",2,0,1,1,2,68.051,77.999,68.051,68.051,77.999,77.999,7.999,0.817132,0.857482,0.856159,42.152,42.752,40.42,q_scratch,plausible_rework_candidate
"model_bc_robot_tesla12p7.pt+finish(force=-1.000,feed=12.700)",2,0,1,1,3,68.272,77.868,68.272,68.272,77.868,77.868,7.868,0.822219,0.858054,0.855166,41.845,42.361,40.163,q_scratch,plausible_rework_candidate
"model_bc_robot_tesla12p7.pt+finish(force=-1.000,feed=12.700)",2,0,1,1,4,66.718,77.562,66.718,66.718,77.562,77.562,7.562,0.837542,0.865241,0.859429,41.713,42.1,40.134,q_scratch,plausible_rework_candidate
"model_bc_robot_tesla12p7.pt+finish(force=-1.000,feed=12.700)",2,0,1,2,0,66.938,77.999,66.938,66.938,77.999,77.999,7.999,0.85041,0.90186,0.898155,43.968,44.813,42.597,q_scratch,plausible_rework_candidate
"model_bc_robot_tesla12p7.pt+finish(force=-1.000,feed=12.700)",2,0,1,2,1,76.359,78.0,76.359,76.359,78.0,78.0,8.0,0.833072,0.886242,0.886242,43.617,44.486,42.068,q_uniformity,target_met
"model_bc_robot_tesla12p7.pt+finish(force=-1.000,feed=12.700)",2,0,1,2,2,70.794,78.0,70.794,70.794,78.0,78.0,8.0,0.83435,0.884926,0.875386,43.121,43.917,41.611,q_scratch,target_met
"model_bc_robot_tesla12p7.pt+finish(force=-1.000,feed=12.700)",2,0,1,2,3,71.175,77.991,71.175,71.175,77.991,77.991,7.991,0.824156,0.865314,0.865314,42.677,43.31,40.969,q_scratch,target_met
"model_bc_robot_tesla12p7.pt+finish(force=-1.000,feed=12.700)",2,0,1,2,4,70.954,77.946,70.954,70.954,77.946,77.946,7.946,0.848746,0.877947,0.866851,42.489,42.918,40.964,q_scratch,target_met
"model_bc_robot_tesla12p7.pt+finish(force=-1.000,feed=12.700)",2,0,1,3,0,67.366,77.51,67.366,67.366,77.51,77.51,7.51,0.866087,0.913252,0.913252,45.61,46.46,44.256,q_scratch,plausible_rework_candidate
"model_bc_robot_tesla12p7.pt+finish(force=-1.000,feed=12.700)",2,0,1,3,1,69.004,77.823,69.004,69.004,77.823,77.823,7.823,0.840063,0.891722,0.891624,44.999,45.921,43.375,q_scratch,plausible_rework_candidate
"model_bc_robot_tesla12p7.pt+finish(force=-1.000,feed=12.700)",2,0,1,3,2,76.551,78.0,76.551,76.551,78.0,78.0,8.0,0.859355,0.909785,0.892556,44.194,45.027,42.914,q_uniformity,target_met
"model_bc_robot_tesla12p7.pt+finish(force=-1.000,feed=12.700)",2,0,1,3,3,70.191,78.0,70.191,70.191,78.0,78.0,8.0,0.871253,0.910504,0.908858,43.509,44.118,42.3,q_scratch,target_met
"model_bc_robot_tesla12p7.pt+finish(force=-1.000,feed=12.700)",2,0,1,3,4,75.528,78.0,75.528,75.528,78.0,78.0,8.0,0.889204,0.910874,0.902325,43.227,43.55,42.048,q_uniformity,target_met
"model_bc_robot_tesla12p7.pt+finish(force=-1.000,feed=12.700)",2,0,1,4,0,67.402,77.505,67.402,67.402,77.505,77.505,7.505,0.901831,0.930739,0.930739,46.994,47.539,45.817,q_scratch,plausible_rework_candidate
"model_bc_robot_tesla12p7.pt+finish(force=-1.000,feed=12.700)",2,0,1,4,1,67.949,77.846,67.949,67.949,77.846,77.846,7.846,0.899092,0.940165,0.928449,46.098,46.833,45.135,q_scratch,plausible_rework_candidate
"model_bc_robot_tesla12p7.pt+finish(force=-1.000,feed=12.700)",2,0,1,4,2,67.721,78.0,67.721,67.721,78.0,78.0,8.0,0.889507,0.932641,0.919842,44.961,45.687,43.954,q_scratch,plausible_rework_candidate
"model_bc_robot_tesla12p7.pt+finish(force=-1.000,feed=12.700)",2,0,1,4,3,70.657,78.0,70.657,70.657,78.0,78.0,8.0,0.900149,0.933627,0.926117,44.024,44.545,43.093,q_scratch,target_met
"model_bc_robot_tesla12p7.pt+finish(force=-1.000,feed=12.700)",2,0,1,4,4,70.569,78.0,70.569,70.569,78.0,78.0,8.0,0.929955,0.943478,0.933175,43.644,43.843,42.873,q_scratch,target_met
"model_bc_robot_tesla12p7.pt+finish(force=-1.000,feed=12.700)",2,0,2,0,0,48.528,78.0,48.528,48.528,78.0,78.0,8.0,0.865412,0.878906,0.860646,42.193,42.383,40.716,q_ra,plausible_rework_candidate
"model_bc_robot_tesla12p7.pt+finish(force=-1.000,feed=12.700)",2,0,2,0,1,71.117,78.0,71.117,71.117,78.0,78.0,8.0,0.840053,0.856926,0.847886,42.016,42.257,40.297,q_uniformity,target_met
"model_bc_robot_tesla12p7.pt+finish(force=-1.000,feed=12.700)",2,0,2,0,2,69.969,77.999,69.969,69.969,77.999,77.999,7.999,0.801789,0.820122,0.812079,41.737,42.005,39.626,q_scratch,plausible_rework_candidate
"model_bc_robot_tesla12p7.pt+finish(force=-1.000,feed=12.700)",2,0,2,0,3,74.998,77.949,74.998,74.998,77.949,77.949,7.949,0.807771,0.824413,0.815187,41.472,41.708,39.457,q_scratch,target_met
"model_bc_robot_tesla12p7.pt+finish(force=-1.000,feed=12.700)",2,0,2,0,4,68.299,77.835,68.299,68.299,77.835,77.835,7.835,0.819718,0.830461,0.821836,41.357,41.506,39.432,q_scratch,plausible_rework_candidate
"model_bc_robot_tesla12p7.pt+finish(force=-1.000,feed=12.700)",2,0,2,1,0,58.987,78.0,58.987,58.987,78.0,78.0,8.0,0.821588,0.85955,0.859102,42.692,43.279,40.91,q_scratch,plausible_rework_candidate
"model_bc_robot_tesla12p7.pt+finish(force=-1.000,feed=12.700)",2,0,2,1,1,71.076,78.0,71.076,71.076,78.0,78.0,8.0,0.811554,0.851717,0.843327,42.478,43.096,40.628,q_scratch,target_met
"model_bc_robot_tesla12p7.pt+finish(force=-1.000,feed=12.700)",2,0,2,1,2,69.703,77.999,69.703,69.703,77.999,77.999,7.999,0.783557,0.822249,0.820067,42.152,42.752,39.992,q_uniformity,plausible_rework_candidate
"model_bc_robot_tesla12p7.pt+finish(force=-1.000,feed=12.700)",2,0,2,1,3,69.845,77.868,69.845,69.845,77.868,77.868,7.868,0.790297,0.824741,0.821574,41.845,42.361,39.769,q_scratch,plausible_rework_candidate
"model_bc_robot_tesla12p7.pt+finish(force=-1.000,feed=12.700)",2,0,2,1,4,68.762,77.562,68.762,68.762,77.562,77.562,7.562,0.804335,0.830936,0.824848,41.713,42.1,39.732,q_scratch,plausible_rework_candidate
"model_bc_robot_tesla12p7.pt+finish(force=-1.000,feed=12.700)",2,0,2,2,0,69.713,77.999,69.713,69.713,77.999,77.999,7.999,0.824467,0.874347,0.870797,43.968,44.813,42.213,q_scratch,plausible_rework_candidate
"model_bc_robot_tesla12p7.pt+finish(force=-1.000,feed=12.700)",2,0,2,2,1,76.106,78.0,76.106,76.106,78.0,78.0,8.0,0.803107,0.854364,0.854364,43.617,44.486,41.634,q_uniformity,target_met
"model_bc_robot_tesla12p7.pt+finish(force=-1.000,feed=12.700)",2,0,2,2,2,72.528,78.0,72.528,72.528,78.0,78.0,8.0,0.803037,0.851715,0.840818,43.121,43.917,41.176,q_scratch,target_met
"model_bc_robot_tesla12p7.pt+finish(force=-1.000,feed=12.700)",2,0,2,2,3,73.464,77.991,73.464,73.464,77.991,77.991,7.991,0.790449,0.829924,0.829924,42.677,43.31,40.521,q_scratch,target_met
"model_bc_robot_tesla12p7.pt+finish(force=-1.000,feed=12.700)",2,0,2,2,4,72.581,77.946,72.581,72.581,77.946,77.946,7.946,0.814238,0.842252,0.831607,42.489,42.918,40.519,q_uniformity,target_met
"model_bc_robot_tesla12p7.pt+finish(force=-1.000,feed=12.700)",2,0,2,3,0,70.483,77.51,70.483,70.483,77.51,77.51,7.51,0.840443,0.886211,0.886211,45.61,46.46,43.834,q_uniformity,target_met
"model_bc_robot_tesla12p7.pt+finish(force=-1.000,feed=12.700)",2,0,2,3,1,71.582,77.823,71.582,71.582,77.823,77.823,7.823,0.808524,0.858244,0.858244,44.999,45.921,42.873,q_uniformity,target_met
"model_bc_robot_tesla12p7.pt+finish(force=-1.000,feed=12.700)",2,0,2,3,2,76.607,78.0,76.607,76.607,78.0,78.0,8.0,0.826533,0.875036,0.858813,44.194,45.027,42.421,q_uniformity,target_met
"model_bc_robot_tesla12p7.pt+finish(force=-1.000,feed=12.700)",2,0,2,3,3,73.229,78.0,73.229,73.229,78.0,78.0,8.0,0.836115,0.873783,0.872681,43.509,44.118,41.804,q_scratch,target_met
"model_bc_robot_tesla12p7.pt+finish(force=-1.000,feed=12.700)",2,0,2,3,4,75.386,78.0,75.386,75.386,78.0,78.0,8.0,0.850854,0.87159,0.863247,43.227,43.55,41.529,q_uniformity,target_met
"model_bc_robot_tesla12p7.pt+finish(force=-1.000,feed=12.700)",2,0,2,4,0,70.714,77.505,70.714,70.714,77.505,77.505,7.505,0.875655,0.903723,0.903723,46.994,47.539,45.358,q_scratch,target_met
"model_bc_robot_tesla12p7.pt+finish(force=-1.000,feed=12.700)",2,0,2,4,1,71.505,77.846,71.505,71.505,77.846,77.846,7.846,0.872122,0.911964,0.898418,46.098,46.833,44.681,q_scratch,target_met
"model_bc_robot_tesla12p7.pt+finish(force=-1.000,feed=12.700)",2,0,2,4,2,71.123,78.0,71.123,71.123,78.0,78.0,8.0,0.856197,0.897717,0.885605,44.961,45.687,43.431,q_scratch,target_met
"model_bc_robot_tesla12p7.pt+finish(force=-1.000,feed=12.700)",2,0,2,4,3,72.811,78.0,72.811,72.811,78.0,78.0,8.0,0.862487,0.894565,0.887814,44.024,44.545,42.545,q_scratch,target_met
"model_bc_robot_tesla12p7.pt+finish(force=-1.000,feed=12.700)",2,0,2,4,4,70.789,78.0,70.789,70.789,78.0,78.0,8.0,0.890958,0.903913,0.893567,43.644,43.843,42.333,q_scratch,target_met
"model_bc_robot_tesla12p7.pt+finish(force=-1.000,feed=12.700)",7,0,1,0,0,75.087,78.0,75.087,75.087,78.0,78.0,8.0,0.927987,0.944344,0.926093,42.949,43.177,42.228,q_uniformity,target_met
"model_bc_robot_tesla12p7.pt+finish(force=-1.000,feed=12.700)",7,0,1,0,1,75.422,78.0,75.422,75.422,78.0,78.0,8.0,0.890442,0.922109,0.905539,43.279,43.751,42.245,q_uniformity,target_met
"model_bc_robot_tesla12p7.pt+finish(force=-1.000,feed=12.700)",7,0,1,0,2,75.508,78.0,75.508,75.508,78.0,78.0,8.0,0.868413,0.904875,0.903703,44.122,44.715,42.779,q_uniformity,target_met
"model_bc_robot_tesla12p7.pt+finish(force=-1.000,feed=12.700)",7,0,1,0,3,75.111,78.0,75.111,75.111,78.0,78.0,8.0,0.872813,0.902821,0.898968,45.197,45.719,43.72,q_uniformity,target_met
"model_bc_robot_tesla12p7.pt+finish(force=-1.000,feed=12.700)",7,0,1,0,4,74.721,77.994,74.721,74.721,77.994,77.994,7.994,0.887887,0.902883,0.902883,46.087,46.359,44.525,q_uniformity,target_met
"model_bc_robot_tesla12p7.pt+finish(force=-1.000,feed=12.700)",7,0,1,1,0,61.521,78.0,61.521,61.521,78.0,78.0,8.0,0.895002,0.923806,0.899807,42.367,42.765,41.425,q_scratch,plausible_rework_candidate
"model_bc_robot_tesla12p7.pt+finish(force=-1.000,feed=12.700)",7,0,1,1,1,76.861,78.0,76.861,76.861,78.0,78.0,8.0,0.853936,0.897314,0.893829,42.721,43.368,41.415,q_uniformity,target_met
"model_bc_robot_tesla12p7.pt+finish(force=-1.000,feed=12.700)",7,0,1,1,2,76.016,78.0,76.016,76.016,78.0,78.0,8.0,0.852882,0.899984,0.88144,43.641,44.394,42.277,q_uniformity,target_met
"model_bc_robot_tesla12p7.pt+finish(force=-1.000,feed=12.700)",7,0,1,1,3,65.957,77.966,65.957,65.957,77.966,77.966,7.966,0.850922,0.88774,0.885298,44.839,45.481,43.173,q_scratch,plausible_rework_candidate
"model_bc_robot_tesla12p7.pt+finish(force=-1.000,feed=12.700)",7,0,1,1,4,66.42,77.74,66.42,66.42,77.74,77.74,7.74,0.877371,0.895661,0.895661,45.851,46.182,44.197,q_scratch,plausible_rework_candidate
"model_bc_robot_tesla12p7.pt+finish(force=-1.000,feed=12.700)",7,0,1,2,0,45.983,78.0,45.983,45.983,78.0,78.0,8.0,0.861705,0.897679,0.872377,41.582,42.065,40.397,q_ra,plausible_rework_candidate
"model_bc_robot_tesla12p7.pt+finish(force=-1.000,feed=12.700)",7,0,1,2,1,70.215,78.0,70.215,70.215,78.0,78.0,8.0,0.823338,0.875171,0.872285,41.987,42.742,40.491,q_scratch,target_met
"model_bc_robot_tesla12p7.pt+finish(force=-1.000,feed=12.700)",7,0,1,2,2,56.699,78.0,56.699,56.699,78.0,78.0,8.0,0.831057,0.885867,0.877008,43.058,43.919,41.567,q_scratch,plausible_rework_candidate
"model_bc_robot_tesla12p7.pt+finish(force=-1.000,feed=12.700)",7,0,1,2,3,60.429,77.946,60.429,60.429,77.946,77.946,7.946,0.848806,0.890361,0.880975,44.483,45.192,42.895,q_scratch,plausible_rework_candidate
"model_bc_robot_tesla12p7.pt+finish(force=-1.000,feed=12.700)",7,0,1,2,4,68.623,77.739,68.623,68.623,77.739,77.739,7.739,0.877246,0.894916,0.890491,45.71,46.026,44.059,q_scratch,plausible_rework_candidate
"model_bc_robot_tesla12p7.pt+finish(force=-1.000,feed=12.700)",7,0,1,3,0,75.802,78.0,75.802,75.802,78.0,78.0,8.0,0.876719,0.911743,0.879064,40.882,41.317,39.922,q_uniformity,target_met
"model_bc_robot_tesla12p7.pt+finish(force=-1.000,feed=12.700)",7,0,1,3,1,53.414,78.0,53.414,53.414,78.0,78.0,8.0,0.825049,0.879996,0.871494,41.348,42.104,39.986,q_scratch,plausible_rework_candidate
"model_bc_robot_tesla12p7.pt+finish(force=-1.000,feed=12.700)",7,0,1,3,2,75.59,78.0,75.59,75.59,78.0,78.0,8.0,0.826636,0.885948,0.87431,42.589,43.492,41.153,q_scratch,target_met
"model_bc_robot_tesla12p7.pt+finish(force=-1.000,feed=12.700)",7,0,1,3,3,76.712,77.987,76.712,76.712,77.987,77.987,7.987,0.843363,0.88804,0.882827,44.262,45.017,42.665,q_uniformity,target_met
"model_bc_robot_tesla12p7.pt+finish(force=-1.000,feed=12.700)",7,0,1,3,4,66.929,77.956,66.929,66.929,77.956,77.956,7.956,0.887267,0.905796,0.905414,45.699,46.027,44.22,q_scratch,plausible_rework_candidate
"model_bc_robot_tesla12p7.pt+finish(force=-1.000,feed=12.700)",7,0,1,4,0,75.122,78.0,75.122,75.122,78.0,78.0,8.0,0.901221,0.921871,0.881264,40.583,40.826,39.756,q_uniformity,target_met
"model_bc_robot_tesla12p7.pt+finish(force=-1.000,feed=12.700)",7,0,1,4,1,60.066,78.0,60.066,60.066,78.0,78.0,8.0,0.849104,0.896659,0.877539,41.078,41.699,39.933,q_scratch,plausible_rework_candidate
"model_bc_robot_tesla12p7.pt+finish(force=-1.000,feed=12.700)",7,0,1,4,2,54.679,78.0,54.679,54.679,78.0,78.0,8.0,0.837523,0.894814,0.876503,42.4,43.248,41.096,q_scratch,plausible_rework_candidate
"model_bc_robot_tesla12p7.pt+finish(force=-1.000,feed=12.700)",7,0,1,4,3,75.279,78.0,75.279,75.279,78.0,78.0,8.0,0.851477,0.897865,0.895625,44.189,44.962,42.74,q_uniformity,target_met
"model_bc_robot_tesla12p7.pt+finish(force=-1.000,feed=12.700)",7,0,1,4,4,75.088,78.0,75.088,75.088,78.0,78.0,8.0,0.894099,0.915805,0.915805,45.719,46.101,44.396,q_uniformity,target_met
"model_bc_robot_tesla12p7.pt+finish(force=-1.000,feed=12.700)",7,0,2,0,0,73.678,78.0,73.678,73.678,78.0,78.0,8.0,0.884988,0.900586,0.881503,42.949,43.177,41.662,q_uniformity,target_met
"model_bc_robot_tesla12p7.pt+finish(force=-1.000,feed=12.700)",7,0,2,0,1,74.685,78.0,74.685,74.685,78.0,78.0,8.0,0.846033,0.876121,0.854084,43.279,43.751,41.634,q_uniformity,target_met
"model_bc_robot_tesla12p7.pt+finish(force=-1.000,feed=12.700)",7,0,2,0,2,75.233,78.0,75.233,75.233,78.0,78.0,8.0,0.818999,0.853386,0.853386,44.122,44.715,42.052,q_uniformity,target_met
"model_bc_robot_tesla12p7.pt+finish(force=-1.000,feed=12.700)",7,0,2,0,3,74.977,78.0,74.977,74.977,78.0,78.0,8.0,0.827038,0.855472,0.85359,45.197,45.719,43.0,q_uniformity,target_met
"model_bc_robot_tesla12p7.pt+finish(force=-1.000,feed=12.700)",7,0,2,0,4,73.994,77.994,73.994,73.994,77.994,77.994,7.994,0.845215,0.85949,0.859072,46.087,46.359,43.827,q_uniformity,target_met
"model_bc_robot_tesla12p7.pt+finish(force=-1.000,feed=12.700)",7,0,2,1,0,65.51,78.0,65.51,65.51,78.0,78.0,8.0,0.852561,0.879999,0.851568,42.367,42.765,40.883,q_scratch,plausible_rework_candidate
"model_bc_robot_tesla12p7.pt+finish(force=-1.000,feed=12.700)",7,0,2,1,1,76.745,78.0,76.745,76.745,78.0,78.0,8.0,0.80756,0.848582,0.844507,42.721,43.368,40.795,q_uniformity,target_met
"model_bc_robot_tesla12p7.pt+finish(force=-1.000,feed=12.700)",7,0,2,1,2,76.042,78.0,76.042,76.042,78.0,78.0,8.0,0.808948,0.853624,0.83321,43.641,44.394,41.644,q_uniformity,target_met
"model_bc_robot_tesla12p7.pt+finish(force=-1.000,feed=12.700)",7,0,2,1,3,68.291,77.966,68.291,68.291,77.966,77.966,7.966,0.808024,0.842986,0.840256,44.839,45.481,42.509,q_scratch,plausible_rework_candidate
"model_bc_robot_tesla12p7.pt+finish(force=-1.000,feed=12.700)",7,0,2,1,4,69.63,77.74,69.63,69.63,77.74,77.74,7.74,0.836775,0.854218,0.854218,45.851,46.182,43.54,q_scratch,plausible_rework_candidate
"model_bc_robot_tesla12p7.pt+finish(force=-1.000,feed=12.700)",7,0,2,2,0,52.299,78.0,52.299,52.299,78.0,78.0,8.0,0.806645,0.84032,0.816353,41.582,42.065,39.732,q_ra,plausible_rework_candidate
"model_bc_robot_tesla12p7.pt+finish(force=-1.000,feed=12.700)",7,0,2,2,1,72.689,78.0,72.689,72.689,78.0,78.0,8.0,0.771109,0.819654,0.817094,41.987,42.742,39.825,q_scratch,target_met
"model_bc_robot_tesla12p7.pt+finish(force=-1.000,feed=12.700)",7,0,2,2,2,65.34,78.0,65.34,65.34,78.0,78.0,8.0,0.78636,0.838222,0.828687,43.058,43.919,40.945,q_scratch,plausible_rework_candidate
"model_bc_robot_tesla12p7.pt+finish(force=-1.000,feed=12.700)",7,0,2,2,3,66.111,77.946,66.111,66.111,77.946,77.946,7.946,0.805237,0.844658,0.835464,44.483,45.192,42.233,q_scratch,plausible_rework_candidate
"model_bc_robot_tesla12p7.pt+finish(force=-1.000,feed=12.700)",7,0,2,2,4,70.772,77.739,70.772,70.772,77.739,77.739,7.739,0.835078,0.851899,0.8476,45.71,46.026,43.383,q_uniformity,target_met
"model_bc_robot_tesla12p7.pt+finish(force=-1.000,feed=12.700)",7,0,2,3,0,75.605,78.0,75.605,75.605,78.0,78.0,8.0,0.816119,0.848722,0.819901,40.882,41.317,39.236,q_uniformity,target_met
"model_bc_robot_tesla12p7.pt+finish(force=-1.000,feed=12.700)",7,0,2,3,1,60.505,78.0,60.505,60.505,78.0,78.0,8.0,0.766825,0.817895,0.817395,41.348,42.104,39.281,q_scratch,plausible_rework_candidate
"model_bc_robot_tesla12p7.pt+finish(force=-1.000,feed=12.700)",7,0,2,3,2,76.864,78.0,76.864,76.864,78.0,78.0,8.0,0.777408,0.833188,0.822544,42.589,43.492,40.489,q_uniformity,target_met
"model_bc_robot_tesla12p7.pt+finish(force=-1.000,feed=12.700)",7,0,2,3,3,76.573,77.987,76.573,76.573,77.987,77.987,7.987,0.795234,0.837362,0.832786,44.262,45.017,41.942,q_uniformity,target_met
"model_bc_robot_tesla12p7.pt+finish(force=-1.000,feed=12.700)",7,0,2,3,4,71.645,77.956,71.645,71.645,77.956,77.956,7.956,0.843427,0.861041,0.860678,45.699,46.027,43.518,q_scratch,target_met
"model_bc_robot_tesla12p7.pt+finish(force=-1.000,feed=12.700)",7,0,2,4,0,74.537,78.0,74.537,74.537,78.0,78.0,8.0,0.833603,0.852704,0.817224,40.583,40.826,39.024,q_uniformity,target_met
"model_bc_robot_tesla12p7.pt+finish(force=-1.000,feed=12.700)",7,0,2,4,1,66.35,78.0,66.35,66.35,78.0,78.0,8.0,0.788124,0.832264,0.817017,41.078,41.699,39.22,q_scratch,plausible_rework_candidate
"model_bc_robot_tesla12p7.pt+finish(force=-1.000,feed=12.700)",7,0,2,4,2,62.766,78.0,62.766,62.766,78.0,78.0,8.0,0.784784,0.838467,0.821277,42.4,43.248,40.397,q_scratch,plausible_rework_candidate
"model_bc_robot_tesla12p7.pt+finish(force=-1.000,feed=12.700)",7,0,2,4,3,75.027,78.0,75.027,75.027,78.0,78.0,8.0,0.801245,0.844897,0.842918,44.189,44.962,41.988,q_uniformity,target_met
"model_bc_robot_tesla12p7.pt+finish(force=-1.000,feed=12.700)",7,0,2,4,4,74.164,78.0,74.164,74.164,78.0,78.0,8.0,0.843853,0.86434,0.86434,45.719,46.101,43.587,q_uniformity,target_met
"model_bc_robot_tesla12p7.pt+finish(force=-1.000,feed=12.700)",8,0,1,0,0,75.735,78.0,75.735,75.735,78.0,78.0,8.0,0.943154,0.958045,0.948917,43.1,43.307,42.551,q_uniformity,target_met
"model_bc_robot_tesla12p7.pt+finish(force=-1.000,feed=12.700)",8,0,1,0,1,75.582,78.0,75.582,75.582,78.0,78.0,8.0,0.899688,0.923462,0.923008,42.489,42.819,41.533,q_uniformity,target_met
"model_bc_robot_tesla12p7.pt+finish(force=-1.000,feed=12.700)",8,0,1,0,2,75.187,78.0,75.187,75.187,78.0,78.0,8.0,0.847366,0.877065,0.877065,41.672,42.081,40.237,q_uniformity,target_met
"model_bc_robot_tesla12p7.pt+finish(force=-1.000,feed=12.700)",8,0,1,0,3,76.254,77.997,76.254,76.254,77.997,77.997,7.997,0.824782,0.850856,0.850856,41.057,41.406,39.408,q_uniformity,target_met
"model_bc_robot_tesla12p7.pt+finish(force=-1.000,feed=12.700)",8,0,1,0,4,75.085,77.946,75.085,75.085,77.946,77.946,7.946,0.831967,0.846989,0.843463,40.826,41.022,39.17,q_uniformity,target_met
"model_bc_robot_tesla12p7.pt+finish(force=-1.000,feed=12.700)",8,0,1,1,0,75.696,78.0,75.696,75.696,78.0,78.0,8.0,0.921891,0.944789,0.929602,43.256,43.585,42.524,q_uniformity,target_met
"model_bc_robot_tesla12p7.pt+finish(force=-1.000,feed=12.700)",8,0,1,1,1,75.478,78.0,75.478,75.478,78.0,78.0,8.0,0.858664,0.892085,0.892085,42.434,42.918,41.092,q_uniformity,target_met
"model_bc_robot_tesla12p7.pt+finish(force=-1.000,feed=12.700)",8,0,1,1,2,68.092,78.0,68.092,68.092,78.0,78.0,8.0,0.813504,0.860213,0.857116,41.287,41.935,39.709,q_scratch,plausible_rework_candidate
"model_bc_robot_tesla12p7.pt+finish(force=-1.000,feed=12.700)",8,0,1,1,3,62.145,77.981,62.145,62.145,77.981,77.981,7.981,0.777733,0.822023,0.822023,40.473,41.069,38.609,q_scratch,plausible_rework_candidate
"model_bc_robot_tesla12p7.pt+finish(force=-1.000,feed=12.700)",8,0,1,1,4,66.37,77.712,66.37,66.37,77.712,77.712,7.712,0.793765,0.826207,0.818118,40.176,40.592,38.408,q_scratch,plausible_rework_candidate
"model_bc_robot_tesla12p7.pt+finish(force=-1.000,feed=12.700)",8,0,1,2,0,74.511,78.0,74.511,74.511,78.0,78.0,8.0,0.876613,0.897467,0.897294,43.486,43.806,42.103,q_uniformity,target_met
"model_bc_robot_tesla12p7.pt+finish(force=-1.000,feed=12.700)",8,0,1,2,1,75.493,78.0,75.493,75.493,78.0,78.0,8.0,0.822211,0.874341,0.8743,42.113,42.881,40.591,q_uniformity,target_met
"model_bc_robot_tesla12p7.pt+finish(force=-1.000,feed=12.700)",8,0,1,2,2,70.541,78.0,70.541,70.541,78.0,78.0,8.0,0.755689,0.821723,0.821723,40.61,41.538,38.719,q_scratch,target_met
"model_bc_robot_tesla12p7.pt+finish(force=-1.000,feed=12.700)",8,0,1,2,3,61.617,77.889,61.617,61.617,77.889,77.889,7.889,0.767137,0.798598,0.798598,40.0,40.41,37.986,q_scratch,plausible_rework_candidate
"model_bc_robot_tesla12p7.pt+finish(force=-1.000,feed=12.700)",8,0,1,2,4,75.928,77.384,75.928,75.928,77.384,77.384,7.384,0.7953,0.798037,0.798037,40.0,40.034,37.98,q_uniformity,target_met
"model_bc_robot_tesla12p7.pt+finish(force=-1.000,feed=12.700)",8,0,1,3,0,66.871,77.521,66.871,66.871,77.521,77.521,7.521,0.864609,0.895855,0.887938,43.271,43.751,41.889,q_scratch,plausible_rework_candidate
"model_bc_robot_tesla12p7.pt+finish(force=-1.000,feed=12.700)",8,0,1,3,1,67.894,77.834,67.894,67.894,77.834,77.834,7.834,0.791161,0.855214,0.855214,41.661,42.606,39.973,q_scratch,plausible_rework_candidate
"model_bc_robot_tesla12p7.pt+finish(force=-1.000,feed=12.700)",8,0,1,3,2,76.249,77.997,76.249,76.249,77.997,77.997,7.997,0.761452,0.8338,0.818112,40.0,40.95,38.338,q_uniformity,target_met
"model_bc_robot_tesla12p7.pt+finish(force=-1.000,feed=12.700)",8,0,1,3,3,65.802,77.318,65.802,65.802,77.318,77.318,7.318,0.803021,0.80488,0.80488,40.0,40.023,38.049,q_scratch,plausible_rework_candidate
"model_bc_robot_tesla12p7.pt+finish(force=-1.000,feed=12.700)",8,0,1,3,4,54.26,76.403,54.26,54.26,76.403,76.403,6.403,0.805964,0.805964,0.805964,40.0,40.0,38.06,q_ra,plausible_rework_candidate
"model_bc_robot_tesla12p7.pt+finish(force=-1.000,feed=12.700)",8,0,1,4,0,64.983,77.134,64.983,64.983,77.134,77.134,7.134,0.862689,0.892651,0.888386,43.125,43.581,41.716,q_scratch,plausible_rework_candidate
"model_bc_robot_tesla12p7.pt+finish(force=-1.000,feed=12.700)",8,0,1,4,1,56.926,77.716,56.926,56.926,77.716,77.716,7.716,0.800567,0.862765,0.85045,41.432,42.321,39.863,q_scratch,plausible_rework_candidate
"model_bc_robot_tesla12p7.pt+finish(force=-1.000,feed=12.700)",8,0,1,4,2,60.241,77.992,60.241,60.241,77.992,77.992,7.992,0.785431,0.827951,0.827951,40.0,40.541,38.28,q_scratch,plausible_rework_candidate
"model_bc_robot_tesla12p7.pt+finish(force=-1.000,feed=12.700)",8,0,1,4,3,69.292,77.679,69.292,69.292,77.679,77.679,7.679,0.812661,0.812661,0.812661,40.0,40.0,38.127,q_scratch,plausible_rework_candidate
"model_bc_robot_tesla12p7.pt+finish(force=-1.000,feed=12.700)",8,0,1,4,4,69.541,77.377,69.541,69.541,77.377,77.377,7.377,0.820475,0.820475,0.820475,40.0,40.0,38.205,q_scratch,plausible_rework_candidate
"model_bc_robot_tesla12p7.pt+finish(force=-1.000,feed=12.700)",8,0,2,0,0,74.712,78.0,74.712,74.712,78.0,78.0,8.0,0.913974,0.928404,0.919232,43.1,43.307,42.162,q_uniformity,target_met
"model_bc_robot_tesla12p7.pt+finish(force=-1.000,feed=12.700)",8,0,2,0,1,75.003,78.0,75.003,75.003,78.0,78.0,8.0,0.865342,0.888208,0.887245,42.489,42.819,41.093,q_uniformity,target_met
"model_bc_robot_tesla12p7.pt+finish(force=-1.000,feed=12.700)",8,0,2,0,2,74.894,78.0,74.894,74.894,78.0,78.0,8.0,0.809768,0.838149,0.838149,41.672,42.081,39.783,q_uniformity,target_met
"model_bc_robot_tesla12p7.pt+finish(force=-1.000,feed=12.700)",8,0,2,0,3,76.22,77.997,76.22,76.22,77.997,77.997,7.997,0.788126,0.813042,0.813042,41.057,41.406,38.99,q_uniformity,target_met
"model_bc_robot_tesla12p7.pt+finish(force=-1.000,feed=12.700)",8,0,2,0,4,74.68,77.946,74.68,74.68,77.946,77.946,7.946,0.793858,0.808192,0.804828,40.826,41.022,38.75,q_uniformity,target_met
"model_bc_robot_tesla12p7.pt+finish(force=-1.000,feed=12.700)",8,0,2,1,0,74.934,78.0,74.934,74.934,78.0,78.0,8.0,0.89018,0.912289,0.897625,43.256,43.585,42.093,q_uniformity,target_met
"model_bc_robot_tesla12p7.pt+finish(force=-1.000,feed=12.700)",8,0,2,1,1,75.176,78.0,75.176,75.176,78.0,78.0,8.0,0.821522,0.853497,0.853497,42.434,42.918,40.613,q_uniformity,target_met
"model_bc_robot_tesla12p7.pt+finish(force=-1.000,feed=12.700)",8,0,2,1,2,70.596,78.0,70.596,70.596,78.0,78.0,8.0,0.775746,0.820288,0.817049,41.287,41.935,39.259,q_scratch,target_met
"model_bc_robot_tesla12p7.pt+finish(force=-1.000,feed=12.700)",8,0,2,1,3,66.851,77.981,66.851,66.851,77.981,77.981,7.981,0.73956,0.781677,0.781677,40.473,41.069,38.186,q_scratch,plausible_rework_candidate
"model_bc_robot_tesla12p7.pt+finish(force=-1.000,feed=12.700)",8,0,2,1,4,68.093,77.712,68.093,68.093,77.712,77.712,7.712,0.752942,0.783715,0.776945,40.176,40.592,37.975,q_scratch,plausible_rework_candidate
"model_bc_robot_tesla12p7.pt+finish(force=-1.000,feed=12.700)",8,0,2,2,0,73.829,78.0,73.829,73.829,78.0,78.0,8.0,0.843621,0.863691,0.863525,43.486,43.806,41.647,q_uniformity,target_met
"model_bc_robot_tesla12p7.pt+finish(force=-1.000,feed=12.700)",8,0,2,2,1,75.389,78.0,75.389,75.389,78.0,78.0,8.0,0.786833,0.836721,0.836064,42.113,42.881,40.135,q_uniformity,target_met
"model_bc_robot_tesla12p7.pt+finish(force=-1.000,feed=12.700)",8,0,2,2,2,72.617,78.0,72.617,72.617,78.0,78.0,8.0,0.716854,0.779494,0.779494,40.61,41.538,38.271,q_scratch,target_met
"model_bc_robot_tesla12p7.pt+finish(force=-1.000,feed=12.700)",8,0,2,2,3,65.23,77.889,65.23,65.23,77.889,77.889,7.889,0.725145,0.754884,0.754884,40.0,40.41,37.549,q_scratch,plausible_rework_candidate
"model_bc_robot_tesla12p7.pt+finish(force=-1.000,feed=12.700)",8,0,2,2,4,75.927,77.384,75.927,75.927,77.384,77.384,7.384,0.751469,0.754056,0.754056,40.0,40.034,37.541,q_uniformity,target_met
"model_bc_robot_tesla12p7.pt+finish(force=-1.000,feed=12.700)",8,0,2,3,0,68.716,77.521,68.716,68.716,77.521,77.521,7.521,0.832606,0.862695,0.854435,43.271,43.751,41.449,q_scratch,plausible_rework_candidate
"model_bc_robot_tesla12p7.pt+finish(force=-1.000,feed=12.700)",8,0,2,3,1,70.674,77.834,70.674,70.674,77.834,77.834,7.834,0.7569,0.818179,0.818179,41.661,42.606,39.541,q_scratch,target_met
"model_bc_robot_tesla12p7.pt+finish(force=-1.000,feed=12.700)",8,0,2,3,2,76.106,77.997,76.106,76.106,77.997,77.997,7.997,0.723893,0.792673,0.775412,40.0,40.95,37.927,q_uniformity,target_met
"model_bc_robot_tesla12p7.pt+finish(force=-1.000,feed=12.700)",8,0,2,3,3,67.267,77.318,67.267,67.267,77.318,77.318,7.318,0.760101,0.761861,0.761861,40.0,40.023,37.619,q_scratch,plausible_rework_candidate
"model_bc_robot_tesla12p7.pt+finish(force=-1.000,feed=12.700)",8,0,2,3,4,59.948,76.403,59.948,59.948,76.403,76.403,6.403,0.762892,0.762892,0.762892,40.0,40.0,37.629,q_scratch,plausible_rework_candidate
"model_bc_robot_tesla12p7.pt+finish(force=-1.000,feed=12.700)",8,0,2,4,0,68.007,77.134,68.007,68.007,77.134,77.134,7.134,0.831892,0.860785,0.856595,43.125,43.581,41.298,q_scratch,plausible_rework_candidate
"model_bc_robot_tesla12p7.pt+finish(force=-1.000,feed=12.700)",8,0,2,4,1,64.286,77.716,64.286,64.286,77.716,77.716,7.716,0.765234,0.824688,0.812889,41.432,42.321,39.428,q_scratch,plausible_rework_candidate
"model_bc_robot_tesla12p7.pt+finish(force=-1.000,feed=12.700)",8,0,2,4,2,66.93,77.992,66.93,66.93,77.992,77.992,7.992,0.743576,0.78383,0.78383,40.0,40.541,37.838,q_scratch,plausible_rework_candidate
"model_bc_robot_tesla12p7.pt+finish(force=-1.000,feed=12.700)",8,0,2,4,3,71.009,77.679,71.009,71.009,77.679,77.679,7.679,0.7669,0.7669,0.7669,40.0,40.0,37.669,q_scratch,target_met
"model_bc_robot_tesla12p7.pt+finish(force=-1.000,feed=12.700)",8,0,2,4,4,70.976,77.377,70.976,70.976,77.377,77.377,7.377,0.776492,0.776492,0.776492,40.0,40.0,37.765,q_scratch,target_met
"model_bc_robot_tesla12p7.pt+finish(force=-1.000,feed=12.700)",1,0,1,0,0,60.918,78.0,60.918,60.918,78.0,78.0,8.0,0.887459,0.900333,0.890738,42.008,42.182,40.811,q_scratch,plausible_rework_candidate
"model_bc_robot_tesla12p7.pt+finish(force=-1.000,feed=12.700)",1,0,1,0,1,72.486,77.971,72.486,72.486,77.971,77.971,7.971,0.84687,0.870823,0.860578,41.5,41.825,40.014,q_scratch,target_met
"model_bc_robot_tesla12p7.pt+finish(force=-1.000,feed=12.700)",1,0,1,0,2,69.823,77.999,69.823,69.823,77.999,77.999,7.999,0.809828,0.843565,0.835682,40.659,41.103,38.991,q_scratch,plausible_rework_candidate
"model_bc_robot_tesla12p7.pt+finish(force=-1.000,feed=12.700)",1,0,1,0,3,62.476,77.977,62.476,62.476,77.977,77.977,7.977,0.814083,0.832585,0.824237,40.0,40.227,38.326,q_ra,plausible_rework_candidate
"model_bc_robot_tesla12p7.pt+finish(force=-1.000,feed=12.700)",1,0,1,0,4,70.089,77.932,70.089,70.089,77.932,77.932,7.932,0.825975,0.825975,0.825975,40.0,40.0,38.26,q_scratch,target_met
"model_bc_robot_tesla12p7.pt+finish(force=-1.000,feed=12.700)",1,0,1,1,0,66.628,78.0,66.628,66.628,78.0,78.0,8.0,0.860179,0.888793,0.870629,42.244,42.652,40.883,q_scratch,plausible_rework_candidate
"model_bc_robot_tesla12p7.pt+finish(force=-1.000,feed=12.700)",1,0,1,1,1,65.881,77.916,65.881,65.881,77.916,77.916,7.916,0.816942,0.853576,0.852477,41.661,42.184,39.954,q_scratch,plausible_rework_candidate
"model_bc_robot_tesla12p7.pt+finish(force=-1.000,feed=12.700)",1,0,1,1,2,76.794,77.997,76.794,76.794,77.997,77.997,7.997,0.789703,0.831279,0.827734,40.754,41.32,38.94,q_uniformity,target_met
"model_bc_robot_tesla12p7.pt+finish(force=-1.000,feed=12.700)",1,0,1,1,3,66.84,77.897,66.84,66.84,77.897,77.897,7.897,0.786756,0.812537,0.810979,40.0,40.328,38.125,q_scratch,plausible_rework_candidate
"model_bc_robot_tesla12p7.pt+finish(force=-1.000,feed=12.700)",1,0,1,1,4,67.666,77.642,67.666,67.666,77.642,77.642,7.642,0.810017,0.810017,0.810017,40.0,40.0,38.1,q_scratch,plausible_rework_candidate
"model_bc_robot_tesla12p7.pt+finish(force=-1.000,feed=12.700)",1,0,1,2,0,75.793,77.999,75.793,75.793,77.999,77.999,7.999,0.838648,0.879183,0.879183,42.9,43.524,41.342,q_uniformity,target_met
"model_bc_robot_tesla12p7.pt+finish(force=-1.000,feed=12.700)",1,0,1,2,1,66.564,78.0,66.564,66.564,78.0,78.0,8.0,0.806609,0.856189,0.856189,42.097,42.841,40.358,q_scratch,plausible_rework_candidate
"model_bc_robot_tesla12p7.pt+finish(force=-1.000,feed=12.700)",1,0,1,2,2,66.199,78.0,66.199,66.199,78.0,78.0,8.0,0.787089,0.837654,0.834845,40.982,41.687,39.199,q_scratch,plausible_rework_candidate
"model_bc_robot_tesla12p7.pt+finish(force=-1.000,feed=12.700)",1,0,1,2,3,57.035,77.962,57.035,57.035,77.962,77.962,7.962,0.776457,0.812895,0.812895,40.0,40.469,38.129,q_scratch,plausible_rework_candidate
"model_bc_robot_tesla12p7.pt+finish(force=-1.000,feed=12.700)",1,0,1,2,4,58.931,77.786,58.931,58.931,77.786,77.786,7.786,0.814781,0.814781,0.814781,40.0,40.0,38.148,q_scratch,plausible_rework_candidate
"model_bc_robot_tesla12p7.pt+finish(force=-1.000,feed=12.700)",1,0,1,3,0,68.303,77.672,68.303,68.303,77.672,77.672,7.672,0.84914,0.89239,0.892251,43.826,44.53,42.338,q_scratch,plausible_rework_candidate
"model_bc_robot_tesla12p7.pt+finish(force=-1.000,feed=12.700)",1,0,1,3,1,68.893,77.898,68.893,68.893,77.898,77.898,7.898,0.808726,0.865887,0.86574,42.688,43.585,40.986,q_scratch,plausible_rework_candidate
"model_bc_robot_tesla12p7.pt+finish(force=-1.000,feed=12.700)",1,0,1,3,2,68.37,78.0,68.37,68.37,78.0,78.0,8.0,0.801388,0.860743,0.860743,41.232,42.064,39.668,q_scratch,plausible_rework_candidate
"model_bc_robot_tesla12p7.pt+finish(force=-1.000,feed=12.700)",1,0,1,3,3,67.851,77.977,67.851,67.851,77.977,77.977,7.977,0.787646,0.831182,0.830249,40.0,40.553,38.312,q_scratch,plausible_rework_candidate
"model_bc_robot_tesla12p7.pt+finish(force=-1.000,feed=12.700)",1,0,1,3,4,75.521,77.954,75.521,75.521,77.954,77.954,7.954,0.833983,0.833983,0.833983,40.0,40.0,38.34,q_uniformity,target_met
"model_bc_robot_tesla12p7.pt+finish(force=-1.000,feed=12.700)",1,0,1,4,0,75.013,77.808,75.013,75.013,77.808,77.808,7.808,0.885105,0.918797,0.915971,44.66,45.218,43.47,q_uniformity,target_met
"model_bc_robot_tesla12p7.pt+finish(force=-1.000,feed=12.700)",1,0,1,4,1,76.247,77.954,76.247,76.247,77.954,77.954,7.954,0.853157,0.910399,0.904955,43.201,44.086,42.018,q_uniformity,target_met
"model_bc_robot_tesla12p7.pt+finish(force=-1.000,feed=12.700)",1,0,1,4,2,75.402,78.0,75.402,75.402,78.0,78.0,8.0,0.819837,0.884223,0.883518,41.404,42.299,40.083,q_uniformity,target_met
"model_bc_robot_tesla12p7.pt+finish(force=-1.000,feed=12.700)",1,0,1,4,3,75.57,78.0,75.57,75.57,78.0,78.0,8.0,0.824809,0.871776,0.871592,40.0,40.569,38.718,q_uniformity,target_met
"model_bc_robot_tesla12p7.pt+finish(force=-1.000,feed=12.700)",1,0,1,4,4,74.729,78.0,74.729,74.729,78.0,78.0,8.0,0.872272,0.872272,0.872272,40.0,40.0,38.723,q_uniformity,target_met
"model_bc_robot_tesla12p7.pt+finish(force=-1.000,feed=12.700)",1,0,2,0,0,63.51,78.0,63.51,63.51,78.0,78.0,8.0,0.858617,0.871072,0.860764,42.008,42.182,40.46,q_scratch,plausible_rework_candidate
"model_bc_robot_tesla12p7.pt+finish(force=-1.000,feed=12.700)",1,0,2,0,1,73.734,77.971,73.734,73.734,77.971,77.971,7.971,0.811644,0.834601,0.824783,41.5,41.825,39.598,q_uniformity,target_met
"model_bc_robot_tesla12p7.pt+finish(force=-1.000,feed=12.700)",1,0,2,0,2,71.097,77.999,71.097,71.097,77.999,77.999,7.999,0.771548,0.803691,0.795956,40.659,41.103,38.566,q_uniformity,target_met
"model_bc_robot_tesla12p7.pt+finish(force=-1.000,feed=12.700)",1,0,2,0,3,68.52,77.977,68.52,68.52,77.977,77.977,7.977,0.768527,0.785994,0.781949,40.0,40.227,37.86,q_uniformity,plausible_rework_candidate
"model_bc_robot_tesla12p7.pt+finish(force=-1.000,feed=12.700)",1,0,2,0,4,71.408,77.932,71.408,71.408,77.932,77.932,7.932,0.779528,0.779528,0.779528,40.0,40.0,37.795,q_uniformity,target_met
"model_bc_robot_tesla12p7.pt+finish(force=-1.000,feed=12.700)",1,0,2,1,0,68.788,78.0,68.788,68.788,78.0,78.0,8.0,0.830998,0.858642,0.83929,42.244,42.652,40.514,q_scratch,plausible_rework_candidate
"model_bc_robot_tesla12p7.pt+finish(force=-1.000,feed=12.700)",1,0,2,1,1,68.005,77.916,68.005,68.005,77.916,77.916,7.916,0.782214,0.81729,0.816295,41.661,42.184,39.531,q_scratch,plausible_rework_candidate
"model_bc_robot_tesla12p7.pt+finish(force=-1.000,feed=12.700)",1,0,2,1,2,76.725,77.997,76.725,76.725,77.997,77.997,7.997,0.751923,0.79151,0.788271,40.754,41.32,38.512,q_uniformity,target_met
"model_bc_robot_tesla12p7.pt+finish(force=-1.000,feed=12.700)",1,0,2,1,3,68.624,77.897,68.624,68.624,77.897,77.897,7.897,0.744538,0.768935,0.767387,40.0,40.328,37.689,q_scratch,plausible_rework_candidate
"model_bc_robot_tesla12p7.pt+finish(force=-1.000,feed=12.700)",1,0,2,1,4,69.08,77.642,69.08,69.08,77.642,77.642,7.642,0.765013,0.765013,0.765013,40.0,40.0,37.65,q_scratch,plausible_rework_candidate
"model_bc_robot_tesla12p7.pt+finish(force=-1.000,feed=12.700)",1,0,2,2,0,75.508,77.999,75.508,75.508,77.999,77.999,7.999,0.809428,0.848551,0.848551,42.9,43.524,40.946,q_uniformity,target_met
"model_bc_robot_tesla12p7.pt+finish(force=-1.000,feed=12.700)",1,0,2,2,1,68.804,78.0,68.804,68.804,78.0,78.0,8.0,0.774235,0.821825,0.821825,42.097,42.841,39.942,q_scratch,plausible_rework_candidate
"model_bc_robot_tesla12p7.pt+finish(force=-1.000,feed=12.700)",1,0,2,2,2,68.359,78.0,68.359,68.359,78.0,78.0,8.0,0.75144,0.799715,0.796582,40.982,41.687,38.782,q_scratch,plausible_rework_candidate
"model_bc_robot_tesla12p7.pt+finish(force=-1.000,feed=12.700)",1,0,2,2,3,61.451,77.962,61.451,61.451,77.962,77.962,7.962,0.732833,0.767223,0.767223,40.0,40.469,37.672,q_scratch,plausible_rework_candidate
"model_bc_robot_tesla12p7.pt+finish(force=-1.000,feed=12.700)",1,0,2,2,4,64.761,77.786,64.761,64.761,77.786,77.786,7.786,0.769228,0.769228,0.769228,40.0,40.0,37.692,q_scratch,plausible_rework_candidate
"model_bc_robot_tesla12p7.pt+finish(force=-1.000,feed=12.700)",1,0,2,3,0,70.332,77.672,70.332,70.332,77.672,77.672,7.672,0.819213,0.860939,0.860907,43.826,44.53,41.903,q_uniformity,target_met
"model_bc_robot_tesla12p7.pt+finish(force=-1.000,feed=12.700)",1,0,2,3,1,70.915,77.898,70.915,70.915,77.898,77.898,7.898,0.775583,0.830401,0.829904,42.688,43.585,40.536,q_uniformity,target_met
"model_bc_robot_tesla12p7.pt+finish(force=-1.000,feed=12.700)",1,0,2,3,2,70.757,78.0,70.757,70.757,78.0,78.0,8.0,0.764298,0.820906,0.820906,41.232,42.064,39.221,q_scratch,target_met
"model_bc_robot_tesla12p7.pt+finish(force=-1.000,feed=12.700)",1,0,2,3,3,70.646,77.977,70.646,70.646,77.977,77.977,7.977,0.741021,0.78198,0.781103,40.0,40.553,37.82,q_scratch,target_met
"model_bc_robot_tesla12p7.pt+finish(force=-1.000,feed=12.700)",1,0,2,3,4,75.322,77.954,75.322,75.322,77.954,77.954,7.954,0.78526,0.78526,0.78526,40.0,40.0,37.853,q_uniformity,target_met
"model_bc_robot_tesla12p7.pt+finish(force=-1.000,feed=12.700)",1,0,2,4,0,74.462,77.808,74.462,74.462,77.808,77.808,7.808,0.853778,0.886279,0.881789,44.66,45.218,42.993,q_uniformity,target_met
"model_bc_robot_tesla12p7.pt+finish(force=-1.000,feed=12.700)",1,0,2,4,1,76.204,77.954,76.204,76.204,77.954,77.954,7.954,0.820387,0.87543,0.870126,43.201,44.086,41.556,q_uniformity,target_met
"model_bc_robot_tesla12p7.pt+finish(force=-1.000,feed=12.700)",1,0,2,4,2,75.13,78.0,75.13,75.13,78.0,78.0,8.0,0.778045,0.839149,0.837896,41.404,42.299,39.569,q_uniformity,target_met
"model_bc_robot_tesla12p7.pt+finish(force=-1.000,feed=12.700)",1,0,2,4,3,75.332,78.0,75.332,75.332,78.0,78.0,8.0,0.774196,0.818281,0.818178,40.0,40.569,38.183,q_uniformity,target_met
"model_bc_robot_tesla12p7.pt+finish(force=-1.000,feed=12.700)",1,0,2,4,4,73.957,78.0,73.957,73.957,78.0,78.0,8.0,0.819257,0.819257,0.819257,40.0,40.0,38.193,q_uniformity,target_met
"model_bc_robot_tesla12p7.pt+finish(force=-1.000,feed=12.700)",15,0,1,0,0,59.706,78.0,59.706,59.706,78.0,78.0,8.0,0.877977,0.877977,0.877977,40.0,40.0,38.78,q_scratch,plausible_rework_candidate
"model_bc_robot_tesla12p7.pt+finish(force=-1.000,feed=12.700)",15,0,1,0,1,75.817,78.0,75.817,75.817,78.0,78.0,8.0,0.855911,0.855911,0.855911,40.0,40.0,38.559,q_uniformity,target_met
"model_bc_robot_tesla12p7.pt+finish(force=-1.000,feed=12.700)",15,0,1,0,2,75.551,78.0,75.551,75.551,78.0,78.0,8.0,0.853179,0.853179,0.853179,40.0,40.0,38.532,q_uniformity,target_met
"model_bc_robot_tesla12p7.pt+finish(force=-1.000,feed=12.700)",15,0,1,0,3,75.407,78.0,75.407,75.407,78.0,78.0,8.0,0.864612,0.864612,0.864612,40.0,40.0,38.646,q_uniformity,target_met
"model_bc_robot_tesla12p7.pt+finish(force=-1.000,feed=12.700)",15,0,1,0,4,75.362,78.0,75.362,75.362,78.0,78.0,8.0,0.901248,0.901248,0.901248,40.0,40.0,39.012,q_uniformity,target_met
"model_bc_robot_tesla12p7.pt+finish(force=-1.000,feed=12.700)",15,0,1,1,0,57.031,78.0,57.031,57.031,78.0,78.0,8.0,0.847959,0.847959,0.847959,40.0,40.0,38.48,q_scratch,plausible_rework_candidate
"model_bc_robot_tesla12p7.pt+finish(force=-1.000,feed=12.700)",15,0,1,1,1,52.933,77.998,52.933,52.933,77.998,77.998,7.998,0.816251,0.816251,0.816251,40.0,40.0,38.163,q_ra,plausible_rework_candidate
"model_bc_robot_tesla12p7.pt+finish(force=-1.000,feed=12.700)",15,0,1,1,2,63.877,78.0,63.877,63.877,78.0,78.0,8.0,0.816919,0.817034,0.817034,40.0,40.001,38.17,q_scratch,plausible_rework_candidate
"model_bc_robot_tesla12p7.pt+finish(force=-1.000,feed=12.700)",15,0,1,1,3,68.668,78.0,68.668,68.668,78.0,78.0,8.0,0.842999,0.847095,0.846497,40.0,40.049,38.471,q_scratch,plausible_rework_candidate
"model_bc_robot_tesla12p7.pt+finish(force=-1.000,feed=12.700)",15,0,1,1,4,65.837,78.0,65.837,65.837,78.0,78.0,8.0,0.868357,0.878609,0.86955,40.0,40.118,38.786,q_scratch,plausible_rework_candidate
"model_bc_robot_tesla12p7.pt+finish(force=-1.000,feed=12.700)",15,0,1,2,0,55.915,77.99,55.915,55.915,77.99,77.99,7.99,0.828997,0.845035,0.841299,40.0,40.193,38.45,q_scratch,plausible_rework_candidate
"model_bc_robot_tesla12p7.pt+finish(force=-1.000,feed=12.700)",15,0,1,2,1,63.455,77.996,63.455,63.455,77.996,77.996,7.996,0.785504,0.813616,0.813616,40.0,40.358,38.136,q_scratch,plausible_rework_candidate
"model_bc_robot_tesla12p7.pt+finish(force=-1.000,feed=12.700)",15,0,1,2,2,61.321,78.0,61.321,61.321,78.0,78.0,8.0,0.764172,0.813787,0.813787,40.0,40.649,38.138,q_scratch,plausible_rework_candidate
"model_bc_robot_tesla12p7.pt+finish(force=-1.000,feed=12.700)",15,0,1,2,3,71.58,77.988,71.58,71.58,77.988,77.988,7.988,0.815734,0.866802,0.849775,40.236,40.877,38.873,q_scratch,target_met
"model_bc_robot_tesla12p7.pt+finish(force=-1.000,feed=12.700)",15,0,1,2,4,75.071,77.959,75.071,75.071,77.959,77.959,7.959,0.830277,0.868264,0.852459,40.467,40.946,39.088,q_uniformity,target_met
"model_bc_robot_tesla12p7.pt+finish(force=-1.000,feed=12.700)",15,0,1,3,0,74.695,76.887,74.695,74.695,76.887,76.887,6.887,0.805941,0.855922,0.846505,40.819,41.49,39.26,q_uniformity,target_met
"model_bc_robot_tesla12p7.pt+finish(force=-1.000,feed=12.700)",15,0,1,3,1,59.948,77.553,59.948,59.948,77.553,77.553,7.553,0.794789,0.846238,0.832731,40.975,41.686,39.288,q_scratch,plausible_rework_candidate
"model_bc_robot_tesla12p7.pt+finish(force=-1.000,feed=12.700)",15,0,1,3,2,63.865,78.0,63.865,63.865,78.0,78.0,8.0,0.803532,0.846278,0.833431,41.268,41.868,39.536,q_scratch,plausible_rework_candidate
"model_bc_robot_tesla12p7.pt+finish(force=-1.000,feed=12.700)",15,0,1,3,3,64.147,77.213,64.147,64.147,77.213,77.213,7.213,0.817983,0.849163,0.844805,41.454,41.89,39.726,q_scratch,plausible_rework_candidate
"model_bc_robot_tesla12p7.pt+finish(force=-1.000,feed=12.700)",15,0,1,3,4,74.151,76.478,74.151,74.151,76.478,76.478,6.478,0.827308,0.854442,0.844349,41.452,41.828,39.785,q_uniformity,target_met
"model_bc_robot_tesla12p7.pt+finish(force=-1.000,feed=12.700)",15,0,1,4,0,53.583,76.929,53.583,53.583,76.929,76.929,6.929,0.841001,0.861287,0.853792,42.053,42.344,40.381,q_ra,plausible_rework_candidate
"model_bc_robot_tesla12p7.pt+finish(force=-1.000,feed=12.700)",15,0,1,4,1,49.472,77.626,49.472,49.472,77.626,77.626,7.626,0.830901,0.852925,0.850616,42.162,42.485,40.374,q_ra,plausible_rework_candidate
"model_bc_robot_tesla12p7.pt+finish(force=-1.000,feed=12.700)",15,0,1,4,2,70.562,78.0,70.562,70.562,78.0,78.0,8.0,0.83412,0.850284,0.847837,42.33,42.569,40.484,q_scratch,target_met
"model_bc_robot_tesla12p7.pt+finish(force=-1.000,feed=12.700)",15,0,1,4,3,66.014,77.267,66.014,66.014,77.267,77.267,7.267,0.835119,0.851455,0.847889,42.247,42.486,40.427,q_scratch,plausible_rework_candidate
"model_bc_robot_tesla12p7.pt+finish(force=-1.000,feed=12.700)",15,0,1,4,4,73.441,76.639,73.441,73.441,76.639,76.639,6.639,0.83997,0.853004,0.846489,42.167,42.355,40.378,q_uniformity,target_met
"model_bc_robot_tesla12p7.pt+finish(force=-1.000,feed=12.700)",15,0,2,0,0,62.653,78.0,62.653,62.653,78.0,78.0,8.0,0.836884,0.836884,0.836884,40.0,40.0,38.369,q_scratch,plausible_rework_candidate
"model_bc_robot_tesla12p7.pt+finish(force=-1.000,feed=12.700)",15,0,2,0,1,75.354,78.0,75.354,75.354,78.0,78.0,8.0,0.806926,0.806926,0.806926,40.0,40.0,38.069,q_uniformity,target_met
"model_bc_robot_tesla12p7.pt+finish(force=-1.000,feed=12.700)",15,0,2,0,2,75.137,78.0,75.137,75.137,78.0,78.0,8.0,0.803103,0.803103,0.803103,40.0,40.0,38.031,q_uniformity,target_met
"model_bc_robot_tesla12p7.pt+finish(force=-1.000,feed=12.700)",15,0,2,0,3,75.165,78.0,75.165,75.165,78.0,78.0,8.0,0.805852,0.805852,0.805852,40.0,40.0,38.059,q_uniformity,target_met
"model_bc_robot_tesla12p7.pt+finish(force=-1.000,feed=12.700)",15,0,2,0,4,74.357,78.0,74.357,74.357,78.0,78.0,8.0,0.838385,0.838385,0.838385,40.0,40.0,38.384,q_uniformity,target_met
"model_bc_robot_tesla12p7.pt+finish(force=-1.000,feed=12.700)",15,0,2,1,0,63.007,78.0,63.007,63.007,78.0,78.0,8.0,0.801847,0.801847,0.801847,40.0,40.0,38.018,q_scratch,plausible_rework_candidate
"model_bc_robot_tesla12p7.pt+finish(force=-1.000,feed=12.700)",15,0,2,1,1,58.973,77.998,58.973,58.973,77.998,77.998,7.998,0.76283,0.76283,0.76283,40.0,40.0,37.628,q_ra,plausible_rework_candidate
"model_bc_robot_tesla12p7.pt+finish(force=-1.000,feed=12.700)",15,0,2,1,2,66.437,78.0,66.437,66.437,78.0,78.0,8.0,0.763279,0.763387,0.763387,40.0,40.001,37.634,q_scratch,plausible_rework_candidate
"model_bc_robot_tesla12p7.pt+finish(force=-1.000,feed=12.700)",15,0,2,1,3,71.126,78.0,71.126,71.126,78.0,78.0,8.0,0.785597,0.789414,0.789341,40.0,40.049,37.894,q_scratch,target_met
"model_bc_robot_tesla12p7.pt+finish(force=-1.000,feed=12.700)",15,0,2,1,4,68.528,78.0,68.528,68.528,78.0,78.0,8.0,0.805019,0.814523,0.809469,40.0,40.118,38.145,q_scratch,plausible_rework_candidate
"model_bc_robot_tesla12p7.pt+finish(force=-1.000,feed=12.700)",15,0,2,2,0,61.14,77.99,61.14,61.14,77.99,77.99,7.99,0.782045,0.797174,0.793601,40.0,40.193,37.972,q_scratch,plausible_rework_candidate
"model_bc_robot_tesla12p7.pt+finish(force=-1.000,feed=12.700)",15,0,2,2,1,66.767,77.996,66.767,66.767,77.996,77.996,7.996,0.733626,0.759881,0.759881,40.0,40.358,37.599,q_scratch,plausible_rework_candidate
"model_bc_robot_tesla12p7.pt+finish(force=-1.000,feed=12.700)",15,0,2,2,2,67.112,78.0,67.112,67.112,78.0,78.0,8.0,0.713528,0.759854,0.759854,40.0,40.649,37.599,q_scratch,plausible_rework_candidate
"model_bc_robot_tesla12p7.pt+finish(force=-1.000,feed=12.700)",15,0,2,2,3,73.693,77.988,73.693,73.693,77.988,77.988,7.988,0.765336,0.813249,0.797417,40.236,40.877,38.324,q_scratch,target_met
"model_bc_robot_tesla12p7.pt+finish(force=-1.000,feed=12.700)",15,0,2,2,4,74.932,77.959,74.932,74.932,77.959,77.959,7.959,0.773786,0.809187,0.80305,40.467,40.946,38.469,q_uniformity,target_met
"model_bc_robot_tesla12p7.pt+finish(force=-1.000,feed=12.700)",15,0,2,3,0,74.427,76.887,74.427,74.427,76.887,76.887,6.887,0.762322,0.809598,0.800882,40.819,41.49,38.759,q_uniformity,target_met
"model_bc_robot_tesla12p7.pt+finish(force=-1.000,feed=12.700)",15,0,2,3,1,65.298,77.553,65.298,65.298,77.553,77.553,7.553,0.751737,0.8004,0.786275,40.975,41.686,38.785,q_scratch,plausible_rework_candidate
"model_bc_robot_tesla12p7.pt+finish(force=-1.000,feed=12.700)",15,0,2,3,2,67.108,78.0,67.108,67.108,78.0,78.0,8.0,0.760967,0.801449,0.786841,41.268,41.868,39.031,q_scratch,plausible_rework_candidate
"model_bc_robot_tesla12p7.pt+finish(force=-1.000,feed=12.700)",15,0,2,3,3,66.789,77.213,66.789,66.789,77.213,77.213,7.213,0.771465,0.800871,0.798134,41.454,41.89,39.173,q_scratch,plausible_rework_candidate
"model_bc_robot_tesla12p7.pt+finish(force=-1.000,feed=12.700)",15,0,2,3,4,73.91,76.478,73.91,73.91,76.478,76.478,6.478,0.780527,0.806126,0.798945,41.452,41.828,39.232,q_uniformity,target_met
"model_bc_robot_tesla12p7.pt+finish(force=-1.000,feed=12.700)",15,0,2,4,0,59.985,76.929,59.985,59.985,76.929,76.929,6.929,0.797465,0.816702,0.809586,42.053,42.344,39.844,q_uniformity,plausible_rework_candidate
"model_bc_robot_tesla12p7.pt+finish(force=-1.000,feed=12.700)",15,0,2,4,1,56.995,77.626,56.995,56.995,77.626,77.626,7.626,0.788559,0.809461,0.806326,42.162,42.485,39.845,q_ra,plausible_rework_candidate
"model_bc_robot_tesla12p7.pt+finish(force=-1.000,feed=12.700)",15,0,2,4,2,72.964,78.0,72.964,72.964,78.0,78.0,8.0,0.791892,0.807238,0.804915,42.33,42.569,39.953,q_uniformity,target_met
"model_bc_robot_tesla12p7.pt+finish(force=-1.000,feed=12.700)",15,0,2,4,3,68.214,77.267,68.214,68.214,77.267,77.267,7.267,0.793023,0.808536,0.80413,42.247,42.486,39.902,q_scratch,plausible_rework_candidate
"model_bc_robot_tesla12p7.pt+finish(force=-1.000,feed=12.700)",15,0,2,4,4,72.921,76.639,72.921,72.921,76.639,76.639,6.639,0.797161,0.80953,0.802664,42.167,42.355,39.849,q_uniformity,target_met
"model_bc_robot_tesla12p7.pt+finish(force=-1.000,feed=12.700)",4,0,1,0,0,74.796,78.0,74.796,74.796,78.0,78.0,8.0,0.903881,0.920929,0.920786,44.722,45.0,43.558,q_uniformity,target_met
"model_bc_robot_tesla12p7.pt+finish(force=-1.000,feed=12.700)",4,0,1,0,1,67.861,78.0,67.861,67.861,78.0,78.0,8.0,0.853613,0.897168,0.890674,43.408,44.092,42.029,q_scratch,plausible_rework_candidate
"model_bc_robot_tesla12p7.pt+finish(force=-1.000,feed=12.700)",4,0,1,0,2,70.879,78.0,70.879,70.879,78.0,78.0,8.0,0.804798,0.867404,0.853301,41.625,42.53,40.084,q_scratch,target_met
"model_bc_robot_tesla12p7.pt+finish(force=-1.000,feed=12.700)",4,0,1,0,3,72.056,77.996,72.056,72.056,77.996,77.996,7.996,0.774675,0.836243,0.820283,40.062,40.862,38.415,q_scratch,target_met
"model_bc_robot_tesla12p7.pt+finish(force=-1.000,feed=12.700)",4,0,1,0,4,63.841,77.948,63.841,63.841,77.948,77.948,7.948,0.82283,0.824919,0.820201,40.0,40.025,38.249,q_scratch,plausible_rework_candidate
"model_bc_robot_tesla12p7.pt+finish(force=-1.000,feed=12.700)",4,0,1,1,0,76.097,78.0,76.097,76.097,78.0,78.0,8.0,0.896308,0.912086,0.907587,44.726,44.985,43.432,q_uniformity,target_met
"model_bc_robot_tesla12p7.pt+finish(force=-1.000,feed=12.700)",4,0,1,1,1,75.874,78.0,75.874,75.874,78.0,78.0,8.0,0.847897,0.891353,0.880364,43.547,44.242,42.076,q_uniformity,target_met
"model_bc_robot_tesla12p7.pt+finish(force=-1.000,feed=12.700)",4,0,1,1,2,58.971,78.0,58.971,58.971,78.0,78.0,8.0,0.779686,0.845693,0.84189,41.956,42.968,40.111,q_scratch,plausible_rework_candidate
"model_bc_robot_tesla12p7.pt+finish(force=-1.000,feed=12.700)",4,0,1,1,3,54.405,77.976,54.405,54.405,77.976,77.976,7.976,0.747398,0.821878,0.819116,40.566,41.618,38.684,q_ra,plausible_rework_candidate
"model_bc_robot_tesla12p7.pt+finish(force=-1.000,feed=12.700)",4,0,1,1,4,67.443,77.739,67.443,67.443,77.739,77.739,7.739,0.771371,0.829219,0.821464,40.0,40.75,38.292,q_scratch,plausible_rework_candidate
"model_bc_robot_tesla12p7.pt+finish(force=-1.000,feed=12.700)",4,0,1,2,0,52.839,77.996,52.839,52.839,77.996,77.996,7.996,0.891795,0.908795,0.902536,44.83,45.113,43.478,q_scratch,plausible_rework_candidate
"model_bc_robot_tesla12p7.pt+finish(force=-1.000,feed=12.700)",4,0,1,2,1,61.934,77.999,61.934,61.934,77.999,77.999,7.999,0.8458,0.884591,0.874218,43.97,44.611,42.358,q_scratch,plausible_rework_candidate
"model_bc_robot_tesla12p7.pt+finish(force=-1.000,feed=12.700)",4,0,1,2,2,67.084,78.0,67.084,67.084,78.0,78.0,8.0,0.81793,0.878106,0.860534,42.825,43.769,41.262,q_scratch,plausible_rework_candidate
"model_bc_robot_tesla12p7.pt+finish(force=-1.000,feed=12.700)",4,0,1,2,3,67.09,77.905,67.09,67.09,77.905,77.905,7.905,0.782243,0.852175,0.833732,41.836,42.895,40.087,q_scratch,plausible_rework_candidate
"model_bc_robot_tesla12p7.pt+finish(force=-1.000,feed=12.700)",4,0,1,2,4,58.188,77.4,58.188,58.188,77.4,77.4,7.4,0.787257,0.850298,0.840856,41.427,42.342,39.716,q_scratch,plausible_rework_candidate
"model_bc_robot_tesla12p7.pt+finish(force=-1.000,feed=12.700)",4,0,1,3,0,49.948,77.639,49.948,49.948,77.639,77.639,7.639,0.894578,0.911057,0.901396,45.147,45.426,43.8,q_scratch,plausible_rework_candidate
"model_bc_robot_tesla12p7.pt+finish(force=-1.000,feed=12.700)",4,0,1,3,1,70.821,77.899,70.821,70.821,77.899,77.899,7.899,0.855565,0.885102,0.877363,44.63,45.135,42.949,q_scratch,target_met
"model_bc_robot_tesla12p7.pt+finish(force=-1.000,feed=12.700)",4,0,1,3,2,76.431,78.0,76.431,76.431,78.0,78.0,8.0,0.818646,0.859886,0.859886,43.971,44.675,42.013,q_uniformity,target_met
"model_bc_robot_tesla12p7.pt+finish(force=-1.000,feed=12.700)",4,0,1,3,3,68.667,77.153,68.667,68.667,77.153,77.153,7.153,0.805158,0.853345,0.85016,43.425,44.228,41.456,q_scratch,plausible_rework_candidate
"model_bc_robot_tesla12p7.pt+finish(force=-1.000,feed=12.700)",4,0,1,3,4,64.095,75.881,64.095,64.095,75.881,75.881,5.881,0.818125,0.86502,0.847613,43.204,43.961,41.422,q_uniformity,plausible_rework_candidate
"model_bc_robot_tesla12p7.pt+finish(force=-1.000,feed=12.700)",4,0,1,4,0,74.742,77.92,74.742,74.742,77.92,77.92,7.92,0.892571,0.902178,0.902178,45.546,45.713,44.025,q_uniformity,target_met
"model_bc_robot_tesla12p7.pt+finish(force=-1.000,feed=12.700)",4,0,1,4,1,76.035,77.986,76.035,76.035,77.986,77.986,7.986,0.876688,0.892288,0.887896,45.265,45.537,43.621,q_uniformity,target_met
"model_bc_robot_tesla12p7.pt+finish(force=-1.000,feed=12.700)",4,0,1,4,2,69.516,78.0,69.516,69.516,78.0,78.0,8.0,0.853948,0.873371,0.873371,44.947,45.287,43.054,q_scratch,plausible_rework_candidate
"model_bc_robot_tesla12p7.pt+finish(force=-1.000,feed=12.700)",4,0,1,4,3,62.786,77.394,62.786,62.786,77.394,77.394,7.394,0.854498,0.875645,0.871903,44.715,45.079,42.885,q_scratch,plausible_rework_candidate
"model_bc_robot_tesla12p7.pt+finish(force=-1.000,feed=12.700)",4,0,1,4,4,70.873,76.655,70.873,70.873,76.655,76.655,6.655,0.850861,0.870842,0.863107,44.63,44.973,42.74,q_uniformity,target_met
"model_bc_robot_tesla12p7.pt+finish(force=-1.000,feed=12.700)",4,0,2,0,0,73.854,78.0,73.854,73.854,78.0,78.0,8.0,0.876443,0.892974,0.892835,44.722,45.0,43.146,q_uniformity,target_met
"model_bc_robot_tesla12p7.pt+finish(force=-1.000,feed=12.700)",4,0,2,0,1,69.446,78.0,69.446,69.446,78.0,78.0,8.0,0.819054,0.860845,0.854658,43.408,44.092,41.542,q_scratch,plausible_rework_candidate
"model_bc_robot_tesla12p7.pt+finish(force=-1.000,feed=12.700)",4,0,2,0,2,72.223,78.0,72.223,72.223,78.0,78.0,8.0,0.764969,0.824477,0.811073,41.625,42.53,39.585,q_scratch,target_met
"model_bc_robot_tesla12p7.pt+finish(force=-1.000,feed=12.700)",4,0,2,0,3,72.992,77.996,72.992,72.992,77.996,77.996,7.996,0.72994,0.787953,0.774328,40.062,40.862,37.929,q_uniformity,target_met
"model_bc_robot_tesla12p7.pt+finish(force=-1.000,feed=12.700)",4,0,2,0,4,67.932,77.948,67.932,67.932,77.948,77.948,7.948,0.774581,0.776547,0.773988,40.0,40.025,37.765,q_uniformity,plausible_rework_candidate
"model_bc_robot_tesla12p7.pt+finish(force=-1.000,feed=12.700)",4,0,2,1,0,75.463,78.0,75.463,75.463,78.0,78.0,8.0,0.867634,0.882907,0.878552,44.726,44.985,43.002,q_uniformity,target_met
"model_bc_robot_tesla12p7.pt+finish(force=-1.000,feed=12.700)",4,0,2,1,1,75.586,78.0,75.586,75.586,78.0,78.0,8.0,0.813616,0.855316,0.844541,43.547,44.242,41.587,q_uniformity,target_met
"model_bc_robot_tesla12p7.pt+finish(force=-1.000,feed=12.700)",4,0,2,1,2,64.521,78.0,64.521,64.521,78.0,78.0,8.0,0.740239,0.802907,0.799296,41.956,42.968,39.6,q_scratch,plausible_rework_candidate
"model_bc_robot_tesla12p7.pt+finish(force=-1.000,feed=12.700)",4,0,2,1,3,60.502,77.976,60.502,60.502,77.976,77.976,7.976,0.706255,0.776635,0.774518,40.566,41.618,38.206,q_scratch,plausible_rework_candidate
"model_bc_robot_tesla12p7.pt+finish(force=-1.000,feed=12.700)",4,0,2,1,4,69.372,77.739,69.372,69.372,77.739,77.739,7.739,0.726221,0.780683,0.775654,40.0,40.75,37.807,q_scratch,plausible_rework_candidate
"model_bc_robot_tesla12p7.pt+finish(force=-1.000,feed=12.700)",4,0,2,2,0,58.526,77.996,58.526,58.526,77.996,77.996,7.996,0.863047,0.879499,0.873216,44.83,45.113,43.043,q_scratch,plausible_rework_candidate
"model_bc_robot_tesla12p7.pt+finish(force=-1.000,feed=12.700)",4,0,2,2,1,67.928,77.999,67.928,67.928,77.999,77.999,7.999,0.813167,0.850461,0.840185,43.97,44.611,41.881,q_scratch,plausible_rework_candidate
"model_bc_robot_tesla12p7.pt+finish(force=-1.000,feed=12.700)",4,0,2,2,2,69.329,78.0,69.329,69.329,78.0,78.0,8.0,0.783172,0.840792,0.825814,42.825,43.769,40.783,q_scratch,plausible_rework_candidate
"model_bc_robot_tesla12p7.pt+finish(force=-1.000,feed=12.700)",4,0,2,2,3,69.219,77.905,69.219,69.219,77.905,77.905,7.905,0.746794,0.813557,0.79467,41.836,42.895,39.63,q_uniformity,plausible_rework_candidate
"model_bc_robot_tesla12p7.pt+finish(force=-1.000,feed=12.700)",4,0,2,2,4,64.364,77.4,64.364,64.364,77.4,77.4,7.4,0.74892,0.808891,0.800993,41.427,42.342,39.243,q_scratch,plausible_rework_candidate
"model_bc_robot_tesla12p7.pt+finish(force=-1.000,feed=12.700)",4,0,2,3,0,55.355,77.639,55.355,55.355,77.639,77.639,7.639,0.866347,0.882307,0.868963,45.147,45.426,43.364,q_scratch,plausible_rework_candidate
"model_bc_robot_tesla12p7.pt+finish(force=-1.000,feed=12.700)",4,0,2,3,1,72.981,77.899,72.981,72.981,77.899,77.899,7.899,0.824233,0.852688,0.843667,44.63,45.135,42.475,q_uniformity,target_met
"model_bc_robot_tesla12p7.pt+finish(force=-1.000,feed=12.700)",4,0,2,3,2,76.383,78.0,76.383,76.383,78.0,78.0,8.0,0.785634,0.825211,0.825211,43.971,44.675,41.529,q_uniformity,target_met
"model_bc_robot_tesla12p7.pt+finish(force=-1.000,feed=12.700)",4,0,2,3,3,70.042,77.153,70.042,70.042,77.153,77.153,7.153,0.772644,0.818885,0.815807,43.425,44.228,40.993,q_uniformity,target_met
"model_bc_robot_tesla12p7.pt+finish(force=-1.000,feed=12.700)",4,0,2,3,4,67.923,75.881,67.923,67.923,75.881,75.881,5.881,0.784286,0.829242,0.81217,43.204,43.961,40.949,q_uniformity,plausible_rework_candidate
"model_bc_robot_tesla12p7.pt+finish(force=-1.000,feed=12.700)",4,0,2,4,0,74.214,77.92,74.214,74.214,77.92,77.92,7.92,0.860307,0.869566,0.869566,45.546,45.713,43.518,q_uniformity,target_met
"model_bc_robot_tesla12p7.pt+finish(force=-1.000,feed=12.700)",4,0,2,4,1,75.978,77.986,75.978,75.978,77.986,77.986,7.986,0.844069,0.859089,0.853961,45.265,45.537,43.114,q_uniformity,target_met
"model_bc_robot_tesla12p7.pt+finish(force=-1.000,feed=12.700)",4,0,2,4,2,71.218,78.0,71.218,71.218,78.0,78.0,8.0,0.822137,0.840836,0.840836,44.947,45.287,42.568,q_uniformity,target_met
"model_bc_robot_tesla12p7.pt+finish(force=-1.000,feed=12.700)",4,0,2,4,3,69.129,77.394,69.129,69.129,77.394,77.394,7.394,0.823613,0.843995,0.840334,44.715,45.079,42.42,q_uniformity,plausible_rework_candidate
"model_bc_robot_tesla12p7.pt+finish(force=-1.000,feed=12.700)",4,0,2,4,4,71.448,76.655,71.448,71.448,76.655,76.655,6.655,0.817894,0.837101,0.828765,44.63,44.973,42.246,q_uniformity,target_met
"model_bc_robot_tesla12p7.pt+finish(force=-1.000,feed=12.700)",11,0,1,0,0,74.81,78.0,74.81,74.81,78.0,78.0,8.0,0.938528,0.938528,0.938528,50.0,50.0,48.771,q_uniformity,target_met
"model_bc_robot_tesla12p7.pt+finish(force=-1.000,feed=12.700)",11,0,1,0,1,75.093,78.0,75.093,75.093,78.0,78.0,8.0,0.888404,0.920724,0.920724,49.1,49.795,47.586,q_uniformity,target_met
"model_bc_robot_tesla12p7.pt+finish(force=-1.000,feed=12.700)",11,0,1,0,2,67.158,78.0,67.158,67.158,78.0,78.0,8.0,0.84274,0.897797,0.896593,46.897,48.001,45.17,q_scratch,plausible_rework_candidate
"model_bc_robot_tesla12p7.pt+finish(force=-1.000,feed=12.700)",11,0,1,0,3,65.424,77.995,65.424,65.424,77.995,77.995,7.995,0.825271,0.884421,0.873809,44.602,45.649,42.915,q_scratch,plausible_rework_candidate
"model_bc_robot_tesla12p7.pt+finish(force=-1.000,feed=12.700)",11,0,1,0,4,75.228,77.934,75.228,75.228,77.934,77.934,7.934,0.87369,0.901131,0.872955,43.586,44.012,42.242,q_uniformity,target_met
"model_bc_robot_tesla12p7.pt+finish(force=-1.000,feed=12.700)",11,0,1,1,0,65.793,78.0,65.793,65.793,78.0,78.0,8.0,0.913302,0.928684,0.928684,49.648,49.979,48.247,q_scratch,plausible_rework_candidate
"model_bc_robot_tesla12p7.pt+finish(force=-1.000,feed=12.700)",11,0,1,1,1,70.318,78.0,70.318,70.318,78.0,78.0,8.0,0.870934,0.910473,0.906123,48.628,49.474,46.96,q_scratch,target_met
"model_bc_robot_tesla12p7.pt+finish(force=-1.000,feed=12.700)",11,0,1,1,2,60.066,78.0,60.066,60.066,78.0,78.0,8.0,0.846171,0.893592,0.891131,46.936,47.886,45.134,q_scratch,plausible_rework_candidate
"model_bc_robot_tesla12p7.pt+finish(force=-1.000,feed=12.700)",11,0,1,1,3,58.414,77.966,58.414,58.414,77.966,77.966,7.966,0.817761,0.878595,0.863551,44.882,45.989,43.075,q_scratch,plausible_rework_candidate
"model_bc_robot_tesla12p7.pt+finish(force=-1.000,feed=12.700)",11,0,1,1,4,67.071,77.698,67.071,67.071,77.698,77.698,7.698,0.842262,0.884569,0.86931,43.974,44.676,42.361,q_scratch,plausible_rework_candidate
"model_bc_robot_tesla12p7.pt+finish(force=-1.000,feed=12.700)",11,0,1,2,0,64.095,77.99,64.095,64.095,77.99,77.99,7.99,0.885437,0.92029,0.916123,48.396,49.12,46.929,q_scratch,plausible_rework_candidate
"model_bc_robot_tesla12p7.pt+finish(force=-1.000,feed=12.700)",11,0,1,2,1,67.979,77.997,67.979,67.979,77.997,77.997,7.997,0.868746,0.89886,0.890965,48.029,48.654,46.206,q_scratch,plausible_rework_candidate
"model_bc_robot_tesla12p7.pt+finish(force=-1.000,feed=12.700)",11,0,1,2,2,59.424,78.0,59.424,59.424,78.0,78.0,8.0,0.878237,0.911487,0.889727,47.114,47.762,45.599,q_scratch,plausible_rework_candidate
"model_bc_robot_tesla12p7.pt+finish(force=-1.000,feed=12.700)",11,0,1,2,3,66.935,77.952,66.935,66.935,77.952,77.952,7.952,0.829771,0.882294,0.8789,45.713,46.707,43.863,q_scratch,plausible_rework_candidate
"model_bc_robot_tesla12p7.pt+finish(force=-1.000,feed=12.700)",11,0,1,2,4,67.329,77.681,67.329,67.329,77.681,77.681,7.681,0.847351,0.896795,0.881962,45.096,45.976,43.538,q_scratch,plausible_rework_candidate
"model_bc_robot_tesla12p7.pt+finish(force=-1.000,feed=12.700)",11,0,1,3,0,55.201,76.92,55.201,55.201,76.92,76.92,6.92,0.877834,0.908527,0.901145,47.13,47.729,45.563,q_ra,plausible_rework_candidate
"model_bc_robot_tesla12p7.pt+finish(force=-1.000,feed=12.700)",11,0,1,3,1,68.601,77.587,68.601,68.601,77.587,77.587,7.587,0.871151,0.895615,0.887931,47.259,47.743,45.457,q_scratch,plausible_rework_candidate
"model_bc_robot_tesla12p7.pt+finish(force=-1.000,feed=12.700)",11,0,1,3,2,55.681,78.0,55.681,55.681,78.0,78.0,8.0,0.883053,0.894721,0.886776,47.486,47.717,45.645,q_ra,plausible_rework_candidate
"model_bc_robot_tesla12p7.pt+finish(force=-1.000,feed=12.700)",11,0,1,3,3,62.02,77.633,62.02,62.02,77.633,77.633,7.633,0.859614,0.892135,0.883711,46.996,47.639,45.163,q_scratch,plausible_rework_candidate
"model_bc_robot_tesla12p7.pt+finish(force=-1.000,feed=12.700)",11,0,1,3,4,74.114,77.137,74.114,74.114,77.137,77.137,7.137,0.854144,0.894369,0.888151,46.776,47.566,45.004,q_uniformity,target_met
"model_bc_robot_tesla12p7.pt+finish(force=-1.000,feed=12.700)",11,0,1,4,0,58.222,76.955,58.222,58.222,76.955,76.955,6.955,0.902917,0.916788,0.887359,46.528,46.782,45.153,q_ra,plausible_rework_candidate
"model_bc_robot_tesla12p7.pt+finish(force=-1.000,feed=12.700)",11,0,1,4,1,60.127,77.652,60.127,60.127,77.652,77.652,7.652,0.882185,0.901574,0.885889,46.775,47.144,45.124,q_ra,plausible_rework_candidate
"model_bc_robot_tesla12p7.pt+finish(force=-1.000,feed=12.700)",11,0,1,4,2,57.117,78.0,57.117,57.117,78.0,78.0,8.0,0.88481,0.9022,0.896654,47.388,47.73,45.688,q_scratch,plausible_rework_candidate
"model_bc_robot_tesla12p7.pt+finish(force=-1.000,feed=12.700)",11,0,1,4,3,60.314,77.745,60.314,60.314,77.745,77.745,7.745,0.880397,0.899251,0.899251,47.94,48.324,46.133,q_scratch,plausible_rework_candidate
"model_bc_robot_tesla12p7.pt+finish(force=-1.000,feed=12.700)",11,0,1,4,4,74.375,77.46,74.375,74.375,77.46,77.46,7.46,0.88506,0.906429,0.906429,48.256,48.697,46.548,q_uniformity,target_met
"model_bc_robot_tesla12p7.pt+finish(force=-1.000,feed=12.700)",11,0,2,0,0,73.642,78.0,73.642,73.642,78.0,78.0,8.0,0.913675,0.913675,0.913675,50.0,50.0,48.274,q_uniformity,target_met
"model_bc_robot_tesla12p7.pt+finish(force=-1.000,feed=12.700)",11,0,2,0,1,74.404,78.0,74.404,74.404,78.0,78.0,8.0,0.858877,0.890123,0.890123,49.1,49.795,47.002,q_uniformity,target_met
"model_bc_robot_tesla12p7.pt+finish(force=-1.000,feed=12.700)",11,0,2,0,2,69.106,78.0,69.106,69.106,78.0,78.0,8.0,0.809479,0.862363,0.861305,46.897,48.001,44.572,q_uniformity,plausible_rework_candidate
"model_bc_robot_tesla12p7.pt+finish(force=-1.000,feed=12.700)",11,0,2,0,3,69.867,77.995,69.867,69.867,77.995,77.995,7.995,0.78836,0.844864,0.834858,44.602,45.649,42.337,q_uniformity,plausible_rework_candidate
"model_bc_robot_tesla12p7.pt+finish(force=-1.000,feed=12.700)",11,0,2,0,4,74.791,77.934,74.791,74.791,77.934,77.934,7.934,0.83496,0.861184,0.833677,43.586,44.012,41.7,q_uniformity,target_met
"model_bc_robot_tesla12p7.pt+finish(force=-1.000,feed=12.700)",11,0,2,1,0,67.053,78.0,67.053,67.053,78.0,78.0,8.0,0.887267,0.90221,0.90221,49.648,49.979,47.727,q_scratch,plausible_rework_candidate
"model_bc_robot_tesla12p7.pt+finish(force=-1.000,feed=12.700)",11,0,2,1,1,72.374,78.0,72.374,72.374,78.0,78.0,8.0,0.840722,0.878889,0.874139,48.628,49.474,46.372,q_uniformity,target_met
"model_bc_robot_tesla12p7.pt+finish(force=-1.000,feed=12.700)",11,0,2,1,2,66.891,78.0,66.891,66.891,78.0,78.0,8.0,0.813173,0.858744,0.85644,46.936,47.886,44.544,q_scratch,plausible_rework_candidate
"model_bc_robot_tesla12p7.pt+finish(force=-1.000,feed=12.700)",11,0,2,1,3,65.456,77.966,65.456,65.456,77.966,77.966,7.966,0.782855,0.841093,0.824343,44.882,45.989,42.517,q_scratch,plausible_rework_candidate
"model_bc_robot_tesla12p7.pt+finish(force=-1.000,feed=12.700)",11,0,2,1,4,69.155,77.698,69.155,69.155,77.698,77.698,7.698,0.803836,0.844212,0.830879,43.974,44.676,41.797,q_uniformity,plausible_rework_candidate
"model_bc_robot_tesla12p7.pt+finish(force=-1.000,feed=12.700)",11,0,2,2,0,68.185,77.99,68.185,68.185,77.99,77.99,7.99,0.858557,0.892352,0.887603,48.396,49.12,46.416,q_scratch,plausible_rework_candidate
"model_bc_robot_tesla12p7.pt+finish(force=-1.000,feed=12.700)",11,0,2,2,1,70.441,77.997,70.441,70.441,77.997,77.997,7.997,0.836857,0.865866,0.85815,48.029,48.654,45.611,q_uniformity,target_met
"model_bc_robot_tesla12p7.pt+finish(force=-1.000,feed=12.700)",11,0,2,2,2,66.669,78.0,66.669,66.669,78.0,78.0,8.0,0.844131,0.87609,0.855175,47.114,47.762,44.994,q_uniformity,plausible_rework_candidate
"model_bc_robot_tesla12p7.pt+finish(force=-1.000,feed=12.700)",11,0,2,2,3,69.799,77.952,69.799,69.799,77.952,77.952,7.952,0.79582,0.846194,0.842326,45.713,46.707,43.296,q_scratch,plausible_rework_candidate
"model_bc_robot_tesla12p7.pt+finish(force=-1.000,feed=12.700)",11,0,2,2,4,69.562,77.681,69.562,69.562,77.681,77.681,7.681,0.811782,0.85915,0.844595,45.096,45.976,42.969,q_uniformity,plausible_rework_candidate
"model_bc_robot_tesla12p7.pt+finish(force=-1.000,feed=12.700)",11,0,2,3,0,63.148,76.92,63.148,63.148,76.92,76.92,6.92,0.845705,0.875275,0.869692,47.13,47.729,44.993,q_scratch,plausible_rework_candidate
"model_bc_robot_tesla12p7.pt+finish(force=-1.000,feed=12.700)",11,0,2,3,1,70.76,77.587,70.76,70.76,77.587,77.587,7.587,0.838415,0.86196,0.854739,47.259,47.743,44.876,q_scratch,target_met
"model_bc_robot_tesla12p7.pt+finish(force=-1.000,feed=12.700)",11,0,2,3,2,63.415,78.0,63.415,63.415,78.0,78.0,8.0,0.849508,0.860732,0.851235,47.486,47.717,45.051,q_scratch,plausible_rework_candidate
"model_bc_robot_tesla12p7.pt+finish(force=-1.000,feed=12.700)",11,0,2,3,3,67.382,77.633,67.382,67.382,77.633,77.633,7.633,0.825123,0.856339,0.847339,46.996,47.639,44.554,q_scratch,plausible_rework_candidate
"model_bc_robot_tesla12p7.pt+finish(force=-1.000,feed=12.700)",11,0,2,3,4,73.802,77.137,73.802,73.802,77.137,77.137,7.137,0.817573,0.856075,0.850489,46.776,47.566,44.361,q_uniformity,target_met
"model_bc_robot_tesla12p7.pt+finish(force=-1.000,feed=12.700)",11,0,2,4,0,65.061,76.955,65.061,65.061,76.955,76.955,6.955,0.866945,0.880263,0.851796,46.528,46.782,44.549,q_uniformity,plausible_rework_candidate
"model_bc_robot_tesla12p7.pt+finish(force=-1.000,feed=12.700)",11,0,2,4,1,66.782,77.652,66.782,66.782,77.652,77.652,7.652,0.846438,0.86504,0.85023,46.775,47.144,44.511,q_uniformity,plausible_rework_candidate
"model_bc_robot_tesla12p7.pt+finish(force=-1.000,feed=12.700)",11,0,2,4,2,65.158,78.0,65.158,65.158,78.0,78.0,8.0,0.850131,0.866839,0.863027,47.388,47.73,45.073,q_scratch,plausible_rework_candidate
"model_bc_robot_tesla12p7.pt+finish(force=-1.000,feed=12.700)",11,0,2,4,3,67.952,77.745,67.952,67.952,77.745,77.745,7.745,0.847468,0.865618,0.865618,47.94,48.324,45.529,q_uniformity,plausible_rework_candidate
"model_bc_robot_tesla12p7.pt+finish(force=-1.000,feed=12.700)",11,0,2,4,4,73.675,77.46,73.675,73.675,77.46,77.46,7.46,0.851023,0.87157,0.87157,48.256,48.697,45.912,q_uniformity,target_met
"model_bc_robot_tesla12p7.pt+finish(force=-1.000,feed=12.700)",0,0,1,0,0,42.498,78.0,42.498,42.498,78.0,78.0,8.0,0.876333,0.876333,0.876333,40.0,40.0,38.763,q_ra,plausible_rework_candidate
"model_bc_robot_tesla12p7.pt+finish(force=-1.000,feed=12.700)",0,0,1,0,1,54.544,77.99,54.544,54.544,77.99,77.99,7.99,0.833336,0.833336,0.833336,40.0,40.0,38.333,q_scratch,plausible_rework_candidate
"model_bc_robot_tesla12p7.pt+finish(force=-1.000,feed=12.700)",0,0,1,0,2,59.432,78.0,59.432,59.432,78.0,78.0,8.0,0.815404,0.815404,0.815404,40.0,40.0,38.154,q_scratch,plausible_rework_candidate
"model_bc_robot_tesla12p7.pt+finish(force=-1.000,feed=12.700)",0,0,1,0,3,61.41,77.995,61.41,61.41,77.995,77.995,7.995,0.816597,0.816597,0.816597,40.0,40.0,38.166,q_scratch,plausible_rework_candidate
"model_bc_robot_tesla12p7.pt+finish(force=-1.000,feed=12.700)",0,0,1,0,4,74.872,77.949,74.872,74.872,77.949,77.949,7.949,0.814556,0.814556,0.814556,40.0,40.0,38.146,q_uniformity,target_met
"model_bc_robot_tesla12p7.pt+finish(force=-1.000,feed=12.700)",0,0,1,1,0,49.615,78.0,49.615,49.615,78.0,78.0,8.0,0.839979,0.839979,0.839979,40.0,40.0,38.4,q_ra,plausible_rework_candidate
"model_bc_robot_tesla12p7.pt+finish(force=-1.000,feed=12.700)",0,0,1,1,1,52.13,77.968,52.13,52.13,77.968,77.968,7.968,0.819155,0.819155,0.819155,40.0,40.0,38.192,q_ra,plausible_rework_candidate
"model_bc_robot_tesla12p7.pt+finish(force=-1.000,feed=12.700)",0,0,1,1,2,62.591,78.0,62.591,62.591,78.0,78.0,8.0,0.797791,0.797791,0.797791,40.0,40.0,37.978,q_scratch,plausible_rework_candidate
"model_bc_robot_tesla12p7.pt+finish(force=-1.000,feed=12.700)",0,0,1,1,3,52.704,77.975,52.704,52.704,77.975,77.975,7.975,0.796065,0.796065,0.796065,40.0,40.0,37.961,q_ra,plausible_rework_candidate
"model_bc_robot_tesla12p7.pt+finish(force=-1.000,feed=12.700)",0,0,1,1,4,66.659,77.742,66.659,66.659,77.742,77.742,7.742,0.794005,0.794005,0.794005,40.0,40.0,37.94,q_scratch,plausible_rework_candidate
"model_bc_robot_tesla12p7.pt+finish(force=-1.000,feed=12.700)",0,0,1,2,0,54.208,77.999,54.208,54.208,77.999,77.999,7.999,0.837031,0.837031,0.837031,40.0,40.0,38.37,q_scratch,plausible_rework_candidate
"model_bc_robot_tesla12p7.pt+finish(force=-1.000,feed=12.700)",0,0,1,2,1,48.075,78.0,48.075,48.075,78.0,78.0,8.0,0.822488,0.822488,0.822488,40.0,40.0,38.225,q_ra,plausible_rework_candidate
"model_bc_robot_tesla12p7.pt+finish(force=-1.000,feed=12.700)",0,0,1,2,2,71.784,78.0,71.784,71.784,78.0,78.0,8.0,0.817563,0.817563,0.817563,40.0,40.0,38.176,q_scratch,target_met
"model_bc_robot_tesla12p7.pt+finish(force=-1.000,feed=12.700)",0,0,1,2,3,71.708,77.905,71.708,71.708,77.905,77.905,7.905,0.796232,0.796232,0.796232,40.0,40.0,37.962,q_scratch,target_met
"model_bc_robot_tesla12p7.pt+finish(force=-1.000,feed=12.700)",0,0,1,2,4,54.691,77.399,54.691,54.691,77.399,77.399,7.399,0.797178,0.797178,0.797178,40.0,40.0,37.972,q_ra,plausible_rework_candidate
"model_bc_robot_tesla12p7.pt+finish(force=-1.000,feed=12.700)",0,0,1,3,0,67.415,77.994,67.415,67.415,77.994,77.994,7.994,0.845762,0.845762,0.845762,40.0,40.0,38.458,q_scratch,plausible_rework_candidate
"model_bc_robot_tesla12p7.pt+finish(force=-1.000,feed=12.700)",0,0,1,3,1,62.473,78.0,62.473,62.473,78.0,78.0,8.0,0.830362,0.830362,0.830362,40.0,40.0,38.304,q_scratch,plausible_rework_candidate
"model_bc_robot_tesla12p7.pt+finish(force=-1.000,feed=12.700)",0,0,1,3,2,66.263,78.0,66.263,66.263,78.0,78.0,8.0,0.802504,0.802504,0.802504,40.0,40.0,38.025,q_scratch,plausible_rework_candidate
"model_bc_robot_tesla12p7.pt+finish(force=-1.000,feed=12.700)",0,0,1,3,3,70.352,77.153,70.352,70.352,77.153,77.153,7.153,0.801817,0.801817,0.801817,40.0,40.0,38.018,q_scratch,target_met
"model_bc_robot_tesla12p7.pt+finish(force=-1.000,feed=12.700)",0,0,1,3,4,63.594,75.865,63.594,63.594,75.865,75.865,5.865,0.801566,0.801566,0.801566,40.0,40.0,38.016,q_scratch,plausible_rework_candidate
"model_bc_robot_tesla12p7.pt+finish(force=-1.000,feed=12.700)",0,0,1,4,0,75.268,78.0,75.268,75.268,78.0,78.0,8.0,0.871486,0.871486,0.871486,40.0,40.0,38.715,q_uniformity,target_met
"model_bc_robot_tesla12p7.pt+finish(force=-1.000,feed=12.700)",0,0,1,4,1,75.671,78.0,75.671,75.671,78.0,78.0,8.0,0.851014,0.851014,0.851014,40.0,40.0,38.51,q_uniformity,target_met
"model_bc_robot_tesla12p7.pt+finish(force=-1.000,feed=12.700)",0,0,1,4,2,70.711,78.0,70.711,70.711,78.0,78.0,8.0,0.83439,0.83439,0.83439,40.0,40.0,38.344,q_scratch,target_met
"model_bc_robot_tesla12p7.pt+finish(force=-1.000,feed=12.700)",0,0,1,4,3,54.689,77.393,54.689,54.689,77.393,77.393,7.393,0.807721,0.807721,0.807721,40.0,40.0,38.077,q_ra,plausible_rework_candidate
"model_bc_robot_tesla12p7.pt+finish(force=-1.000,feed=12.700)",0,0,1,4,4,66.026,76.638,66.026,66.026,76.638,76.638,6.638,0.808919,0.808919,0.808919,40.0,40.0,38.089,q_scratch,plausible_rework_candidate
"model_bc_robot_tesla12p7.pt+finish(force=-1.000,feed=12.700)",0,0,2,0,0,46.255,78.0,46.255,46.255,78.0,78.0,8.0,0.835728,0.835728,0.835728,40.0,40.0,38.357,q_ra,plausible_rework_candidate
"model_bc_robot_tesla12p7.pt+finish(force=-1.000,feed=12.700)",0,0,2,0,1,60.114,77.99,60.114,60.114,77.99,77.99,7.99,0.780625,0.780625,0.780625,40.0,40.0,37.806,q_scratch,plausible_rework_candidate
"model_bc_robot_tesla12p7.pt+finish(force=-1.000,feed=12.700)",0,0,2,0,2,65.748,78.0,65.748,65.748,78.0,78.0,8.0,0.760284,0.760284,0.760284,40.0,40.0,37.603,q_scratch,plausible_rework_candidate
"model_bc_robot_tesla12p7.pt+finish(force=-1.000,feed=12.700)",0,0,2,0,3,66.097,77.995,66.097,66.097,77.995,77.995,7.995,0.76,0.76,0.76,40.0,40.0,37.6,q_scratch,plausible_rework_candidate
"model_bc_robot_tesla12p7.pt+finish(force=-1.000,feed=12.700)",0,0,2,0,4,74.336,77.949,74.336,74.336,77.949,77.949,7.949,0.760416,0.760416,0.760416,40.0,40.0,37.604,q_uniformity,target_met
"model_bc_robot_tesla12p7.pt+finish(force=-1.000,feed=12.700)",0,0,2,1,0,54.455,78.0,54.455,54.455,78.0,78.0,8.0,0.792489,0.792489,0.792489,40.0,40.0,37.925,q_ra,plausible_rework_candidate
"model_bc_robot_tesla12p7.pt+finish(force=-1.000,feed=12.700)",0,0,2,1,1,58.818,77.968,58.818,58.818,77.968,77.968,7.968,0.765713,0.765713,0.765713,40.0,40.0,37.657,q_scratch,plausible_rework_candidate
"model_bc_robot_tesla12p7.pt+finish(force=-1.000,feed=12.700)",0,0,2,1,2,67.185,78.0,67.185,67.185,78.0,78.0,8.0,0.740175,0.740175,0.740175,40.0,40.0,37.402,q_scratch,plausible_rework_candidate
"model_bc_robot_tesla12p7.pt+finish(force=-1.000,feed=12.700)",0,0,2,1,3,59.22,77.975,59.22,59.22,77.975,77.975,7.975,0.741002,0.741002,0.741002,40.0,40.0,37.41,q_scratch,plausible_rework_candidate
"model_bc_robot_tesla12p7.pt+finish(force=-1.000,feed=12.700)",0,0,2,1,4,68.841,77.742,68.841,68.841,77.742,77.742,7.742,0.738208,0.738208,0.738208,40.0,40.0,37.382,q_scratch,plausible_rework_candidate
"model_bc_robot_tesla12p7.pt+finish(force=-1.000,feed=12.700)",0,0,2,2,0,60.198,77.999,60.198,60.198,77.999,77.999,7.999,0.787425,0.787425,0.787425,40.0,40.0,37.874,q_scratch,plausible_rework_candidate
"model_bc_robot_tesla12p7.pt+finish(force=-1.000,feed=12.700)",0,0,2,2,1,54.195,78.0,54.195,54.195,78.0,78.0,8.0,0.770395,0.770395,0.770395,40.0,40.0,37.704,q_ra,plausible_rework_candidate
"model_bc_robot_tesla12p7.pt+finish(force=-1.000,feed=12.700)",0,0,2,2,2,73.552,78.0,73.552,73.552,78.0,78.0,8.0,0.76183,0.76183,0.76183,40.0,40.0,37.618,q_scratch,target_met
"model_bc_robot_tesla12p7.pt+finish(force=-1.000,feed=12.700)",0,0,2,2,3,73.647,77.905,73.647,73.647,77.905,77.905,7.905,0.741718,0.741718,0.741718,40.0,40.0,37.417,q_scratch,target_met
"model_bc_robot_tesla12p7.pt+finish(force=-1.000,feed=12.700)",0,0,2,2,4,62.193,77.399,62.193,62.193,77.399,77.399,7.399,0.742676,0.742676,0.742676,40.0,40.0,37.427,q_uniformity,plausible_rework_candidate
"model_bc_robot_tesla12p7.pt+finish(force=-1.000,feed=12.700)",0,0,2,3,0,70.317,77.994,70.317,70.317,77.994,77.994,7.994,0.789198,0.789198,0.789198,40.0,40.0,37.892,q_scratch,target_met
"model_bc_robot_tesla12p7.pt+finish(force=-1.000,feed=12.700)",0,0,2,3,1,66.149,78.0,66.149,66.149,78.0,78.0,8.0,0.775798,0.775798,0.775798,40.0,40.0,37.758,q_scratch,plausible_rework_candidate
"model_bc_robot_tesla12p7.pt+finish(force=-1.000,feed=12.700)",0,0,2,3,2,68.851,78.0,68.851,68.851,78.0,78.0,8.0,0.744074,0.744074,0.744074,40.0,40.0,37.441,q_scratch,plausible_rework_candidate
"model_bc_robot_tesla12p7.pt+finish(force=-1.000,feed=12.700)",0,0,2,3,3,72.718,77.153,72.718,72.718,77.153,77.153,7.153,0.74901,0.74901,0.74901,40.0,40.0,37.49,q_scratch,target_met
"model_bc_robot_tesla12p7.pt+finish(force=-1.000,feed=12.700)",0,0,2,3,4,66.624,75.865,66.624,66.624,75.865,75.865,5.865,0.748563,0.748563,0.748563,40.0,40.0,37.486,q_scratch,plausible_rework_candidate
"model_bc_robot_tesla12p7.pt+finish(force=-1.000,feed=12.700)",0,0,2,4,0,74.633,78.0,74.633,74.633,78.0,78.0,8.0,0.811711,0.811711,0.811711,40.0,40.0,38.117,q_uniformity,target_met
"model_bc_robot_tesla12p7.pt+finish(force=-1.000,feed=12.700)",0,0,2,4,1,75.453,78.0,75.453,75.453,78.0,78.0,8.0,0.793279,0.793279,0.793279,40.0,40.0,37.933,q_uniformity,target_met
"model_bc_robot_tesla12p7.pt+finish(force=-1.000,feed=12.700)",0,0,2,4,2,73.175,78.0,73.175,73.175,78.0,78.0,8.0,0.778783,0.778783,0.778783,40.0,40.0,37.788,q_scratch,target_met
"model_bc_robot_tesla12p7.pt+finish(force=-1.000,feed=12.700)",0,0,2,4,3,62.222,77.393,62.222,62.222,77.393,77.393,7.393,0.754431,0.754431,0.754431,40.0,40.0,37.544,q_scratch,plausible_rework_candidate
"model_bc_robot_tesla12p7.pt+finish(force=-1.000,feed=12.700)",0,0,2,4,4,68.273,76.638,68.273,68.273,76.638,76.638,6.638,0.755705,0.755705,0.755705,40.0,40.0,37.557,q_scratch,plausible_rework_candidate
"model_bc_robot_tesla12p7.pt+finish(force=-1.000,feed=12.700)",9,0,1,0,0,74.974,78.0,74.974,74.974,78.0,78.0,8.0,0.909935,0.927258,0.919494,46.544,46.859,45.341,q_uniformity,target_met
"model_bc_robot_tesla12p7.pt+finish(force=-1.000,feed=12.700)",9,0,1,0,1,70.914,77.998,70.914,70.914,77.998,77.998,7.998,0.872678,0.910499,0.897743,45.381,46.048,44.005,q_scratch,target_met
"model_bc_robot_tesla12p7.pt+finish(force=-1.000,feed=12.700)",9,0,1,0,2,67.396,78.0,67.396,67.396,78.0,78.0,8.0,0.848936,0.893484,0.878702,44.078,44.817,42.579,q_scratch,plausible_rework_candidate
"model_bc_robot_tesla12p7.pt+finish(force=-1.000,feed=12.700)",9,0,1,0,3,59.883,77.996,59.883,59.883,77.996,77.996,7.996,0.851555,0.886256,0.871536,43.203,43.741,41.701,q_scratch,plausible_rework_candidate
"model_bc_robot_tesla12p7.pt+finish(force=-1.000,feed=12.700)",9,0,1,0,4,58.103,77.958,58.103,58.103,77.958,77.958,7.958,0.871061,0.889304,0.86719,42.916,43.186,41.486,q_scratch,plausible_rework_candidate
"model_bc_robot_tesla12p7.pt+finish(force=-1.000,feed=12.700)",9,0,1,1,0,67.254,78.0,67.254,67.254,78.0,78.0,8.0,0.899767,0.9181,0.909802,46.725,47.066,45.355,q_scratch,plausible_rework_candidate
"model_bc_robot_tesla12p7.pt+finish(force=-1.000,feed=12.700)",9,0,1,1,1,65.668,77.992,65.668,65.668,77.992,77.992,7.992,0.866265,0.906542,0.885726,45.774,46.507,44.3,q_scratch,plausible_rework_candidate
"model_bc_robot_tesla12p7.pt+finish(force=-1.000,feed=12.700)",9,0,1,1,2,62.365,78.0,62.365,62.365,78.0,78.0,8.0,0.822898,0.87435,0.87435,44.622,45.537,42.785,q_scratch,plausible_rework_candidate
"model_bc_robot_tesla12p7.pt+finish(force=-1.000,feed=12.700)",9,0,1,1,3,77.237,77.984,77.237,77.237,77.984,77.984,7.984,0.830448,0.87638,0.871181,43.773,44.535,42.071,q_uniformity,target_met
"model_bc_robot_tesla12p7.pt+finish(force=-1.000,feed=12.700)",9,0,1,1,4,71.664,77.854,71.664,71.664,77.854,77.854,7.854,0.846022,0.874983,0.8681,43.471,43.932,41.787,q_scratch,target_met
"model_bc_robot_tesla12p7.pt+finish(force=-1.000,feed=12.700)",9,0,1,2,0,46.263,77.99,46.263,46.263,77.99,77.99,7.99,0.897361,0.911738,0.903611,47.119,47.393,45.608,q_ra,plausible_rework_candidate
"model_bc_robot_tesla12p7.pt+finish(force=-1.000,feed=12.700)",9,0,1,2,1,56.403,77.997,56.403,56.403,77.997,77.997,7.997,0.867038,0.895603,0.895603,46.496,47.04,44.774,q_scratch,plausible_rework_candidate
"model_bc_robot_tesla12p7.pt+finish(force=-1.000,feed=12.700)",9,0,1,2,2,72.881,78.0,72.881,72.881,78.0,78.0,8.0,0.853863,0.891753,0.881968,45.49,46.177,43.813,q_scratch,target_met
"model_bc_robot_tesla12p7.pt+finish(force=-1.000,feed=12.700)",9,0,1,2,3,71.421,77.956,71.421,71.421,77.956,77.956,7.956,0.838428,0.878637,0.878346,44.32,45.006,42.582,q_scratch,target_met
"model_bc_robot_tesla12p7.pt+finish(force=-1.000,feed=12.700)",9,0,1,2,4,70.487,77.715,70.487,70.487,77.715,77.715,7.715,0.861736,0.891457,0.880146,43.684,44.156,42.199,q_scratch,target_met
"model_bc_robot_tesla12p7.pt+finish(force=-1.000,feed=12.700)",9,0,1,3,0,74.584,76.935,74.584,74.584,76.935,76.935,6.935,0.889997,0.901019,0.898062,47.51,47.727,45.777,q_uniformity,target_met
"model_bc_robot_tesla12p7.pt+finish(force=-1.000,feed=12.700)",9,0,1,3,1,65.235,77.595,65.235,65.235,77.595,77.595,7.595,0.87261,0.89361,0.891729,46.923,47.33,45.122,q_scratch,plausible_rework_candidate
"model_bc_robot_tesla12p7.pt+finish(force=-1.000,feed=12.700)",9,0,1,3,2,65.459,78.0,65.459,65.459,78.0,78.0,8.0,0.835222,0.890287,0.880281,45.193,46.195,43.526,q_scratch,plausible_rework_candidate
"model_bc_robot_tesla12p7.pt+finish(force=-1.000,feed=12.700)",9,0,1,3,3,72.107,77.538,72.107,72.107,77.538,77.538,7.538,0.804346,0.883252,0.86426,43.203,44.499,41.662,q_scratch,target_met
"model_bc_robot_tesla12p7.pt+finish(force=-1.000,feed=12.700)",9,0,1,3,4,69.869,76.839,69.869,69.869,76.839,76.839,6.839,0.820183,0.882363,0.862854,42.265,43.194,40.822,q_scratch,plausible_rework_candidate
"model_bc_robot_tesla12p7.pt+finish(force=-1.000,feed=12.700)",9,0,1,4,0,59.772,76.969,59.772,59.772,76.969,76.969,6.969,0.89159,0.900524,0.900524,47.766,47.944,45.998,q_scratch,plausible_rework_candidate
"model_bc_robot_tesla12p7.pt+finish(force=-1.000,feed=12.700)",9,0,1,4,1,61.088,77.658,61.088,61.088,77.658,77.658,7.658,0.870603,0.898262,0.892924,46.862,47.398,45.147,q_scratch,plausible_rework_candidate
"model_bc_robot_tesla12p7.pt+finish(force=-1.000,feed=12.700)",9,0,1,4,2,63.794,78.0,63.794,63.794,78.0,78.0,8.0,0.822445,0.882812,0.876501,44.818,45.906,43.082,q_scratch,plausible_rework_candidate
"model_bc_robot_tesla12p7.pt+finish(force=-1.000,feed=12.700)",9,0,1,4,3,63.693,77.587,63.693,63.693,77.587,77.587,7.587,0.799444,0.876212,0.864969,42.508,43.709,40.959,q_scratch,plausible_rework_candidate
"model_bc_robot_tesla12p7.pt+finish(force=-1.000,feed=12.700)",9,0,1,4,4,67.272,77.071,67.272,67.272,77.071,77.071,7.071,0.838348,0.882495,0.853993,41.419,42.021,40.077,q_scratch,plausible_rework_candidate
"model_bc_robot_tesla12p7.pt+finish(force=-1.000,feed=12.700)",9,0,2,0,0,74.026,78.0,74.026,74.026,78.0,78.0,8.0,0.885408,0.902264,0.894543,46.544,46.859,44.927,q_uniformity,target_met
"model_bc_robot_tesla12p7.pt+finish(force=-1.000,feed=12.700)",9,0,2,0,1,70.878,77.998,70.878,70.878,77.998,77.998,7.998,0.843838,0.880409,0.867204,45.381,46.048,43.542,q_scratch,target_met
"model_bc_robot_tesla12p7.pt+finish(force=-1.000,feed=12.700)",9,0,2,0,2,69.695,78.0,69.695,69.695,78.0,78.0,8.0,0.815998,0.858818,0.844747,44.078,44.817,42.091,q_scratch,plausible_rework_candidate
"model_bc_robot_tesla12p7.pt+finish(force=-1.000,feed=12.700)",9,0,2,0,3,67.508,77.996,67.508,67.508,77.996,77.996,7.996,0.815915,0.849164,0.834985,43.203,43.741,41.211,q_uniformity,plausible_rework_candidate
"model_bc_robot_tesla12p7.pt+finish(force=-1.000,feed=12.700)",9,0,2,0,4,63.99,77.958,63.99,63.99,77.958,77.958,7.958,0.832186,0.849614,0.82794,42.916,43.186,40.973,q_uniformity,plausible_rework_candidate
"model_bc_robot_tesla12p7.pt+finish(force=-1.000,feed=12.700)",9,0,2,1,0,70.065,78.0,70.065,70.065,78.0,78.0,8.0,0.873553,0.891352,0.883296,46.725,47.066,44.908,q_scratch,target_met
"model_bc_robot_tesla12p7.pt+finish(force=-1.000,feed=12.700)",9,0,2,1,1,68.118,77.992,68.118,68.118,77.992,77.992,7.992,0.8356,0.87445,0.854277,45.774,46.507,43.793,q_scratch,plausible_rework_candidate
"model_bc_robot_tesla12p7.pt+finish(force=-1.000,feed=12.700)",9,0,2,1,2,66.0,78.0,66.0,66.0,78.0,78.0,8.0,0.790471,0.839895,0.839895,44.622,45.537,42.281,q_scratch,plausible_rework_candidate
"model_bc_robot_tesla12p7.pt+finish(force=-1.000,feed=12.700)",9,0,2,1,3,77.129,77.984,77.129,77.129,77.984,77.984,7.984,0.79711,0.841198,0.834765,43.773,44.535,41.586,q_uniformity,target_met
"model_bc_robot_tesla12p7.pt+finish(force=-1.000,feed=12.700)",9,0,2,1,4,73.043,77.854,73.043,73.043,77.854,77.854,7.854,0.807704,0.835354,0.829114,43.471,43.932,41.253,q_uniformity,target_met
"model_bc_robot_tesla12p7.pt+finish(force=-1.000,feed=12.700)",9,0,2,2,0,51.963,77.99,51.963,51.963,77.99,77.99,7.99,0.871305,0.885264,0.875927,47.119,47.393,45.155,q_ra,plausible_rework_candidate
"model_bc_robot_tesla12p7.pt+finish(force=-1.000,feed=12.700)",9,0,2,2,1,62.031,77.997,62.031,62.031,77.997,77.997,7.997,0.838259,0.865875,0.865875,46.496,47.04,44.284,q_scratch,plausible_rework_candidate
"model_bc_robot_tesla12p7.pt+finish(force=-1.000,feed=12.700)",9,0,2,2,2,74.563,78.0,74.563,74.563,78.0,78.0,8.0,0.821705,0.858169,0.847399,45.49,46.177,43.293,q_uniformity,target_met
"model_bc_robot_tesla12p7.pt+finish(force=-1.000,feed=12.700)",9,0,2,2,3,73.641,77.956,73.641,73.641,77.956,77.956,7.956,0.801361,0.839791,0.839791,44.32,45.006,42.026,q_uniformity,target_met
"model_bc_robot_tesla12p7.pt+finish(force=-1.000,feed=12.700)",9,0,2,2,4,72.581,77.715,72.581,72.581,77.715,77.715,7.715,0.820618,0.848922,0.841096,43.684,44.156,41.617,q_uniformity,target_met
"model_bc_robot_tesla12p7.pt+finish(force=-1.000,feed=12.700)",9,0,2,3,0,74.379,76.935,74.379,74.379,76.935,76.935,6.935,0.86184,0.872514,0.8696,47.51,47.727,45.278,q_uniformity,target_met
"model_bc_robot_tesla12p7.pt+finish(force=-1.000,feed=12.700)",9,0,2,3,1,67.118,77.595,67.118,67.118,77.595,77.595,7.595,0.844233,0.86455,0.862731,46.923,47.33,44.631,q_scratch,plausible_rework_candidate
"model_bc_robot_tesla12p7.pt+finish(force=-1.000,feed=12.700)",9,0,2,3,2,67.651,78.0,67.651,67.651,78.0,78.0,8.0,0.805548,0.858657,0.847528,45.193,46.195,43.046,q_scratch,plausible_rework_candidate
"model_bc_robot_tesla12p7.pt+finish(force=-1.000,feed=12.700)",9,0,2,3,3,74.198,77.538,74.198,74.198,77.538,77.538,7.538,0.767873,0.843201,0.824883,43.203,44.499,41.133,q_uniformity,target_met
"model_bc_robot_tesla12p7.pt+finish(force=-1.000,feed=12.700)",9,0,2,3,4,71.838,76.839,71.838,71.838,76.839,76.839,6.839,0.780526,0.8397,0.820923,42.265,43.194,40.299,q_uniformity,target_met
"model_bc_robot_tesla12p7.pt+finish(force=-1.000,feed=12.700)",9,0,2,4,0,66.378,76.969,66.378,66.378,76.969,76.969,6.969,0.863367,0.872018,0.871875,47.766,47.944,45.492,q_uniformity,plausible_rework_candidate
"model_bc_robot_tesla12p7.pt+finish(force=-1.000,feed=12.700)",9,0,2,4,1,67.008,77.658,67.008,67.008,77.658,77.658,7.658,0.841782,0.868524,0.862986,46.862,47.398,44.645,q_uniformity,plausible_rework_candidate
"model_bc_robot_tesla12p7.pt+finish(force=-1.000,feed=12.700)",9,0,2,4,2,67.88,78.0,67.88,67.88,78.0,78.0,8.0,0.788337,0.846201,0.840341,44.818,45.906,42.539,q_uniformity,plausible_rework_candidate
"model_bc_robot_tesla12p7.pt+finish(force=-1.000,feed=12.700)",9,0,2,4,3,68.325,77.587,68.325,68.325,77.587,77.587,7.587,0.761922,0.835087,0.825709,42.508,43.709,40.445,q_uniformity,plausible_rework_candidate
"model_bc_robot_tesla12p7.pt+finish(force=-1.000,feed=12.700)",9,0,2,4,4,70.096,77.071,70.096,70.096,77.071,77.071,7.071,0.795542,0.837434,0.808931,41.419,42.021,39.563,q_uniformity,target_met
"model_bc_robot_tesla12p7.pt+finish(force=-1.000,feed=12.700)",14,0,1,0,0,53.114,78.0,53.114,53.114,78.0,78.0,8.0,0.86919,0.86919,0.86919,40.0,40.0,38.692,q_ra,plausible_rework_candidate
"model_bc_robot_tesla12p7.pt+finish(force=-1.000,feed=12.700)",14,0,1,0,1,59.578,77.999,59.578,59.578,77.999,77.999,7.999,0.846599,0.846599,0.846599,40.0,40.0,38.466,q_scratch,plausible_rework_candidate
"model_bc_robot_tesla12p7.pt+finish(force=-1.000,feed=12.700)",14,0,1,0,2,70.015,78.0,70.015,70.015,78.0,78.0,8.0,0.827551,0.827551,0.827551,40.0,40.0,38.276,q_scratch,target_met
"model_bc_robot_tesla12p7.pt+finish(force=-1.000,feed=12.700)",14,0,1,0,3,68.95,77.998,68.95,68.95,77.998,77.998,7.998,0.839488,0.839488,0.839488,40.0,40.0,38.395,q_scratch,plausible_rework_candidate
"model_bc_robot_tesla12p7.pt+finish(force=-1.000,feed=12.700)",14,0,1,0,4,75.083,78.0,75.083,75.083,78.0,78.0,8.0,0.854923,0.854923,0.854923,40.0,40.0,38.549,q_uniformity,target_met
"model_bc_robot_tesla12p7.pt+finish(force=-1.000,feed=12.700)",14,0,1,1,0,47.569,78.0,47.569,47.569,78.0,78.0,8.0,0.841647,0.841647,0.841647,40.0,40.0,38.416,q_ra,plausible_rework_candidate
"model_bc_robot_tesla12p7.pt+finish(force=-1.000,feed=12.700)",14,0,1,1,1,65.635,77.994,65.635,65.635,77.994,77.994,7.994,0.821145,0.821145,0.821145,40.0,40.0,38.211,q_scratch,plausible_rework_candidate
"model_bc_robot_tesla12p7.pt+finish(force=-1.000,feed=12.700)",14,0,1,1,2,66.099,78.0,66.099,66.099,78.0,78.0,8.0,0.81192,0.81192,0.81192,40.0,40.0,38.119,q_scratch,plausible_rework_candidate
"model_bc_robot_tesla12p7.pt+finish(force=-1.000,feed=12.700)",14,0,1,1,3,73.484,77.991,73.484,73.484,77.991,77.991,7.991,0.816014,0.816014,0.816014,40.0,40.0,38.16,q_scratch,target_met
"model_bc_robot_tesla12p7.pt+finish(force=-1.000,feed=12.700)",14,0,1,1,4,75.013,78.0,75.013,75.013,78.0,78.0,8.0,0.82979,0.82979,0.82979,40.0,40.0,38.298,q_uniformity,target_met
"model_bc_robot_tesla12p7.pt+finish(force=-1.000,feed=12.700)",14,0,1,2,0,63.875,77.989,63.875,63.875,77.989,77.989,7.989,0.843835,0.843835,0.843835,40.0,40.0,38.438,q_scratch,plausible_rework_candidate
"model_bc_robot_tesla12p7.pt+finish(force=-1.000,feed=12.700)",14,0,1,2,1,76.977,77.996,76.977,76.977,77.996,77.996,7.996,0.820079,0.820079,0.820079,40.0,40.0,38.201,q_uniformity,target_met
"model_bc_robot_tesla12p7.pt+finish(force=-1.000,feed=12.700)",14,0,1,2,2,70.592,78.0,70.592,70.592,78.0,78.0,8.0,0.797709,0.797709,0.797709,40.0,40.0,37.977,q_scratch,target_met
"model_bc_robot_tesla12p7.pt+finish(force=-1.000,feed=12.700)",14,0,1,2,3,76.44,77.934,76.44,76.44,77.934,77.934,7.934,0.791332,0.791332,0.791332,40.0,40.0,37.913,q_uniformity,target_met
"model_bc_robot_tesla12p7.pt+finish(force=-1.000,feed=12.700)",14,0,1,2,4,68.409,77.679,68.409,68.409,77.679,77.679,7.679,0.811585,0.811585,0.811585,40.0,40.0,38.116,q_scratch,plausible_rework_candidate
"model_bc_robot_tesla12p7.pt+finish(force=-1.000,feed=12.700)",14,0,1,3,0,75.578,76.922,75.578,75.578,76.922,76.922,6.922,0.832768,0.832768,0.832768,40.0,40.0,38.328,q_uniformity,target_met
"model_bc_robot_tesla12p7.pt+finish(force=-1.000,feed=12.700)",14,0,1,3,1,67.321,77.585,67.321,67.321,77.585,77.585,7.585,0.819866,0.819866,0.819866,40.0,40.0,38.199,q_scratch,plausible_rework_candidate
"model_bc_robot_tesla12p7.pt+finish(force=-1.000,feed=12.700)",14,0,1,3,2,64.41,78.0,64.41,64.41,78.0,78.0,8.0,0.802238,0.802238,0.802238,40.0,40.0,38.022,q_scratch,plausible_rework_candidate
"model_bc_robot_tesla12p7.pt+finish(force=-1.000,feed=12.700)",14,0,1,3,3,56.106,77.156,56.106,56.106,77.156,77.156,7.156,0.798088,0.799105,0.797557,40.0,40.013,37.991,q_ra,plausible_rework_candidate
"model_bc_robot_tesla12p7.pt+finish(force=-1.000,feed=12.700)",14,0,1,3,4,66.807,75.923,66.807,66.807,75.923,75.923,5.923,0.791146,0.806872,0.806872,40.0,40.199,38.069,q_scratch,plausible_rework_candidate
"model_bc_robot_tesla12p7.pt+finish(force=-1.000,feed=12.700)",14,0,1,4,0,74.636,76.964,74.636,74.636,76.964,76.964,6.964,0.840238,0.840238,0.840238,40.0,40.0,38.402,q_uniformity,target_met
"model_bc_robot_tesla12p7.pt+finish(force=-1.000,feed=12.700)",14,0,1,4,1,65.271,77.652,65.271,65.271,77.652,77.652,7.652,0.827599,0.827599,0.827599,40.0,40.0,38.276,q_scratch,plausible_rework_candidate
"model_bc_robot_tesla12p7.pt+finish(force=-1.000,feed=12.700)",14,0,1,4,2,74.774,78.0,74.774,74.774,78.0,78.0,8.0,0.808032,0.808032,0.808032,40.0,40.0,38.08,q_scratch,target_met
"model_bc_robot_tesla12p7.pt+finish(force=-1.000,feed=12.700)",14,0,1,4,3,58.393,77.383,58.393,58.393,77.383,77.383,7.383,0.774596,0.811332,0.798686,40.0,40.474,38.113,q_scratch,plausible_rework_candidate
"model_bc_robot_tesla12p7.pt+finish(force=-1.000,feed=12.700)",14,0,1,4,4,73.046,76.621,73.046,73.046,76.621,76.621,6.621,0.748607,0.807365,0.807365,40.625,41.459,38.578,q_uniformity,target_met
"model_bc_robot_tesla12p7.pt+finish(force=-1.000,feed=12.700)",14,0,2,0,0,58.018,78.0,58.018,58.018,78.0,78.0,8.0,0.831074,0.831074,0.831074,40.0,40.0,38.311,q_scratch,plausible_rework_candidate
"model_bc_robot_tesla12p7.pt+finish(force=-1.000,feed=12.700)",14,0,2,0,1,64.305,77.999,64.305,64.305,77.999,77.999,7.999,0.803529,0.803529,0.803529,40.0,40.0,38.035,q_scratch,plausible_rework_candidate
"model_bc_robot_tesla12p7.pt+finish(force=-1.000,feed=12.700)",14,0,2,0,2,71.709,78.0,71.709,71.709,78.0,78.0,8.0,0.778385,0.778385,0.778385,40.0,40.0,37.784,q_uniformity,target_met
"model_bc_robot_tesla12p7.pt+finish(force=-1.000,feed=12.700)",14,0,2,0,3,71.378,77.998,71.378,71.378,77.998,77.998,7.998,0.790612,0.790612,0.790612,40.0,40.0,37.906,q_scratch,target_met
"model_bc_robot_tesla12p7.pt+finish(force=-1.000,feed=12.700)",14,0,2,0,4,74.551,78.0,74.551,74.551,78.0,78.0,8.0,0.804175,0.804175,0.804175,40.0,40.0,38.042,q_uniformity,target_met
"model_bc_robot_tesla12p7.pt+finish(force=-1.000,feed=12.700)",14,0,2,1,0,52.735,78.0,52.735,52.735,78.0,78.0,8.0,0.799269,0.799269,0.799269,40.0,40.0,37.993,q_ra,plausible_rework_candidate
"model_bc_robot_tesla12p7.pt+finish(force=-1.000,feed=12.700)",14,0,2,1,1,69.101,77.994,69.101,69.101,77.994,77.994,7.994,0.775519,0.775519,0.775519,40.0,40.0,37.755,q_scratch,plausible_rework_candidate
"model_bc_robot_tesla12p7.pt+finish(force=-1.000,feed=12.700)",14,0,2,1,2,68.285,78.0,68.285,68.285,78.0,78.0,8.0,0.763044,0.763044,0.763044,40.0,40.0,37.63,q_scratch,plausible_rework_candidate
"model_bc_robot_tesla12p7.pt+finish(force=-1.000,feed=12.700)",14,0,2,1,3,74.938,77.991,74.938,74.938,77.991,77.991,7.991,0.767249,0.767249,0.767249,40.0,40.0,37.672,q_scratch,target_met
"model_bc_robot_tesla12p7.pt+finish(force=-1.000,feed=12.700)",14,0,2,1,4,74.815,78.0,74.815,74.815,78.0,78.0,8.0,0.78017,0.78017,0.78017,40.0,40.0,37.802,q_uniformity,target_met
"model_bc_robot_tesla12p7.pt+finish(force=-1.000,feed=12.700)",14,0,2,2,0,68.021,77.989,68.021,68.021,77.989,77.989,7.989,0.801122,0.801122,0.801122,40.0,40.0,38.011,q_uniformity,plausible_rework_candidate
"model_bc_robot_tesla12p7.pt+finish(force=-1.000,feed=12.700)",14,0,2,2,1,76.86,77.996,76.86,76.86,77.996,77.996,7.996,0.774171,0.774171,0.774171,40.0,40.0,37.742,q_uniformity,target_met
"model_bc_robot_tesla12p7.pt+finish(force=-1.000,feed=12.700)",14,0,2,2,2,73.864,78.0,73.864,73.864,78.0,78.0,8.0,0.74936,0.74936,0.74936,40.0,40.0,37.494,q_uniformity,target_met
"model_bc_robot_tesla12p7.pt+finish(force=-1.000,feed=12.700)",14,0,2,2,3,76.316,77.934,76.316,76.316,77.934,77.934,7.934,0.741401,0.741401,0.741401,40.0,40.0,37.414,q_uniformity,target_met
"model_bc_robot_tesla12p7.pt+finish(force=-1.000,feed=12.700)",14,0,2,2,4,70.468,77.679,70.468,70.468,77.679,77.679,7.679,0.764081,0.764081,0.764081,40.0,40.0,37.641,q_scratch,target_met
"model_bc_robot_tesla12p7.pt+finish(force=-1.000,feed=12.700)",14,0,2,3,0,75.45,76.922,75.45,75.45,76.922,76.922,6.922,0.787029,0.787029,0.787029,40.0,40.0,37.87,q_uniformity,target_met
"model_bc_robot_tesla12p7.pt+finish(force=-1.000,feed=12.700)",14,0,2,3,1,69.671,77.585,69.671,69.671,77.585,77.585,7.585,0.774144,0.774144,0.774144,40.0,40.0,37.741,q_scratch,plausible_rework_candidate
"model_bc_robot_tesla12p7.pt+finish(force=-1.000,feed=12.700)",14,0,2,3,2,68.152,78.0,68.152,68.152,78.0,78.0,8.0,0.755372,0.755372,0.755372,40.0,40.0,37.554,q_uniformity,plausible_rework_candidate
"model_bc_robot_tesla12p7.pt+finish(force=-1.000,feed=12.700)",14,0,2,3,3,62.648,77.156,62.648,62.648,77.156,77.156,7.156,0.751997,0.752955,0.751126,40.0,40.013,37.53,q_scratch,plausible_rework_candidate
"model_bc_robot_tesla12p7.pt+finish(force=-1.000,feed=12.700)",14,0,2,3,4,67.557,75.923,67.557,67.557,75.923,75.923,5.923,0.747314,0.762169,0.762169,40.0,40.199,37.622,q_uniformity,plausible_rework_candidate
"model_bc_robot_tesla12p7.pt+finish(force=-1.000,feed=12.700)",14,0,2,4,0,74.335,76.964,74.335,74.335,76.964,76.964,6.964,0.793762,0.793762,0.793762,40.0,40.0,37.938,q_uniformity,target_met
"model_bc_robot_tesla12p7.pt+finish(force=-1.000,feed=12.700)",14,0,2,4,1,67.293,77.652,67.293,67.293,77.652,77.652,7.652,0.78079,0.78079,0.78079,40.0,40.0,37.808,q_scratch,plausible_rework_candidate
"model_bc_robot_tesla12p7.pt+finish(force=-1.000,feed=12.700)",14,0,2,4,2,75.699,78.0,75.699,75.699,78.0,78.0,8.0,0.761499,0.761499,0.761499,40.0,40.0,37.615,q_uniformity,target_met
"model_bc_robot_tesla12p7.pt+finish(force=-1.000,feed=12.700)",14,0,2,4,3,64.98,77.383,64.98,64.98,77.383,77.383,7.383,0.730843,0.765504,0.752066,40.0,40.474,37.655,q_scratch,plausible_rework_candidate
"model_bc_robot_tesla12p7.pt+finish(force=-1.000,feed=12.700)",14,0,2,4,4,72.623,76.621,72.623,72.623,76.621,76.621,6.621,0.7069,0.762384,0.762384,40.625,41.459,38.101,q_uniformity,target_met
"model_bc_robot_tesla12p7.pt+finish(force=-1.000,feed=12.700)",5,0,1,0,0,55.187,78.0,55.187,55.187,78.0,78.0,8.0,0.903362,0.921758,0.909388,46.004,46.33,44.752,q_ra,plausible_rework_candidate
"model_bc_robot_tesla12p7.pt+finish(force=-1.000,feed=12.700)",5,0,1,0,1,57.857,77.997,57.857,57.857,77.997,77.997,7.997,0.880823,0.908079,0.905549,46.254,46.757,44.76,q_scratch,plausible_rework_candidate
"model_bc_robot_tesla12p7.pt+finish(force=-1.000,feed=12.700)",5,0,1,0,2,65.309,78.0,65.309,65.309,78.0,78.0,8.0,0.881345,0.91083,0.895663,46.851,47.415,45.348,q_scratch,plausible_rework_candidate
"model_bc_robot_tesla12p7.pt+finish(force=-1.000,feed=12.700)",5,0,1,0,3,68.617,77.992,68.617,68.617,77.992,77.992,7.992,0.869747,0.894366,0.889759,47.536,48.032,45.684,q_scratch,plausible_rework_candidate
"model_bc_robot_tesla12p7.pt+finish(force=-1.000,feed=12.700)",5,0,1,0,4,53.567,77.925,53.567,53.567,77.925,77.925,7.925,0.884028,0.900874,0.896871,48.052,48.396,46.262,q_ra,plausible_rework_candidate
"model_bc_robot_tesla12p7.pt+finish(force=-1.000,feed=12.700)",5,0,1,1,0,64.947,78.0,64.947,64.947,78.0,78.0,8.0,0.874137,0.909018,0.900992,44.952,45.548,43.591,q_scratch,plausible_rework_candidate
"model_bc_robot_tesla12p7.pt+finish(force=-1.000,feed=12.700)",5,0,1,1,1,71.523,77.989,71.523,71.523,77.989,77.989,7.989,0.855507,0.899259,0.888268,45.194,45.971,43.663,q_scratch,target_met
"model_bc_robot_tesla12p7.pt+finish(force=-1.000,feed=12.700)",5,0,1,1,2,61.373,78.0,61.373,61.373,78.0,78.0,8.0,0.839809,0.885082,0.882649,45.783,46.634,43.969,q_scratch,plausible_rework_candidate
"model_bc_robot_tesla12p7.pt+finish(force=-1.000,feed=12.700)",5,0,1,1,3,57.734,77.953,57.734,57.734,77.953,77.953,7.953,0.848673,0.889397,0.879475,46.482,47.272,44.659,q_ra,plausible_rework_candidate
"model_bc_robot_tesla12p7.pt+finish(force=-1.000,feed=12.700)",5,0,1,1,4,64.395,77.642,64.395,64.395,77.642,77.642,7.642,0.854661,0.886297,0.88608,47.027,47.657,45.091,q_scratch,plausible_rework_candidate
"model_bc_robot_tesla12p7.pt+finish(force=-1.000,feed=12.700)",5,0,1,2,0,75.726,77.988,75.726,75.726,77.988,77.988,7.988,0.849997,0.889601,0.879347,43.704,44.343,42.191,q_uniformity,target_met
"model_bc_robot_tesla12p7.pt+finish(force=-1.000,feed=12.700)",5,0,1,2,1,67.21,77.996,67.21,67.21,77.996,77.996,7.996,0.831279,0.880121,0.864836,43.927,44.745,42.257,q_scratch,plausible_rework_candidate
"model_bc_robot_tesla12p7.pt+finish(force=-1.000,feed=12.700)",5,0,1,2,2,69.757,78.0,69.757,69.757,78.0,78.0,8.0,0.817557,0.869102,0.869102,44.482,45.395,42.586,q_scratch,plausible_rework_candidate
"model_bc_robot_tesla12p7.pt+finish(force=-1.000,feed=12.700)",5,0,1,2,3,77.045,77.932,77.045,77.045,77.932,77.932,7.932,0.829687,0.877722,0.876951,45.169,46.047,43.314,q_uniformity,target_met
"model_bc_robot_tesla12p7.pt+finish(force=-1.000,feed=12.700)",5,0,1,2,4,65.735,77.627,65.735,65.735,77.627,77.627,7.627,0.838093,0.87674,0.87674,45.727,46.452,43.789,q_scratch,plausible_rework_candidate
"model_bc_robot_tesla12p7.pt+finish(force=-1.000,feed=12.700)",5,0,1,3,0,58.51,77.004,58.51,58.51,77.004,77.004,7.004,0.855344,0.886755,0.879038,42.739,43.207,41.296,q_scratch,plausible_rework_candidate
"model_bc_robot_tesla12p7.pt+finish(force=-1.000,feed=12.700)",5,0,1,3,1,57.722,77.635,57.722,57.722,77.635,77.635,7.635,0.826168,0.866773,0.856332,42.937,43.573,41.214,q_scratch,plausible_rework_candidate
"model_bc_robot_tesla12p7.pt+finish(force=-1.000,feed=12.700)",5,0,1,3,2,58.382,78.0,58.382,58.382,78.0,78.0,8.0,0.840964,0.887253,0.861786,43.445,44.185,41.929,q_scratch,plausible_rework_candidate
"model_bc_robot_tesla12p7.pt+finish(force=-1.000,feed=12.700)",5,0,1,3,3,72.954,77.802,72.954,72.954,77.802,77.802,7.802,0.842652,0.886095,0.872692,44.096,44.823,42.491,q_scratch,target_met
"model_bc_robot_tesla12p7.pt+finish(force=-1.000,feed=12.700)",5,0,1,3,4,74.622,77.613,74.622,74.622,77.613,77.613,7.613,0.85237,0.886557,0.87661,44.646,45.233,42.984,q_uniformity,target_met
"model_bc_robot_tesla12p7.pt+finish(force=-1.000,feed=12.700)",5,0,1,4,0,69.396,77.158,69.396,69.396,77.158,77.158,7.158,0.8779,0.890311,0.869758,42.364,42.538,41.007,q_scratch,plausible_rework_candidate
"model_bc_robot_tesla12p7.pt+finish(force=-1.000,feed=12.700)",5,0,1,4,1,71.137,77.738,71.137,71.137,77.738,77.738,7.738,0.855975,0.878114,0.862453,42.55,42.875,41.02,q_scratch,target_met
"model_bc_robot_tesla12p7.pt+finish(force=-1.000,feed=12.700)",5,0,1,4,2,67.813,78.0,67.813,67.813,78.0,78.0,8.0,0.848493,0.875608,0.866988,43.033,43.449,41.412,q_scratch,plausible_rework_candidate
"model_bc_robot_tesla12p7.pt+finish(force=-1.000,feed=12.700)",5,0,1,4,3,71.491,77.975,71.491,71.491,77.975,77.975,7.975,0.857561,0.882804,0.875601,43.664,44.066,42.062,q_scratch,target_met
"model_bc_robot_tesla12p7.pt+finish(force=-1.000,feed=12.700)",5,0,1,4,4,74.832,77.971,74.832,74.832,77.971,77.971,7.971,0.889777,0.906455,0.890639,44.204,44.47,42.875,q_uniformity,target_met
"model_bc_robot_tesla12p7.pt+finish(force=-1.000,feed=12.700)",5,0,2,0,0,59.624,78.0,59.624,59.624,78.0,78.0,8.0,0.876803,0.894659,0.882746,46.004,46.33,44.318,q_scratch,plausible_rework_candidate
"model_bc_robot_tesla12p7.pt+finish(force=-1.000,feed=12.700)",5,0,2,0,1,63.193,77.997,63.193,63.193,77.997,77.997,7.997,0.854414,0.880853,0.877785,46.254,46.757,44.317,q_scratch,plausible_rework_candidate
"model_bc_robot_tesla12p7.pt+finish(force=-1.000,feed=12.700)",5,0,2,0,2,67.607,78.0,67.607,67.607,78.0,78.0,8.0,0.853273,0.881818,0.866667,46.851,47.415,44.859,q_scratch,plausible_rework_candidate
"model_bc_robot_tesla12p7.pt+finish(force=-1.000,feed=12.700)",5,0,2,0,3,70.78,77.992,70.78,70.78,77.992,77.992,7.992,0.841547,0.865367,0.859606,47.536,48.032,45.175,q_uniformity,target_met
"model_bc_robot_tesla12p7.pt+finish(force=-1.000,feed=12.700)",5,0,2,0,4,60.763,77.925,60.763,60.763,77.925,77.925,7.925,0.856477,0.872798,0.86892,48.052,48.396,45.755,q_ra,plausible_rework_candidate
"model_bc_robot_tesla12p7.pt+finish(force=-1.000,feed=12.700)",5,0,2,1,0,66.749,78.0,66.749,66.749,78.0,78.0,8.0,0.847866,0.881699,0.871435,44.952,45.548,43.183,q_scratch,plausible_rework_candidate
"model_bc_robot_tesla12p7.pt+finish(force=-1.000,feed=12.700)",5,0,2,1,1,73.317,77.989,73.317,73.317,77.989,77.989,7.989,0.827017,0.869312,0.856897,45.194,45.971,43.208,q_scratch,target_met
"model_bc_robot_tesla12p7.pt+finish(force=-1.000,feed=12.700)",5,0,2,1,2,67.444,78.0,67.444,67.444,78.0,78.0,8.0,0.809532,0.853172,0.850344,45.783,46.634,43.465,q_scratch,plausible_rework_candidate
"model_bc_robot_tesla12p7.pt+finish(force=-1.000,feed=12.700)",5,0,2,1,3,64.781,77.953,64.781,64.781,77.953,77.953,7.953,0.819288,0.858601,0.848886,46.482,47.272,44.151,q_uniformity,plausible_rework_candidate
"model_bc_robot_tesla12p7.pt+finish(force=-1.000,feed=12.700)",5,0,2,1,4,68.279,77.642,68.279,68.279,77.642,77.642,7.642,0.826352,0.85694,0.856931,47.027,47.657,44.591,q_uniformity,plausible_rework_candidate
"model_bc_robot_tesla12p7.pt+finish(force=-1.000,feed=12.700)",5,0,2,2,0,75.207,77.988,75.207,75.207,77.988,77.988,7.988,0.816451,0.854492,0.844608,43.704,44.343,41.71,q_uniformity,target_met
"model_bc_robot_tesla12p7.pt+finish(force=-1.000,feed=12.700)",5,0,2,2,1,69.55,77.996,69.55,69.55,77.996,77.996,7.996,0.798729,0.845658,0.829008,43.927,44.745,41.777,q_scratch,plausible_rework_candidate
"model_bc_robot_tesla12p7.pt+finish(force=-1.000,feed=12.700)",5,0,2,2,2,71.583,78.0,71.583,71.583,78.0,78.0,8.0,0.784437,0.833894,0.833894,44.482,45.395,42.076,q_scratch,target_met
"model_bc_robot_tesla12p7.pt+finish(force=-1.000,feed=12.700)",5,0,2,2,3,76.963,77.932,76.963,76.963,77.932,77.932,7.932,0.797545,0.843719,0.841989,45.169,46.047,42.798,q_uniformity,target_met
"model_bc_robot_tesla12p7.pt+finish(force=-1.000,feed=12.700)",5,0,2,2,4,68.485,77.627,68.485,68.485,77.627,77.627,7.627,0.804376,0.841468,0.841468,45.727,46.452,43.234,q_uniformity,plausible_rework_candidate
"model_bc_robot_tesla12p7.pt+finish(force=-1.000,feed=12.700)",5,0,2,3,0,65.138,77.004,65.138,65.138,77.004,77.004,7.004,0.818625,0.848688,0.841668,42.739,43.207,40.811,q_scratch,plausible_rework_candidate
"model_bc_robot_tesla12p7.pt+finish(force=-1.000,feed=12.700)",5,0,2,3,1,64.588,77.635,64.588,64.588,77.635,77.635,7.635,0.788943,0.827719,0.818961,42.937,43.573,40.709,q_scratch,plausible_rework_candidate
"model_bc_robot_tesla12p7.pt+finish(force=-1.000,feed=12.700)",5,0,2,3,2,64.763,78.0,64.763,64.763,78.0,78.0,8.0,0.809148,0.853685,0.825204,43.445,44.185,41.478,q_scratch,plausible_rework_candidate
"model_bc_robot_tesla12p7.pt+finish(force=-1.000,feed=12.700)",5,0,2,3,3,74.807,77.802,74.807,74.807,77.802,77.802,7.802,0.807835,0.849483,0.83304,44.096,44.823,41.974,q_scratch,target_met
"model_bc_robot_tesla12p7.pt+finish(force=-1.000,feed=12.700)",5,0,2,3,4,74.393,77.613,74.393,74.393,77.613,77.613,7.613,0.814996,0.847684,0.840903,44.646,45.233,42.415,q_uniformity,target_met
"model_bc_robot_tesla12p7.pt+finish(force=-1.000,feed=12.700)",5,0,2,4,0,71.202,77.158,71.202,71.202,77.158,77.158,7.158,0.837118,0.848952,0.829401,42.364,42.538,40.496,q_uniformity,target_met
"model_bc_robot_tesla12p7.pt+finish(force=-1.000,feed=12.700)",5,0,2,4,1,72.747,77.738,72.747,72.747,77.738,77.738,7.738,0.816164,0.837273,0.823132,42.55,42.875,40.508,q_scratch,target_met
"model_bc_robot_tesla12p7.pt+finish(force=-1.000,feed=12.700)",5,0,2,4,2,70.795,78.0,70.795,70.795,78.0,78.0,8.0,0.808897,0.834747,0.827991,43.033,43.449,40.879,q_scratch,target_met
"model_bc_robot_tesla12p7.pt+finish(force=-1.000,feed=12.700)",5,0,2,4,3,74.012,77.975,74.012,74.012,77.975,77.975,7.975,0.817838,0.841911,0.834451,43.664,44.066,41.504,q_uniformity,target_met
"model_bc_robot_tesla12p7.pt+finish(force=-1.000,feed=12.700)",5,0,2,4,4,74.193,77.971,74.193,74.193,77.971,77.971,7.971,0.851583,0.867545,0.852343,44.204,44.47,42.323,q_uniformity,target_met
"model_bc_robot_tesla12p7.pt+finish(force=-1.000,feed=12.700)",3,0,1,0,0,70.034,78.0,70.034,70.034,78.0,78.0,8.0,0.933582,0.957176,0.922493,44.753,45.126,44.122,q_scratch,target_met
"model_bc_robot_tesla12p7.pt+finish(force=-1.000,feed=12.700)",3,0,1,0,1,67.314,78.0,67.314,67.314,78.0,78.0,8.0,0.894987,0.936392,0.903145,45.304,46.012,44.331,q_scratch,plausible_rework_candidate
"model_bc_robot_tesla12p7.pt+finish(force=-1.000,feed=12.700)",3,0,1,0,2,51.124,78.0,51.124,51.124,78.0,78.0,8.0,0.876137,0.914981,0.889528,46.522,47.255,45.118,q_ra,plausible_rework_candidate
"model_bc_robot_tesla12p7.pt+finish(force=-1.000,feed=12.700)",3,0,1,0,3,54.521,77.995,54.521,54.521,77.995,77.995,7.995,0.8802,0.906435,0.891552,47.733,48.261,46.073,q_ra,plausible_rework_candidate
"model_bc_robot_tesla12p7.pt+finish(force=-1.000,feed=12.700)",3,0,1,0,4,69.24,77.947,69.24,69.24,77.947,77.947,7.947,0.897658,0.91124,0.897183,48.484,48.764,46.844,q_scratch,plausible_rework_candidate
"model_bc_robot_tesla12p7.pt+finish(force=-1.000,feed=12.700)",3,0,1,1,0,68.278,78.0,68.278,68.278,78.0,78.0,8.0,0.891437,0.935697,0.911232,45.402,46.166,44.411,q_scratch,plausible_rework_candidate
"model_bc_robot_tesla12p7.pt+finish(force=-1.000,feed=12.700)",3,0,1,1,1,72.267,78.0,72.267,72.267,78.0,78.0,8.0,0.86542,0.921233,0.896423,45.907,46.933,44.654,q_scratch,target_met
"model_bc_robot_tesla12p7.pt+finish(force=-1.000,feed=12.700)",3,0,1,1,2,73.094,78.0,73.094,73.094,78.0,78.0,8.0,0.859488,0.910123,0.890686,47.036,48.039,45.505,q_scratch,target_met
"model_bc_robot_tesla12p7.pt+finish(force=-1.000,feed=12.700)",3,0,1,1,3,58.186,77.974,58.186,58.186,77.974,77.974,7.974,0.85693,0.894486,0.890463,48.182,48.979,46.264,q_ra,plausible_rework_candidate
"model_bc_robot_tesla12p7.pt+finish(force=-1.000,feed=12.700)",3,0,1,1,4,52.615,77.737,52.615,52.615,77.737,77.737,7.737,0.877229,0.903097,0.894698,48.917,49.475,47.084,q_ra,plausible_rework_candidate
"model_bc_robot_tesla12p7.pt+finish(force=-1.000,feed=12.700)",3,0,1,2,0,75.043,77.999,75.043,75.043,77.999,77.999,7.999,0.883634,0.923694,0.908263,46.819,47.581,45.536,q_uniformity,target_met
"model_bc_robot_tesla12p7.pt+finish(force=-1.000,feed=12.700)",3,0,1,2,1,65.437,78.0,65.437,65.437,78.0,78.0,8.0,0.863395,0.911305,0.89979,47.22,48.175,45.692,q_scratch,plausible_rework_candidate
"model_bc_robot_tesla12p7.pt+finish(force=-1.000,feed=12.700)",3,0,1,2,2,53.704,78.0,53.704,53.704,78.0,78.0,8.0,0.854957,0.899534,0.896345,48.147,49.093,46.324,q_ra,plausible_rework_candidate
"model_bc_robot_tesla12p7.pt+finish(force=-1.000,feed=12.700)",3,0,1,2,3,63.909,77.903,63.909,63.909,77.903,77.903,7.903,0.872467,0.903496,0.890407,49.156,49.838,47.308,q_scratch,plausible_rework_candidate
"model_bc_robot_tesla12p7.pt+finish(force=-1.000,feed=12.700)",3,0,1,2,4,65.9,77.39,65.9,65.9,77.39,77.39,7.39,0.895679,0.901758,0.895552,49.862,49.997,47.911,q_scratch,plausible_rework_candidate
"model_bc_robot_tesla12p7.pt+finish(force=-1.000,feed=12.700)",3,0,1,3,0,55.225,77.039,55.225,55.225,77.039,77.039,7.039,0.897838,0.921466,0.910404,48.165,48.643,46.738,q_scratch,plausible_rework_candidate
"model_bc_robot_tesla12p7.pt+finish(force=-1.000,feed=12.700)",3,0,1,3,1,56.398,77.625,56.398,56.398,77.625,77.625,7.625,0.879046,0.909348,0.905512,48.456,49.092,46.783,q_scratch,plausible_rework_candidate
"model_bc_robot_tesla12p7.pt+finish(force=-1.000,feed=12.700)",3,0,1,3,2,69.314,78.0,69.314,69.314,78.0,78.0,8.0,0.87717,0.905603,0.900732,49.179,49.801,47.369,q_scratch,plausible_rework_candidate
"model_bc_robot_tesla12p7.pt+finish(force=-1.000,feed=12.700)",3,0,1,3,3,60.893,77.142,60.893,60.893,77.142,77.142,7.142,0.894366,0.894366,0.894366,50.0,50.0,47.887,q_scratch,plausible_rework_candidate
"model_bc_robot_tesla12p7.pt+finish(force=-1.000,feed=12.700)",3,0,1,3,4,66.158,75.845,66.158,66.158,75.845,75.845,5.845,0.896696,0.896696,0.896696,50.0,50.0,47.934,q_scratch,plausible_rework_candidate
"model_bc_robot_tesla12p7.pt+finish(force=-1.000,feed=12.700)",3,0,1,4,0,64.614,76.969,64.614,64.614,76.969,76.969,6.969,0.913707,0.922963,0.909967,48.92,49.111,47.462,q_scratch,plausible_rework_candidate
"model_bc_robot_tesla12p7.pt+finish(force=-1.000,feed=12.700)",3,0,1,4,1,73.437,77.654,73.437,73.437,77.654,77.654,7.654,0.895079,0.911349,0.905233,49.138,49.486,47.442,q_uniformity,target_met
"model_bc_robot_tesla12p7.pt+finish(force=-1.000,feed=12.700)",3,0,1,4,2,65.064,78.0,65.064,65.064,78.0,78.0,8.0,0.896341,0.907093,0.903339,49.734,49.971,47.901,q_scratch,plausible_rework_candidate
"model_bc_robot_tesla12p7.pt+finish(force=-1.000,feed=12.700)",3,0,1,4,3,59.005,77.385,59.005,59.005,77.385,77.385,7.385,0.897284,0.897284,0.897284,50.0,50.0,47.946,q_scratch,plausible_rework_candidate
"model_bc_robot_tesla12p7.pt+finish(force=-1.000,feed=12.700)",3,0,1,4,4,64.048,76.626,64.048,64.048,76.626,76.626,6.626,0.904202,0.904202,0.904202,50.0,50.0,48.084,q_scratch,plausible_rework_candidate
"model_bc_robot_tesla12p7.pt+finish(force=-1.000,feed=12.700)",3,0,2,0,0,70.957,78.0,70.957,70.957,78.0,78.0,8.0,0.908271,0.931225,0.886805,44.753,45.126,43.739,q_uniformity,target_met
"model_bc_robot_tesla12p7.pt+finish(force=-1.000,feed=12.700)",3,0,2,0,1,69.62,78.0,69.62,69.62,78.0,78.0,8.0,0.863796,0.903759,0.863105,45.304,46.012,43.831,q_scratch,plausible_rework_candidate
"model_bc_robot_tesla12p7.pt+finish(force=-1.000,feed=12.700)",3,0,2,0,2,58.572,78.0,58.572,58.572,78.0,78.0,8.0,0.838502,0.875677,0.849229,46.522,47.255,44.468,q_scratch,plausible_rework_candidate
"model_bc_robot_tesla12p7.pt+finish(force=-1.000,feed=12.700)",3,0,2,0,3,62.895,77.995,62.895,62.895,77.995,77.995,7.995,0.840842,0.865904,0.851614,47.733,48.261,45.355,q_uniformity,plausible_rework_candidate
"model_bc_robot_tesla12p7.pt+finish(force=-1.000,feed=12.700)",3,0,2,0,4,71.092,77.947,71.092,71.092,77.947,77.947,7.947,0.860659,0.873681,0.859395,48.484,48.764,46.15,q_scratch,target_met
"model_bc_robot_tesla12p7.pt+finish(force=-1.000,feed=12.700)",3,0,2,1,0,68.941,78.0,68.941,68.941,78.0,78.0,8.0,0.861236,0.903997,0.873663,45.402,46.166,43.923,q_scratch,plausible_rework_candidate
"model_bc_robot_tesla12p7.pt+finish(force=-1.000,feed=12.700)",3,0,2,1,1,73.16,78.0,73.16,73.16,78.0,78.0,8.0,0.829987,0.883515,0.855602,45.907,46.933,44.054,q_scratch,target_met
"model_bc_robot_tesla12p7.pt+finish(force=-1.000,feed=12.700)",3,0,2,1,2,73.843,78.0,73.843,73.843,78.0,78.0,8.0,0.82303,0.871517,0.85091,47.036,48.039,44.847,q_uniformity,target_met
"model_bc_robot_tesla12p7.pt+finish(force=-1.000,feed=12.700)",3,0,2,1,3,66.786,77.974,66.786,66.786,77.974,77.974,7.974,0.819824,0.855753,0.85268,48.182,48.979,45.56,q_uniformity,plausible_rework_candidate
"model_bc_robot_tesla12p7.pt+finish(force=-1.000,feed=12.700)",3,0,2,1,4,61.298,77.737,61.298,61.298,77.737,77.737,7.737,0.841147,0.865952,0.857902,48.917,49.475,46.381,q_uniformity,plausible_rework_candidate
"model_bc_robot_tesla12p7.pt+finish(force=-1.000,feed=12.700)",3,0,2,2,0,74.201,77.999,74.201,74.201,77.999,77.999,7.999,0.847506,0.885928,0.87051,46.819,47.581,44.9,q_uniformity,target_met
"model_bc_robot_tesla12p7.pt+finish(force=-1.000,feed=12.700)",3,0,2,2,1,68.447,78.0,68.447,68.447,78.0,78.0,8.0,0.827728,0.873659,0.861408,47.22,48.175,45.044,q_scratch,plausible_rework_candidate
"model_bc_robot_tesla12p7.pt+finish(force=-1.000,feed=12.700)",3,0,2,2,2,62.87,78.0,62.87,62.87,78.0,78.0,8.0,0.81809,0.860744,0.858639,48.147,49.093,45.62,q_uniformity,plausible_rework_candidate
"model_bc_robot_tesla12p7.pt+finish(force=-1.000,feed=12.700)",3,0,2,2,3,68.242,77.903,68.242,68.242,77.903,77.903,7.903,0.835727,0.865449,0.852912,49.156,49.838,46.579,q_uniformity,plausible_rework_candidate
"model_bc_robot_tesla12p7.pt+finish(force=-1.000,feed=12.700)",3,0,2,2,4,68.44,77.39,68.44,68.44,77.39,77.39,7.39,0.858581,0.864407,0.858458,49.862,49.997,47.169,q_scratch,plausible_rework_candidate
"model_bc_robot_tesla12p7.pt+finish(force=-1.000,feed=12.700)",3,0,2,3,0,63.728,77.039,63.728,63.728,77.039,77.039,7.039,0.862594,0.885294,0.87397,48.165,48.643,46.081,q_scratch,plausible_rework_candidate
"model_bc_robot_tesla12p7.pt+finish(force=-1.000,feed=12.700)",3,0,2,3,1,64.213,77.625,64.213,64.213,77.625,77.625,7.625,0.843744,0.87283,0.869723,48.456,49.092,46.109,q_scratch,plausible_rework_candidate
"model_bc_robot_tesla12p7.pt+finish(force=-1.000,feed=12.700)",3,0,2,3,2,71.352,78.0,71.352,71.352,78.0,78.0,8.0,0.842446,0.869753,0.865843,49.179,49.801,46.681,q_uniformity,target_met
"model_bc_robot_tesla12p7.pt+finish(force=-1.000,feed=12.700)",3,0,2,3,3,66.794,77.142,66.794,66.794,77.142,77.142,7.142,0.858759,0.858759,0.858759,50.0,50.0,47.175,q_uniformity,plausible_rework_candidate
"model_bc_robot_tesla12p7.pt+finish(force=-1.000,feed=12.700)",3,0,2,3,4,67.436,75.845,67.436,67.436,75.845,75.845,5.845,0.860206,0.860206,0.860206,50.0,50.0,47.204,q_uniformity,plausible_rework_candidate
"model_bc_robot_tesla12p7.pt+finish(force=-1.000,feed=12.700)",3,0,2,4,0,68.682,76.969,68.682,68.682,76.969,76.969,6.969,0.877546,0.886436,0.873944,48.92,49.111,46.771,q_scratch,plausible_rework_candidate
"model_bc_robot_tesla12p7.pt+finish(force=-1.000,feed=12.700)",3,0,2,4,1,74.479,77.654,74.479,74.479,77.654,77.654,7.654,0.859212,0.874831,0.868666,49.138,49.486,46.743,q_uniformity,target_met
"model_bc_robot_tesla12p7.pt+finish(force=-1.000,feed=12.700)",3,0,2,4,2,68.481,78.0,68.481,68.481,78.0,78.0,8.0,0.861838,0.872175,0.868168,49.734,49.971,47.212,q_uniformity,plausible_rework_candidate
"model_bc_robot_tesla12p7.pt+finish(force=-1.000,feed=12.700)",3,0,2,4,3,67.001,77.385,67.001,67.001,77.385,77.385,7.385,0.861554,0.861554,0.861554,50.0,50.0,47.231,q_uniformity,plausible_rework_candidate
"model_bc_robot_tesla12p7.pt+finish(force=-1.000,feed=12.700)",3,0,2,4,4,68.185,76.626,68.185,68.185,76.626,76.626,6.626,0.867968,0.867968,0.867968,50.0,50.0,47.359,q_uniformity,plausible_rework_candidate
"model_bc_robot_tesla12p7.pt+finish(force=-1.000,feed=12.700)",12,0,1,0,0,51.977,78.0,51.977,51.977,78.0,78.0,8.0,0.902203,0.938227,0.904879,41.86,42.334,41.127,q_ra,plausible_rework_candidate
"model_bc_robot_tesla12p7.pt+finish(force=-1.000,feed=12.700)",12,0,1,0,1,60.54,77.999,60.54,60.54,77.999,77.999,7.999,0.849114,0.908849,0.883487,42.49,43.368,41.351,q_scratch,plausible_rework_candidate
"model_bc_robot_tesla12p7.pt+finish(force=-1.000,feed=12.700)",12,0,1,0,2,66.1,78.0,66.1,66.1,78.0,78.0,8.0,0.84967,0.908012,0.883202,43.96,44.919,42.676,q_scratch,plausible_rework_candidate
"model_bc_robot_tesla12p7.pt+finish(force=-1.000,feed=12.700)",12,0,1,0,3,68.821,77.995,68.821,68.821,77.995,77.995,7.995,0.856192,0.896524,0.883026,45.591,46.325,43.977,q_scratch,plausible_rework_candidate
"model_bc_robot_tesla12p7.pt+finish(force=-1.000,feed=12.700)",12,0,1,0,4,66.826,77.949,66.826,66.826,77.949,77.949,7.949,0.880366,0.898966,0.887011,46.774,47.128,45.079,q_scratch,plausible_rework_candidate
"model_bc_robot_tesla12p7.pt+finish(force=-1.000,feed=12.700)",12,0,1,1,0,64.602,78.0,64.602,64.602,78.0,78.0,8.0,0.861749,0.92413,0.888562,42.739,43.662,41.773,q_scratch,plausible_rework_candidate
"model_bc_robot_tesla12p7.pt+finish(force=-1.000,feed=12.700)",12,0,1,1,1,61.917,77.998,61.917,61.917,77.998,77.998,7.998,0.83292,0.910792,0.884476,43.319,44.565,42.131,q_scratch,plausible_rework_candidate
"model_bc_robot_tesla12p7.pt+finish(force=-1.000,feed=12.700)",12,0,1,1,2,66.652,78.0,66.652,66.652,78.0,78.0,8.0,0.822226,0.890486,0.883521,44.655,45.872,43.05,q_scratch,plausible_rework_candidate
"model_bc_robot_tesla12p7.pt+finish(force=-1.000,feed=12.700)",12,0,1,1,3,63.125,77.974,63.125,63.125,77.974,77.974,7.974,0.846992,0.894247,0.879413,46.101,46.999,44.398,q_scratch,plausible_rework_candidate
"model_bc_robot_tesla12p7.pt+finish(force=-1.000,feed=12.700)",12,0,1,1,4,68.019,77.742,68.019,68.019,77.742,77.742,7.742,0.863463,0.888238,0.888238,47.121,47.613,45.208,q_scratch,plausible_rework_candidate
"model_bc_robot_tesla12p7.pt+finish(force=-1.000,feed=12.700)",12,0,1,2,0,75.346,77.999,75.346,75.346,77.999,77.999,7.999,0.870814,0.912088,0.890052,44.372,45.054,43.109,q_uniformity,target_met
"model_bc_robot_tesla12p7.pt+finish(force=-1.000,feed=12.700)",12,0,1,2,1,71.149,78.0,71.149,71.149,78.0,78.0,8.0,0.835892,0.890834,0.884014,44.873,45.851,43.25,q_scratch,target_met
"model_bc_robot_tesla12p7.pt+finish(force=-1.000,feed=12.700)",12,0,1,2,2,61.417,78.0,61.417,61.417,78.0,78.0,8.0,0.844755,0.894973,0.889354,45.982,46.932,44.304,q_scratch,plausible_rework_candidate
"model_bc_robot_tesla12p7.pt+finish(force=-1.000,feed=12.700)",12,0,1,2,3,69.162,77.905,69.162,69.162,77.905,77.905,7.905,0.862129,0.896123,0.881443,47.094,47.768,45.318,q_scratch,plausible_rework_candidate
"model_bc_robot_tesla12p7.pt+finish(force=-1.000,feed=12.700)",12,0,1,2,4,70.413,77.4,70.413,70.413,77.4,77.4,7.4,0.872817,0.89067,0.88937,47.804,48.169,45.858,q_scratch,target_met
"model_bc_robot_tesla12p7.pt+finish(force=-1.000,feed=12.700)",12,0,1,3,0,57.852,77.169,57.852,57.852,77.169,77.169,7.169,0.890845,0.904121,0.888318,45.276,45.504,43.812,q_scratch,plausible_rework_candidate
"model_bc_robot_tesla12p7.pt+finish(force=-1.000,feed=12.700)",12,0,1,3,1,67.855,77.682,67.855,67.855,77.682,77.682,7.682,0.860219,0.888661,0.88611,45.805,46.328,44.045,q_scratch,plausible_rework_candidate
"model_bc_robot_tesla12p7.pt+finish(force=-1.000,feed=12.700)",12,0,1,3,2,68.479,78.0,68.479,68.479,78.0,78.0,8.0,0.862584,0.890725,0.890286,46.838,47.388,44.998,q_scratch,plausible_rework_candidate
"model_bc_robot_tesla12p7.pt+finish(force=-1.000,feed=12.700)",12,0,1,3,3,62.475,77.15,62.475,62.475,77.15,77.15,7.15,0.875654,0.892922,0.8891,47.775,48.125,45.872,q_scratch,plausible_rework_candidate
"model_bc_robot_tesla12p7.pt+finish(force=-1.000,feed=12.700)",12,0,1,3,4,63.892,75.862,63.892,63.892,75.862,75.862,5.862,0.88393,0.890951,0.889871,48.283,48.428,46.289,q_scratch,plausible_rework_candidate
"model_bc_robot_tesla12p7.pt+finish(force=-1.000,feed=12.700)",12,0,1,4,0,56.56,77.043,56.56,56.56,77.043,77.043,7.043,0.898574,0.913983,0.901496,45.051,45.309,43.756,q_scratch,plausible_rework_candidate
"model_bc_robot_tesla12p7.pt+finish(force=-1.000,feed=12.700)",12,0,1,4,1,48.397,77.68,48.397,48.397,77.68,77.68,7.68,0.867792,0.90033,0.893243,45.628,46.214,44.07,q_ra,plausible_rework_candidate
"model_bc_robot_tesla12p7.pt+finish(force=-1.000,feed=12.700)",12,0,1,4,2,56.29,78.0,56.29,56.29,78.0,78.0,8.0,0.87431,0.902372,0.891322,46.822,47.362,45.179,q_scratch,plausible_rework_candidate
"model_bc_robot_tesla12p7.pt+finish(force=-1.000,feed=12.700)",12,0,1,4,3,76.086,77.389,76.086,76.086,77.389,77.389,7.389,0.879943,0.894076,0.891513,47.848,48.135,45.957,q_uniformity,target_met
"model_bc_robot_tesla12p7.pt+finish(force=-1.000,feed=12.700)",12,0,1,4,4,61.862,76.634,61.862,61.862,76.634,76.634,6.634,0.887541,0.891723,0.890533,48.346,48.433,46.36,q_scratch,plausible_rework_candidate
"model_bc_robot_tesla12p7.pt+finish(force=-1.000,feed=12.700)",12,0,2,0,0,56.317,78.0,56.317,56.317,78.0,78.0,8.0,0.87134,0.906132,0.8661,41.86,42.334,40.747,q_ra,plausible_rework_candidate
"model_bc_robot_tesla12p7.pt+finish(force=-1.000,feed=12.700)",12,0,2,0,1,66.55,77.999,66.55,66.55,77.999,77.999,7.999,0.815951,0.873353,0.84007,42.49,43.368,40.908,q_scratch,plausible_rework_candidate
"model_bc_robot_tesla12p7.pt+finish(force=-1.000,feed=12.700)",12,0,2,0,2,69.392,78.0,69.392,69.392,78.0,78.0,8.0,0.810444,0.866093,0.840961,43.96,44.919,42.091,q_scratch,plausible_rework_candidate
"model_bc_robot_tesla12p7.pt+finish(force=-1.000,feed=12.700)",12,0,2,0,3,71.491,77.995,71.491,71.491,77.995,77.995,7.995,0.816235,0.854684,0.842177,45.591,46.325,43.325,q_scratch,target_met
"model_bc_robot_tesla12p7.pt+finish(force=-1.000,feed=12.700)",12,0,2,0,4,69.522,77.949,69.522,69.522,77.949,77.949,7.949,0.842165,0.859958,0.84867,46.774,47.128,44.425,q_scratch,plausible_rework_candidate
"model_bc_robot_tesla12p7.pt+finish(force=-1.000,feed=12.700)",12,0,2,1,0,65.822,78.0,65.822,65.822,78.0,78.0,8.0,0.828609,0.888592,0.84734,42.739,43.662,41.32,q_scratch,plausible_rework_candidate
"model_bc_robot_tesla12p7.pt+finish(force=-1.000,feed=12.700)",12,0,2,1,1,67.767,77.998,67.767,67.767,77.998,77.998,7.998,0.795703,0.870096,0.84144,43.319,44.565,41.589,q_scratch,plausible_rework_candidate
"model_bc_robot_tesla12p7.pt+finish(force=-1.000,feed=12.700)",12,0,2,1,2,69.659,78.0,69.659,69.659,78.0,78.0,8.0,0.783801,0.848872,0.844975,44.655,45.872,42.44,q_scratch,plausible_rework_candidate
"model_bc_robot_tesla12p7.pt+finish(force=-1.000,feed=12.700)",12,0,2,1,3,68.447,77.974,68.447,68.447,77.974,77.974,7.974,0.80991,0.855097,0.841319,46.101,46.999,43.768,q_uniformity,plausible_rework_candidate
"model_bc_robot_tesla12p7.pt+finish(force=-1.000,feed=12.700)",12,0,2,1,4,69.984,77.742,69.984,69.984,77.742,77.742,7.742,0.827076,0.850808,0.850808,47.121,47.613,44.567,q_scratch,plausible_rework_candidate
"model_bc_robot_tesla12p7.pt+finish(force=-1.000,feed=12.700)",12,0,2,2,0,74.615,77.999,74.615,74.615,77.999,77.999,7.999,0.832514,0.871972,0.849579,44.372,45.054,42.532,q_uniformity,target_met
"model_bc_robot_tesla12p7.pt+finish(force=-1.000,feed=12.700)",12,0,2,2,1,72.982,78.0,72.982,72.982,78.0,78.0,8.0,0.797617,0.850043,0.842791,44.873,45.851,42.643,q_uniformity,target_met
"model_bc_robot_tesla12p7.pt+finish(force=-1.000,feed=12.700)",12,0,2,2,2,67.982,78.0,67.982,67.982,78.0,78.0,8.0,0.807312,0.855305,0.849935,45.982,46.932,43.67,q_uniformity,plausible_rework_candidate
"model_bc_robot_tesla12p7.pt+finish(force=-1.000,feed=12.700)",12,0,2,2,3,71.349,77.905,71.349,71.349,77.905,77.905,7.905,0.827781,0.860421,0.843947,47.094,47.768,44.708,q_uniformity,target_met
"model_bc_robot_tesla12p7.pt+finish(force=-1.000,feed=12.700)",12,0,2,2,4,72.494,77.4,72.494,72.494,77.4,77.4,7.4,0.838009,0.85515,0.85313,47.804,48.169,45.225,q_uniformity,target_met
"model_bc_robot_tesla12p7.pt+finish(force=-1.000,feed=12.700)",12,0,2,3,0,64.642,77.169,64.642,64.642,77.169,77.169,7.169,0.851602,0.864293,0.847687,45.276,45.504,43.203,q_scratch,plausible_rework_candidate
"model_bc_robot_tesla12p7.pt+finish(force=-1.000,feed=12.700)",12,0,2,3,1,70.346,77.682,70.346,70.346,77.682,77.682,7.682,0.821105,0.848254,0.845934,45.805,46.328,43.407,q_uniformity,target_met
"model_bc_robot_tesla12p7.pt+finish(force=-1.000,feed=12.700)",12,0,2,3,2,71.058,78.0,71.058,71.058,78.0,78.0,8.0,0.825803,0.852743,0.852743,46.838,47.388,44.359,q_uniformity,target_met
"model_bc_robot_tesla12p7.pt+finish(force=-1.000,feed=12.700)",12,0,2,3,3,66.984,77.15,66.984,66.984,77.15,77.15,7.15,0.840708,0.857287,0.853251,47.775,48.125,45.238,q_scratch,plausible_rework_candidate
"model_bc_robot_tesla12p7.pt+finish(force=-1.000,feed=12.700)",12,0,2,3,4,66.486,75.862,66.486,66.486,75.862,75.862,5.862,0.848958,0.8557,0.854379,48.283,48.428,45.645,q_scratch,plausible_rework_candidate
"model_bc_robot_tesla12p7.pt+finish(force=-1.000,feed=12.700)",12,0,2,4,0,63.817,77.043,63.817,63.817,77.043,77.043,7.043,0.859442,0.87418,0.861817,45.051,45.309,43.157,q_scratch,plausible_rework_candidate
"model_bc_robot_tesla12p7.pt+finish(force=-1.000,feed=12.700)",12,0,2,4,1,55.628,77.68,55.628,55.628,77.68,77.68,7.68,0.8286,0.859669,0.854795,45.628,46.214,43.435,q_ra,plausible_rework_candidate
"model_bc_robot_tesla12p7.pt+finish(force=-1.000,feed=12.700)",12,0,2,4,2,64.708,78.0,64.708,64.708,78.0,78.0,8.0,0.837766,0.864655,0.854121,46.822,47.362,44.545,q_scratch,plausible_rework_candidate
"model_bc_robot_tesla12p7.pt+finish(force=-1.000,feed=12.700)",12,0,2,4,3,76.151,77.389,76.151,76.151,77.389,77.389,7.389,0.84355,0.857099,0.854572,47.848,48.135,45.297,q_uniformity,target_met
"model_bc_robot_tesla12p7.pt+finish(force=-1.000,feed=12.700)",12,0,2,4,4,66.937,76.634,66.937,66.937,76.634,76.634,6.634,0.850394,0.8544,0.85326,48.346,48.433,45.675,q_uniformity,plausible_rework_candidate
