policy_label,observation_dim,direction_mode,surface_profile,env,profile_seed,tile_i,tile_j,cell_count,local_gu_mean,local_ra_mean_um,local_rz_mean_um,gu_pass_area_pct,ra_pass_area_pct,rz_pass_area_pct,scratch_pass_area_pct,all4_pass_area_pct,clearcoat_pass_area_pct,temperature_pass_area_pct
champion,14,cross_xy,factory_prepolish,9,26097,0,0,400,77.85547746290135,0.025410826989101017,0.08589196559828409,100.0,100.0,100.0,100.0,100.0,100.0,100.0
champion,14,cross_xy,factory_prepolish,9,26097,0,1,400,77.72733778760727,0.024514404204507567,0.08280356957820803,100.0,100.0,100.0,100.0,100.0,100.0,100.0
champion,14,cross_xy,factory_prepolish,9,26097,0,2,400,77.66675443411958,0.025622288777063466,0.08636828153375121,100.0,100.0,100.0,100.0,100.0,100.0,100.0
champion,14,cross_xy,factory_prepolish,9,26097,0,3,400,70.80253909148587,0.025717033606844852,0.0880622587011786,80.75,100.0,100.0,98.75,80.75,100.0,100.0
champion,14,cross_xy,factory_prepolish,9,26097,0,4,400,77.70240363753301,0.02661236311806327,0.08974005220144753,100.0,100.0,100.0,100.0,100.0,100.0,100.0
champion,14,cross_xy,factory_prepolish,9,26097,1,0,400,77.72761025919102,0.022725060225933645,0.07701523359776444,100.0,100.0,100.0,100.0,100.0,100.0,100.0
champion,14,cross_xy,factory_prepolish,9,26097,1,1,400,77.69146217189731,0.01556074021327665,0.05248460105015213,100.0,100.0,100.0,100.0,100.0,100.0,100.0
champion,14,cross_xy,factory_prepolish,9,26097,1,2,400,77.63664902681752,0.020950567772677377,0.07065462549284021,100.0,100.0,100.0,100.0,100.0,100.0,100.0
champion,14,cross_xy,factory_prepolish,9,26097,1,3,400,72.66903384111907,0.023062719601699356,0.07777833368396457,76.5,100.0,100.0,99.5,76.5,100.0,100.0
champion,14,cross_xy,factory_prepolish,9,26097,1,4,400,76.20856183055837,0.029097899803626728,0.09785089298991607,94.25,100.0,100.0,100.0,94.25,100.0,100.0
champion,14,cross_xy,factory_prepolish,9,26097,2,0,400,77.64461903736701,0.025577347904838156,0.08684492761946196,100.0,100.0,100.0,100.0,100.0,100.0,100.0
champion,14,cross_xy,factory_prepolish,9,26097,2,1,400,77.59168814398313,0.024479183177407354,0.08247274504911535,100.0,100.0,100.0,100.0,100.0,100.0,100.0
champion,14,cross_xy,factory_prepolish,9,26097,2,2,400,77.56344845453776,0.02377629991752153,0.08024247844725547,100.0,100.0,100.0,100.0,100.0,100.0,100.0
champion,14,cross_xy,factory_prepolish,9,26097,2,3,400,77.63960769294881,0.02542805203592623,0.08525377602566014,100.0,100.0,100.0,100.0,100.0,100.0,100.0
champion,14,cross_xy,factory_prepolish,9,26097,2,4,400,77.69536259105853,0.02310230425828552,0.0786400391421887,100.0,100.0,100.0,100.0,100.0,100.0,100.0
champion,14,cross_xy,factory_prepolish,9,26097,3,0,400,77.67592740349568,0.024012377805285586,0.08156148693099627,100.0,100.0,100.0,100.0,100.0,100.0,100.0
champion,14,cross_xy,factory_prepolish,9,26097,3,1,400,77.668037070501,0.01991213312009605,0.06732257828260364,100.0,100.0,100.0,100.0,100.0,100.0,100.0
champion,14,cross_xy,factory_prepolish,9,26097,3,2,400,77.53003486448176,0.026602050433425367,0.08997366444375691,100.0,100.0,100.0,100.0,100.0,100.0,100.0
champion,14,cross_xy,factory_prepolish,9,26097,3,3,400,77.64312361714364,0.020279093941326744,0.06878251691847324,100.0,100.0,100.0,100.0,100.0,100.0,100.0
champion,14,cross_xy,factory_prepolish,9,26097,3,4,400,77.66065244865409,0.023818568229630594,0.07981790385088867,100.0,100.0,100.0,100.0,100.0,100.0,100.0
champion,14,cross_xy,factory_prepolish,9,26097,4,0,400,77.73168495568902,0.02172228325147709,0.07386715159483323,100.0,100.0,100.0,100.0,100.0,100.0,100.0
champion,14,cross_xy,factory_prepolish,9,26097,4,1,400,77.67719523828237,0.024936725856736782,0.08471431206540635,100.0,100.0,100.0,100.0,100.0,100.0,100.0
champion,14,cross_xy,factory_prepolish,9,26097,4,2,400,77.68551568576515,0.020961746441355976,0.06987546803152943,100.0,100.0,100.0,100.0,100.0,100.0,100.0
champion,14,cross_xy,factory_prepolish,9,26097,4,3,400,77.60632120319289,0.026196385122976548,0.08844764338421271,100.0,100.0,100.0,100.0,100.0,100.0,100.0
champion,14,cross_xy,factory_prepolish,9,26097,4,4,400,77.6955114587481,0.025033917622691942,0.0841652429285557,100.0,100.0,100.0,100.0,100.0,100.0,100.0
champion,14,cross_xy,factory_prepolish,8,26000,0,0,400,77.84948203312624,0.03271787258556744,0.10872003394790498,100.0,100.0,100.0,100.0,100.0,100.0,100.0
champion,14,cross_xy,factory_prepolish,8,26000,0,1,400,77.77386428117207,0.019431850749288864,0.06583839929359743,100.0,100.0,100.0,100.0,100.0,100.0,100.0
champion,14,cross_xy,factory_prepolish,8,26000,0,2,400,77.68011431048832,0.02245293472628231,0.0751790496172663,100.0,100.0,100.0,100.0,100.0,100.0,100.0
champion,14,cross_xy,factory_prepolish,8,26000,0,3,400,77.66002472146087,0.02084989960636311,0.07022317691226396,100.0,100.0,100.0,100.0,100.0,100.0,100.0
champion,14,cross_xy,factory_prepolish,8,26000,0,4,400,77.70032190710242,0.025290528778492104,0.08444544874183774,100.0,100.0,100.0,100.0,100.0,100.0,100.0
champion,14,cross_xy,factory_prepolish,8,26000,1,0,400,77.75925285718697,0.026411883907908433,0.08933218922051918,100.0,100.0,100.0,100.0,100.0,100.0,100.0
champion,14,cross_xy,factory_prepolish,8,26000,1,1,400,77.66157925336476,0.020914999084565795,0.07102118571826754,100.0,100.0,100.0,100.0,100.0,100.0,100.0
champion,14,cross_xy,factory_prepolish,8,26000,1,2,400,77.62899027727627,0.023487989748203094,0.07878022077138509,100.0,100.0,100.0,100.0,100.0,100.0,100.0
champion,14,cross_xy,factory_prepolish,8,26000,1,3,400,77.56880200677757,0.02652846769428476,0.09093015160155467,100.0,100.0,100.0,100.0,100.0,100.0,100.0
champion,14,cross_xy,factory_prepolish,8,26000,1,4,400,77.6874552229451,0.02399945943641534,0.08095179177978869,100.0,100.0,100.0,100.0,100.0,100.0,100.0
champion,14,cross_xy,factory_prepolish,8,26000,2,0,400,77.7021045136075,0.022405548028512925,0.0756309374318127,100.0,100.0,100.0,100.0,100.0,100.0,100.0
champion,14,cross_xy,factory_prepolish,8,26000,2,1,400,77.61003119347357,0.024486083886938907,0.08274172064242967,100.0,100.0,100.0,100.0,100.0,100.0,100.0
champion,14,cross_xy,factory_prepolish,8,26000,2,2,400,77.72050462529951,0.014763997324359077,0.0496745394779202,100.0,100.0,100.0,100.0,100.0,100.0,100.0
champion,14,cross_xy,factory_prepolish,8,26000,2,3,400,77.66906893517063,0.019491794672886007,0.0652217338953818,100.0,100.0,100.0,100.0,100.0,100.0,100.0
champion,14,cross_xy,factory_prepolish,8,26000,2,4,400,77.72523498300268,0.019859822948362457,0.06718415122380168,100.0,100.0,100.0,100.0,100.0,100.0,100.0
champion,14,cross_xy,factory_prepolish,8,26000,3,0,400,77.69178705789231,0.022899361034587947,0.07659493315320576,100.0,100.0,100.0,100.0,100.0,100.0,100.0
champion,14,cross_xy,factory_prepolish,8,26000,3,1,400,70.386538408045,0.03187778257912809,0.1071888866706545,65.0,100.0,100.0,99.75,65.0,100.0,100.0
champion,14,cross_xy,factory_prepolish,8,26000,3,2,400,71.19495780297288,0.02459385130524578,0.08316329951456901,69.75,100.0,100.0,98.0,69.75,100.0,100.0
champion,14,cross_xy,factory_prepolish,8,26000,3,3,400,76.48056713086875,0.02278748346964098,0.07781650283741347,96.0,100.0,100.0,100.0,96.0,100.0,100.0
champion,14,cross_xy,factory_prepolish,8,26000,3,4,400,77.6512411896773,0.026639718756844476,0.09063157676129452,100.0,100.0,100.0,100.0,100.0,100.0,100.0
champion,14,cross_xy,factory_prepolish,8,26000,4,0,400,77.75605525944955,0.01881888754151685,0.06379495204029906,100.0,100.0,100.0,100.0,100.0,100.0,100.0
champion,14,cross_xy,factory_prepolish,8,26000,4,1,400,73.42425415245933,0.026287845780879747,0.08932834870024468,78.5,100.0,100.0,99.25,78.5,100.0,100.0
champion,14,cross_xy,factory_prepolish,8,26000,4,2,400,66.23265687783511,0.02871302200157271,0.09671003503658461,63.0,100.0,100.0,97.25,63.0,100.0,100.0
champion,14,cross_xy,factory_prepolish,8,26000,4,3,400,75.05416248920639,0.027623329050909157,0.09282281079052732,84.0,100.0,100.0,100.0,84.0,100.0,100.0
champion,14,cross_xy,factory_prepolish,8,26000,4,4,400,77.70761128597049,0.023274032866812254,0.07841623855030079,100.0,100.0,100.0,100.0,100.0,100.0,100.0
champion,14,cross_xy,factory_prepolish,10,26194,0,0,400,77.85427487865019,0.02764552240170459,0.09385693693179188,100.0,100.0,100.0,100.0,100.0,100.0,100.0
champion,14,cross_xy,factory_prepolish,10,26194,0,1,400,77.69493701330082,0.028427816056615592,0.09634497536518821,100.0,100.0,100.0,100.0,100.0,100.0,100.0
champion,14,cross_xy,factory_prepolish,10,26194,0,2,400,77.67472928205274,0.028728689886937414,0.09721668418233217,100.0,100.0,100.0,100.0,100.0,100.0,100.0
champion,14,cross_xy,factory_prepolish,10,26194,0,3,400,77.64702361635345,0.02620064353745124,0.09051866029871986,100.0,100.0,100.0,100.0,100.0,100.0,100.0
champion,14,cross_xy,factory_prepolish,10,26194,0,4,400,77.73551091247467,0.02491793946544523,0.08374132053934379,100.0,100.0,100.0,100.0,100.0,100.0,100.0
champion,14,cross_xy,factory_prepolish,10,26194,1,0,400,77.75088298292204,0.026335046826614122,0.08907504366284671,100.0,100.0,100.0,100.0,100.0,100.0,100.0
champion,14,cross_xy,factory_prepolish,10,26194,1,1,400,77.66589740624637,0.020949155464034083,0.07088151137174176,100.0,100.0,100.0,100.0,100.0,100.0,100.0
champion,14,cross_xy,factory_prepolish,10,26194,1,2,400,77.56706560382386,0.025595273480411084,0.08664811666951236,100.0,100.0,100.0,100.0,100.0,100.0,100.0
champion,14,cross_xy,factory_prepolish,10,26194,1,3,400,77.62321674625255,0.023322829063153982,0.07787369652490644,100.0,100.0,100.0,100.0,100.0,100.0,100.0
champion,14,cross_xy,factory_prepolish,10,26194,1,4,400,77.71853887205178,0.022421302973426958,0.07627925853867418,100.0,100.0,100.0,100.0,100.0,100.0,100.0
champion,14,cross_xy,factory_prepolish,10,26194,2,0,400,77.72619363871941,0.022735806449871703,0.07721483507149828,100.0,100.0,100.0,100.0,100.0,100.0,100.0
champion,14,cross_xy,factory_prepolish,10,26194,2,1,400,77.57531905344509,0.028511673958698677,0.09768191055934268,100.0,100.0,100.0,100.0,100.0,100.0,100.0
champion,14,cross_xy,factory_prepolish,10,26194,2,2,400,77.66104607089052,0.022662649676290753,0.07748733994483191,100.0,100.0,100.0,100.0,100.0,100.0,100.0
champion,14,cross_xy,factory_prepolish,10,26194,2,3,400,77.62133359499512,0.022390888823448956,0.07603876764061367,100.0,100.0,100.0,100.0,100.0,100.0,100.0
champion,14,cross_xy,factory_prepolish,10,26194,2,4,400,77.66353419695088,0.025420394244166877,0.08606561315998289,100.0,100.0,100.0,100.0,100.0,100.0,100.0
champion,14,cross_xy,factory_prepolish,10,26194,3,0,400,77.68332411546255,0.025028547299021122,0.08634041572746198,100.0,100.0,100.0,100.0,100.0,100.0,100.0
champion,14,cross_xy,factory_prepolish,10,26194,3,1,400,77.62000983247646,0.027117631700587327,0.09206899975685383,100.0,100.0,100.0,100.0,100.0,100.0,100.0
champion,14,cross_xy,factory_prepolish,10,26194,3,2,400,77.59250994883959,0.028410616362034152,0.09599585790900875,100.0,100.0,100.0,100.0,100.0,100.0,100.0
champion,14,cross_xy,factory_prepolish,10,26194,3,3,400,77.61883513663503,0.02238767882789751,0.07534116609102093,100.0,100.0,100.0,100.0,100.0,100.0,100.0
champion,14,cross_xy,factory_prepolish,10,26194,3,4,400,77.71583296567745,0.01876223342265257,0.0638485976786018,100.0,100.0,100.0,100.0,100.0,100.0,100.0
champion,14,cross_xy,factory_prepolish,10,26194,4,0,400,77.74259376903538,0.023711050924713463,0.07995443334592933,100.0,100.0,100.0,100.0,100.0,100.0,100.0
champion,14,cross_xy,factory_prepolish,10,26194,4,1,400,77.65500520787644,0.028528613024869073,0.09497042321029336,100.0,100.0,100.0,100.0,100.0,100.0,100.0
champion,14,cross_xy,factory_prepolish,10,26194,4,2,400,77.69573905221867,0.02190697220111979,0.07421973045934785,100.0,100.0,100.0,100.0,100.0,100.0,100.0
champion,14,cross_xy,factory_prepolish,10,26194,4,3,400,77.65379217518901,0.021761712276221083,0.07359705489272479,100.0,100.0,100.0,100.0,100.0,100.0,100.0
champion,14,cross_xy,factory_prepolish,10,26194,4,4,400,77.69214467161696,0.0267284285281566,0.09053003117234645,100.0,100.0,100.0,100.0,100.0,100.0,100.0
champion,14,cross_xy,factory_prepolish,11,26291,0,0,400,77.84689528454284,0.02819450665233184,0.09532700977985317,100.0,100.0,100.0,100.0,100.0,100.0,100.0
champion,14,cross_xy,factory_prepolish,11,26291,0,1,400,77.7370877588727,0.02473329388360348,0.08297601750360492,100.0,100.0,100.0,100.0,100.0,100.0,100.0
champion,14,cross_xy,factory_prepolish,11,26291,0,2,400,77.67777075450773,0.022027923431031483,0.07466876542321856,100.0,100.0,100.0,100.0,100.0,100.0,100.0
champion,14,cross_xy,factory_prepolish,11,26291,0,3,400,77.6677033278821,0.02360439834819736,0.07924152465024027,100.0,100.0,100.0,100.0,100.0,100.0,100.0
champion,14,cross_xy,factory_prepolish,11,26291,0,4,400,77.70148743020243,0.02225888721373586,0.07581226700054647,100.0,100.0,100.0,100.0,100.0,100.0,100.0
champion,14,cross_xy,factory_prepolish,11,26291,1,0,400,77.79407495922509,0.017976236903332783,0.0616277391761291,100.0,100.0,100.0,100.0,100.0,100.0,100.0
champion,14,cross_xy,factory_prepolish,11,26291,1,1,400,77.65968494019147,0.018666212232628647,0.06280854776380217,100.0,100.0,100.0,100.0,100.0,100.0,100.0
champion,14,cross_xy,factory_prepolish,11,26291,1,2,400,77.68907811607562,0.016708526175111715,0.05670781235933072,100.0,100.0,100.0,100.0,100.0,100.0,100.0
champion,14,cross_xy,factory_prepolish,11,26291,1,3,400,77.64873578391214,0.016629242661142466,0.056385214331899476,100.0,100.0,100.0,100.0,100.0,100.0,100.0
champion,14,cross_xy,factory_prepolish,11,26291,1,4,400,77.6725876709474,0.02282247236166528,0.07597873165116527,100.0,100.0,100.0,100.0,100.0,100.0,100.0
champion,14,cross_xy,factory_prepolish,11,26291,2,0,400,77.72474969013952,0.02013225235340972,0.06831307617812743,100.0,100.0,100.0,100.0,100.0,100.0,100.0
champion,14,cross_xy,factory_prepolish,11,26291,2,1,400,77.62531174269002,0.018799137377962176,0.06277890611472238,100.0,100.0,100.0,100.0,100.0,100.0,100.0
champion,14,cross_xy,factory_prepolish,11,26291,2,2,400,77.60655960556572,0.017985979081005524,0.06069822527598598,100.0,100.0,100.0,100.0,100.0,100.0,100.0
champion,14,cross_xy,factory_prepolish,11,26291,2,3,400,77.69954288430195,0.01588986872707727,0.05396600610840439,100.0,100.0,100.0,100.0,100.0,100.0,100.0
champion,14,cross_xy,factory_prepolish,11,26291,2,4,400,77.68300707647967,0.019927816525748626,0.06768452149000877,100.0,100.0,100.0,100.0,100.0,100.0,100.0
champion,14,cross_xy,factory_prepolish,11,26291,3,0,400,77.69340591745966,0.023681921168244205,0.080570533855673,100.0,100.0,100.0,100.0,100.0,100.0,100.0
champion,14,cross_xy,factory_prepolish,11,26291,3,1,400,77.6771848283692,0.01822397976462657,0.06140029928873991,100.0,100.0,100.0,100.0,100.0,100.0,100.0
champion,14,cross_xy,factory_prepolish,11,26291,3,2,400,77.65708646498953,0.01892934639538444,0.06345637783556385,100.0,100.0,100.0,100.0,100.0,100.0,100.0
champion,14,cross_xy,factory_prepolish,11,26291,3,3,400,77.56509375336407,0.02321131033446176,0.07788818122060998,100.0,100.0,100.0,100.0,100.0,100.0,100.0
champion,14,cross_xy,factory_prepolish,11,26291,3,4,400,77.69257315380928,0.018479718157313543,0.061982557493207385,100.0,100.0,100.0,100.0,100.0,100.0,100.0
champion,14,cross_xy,factory_prepolish,11,26291,4,0,400,77.71948217462769,0.022937156582378354,0.07658927718854086,100.0,100.0,100.0,100.0,100.0,100.0,100.0
champion,14,cross_xy,factory_prepolish,11,26291,4,1,400,77.69429733163534,0.01943768471310128,0.06577335357156304,100.0,100.0,100.0,100.0,100.0,100.0,100.0
champion,14,cross_xy,factory_prepolish,11,26291,4,2,400,77.65578736135849,0.02039840933011512,0.06794181701486622,100.0,100.0,100.0,100.0,100.0,100.0,100.0
champion,14,cross_xy,factory_prepolish,11,26291,4,3,400,77.66019555299007,0.020661137807484263,0.0694922928385614,100.0,100.0,100.0,100.0,100.0,100.0,100.0
champion,14,cross_xy,factory_prepolish,11,26291,4,4,400,77.69471320903106,0.023158172366331675,0.07830845806470949,100.0,100.0,100.0,100.0,100.0,100.0,100.0
champion,14,cross_xy,factory_prepolish,12,26388,0,0,400,77.85047982101096,0.026107380459708618,0.08745631667896941,100.0,100.0,100.0,100.0,100.0,100.0,100.0
champion,14,cross_xy,factory_prepolish,12,26388,0,1,400,77.70731919500616,0.024463934597377016,0.0831618375455745,100.0,100.0,100.0,100.0,100.0,100.0,100.0
champion,14,cross_xy,factory_prepolish,12,26388,0,2,400,77.71676398138251,0.01920202155873638,0.06551066615362626,100.0,100.0,100.0,100.0,100.0,100.0,100.0
champion,14,cross_xy,factory_prepolish,12,26388,0,3,400,77.6910882926812,0.022749513793156356,0.07713238592363578,100.0,100.0,100.0,100.0,100.0,100.0,100.0
champion,14,cross_xy,factory_prepolish,12,26388,0,4,400,77.67873196568169,0.026146274583384317,0.08888330372441562,100.0,100.0,100.0,100.0,100.0,100.0,100.0
champion,14,cross_xy,factory_prepolish,12,26388,1,0,400,77.71746166110589,0.028141441027743342,0.09433549866381347,100.0,100.0,100.0,100.0,100.0,100.0,100.0
champion,14,cross_xy,factory_prepolish,12,26388,1,1,400,77.65750345992078,0.021635843011573105,0.07293368591904334,100.0,100.0,100.0,100.0,100.0,100.0,100.0
champion,14,cross_xy,factory_prepolish,12,26388,1,2,400,77.605497988959,0.020685096757995285,0.07047498330478062,100.0,100.0,100.0,100.0,100.0,100.0,100.0
champion,14,cross_xy,factory_prepolish,12,26388,1,3,400,77.65564207818828,0.020276159723684673,0.06796477237936863,100.0,100.0,100.0,100.0,100.0,100.0,100.0
champion,14,cross_xy,factory_prepolish,12,26388,1,4,400,77.66416290827755,0.02411835082542232,0.08129885162942445,100.0,100.0,100.0,100.0,100.0,100.0,100.0
champion,14,cross_xy,factory_prepolish,12,26388,2,0,400,77.72796563438239,0.020074009349596387,0.06773715956989226,100.0,100.0,100.0,100.0,100.0,100.0,100.0
champion,14,cross_xy,factory_prepolish,12,26388,2,1,400,77.58173898525541,0.026442547400439977,0.09041437651124745,100.0,100.0,100.0,100.0,100.0,100.0,100.0
champion,14,cross_xy,factory_prepolish,12,26388,2,2,400,77.61105256152624,0.020683083992698633,0.06985636682007337,100.0,100.0,100.0,100.0,100.0,100.0,100.0
champion,14,cross_xy,factory_prepolish,12,26388,2,3,400,77.54242423366556,0.02517378800230308,0.08530792057825058,100.0,100.0,100.0,100.0,100.0,100.0,100.0
champion,14,cross_xy,factory_prepolish,12,26388,2,4,400,77.67731684283075,0.022279552335262194,0.07509696395915501,100.0,100.0,100.0,100.0,100.0,100.0,100.0
champion,14,cross_xy,factory_prepolish,12,26388,3,0,400,77.70611381367883,0.02145872125772378,0.0723031020708157,100.0,100.0,100.0,100.0,100.0,100.0,100.0
champion,14,cross_xy,factory_prepolish,12,26388,3,1,400,77.61035373238583,0.025100218135122972,0.0849656165164105,100.0,100.0,100.0,100.0,100.0,100.0,100.0
champion,14,cross_xy,factory_prepolish,12,26388,3,2,400,77.64875305941476,0.01845889854717602,0.062144947570002176,100.0,100.0,100.0,100.0,100.0,100.0,100.0
champion,14,cross_xy,factory_prepolish,12,26388,3,3,400,77.685200375267,0.01745015445597855,0.05922153041654286,100.0,100.0,100.0,100.0,100.0,100.0,100.0
champion,14,cross_xy,factory_prepolish,12,26388,3,4,400,77.72397997380685,0.017986990991707225,0.06044818048812717,100.0,100.0,100.0,100.0,100.0,100.0,100.0
champion,14,cross_xy,factory_prepolish,12,26388,4,0,400,77.68306606804526,0.02615890577649677,0.08869559819846423,100.0,100.0,100.0,100.0,100.0,100.0,100.0
champion,14,cross_xy,factory_prepolish,12,26388,4,1,400,77.76993264697768,0.016100657479021254,0.05449560040717863,100.0,100.0,100.0,100.0,100.0,100.0,100.0
champion,14,cross_xy,factory_prepolish,12,26388,4,2,400,77.66809994415526,0.021337008477282208,0.07234920686212107,100.0,100.0,100.0,100.0,100.0,100.0,100.0
champion,14,cross_xy,factory_prepolish,12,26388,4,3,400,77.6237452845371,0.02401802418139394,0.08134001276933717,100.0,100.0,100.0,100.0,100.0,100.0,100.0
champion,14,cross_xy,factory_prepolish,12,26388,4,4,400,77.73461235285518,0.020482513104780668,0.06954821291377865,100.0,100.0,100.0,100.0,100.0,100.0,100.0
champion,14,cross_xy,factory_prepolish,15,26679,0,0,400,77.85638373136018,0.02587107050549169,0.08732025067077397,100.0,100.0,100.0,100.0,100.0,100.0,100.0
champion,14,cross_xy,factory_prepolish,15,26679,0,1,400,77.7475525870032,0.020987157873407512,0.07090601306923994,100.0,100.0,100.0,100.0,100.0,100.0,100.0
champion,14,cross_xy,factory_prepolish,15,26679,0,2,400,77.68200117073198,0.022641100063575104,0.0764240018739038,100.0,100.0,100.0,100.0,100.0,100.0,100.0
champion,14,cross_xy,factory_prepolish,15,26679,0,3,400,77.70950485006588,0.01969560308926799,0.0659843355135223,100.0,100.0,100.0,100.0,100.0,100.0,100.0
champion,14,cross_xy,factory_prepolish,15,26679,0,4,400,77.69226127603243,0.02154426474257909,0.07280347042789645,100.0,100.0,100.0,100.0,100.0,100.0,100.0
champion,14,cross_xy,factory_prepolish,15,26679,1,0,400,77.74493842100583,0.024785367025723443,0.08380656592826922,100.0,100.0,100.0,100.0,100.0,100.0,100.0
champion,14,cross_xy,factory_prepolish,15,26679,1,1,400,77.65701501655782,0.019411550134880256,0.06493530557929034,100.0,100.0,100.0,100.0,100.0,100.0,100.0
champion,14,cross_xy,factory_prepolish,15,26679,1,2,400,77.60895623348804,0.02088770759580266,0.06995234306668767,100.0,100.0,100.0,100.0,100.0,100.0,100.0
champion,14,cross_xy,factory_prepolish,15,26679,1,3,400,77.61584166879929,0.019748610719887802,0.06686219318830837,100.0,100.0,100.0,100.0,100.0,100.0,100.0
champion,14,cross_xy,factory_prepolish,15,26679,1,4,400,77.74300093546472,0.017553687321664502,0.05945498202668777,100.0,100.0,100.0,100.0,100.0,100.0,100.0
champion,14,cross_xy,factory_prepolish,15,26679,2,0,400,77.69522301499802,0.020685952638176283,0.06999999994142135,100.0,100.0,100.0,100.0,100.0,100.0,100.0
champion,14,cross_xy,factory_prepolish,15,26679,2,1,400,77.65814028923671,0.017332077388758,0.05898002168392394,100.0,100.0,100.0,100.0,100.0,100.0,100.0
champion,14,cross_xy,factory_prepolish,15,26679,2,2,400,77.672935308854,0.016842585184549577,0.05699643298657211,100.0,100.0,100.0,100.0,100.0,100.0,100.0
champion,14,cross_xy,factory_prepolish,15,26679,2,3,400,77.61119446569103,0.019668717135932753,0.06643676951345383,100.0,100.0,100.0,100.0,100.0,100.0,100.0
champion,14,cross_xy,factory_prepolish,15,26679,2,4,400,77.73084499839871,0.01635266485591593,0.05471393161155993,100.0,100.0,100.0,100.0,100.0,100.0,100.0
champion,14,cross_xy,factory_prepolish,15,26679,3,0,400,77.72306141440099,0.024267681433029643,0.08278247302016023,100.0,100.0,100.0,100.0,100.0,100.0,100.0
champion,14,cross_xy,factory_prepolish,15,26679,3,1,400,77.64671626965364,0.01912520883534076,0.06436418872168076,100.0,100.0,100.0,100.0,100.0,100.0,100.0
champion,14,cross_xy,factory_prepolish,15,26679,3,2,400,77.57395602507204,0.024565435119019777,0.08358810309307628,100.0,100.0,100.0,100.0,100.0,100.0,100.0
champion,14,cross_xy,factory_prepolish,15,26679,3,3,400,77.58030957081807,0.024463000256268738,0.0820150070257293,100.0,100.0,100.0,100.0,100.0,100.0,100.0
champion,14,cross_xy,factory_prepolish,15,26679,3,4,400,77.6178719202137,0.027408284355334867,0.0920000188434276,100.0,100.0,100.0,100.0,100.0,100.0,100.0
champion,14,cross_xy,factory_prepolish,15,26679,4,0,400,77.76261307220614,0.019026360508002677,0.06467161117135745,100.0,100.0,100.0,100.0,100.0,100.0,100.0
champion,14,cross_xy,factory_prepolish,15,26679,4,1,400,77.653872555632,0.024835848718461964,0.0841671664081214,100.0,100.0,100.0,100.0,100.0,100.0,100.0
champion,14,cross_xy,factory_prepolish,15,26679,4,2,400,77.6627816878058,0.022906255823938713,0.07739460161276153,100.0,100.0,100.0,100.0,100.0,100.0,100.0
champion,14,cross_xy,factory_prepolish,15,26679,4,3,400,77.68275281172878,0.019789381925048748,0.06771723696971899,100.0,100.0,100.0,100.0,100.0,100.0,100.0
champion,14,cross_xy,factory_prepolish,15,26679,4,4,400,77.70158935826181,0.025325583777582476,0.08603224236569076,100.0,100.0,100.0,100.0,100.0,100.0,100.0
champion,14,cross_xy,factory_prepolish,14,26582,0,0,400,77.84894889147178,0.020608904373753734,0.06954133203389379,100.0,100.0,100.0,100.0,100.0,100.0,100.0
champion,14,cross_xy,factory_prepolish,14,26582,0,1,400,77.70268640354524,0.022764640957787945,0.07724169049782853,100.0,100.0,100.0,100.0,100.0,100.0,100.0
champion,14,cross_xy,factory_prepolish,14,26582,0,2,400,77.67378130101892,0.021154090989286774,0.07097104564120356,100.0,100.0,100.0,100.0,100.0,100.0,100.0
champion,14,cross_xy,factory_prepolish,14,26582,0,3,400,77.70748891630136,0.021067250626452035,0.07139835150462981,100.0,100.0,100.0,100.0,100.0,100.0,100.0
champion,14,cross_xy,factory_prepolish,14,26582,0,4,400,77.69234308053599,0.025187692491158816,0.08561497815363886,100.0,100.0,100.0,100.0,100.0,100.0,100.0
champion,14,cross_xy,factory_prepolish,14,26582,1,0,400,77.73366001338482,0.023563199657471463,0.07895024884708546,100.0,100.0,100.0,100.0,100.0,100.0,100.0
champion,14,cross_xy,factory_prepolish,14,26582,1,1,400,77.59759601286414,0.023846094817156268,0.08070853296905454,100.0,100.0,100.0,100.0,100.0,100.0,100.0
champion,14,cross_xy,factory_prepolish,14,26582,1,2,400,77.60231563136279,0.019297033597246275,0.06583119229724678,100.0,100.0,100.0,100.0,100.0,100.0,100.0
champion,14,cross_xy,factory_prepolish,14,26582,1,3,400,77.42634930882869,0.020473866592993228,0.06948806658700009,100.0,100.0,100.0,100.0,100.0,100.0,100.0
champion,14,cross_xy,factory_prepolish,14,26582,1,4,400,74.89333720528828,0.025369680372330405,0.08659719103037766,88.25,100.0,100.0,100.0,88.25,100.0,100.0
champion,14,cross_xy,factory_prepolish,14,26582,2,0,400,77.73470360420188,0.01863727360233849,0.061861715794524805,100.0,100.0,100.0,100.0,100.0,100.0,100.0
champion,14,cross_xy,factory_prepolish,14,26582,2,1,400,77.63565195961273,0.021101111717570214,0.07123571249058082,100.0,100.0,100.0,100.0,100.0,100.0,100.0
champion,14,cross_xy,factory_prepolish,14,26582,2,2,400,77.62638419544362,0.0212320020692187,0.07259774031002414,100.0,100.0,100.0,100.0,100.0,100.0,100.0
champion,14,cross_xy,factory_prepolish,14,26582,2,3,400,77.62375080315319,0.0205715892447175,0.07011291076079722,100.0,100.0,100.0,100.0,100.0,100.0,100.0
champion,14,cross_xy,factory_prepolish,14,26582,2,4,400,74.40545451275737,0.024826097174811282,0.08359798376860385,78.5,100.0,100.0,100.0,78.5,100.0,100.0
champion,14,cross_xy,factory_prepolish,14,26582,3,0,400,77.69110971056253,0.021885494780890323,0.07377426156144162,100.0,100.0,100.0,100.0,100.0,100.0,100.0
champion,14,cross_xy,factory_prepolish,14,26582,3,1,400,77.64614127027102,0.02055858569640912,0.06983401962900954,100.0,100.0,100.0,100.0,100.0,100.0,100.0
champion,14,cross_xy,factory_prepolish,14,26582,3,2,400,77.58258070862308,0.021938343313381375,0.07426447877730169,100.0,100.0,100.0,100.0,100.0,100.0,100.0
champion,14,cross_xy,factory_prepolish,14,26582,3,3,400,77.5763053821395,0.021672632926887783,0.07368381091433429,100.0,100.0,100.0,100.0,100.0,100.0,100.0
champion,14,cross_xy,factory_prepolish,14,26582,3,4,400,77.69912472152198,0.019119313004952475,0.06480845183707858,100.0,100.0,100.0,100.0,100.0,100.0,100.0
champion,14,cross_xy,factory_prepolish,14,26582,4,0,400,77.67962025509884,0.026916850912807096,0.09125001325013324,100.0,100.0,100.0,100.0,100.0,100.0,100.0
champion,14,cross_xy,factory_prepolish,14,26582,4,1,400,77.60267724650237,0.027344548756080965,0.09265971425416102,100.0,100.0,100.0,100.0,100.0,100.0,100.0
champion,14,cross_xy,factory_prepolish,14,26582,4,2,400,77.73980698822821,0.015283694059849893,0.05180680082776698,100.0,100.0,100.0,100.0,100.0,100.0,100.0
champion,14,cross_xy,factory_prepolish,14,26582,4,3,400,77.67914967728551,0.02033070170724609,0.06967382705766242,100.0,100.0,100.0,100.0,100.0,100.0,100.0
champion,14,cross_xy,factory_prepolish,14,26582,4,4,400,77.6347261883123,0.028156754522368894,0.09502907226823076,100.0,100.0,100.0,100.0,100.0,100.0,100.0
champion,14,cross_xy,factory_prepolish,13,26485,0,0,400,77.85678768147098,0.02404393627677883,0.08097029193259873,100.0,100.0,100.0,100.0,100.0,100.0,100.0
champion,14,cross_xy,factory_prepolish,13,26485,0,1,400,73.70729436689616,0.026690479119416657,0.0905188519567066,79.75,100.0,100.0,99.75,79.75,100.0,100.0
champion,14,cross_xy,factory_prepolish,13,26485,0,2,400,76.60352297054453,0.021216764052791,0.07187800105186787,97.0,100.0,100.0,100.0,97.0,100.0,100.0
champion,14,cross_xy,factory_prepolish,13,26485,0,3,400,77.67722788164762,0.02281605108823413,0.07699707110139715,100.0,100.0,100.0,100.0,100.0,100.0,100.0
champion,14,cross_xy,factory_prepolish,13,26485,0,4,400,77.7015515764657,0.025152731903472718,0.08484792617223827,100.0,100.0,100.0,100.0,100.0,100.0,100.0
champion,14,cross_xy,factory_prepolish,13,26485,1,0,400,77.72083906202157,0.02407414001068041,0.08120161234307624,100.0,100.0,100.0,100.0,100.0,100.0,100.0
champion,14,cross_xy,factory_prepolish,13,26485,1,1,400,75.93678667301921,0.015850051791016694,0.053465565631788864,87.0,100.0,100.0,100.0,87.0,100.0,100.0
champion,14,cross_xy,factory_prepolish,13,26485,1,2,400,77.04232233223902,0.019448599174887882,0.06609133590131766,95.75,100.0,100.0,100.0,95.75,100.0,100.0
champion,14,cross_xy,factory_prepolish,13,26485,1,3,400,77.5719852788506,0.02581856929299195,0.0875191167892739,100.0,100.0,100.0,100.0,100.0,100.0,100.0
champion,14,cross_xy,factory_prepolish,13,26485,1,4,400,77.70129442772908,0.023716469397231377,0.08062149847092968,100.0,100.0,100.0,100.0,100.0,100.0,100.0
champion,14,cross_xy,factory_prepolish,13,26485,2,0,400,77.65454130499185,0.028234289514198534,0.09592495119969549,100.0,100.0,100.0,100.0,100.0,100.0,100.0
champion,14,cross_xy,factory_prepolish,13,26485,2,1,400,77.64665242536441,0.01950010325002719,0.06581988491601516,100.0,100.0,100.0,100.0,100.0,100.0,100.0
champion,14,cross_xy,factory_prepolish,13,26485,2,2,400,77.53268189334541,0.0208838096539454,0.07081867816702203,100.0,100.0,100.0,100.0,100.0,100.0,100.0
champion,14,cross_xy,factory_prepolish,13,26485,2,3,400,77.60229607683387,0.0221131596351681,0.07507050159152928,100.0,100.0,100.0,100.0,100.0,100.0,100.0
champion,14,cross_xy,factory_prepolish,13,26485,2,4,400,77.68532741015798,0.021499345632664698,0.07366953416009302,100.0,100.0,100.0,100.0,100.0,100.0,100.0
champion,14,cross_xy,factory_prepolish,13,26485,3,0,400,77.70269602432727,0.028489260910530518,0.09637404554187498,100.0,100.0,100.0,100.0,100.0,100.0,100.0
champion,14,cross_xy,factory_prepolish,13,26485,3,1,400,77.61538410085232,0.02006063175734663,0.068117816025593,100.0,100.0,100.0,100.0,100.0,100.0,100.0
champion,14,cross_xy,factory_prepolish,13,26485,3,2,400,74.41897664202502,0.02642791500570832,0.08870771679200744,85.75,100.0,100.0,100.0,85.75,100.0,100.0
champion,14,cross_xy,factory_prepolish,13,26485,3,3,400,77.3498589269081,0.02137880682591625,0.0718404038869833,99.5,100.0,100.0,100.0,99.5,100.0,100.0
champion,14,cross_xy,factory_prepolish,13,26485,3,4,400,77.6723622373872,0.0251011875239967,0.0854763918513624,100.0,100.0,100.0,100.0,100.0,100.0,100.0
champion,14,cross_xy,factory_prepolish,13,26485,4,0,400,77.72499492788849,0.025099593708113602,0.0848994529977817,100.0,100.0,100.0,100.0,100.0,100.0,100.0
champion,14,cross_xy,factory_prepolish,13,26485,4,1,400,77.62701262594663,0.02090471634432334,0.07086087471665076,100.0,100.0,100.0,100.0,100.0,100.0,100.0
champion,14,cross_xy,factory_prepolish,13,26485,4,2,400,75.3129188780149,0.026466964230900763,0.08937224390015519,90.25,100.0,100.0,100.0,90.25,100.0,100.0
champion,14,cross_xy,factory_prepolish,13,26485,4,3,400,77.6330733752869,0.02141066205384621,0.07218696442360621,100.0,100.0,100.0,100.0,100.0,100.0,100.0
champion,14,cross_xy,factory_prepolish,13,26485,4,4,400,77.71958158711783,0.02326272733944064,0.07880740671820062,100.0,100.0,100.0,100.0,100.0,100.0,100.0
champion,14,cross_xy,factory_prepolish_deep_defect,16,26000,0,0,400,77.84942142820233,0.03272109822021459,0.10872757600997124,100.0,100.0,100.0,100.0,100.0,100.0,100.0
champion,14,cross_xy,factory_prepolish_deep_defect,16,26000,0,1,400,77.76121310211101,0.01932091964721015,0.0654749179659901,100.0,100.0,100.0,100.0,100.0,100.0,100.0
champion,14,cross_xy,factory_prepolish_deep_defect,16,26000,0,2,400,77.54887223109898,0.019819264153183632,0.06636650154209253,100.0,100.0,100.0,100.0,100.0,100.0,100.0
champion,14,cross_xy,factory_prepolish_deep_defect,16,26000,0,3,400,72.27895930565415,0.03153675200575435,0.1064911695403353,78.0,100.0,100.0,99.75,78.0,100.0,100.0
champion,14,cross_xy,factory_prepolish_deep_defect,16,26000,0,4,400,75.10926131381613,0.023131365311736554,0.07828067271746664,94.75,100.0,100.0,99.75,94.75,100.0,100.0
champion,14,cross_xy,factory_prepolish_deep_defect,16,26000,1,0,400,77.75951738518494,0.026419034486998987,0.08935424071462798,100.0,100.0,100.0,100.0,100.0,100.0,100.0
champion,14,cross_xy,factory_prepolish_deep_defect,16,26000,1,1,400,77.6604395517962,0.02091084344587651,0.07100546954557274,100.0,100.0,100.0,100.0,100.0,100.0,100.0
champion,14,cross_xy,factory_prepolish_deep_defect,16,26000,1,2,400,77.58854800319827,0.022876052739373976,0.07672806557153879,100.0,100.0,100.0,100.0,100.0,100.0,100.0
champion,14,cross_xy,factory_prepolish_deep_defect,16,26000,1,3,400,77.46089073239226,0.02459777121826072,0.08436280578525668,100.0,100.0,100.0,100.0,100.0,100.0,100.0
champion,14,cross_xy,factory_prepolish_deep_defect,16,26000,1,4,400,77.6277927970357,0.023288162821161352,0.0785767398681693,100.0,100.0,100.0,100.0,100.0,100.0,100.0
champion,14,cross_xy,factory_prepolish_deep_defect,16,26000,2,0,400,77.70238415534227,0.02241164402014409,0.07565081004503163,100.0,100.0,100.0,100.0,100.0,100.0,100.0
champion,14,cross_xy,factory_prepolish_deep_defect,16,26000,2,1,400,77.61101242404813,0.024512061202669844,0.08282669251340635,100.0,100.0,100.0,100.0,100.0,100.0,100.0
champion,14,cross_xy,factory_prepolish_deep_defect,16,26000,2,2,400,77.7219034084883,0.014782095117137285,0.049729782472949555,100.0,100.0,100.0,100.0,100.0,100.0,100.0
champion,14,cross_xy,factory_prepolish_deep_defect,16,26000,2,3,400,77.6679204112305,0.019449713183290397,0.06507472074191847,100.0,100.0,100.0,100.0,100.0,100.0,100.0
champion,14,cross_xy,factory_prepolish_deep_defect,16,26000,2,4,400,77.72694635185267,0.01990152136807573,0.06731873027019528,100.0,100.0,100.0,100.0,100.0,100.0,100.0
champion,14,cross_xy,factory_prepolish_deep_defect,16,26000,3,0,400,77.69180310757011,0.022899349472246235,0.07660067974929786,100.0,100.0,100.0,100.0,100.0,100.0,100.0
champion,14,cross_xy,factory_prepolish_deep_defect,16,26000,3,1,400,70.38611013564835,0.031880276464863584,0.10719807391308148,65.0,100.0,100.0,99.75,65.0,100.0,100.0
champion,14,cross_xy,factory_prepolish_deep_defect,16,26000,3,2,400,71.20078396186847,0.024608479657499734,0.08321020213980156,69.75,100.0,100.0,98.0,69.75,100.0,100.0
champion,14,cross_xy,factory_prepolish_deep_defect,16,26000,3,3,400,76.48079709528625,0.02279613645876275,0.0778448961904241,96.0,100.0,100.0,100.0,96.0,100.0,100.0
champion,14,cross_xy,factory_prepolish_deep_defect,16,26000,3,4,400,77.65122475377947,0.02664001605236912,0.09063646310983402,100.0,100.0,100.0,100.0,100.0,100.0,100.0
champion,14,cross_xy,factory_prepolish_deep_defect,16,26000,4,0,400,77.75599629934939,0.018817875572522524,0.06378982033776347,100.0,100.0,100.0,100.0,100.0,100.0,100.0
champion,14,cross_xy,factory_prepolish_deep_defect,16,26000,4,1,400,73.42446809272369,0.026287565085017527,0.08932619543080414,78.5,100.0,100.0,99.25,78.5,100.0,100.0
champion,14,cross_xy,factory_prepolish_deep_defect,16,26000,4,2,400,66.23287375737614,0.028713793962954957,0.0967147792470565,63.0,100.0,100.0,97.25,63.0,100.0,100.0
champion,14,cross_xy,factory_prepolish_deep_defect,16,26000,4,3,400,75.05279066650779,0.02762542933607417,0.09282773864391748,84.0,100.0,100.0,100.0,84.0,100.0,100.0
champion,14,cross_xy,factory_prepolish_deep_defect,16,26000,4,4,400,77.70766921402539,0.023274387606053645,0.07841444135187534,100.0,100.0,100.0,100.0,100.0,100.0,100.0
champion,14,cross_xy,factory_prepolish_deep_stress,24,26000,0,0,400,77.84954074535372,0.032723227908146996,0.10873742510672887,100.0,100.0,100.0,100.0,100.0,100.0,100.0
champion,14,cross_xy,factory_prepolish_deep_stress,24,26000,0,1,400,77.7607160860849,0.019344605810682765,0.06554760884318855,100.0,100.0,100.0,100.0,100.0,100.0,100.0
champion,14,cross_xy,factory_prepolish_deep_stress,24,26000,0,2,400,77.56565972019585,0.020274000690880145,0.06788005455104637,100.0,100.0,100.0,100.0,100.0,100.0,100.0
champion,14,cross_xy,factory_prepolish_deep_stress,24,26000,0,3,400,71.14879615334883,0.0464210456864659,0.15582083199187655,78.25,93.5,100.0,99.75,78.25,100.0,100.0
champion,14,cross_xy,factory_prepolish_deep_stress,24,26000,0,4,400,75.25260599058448,0.025522561044139885,0.0866684698593158,94.75,100.0,100.0,99.25,94.75,100.0,100.0
champion,14,cross_xy,factory_prepolish_deep_stress,24,26000,1,0,400,77.75959078393845,0.026421403743466926,0.0893618720774354,100.0,100.0,100.0,100.0,100.0,100.0,100.0
champion,14,cross_xy,factory_prepolish_deep_stress,24,26000,1,1,400,77.66070712236773,0.020919502087981413,0.07103147525399672,100.0,100.0,100.0,100.0,100.0,100.0,100.0
champion,14,cross_xy,factory_prepolish_deep_stress,24,26000,1,2,400,77.59252731335171,0.022978574322764997,0.07706567727179447,100.0,100.0,100.0,100.0,100.0,100.0,100.0
champion,14,cross_xy,factory_prepolish_deep_stress,24,26000,1,3,400,77.4812350588886,0.025062140688285203,0.08589721230839772,100.0,100.0,100.0,100.0,100.0,100.0,100.0
champion,14,cross_xy,factory_prepolish_deep_stress,24,26000,1,4,400,77.6372522424254,0.023552359988216257,0.07944082065394832,100.0,100.0,100.0,100.0,100.0,100.0,100.0
champion,14,cross_xy,factory_prepolish_deep_stress,24,26000,2,0,400,77.70236973385654,0.02241188767251966,0.0756525153996792,100.0,100.0,100.0,100.0,100.0,100.0,100.0
champion,14,cross_xy,factory_prepolish_deep_stress,24,26000,2,1,400,77.61116923141671,0.024516448708977224,0.08284333486264592,100.0,100.0,100.0,100.0,100.0,100.0,100.0
champion,14,cross_xy,factory_prepolish_deep_stress,24,26000,2,2,400,77.72233723025278,0.014792392224136476,0.04976788165165811,100.0,100.0,100.0,100.0,100.0,100.0,100.0
champion,14,cross_xy,factory_prepolish_deep_stress,24,26000,2,3,400,77.66905692357632,0.019474242986676344,0.06515725897655981,100.0,100.0,100.0,100.0,100.0,100.0,100.0
champion,14,cross_xy,factory_prepolish_deep_stress,24,26000,2,4,400,77.72771193269475,0.019918466768496446,0.06737529893297568,100.0,100.0,100.0,100.0,100.0,100.0,100.0
champion,14,cross_xy,factory_prepolish_deep_stress,24,26000,3,0,400,77.69180563032681,0.022899224764957295,0.07660017172040319,100.0,100.0,100.0,100.0,100.0,100.0,100.0
champion,14,cross_xy,factory_prepolish_deep_stress,24,26000,3,1,400,70.38625146883483,0.031879011407818535,0.10719269810644193,65.0,100.0,100.0,99.75,65.0,100.0,100.0
champion,14,cross_xy,factory_prepolish_deep_stress,24,26000,3,2,400,71.20479728364192,0.024609567842222315,0.08321469546984378,69.75,100.0,100.0,98.0,69.75,100.0,100.0
champion,14,cross_xy,factory_prepolish_deep_stress,24,26000,3,3,400,76.48078245778542,0.022797561122020096,0.07785003321664502,96.0,100.0,100.0,100.0,96.0,100.0,100.0
champion,14,cross_xy,factory_prepolish_deep_stress,24,26000,3,4,400,77.65128879675363,0.026641234492405817,0.0906413711666174,100.0,100.0,100.0,100.0,100.0,100.0,100.0
champion,14,cross_xy,factory_prepolish_deep_stress,24,26000,4,0,400,77.75598982788122,0.018817524303050667,0.0637885967521005,100.0,100.0,100.0,100.0,100.0,100.0,100.0
champion,14,cross_xy,factory_prepolish_deep_stress,24,26000,4,1,400,73.42417526536316,0.026287731125302548,0.08932662426048822,78.5,100.0,100.0,99.25,78.5,100.0,100.0
champion,14,cross_xy,factory_prepolish_deep_stress,24,26000,4,2,400,66.23377838204644,0.02871383915681157,0.09671353908714331,63.0,100.0,100.0,97.25,63.0,100.0,100.0
champion,14,cross_xy,factory_prepolish_deep_stress,24,26000,4,3,400,75.05256858860932,0.027624910291256924,0.09282566433188326,84.0,100.0,100.0,100.0,84.0,100.0,100.0
champion,14,cross_xy,factory_prepolish_deep_stress,24,26000,4,4,400,77.70758514345361,0.023272865357505702,0.07840993120860253,100.0,100.0,100.0,100.0,100.0,100.0,100.0
champion,14,cross_xy,factory_prepolish_deep_defect,20,26388,0,0,400,77.84052450192834,0.025939112145394017,0.08690207068252151,100.0,100.0,100.0,100.0,100.0,100.0,100.0
champion,14,cross_xy,factory_prepolish_deep_defect,20,26388,0,1,400,77.69617823302626,0.024161664497707454,0.0821537673250485,100.0,100.0,100.0,100.0,100.0,100.0,100.0
champion,14,cross_xy,factory_prepolish_deep_defect,20,26388,0,2,400,77.71384159883684,0.01912988139407883,0.0652613971001093,100.0,100.0,100.0,100.0,100.0,100.0,100.0
champion,14,cross_xy,factory_prepolish_deep_defect,20,26388,0,3,400,77.69109253062466,0.02275201340949276,0.07713885332159127,100.0,100.0,100.0,100.0,100.0,100.0,100.0
champion,14,cross_xy,factory_prepolish_deep_defect,20,26388,0,4,400,77.6788858125861,0.026151735982700708,0.08889866411516899,100.0,100.0,100.0,100.0,100.0,100.0,100.0
champion,14,cross_xy,factory_prepolish_deep_defect,20,26388,1,0,400,77.71267644764085,0.028068339735700075,0.09410622147229208,100.0,100.0,100.0,100.0,100.0,100.0,100.0
champion,14,cross_xy,factory_prepolish_deep_defect,20,26388,1,1,400,77.65227900076772,0.021488036297186604,0.07244439806734737,100.0,100.0,100.0,100.0,100.0,100.0,100.0
champion,14,cross_xy,factory_prepolish_deep_defect,20,26388,1,2,400,77.6041356244627,0.020669304667542677,0.0704112423215705,100.0,100.0,100.0,100.0,100.0,100.0,100.0
champion,14,cross_xy,factory_prepolish_deep_defect,20,26388,1,3,400,77.65707169382429,0.02029126004203361,0.06800177156527487,100.0,100.0,100.0,100.0,100.0,100.0,100.0
champion,14,cross_xy,factory_prepolish_deep_defect,20,26388,1,4,400,77.66473936996634,0.024134195130281297,0.08135538934274052,100.0,100.0,100.0,100.0,100.0,100.0,100.0
champion,14,cross_xy,factory_prepolish_deep_defect,20,26388,2,0,400,77.72678736031497,0.02004941765845931,0.06766321370413436,100.0,100.0,100.0,100.0,100.0,100.0,100.0
champion,14,cross_xy,factory_prepolish_deep_defect,20,26388,2,1,400,77.56789689423746,0.026259408497797412,0.08979739660272137,100.0,100.0,100.0,100.0,100.0,100.0,100.0
champion,14,cross_xy,factory_prepolish_deep_defect,20,26388,2,2,400,77.56446636816261,0.020029682994880203,0.06766685155838464,100.0,100.0,100.0,100.0,100.0,100.0,100.0
champion,14,cross_xy,factory_prepolish_deep_defect,20,26388,2,3,400,77.46306349591731,0.023774824919412997,0.080554564816115,100.0,100.0,100.0,100.0,100.0,100.0,100.0
champion,14,cross_xy,factory_prepolish_deep_defect,20,26388,2,4,400,77.64755825310351,0.0221504237220315,0.07466552864202647,100.0,100.0,100.0,100.0,100.0,100.0,100.0
champion,14,cross_xy,factory_prepolish_deep_defect,20,26388,3,0,400,77.70579376228581,0.021460645486149,0.07230464718900846,100.0,100.0,100.0,100.0,100.0,100.0,100.0
champion,14,cross_xy,factory_prepolish_deep_defect,20,26388,3,1,400,77.5545228142907,0.02431853477841372,0.08231555114217427,100.0,100.0,100.0,100.0,100.0,100.0,100.0
champion,14,cross_xy,factory_prepolish_deep_defect,20,26388,3,2,400,77.41759680975186,0.014567845582494618,0.049090142684962236,100.0,100.0,100.0,100.0,100.0,100.0,100.0
champion,14,cross_xy,factory_prepolish_deep_defect,20,26388,3,3,400,77.40894710535457,0.012020700610195278,0.04092716782217485,100.0,100.0,100.0,100.0,100.0,100.0,100.0
champion,14,cross_xy,factory_prepolish_deep_defect,20,26388,3,4,400,77.55306611679708,0.01579343861060426,0.053222406627890476,100.0,100.0,100.0,100.0,100.0,100.0,100.0
champion,14,cross_xy,factory_prepolish_deep_defect,20,26388,4,0,400,77.68426314571019,0.026207154609873457,0.08885656108111668,100.0,100.0,100.0,100.0,100.0,100.0,100.0
champion,14,cross_xy,factory_prepolish_deep_defect,20,26388,4,1,400,77.6665886267824,0.014704154031563608,0.04980963100304548,100.0,100.0,100.0,100.0,100.0,100.0,100.0
champion,14,cross_xy,factory_prepolish_deep_defect,20,26388,4,2,400,76.09185180471214,0.019051889783323676,0.06366891000682448,90.25,100.0,100.0,100.0,90.25,100.0,100.0
champion,14,cross_xy,factory_prepolish_deep_defect,20,26388,4,3,400,72.2712524272727,0.03432370854463552,0.11675365648374642,71.75,100.0,100.0,100.0,71.75,100.0,100.0
champion,14,cross_xy,factory_prepolish_deep_defect,20,26388,4,4,400,77.49889505538441,0.017499144068256426,0.05954464850927046,100.0,100.0,100.0,100.0,100.0,100.0,100.0
champion,14,cross_xy,factory_prepolish_deep_stress,28,26388,0,0,400,77.84042541220816,0.025935382337231007,0.08688674464025524,100.0,100.0,100.0,100.0,100.0,100.0,100.0
champion,14,cross_xy,factory_prepolish_deep_stress,28,26388,0,1,400,77.69606382835042,0.024158120794178256,0.08214198328116235,100.0,100.0,100.0,100.0,100.0,100.0,100.0
champion,14,cross_xy,factory_prepolish_deep_stress,28,26388,0,2,400,77.71381606637428,0.01912944072618161,0.06525945578522538,100.0,100.0,100.0,100.0,100.0,100.0,100.0
champion,14,cross_xy,factory_prepolish_deep_stress,28,26388,0,3,400,77.69116448544963,0.022755360275327634,0.0771460983390093,100.0,100.0,100.0,100.0,100.0,100.0,100.0
champion,14,cross_xy,factory_prepolish_deep_stress,28,26388,0,4,400,77.67870346708092,0.026145406567606486,0.08887971525696274,100.0,100.0,100.0,100.0,100.0,100.0,100.0
champion,14,cross_xy,factory_prepolish_deep_stress,28,26388,1,0,400,77.71263423257217,0.028066102460238888,0.094097858567859,100.0,100.0,100.0,100.0,100.0,100.0,100.0
champion,14,cross_xy,factory_prepolish_deep_stress,28,26388,1,1,400,77.65226540653782,0.021487054464387284,0.07243617297471634,100.0,100.0,100.0,100.0,100.0,100.0,100.0
champion,14,cross_xy,factory_prepolish_deep_stress,28,26388,1,2,400,77.6043026146586,0.02067444440193974,0.07042910852000665,100.0,100.0,100.0,100.0,100.0,100.0,100.0
champion,14,cross_xy,factory_prepolish_deep_stress,28,26388,1,3,400,77.65726646168197,0.020293757637416508,0.06801220827520543,100.0,100.0,100.0,100.0,100.0,100.0,100.0
champion,14,cross_xy,factory_prepolish_deep_stress,28,26388,1,4,400,77.66488693705227,0.024138376283953163,0.08136806579291637,100.0,100.0,100.0,100.0,100.0,100.0,100.0
champion,14,cross_xy,factory_prepolish_deep_stress,28,26388,2,0,400,77.72682002743483,0.02005211092263009,0.06766826372802677,100.0,100.0,100.0,100.0,100.0,100.0,100.0
champion,14,cross_xy,factory_prepolish_deep_stress,28,26388,2,1,400,77.56877811011262,0.026265855404862995,0.0898227145094259,100.0,100.0,100.0,100.0,100.0,100.0,100.0
champion,14,cross_xy,factory_prepolish_deep_stress,28,26388,2,2,400,77.57099437706589,0.020180345040714726,0.0681681113760832,100.0,100.0,100.0,100.0,100.0,100.0,100.0
champion,14,cross_xy,factory_prepolish_deep_stress,28,26388,2,3,400,77.47840921509565,0.02410432235347497,0.08164962410790885,100.0,100.0,100.0,100.0,100.0,100.0,100.0
champion,14,cross_xy,factory_prepolish_deep_stress,28,26388,2,4,400,77.65070557952447,0.022205432047115604,0.0748443470073681,100.0,100.0,100.0,100.0,100.0,100.0,100.0
champion,14,cross_xy,factory_prepolish_deep_stress,28,26388,3,0,400,77.70592586036312,0.021463979960878347,0.07231722043378375,100.0,100.0,100.0,100.0,100.0,100.0,100.0
champion,14,cross_xy,factory_prepolish_deep_stress,28,26388,3,1,400,77.56383440881984,0.024494266693847945,0.08290529964795694,100.0,100.0,100.0,100.0,100.0,100.0,100.0
champion,14,cross_xy,factory_prepolish_deep_stress,28,26388,3,2,400,77.45111591559288,0.015447067868682395,0.05202450788418807,100.0,100.0,100.0,100.0,100.0,100.0,100.0
champion,14,cross_xy,factory_prepolish_deep_stress,28,26388,3,3,400,77.44614153969225,0.013063724376744523,0.0443980856881893,100.0,100.0,100.0,100.0,100.0,100.0,100.0
champion,14,cross_xy,factory_prepolish_deep_stress,28,26388,3,4,400,77.57007260943834,0.01634794753777263,0.055040105766677054,100.0,100.0,100.0,100.0,100.0,100.0,100.0
champion,14,cross_xy,factory_prepolish_deep_stress,28,26388,4,0,400,77.68471552369324,0.02621876505947301,0.08889485229673437,100.0,100.0,100.0,100.0,100.0,100.0,100.0
champion,14,cross_xy,factory_prepolish_deep_stress,28,26388,4,1,400,77.67916298943985,0.015091839625687067,0.051099786017577704,100.0,100.0,100.0,100.0,100.0,100.0,100.0
champion,14,cross_xy,factory_prepolish_deep_stress,28,26388,4,2,400,74.94302279907701,0.02901875950832446,0.096045378681112,88.5,97.5,100.0,100.0,88.5,100.0,100.0
champion,14,cross_xy,factory_prepolish_deep_stress,28,26388,4,3,400,69.86075622848422,0.05605479990582804,0.18852242026587848,69.75,92.25,100.0,100.0,69.75,100.0,100.0
champion,14,cross_xy,factory_prepolish_deep_stress,28,26388,4,4,400,77.52191922706245,0.018190090291908087,0.06183233448150819,100.0,100.0,100.0,100.0,100.0,100.0,100.0
champion,14,cross_xy,factory_prepolish_deep_defect,17,26097,0,0,400,77.8432103705372,0.025220197580677492,0.08525207636556269,100.0,100.0,100.0,100.0,100.0,100.0,100.0
champion,14,cross_xy,factory_prepolish_deep_defect,17,26097,0,1,400,77.70868784863796,0.024102433396483082,0.08142964327330533,100.0,100.0,100.0,100.0,100.0,100.0,100.0
champion,14,cross_xy,factory_prepolish_deep_defect,17,26097,0,2,400,77.65915519628722,0.025474476569160683,0.08585120044443166,100.0,100.0,100.0,100.0,100.0,100.0,100.0
champion,14,cross_xy,factory_prepolish_deep_defect,17,26097,0,3,400,71.0461882175589,0.025747570285921593,0.08815158960323279,80.75,100.0,100.0,98.75,80.75,100.0,100.0
champion,14,cross_xy,factory_prepolish_deep_defect,17,26097,0,4,400,77.70531174323312,0.02668795450565754,0.08999171267586874,100.0,100.0,100.0,100.0,100.0,100.0,100.0
champion,14,cross_xy,factory_prepolish_deep_defect,17,26097,1,0,400,77.72312992343281,0.022658934074214113,0.07679176554023302,100.0,100.0,100.0,100.0,100.0,100.0,100.0
champion,14,cross_xy,factory_prepolish_deep_defect,17,26097,1,1,400,77.63729416229204,0.01496023899599634,0.05043664870515714,100.0,100.0,100.0,100.0,100.0,100.0,100.0
champion,14,cross_xy,factory_prepolish_deep_defect,17,26097,1,2,400,77.46219565122253,0.0181689432140516,0.06136578122239193,100.0,100.0,100.0,100.0,100.0,100.0,100.0
champion,14,cross_xy,factory_prepolish_deep_defect,17,26097,1,3,400,73.62911563850386,0.02029601247379643,0.0683893882192358,77.0,100.0,100.0,100.0,77.0,100.0,100.0
champion,14,cross_xy,factory_prepolish_deep_defect,17,26097,1,4,400,76.48773334776455,0.028322337596780187,0.09520583972082892,94.5,100.0,100.0,100.0,94.5,100.0,100.0
champion,14,cross_xy,factory_prepolish_deep_defect,17,26097,2,0,400,77.64116891511118,0.025570421412492425,0.08680276343996697,100.0,100.0,100.0,100.0,100.0,100.0,100.0
champion,14,cross_xy,factory_prepolish_deep_defect,17,26097,2,1,400,77.47878776158962,0.02217186754270403,0.0746675513395329,100.0,100.0,100.0,100.0,100.0,100.0,100.0
champion,14,cross_xy,factory_prepolish_deep_defect,17,26097,2,2,400,76.11395181580036,0.02007123412978846,0.0688559971333232,93.25,100.0,100.0,100.0,93.25,100.0,100.0
champion,14,cross_xy,factory_prepolish_deep_defect,17,26097,2,3,400,74.51244186477828,0.031262278319998935,0.106278474208572,85.25,100.0,100.0,100.0,85.25,100.0,100.0
champion,14,cross_xy,factory_prepolish_deep_defect,17,26097,2,4,400,77.52449582252763,0.021281729060931967,0.07257924126420073,100.0,100.0,100.0,100.0,100.0,100.0,100.0
champion,14,cross_xy,factory_prepolish_deep_defect,17,26097,3,0,400,77.68106296050134,0.02417077951270925,0.08208365883323403,100.0,100.0,100.0,100.0,100.0,100.0,100.0
champion,14,cross_xy,factory_prepolish_deep_defect,17,26097,3,1,400,77.59629716707245,0.019020371939905488,0.06422712127393512,100.0,100.0,100.0,100.0,100.0,100.0,100.0
champion,14,cross_xy,factory_prepolish_deep_defect,17,26097,3,2,400,77.10903412754978,0.019455317827567736,0.06592069733038336,100.0,100.0,100.0,100.0,100.0,100.0,100.0
champion,14,cross_xy,factory_prepolish_deep_defect,17,26097,3,3,400,76.64221451934878,0.01664461675388274,0.05715428203230207,95.0,100.0,100.0,100.0,95.0,100.0,100.0
champion,14,cross_xy,factory_prepolish_deep_defect,17,26097,3,4,400,77.51089760540765,0.02208559314707303,0.0739781519220774,100.0,100.0,100.0,100.0,100.0,100.0,100.0
champion,14,cross_xy,factory_prepolish_deep_defect,17,26097,4,0,400,77.73485735669995,0.02182411678057187,0.07420142408272903,100.0,100.0,100.0,100.0,100.0,100.0,100.0
champion,14,cross_xy,factory_prepolish_deep_defect,17,26097,4,1,400,77.65288022445766,0.024795929972820784,0.08424820828207409,100.0,100.0,100.0,100.0,100.0,100.0,100.0
champion,14,cross_xy,factory_prepolish_deep_defect,17,26097,4,2,400,77.5415068476973,0.019837177674841402,0.06616770724853159,100.0,100.0,100.0,100.0,100.0,100.0,100.0
champion,14,cross_xy,factory_prepolish_deep_defect,17,26097,4,3,400,77.47147152836163,0.024337945626544108,0.08205492068416849,100.0,100.0,100.0,100.0,100.0,100.0,100.0
champion,14,cross_xy,factory_prepolish_deep_defect,17,26097,4,4,400,77.66296949689239,0.024923230486319517,0.08379404126497449,100.0,100.0,100.0,100.0,100.0,100.0,100.0
champion,14,cross_xy,factory_prepolish_deep_defect,21,26485,0,0,400,77.86160661809717,0.02413508154851306,0.0812833658154755,100.0,100.0,100.0,100.0,100.0,100.0,100.0
champion,14,cross_xy,factory_prepolish_deep_defect,21,26485,0,1,400,73.68762084126101,0.026905204742110014,0.09124491527626588,79.75,100.0,100.0,99.75,79.75,100.0,100.0
champion,14,cross_xy,factory_prepolish_deep_defect,21,26485,0,2,400,76.59086540753417,0.021241470150525802,0.07196050197344833,97.0,100.0,100.0,100.0,97.0,100.0,100.0
champion,14,cross_xy,factory_prepolish_deep_defect,21,26485,0,3,400,77.6771255380979,0.02281064804254164,0.07697558783691198,100.0,100.0,100.0,100.0,100.0,100.0,100.0
champion,14,cross_xy,factory_prepolish_deep_defect,21,26485,0,4,400,77.70161683831414,0.025155424058102987,0.08486020463287249,100.0,100.0,100.0,100.0,100.0,100.0,100.0
champion,14,cross_xy,factory_prepolish_deep_defect,21,26485,1,0,400,77.72428132886135,0.024150665382720257,0.0814613473595049,100.0,100.0,100.0,100.0,100.0,100.0,100.0
champion,14,cross_xy,factory_prepolish_deep_defect,21,26485,1,1,400,75.9191814685701,0.015873639426493176,0.053544224729241294,86.5,100.0,100.0,100.0,86.5,100.0,100.0
champion,14,cross_xy,factory_prepolish_deep_defect,21,26485,1,2,400,77.03862367193075,0.019446775686346115,0.06607588486388347,95.5,100.0,100.0,100.0,95.5,100.0,100.0
champion,14,cross_xy,factory_prepolish_deep_defect,21,26485,1,3,400,77.57198478290314,0.025825181273797695,0.08754036297966686,100.0,100.0,100.0,100.0,100.0,100.0,100.0
champion,14,cross_xy,factory_prepolish_deep_defect,21,26485,1,4,400,77.70140222061093,0.02371688269122235,0.08062317265717052,100.0,100.0,100.0,100.0,100.0,100.0,100.0
champion,14,cross_xy,factory_prepolish_deep_defect,21,26485,2,0,400,77.61928164782721,0.027907049962932282,0.09480300261137749,100.0,100.0,100.0,100.0,100.0,100.0,100.0
champion,14,cross_xy,factory_prepolish_deep_defect,21,26485,2,1,400,77.55841781777029,0.018533534574635458,0.06257596701641117,100.0,100.0,100.0,100.0,100.0,100.0,100.0
champion,14,cross_xy,factory_prepolish_deep_defect,21,26485,2,2,400,77.487141992546,0.020364737006290788,0.06907279823170402,100.0,100.0,100.0,100.0,100.0,100.0,100.0
champion,14,cross_xy,factory_prepolish_deep_defect,21,26485,2,3,400,77.6012956793947,0.02220572230002988,0.07538940701615668,100.0,100.0,100.0,100.0,100.0,100.0,100.0
champion,14,cross_xy,factory_prepolish_deep_defect,21,26485,2,4,400,77.68658955495995,0.021523434714098587,0.07374778766224982,100.0,100.0,100.0,100.0,100.0,100.0,100.0
champion,14,cross_xy,factory_prepolish_deep_defect,21,26485,3,0,400,77.5659352173118,0.02671487585112076,0.09051504293827009,100.0,100.0,100.0,100.0,100.0,100.0,100.0
champion,14,cross_xy,factory_prepolish_deep_defect,21,26485,3,1,400,77.00579641912339,0.017069678315803225,0.057829388970762674,97.5,100.0,100.0,100.0,97.5,100.0,100.0
champion,14,cross_xy,factory_prepolish_deep_defect,21,26485,3,2,400,73.50663343902131,0.025922184501409838,0.08787709365214262,80.0,100.0,100.0,100.0,80.0,100.0,100.0
champion,14,cross_xy,factory_prepolish_deep_defect,21,26485,3,3,400,77.32891304255416,0.02120865874221308,0.07124747111198315,99.75,100.0,100.0,100.0,99.75,100.0,100.0
champion,14,cross_xy,factory_prepolish_deep_defect,21,26485,3,4,400,77.67632286543093,0.02519443681962548,0.08578255008331577,100.0,100.0,100.0,100.0,100.0,100.0,100.0
champion,14,cross_xy,factory_prepolish_deep_defect,21,26485,4,0,400,77.57430262971457,0.023535869118733156,0.07966026420872953,100.0,100.0,100.0,100.0,100.0,100.0,100.0
champion,14,cross_xy,factory_prepolish_deep_defect,21,26485,4,1,400,74.15237570796845,0.02706032804167087,0.09062038725335238,82.25,100.0,100.0,100.0,82.25,100.0,100.0
champion,14,cross_xy,factory_prepolish_deep_defect,21,26485,4,2,400,72.65384468127758,0.03524343436534871,0.11635172317100441,73.75,100.0,100.0,100.0,73.75,100.0,100.0
champion,14,cross_xy,factory_prepolish_deep_defect,21,26485,4,3,400,77.56804758683778,0.020777009250987636,0.07000336124982276,100.0,100.0,100.0,100.0,100.0,100.0,100.0
champion,14,cross_xy,factory_prepolish_deep_defect,21,26485,4,4,400,77.72338404297484,0.023386081426483466,0.07921419386598838,100.0,100.0,100.0,100.0,100.0,100.0,100.0
champion,14,cross_xy,factory_prepolish_deep_stress,25,26097,0,0,400,77.84278381071935,0.025209942717041463,0.08521950919291395,100.0,100.0,100.0,100.0,100.0,100.0,100.0
champion,14,cross_xy,factory_prepolish_deep_stress,25,26097,0,1,400,77.70862809830365,0.024099616426802202,0.08141853845867819,100.0,100.0,100.0,100.0,100.0,100.0,100.0
champion,14,cross_xy,factory_prepolish_deep_stress,25,26097,0,2,400,77.66118939075923,0.025516321058960668,0.08598678406582046,100.0,100.0,100.0,100.0,100.0,100.0,100.0
champion,14,cross_xy,factory_prepolish_deep_stress,25,26097,0,3,400,71.01910697677422,0.0257875197601562,0.08828886461036507,80.75,100.0,100.0,98.75,80.75,100.0,100.0
champion,14,cross_xy,factory_prepolish_deep_stress,25,26097,0,4,400,77.70588745114105,0.026700022996218212,0.09003349305710907,100.0,100.0,100.0,100.0,100.0,100.0,100.0
champion,14,cross_xy,factory_prepolish_deep_stress,25,26097,1,0,400,77.7232256747621,0.022659981153937667,0.07679560090411293,100.0,100.0,100.0,100.0,100.0,100.0,100.0
champion,14,cross_xy,factory_prepolish_deep_stress,25,26097,1,1,400,77.64253679075678,0.01507178358469338,0.05081436806615401,100.0,100.0,100.0,100.0,100.0,100.0,100.0
champion,14,cross_xy,factory_prepolish_deep_stress,25,26097,1,2,400,77.48551434598508,0.018727390292844728,0.06320562608017613,100.0,100.0,100.0,100.0,100.0,100.0,100.0
champion,14,cross_xy,factory_prepolish_deep_stress,25,26097,1,3,400,73.54927003044524,0.02084345394089967,0.07021036152572656,77.0,100.0,100.0,100.0,77.0,100.0,100.0
champion,14,cross_xy,factory_prepolish_deep_stress,25,26097,1,4,400,76.46961571277097,0.028520246515418086,0.09586097242390981,94.5,100.0,100.0,100.0,94.5,100.0,100.0
champion,14,cross_xy,factory_prepolish_deep_stress,25,26097,2,0,400,77.64164989551035,0.02558191574350707,0.08683943252882965,100.0,100.0,100.0,100.0,100.0,100.0,100.0
champion,14,cross_xy,factory_prepolish_deep_stress,25,26097,2,1,400,77.49726796279988,0.022672835849511103,0.0763263878918623,100.0,100.0,100.0,100.0,100.0,100.0,100.0
champion,14,cross_xy,factory_prepolish_deep_stress,25,26097,2,2,400,75.47826803522852,0.025779136904647715,0.08875305085183939,93.0,99.25,100.0,100.0,93.0,100.0,100.0
champion,14,cross_xy,factory_prepolish_deep_stress,25,26097,2,3,400,72.93396506531276,0.045566735732038136,0.15435347835282298,84.75,93.25,100.0,100.0,84.75,100.0,100.0
champion,14,cross_xy,factory_prepolish_deep_stress,25,26097,2,4,400,77.53818581308937,0.02163984849045124,0.07379060902687985,100.0,100.0,100.0,100.0,100.0,100.0,100.0
champion,14,cross_xy,factory_prepolish_deep_stress,25,26097,3,0,400,77.68144318092021,0.02417960475139165,0.082118129873895,100.0,100.0,100.0,100.0,100.0,100.0,100.0
champion,14,cross_xy,factory_prepolish_deep_stress,25,26097,3,1,400,77.60357400981219,0.019277057213569378,0.06508734106148062,100.0,100.0,100.0,100.0,100.0,100.0,100.0
champion,14,cross_xy,factory_prepolish_deep_stress,25,26097,3,2,400,77.11017062670048,0.020419345098546114,0.0690660736294375,99.75,100.0,100.0,100.0,99.75,100.0,100.0
champion,14,cross_xy,factory_prepolish_deep_stress,25,26097,3,3,400,76.34218718349821,0.0194611812627634,0.06700023703298984,95.0,100.0,100.0,100.0,95.0,100.0,100.0
champion,14,cross_xy,factory_prepolish_deep_stress,25,26097,3,4,400,77.51549358159042,0.02225892533365265,0.07454185280891966,100.0,100.0,100.0,100.0,100.0,100.0,100.0
champion,14,cross_xy,factory_prepolish_deep_stress,25,26097,4,0,400,77.73493705167586,0.02182609628478068,0.07420813309302637,100.0,100.0,100.0,100.0,100.0,100.0,100.0
champion,14,cross_xy,factory_prepolish_deep_stress,25,26097,4,1,400,77.65506549630761,0.02485100454880537,0.08442616610472785,100.0,100.0,100.0,100.0,100.0,100.0,100.0
champion,14,cross_xy,factory_prepolish_deep_stress,25,26097,4,2,400,77.54877728806552,0.02000579489542438,0.06672478608339633,100.0,100.0,100.0,100.0,100.0,100.0,100.0
champion,14,cross_xy,factory_prepolish_deep_stress,25,26097,4,3,400,77.47781883223765,0.024550647393977137,0.08276843229285515,100.0,100.0,100.0,100.0,100.0,100.0,100.0
champion,14,cross_xy,factory_prepolish_deep_stress,25,26097,4,4,400,77.66162483373223,0.02494039162355153,0.08384869043954246,100.0,100.0,100.0,100.0,100.0,100.0,100.0
champion,14,cross_xy,factory_prepolish_deep_stress,29,26485,0,0,400,77.86173318457995,0.02413684234371413,0.08129169394890048,100.0,100.0,100.0,100.0,100.0,100.0,100.0
champion,14,cross_xy,factory_prepolish_deep_stress,29,26485,0,1,400,73.68684846550352,0.026915192975384573,0.09127473229083946,79.75,100.0,100.0,99.75,79.75,100.0,100.0
champion,14,cross_xy,factory_prepolish_deep_stress,29,26485,0,2,400,76.59134321500208,0.021247936920131133,0.0719807828979098,97.0,100.0,100.0,100.0,97.0,100.0,100.0
champion,14,cross_xy,factory_prepolish_deep_stress,29,26485,0,3,400,77.67720283979885,0.02281277430841651,0.07698602152989524,100.0,100.0,100.0,100.0,100.0,100.0,100.0
champion,14,cross_xy,factory_prepolish_deep_stress,29,26485,0,4,400,77.70164708346002,0.025156325152258577,0.0848603027869498,100.0,100.0,100.0,100.0,100.0,100.0,100.0
champion,14,cross_xy,factory_prepolish_deep_stress,29,26485,1,0,400,77.72442801308812,0.024151545808653186,0.08146421540885287,100.0,100.0,100.0,100.0,100.0,100.0,100.0
champion,14,cross_xy,factory_prepolish_deep_stress,29,26485,1,1,400,75.91891984158873,0.015885109410701787,0.05357835320784306,86.75,100.0,100.0,100.0,86.75,100.0,100.0
champion,14,cross_xy,factory_prepolish_deep_stress,29,26485,1,2,400,77.03844783290153,0.01946229094521483,0.06613214540269086,95.5,100.0,100.0,100.0,95.5,100.0,100.0
champion,14,cross_xy,factory_prepolish_deep_stress,29,26485,1,3,400,77.57239317782015,0.025833642680632155,0.08756516414810545,100.0,100.0,100.0,100.0,100.0,100.0,100.0
champion,14,cross_xy,factory_prepolish_deep_stress,29,26485,1,4,400,77.70147981665416,0.023720332837069754,0.08063347098643092,100.0,100.0,100.0,100.0,100.0,100.0,100.0
champion,14,cross_xy,factory_prepolish_deep_stress,29,26485,2,0,400,77.62099030822475,0.027964393032629174,0.09499128483985647,100.0,100.0,100.0,100.0,100.0,100.0,100.0
champion,14,cross_xy,factory_prepolish_deep_stress,29,26485,2,1,400,77.56421334124957,0.018693450381569544,0.06311028234466379,100.0,100.0,100.0,100.0,100.0,100.0,100.0
champion,14,cross_xy,factory_prepolish_deep_stress,29,26485,2,2,400,77.49922644045037,0.020660369086321077,0.07005002955292522,100.0,100.0,100.0,100.0,100.0,100.0,100.0
champion,14,cross_xy,factory_prepolish_deep_stress,29,26485,2,3,400,77.60526830172756,0.022263175956478483,0.07558419529483162,100.0,100.0,100.0,100.0,100.0,100.0,100.0
champion,14,cross_xy,factory_prepolish_deep_stress,29,26485,2,4,400,77.68698875557955,0.02153125231561489,0.07377502965915793,100.0,100.0,100.0,100.0,100.0,100.0,100.0
champion,14,cross_xy,factory_prepolish_deep_stress,29,26485,3,0,400,77.57319569695859,0.026909610081959877,0.09116122340132193,100.0,100.0,100.0,100.0,100.0,100.0,100.0
champion,14,cross_xy,factory_prepolish_deep_stress,29,26485,3,1,400,76.88133434735559,0.018790342253504833,0.06348447746460689,97.5,100.0,100.0,100.0,97.5,100.0,100.0
champion,14,cross_xy,factory_prepolish_deep_stress,29,26485,3,2,400,73.26831925763663,0.02922011025020853,0.09927914831553375,79.25,99.5,100.0,100.0,79.25,100.0,100.0
champion,14,cross_xy,factory_prepolish_deep_stress,29,26485,3,3,400,77.33432689474863,0.021516352486689233,0.07227787273849522,98.75,100.0,100.0,100.0,98.75,100.0,100.0
champion,14,cross_xy,factory_prepolish_deep_stress,29,26485,3,4,400,77.67752094277955,0.025222341804518447,0.0858760375583864,100.0,100.0,100.0,100.0,100.0,100.0,100.0
champion,14,cross_xy,factory_prepolish_deep_stress,29,26485,4,0,400,77.58763077628026,0.023896181345142778,0.08085031899249415,100.0,100.0,100.0,100.0,100.0,100.0,100.0
champion,14,cross_xy,factory_prepolish_deep_stress,29,26485,4,1,400,72.74508851968139,0.039764740504363176,0.13161138287890448,81.5,95.5,100.0,100.0,81.5,100.0,100.0
champion,14,cross_xy,factory_prepolish_deep_stress,29,26485,4,2,400,71.14477976557612,0.04802835097420042,0.1571511344058404,73.25,95.75,100.0,100.0,73.25,100.0,100.0
champion,14,cross_xy,factory_prepolish_deep_stress,29,26485,4,3,400,77.57945324380076,0.021111515046568323,0.07111314290093093,100.0,100.0,100.0,100.0,100.0,100.0,100.0
champion,14,cross_xy,factory_prepolish_deep_stress,29,26485,4,4,400,77.72345685144417,0.023387973779984424,0.07921723167929996,100.0,100.0,100.0,100.0,100.0,100.0,100.0
champion,14,cross_xy,factory_prepolish_deep_defect,22,26582,0,0,400,77.83386781381516,0.02040296903504176,0.06886118365463494,100.0,100.0,100.0,100.0,100.0,100.0,100.0
champion,14,cross_xy,factory_prepolish_deep_defect,22,26582,0,1,400,77.68559847467908,0.02229421279595478,0.07566635549648669,100.0,100.0,100.0,100.0,100.0,100.0,100.0
champion,14,cross_xy,factory_prepolish_deep_defect,22,26582,0,2,400,77.6712248595675,0.02107121379996162,0.07068984042175015,100.0,100.0,100.0,100.0,100.0,100.0,100.0
champion,14,cross_xy,factory_prepolish_deep_defect,22,26582,0,3,400,77.70888442247782,0.021094232543811327,0.07148090340889414,100.0,100.0,100.0,100.0,100.0,100.0,100.0
champion,14,cross_xy,factory_prepolish_deep_defect,22,26582,0,4,400,77.6946466538642,0.025238686629377723,0.0857832030643688,100.0,100.0,100.0,100.0,100.0,100.0,100.0
champion,14,cross_xy,factory_prepolish_deep_defect,22,26582,1,0,400,77.72646570630373,0.02342989263602416,0.07849491572553555,100.0,100.0,100.0,100.0,100.0,100.0,100.0
champion,14,cross_xy,factory_prepolish_deep_defect,22,26582,1,1,400,77.59061322732327,0.023693609013381106,0.08018660893027135,100.0,100.0,100.0,100.0,100.0,100.0,100.0
champion,14,cross_xy,factory_prepolish_deep_defect,22,26582,1,2,400,77.60355254375932,0.019351259131087192,0.06601246374653451,100.0,100.0,100.0,100.0,100.0,100.0,100.0
champion,14,cross_xy,factory_prepolish_deep_defect,22,26582,1,3,400,77.44338674565164,0.020655826144144723,0.07010618487755337,100.0,100.0,100.0,100.0,100.0,100.0,100.0
champion,14,cross_xy,factory_prepolish_deep_defect,22,26582,1,4,400,74.95457955209795,0.02542284582256416,0.08674861630066813,88.5,100.0,100.0,100.0,88.5,100.0,100.0
champion,14,cross_xy,factory_prepolish_deep_defect,22,26582,2,0,400,77.73298484603534,0.018615346247714312,0.06179027594800109,100.0,100.0,100.0,100.0,100.0,100.0,100.0
champion,14,cross_xy,factory_prepolish_deep_defect,22,26582,2,1,400,77.63303476566904,0.02105001290258667,0.07106162520731445,100.0,100.0,100.0,100.0,100.0,100.0,100.0
champion,14,cross_xy,factory_prepolish_deep_defect,22,26582,2,2,400,77.62735313090657,0.021054533255558776,0.07201180589376716,100.0,100.0,100.0,100.0,100.0,100.0,100.0
champion,14,cross_xy,factory_prepolish_deep_defect,22,26582,2,3,400,77.52873743984003,0.019261356168265548,0.0655421081935342,100.0,100.0,100.0,100.0,100.0,100.0,100.0
champion,14,cross_xy,factory_prepolish_deep_defect,22,26582,2,4,400,74.56734288892378,0.022921801442599678,0.07713969902788693,78.5,100.0,100.0,100.0,78.5,100.0,100.0
champion,14,cross_xy,factory_prepolish_deep_defect,22,26582,3,0,400,77.69182513760073,0.02190691491855081,0.07385186640932594,100.0,100.0,100.0,100.0,100.0,100.0,100.0
champion,14,cross_xy,factory_prepolish_deep_defect,22,26582,3,1,400,77.65189760728089,0.02068331814646529,0.07024113133528909,100.0,100.0,100.0,100.0,100.0,100.0,100.0
champion,14,cross_xy,factory_prepolish_deep_defect,22,26582,3,2,400,77.47867164673711,0.02074783621831498,0.07019519991793559,100.0,100.0,100.0,100.0,100.0,100.0,100.0
champion,14,cross_xy,factory_prepolish_deep_defect,22,26582,3,3,400,77.31288866094371,0.01668513137657853,0.05672676538550634,100.0,100.0,100.0,100.0,100.0,100.0,100.0
champion,14,cross_xy,factory_prepolish_deep_defect,22,26582,3,4,400,70.83840279022758,0.04410306901117119,0.14922884357939295,67.0,99.5,100.0,100.0,67.0,100.0,100.0
champion,14,cross_xy,factory_prepolish_deep_defect,22,26582,4,0,400,77.68003593087207,0.02692588997315838,0.09128189480248192,100.0,100.0,100.0,100.0,100.0,100.0,100.0
champion,14,cross_xy,factory_prepolish_deep_defect,22,26582,4,1,400,77.61005739926297,0.02752209991796819,0.09324053548664658,100.0,100.0,100.0,100.0,100.0,100.0,100.0
champion,14,cross_xy,factory_prepolish_deep_defect,22,26582,4,2,400,77.63684129152308,0.014647119181479394,0.049639329232082696,100.0,100.0,100.0,100.0,100.0,100.0,100.0
champion,14,cross_xy,factory_prepolish_deep_defect,22,26582,4,3,400,76.63422779017178,0.018035154524673795,0.06182220835931105,94.75,100.0,100.0,100.0,94.75,100.0,100.0
champion,14,cross_xy,factory_prepolish_deep_defect,22,26582,4,4,400,74.61631226220638,0.03056721128560704,0.10366684124295768,88.0,99.5,100.0,100.0,88.0,100.0,100.0
champion,14,cross_xy,factory_prepolish_deep_stress,30,26582,0,0,400,77.8336654260232,0.020398028472156948,0.06884683832458659,100.0,100.0,100.0,100.0,100.0,100.0,100.0
champion,14,cross_xy,factory_prepolish_deep_stress,30,26582,0,1,400,77.68543713043363,0.022290330638099102,0.07565638932337744,100.0,100.0,100.0,100.0,100.0,100.0,100.0
champion,14,cross_xy,factory_prepolish_deep_stress,30,26582,0,2,400,77.67126137159121,0.021070582796036436,0.07068205360640029,100.0,100.0,100.0,100.0,100.0,100.0,100.0
champion,14,cross_xy,factory_prepolish_deep_stress,30,26582,0,3,400,77.70898247542215,0.021096859559200883,0.07148693620255045,100.0,100.0,100.0,100.0,100.0,100.0,100.0
champion,14,cross_xy,factory_prepolish_deep_stress,30,26582,0,4,400,77.69472346829163,0.025240286826160828,0.08578708709762034,100.0,100.0,100.0,100.0,100.0,100.0,100.0
champion,14,cross_xy,factory_prepolish_deep_stress,30,26582,1,0,400,77.72632755173142,0.023428156573198286,0.07848437761037702,100.0,100.0,100.0,100.0,100.0,100.0,100.0
champion,14,cross_xy,factory_prepolish_deep_stress,30,26582,1,1,400,77.59059044311029,0.02369438491541427,0.0801863468158059,100.0,100.0,100.0,100.0,100.0,100.0,100.0
champion,14,cross_xy,factory_prepolish_deep_stress,30,26582,1,2,400,77.60382827401604,0.01935964590093918,0.06603902438399833,100.0,100.0,100.0,100.0,100.0,100.0,100.0
champion,14,cross_xy,factory_prepolish_deep_stress,30,26582,1,3,400,77.44549424562183,0.020706513402618965,0.07027894201028778,100.0,100.0,100.0,100.0,100.0,100.0,100.0
champion,14,cross_xy,factory_prepolish_deep_stress,30,26582,1,4,400,74.9406175169279,0.02556013694627484,0.0872071065549117,88.5,100.0,100.0,100.0,88.5,100.0,100.0
champion,14,cross_xy,factory_prepolish_deep_stress,30,26582,2,0,400,77.73301638622888,0.01861673751078492,0.06179901709983004,100.0,100.0,100.0,100.0,100.0,100.0,100.0
champion,14,cross_xy,factory_prepolish_deep_stress,30,26582,2,1,400,77.63327918378947,0.0210543831875062,0.07107209943216132,100.0,100.0,100.0,100.0,100.0,100.0,100.0
champion,14,cross_xy,factory_prepolish_deep_stress,30,26582,2,2,400,77.63023341853736,0.02111615825742731,0.0722204987243581,100.0,100.0,100.0,100.0,100.0,100.0,100.0
champion,14,cross_xy,factory_prepolish_deep_stress,30,26582,2,3,400,77.54788343574123,0.019744904596134066,0.0671450378308525,100.0,100.0,100.0,100.0,100.0,100.0,100.0
champion,14,cross_xy,factory_prepolish_deep_stress,30,26582,2,4,400,74.50665649028157,0.023857207106771278,0.08022501709523044,78.5,100.0,100.0,100.0,78.5,100.0,100.0
champion,14,cross_xy,factory_prepolish_deep_stress,30,26582,3,0,400,77.6918397524614,0.021907239520768496,0.07384894497637912,100.0,100.0,100.0,100.0,100.0,100.0,100.0
champion,14,cross_xy,factory_prepolish_deep_stress,30,26582,3,1,400,77.65253438352931,0.02069334627428251,0.07027634219829755,100.0,100.0,100.0,100.0,100.0,100.0,100.0
champion,14,cross_xy,factory_prepolish_deep_stress,30,26582,3,2,400,77.49028413990116,0.021110128877677062,0.07139928410471155,100.0,100.0,100.0,100.0,100.0,100.0,100.0
champion,14,cross_xy,factory_prepolish_deep_stress,30,26582,3,3,400,77.35787812364985,0.018094785529839386,0.061442870484603986,100.0,100.0,100.0,100.0,100.0,100.0,100.0
champion,14,cross_xy,factory_prepolish_deep_stress,30,26582,3,4,400,68.06116406571213,0.06976577476115849,0.23544124877915926,64.75,88.75,100.0,100.0,64.75,100.0,100.0
champion,14,cross_xy,factory_prepolish_deep_stress,30,26582,4,0,400,77.68006276885659,0.026927089354326732,0.09128373603223179,100.0,100.0,100.0,100.0,100.0,100.0,100.0
champion,14,cross_xy,factory_prepolish_deep_stress,30,26582,4,1,400,77.61082601974331,0.027536448651640396,0.09328332901928123,100.0,100.0,100.0,100.0,100.0,100.0,100.0
champion,14,cross_xy,factory_prepolish_deep_stress,30,26582,4,2,400,77.63864651892086,0.01487591768911955,0.050407484770026156,100.0,100.0,100.0,100.0,100.0,100.0,100.0
champion,14,cross_xy,factory_prepolish_deep_stress,30,26582,4,3,400,76.26922374912183,0.021713571749785148,0.0745079535593029,94.25,99.75,100.0,100.0,94.25,100.0,100.0
champion,14,cross_xy,factory_prepolish_deep_stress,30,26582,4,4,400,73.58854049418282,0.04129079764743744,0.13969130457058207,86.75,95.25,100.0,100.0,86.75,100.0,100.0
champion,14,cross_xy,factory_prepolish_deep_defect,19,26291,0,0,400,77.82340792909821,0.028139841397155644,0.09514027564264872,100.0,100.0,100.0,100.0,100.0,100.0,100.0
champion,14,cross_xy,factory_prepolish_deep_defect,19,26291,0,1,400,77.711612564895,0.024212421528971052,0.08120180645456783,100.0,100.0,100.0,100.0,100.0,100.0,100.0
champion,14,cross_xy,factory_prepolish_deep_defect,19,26291,0,2,400,77.68326664091846,0.022121550437027255,0.07498156831762333,100.0,100.0,100.0,100.0,100.0,100.0,100.0
champion,14,cross_xy,factory_prepolish_deep_defect,19,26291,0,3,400,77.66671701955494,0.023590835806665024,0.07919672170852202,100.0,100.0,100.0,100.0,100.0,100.0,100.0
champion,14,cross_xy,factory_prepolish_deep_defect,19,26291,0,4,400,77.70148927321232,0.022265588384473848,0.07583350564693232,100.0,100.0,100.0,100.0,100.0,100.0,100.0
champion,14,cross_xy,factory_prepolish_deep_defect,19,26291,1,0,400,77.68279813821637,0.017380255715968823,0.059602671208853535,100.0,100.0,100.0,100.0,100.0,100.0,100.0
champion,14,cross_xy,factory_prepolish_deep_defect,19,26291,1,1,400,77.48021880392098,0.016443532137185937,0.05532150369431976,100.0,100.0,100.0,100.0,100.0,100.0,100.0
champion,14,cross_xy,factory_prepolish_deep_defect,19,26291,1,2,400,77.53322282753751,0.015556028923502602,0.05277946084280907,100.0,100.0,100.0,100.0,100.0,100.0,100.0
champion,14,cross_xy,factory_prepolish_deep_defect,19,26291,1,3,400,77.64485280990624,0.01669280043383104,0.05658562364912922,100.0,100.0,100.0,100.0,100.0,100.0,100.0
champion,14,cross_xy,factory_prepolish_deep_defect,19,26291,1,4,400,77.67670126123129,0.022921647511231075,0.07631079700736901,100.0,100.0,100.0,100.0,100.0,100.0,100.0
champion,14,cross_xy,factory_prepolish_deep_defect,19,26291,2,0,400,77.47386446424272,0.017958754615655534,0.06105418453664063,100.0,100.0,100.0,100.0,100.0,100.0,100.0
champion,14,cross_xy,factory_prepolish_deep_defect,19,26291,2,1,400,70.62499585961385,0.041439262416756446,0.1408534178609947,66.5,99.0,100.0,100.0,66.5,100.0,100.0
champion,14,cross_xy,factory_prepolish_deep_defect,19,26291,2,2,400,77.35616930776436,0.014085000062124294,0.04738355368663674,100.0,100.0,100.0,100.0,100.0,100.0,100.0
champion,14,cross_xy,factory_prepolish_deep_defect,19,26291,2,3,400,77.61360042711651,0.015388717690043097,0.052210604653656886,100.0,100.0,100.0,100.0,100.0,100.0,100.0
champion,14,cross_xy,factory_prepolish_deep_defect,19,26291,2,4,400,77.69584643205422,0.020280221497712678,0.06884471010108839,100.0,100.0,100.0,100.0,100.0,100.0,100.0
champion,14,cross_xy,factory_prepolish_deep_defect,19,26291,3,0,400,77.52444810292911,0.021599855941323708,0.07356092097923739,100.0,100.0,100.0,100.0,100.0,100.0,100.0
champion,14,cross_xy,factory_prepolish_deep_defect,19,26291,3,1,400,73.12365838304316,0.029245107357002656,0.09857277983422387,83.0,99.25,100.0,100.0,83.0,100.0,100.0
champion,14,cross_xy,factory_prepolish_deep_defect,19,26291,3,2,400,75.4792271481029,0.019086813983654118,0.0656220265270483,90.0,100.0,100.0,100.0,90.0,100.0,100.0
champion,14,cross_xy,factory_prepolish_deep_defect,19,26291,3,3,400,77.47135389649674,0.022215698458541634,0.07452939278611033,100.0,100.0,100.0,100.0,100.0,100.0,100.0
champion,14,cross_xy,factory_prepolish_deep_defect,19,26291,3,4,400,77.69991579215127,0.018707242979192813,0.06272113916814911,100.0,100.0,100.0,100.0,100.0,100.0,100.0
champion,14,cross_xy,factory_prepolish_deep_defect,19,26291,4,0,400,77.65954490462123,0.022790308211986708,0.0761180747080377,100.0,100.0,100.0,100.0,100.0,100.0,100.0
champion,14,cross_xy,factory_prepolish_deep_defect,19,26291,4,1,400,77.50517821154021,0.01750534110208232,0.059276520964526555,100.0,100.0,100.0,100.0,100.0,100.0,100.0
champion,14,cross_xy,factory_prepolish_deep_defect,19,26291,4,2,400,77.5167752637941,0.018899817476741777,0.06294628718688557,100.0,100.0,100.0,100.0,100.0,100.0,100.0
champion,14,cross_xy,factory_prepolish_deep_defect,19,26291,4,3,400,77.63180645502275,0.02054220845426499,0.06907509153622138,100.0,100.0,100.0,100.0,100.0,100.0,100.0
champion,14,cross_xy,factory_prepolish_deep_defect,19,26291,4,4,400,77.69953127168951,0.023297261459458016,0.0787694375174856,100.0,100.0,100.0,100.0,100.0,100.0,100.0
champion,14,cross_xy,factory_prepolish_deep_stress,27,26291,0,0,400,77.8252245730161,0.028180201208475614,0.09527874629542582,100.0,100.0,100.0,100.0,100.0,100.0,100.0
champion,14,cross_xy,factory_prepolish_deep_stress,27,26291,0,1,400,77.71832350364228,0.02437504761271333,0.08173074431508878,100.0,100.0,100.0,100.0,100.0,100.0,100.0
champion,14,cross_xy,factory_prepolish_deep_stress,27,26291,0,2,400,77.6863108745532,0.022180836374795367,0.07517491054733663,100.0,100.0,100.0,100.0,100.0,100.0,100.0
champion,14,cross_xy,factory_prepolish_deep_stress,27,26291,0,3,400,77.66723934739952,0.02360165030409736,0.07923371512033742,100.0,100.0,100.0,100.0,100.0,100.0,100.0
champion,14,cross_xy,factory_prepolish_deep_stress,27,26291,0,4,400,77.70158678430592,0.022266294386760876,0.07583611857895098,100.0,100.0,100.0,100.0,100.0,100.0,100.0
champion,14,cross_xy,factory_prepolish_deep_stress,27,26291,1,0,400,77.68743005981763,0.01767953014215886,0.0606154464055773,100.0,100.0,100.0,100.0,100.0,100.0,100.0
champion,14,cross_xy,factory_prepolish_deep_stress,27,26291,1,1,400,77.50882914968467,0.01731228356479715,0.05822343085661627,100.0,100.0,100.0,100.0,100.0,100.0,100.0
champion,14,cross_xy,factory_prepolish_deep_stress,27,26291,1,2,400,77.55106999981184,0.01598945964545323,0.05423267268855466,100.0,100.0,100.0,100.0,100.0,100.0,100.0
champion,14,cross_xy,factory_prepolish_deep_stress,27,26291,1,3,400,77.64838549207319,0.016764631019376895,0.056815514453988254,100.0,100.0,100.0,100.0,100.0,100.0,100.0
champion,14,cross_xy,factory_prepolish_deep_stress,27,26291,1,4,400,77.67703455666977,0.022929331210767446,0.0763371465607534,100.0,100.0,100.0,100.0,100.0,100.0,100.0
champion,14,cross_xy,factory_prepolish_deep_stress,27,26291,2,0,400,77.49637985876117,0.01881658941499181,0.06395532008529972,100.0,100.0,100.0,100.0,100.0,100.0,100.0
champion,14,cross_xy,factory_prepolish_deep_stress,27,26291,2,1,400,68.13379272151003,0.0656997642984911,0.22285249024455833,66.0,89.75,100.0,100.0,66.0,100.0,100.0
champion,14,cross_xy,factory_prepolish_deep_stress,27,26291,2,2,400,77.36488134959,0.01538514573907825,0.05169963075989061,99.5,100.0,100.0,100.0,99.5,100.0,100.0
champion,14,cross_xy,factory_prepolish_deep_stress,27,26291,2,3,400,77.62626911639693,0.015780750765125588,0.05354526469514709,100.0,100.0,100.0,100.0,100.0,100.0,100.0
champion,14,cross_xy,factory_prepolish_deep_stress,27,26291,2,4,400,77.69662041196815,0.02030054804751345,0.06890752756587393,100.0,100.0,100.0,100.0,100.0,100.0,100.0
champion,14,cross_xy,factory_prepolish_deep_stress,27,26291,3,0,400,77.54631009901236,0.022234614964156078,0.07566884543961741,100.0,100.0,100.0,100.0,100.0,100.0,100.0
champion,14,cross_xy,factory_prepolish_deep_stress,27,26291,3,1,400,72.05334226537803,0.04276936043588012,0.14385387456327703,82.75,93.0,100.0,100.0,82.75,100.0,100.0
champion,14,cross_xy,factory_prepolish_deep_stress,27,26291,3,2,400,75.04752827828663,0.02441401527613517,0.08429210058472718,89.75,99.0,100.0,100.0,89.75,100.0,100.0
champion,14,cross_xy,factory_prepolish_deep_stress,27,26291,3,3,400,77.4906056637992,0.022657338456320054,0.07597512440425667,100.0,100.0,100.0,100.0,100.0,100.0,100.0
champion,14,cross_xy,factory_prepolish_deep_stress,27,26291,3,4,400,77.70092151333762,0.018726500755473885,0.06278209659554591,100.0,100.0,100.0,100.0,100.0,100.0,100.0
champion,14,cross_xy,factory_prepolish_deep_stress,27,26291,4,0,400,77.66565722938452,0.02297810440605768,0.0767312644610752,100.0,100.0,100.0,100.0,100.0,100.0,100.0
champion,14,cross_xy,factory_prepolish_deep_stress,27,26291,4,1,400,77.52552886415441,0.018017270258098315,0.060992568243695436,100.0,100.0,100.0,100.0,100.0,100.0,100.0
champion,14,cross_xy,factory_prepolish_deep_stress,27,26291,4,2,400,77.53756297181663,0.019330358310483887,0.06433858472839667,100.0,100.0,100.0,100.0,100.0,100.0,100.0
champion,14,cross_xy,factory_prepolish_deep_stress,27,26291,4,3,400,77.63785904110601,0.02064577840066034,0.06941699231908659,100.0,100.0,100.0,100.0,100.0,100.0,100.0
champion,14,cross_xy,factory_prepolish_deep_stress,27,26291,4,4,400,77.69987661860252,0.02330339506258873,0.07878771648403392,100.0,100.0,100.0,100.0,100.0,100.0,100.0
champion,14,cross_xy,factory_prepolish_deep_defect,23,26679,0,0,400,77.84851306476831,0.025723749108303773,0.08682349268691912,100.0,100.0,100.0,100.0,100.0,100.0,100.0
champion,14,cross_xy,factory_prepolish_deep_defect,23,26679,0,1,400,77.73887668445818,0.020750886529856558,0.07011443725664362,100.0,100.0,100.0,100.0,100.0,100.0,100.0
champion,14,cross_xy,factory_prepolish_deep_defect,23,26679,0,2,400,77.67628545859012,0.022566510527481595,0.07616749196086942,100.0,100.0,100.0,100.0,100.0,100.0,100.0
champion,14,cross_xy,factory_prepolish_deep_defect,23,26679,0,3,400,77.70646452277636,0.019745684584652246,0.06613423845730834,100.0,100.0,100.0,100.0,100.0,100.0,100.0
champion,14,cross_xy,factory_prepolish_deep_defect,23,26679,0,4,400,77.698461906867,0.02164854105557276,0.07312846140166748,100.0,100.0,100.0,100.0,100.0,100.0,100.0
champion,14,cross_xy,factory_prepolish_deep_defect,23,26679,1,0,400,77.74070427269405,0.02471176876039741,0.08355684901156896,100.0,100.0,100.0,100.0,100.0,100.0,100.0
champion,14,cross_xy,factory_prepolish_deep_defect,23,26679,1,1,400,77.6524916916477,0.019294462869873154,0.06454802966883598,100.0,100.0,100.0,100.0,100.0,100.0,100.0
champion,14,cross_xy,factory_prepolish_deep_defect,23,26679,1,2,400,77.5847619455244,0.020618686671935223,0.06905959117320219,100.0,100.0,100.0,100.0,100.0,100.0,100.0
champion,14,cross_xy,factory_prepolish_deep_defect,23,26679,1,3,400,77.49801827435823,0.017972329059836936,0.06077080519285273,100.0,100.0,100.0,100.0,100.0,100.0,100.0
champion,14,cross_xy,factory_prepolish_deep_defect,23,26679,1,4,400,77.56409232885376,0.015640201085471477,0.052944088913527594,100.0,100.0,100.0,100.0,100.0,100.0,100.0
champion,14,cross_xy,factory_prepolish_deep_defect,23,26679,2,0,400,77.69392895990799,0.020665795823813192,0.06993933900350018,100.0,100.0,100.0,100.0,100.0,100.0,100.0
champion,14,cross_xy,factory_prepolish_deep_defect,23,26679,2,1,400,77.65560271852354,0.01729905903762588,0.05887553040695396,100.0,100.0,100.0,100.0,100.0,100.0,100.0
champion,14,cross_xy,factory_prepolish_deep_defect,23,26679,2,2,400,77.61837868589788,0.015836612189053266,0.053560164248213284,100.0,100.0,100.0,100.0,100.0,100.0,100.0
champion,14,cross_xy,factory_prepolish_deep_defect,23,26679,2,3,400,77.35318133563317,0.014807425074222693,0.05001437032539251,100.0,100.0,100.0,100.0,100.0,100.0,100.0
champion,14,cross_xy,factory_prepolish_deep_defect,23,26679,2,4,400,72.62963566419411,0.031227240841782473,0.10584886432414833,79.25,98.5,100.0,100.0,79.25,100.0,100.0
champion,14,cross_xy,factory_prepolish_deep_defect,23,26679,3,0,400,77.7231748118048,0.024270525229304982,0.08279265521981906,100.0,100.0,100.0,100.0,100.0,100.0,100.0
champion,14,cross_xy,factory_prepolish_deep_defect,23,26679,3,1,400,77.64939794607164,0.01918401602620574,0.06454722952151902,100.0,100.0,100.0,100.0,100.0,100.0,100.0
champion,14,cross_xy,factory_prepolish_deep_defect,23,26679,3,2,400,77.52786514378371,0.024259796795921017,0.08247341677761424,100.0,100.0,100.0,100.0,100.0,100.0,100.0
champion,14,cross_xy,factory_prepolish_deep_defect,23,26679,3,3,400,77.33221290847884,0.020053523431236654,0.06731606884081125,100.0,100.0,100.0,100.0,100.0,100.0,100.0
champion,14,cross_xy,factory_prepolish_deep_defect,23,26679,3,4,400,69.29232786670313,0.0549621190665024,0.18350955673533323,64.0,97.5,100.0,100.0,64.0,100.0,100.0
champion,14,cross_xy,factory_prepolish_deep_defect,23,26679,4,0,400,77.76272025305046,0.019027894528495723,0.06467739336868762,100.0,100.0,100.0,100.0,100.0,100.0,100.0
champion,14,cross_xy,factory_prepolish_deep_defect,23,26679,4,1,400,77.65716103385094,0.02489944597337673,0.08437535410432158,100.0,100.0,100.0,100.0,100.0,100.0,100.0
champion,14,cross_xy,factory_prepolish_deep_defect,23,26679,4,2,400,77.66037603123414,0.023172037633156936,0.0782311531136455,100.0,100.0,100.0,100.0,100.0,100.0,100.0
champion,14,cross_xy,factory_prepolish_deep_defect,23,26679,4,3,400,77.56416050503904,0.01822542850498776,0.062356730426541926,100.0,100.0,100.0,100.0,100.0,100.0,100.0
champion,14,cross_xy,factory_prepolish_deep_defect,23,26679,4,4,400,73.30164389880346,0.0379497230144791,0.12850493337208224,79.5,98.5,100.0,100.0,79.5,100.0,100.0
champion,14,cross_xy,factory_prepolish_deep_stress,31,26679,0,0,400,77.84807861730326,0.025715152533670002,0.08678431011697235,100.0,100.0,100.0,100.0,100.0,100.0,100.0
champion,14,cross_xy,factory_prepolish_deep_stress,31,26679,0,1,400,77.73857873714266,0.02074261876572008,0.0700841229038297,100.0,100.0,100.0,100.0,100.0,100.0,100.0
champion,14,cross_xy,factory_prepolish_deep_stress,31,26679,0,2,400,77.67660242392486,0.022567338482000245,0.07616566664348558,100.0,100.0,100.0,100.0,100.0,100.0,100.0
champion,14,cross_xy,factory_prepolish_deep_stress,31,26679,0,3,400,77.70856822073658,0.019793704252418706,0.06629230520540813,100.0,100.0,100.0,100.0,100.0,100.0,100.0
champion,14,cross_xy,factory_prepolish_deep_stress,31,26679,0,4,400,77.70114440459551,0.021700823157098786,0.0732980073460189,100.0,100.0,100.0,100.0,100.0,100.0,100.0
champion,14,cross_xy,factory_prepolish_deep_stress,31,26679,1,0,400,77.74045426449943,0.024709782758282933,0.08355228298541283,100.0,100.0,100.0,100.0,100.0,100.0,100.0
champion,14,cross_xy,factory_prepolish_deep_stress,31,26679,1,1,400,77.65250299265796,0.01929489077538749,0.06455107778477535,100.0,100.0,100.0,100.0,100.0,100.0,100.0
champion,14,cross_xy,factory_prepolish_deep_stress,31,26679,1,2,400,77.5900791142407,0.020724623585142096,0.06939967288267906,100.0,100.0,100.0,100.0,100.0,100.0,100.0
champion,14,cross_xy,factory_prepolish_deep_stress,31,26679,1,3,400,77.51832556470856,0.01848601049096696,0.06247641739867455,100.0,100.0,100.0,100.0,100.0,100.0,100.0
champion,14,cross_xy,factory_prepolish_deep_stress,31,26679,1,4,400,77.58226619955055,0.01622627525029149,0.05490182850061828,100.0,100.0,100.0,100.0,100.0,100.0,100.0
champion,14,cross_xy,factory_prepolish_deep_stress,31,26679,2,0,400,77.69387021812535,0.02066517785128003,0.06993640075215796,100.0,100.0,100.0,100.0,100.0,100.0,100.0
champion,14,cross_xy,factory_prepolish_deep_stress,31,26679,2,1,400,77.65604128801951,0.01730844173526172,0.05890285496293231,100.0,100.0,100.0,100.0,100.0,100.0,100.0
champion,14,cross_xy,factory_prepolish_deep_stress,31,26679,2,2,400,77.6290419518967,0.016152481831693287,0.054623176120551974,100.0,100.0,100.0,100.0,100.0,100.0,100.0
champion,14,cross_xy,factory_prepolish_deep_stress,31,26679,2,3,400,77.41122804375001,0.01617176204201034,0.05453119752846353,100.0,100.0,100.0,100.0,100.0,100.0,100.0
champion,14,cross_xy,factory_prepolish_deep_stress,31,26679,2,4,400,71.24727062962047,0.04645671231007124,0.1571053947242128,78.5,91.75,100.0,100.0,78.5,100.0,100.0
champion,14,cross_xy,factory_prepolish_deep_stress,31,26679,3,0,400,77.72309461123183,0.024270439582906134,0.08279056898504696,100.0,100.0,100.0,100.0,100.0,100.0,100.0
champion,14,cross_xy,factory_prepolish_deep_stress,31,26679,3,1,400,77.64973812517923,0.019189012996357245,0.06456646534179943,100.0,100.0,100.0,100.0,100.0,100.0,100.0
champion,14,cross_xy,factory_prepolish_deep_stress,31,26679,3,2,400,77.53728629389244,0.02450922707679908,0.08330578166375334,100.0,100.0,100.0,100.0,100.0,100.0,100.0
champion,14,cross_xy,factory_prepolish_deep_stress,31,26679,3,3,400,77.38813411315516,0.021270251758568177,0.07132629638327699,100.0,100.0,100.0,100.0,100.0,100.0,100.0
champion,14,cross_xy,factory_prepolish_deep_stress,31,26679,3,4,400,66.04558357651287,0.08669890711671409,0.2882618056952003,61.75000000000001,83.75,100.0,100.0,61.75000000000001,100.0,100.0
champion,14,cross_xy,factory_prepolish_deep_stress,31,26679,4,0,400,77.76281219404999,0.019029168455473713,0.06468496082622399,100.0,100.0,100.0,100.0,100.0,100.0,100.0
champion,14,cross_xy,factory_prepolish_deep_stress,31,26679,4,1,400,77.65739651972237,0.024904687015585365,0.08438968183564809,100.0,100.0,100.0,100.0,100.0,100.0,100.0
champion,14,cross_xy,factory_prepolish_deep_stress,31,26679,4,2,400,77.66319023554244,0.02325669923733802,0.07851523758481063,100.0,100.0,100.0,100.0,100.0,100.0,100.0
champion,14,cross_xy,factory_prepolish_deep_stress,31,26679,4,3,400,77.5857969266751,0.01898932968584703,0.06494315484688445,100.0,100.0,100.0,100.0,100.0,100.0,100.0
champion,14,cross_xy,factory_prepolish_deep_stress,31,26679,4,4,400,71.70641944525636,0.053462746330323344,0.18046836366737254,78.5,92.75,100.0,100.0,78.5,100.0,100.0
champion,14,cross_xy,factory_prepolish_deep_defect,18,26194,0,0,400,77.53487570250303,0.024373736343359678,0.08307228867987675,100.0,100.0,100.0,100.0,100.0,100.0,100.0
champion,14,cross_xy,factory_prepolish_deep_defect,18,26194,0,1,400,77.40707294151012,0.024770754023822023,0.08412801352812448,100.0,100.0,100.0,100.0,100.0,100.0,100.0
champion,14,cross_xy,factory_prepolish_deep_defect,18,26194,0,2,400,77.57443230147528,0.027523210462838853,0.0931453003713651,100.0,100.0,100.0,100.0,100.0,100.0,100.0
champion,14,cross_xy,factory_prepolish_deep_defect,18,26194,0,3,400,77.63823693727748,0.026178114456608954,0.09043632615550048,100.0,100.0,100.0,100.0,100.0,100.0,100.0
champion,14,cross_xy,factory_prepolish_deep_defect,18,26194,0,4,400,77.7346772705087,0.02490761111040041,0.08370677184953948,100.0,100.0,100.0,100.0,100.0,100.0,100.0
champion,14,cross_xy,factory_prepolish_deep_defect,18,26194,1,0,400,69.41648829937726,0.05338338785406345,0.18180015721418488,61.5,98.5,100.0,100.0,61.5,100.0,100.0
champion,14,cross_xy,factory_prepolish_deep_defect,18,26194,1,1,400,73.53560668445562,0.03319141847951966,0.1117085819090177,80.75,99.25,100.0,100.0,80.75,100.0,100.0
champion,14,cross_xy,factory_prepolish_deep_defect,18,26194,1,2,400,77.27511489275815,0.020149047904247302,0.0681824656004051,100.0,100.0,100.0,100.0,100.0,100.0,100.0
champion,14,cross_xy,factory_prepolish_deep_defect,18,26194,1,3,400,77.55125008564981,0.02260444136639004,0.07551721427424904,100.0,100.0,100.0,100.0,100.0,100.0,100.0
champion,14,cross_xy,factory_prepolish_deep_defect,18,26194,1,4,400,77.71958725249397,0.02247886327402658,0.07646859473798219,100.0,100.0,100.0,100.0,100.0,100.0,100.0
champion,14,cross_xy,factory_prepolish_deep_defect,18,26194,2,0,400,77.37649367569361,0.01746756451193916,0.0594188147627275,100.0,100.0,100.0,100.0,100.0,100.0,100.0
champion,14,cross_xy,factory_prepolish_deep_defect,18,26194,2,1,400,72.44466273596862,0.04091955076381719,0.14022861232741282,76.25,99.5,100.0,100.0,76.25,100.0,100.0
champion,14,cross_xy,factory_prepolish_deep_defect,18,26194,2,2,400,76.38124803315436,0.018453479745452386,0.06346905718703319,96.0,100.0,100.0,100.0,96.0,100.0,100.0
champion,14,cross_xy,factory_prepolish_deep_defect,18,26194,2,3,400,77.52362789406149,0.021553735191258912,0.07311371052645088,100.0,100.0,100.0,100.0,100.0,100.0,100.0
champion,14,cross_xy,factory_prepolish_deep_defect,18,26194,2,4,400,77.67151159937595,0.025568801583252868,0.08654747033489368,100.0,100.0,100.0,100.0,100.0,100.0,100.0
champion,14,cross_xy,factory_prepolish_deep_defect,18,26194,3,0,400,77.60847432801128,0.02410819765483601,0.08311223944012575,100.0,100.0,100.0,100.0,100.0,100.0,100.0
champion,14,cross_xy,factory_prepolish_deep_defect,18,26194,3,1,400,77.45794627961185,0.024868720096365017,0.08446646606795286,100.0,100.0,100.0,100.0,100.0,100.0,100.0
champion,14,cross_xy,factory_prepolish_deep_defect,18,26194,3,2,400,77.47628728841302,0.02698411028673429,0.09105483038723197,100.0,100.0,100.0,100.0,100.0,100.0,100.0
champion,14,cross_xy,factory_prepolish_deep_defect,18,26194,3,3,400,77.59663105051628,0.02223897256876212,0.07480566148593466,100.0,100.0,100.0,100.0,100.0,100.0,100.0
champion,14,cross_xy,factory_prepolish_deep_defect,18,26194,3,4,400,77.7194452943173,0.0188558538264369,0.06416063837857561,100.0,100.0,100.0,100.0,100.0,100.0,100.0
champion,14,cross_xy,factory_prepolish_deep_defect,18,26194,4,0,400,77.75030712936989,0.023936286920384065,0.08069005233173947,100.0,100.0,100.0,100.0,100.0,100.0,100.0
champion,14,cross_xy,factory_prepolish_deep_defect,18,26194,4,1,400,77.65990570584465,0.02869643408845552,0.09551170469880248,100.0,100.0,100.0,100.0,100.0,100.0,100.0
champion,14,cross_xy,factory_prepolish_deep_defect,18,26194,4,2,400,77.68950802708669,0.021999860484575553,0.07452819894452074,100.0,100.0,100.0,100.0,100.0,100.0,100.0
champion,14,cross_xy,factory_prepolish_deep_defect,18,26194,4,3,400,77.6512774885475,0.02174926599281953,0.07355398115805267,100.0,100.0,100.0,100.0,100.0,100.0,100.0
champion,14,cross_xy,factory_prepolish_deep_defect,18,26194,4,4,400,77.69289135584928,0.026759283342406757,0.09063278413374089,100.0,100.0,100.0,100.0,100.0,100.0,100.0
champion,14,cross_xy,factory_prepolish_deep_stress,26,26194,0,0,400,77.55451625452802,0.025152141356596668,0.08564239660064722,100.0,100.0,100.0,100.0,100.0,100.0,100.0
champion,14,cross_xy,factory_prepolish_deep_stress,26,26194,0,1,400,77.44457149707668,0.025826135687777977,0.0876413615596054,100.0,100.0,100.0,100.0,100.0,100.0,100.0
champion,14,cross_xy,factory_prepolish_deep_stress,26,26194,0,2,400,77.58739779957561,0.027898192650162416,0.09441399210979817,100.0,100.0,100.0,100.0,100.0,100.0,100.0
champion,14,cross_xy,factory_prepolish_deep_stress,26,26194,0,3,400,77.63985225586629,0.026217189659593583,0.09056547279319173,100.0,100.0,100.0,100.0,100.0,100.0,100.0
champion,14,cross_xy,factory_prepolish_deep_stress,26,26194,0,4,400,77.73472601613027,0.024907697236559848,0.0837043268742665,100.0,100.0,100.0,100.0,100.0,100.0,100.0
champion,14,cross_xy,factory_prepolish_deep_stress,26,26194,1,0,400,66.1123060849575,0.08310073174606869,0.28182827937330834,59.75,85.0,100.0,99.75,59.75,100.0,100.0
champion,14,cross_xy,factory_prepolish_deep_stress,26,26194,1,1,400,71.77212591023748,0.05111300021427821,0.17112459414779063,80.0,91.25,100.0,100.0,80.0,100.0,100.0
champion,14,cross_xy,factory_prepolish_deep_stress,26,26194,1,2,400,77.33004486427488,0.021506840224154465,0.07268486628995383,100.0,100.0,100.0,100.0,100.0,100.0,100.0
champion,14,cross_xy,factory_prepolish_deep_stress,26,26194,1,3,400,77.5598761781332,0.02283122343650887,0.07626078361439076,100.0,100.0,100.0,100.0,100.0,100.0,100.0
champion,14,cross_xy,factory_prepolish_deep_stress,26,26194,1,4,400,77.71997417115496,0.022484150774991295,0.07648790639982288,100.0,100.0,100.0,100.0,100.0,100.0,100.0
champion,14,cross_xy,factory_prepolish_deep_stress,26,26194,2,0,400,77.42549249502457,0.018797843463836745,0.06386174081072399,100.0,100.0,100.0,100.0,100.0,100.0,100.0
champion,14,cross_xy,factory_prepolish_deep_stress,26,26194,2,1,400,70.3096400040877,0.061485559495950914,0.20941653142457325,75.0,91.0,100.0,99.75,75.0,100.0,100.0
champion,14,cross_xy,factory_prepolish_deep_stress,26,26194,2,2,400,76.3307081478412,0.02058640320890447,0.07089121086670974,96.0,100.0,100.0,100.0,96.0,100.0,100.0
champion,14,cross_xy,factory_prepolish_deep_stress,26,26194,2,3,400,77.5342026008272,0.02179015015470607,0.0739015291315503,100.0,100.0,100.0,100.0,100.0,100.0,100.0
champion,14,cross_xy,factory_prepolish_deep_stress,26,26194,2,4,400,77.67191009139657,0.025578105989283086,0.08657225413821916,100.0,100.0,100.0,100.0,100.0,100.0,100.0
champion,14,cross_xy,factory_prepolish_deep_stress,26,26194,3,0,400,77.62036978822194,0.02439752506958225,0.0840984815174092,100.0,100.0,100.0,100.0,100.0,100.0,100.0
champion,14,cross_xy,factory_prepolish_deep_stress,26,26194,3,1,400,77.48697450019772,0.025536672439173128,0.08668923665124857,100.0,100.0,100.0,100.0,100.0,100.0,100.0
champion,14,cross_xy,factory_prepolish_deep_stress,26,26194,3,2,400,77.49296308948577,0.027322053528269503,0.09220575126312074,100.0,100.0,100.0,100.0,100.0,100.0,100.0
champion,14,cross_xy,factory_prepolish_deep_stress,26,26194,3,3,400,77.60080890358788,0.022329712910585567,0.07511810117927238,100.0,100.0,100.0,100.0,100.0,100.0,100.0
champion,14,cross_xy,factory_prepolish_deep_stress,26,26194,3,4,400,77.71949980980057,0.01885644205758169,0.06416491091584425,100.0,100.0,100.0,100.0,100.0,100.0,100.0
champion,14,cross_xy,factory_prepolish_deep_stress,26,26194,4,0,400,77.75076283794799,0.023945576146270405,0.08072545522130542,100.0,100.0,100.0,100.0,100.0,100.0,100.0
champion,14,cross_xy,factory_prepolish_deep_stress,26,26194,4,1,400,77.66135440125512,0.028728726255341,0.09562515163375242,100.0,100.0,100.0,100.0,100.0,100.0,100.0
champion,14,cross_xy,factory_prepolish_deep_stress,26,26194,4,2,400,77.6905941373112,0.022016230685329798,0.07457678294185267,100.0,100.0,100.0,100.0,100.0,100.0,100.0
champion,14,cross_xy,factory_prepolish_deep_stress,26,26194,4,3,400,77.65171051757473,0.021756741284822256,0.0735838856274171,100.0,100.0,100.0,100.0,100.0,100.0,100.0
champion,14,cross_xy,factory_prepolish_deep_stress,26,26194,4,4,400,77.69346335328088,0.026777501627045876,0.09069798875642322,100.0,100.0,100.0,100.0,100.0,100.0,100.0
champion,14,cross_xy,legacy_stress,5,26485,0,0,400,77.82978623524025,0.021008665177050592,0.07059929513929307,100.0,100.0,100.0,100.0,100.0,100.0,100.0
champion,14,cross_xy,legacy_stress,5,26485,0,1,400,77.75689597592108,0.014324727123272134,0.04824289084833602,100.0,100.0,100.0,100.0,100.0,100.0,100.0
champion,14,cross_xy,legacy_stress,5,26485,0,2,400,77.67657603168612,0.018403915801520405,0.06218805569948005,100.0,100.0,100.0,100.0,100.0,100.0,100.0
champion,14,cross_xy,legacy_stress,5,26485,0,3,400,77.6848131678748,0.012770212874076061,0.04313616213185631,100.0,100.0,100.0,100.0,100.0,100.0,100.0
champion,14,cross_xy,legacy_stress,5,26485,0,4,400,77.71418263351003,0.014965969005851752,0.05044278644516221,100.0,100.0,100.0,100.0,100.0,100.0,100.0
champion,14,cross_xy,legacy_stress,5,26485,1,0,400,77.75020976277425,0.014078699446584965,0.04731718232790861,100.0,100.0,100.0,100.0,100.0,100.0,100.0
champion,14,cross_xy,legacy_stress,5,26485,1,1,400,77.65384318993088,0.011779058065864736,0.039566562011021426,100.0,100.0,100.0,100.0,100.0,100.0,100.0
champion,14,cross_xy,legacy_stress,5,26485,1,2,400,77.63165174795539,0.013520325870162888,0.04579940251209996,100.0,100.0,100.0,100.0,100.0,100.0,100.0
champion,14,cross_xy,legacy_stress,5,26485,1,3,400,77.65212669681505,0.012827044688237761,0.043208018424023054,100.0,100.0,100.0,100.0,100.0,100.0,100.0
champion,14,cross_xy,legacy_stress,5,26485,1,4,400,77.70101726222042,0.015570801330286363,0.051715686745929995,100.0,100.0,100.0,100.0,100.0,100.0,100.0
champion,14,cross_xy,legacy_stress,5,26485,2,0,400,77.22460334063683,0.01525994496466863,0.05219705370918689,97.5,100.0,100.0,100.0,97.5,100.0,100.0
champion,14,cross_xy,legacy_stress,5,26485,2,1,400,77.60124101644517,0.012117253485585703,0.04046607929505451,100.0,100.0,100.0,100.0,100.0,100.0,100.0
champion,14,cross_xy,legacy_stress,5,26485,2,2,400,77.54651156654192,0.014359958957557267,0.04844081349205279,100.0,100.0,100.0,100.0,100.0,100.0,100.0
champion,14,cross_xy,legacy_stress,5,26485,2,3,400,77.62766570825062,0.01325404971462914,0.044703661351774615,100.0,100.0,100.0,100.0,100.0,100.0,100.0
champion,14,cross_xy,legacy_stress,5,26485,2,4,400,77.59393405705616,0.014378714953384063,0.04839499286768961,100.0,100.0,100.0,100.0,100.0,100.0,100.0
champion,14,cross_xy,legacy_stress,5,26485,3,0,400,72.43089310893691,0.025383411545430404,0.08428822887271531,63.74999999999999,100.0,100.0,100.0,63.74999999999999,100.0,100.0
champion,14,cross_xy,legacy_stress,5,26485,3,1,400,77.57992327096093,0.011438195778753877,0.03851908994350719,100.0,100.0,100.0,100.0,100.0,100.0,100.0
champion,14,cross_xy,legacy_stress,5,26485,3,2,400,76.22689885277684,0.018694765789530957,0.06436349510852463,94.5,99.5,100.0,100.0,94.5,100.0,100.0
champion,14,cross_xy,legacy_stress,5,26485,3,3,400,67.69095252508806,0.06780133310853027,0.2255388266073445,64.0,89.25,100.0,100.0,64.0,100.0,100.0
champion,14,cross_xy,legacy_stress,5,26485,3,4,400,66.0387281958031,0.07345821478446465,0.24323804547923442,54.75,88.5,100.0,100.0,54.75,100.0,100.0
champion,14,cross_xy,legacy_stress,5,26485,4,0,400,66.8658471806831,0.04213215970389122,0.135000717793173,41.25,100.0,100.0,100.0,41.25,100.0,100.0
champion,14,cross_xy,legacy_stress,5,26485,4,1,400,76.70375370914935,0.012869567029867133,0.04374241733991943,92.75,100.0,100.0,100.0,92.75,100.0,100.0
champion,14,cross_xy,legacy_stress,5,26485,4,2,400,77.26082581372643,0.015430540925136564,0.05270218465548899,98.25,100.0,100.0,100.0,98.25,100.0,100.0
champion,14,cross_xy,legacy_stress,5,26485,4,3,400,77.12599623241616,0.014372403259443335,0.04829244093978079,97.75,100.0,100.0,100.0,97.75,100.0,100.0
champion,14,cross_xy,legacy_stress,5,26485,4,4,400,71.0897448772829,0.0327582990575124,0.10993166828126043,55.50000000000001,100.0,100.0,100.0,55.50000000000001,100.0,100.0
champion,14,cross_xy,legacy_stress,4,26388,0,0,400,77.82245957402715,0.02239623026193752,0.07617913389617703,100.0,100.0,100.0,100.0,100.0,100.0,100.0
champion,14,cross_xy,legacy_stress,4,26388,0,1,400,77.69941154971777,0.01924405736857159,0.0654958082215165,100.0,100.0,100.0,100.0,100.0,100.0,100.0
champion,14,cross_xy,legacy_stress,4,26388,0,2,400,77.72700208775912,0.012490576103515344,0.042155756347316435,100.0,100.0,100.0,100.0,100.0,100.0,100.0
champion,14,cross_xy,legacy_stress,4,26388,0,3,400,77.67172702924923,0.013834212340721597,0.046755779632696066,100.0,100.0,100.0,100.0,100.0,100.0,100.0
champion,14,cross_xy,legacy_stress,4,26388,0,4,400,77.74344351077661,0.01106089728369443,0.03751976163936907,100.0,100.0,100.0,100.0,100.0,100.0,100.0
champion,14,cross_xy,legacy_stress,4,26388,1,0,400,77.6868738443455,0.016150956707264585,0.05483663929716826,100.0,100.0,100.0,100.0,100.0,100.0,100.0
champion,14,cross_xy,legacy_stress,4,26388,1,1,400,77.58888874875956,0.011347017526814624,0.0384869955373548,100.0,100.0,100.0,100.0,100.0,100.0,100.0
champion,14,cross_xy,legacy_stress,4,26388,1,2,400,76.0933985525189,0.012798891739718297,0.04352134799120467,90.5,100.0,100.0,100.0,90.5,100.0,100.0
champion,14,cross_xy,legacy_stress,4,26388,1,3,400,77.6747770754293,0.012474707576120476,0.04205103378490899,100.0,100.0,100.0,100.0,100.0,100.0,100.0
champion,14,cross_xy,legacy_stress,4,26388,1,4,400,77.70341842135605,0.013494133393887435,0.04619599845109237,100.0,100.0,100.0,100.0,100.0,100.0,100.0
champion,14,cross_xy,legacy_stress,4,26388,2,0,400,77.57012304024704,0.013483549389897318,0.045254816391068306,100.0,100.0,100.0,100.0,100.0,100.0,100.0
champion,14,cross_xy,legacy_stress,4,26388,2,1,400,75.71644343629254,0.011488803173859705,0.03867432057299099,87.0,100.0,100.0,100.0,87.0,100.0,100.0
champion,14,cross_xy,legacy_stress,4,26388,2,2,400,76.812247501664,0.011872466414632273,0.04005694051421475,97.5,100.0,100.0,100.0,97.5,100.0,100.0
champion,14,cross_xy,legacy_stress,4,26388,2,3,400,77.6407924240649,0.012211592223064201,0.04149360605780911,100.0,100.0,100.0,100.0,100.0,100.0,100.0
champion,14,cross_xy,legacy_stress,4,26388,2,4,400,77.69505418292476,0.014475200601342135,0.048767796945072384,100.0,100.0,100.0,100.0,100.0,100.0,100.0
champion,14,cross_xy,legacy_stress,4,26388,3,0,400,69.82431076370762,0.044499161145590646,0.14832892653989596,63.74999999999999,99.0,100.0,100.0,63.74999999999999,100.0,100.0
champion,14,cross_xy,legacy_stress,4,26388,3,1,400,66.48464798369167,0.07288310849318978,0.24305332047383138,59.5,83.0,100.0,100.0,59.5,100.0,100.0
champion,14,cross_xy,legacy_stress,4,26388,3,2,400,77.46936989201896,0.008061948949476145,0.02721850871906287,100.0,100.0,100.0,100.0,100.0,100.0,100.0
champion,14,cross_xy,legacy_stress,4,26388,3,3,400,75.44060094741273,0.009486878436090784,0.03237030910162605,84.0,100.0,100.0,100.0,84.0,100.0,100.0
champion,14,cross_xy,legacy_stress,4,26388,3,4,400,72.93950361547975,0.019975081999722796,0.06750854651219067,73.5,100.0,100.0,99.25,73.5,100.0,100.0
champion,14,cross_xy,legacy_stress,4,26388,4,0,400,77.50421416808244,0.014631027631118995,0.0501002719623219,100.0,100.0,100.0,100.0,100.0,100.0,100.0
champion,14,cross_xy,legacy_stress,4,26388,4,1,400,69.65053614675449,0.06214553317995483,0.19714096986146884,72.75,87.5,100.0,100.0,72.75,100.0,100.0
champion,14,cross_xy,legacy_stress,4,26388,4,2,400,72.52981236281761,0.029553874773967932,0.10040861693650818,64.5,100.0,100.0,100.0,64.5,100.0,100.0
champion,14,cross_xy,legacy_stress,4,26388,4,3,400,75.76135727041515,0.01763183770033951,0.05898002618523058,85.5,100.0,100.0,100.0,85.5,100.0,100.0
champion,14,cross_xy,legacy_stress,4,26388,4,4,400,76.04913814779368,0.012849330266062142,0.04374509322005757,96.0,100.0,100.0,100.0,96.0,100.0,100.0
champion,14,cross_xy,legacy_stress,1,26097,0,0,400,77.73803737795572,0.018176022019609914,0.061227695493657225,100.0,100.0,100.0,100.0,100.0,100.0,100.0
champion,14,cross_xy,legacy_stress,1,26097,0,1,400,68.8824192939864,0.021832121488079892,0.07358119140446244,66.0,100.0,100.0,99.75,66.0,100.0,100.0
champion,14,cross_xy,legacy_stress,1,26097,0,2,400,68.28023004306617,0.05523068674077871,0.18371034720417798,57.75,92.75,100.0,100.0,57.75,100.0,100.0
champion,14,cross_xy,legacy_stress,1,26097,0,3,400,63.08141367690519,0.10638264104070723,0.35518406508503975,50.24999999999999,75.0,100.0,100.0,50.24999999999999,100.0,100.0
champion,14,cross_xy,legacy_stress,1,26097,0,4,400,76.01330122691907,0.022411432903411663,0.07627296296427424,94.5,98.25,100.0,100.0,94.5,100.0,100.0
champion,14,cross_xy,legacy_stress,1,26097,1,0,400,70.06566236866566,0.02574241181626896,0.08678208212050954,66.0,100.0,100.0,99.5,66.0,100.0,100.0
champion,14,cross_xy,legacy_stress,1,26097,1,1,400,71.95307307611844,0.022370950510507102,0.07480634611747888,74.75,100.0,100.0,100.0,74.75,100.0,100.0
champion,14,cross_xy,legacy_stress,1,26097,1,2,400,73.12651695494229,0.0229376970252328,0.07799910285739235,81.0,97.5,100.0,100.0,81.0,100.0,100.0
champion,14,cross_xy,legacy_stress,1,26097,1,3,400,59.90846099944493,0.12112088108540765,0.4060500973913131,32.75,73.75,100.0,100.0,32.75,100.0,100.0
champion,14,cross_xy,legacy_stress,1,26097,1,4,400,69.66702925716721,0.05636739730068911,0.19175115224891442,64.5,94.5,100.0,100.0,64.5,100.0,100.0
champion,14,cross_xy,legacy_stress,1,26097,2,0,400,77.68451483768524,0.012367457674529549,0.04101620031957678,100.0,100.0,100.0,100.0,100.0,100.0,100.0
champion,14,cross_xy,legacy_stress,1,26097,2,1,400,77.6310487191724,0.01327400376707275,0.04489560231579354,100.0,100.0,100.0,100.0,100.0,100.0,100.0
champion,14,cross_xy,legacy_stress,1,26097,2,2,400,69.25229046065758,0.06512864964213914,0.21940362783056586,74.25,86.0,100.0,100.0,74.25,100.0,100.0
champion,14,cross_xy,legacy_stress,1,26097,2,3,400,75.1434958474434,0.027300199138092403,0.09258210598669432,89.25,98.5,100.0,100.0,89.25,100.0,100.0
champion,14,cross_xy,legacy_stress,1,26097,2,4,400,77.54928771398644,0.015201469038076185,0.05010342595416473,100.0,100.0,100.0,100.0,100.0,100.0,100.0
champion,14,cross_xy,legacy_stress,1,26097,3,0,400,77.73521399298575,0.012385096017059078,0.04198967139501864,100.0,100.0,100.0,100.0,100.0,100.0,100.0
champion,14,cross_xy,legacy_stress,1,26097,3,1,400,77.64375702005448,0.01624224355280742,0.05453444842156213,100.0,100.0,100.0,100.0,100.0,100.0,100.0
champion,14,cross_xy,legacy_stress,1,26097,3,2,400,77.59499723550513,0.016602492816311175,0.05621829400200106,100.0,100.0,100.0,100.0,100.0,100.0,100.0
champion,14,cross_xy,legacy_stress,1,26097,3,3,400,75.7685599421576,0.019978493696995496,0.06834053789793092,86.0,100.0,100.0,100.0,86.0,100.0,100.0
champion,14,cross_xy,legacy_stress,1,26097,3,4,400,76.56167217245432,0.014841287473625023,0.04960400621567475,91.25,100.0,100.0,100.0,91.25,100.0,100.0
champion,14,cross_xy,legacy_stress,1,26097,4,0,400,77.76952061198695,0.01491478230999236,0.050736406240302914,100.0,100.0,100.0,100.0,100.0,100.0,100.0
champion,14,cross_xy,legacy_stress,1,26097,4,1,400,77.68495315449216,0.017720170312792913,0.0599857941830963,100.0,100.0,100.0,100.0,100.0,100.0,100.0
champion,14,cross_xy,legacy_stress,1,26097,4,2,400,77.67581470101759,0.01647746393351012,0.05508715164431552,100.0,100.0,100.0,100.0,100.0,100.0,100.0
champion,14,cross_xy,legacy_stress,1,26097,4,3,400,74.77213675024149,0.018599791292435032,0.06251626010110284,77.75,100.0,100.0,100.0,77.75,100.0,100.0
champion,14,cross_xy,legacy_stress,1,26097,4,4,400,77.25056687417407,0.0191428039612953,0.06404863656859322,97.25,100.0,100.0,100.0,97.25,100.0,100.0
champion,14,cross_xy,legacy_stress,0,26000,0,0,400,77.36756445890477,0.015675824972347166,0.05238268566419675,99.5,100.0,100.0,100.0,99.5,100.0,100.0
champion,14,cross_xy,legacy_stress,0,26000,0,1,400,65.63570553979014,0.07113495517790355,0.2421107801992129,59.5,88.25,100.0,100.0,59.5,100.0,100.0
champion,14,cross_xy,legacy_stress,0,26000,0,2,400,77.57574449333,0.01586622738230672,0.05308619238987224,100.0,100.0,100.0,100.0,100.0,100.0,100.0
champion,14,cross_xy,legacy_stress,0,26000,0,3,400,77.75927008855689,0.011806688142565358,0.04007337742465219,100.0,100.0,100.0,100.0,100.0,100.0,100.0
champion,14,cross_xy,legacy_stress,0,26000,0,4,400,77.71704615589314,0.017985324916630956,0.06117294363872209,100.0,100.0,100.0,100.0,100.0,100.0,100.0
champion,14,cross_xy,legacy_stress,0,26000,1,0,400,77.29820023695082,0.013234083858250178,0.044761601258248254,98.25,100.0,100.0,100.0,98.25,100.0,100.0
champion,14,cross_xy,legacy_stress,0,26000,1,1,400,73.81505775028845,0.026657834499091468,0.09164862305996735,87.25,97.75,100.0,100.0,87.25,100.0,100.0
champion,14,cross_xy,legacy_stress,0,26000,1,2,400,77.52593127406453,0.01297569513161839,0.04388044839725454,100.0,100.0,100.0,100.0,100.0,100.0,100.0
champion,14,cross_xy,legacy_stress,0,26000,1,3,400,77.64706787323513,0.01174845914363453,0.03980029099944555,100.0,100.0,100.0,100.0,100.0,100.0,100.0
champion,14,cross_xy,legacy_stress,0,26000,1,4,400,77.68173212761205,0.01425713685840697,0.047786005597238695,100.0,100.0,100.0,100.0,100.0,100.0,100.0
champion,14,cross_xy,legacy_stress,0,26000,2,0,400,77.54966131914234,0.01360909093515506,0.0458632358859286,100.0,100.0,100.0,100.0,100.0,100.0,100.0
champion,14,cross_xy,legacy_stress,0,26000,2,1,400,76.36268724099946,0.012715107615978953,0.04336719692299788,91.5,100.0,100.0,100.0,91.5,100.0,100.0
champion,14,cross_xy,legacy_stress,0,26000,2,2,400,75.17179402755268,0.013085940522284963,0.04326211590436353,83.75,100.0,100.0,100.0,83.75,100.0,100.0
champion,14,cross_xy,legacy_stress,0,26000,2,3,400,72.40448678997926,0.035112982047797635,0.11880241214743023,74.75,98.0,100.0,100.0,74.75,100.0,100.0
champion,14,cross_xy,legacy_stress,0,26000,2,4,400,76.53743755827496,0.016076308688208953,0.05476942658358656,94.0,100.0,100.0,100.0,94.0,100.0,100.0
champion,14,cross_xy,legacy_stress,0,26000,3,0,400,75.60281836138952,0.021998601386607596,0.07305022748378233,92.75,97.5,100.0,100.0,92.75,100.0,100.0
champion,14,cross_xy,legacy_stress,0,26000,3,1,400,69.07003506997016,0.06291073343866117,0.20921175821585744,70.75,86.25,100.0,100.0,70.75,100.0,100.0
champion,14,cross_xy,legacy_stress,0,26000,3,2,400,71.4218960727309,0.031908052954880625,0.10415578417969,68.25,100.0,100.0,100.0,68.25,100.0,100.0
champion,14,cross_xy,legacy_stress,0,26000,3,3,400,65.5295530504917,0.06653529593899134,0.22618326295856916,43.25,94.5,100.0,100.0,43.25,100.0,100.0
champion,14,cross_xy,legacy_stress,0,26000,3,4,400,77.53382818963664,0.012763930533094965,0.042956573678353614,100.0,100.0,100.0,100.0,100.0,100.0,100.0
champion,14,cross_xy,legacy_stress,0,26000,4,0,400,74.62663363187546,0.028513666945598874,0.0977499696374017,89.75,96.75,100.0,100.0,89.75,100.0,100.0
champion,14,cross_xy,legacy_stress,0,26000,4,1,400,76.9195431746286,0.013711664093839832,0.04629306813435083,97.0,99.75,100.0,100.0,97.0,100.0,100.0
champion,14,cross_xy,legacy_stress,0,26000,4,2,400,77.50090248166629,0.01383918438420304,0.04699804559677759,100.0,100.0,100.0,100.0,100.0,100.0,100.0
champion,14,cross_xy,legacy_stress,0,26000,4,3,400,76.47524292085055,0.016105561825414307,0.05502089719978933,94.5,100.0,100.0,100.0,94.5,100.0,100.0
champion,14,cross_xy,legacy_stress,0,26000,4,4,400,77.65239832477147,0.014899364339399347,0.049691143693849596,100.0,100.0,100.0,100.0,100.0,100.0,100.0
champion,14,cross_xy,legacy_stress,6,26582,0,0,400,74.27119036713474,0.03660803269145499,0.12413246036427443,89.0,96.5,100.0,100.0,89.0,100.0,100.0
champion,14,cross_xy,legacy_stress,6,26582,0,1,400,70.40352610148636,0.05230796132802438,0.17234339598743237,71.75,94.0,100.0,100.0,71.75,100.0,100.0
champion,14,cross_xy,legacy_stress,6,26582,0,2,400,69.87561414805921,0.053283653809912686,0.16700849370736254,72.25,94.0,100.0,100.0,72.25,100.0,100.0
champion,14,cross_xy,legacy_stress,6,26582,0,3,400,68.85782887348502,0.07252382653976296,0.24412826972910515,71.25,82.75,100.0,100.0,71.25,100.0,100.0
champion,14,cross_xy,legacy_stress,6,26582,0,4,400,70.33901402814173,0.05730210823818131,0.1938285018711133,75.75,87.5,100.0,99.75,75.75,100.0,100.0
champion,14,cross_xy,legacy_stress,6,26582,1,0,400,66.21360984214304,0.07861530729004232,0.262911600642658,59.5,86.25,100.0,100.0,59.5,100.0,100.0
champion,14,cross_xy,legacy_stress,6,26582,1,1,400,76.54382610376611,0.011438328267280997,0.03887257947227871,96.5,100.0,100.0,100.0,96.5,100.0,100.0
champion,14,cross_xy,legacy_stress,6,26582,1,2,400,76.47911751972613,0.016119394171712053,0.055010894952416275,96.5,100.0,100.0,100.0,96.5,100.0,100.0
champion,14,cross_xy,legacy_stress,6,26582,1,3,400,73.14406165703826,0.03806328092659762,0.13129365872428675,87.0,92.75,100.0,99.5,87.0,100.0,100.0
champion,14,cross_xy,legacy_stress,6,26582,1,4,400,77.55189524449375,0.01579499781784312,0.05323980497758182,100.0,100.0,100.0,100.0,100.0,100.0,100.0
champion,14,cross_xy,legacy_stress,6,26582,2,0,400,62.53155473076784,0.09617323682692107,0.3228040982807747,28.249999999999996,89.5,100.0,100.0,28.249999999999996,100.0,100.0
champion,14,cross_xy,legacy_stress,6,26582,2,1,400,73.3604439893262,0.020802167106405815,0.06975191032854564,66.25,100.0,100.0,100.0,66.25,100.0,100.0
champion,14,cross_xy,legacy_stress,6,26582,2,2,400,77.55564866143357,0.013949349244391666,0.04757261555180323,100.0,100.0,100.0,100.0,100.0,100.0,100.0
champion,14,cross_xy,legacy_stress,6,26582,2,3,400,77.62103771948885,0.014879102419194596,0.05076675867956988,100.0,100.0,100.0,100.0,100.0,100.0,100.0
champion,14,cross_xy,legacy_stress,6,26582,2,4,400,77.62359186430314,0.013679202047026266,0.04656378287453188,100.0,100.0,100.0,100.0,100.0,100.0,100.0
champion,14,cross_xy,legacy_stress,6,26582,3,0,400,76.48636066370564,0.016263440199304136,0.055452592426521966,94.5,100.0,100.0,100.0,94.5,100.0,100.0
champion,14,cross_xy,legacy_stress,6,26582,3,1,400,77.05931384379586,0.013350527973630217,0.04529586060748762,97.0,100.0,100.0,100.0,97.0,100.0,100.0
champion,14,cross_xy,legacy_stress,6,26582,3,2,400,77.64703522667524,0.012097776686974203,0.04081634829027096,100.0,100.0,100.0,100.0,100.0,100.0,100.0
champion,14,cross_xy,legacy_stress,6,26582,3,3,400,77.57803629878758,0.01008314614708281,0.03382104049516964,100.0,100.0,100.0,100.0,100.0,100.0,100.0
champion,14,cross_xy,legacy_stress,6,26582,3,4,400,69.64526244332654,0.052863308762639866,0.17748580841102238,70.25,93.75,100.0,100.0,70.25,100.0,100.0
champion,14,cross_xy,legacy_stress,6,26582,4,0,400,77.65432084682926,0.015426437922061033,0.05166282206344464,100.0,100.0,100.0,100.0,100.0,100.0,100.0
champion,14,cross_xy,legacy_stress,6,26582,4,1,400,77.64242866329874,0.017582102714224824,0.059103135482376966,100.0,100.0,100.0,100.0,100.0,100.0,100.0
champion,14,cross_xy,legacy_stress,6,26582,4,2,400,77.67867441562692,0.012622138089744947,0.04262317004647508,100.0,100.0,100.0,100.0,100.0,100.0,100.0
champion,14,cross_xy,legacy_stress,6,26582,4,3,400,77.4831884187318,0.011744552991081143,0.03908169774106763,100.0,100.0,100.0,100.0,100.0,100.0,100.0
champion,14,cross_xy,legacy_stress,6,26582,4,4,400,72.50143354295525,0.03935158886646773,0.133530384752244,77.5,97.0,100.0,100.0,77.5,100.0,100.0
champion,14,cross_xy,legacy_stress,7,26679,0,0,400,70.94935749762153,0.06405890111765379,0.21131433965919122,81.25,85.75,100.0,100.0,81.25,100.0,100.0
champion,14,cross_xy,legacy_stress,7,26679,0,1,400,71.80916904271461,0.0545757219349269,0.17843967937356517,82.5,87.25,100.0,100.0,82.5,100.0,100.0
champion,14,cross_xy,legacy_stress,7,26679,0,2,400,77.57747650333107,0.012722884036982397,0.042906914045692884,100.0,100.0,100.0,100.0,100.0,100.0,100.0
champion,14,cross_xy,legacy_stress,7,26679,0,3,400,77.5818741562753,0.015617871041379367,0.05291393614069939,100.0,100.0,100.0,100.0,100.0,100.0,100.0
champion,14,cross_xy,legacy_stress,7,26679,0,4,400,77.61782162969662,0.015598264563092516,0.05179138704983949,100.0,100.0,100.0,100.0,100.0,100.0,100.0
champion,14,cross_xy,legacy_stress,7,26679,1,0,400,76.54261841308464,0.01974735474120183,0.0656114329166166,95.5,98.75,100.0,100.0,95.5,100.0,100.0
champion,14,cross_xy,legacy_stress,7,26679,1,1,400,70.36339513402292,0.05907860567340917,0.19685971835900007,77.5,85.75,100.0,100.0,77.5,100.0,100.0
champion,14,cross_xy,legacy_stress,7,26679,1,2,400,76.65190352202035,0.01237783375285392,0.04183761226027616,93.0,100.0,100.0,100.0,93.0,100.0,100.0
champion,14,cross_xy,legacy_stress,7,26679,1,3,400,71.68255216398038,0.04476979015391629,0.15049280344372085,75.5,92.75,100.0,100.0,75.5,100.0,100.0
champion,14,cross_xy,legacy_stress,7,26679,1,4,400,68.3095762888412,0.0814287915265022,0.2674246724872636,74.25,79.5,100.0,100.0,74.25,100.0,100.0
champion,14,cross_xy,legacy_stress,7,26679,2,0,400,77.60399739380887,0.013322623371889124,0.04462590521275836,100.0,100.0,100.0,100.0,100.0,100.0,100.0
champion,14,cross_xy,legacy_stress,7,26679,2,1,400,77.56529525145287,0.011850004246638322,0.04009579420263597,100.0,100.0,100.0,100.0,100.0,100.0,100.0
champion,14,cross_xy,legacy_stress,7,26679,2,2,400,69.05721525341679,0.0468197881069424,0.15528898655385182,50.5,98.25,100.0,100.0,50.5,100.0,100.0
champion,14,cross_xy,legacy_stress,7,26679,2,3,400,66.69799436117927,0.06352150810914642,0.21200088691307792,45.75,90.0,100.0,100.0,45.75,100.0,100.0
champion,14,cross_xy,legacy_stress,7,26679,2,4,400,73.3915385930188,0.030239884631492603,0.09820192669584828,83.25,94.0,100.0,100.0,83.25,100.0,100.0
champion,14,cross_xy,legacy_stress,7,26679,3,0,400,70.7963711346002,0.039089102207359054,0.12930624717642764,68.0,99.75,100.0,100.0,68.0,100.0,100.0
champion,14,cross_xy,legacy_stress,7,26679,3,1,400,72.31061923924311,0.041980492081926515,0.14423941760871992,82.5,91.5,100.0,100.0,82.5,100.0,100.0
champion,14,cross_xy,legacy_stress,7,26679,3,2,400,68.14088762310239,0.06807262621572056,0.22885457979811194,67.0,86.0,100.0,100.0,67.0,100.0,100.0
champion,14,cross_xy,legacy_stress,7,26679,3,3,400,71.8012605871167,0.04074720214510126,0.1361883392660965,72.25,98.25,100.0,100.0,72.25,100.0,100.0
champion,14,cross_xy,legacy_stress,7,26679,3,4,400,67.1269485868932,0.08934997503200005,0.2986513858863256,69.75,78.0,100.0,99.75,69.75,100.0,100.0
champion,14,cross_xy,legacy_stress,7,26679,4,0,400,71.80229383293339,0.036729784119924135,0.12214743290252443,70.75,100.0,100.0,100.0,70.75,100.0,100.0
champion,14,cross_xy,legacy_stress,7,26679,4,1,400,70.02849926243879,0.06936787163453229,0.2320595671185157,77.75,84.25,100.0,100.0,77.75,100.0,100.0
champion,14,cross_xy,legacy_stress,7,26679,4,2,400,63.081727028375454,0.09894989158721115,0.3311710627106503,46.25,80.0,100.0,100.0,46.25,100.0,100.0
champion,14,cross_xy,legacy_stress,7,26679,4,3,400,69.11311653215799,0.053731850991603415,0.1763201591432733,67.25,92.5,100.0,100.0,67.25,100.0,100.0
champion,14,cross_xy,legacy_stress,7,26679,4,4,400,77.32107477915535,0.015728458110074218,0.05293809827047948,98.5,100.0,100.0,100.0,98.5,100.0,100.0
champion,14,cross_xy,legacy_stress,3,26291,0,0,400,77.55288790520895,0.014811084445352148,0.049971043300834815,100.0,100.0,100.0,100.0,100.0,100.0,100.0
champion,14,cross_xy,legacy_stress,3,26291,0,1,400,71.88757532935671,0.02995985110191289,0.10173358486975813,68.25,100.0,100.0,99.75,68.25,100.0,100.0
champion,14,cross_xy,legacy_stress,3,26291,0,2,400,75.90088965942388,0.014719566988008283,0.0506388975098462,92.25,100.0,100.0,100.0,92.25,100.0,100.0
champion,14,cross_xy,legacy_stress,3,26291,0,3,400,76.84534661170136,0.011082403961811801,0.038185340445717156,96.25,100.0,100.0,100.0,96.25,100.0,100.0
champion,14,cross_xy,legacy_stress,3,26291,0,4,400,71.39138597701269,0.045251329634746165,0.15293091135822723,76.25,94.5,100.0,100.0,76.25,100.0,100.0
champion,14,cross_xy,legacy_stress,3,26291,1,0,400,77.48143327906179,0.01479772874406219,0.049694868738161056,100.0,100.0,100.0,100.0,100.0,100.0,100.0
champion,14,cross_xy,legacy_stress,3,26291,1,1,400,70.57734274120963,0.0389826600534143,0.133847449761371,52.25,100.0,100.0,100.0,52.25,100.0,100.0
champion,14,cross_xy,legacy_stress,3,26291,1,2,400,77.25597507982286,0.009396395432556026,0.032014940012357364,98.5,100.0,100.0,100.0,98.5,100.0,100.0
champion,14,cross_xy,legacy_stress,3,26291,1,3,400,77.53366489431865,0.009456604446257424,0.032064213132286884,100.0,100.0,100.0,100.0,100.0,100.0,100.0
champion,14,cross_xy,legacy_stress,3,26291,1,4,400,67.54687320286979,0.065527983195968,0.2179607699979761,59.5,90.0,100.0,100.0,59.5,100.0,100.0
champion,14,cross_xy,legacy_stress,3,26291,2,0,400,63.363897832525524,0.10622833049543402,0.356388738434875,56.75,74.25,100.0,100.0,56.75,100.0,100.0
champion,14,cross_xy,legacy_stress,3,26291,2,1,400,75.39998712921455,0.017689347939043087,0.05977034821311525,86.75,100.0,100.0,100.0,86.75,100.0,100.0
champion,14,cross_xy,legacy_stress,3,26291,2,2,400,66.49073174391027,0.0706002528218016,0.232747971850443,47.5,91.75,100.0,100.0,47.5,100.0,100.0
champion,14,cross_xy,legacy_stress,3,26291,2,3,400,77.13712597711636,0.013121192766145926,0.044499649870275236,98.25,100.0,100.0,100.0,98.25,100.0,100.0
champion,14,cross_xy,legacy_stress,3,26291,2,4,400,77.43008434846266,0.010360988535080759,0.03512360660544103,100.0,100.0,100.0,100.0,100.0,100.0,100.0
champion,14,cross_xy,legacy_stress,3,26291,3,0,400,66.06211596571364,0.09749789043723478,0.3232612008019423,64.5,75.5,100.0,100.0,64.5,100.0,100.0
champion,14,cross_xy,legacy_stress,3,26291,3,1,400,52.70809234736132,0.19597921897585976,0.6482647726137942,24.0,47.5,100.0,100.0,24.0,100.0,100.0
champion,14,cross_xy,legacy_stress,3,26291,3,2,400,69.28031304351116,0.064203097852038,0.21482614274161624,63.74999999999999,89.5,100.0,100.0,63.74999999999999,100.0,100.0
champion,14,cross_xy,legacy_stress,3,26291,3,3,400,71.59607131770719,0.037470161188964034,0.12630306593032178,62.25000000000001,100.0,100.0,100.0,62.25000000000001,100.0,100.0
champion,14,cross_xy,legacy_stress,3,26291,3,4,400,71.14205329358023,0.03966441102338079,0.13333007124673543,62.5,100.0,100.0,100.0,62.5,100.0,100.0
champion,14,cross_xy,legacy_stress,3,26291,4,0,400,71.83294342532812,0.051743081381823916,0.1713215346011283,79.75,90.0,100.0,100.0,79.75,100.0,100.0
champion,14,cross_xy,legacy_stress,3,26291,4,1,400,69.20179417323399,0.06821899431673771,0.22649610309653098,71.0,83.5,100.0,100.0,71.0,100.0,100.0
champion,14,cross_xy,legacy_stress,3,26291,4,2,400,61.19423997135154,0.1361350782046476,0.45146717947241544,49.75,66.0,100.0,100.0,49.75,100.0,100.0
champion,14,cross_xy,legacy_stress,3,26291,4,3,400,77.29384825154415,0.01284741971831571,0.04355501589354986,98.5,100.0,100.0,100.0,98.5,100.0,100.0
champion,14,cross_xy,legacy_stress,3,26291,4,4,400,77.48296157507995,0.011230278788589928,0.03794054360417777,100.0,100.0,100.0,100.0,100.0,100.0,100.0
champion,14,cross_xy,legacy_stress,2,26194,0,0,400,61.9394256165869,0.11230743278615904,0.36720766921052617,50.0,76.5,100.0,100.0,50.0,100.0,100.0
champion,14,cross_xy,legacy_stress,2,26194,0,1,400,61.468130817115714,0.12296951197749177,0.3989411647960131,41.75,70.25,100.0,100.0,41.75,100.0,100.0
champion,14,cross_xy,legacy_stress,2,26194,0,2,400,74.50748942017441,0.024637910788858148,0.08287421140493008,80.25,100.0,100.0,100.0,80.25,100.0,100.0
champion,14,cross_xy,legacy_stress,2,26194,0,3,400,71.73752866855857,0.0386876768234566,0.12851226660250326,66.75,98.0,100.0,100.0,66.75,100.0,100.0
champion,14,cross_xy,legacy_stress,2,26194,0,4,400,54.397182585267466,0.18527817459589627,0.6034265033848673,32.75,50.5,100.0,100.0,32.75,100.0,100.0
champion,14,cross_xy,legacy_stress,2,26194,1,0,400,57.22100885682475,0.17050799339284442,0.5567819937168068,43.0,55.75,100.0,100.0,43.0,100.0,100.0
champion,14,cross_xy,legacy_stress,2,26194,1,1,400,72.89076997937788,0.04347512407998716,0.14299626748486496,84.5,90.75,100.0,100.0,84.5,100.0,100.0
champion,14,cross_xy,legacy_stress,2,26194,1,2,400,77.58717815800388,0.010958271070158041,0.03739550188986272,100.0,100.0,100.0,100.0,100.0,100.0,100.0
champion,14,cross_xy,legacy_stress,2,26194,1,3,400,70.43630497820902,0.05254821410746325,0.17554364670726524,67.5,92.5,100.0,100.0,67.5,100.0,100.0
champion,14,cross_xy,legacy_stress,2,26194,1,4,400,66.22415149888977,0.07364913305203542,0.2411571155444773,54.25,89.5,100.0,100.0,54.25,100.0,100.0
champion,14,cross_xy,legacy_stress,2,26194,2,0,400,73.80525899947344,0.038623898628631394,0.13209627893088866,87.25,93.75,100.0,100.0,87.25,100.0,100.0
champion,14,cross_xy,legacy_stress,2,26194,2,1,400,77.60309378774068,0.00951384272476982,0.03214639632711819,99.75,100.0,100.0,100.0,99.75,100.0,100.0
champion,14,cross_xy,legacy_stress,2,26194,2,2,400,76.68248516068446,0.0111085185770834,0.03837466836157722,94.5,100.0,100.0,100.0,94.5,100.0,100.0
champion,14,cross_xy,legacy_stress,2,26194,2,3,400,76.03957272046411,0.015908126856069404,0.05363257763582675,91.25,100.0,100.0,100.0,91.25,100.0,100.0
champion,14,cross_xy,legacy_stress,2,26194,2,4,400,74.98127662493025,0.017076779254457865,0.0590893076429325,87.25,100.0,100.0,100.0,87.25,100.0,100.0
champion,14,cross_xy,legacy_stress,2,26194,3,0,400,57.77331416122072,0.1617529499515166,0.5427454055680576,38.5,56.25,100.0,100.0,38.5,100.0,100.0
champion,14,cross_xy,legacy_stress,2,26194,3,1,400,73.09027035401147,0.03229311553377752,0.11090371809397062,84.75,93.75,100.0,99.75,84.75,100.0,100.0
champion,14,cross_xy,legacy_stress,2,26194,3,2,400,77.4454185380267,0.00833242643031943,0.027909832891229377,99.5,100.0,100.0,100.0,99.5,100.0,100.0
champion,14,cross_xy,legacy_stress,2,26194,3,3,400,70.37947958432201,0.04182768070329633,0.14153605245963746,57.49999999999999,100.0,100.0,100.0,57.49999999999999,100.0,100.0
champion,14,cross_xy,legacy_stress,2,26194,3,4,400,77.4606239567599,0.011212449858769138,0.037828373528974446,100.0,100.0,100.0,100.0,100.0,100.0,100.0
champion,14,cross_xy,legacy_stress,2,26194,4,0,400,72.26214065670263,0.043828158727117615,0.14799505751445832,77.5,95.0,100.0,100.0,77.5,100.0,100.0
champion,14,cross_xy,legacy_stress,2,26194,4,1,400,67.27826897986739,0.07013367429461931,0.23080556056139742,55.00000000000001,89.75,100.0,99.75,55.00000000000001,100.0,100.0
champion,14,cross_xy,legacy_stress,2,26194,4,2,400,77.30696969538079,0.010578514411067719,0.03577462739752492,98.0,100.0,100.0,100.0,98.0,100.0,100.0
champion,14,cross_xy,legacy_stress,2,26194,4,3,400,74.26096259396382,0.025426584538085977,0.08614173428077145,84.75,100.0,100.0,100.0,84.75,100.0,100.0
champion,14,cross_xy,legacy_stress,2,26194,4,4,400,68.15156893636681,0.054848588814387096,0.1825246515534691,43.0,100.0,100.0,100.0,43.0,100.0,100.0
